!SESSION 2025-06-19 08:41:16.325 -----------------------------------------------
eclipse.buildId=4.19.0.I20210303-1800
java.version=11.0.27
java.vendor=Azul Systems, Inc.
BootLoader constants: OS=win32, ARCH=x86_64, WS=win32, NL=ko_KR
Framework arguments:  -product org.eclipse.epp.package.jee.product
Command-line arguments:  -os win32 -ws win32 -arch x86_64 -product org.eclipse.epp.package.jee.product

This is a continuation of log file C:\Work\06_Service\.metadata\.bak_5.log
Created Time: 2025-06-19 16:52:04.647

!ENTRY org.eclipse.lsp4e 4 0 2025-06-19 16:52:04.647
!MESSAGE java.util.concurrent.CancellationException
!STACK 0
java.util.concurrent.ExecutionException: java.util.concurrent.CancellationException
	at java.base/java.util.concurrent.CompletableFuture.reportGet(CompletableFuture.java:395)
	at java.base/java.util.concurrent.CompletableFuture.get(CompletableFuture.java:2028)
	at org.eclipse.lsp4e.LanguageServerWrapper.getServerCapabilities(LanguageServerWrapper.java:699)
	at org.eclipse.lsp4e.LanguageServiceAccessor.lambda$15(LanguageServiceAccessor.java:590)
	at java.base/java.util.concurrent.CompletableFuture$UniCompose.tryFire(CompletableFuture.java:1072)
	at java.base/java.util.concurrent.CompletableFuture$Completion.exec(CompletableFuture.java:479)
	at java.base/java.util.concurrent.ForkJoinTask.doExec(ForkJoinTask.java:290)
	at java.base/java.util.concurrent.ForkJoinPool$WorkQueue.topLevelExec(ForkJoinPool.java:1020)
	at java.base/java.util.concurrent.ForkJoinPool.scan(ForkJoinPool.java:1656)
	at java.base/java.util.concurrent.ForkJoinPool.runWorker(ForkJoinPool.java:1594)
	at java.base/java.util.concurrent.ForkJoinWorkerThread.run(ForkJoinWorkerThread.java:183)
Caused by: java.util.concurrent.CancellationException
	at java.base/java.util.concurrent.CompletableFuture.cancel(CompletableFuture.java:2402)
	at org.eclipse.lsp4e.LanguageServerWrapper.stop(LanguageServerWrapper.java:410)
	at org.eclipse.lsp4e.LanguageServerWrapper.start(LanguageServerWrapper.java:212)
	at org.eclipse.lsp4e.LanguageServerWrapper.getInitializedServer(LanguageServerWrapper.java:667)
	at org.eclipse.lsp4e.LanguageServiceAccessor.lambda$14(LanguageServiceAccessor.java:589)
	at java.base/java.util.stream.ReferencePipeline$3$1.accept(ReferencePipeline.java:195)
	at java.base/java.util.Iterator.forEachRemaining(Iterator.java:133)
	at java.base/java.util.Spliterators$IteratorSpliterator.forEachRemaining(Spliterators.java:1801)
	at java.base/java.util.stream.AbstractPipeline.copyInto(AbstractPipeline.java:484)
	at java.base/java.util.stream.AbstractPipeline.wrapAndCopyInto(AbstractPipeline.java:474)
	at java.base/java.util.stream.AbstractPipeline.evaluate(AbstractPipeline.java:550)
	at java.base/java.util.stream.AbstractPipeline.evaluateToArrayNode(AbstractPipeline.java:260)
	at java.base/java.util.stream.ReferencePipeline.toArray(ReferencePipeline.java:517)
	at org.eclipse.lsp4e.LanguageServiceAccessor.getLanguageServers(LanguageServiceAccessor.java:602)
	at org.eclipse.lsp4e.operations.codelens.CodeLensProvider.provideCodeMinings(CodeLensProvider.java:41)
	at org.eclipse.lsp4e.operations.codelens.CodeLensProvider.provideCodeMinings(CodeLensProvider.java:73)
	at org.eclipse.jface.internal.text.codemining.CodeMiningManager.lambda$2(CodeMiningManager.java:189)
	at java.base/java.util.stream.ReferencePipeline$3$1.accept(ReferencePipeline.java:195)
	at java.base/java.util.Spliterators$ArraySpliterator.forEachRemaining(Spliterators.java:948)
	at java.base/java.util.stream.AbstractPipeline.copyInto(AbstractPipeline.java:484)
	at java.base/java.util.stream.AbstractPipeline.wrapAndCopyInto(AbstractPipeline.java:474)
	at java.base/java.util.stream.ReduceOps$ReduceOp.evaluateSequential(ReduceOps.java:913)
	at java.base/java.util.stream.AbstractPipeline.evaluate(AbstractPipeline.java:234)
	at java.base/java.util.stream.ReferencePipeline.collect(ReferencePipeline.java:578)
	at org.eclipse.jface.internal.text.codemining.CodeMiningManager.getCodeMinings(CodeMiningManager.java:195)
	at org.eclipse.jface.internal.text.codemining.CodeMiningManager.updateCodeMinings(CodeMiningManager.java:140)
	at org.eclipse.jface.internal.text.codemining.CodeMiningManager.run(CodeMiningManager.java:129)
	at org.eclipse.jface.text.source.SourceViewer.updateCodeMinings(SourceViewer.java:1313)
	at org.springframework.tooling.ls.eclipse.commons.STS4LanguageClientImpl.lambda$9(STS4LanguageClientImpl.java:409)
	at org.springframework.tooling.jdt.ls.commons.classpath.ReusableClasspathListenerHandler$CallbackJob.lambda$0(ReusableClasspathListenerHandler.java:77)
	at java.base/java.lang.Iterable.forEach(Iterable.java:75)
	at org.springframework.tooling.jdt.ls.commons.classpath.ReusableClasspathListenerHandler$CallbackJob.run(ReusableClasspathListenerHandler.java:77)
	at org.eclipse.core.internal.jobs.Worker.run(Worker.java:63)

!ENTRY org.springframework.tooling.ls.eclipse.commons 1 0 2025-06-19 16:52:04.649
!MESSAGE Entering DelegatingStreamConnectionProvider()

!ENTRY org.springframework.tooling.ls.eclipse.commons 1 0 2025-06-19 16:52:04.650
!MESSAGE DelegatingStreamConnectionProvider classloader = org.eclipse.osgi.internal.loader.EquinoxClassLoader@56fdb4db[org.springframework.tooling.boot.ls:1.28.0.202109130547(id=1001)]

!ENTRY org.eclipse.lsp4e 4 0 2025-06-19 16:52:04.650
!MESSAGE org.eclipse.lsp4j.jsonrpc.JsonRpcException: java.io.IOException: 파이프가 닫히는 중입니다
!STACK 0
java.util.concurrent.ExecutionException: org.eclipse.lsp4j.jsonrpc.JsonRpcException: java.io.IOException: 파이프가 닫히는 중입니다
	at java.base/java.util.concurrent.CompletableFuture.reportGet(CompletableFuture.java:395)
	at java.base/java.util.concurrent.CompletableFuture.get(CompletableFuture.java:2028)
	at org.eclipse.lsp4e.LanguageServerWrapper.lambda$13(LanguageServerWrapper.java:425)
	at java.base/java.util.concurrent.CompletableFuture$AsyncRun.run(CompletableFuture.java:1736)
	at java.base/java.util.concurrent.CompletableFuture$AsyncRun.exec(CompletableFuture.java:1728)
	at java.base/java.util.concurrent.ForkJoinTask.doExec(ForkJoinTask.java:290)
	at java.base/java.util.concurrent.ForkJoinPool$WorkQueue.topLevelExec(ForkJoinPool.java:1020)
	at java.base/java.util.concurrent.ForkJoinPool.scan(ForkJoinPool.java:1656)
	at java.base/java.util.concurrent.ForkJoinPool.runWorker(ForkJoinPool.java:1594)
	at java.base/java.util.concurrent.ForkJoinWorkerThread.run(ForkJoinWorkerThread.java:183)
Caused by: org.eclipse.lsp4j.jsonrpc.JsonRpcException: java.io.IOException: 파이프가 닫히는 중입니다
	at org.eclipse.lsp4j.jsonrpc.json.StreamMessageConsumer.consume(StreamMessageConsumer.java:72)
	at org.eclipse.lsp4e.LanguageServerWrapper.lambda$4(LanguageServerWrapper.java:260)
	at org.eclipse.lsp4j.jsonrpc.RemoteEndpoint.request(RemoteEndpoint.java:161)
	at org.eclipse.lsp4j.jsonrpc.services.EndpointProxy.invoke(EndpointProxy.java:91)
	at com.sun.proxy.$Proxy66.shutdown(Unknown Source)
	at org.eclipse.lsp4e.LanguageServerWrapper.lambda$13(LanguageServerWrapper.java:423)
	... 7 more
Caused by: java.io.IOException: 파이프가 닫히는 중입니다
	at java.base/java.io.FileOutputStream.writeBytes(Native Method)
	at java.base/java.io.FileOutputStream.write(FileOutputStream.java:354)
	at java.base/java.io.BufferedOutputStream.flushBuffer(BufferedOutputStream.java:81)
	at java.base/java.io.BufferedOutputStream.flush(BufferedOutputStream.java:142)
	at org.eclipse.lsp4j.jsonrpc.json.StreamMessageConsumer.consume(StreamMessageConsumer.java:69)
	... 12 more

!ENTRY org.springframework.tooling.ls.eclipse.commons 1 0 2025-06-19 16:52:04.650
!MESSAGE DelegatingStreamConnectionProvider classloader = org.eclipse.osgi.internal.loader.EquinoxClassLoader@56fdb4db[org.springframework.tooling.boot.ls:1.28.0.202109130547(id=1001)]

!ENTRY org.springframework.tooling.ls.eclipse.commons 1 0 2025-06-19 16:52:04.651
!MESSAGE DelegatingStreamConnectionProvider classloader = org.eclipse.osgi.internal.loader.EquinoxClassLoader@56fdb4db[org.springframework.tooling.boot.ls:1.28.0.202109130547(id=1001)]

!ENTRY org.eclipse.lsp4e 4 0 2025-06-19 16:52:04.651
!MESSAGE org.eclipse.lsp4j.jsonrpc.JsonRpcException: java.io.IOException: 파이프가 닫히는 중입니다
!STACK 0
java.util.concurrent.ExecutionException: org.eclipse.lsp4j.jsonrpc.JsonRpcException: java.io.IOException: 파이프가 닫히는 중입니다
	at java.base/java.util.concurrent.CompletableFuture.reportGet(CompletableFuture.java:395)
	at java.base/java.util.concurrent.CompletableFuture.get(CompletableFuture.java:2028)
	at org.eclipse.lsp4e.LanguageServerWrapper.lambda$13(LanguageServerWrapper.java:425)
	at java.base/java.util.concurrent.CompletableFuture$AsyncRun.run(CompletableFuture.java:1736)
	at java.base/java.util.concurrent.CompletableFuture$AsyncRun.exec(CompletableFuture.java:1728)
	at java.base/java.util.concurrent.ForkJoinTask.doExec(ForkJoinTask.java:290)
	at java.base/java.util.concurrent.ForkJoinPool$WorkQueue.topLevelExec(ForkJoinPool.java:1020)
	at java.base/java.util.concurrent.ForkJoinPool.scan(ForkJoinPool.java:1656)
	at java.base/java.util.concurrent.ForkJoinPool.runWorker(ForkJoinPool.java:1594)
	at java.base/java.util.concurrent.ForkJoinWorkerThread.run(ForkJoinWorkerThread.java:183)
Caused by: org.eclipse.lsp4j.jsonrpc.JsonRpcException: java.io.IOException: 파이프가 닫히는 중입니다
	at org.eclipse.lsp4j.jsonrpc.json.StreamMessageConsumer.consume(StreamMessageConsumer.java:72)
	at org.eclipse.lsp4e.LanguageServerWrapper.lambda$4(LanguageServerWrapper.java:260)
	at org.eclipse.lsp4j.jsonrpc.RemoteEndpoint.request(RemoteEndpoint.java:161)
	at org.eclipse.lsp4j.jsonrpc.services.EndpointProxy.invoke(EndpointProxy.java:91)
	at com.sun.proxy.$Proxy66.shutdown(Unknown Source)
	at org.eclipse.lsp4e.LanguageServerWrapper.lambda$13(LanguageServerWrapper.java:423)
	... 7 more
Caused by: java.io.IOException: 파이프가 닫히는 중입니다
	at java.base/java.io.FileOutputStream.writeBytes(Native Method)
	at java.base/java.io.FileOutputStream.write(FileOutputStream.java:354)
	at java.base/java.io.BufferedOutputStream.flushBuffer(BufferedOutputStream.java:81)
	at java.base/java.io.BufferedOutputStream.flush(BufferedOutputStream.java:142)
	at org.eclipse.lsp4j.jsonrpc.json.StreamMessageConsumer.consume(StreamMessageConsumer.java:69)
	... 12 more

!ENTRY org.springframework.tooling.ls.eclipse.commons 1 0 2025-06-19 16:52:04.651
!MESSAGE Entering DelegatingStreamConnectionProvider()

!ENTRY org.eclipse.lsp4e 4 0 2025-06-19 16:52:04.651
!MESSAGE org.eclipse.lsp4j.jsonrpc.JsonRpcException: java.io.IOException: 파이프가 닫히는 중입니다
!STACK 0
java.util.concurrent.ExecutionException: org.eclipse.lsp4j.jsonrpc.JsonRpcException: java.io.IOException: 파이프가 닫히는 중입니다
	at java.base/java.util.concurrent.CompletableFuture.reportGet(CompletableFuture.java:395)
	at java.base/java.util.concurrent.CompletableFuture.get(CompletableFuture.java:2028)
	at org.eclipse.lsp4e.LanguageServerWrapper.lambda$13(LanguageServerWrapper.java:425)
	at java.base/java.util.concurrent.CompletableFuture$AsyncRun.run(CompletableFuture.java:1736)
	at java.base/java.util.concurrent.CompletableFuture$AsyncRun.exec(CompletableFuture.java:1728)
	at java.base/java.util.concurrent.ForkJoinTask.doExec(ForkJoinTask.java:290)
	at java.base/java.util.concurrent.ForkJoinPool$WorkQueue.topLevelExec(ForkJoinPool.java:1020)
	at java.base/java.util.concurrent.ForkJoinPool.scan(ForkJoinPool.java:1656)
	at java.base/java.util.concurrent.ForkJoinPool.runWorker(ForkJoinPool.java:1594)
	at java.base/java.util.concurrent.ForkJoinWorkerThread.run(ForkJoinWorkerThread.java:183)
Caused by: org.eclipse.lsp4j.jsonrpc.JsonRpcException: java.io.IOException: 파이프가 닫히는 중입니다
	at org.eclipse.lsp4j.jsonrpc.json.StreamMessageConsumer.consume(StreamMessageConsumer.java:72)
	at org.eclipse.lsp4e.LanguageServerWrapper.lambda$4(LanguageServerWrapper.java:260)
	at org.eclipse.lsp4j.jsonrpc.RemoteEndpoint.request(RemoteEndpoint.java:161)
	at org.eclipse.lsp4j.jsonrpc.services.EndpointProxy.invoke(EndpointProxy.java:91)
	at com.sun.proxy.$Proxy66.shutdown(Unknown Source)
	at org.eclipse.lsp4e.LanguageServerWrapper.lambda$13(LanguageServerWrapper.java:423)
	... 7 more
Caused by: java.io.IOException: 파이프가 닫히는 중입니다
	at java.base/java.io.FileOutputStream.writeBytes(Native Method)
	at java.base/java.io.FileOutputStream.write(FileOutputStream.java:354)
	at java.base/java.io.BufferedOutputStream.flushBuffer(BufferedOutputStream.java:81)
	at java.base/java.io.BufferedOutputStream.flush(BufferedOutputStream.java:142)
	at org.eclipse.lsp4j.jsonrpc.json.StreamMessageConsumer.consume(StreamMessageConsumer.java:69)
	... 12 more

!ENTRY org.springframework.tooling.ls.eclipse.commons 1 0 2025-06-19 16:52:04.652
!MESSAGE DelegatingStreamConnectionProvider classloader = org.eclipse.osgi.internal.loader.EquinoxClassLoader@56fdb4db[org.springframework.tooling.boot.ls:1.28.0.202109130547(id=1001)]

!ENTRY org.springframework.tooling.ls.eclipse.commons 1 0 2025-06-19 16:52:04.652
!MESSAGE Entering DelegatingStreamConnectionProvider()

!ENTRY org.eclipse.lsp4e 4 0 2025-06-19 16:52:04.652
!MESSAGE org.eclipse.lsp4j.jsonrpc.JsonRpcException: java.io.IOException: 파이프가 닫히는 중입니다
!STACK 0
java.util.concurrent.ExecutionException: org.eclipse.lsp4j.jsonrpc.JsonRpcException: java.io.IOException: 파이프가 닫히는 중입니다
	at java.base/java.util.concurrent.CompletableFuture.reportGet(CompletableFuture.java:395)
	at java.base/java.util.concurrent.CompletableFuture.get(CompletableFuture.java:2028)
	at org.eclipse.lsp4e.LanguageServerWrapper.lambda$13(LanguageServerWrapper.java:425)
	at java.base/java.util.concurrent.CompletableFuture$AsyncRun.run(CompletableFuture.java:1736)
	at java.base/java.util.concurrent.CompletableFuture$AsyncRun.exec(CompletableFuture.java:1728)
	at java.base/java.util.concurrent.ForkJoinTask.doExec(ForkJoinTask.java:290)
	at java.base/java.util.concurrent.ForkJoinPool$WorkQueue.topLevelExec(ForkJoinPool.java:1020)
	at java.base/java.util.concurrent.ForkJoinPool.scan(ForkJoinPool.java:1656)
	at java.base/java.util.concurrent.ForkJoinPool.runWorker(ForkJoinPool.java:1594)
	at java.base/java.util.concurrent.ForkJoinWorkerThread.run(ForkJoinWorkerThread.java:183)
Caused by: org.eclipse.lsp4j.jsonrpc.JsonRpcException: java.io.IOException: 파이프가 닫히는 중입니다
	at org.eclipse.lsp4j.jsonrpc.json.StreamMessageConsumer.consume(StreamMessageConsumer.java:72)
	at org.eclipse.lsp4e.LanguageServerWrapper.lambda$4(LanguageServerWrapper.java:260)
	at org.eclipse.lsp4j.jsonrpc.RemoteEndpoint.request(RemoteEndpoint.java:161)
	at org.eclipse.lsp4j.jsonrpc.services.EndpointProxy.invoke(EndpointProxy.java:91)
	at com.sun.proxy.$Proxy66.shutdown(Unknown Source)
	at org.eclipse.lsp4e.LanguageServerWrapper.lambda$13(LanguageServerWrapper.java:423)
	... 7 more
Caused by: java.io.IOException: 파이프가 닫히는 중입니다
	at java.base/java.io.FileOutputStream.writeBytes(Native Method)
	at java.base/java.io.FileOutputStream.write(FileOutputStream.java:354)
	at java.base/java.io.BufferedOutputStream.flushBuffer(BufferedOutputStream.java:81)
	at java.base/java.io.BufferedOutputStream.flush(BufferedOutputStream.java:142)
	at org.eclipse.lsp4j.jsonrpc.json.StreamMessageConsumer.consume(StreamMessageConsumer.java:69)
	... 12 more

!ENTRY org.springframework.tooling.ls.eclipse.commons 1 0 2025-06-19 16:52:04.652
!MESSAGE SpringBootLanguageServer exists!

!ENTRY org.springframework.tooling.ls.eclipse.commons 1 0 2025-06-19 16:52:04.652
!MESSAGE DelegatingStreamConnectionProvider classloader = org.eclipse.osgi.internal.loader.EquinoxClassLoader@56fdb4db[org.springframework.tooling.boot.ls:1.28.0.202109130547(id=1001)]

!ENTRY org.springframework.tooling.ls.eclipse.commons 1 0 2025-06-19 16:52:04.653
!MESSAGE DelegatingStreamConnectionProvider classloader = org.eclipse.osgi.internal.loader.EquinoxClassLoader@56fdb4db[org.springframework.tooling.boot.ls:1.28.0.202109130547(id=1001)]

!ENTRY org.springframework.tooling.ls.eclipse.commons 1 0 2025-06-19 16:52:04.653
!MESSAGE SpringBootLanguageServer exists!

!ENTRY org.eclipse.lsp4e 4 0 2025-06-19 16:52:04.653
!MESSAGE org.eclipse.lsp4j.jsonrpc.JsonRpcException: java.io.IOException: 파이프가 닫히는 중입니다
!STACK 0
java.util.concurrent.ExecutionException: org.eclipse.lsp4j.jsonrpc.JsonRpcException: java.io.IOException: 파이프가 닫히는 중입니다
	at java.base/java.util.concurrent.CompletableFuture.reportGet(CompletableFuture.java:395)
	at java.base/java.util.concurrent.CompletableFuture.get(CompletableFuture.java:2028)
	at org.eclipse.lsp4e.LanguageServerWrapper.lambda$13(LanguageServerWrapper.java:425)
	at java.base/java.util.concurrent.CompletableFuture$AsyncRun.run(CompletableFuture.java:1736)
	at java.base/java.util.concurrent.CompletableFuture$AsyncRun.exec(CompletableFuture.java:1728)
	at java.base/java.util.concurrent.ForkJoinTask.doExec(ForkJoinTask.java:290)
	at java.base/java.util.concurrent.ForkJoinPool$WorkQueue.topLevelExec(ForkJoinPool.java:1020)
	at java.base/java.util.concurrent.ForkJoinPool.scan(ForkJoinPool.java:1656)
	at java.base/java.util.concurrent.ForkJoinPool.runWorker(ForkJoinPool.java:1594)
	at java.base/java.util.concurrent.ForkJoinWorkerThread.run(ForkJoinWorkerThread.java:183)
Caused by: org.eclipse.lsp4j.jsonrpc.JsonRpcException: java.io.IOException: 파이프가 닫히는 중입니다
	at org.eclipse.lsp4j.jsonrpc.json.StreamMessageConsumer.consume(StreamMessageConsumer.java:72)
	at org.eclipse.lsp4e.LanguageServerWrapper.lambda$4(LanguageServerWrapper.java:260)
	at org.eclipse.lsp4j.jsonrpc.RemoteEndpoint.request(RemoteEndpoint.java:161)
	at org.eclipse.lsp4j.jsonrpc.services.EndpointProxy.invoke(EndpointProxy.java:91)
	at com.sun.proxy.$Proxy66.shutdown(Unknown Source)
	at org.eclipse.lsp4e.LanguageServerWrapper.lambda$13(LanguageServerWrapper.java:423)
	... 7 more
Caused by: java.io.IOException: 파이프가 닫히는 중입니다
	at java.base/java.io.FileOutputStream.writeBytes(Native Method)
	at java.base/java.io.FileOutputStream.write(FileOutputStream.java:354)
	at java.base/java.io.BufferedOutputStream.flushBuffer(BufferedOutputStream.java:81)
	at java.base/java.io.BufferedOutputStream.flush(BufferedOutputStream.java:142)
	at org.eclipse.lsp4j.jsonrpc.json.StreamMessageConsumer.consume(StreamMessageConsumer.java:69)
	... 12 more

!ENTRY org.springframework.tooling.ls.eclipse.commons 1 0 2025-06-19 16:52:04.654
!MESSAGE DelegatingStreamConnectionProvider classloader = org.eclipse.osgi.internal.loader.EquinoxClassLoader@56fdb4db[org.springframework.tooling.boot.ls:1.28.0.202109130547(id=1001)]

!ENTRY org.springframework.tooling.ls.eclipse.commons 1 0 2025-06-19 16:52:04.654
!MESSAGE SpringBootLanguageServer exists!

!ENTRY org.springframework.tooling.ls.eclipse.commons 1 0 2025-06-19 16:52:04.654
!MESSAGE Entering DelegatingStreamConnectionProvider()

!ENTRY org.springframework.tooling.ls.eclipse.commons 1 0 2025-06-19 16:52:04.654
!MESSAGE DelegatingStreamConnectionProvider classloader = org.eclipse.osgi.internal.loader.EquinoxClassLoader@56fdb4db[org.springframework.tooling.boot.ls:1.28.0.202109130547(id=1001)]

!ENTRY org.eclipse.lsp4e 4 0 2025-06-19 16:52:04.656
!MESSAGE org.eclipse.lsp4j.jsonrpc.JsonRpcException: java.io.IOException: 파이프가 닫히는 중입니다
!STACK 0
java.util.concurrent.ExecutionException: org.eclipse.lsp4j.jsonrpc.JsonRpcException: java.io.IOException: 파이프가 닫히는 중입니다
	at java.base/java.util.concurrent.CompletableFuture.reportGet(CompletableFuture.java:395)
	at java.base/java.util.concurrent.CompletableFuture.get(CompletableFuture.java:2028)
	at org.eclipse.lsp4e.LanguageServerWrapper.lambda$13(LanguageServerWrapper.java:425)
	at java.base/java.util.concurrent.CompletableFuture$AsyncRun.run(CompletableFuture.java:1736)
	at java.base/java.util.concurrent.CompletableFuture$AsyncRun.exec(CompletableFuture.java:1728)
	at java.base/java.util.concurrent.ForkJoinTask.doExec(ForkJoinTask.java:290)
	at java.base/java.util.concurrent.ForkJoinPool$WorkQueue.topLevelExec(ForkJoinPool.java:1020)
	at java.base/java.util.concurrent.ForkJoinPool.scan(ForkJoinPool.java:1656)
	at java.base/java.util.concurrent.ForkJoinPool.runWorker(ForkJoinPool.java:1594)
	at java.base/java.util.concurrent.ForkJoinWorkerThread.run(ForkJoinWorkerThread.java:183)
Caused by: org.eclipse.lsp4j.jsonrpc.JsonRpcException: java.io.IOException: 파이프가 닫히는 중입니다
	at org.eclipse.lsp4j.jsonrpc.json.StreamMessageConsumer.consume(StreamMessageConsumer.java:72)
	at org.eclipse.lsp4e.LanguageServerWrapper.lambda$4(LanguageServerWrapper.java:260)
	at org.eclipse.lsp4j.jsonrpc.RemoteEndpoint.request(RemoteEndpoint.java:161)
	at org.eclipse.lsp4j.jsonrpc.services.EndpointProxy.invoke(EndpointProxy.java:91)
	at com.sun.proxy.$Proxy66.shutdown(Unknown Source)
	at org.eclipse.lsp4e.LanguageServerWrapper.lambda$13(LanguageServerWrapper.java:423)
	... 7 more
Caused by: java.io.IOException: 파이프가 닫히는 중입니다
	at java.base/java.io.FileOutputStream.writeBytes(Native Method)
	at java.base/java.io.FileOutputStream.write(FileOutputStream.java:354)
	at java.base/java.io.BufferedOutputStream.flushBuffer(BufferedOutputStream.java:81)
	at java.base/java.io.BufferedOutputStream.flush(BufferedOutputStream.java:142)
	at org.eclipse.lsp4j.jsonrpc.json.StreamMessageConsumer.consume(StreamMessageConsumer.java:69)
	... 12 more

!ENTRY org.springframework.tooling.ls.eclipse.commons 1 0 2025-06-19 16:52:04.656
!MESSAGE SpringBootLanguageServer exists!

!ENTRY org.springframework.tooling.ls.eclipse.commons 1 0 2025-06-19 16:52:04.656
!MESSAGE Entering DelegatingStreamConnectionProvider()

!ENTRY org.springframework.tooling.ls.eclipse.commons 1 0 2025-06-19 16:52:04.656
!MESSAGE SpringBootLanguageServer exists!

!ENTRY org.springframework.tooling.ls.eclipse.commons 1 0 2025-06-19 16:52:04.656
!MESSAGE SpringBootLanguageServer exists!

!ENTRY org.springframework.tooling.ls.eclipse.commons 1 0 2025-06-19 16:52:04.657
!MESSAGE DelegatingStreamConnectionProvider classloader = org.eclipse.osgi.internal.loader.EquinoxClassLoader@56fdb4db[org.springframework.tooling.boot.ls:1.28.0.202109130547(id=1001)]

!ENTRY org.eclipse.lsp4e 4 0 2025-06-19 16:52:04.657
!MESSAGE org.eclipse.lsp4j.jsonrpc.JsonRpcException: java.io.IOException: 파이프가 닫히는 중입니다
!STACK 0
java.util.concurrent.ExecutionException: org.eclipse.lsp4j.jsonrpc.JsonRpcException: java.io.IOException: 파이프가 닫히는 중입니다
	at java.base/java.util.concurrent.CompletableFuture.reportGet(CompletableFuture.java:395)
	at java.base/java.util.concurrent.CompletableFuture.get(CompletableFuture.java:2028)
	at org.eclipse.lsp4e.LanguageServerWrapper.lambda$13(LanguageServerWrapper.java:425)
	at java.base/java.util.concurrent.CompletableFuture$AsyncRun.run(CompletableFuture.java:1736)
	at java.base/java.util.concurrent.CompletableFuture$AsyncRun.exec(CompletableFuture.java:1728)
	at java.base/java.util.concurrent.ForkJoinTask.doExec(ForkJoinTask.java:290)
	at java.base/java.util.concurrent.ForkJoinPool$WorkQueue.topLevelExec(ForkJoinPool.java:1020)
	at java.base/java.util.concurrent.ForkJoinPool.scan(ForkJoinPool.java:1656)
	at java.base/java.util.concurrent.ForkJoinPool.runWorker(ForkJoinPool.java:1594)
	at java.base/java.util.concurrent.ForkJoinWorkerThread.run(ForkJoinWorkerThread.java:183)
Caused by: org.eclipse.lsp4j.jsonrpc.JsonRpcException: java.io.IOException: 파이프가 닫히는 중입니다
	at org.eclipse.lsp4j.jsonrpc.json.StreamMessageConsumer.consume(StreamMessageConsumer.java:72)
	at org.eclipse.lsp4e.LanguageServerWrapper.lambda$4(LanguageServerWrapper.java:260)
	at org.eclipse.lsp4j.jsonrpc.RemoteEndpoint.request(RemoteEndpoint.java:161)
	at org.eclipse.lsp4j.jsonrpc.services.EndpointProxy.invoke(EndpointProxy.java:91)
	at com.sun.proxy.$Proxy66.shutdown(Unknown Source)
	at org.eclipse.lsp4e.LanguageServerWrapper.lambda$13(LanguageServerWrapper.java:423)
	... 7 more
Caused by: java.io.IOException: 파이프가 닫히는 중입니다
	at java.base/java.io.FileOutputStream.writeBytes(Native Method)
	at java.base/java.io.FileOutputStream.write(FileOutputStream.java:354)
	at java.base/java.io.BufferedOutputStream.flushBuffer(BufferedOutputStream.java:81)
	at java.base/java.io.BufferedOutputStream.flush(BufferedOutputStream.java:142)
	at org.eclipse.lsp4j.jsonrpc.json.StreamMessageConsumer.consume(StreamMessageConsumer.java:69)
	... 12 more

!ENTRY org.springframework.tooling.ls.eclipse.commons 1 0 2025-06-19 16:52:04.657
!MESSAGE SpringBootLanguageServer exists!

!ENTRY org.springframework.tooling.ls.eclipse.commons 1 0 2025-06-19 16:52:04.657
!MESSAGE DelegatingStreamConnectionProvider classloader = org.eclipse.osgi.internal.loader.EquinoxClassLoader@56fdb4db[org.springframework.tooling.boot.ls:1.28.0.202109130547(id=1001)]

!ENTRY org.eclipse.lsp4e 4 0 2025-06-19 16:52:04.658
!MESSAGE org.eclipse.lsp4j.jsonrpc.JsonRpcException: java.io.IOException: 파이프가 닫히는 중입니다
!STACK 0
java.util.concurrent.ExecutionException: org.eclipse.lsp4j.jsonrpc.JsonRpcException: java.io.IOException: 파이프가 닫히는 중입니다
	at java.base/java.util.concurrent.CompletableFuture.reportGet(CompletableFuture.java:395)
	at java.base/java.util.concurrent.CompletableFuture.get(CompletableFuture.java:2028)
	at org.eclipse.lsp4e.LanguageServerWrapper.lambda$13(LanguageServerWrapper.java:425)
	at java.base/java.util.concurrent.CompletableFuture$AsyncRun.run(CompletableFuture.java:1736)
	at java.base/java.util.concurrent.CompletableFuture$AsyncRun.exec(CompletableFuture.java:1728)
	at java.base/java.util.concurrent.ForkJoinTask.doExec(ForkJoinTask.java:290)
	at java.base/java.util.concurrent.ForkJoinPool$WorkQueue.topLevelExec(ForkJoinPool.java:1020)
	at java.base/java.util.concurrent.ForkJoinPool.scan(ForkJoinPool.java:1656)
	at java.base/java.util.concurrent.ForkJoinPool.runWorker(ForkJoinPool.java:1594)
	at java.base/java.util.concurrent.ForkJoinWorkerThread.run(ForkJoinWorkerThread.java:183)
Caused by: org.eclipse.lsp4j.jsonrpc.JsonRpcException: java.io.IOException: 파이프가 닫히는 중입니다
	at org.eclipse.lsp4j.jsonrpc.json.StreamMessageConsumer.consume(StreamMessageConsumer.java:72)
	at org.eclipse.lsp4e.LanguageServerWrapper.lambda$4(LanguageServerWrapper.java:260)
	at org.eclipse.lsp4j.jsonrpc.RemoteEndpoint.request(RemoteEndpoint.java:161)
	at org.eclipse.lsp4j.jsonrpc.services.EndpointProxy.invoke(EndpointProxy.java:91)
	at com.sun.proxy.$Proxy66.shutdown(Unknown Source)
	at org.eclipse.lsp4e.LanguageServerWrapper.lambda$13(LanguageServerWrapper.java:423)
	... 7 more
Caused by: java.io.IOException: 파이프가 닫히는 중입니다
	at java.base/java.io.FileOutputStream.writeBytes(Native Method)
	at java.base/java.io.FileOutputStream.write(FileOutputStream.java:354)
	at java.base/java.io.BufferedOutputStream.flushBuffer(BufferedOutputStream.java:81)
	at java.base/java.io.BufferedOutputStream.flush(BufferedOutputStream.java:142)
	at org.eclipse.lsp4j.jsonrpc.json.StreamMessageConsumer.consume(StreamMessageConsumer.java:69)
	... 12 more

!ENTRY org.springframework.tooling.ls.eclipse.commons 1 0 2025-06-19 16:52:04.658
!MESSAGE SpringBootLanguageServer exists!

!ENTRY org.springframework.tooling.ls.eclipse.commons 1 0 2025-06-19 16:52:04.658
!MESSAGE DelegatingStreamConnectionProvider classloader = org.eclipse.osgi.internal.loader.EquinoxClassLoader@56fdb4db[org.springframework.tooling.boot.ls:1.28.0.202109130547(id=1001)]

!ENTRY org.springframework.tooling.ls.eclipse.commons 1 0 2025-06-19 16:52:04.658
!MESSAGE Entering DelegatingStreamConnectionProvider()

!ENTRY org.springframework.tooling.ls.eclipse.commons 1 0 2025-06-19 16:52:04.658
!MESSAGE SpringBootLanguageServer exists!

!ENTRY org.springframework.tooling.ls.eclipse.commons 1 0 2025-06-19 16:52:04.660
!MESSAGE SpringBootLanguageServer exists!

!ENTRY org.springframework.tooling.ls.eclipse.commons 1 0 2025-06-19 16:52:04.660
!MESSAGE DelegatingStreamConnectionProvider classloader = org.eclipse.osgi.internal.loader.EquinoxClassLoader@56fdb4db[org.springframework.tooling.boot.ls:1.28.0.202109130547(id=1001)]

!ENTRY org.springframework.tooling.ls.eclipse.commons 1 0 2025-06-19 16:52:04.660
!MESSAGE SpringBootLanguageServer exists!

!ENTRY org.springframework.tooling.ls.eclipse.commons 1 0 2025-06-19 16:52:04.660
!MESSAGE Entering DelegatingStreamConnectionProvider()

!ENTRY org.springframework.tooling.ls.eclipse.commons 1 0 2025-06-19 16:52:04.661
!MESSAGE SpringBootLanguageServer exists!

!ENTRY org.eclipse.lsp4e 4 0 2025-06-19 16:52:04.661
!MESSAGE org.eclipse.lsp4j.jsonrpc.JsonRpcException: java.io.IOException: 파이프가 닫히는 중입니다
!STACK 0
java.util.concurrent.ExecutionException: org.eclipse.lsp4j.jsonrpc.JsonRpcException: java.io.IOException: 파이프가 닫히는 중입니다
	at java.base/java.util.concurrent.CompletableFuture.reportGet(CompletableFuture.java:395)
	at java.base/java.util.concurrent.CompletableFuture.get(CompletableFuture.java:2028)
	at org.eclipse.lsp4e.LanguageServerWrapper.lambda$13(LanguageServerWrapper.java:425)
	at java.base/java.util.concurrent.CompletableFuture$AsyncRun.run(CompletableFuture.java:1736)
	at java.base/java.util.concurrent.CompletableFuture$AsyncRun.exec(CompletableFuture.java:1728)
	at java.base/java.util.concurrent.ForkJoinTask.doExec(ForkJoinTask.java:290)
	at java.base/java.util.concurrent.ForkJoinPool$WorkQueue.topLevelExec(ForkJoinPool.java:1020)
	at java.base/java.util.concurrent.ForkJoinPool.scan(ForkJoinPool.java:1656)
	at java.base/java.util.concurrent.ForkJoinPool.runWorker(ForkJoinPool.java:1594)
	at java.base/java.util.concurrent.ForkJoinWorkerThread.run(ForkJoinWorkerThread.java:183)
Caused by: org.eclipse.lsp4j.jsonrpc.JsonRpcException: java.io.IOException: 파이프가 닫히는 중입니다
	at org.eclipse.lsp4j.jsonrpc.json.StreamMessageConsumer.consume(StreamMessageConsumer.java:72)
	at org.eclipse.lsp4e.LanguageServerWrapper.lambda$4(LanguageServerWrapper.java:260)
	at org.eclipse.lsp4j.jsonrpc.RemoteEndpoint.request(RemoteEndpoint.java:161)
	at org.eclipse.lsp4j.jsonrpc.services.EndpointProxy.invoke(EndpointProxy.java:91)
	at com.sun.proxy.$Proxy66.shutdown(Unknown Source)
	at org.eclipse.lsp4e.LanguageServerWrapper.lambda$13(LanguageServerWrapper.java:423)
	... 7 more
Caused by: java.io.IOException: 파이프가 닫히는 중입니다
	at java.base/java.io.FileOutputStream.writeBytes(Native Method)
	at java.base/java.io.FileOutputStream.write(FileOutputStream.java:354)
	at java.base/java.io.BufferedOutputStream.flushBuffer(BufferedOutputStream.java:81)
	at java.base/java.io.BufferedOutputStream.flush(BufferedOutputStream.java:142)
	at org.eclipse.lsp4j.jsonrpc.json.StreamMessageConsumer.consume(StreamMessageConsumer.java:69)
	... 12 more

!ENTRY org.springframework.tooling.ls.eclipse.commons 1 0 2025-06-19 16:52:04.661
!MESSAGE Entering DelegatingStreamConnectionProvider()

!ENTRY org.springframework.tooling.ls.eclipse.commons 1 0 2025-06-19 16:52:04.661
!MESSAGE DelegatingStreamConnectionProvider classloader = org.eclipse.osgi.internal.loader.EquinoxClassLoader@56fdb4db[org.springframework.tooling.boot.ls:1.28.0.202109130547(id=1001)]

!ENTRY org.eclipse.lsp4e 4 0 2025-06-19 16:52:04.661
!MESSAGE org.eclipse.lsp4j.jsonrpc.JsonRpcException: java.io.IOException: 파이프가 닫히는 중입니다
!STACK 0
java.util.concurrent.ExecutionException: org.eclipse.lsp4j.jsonrpc.JsonRpcException: java.io.IOException: 파이프가 닫히는 중입니다
	at java.base/java.util.concurrent.CompletableFuture.reportGet(CompletableFuture.java:395)
	at java.base/java.util.concurrent.CompletableFuture.get(CompletableFuture.java:2028)
	at org.eclipse.lsp4e.LanguageServerWrapper.lambda$13(LanguageServerWrapper.java:425)
	at java.base/java.util.concurrent.CompletableFuture$AsyncRun.run(CompletableFuture.java:1736)
	at java.base/java.util.concurrent.CompletableFuture$AsyncRun.exec(CompletableFuture.java:1728)
	at java.base/java.util.concurrent.ForkJoinTask.doExec(ForkJoinTask.java:290)
	at java.base/java.util.concurrent.ForkJoinPool$WorkQueue.topLevelExec(ForkJoinPool.java:1020)
	at java.base/java.util.concurrent.ForkJoinPool.scan(ForkJoinPool.java:1656)
	at java.base/java.util.concurrent.ForkJoinPool.runWorker(ForkJoinPool.java:1594)
	at java.base/java.util.concurrent.ForkJoinWorkerThread.run(ForkJoinWorkerThread.java:183)
Caused by: org.eclipse.lsp4j.jsonrpc.JsonRpcException: java.io.IOException: 파이프가 닫히는 중입니다
	at org.eclipse.lsp4j.jsonrpc.json.StreamMessageConsumer.consume(StreamMessageConsumer.java:72)
	at org.eclipse.lsp4e.LanguageServerWrapper.lambda$4(LanguageServerWrapper.java:260)
	at org.eclipse.lsp4j.jsonrpc.RemoteEndpoint.request(RemoteEndpoint.java:161)
	at org.eclipse.lsp4j.jsonrpc.services.EndpointProxy.invoke(EndpointProxy.java:91)
	at com.sun.proxy.$Proxy66.shutdown(Unknown Source)
	at org.eclipse.lsp4e.LanguageServerWrapper.lambda$13(LanguageServerWrapper.java:423)
	... 7 more
Caused by: java.io.IOException: 파이프가 닫히는 중입니다
	at java.base/java.io.FileOutputStream.writeBytes(Native Method)
	at java.base/java.io.FileOutputStream.write(FileOutputStream.java:354)
	at java.base/java.io.BufferedOutputStream.flushBuffer(BufferedOutputStream.java:81)
	at java.base/java.io.BufferedOutputStream.flush(BufferedOutputStream.java:142)
	at org.eclipse.lsp4j.jsonrpc.json.StreamMessageConsumer.consume(StreamMessageConsumer.java:69)
	... 12 more

!ENTRY org.springframework.tooling.ls.eclipse.commons 1 0 2025-06-19 16:52:04.662
!MESSAGE SpringBootLanguageServer exists!

!ENTRY org.eclipse.lsp4e 4 0 2025-06-19 16:52:04.662
!MESSAGE org.eclipse.lsp4j.jsonrpc.JsonRpcException: java.io.IOException: 파이프가 닫히는 중입니다
!STACK 0
java.util.concurrent.ExecutionException: org.eclipse.lsp4j.jsonrpc.JsonRpcException: java.io.IOException: 파이프가 닫히는 중입니다
	at java.base/java.util.concurrent.CompletableFuture.reportGet(CompletableFuture.java:395)
	at java.base/java.util.concurrent.CompletableFuture.get(CompletableFuture.java:2028)
	at org.eclipse.lsp4e.LanguageServerWrapper.lambda$13(LanguageServerWrapper.java:425)
	at java.base/java.util.concurrent.CompletableFuture$AsyncRun.run(CompletableFuture.java:1736)
	at java.base/java.util.concurrent.CompletableFuture$AsyncRun.exec(CompletableFuture.java:1728)
	at java.base/java.util.concurrent.ForkJoinTask.doExec(ForkJoinTask.java:290)
	at java.base/java.util.concurrent.ForkJoinPool$WorkQueue.topLevelExec(ForkJoinPool.java:1020)
	at java.base/java.util.concurrent.ForkJoinPool.scan(ForkJoinPool.java:1656)
	at java.base/java.util.concurrent.ForkJoinPool.runWorker(ForkJoinPool.java:1594)
	at java.base/java.util.concurrent.ForkJoinWorkerThread.run(ForkJoinWorkerThread.java:183)
Caused by: org.eclipse.lsp4j.jsonrpc.JsonRpcException: java.io.IOException: 파이프가 닫히는 중입니다
	at org.eclipse.lsp4j.jsonrpc.json.StreamMessageConsumer.consume(StreamMessageConsumer.java:72)
	at org.eclipse.lsp4e.LanguageServerWrapper.lambda$4(LanguageServerWrapper.java:260)
	at org.eclipse.lsp4j.jsonrpc.RemoteEndpoint.request(RemoteEndpoint.java:161)
	at org.eclipse.lsp4j.jsonrpc.services.EndpointProxy.invoke(EndpointProxy.java:91)
	at com.sun.proxy.$Proxy66.shutdown(Unknown Source)
	at org.eclipse.lsp4e.LanguageServerWrapper.lambda$13(LanguageServerWrapper.java:423)
	... 7 more
Caused by: java.io.IOException: 파이프가 닫히는 중입니다
	at java.base/java.io.FileOutputStream.writeBytes(Native Method)
	at java.base/java.io.FileOutputStream.write(FileOutputStream.java:354)
	at java.base/java.io.BufferedOutputStream.flushBuffer(BufferedOutputStream.java:81)
	at java.base/java.io.BufferedOutputStream.flush(BufferedOutputStream.java:142)
	at org.eclipse.lsp4j.jsonrpc.json.StreamMessageConsumer.consume(StreamMessageConsumer.java:69)
	... 12 more

!ENTRY org.springframework.tooling.ls.eclipse.commons 1 0 2025-06-19 16:52:04.662
!MESSAGE SpringBootLanguageServer exists!

!ENTRY org.springframework.tooling.ls.eclipse.commons 1 0 2025-06-19 16:52:04.662
!MESSAGE Entering DelegatingStreamConnectionProvider()

!ENTRY org.springframework.tooling.ls.eclipse.commons 1 0 2025-06-19 16:52:04.663
!MESSAGE DelegatingStreamConnectionProvider classloader = org.eclipse.osgi.internal.loader.EquinoxClassLoader@56fdb4db[org.springframework.tooling.boot.ls:1.28.0.202109130547(id=1001)]

!ENTRY org.springframework.tooling.ls.eclipse.commons 1 0 2025-06-19 16:52:04.663
!MESSAGE DelegatingStreamConnectionProvider classloader = org.eclipse.osgi.internal.loader.EquinoxClassLoader@56fdb4db[org.springframework.tooling.boot.ls:1.28.0.202109130547(id=1001)]

!ENTRY org.eclipse.lsp4e 4 0 2025-06-19 16:52:04.663
!MESSAGE org.eclipse.lsp4j.jsonrpc.JsonRpcException: java.io.IOException: 파이프가 닫히는 중입니다
!STACK 0
java.util.concurrent.ExecutionException: org.eclipse.lsp4j.jsonrpc.JsonRpcException: java.io.IOException: 파이프가 닫히는 중입니다
	at java.base/java.util.concurrent.CompletableFuture.reportGet(CompletableFuture.java:395)
	at java.base/java.util.concurrent.CompletableFuture.get(CompletableFuture.java:2028)
	at org.eclipse.lsp4e.LanguageServerWrapper.lambda$13(LanguageServerWrapper.java:425)
	at java.base/java.util.concurrent.CompletableFuture$AsyncRun.run(CompletableFuture.java:1736)
	at java.base/java.util.concurrent.CompletableFuture$AsyncRun.exec(CompletableFuture.java:1728)
	at java.base/java.util.concurrent.ForkJoinTask.doExec(ForkJoinTask.java:290)
	at java.base/java.util.concurrent.ForkJoinPool$WorkQueue.topLevelExec(ForkJoinPool.java:1020)
	at java.base/java.util.concurrent.ForkJoinPool.scan(ForkJoinPool.java:1656)
	at java.base/java.util.concurrent.ForkJoinPool.runWorker(ForkJoinPool.java:1594)
	at java.base/java.util.concurrent.ForkJoinWorkerThread.run(ForkJoinWorkerThread.java:183)
Caused by: org.eclipse.lsp4j.jsonrpc.JsonRpcException: java.io.IOException: 파이프가 닫히는 중입니다
	at org.eclipse.lsp4j.jsonrpc.json.StreamMessageConsumer.consume(StreamMessageConsumer.java:72)
	at org.eclipse.lsp4e.LanguageServerWrapper.lambda$4(LanguageServerWrapper.java:260)
	at org.eclipse.lsp4j.jsonrpc.RemoteEndpoint.request(RemoteEndpoint.java:161)
	at org.eclipse.lsp4j.jsonrpc.services.EndpointProxy.invoke(EndpointProxy.java:91)
	at com.sun.proxy.$Proxy66.shutdown(Unknown Source)
	at org.eclipse.lsp4e.LanguageServerWrapper.lambda$13(LanguageServerWrapper.java:423)
	... 7 more
Caused by: java.io.IOException: 파이프가 닫히는 중입니다
	at java.base/java.io.FileOutputStream.writeBytes(Native Method)
	at java.base/java.io.FileOutputStream.write(FileOutputStream.java:354)
	at java.base/java.io.BufferedOutputStream.flushBuffer(BufferedOutputStream.java:81)
	at java.base/java.io.BufferedOutputStream.flush(BufferedOutputStream.java:142)
	at org.eclipse.lsp4j.jsonrpc.json.StreamMessageConsumer.consume(StreamMessageConsumer.java:69)
	... 12 more

!ENTRY org.springframework.tooling.ls.eclipse.commons 1 0 2025-06-19 16:52:04.663
!MESSAGE Entering DelegatingStreamConnectionProvider()

!ENTRY org.springframework.tooling.ls.eclipse.commons 1 0 2025-06-19 16:52:04.663
!MESSAGE SpringBootLanguageServer exists!

!ENTRY org.springframework.tooling.ls.eclipse.commons 1 0 2025-06-19 16:52:04.664
!MESSAGE SpringBootLanguageServer exists!

!ENTRY org.eclipse.lsp4e 4 0 2025-06-19 16:52:04.664
!MESSAGE org.eclipse.lsp4j.jsonrpc.JsonRpcException: java.io.IOException: 파이프가 닫히는 중입니다
!STACK 0
java.util.concurrent.ExecutionException: org.eclipse.lsp4j.jsonrpc.JsonRpcException: java.io.IOException: 파이프가 닫히는 중입니다
	at java.base/java.util.concurrent.CompletableFuture.reportGet(CompletableFuture.java:395)
	at java.base/java.util.concurrent.CompletableFuture.get(CompletableFuture.java:2028)
	at org.eclipse.lsp4e.LanguageServerWrapper.lambda$13(LanguageServerWrapper.java:425)
	at java.base/java.util.concurrent.CompletableFuture$AsyncRun.run(CompletableFuture.java:1736)
	at java.base/java.util.concurrent.CompletableFuture$AsyncRun.exec(CompletableFuture.java:1728)
	at java.base/java.util.concurrent.ForkJoinTask.doExec(ForkJoinTask.java:290)
	at java.base/java.util.concurrent.ForkJoinPool$WorkQueue.topLevelExec(ForkJoinPool.java:1020)
	at java.base/java.util.concurrent.ForkJoinPool.scan(ForkJoinPool.java:1656)
	at java.base/java.util.concurrent.ForkJoinPool.runWorker(ForkJoinPool.java:1594)
	at java.base/java.util.concurrent.ForkJoinWorkerThread.run(ForkJoinWorkerThread.java:183)
Caused by: org.eclipse.lsp4j.jsonrpc.JsonRpcException: java.io.IOException: 파이프가 닫히는 중입니다
	at org.eclipse.lsp4j.jsonrpc.json.StreamMessageConsumer.consume(StreamMessageConsumer.java:72)
	at org.eclipse.lsp4e.LanguageServerWrapper.lambda$4(LanguageServerWrapper.java:260)
	at org.eclipse.lsp4j.jsonrpc.RemoteEndpoint.request(RemoteEndpoint.java:161)
	at org.eclipse.lsp4j.jsonrpc.services.EndpointProxy.invoke(EndpointProxy.java:91)
	at com.sun.proxy.$Proxy66.shutdown(Unknown Source)
	at org.eclipse.lsp4e.LanguageServerWrapper.lambda$13(LanguageServerWrapper.java:423)
	... 7 more
Caused by: java.io.IOException: 파이프가 닫히는 중입니다
	at java.base/java.io.FileOutputStream.writeBytes(Native Method)
	at java.base/java.io.FileOutputStream.write(FileOutputStream.java:354)
	at java.base/java.io.BufferedOutputStream.flushBuffer(BufferedOutputStream.java:81)
	at java.base/java.io.BufferedOutputStream.flush(BufferedOutputStream.java:142)
	at org.eclipse.lsp4j.jsonrpc.json.StreamMessageConsumer.consume(StreamMessageConsumer.java:69)
	... 12 more

!ENTRY org.springframework.tooling.ls.eclipse.commons 1 0 2025-06-19 16:52:04.664
!MESSAGE Entering DelegatingStreamConnectionProvider()

!ENTRY org.springframework.tooling.ls.eclipse.commons 1 0 2025-06-19 16:52:04.664
!MESSAGE DelegatingStreamConnectionProvider classloader = org.eclipse.osgi.internal.loader.EquinoxClassLoader@56fdb4db[org.springframework.tooling.boot.ls:1.28.0.202109130547(id=1001)]

!ENTRY org.springframework.tooling.ls.eclipse.commons 1 0 2025-06-19 16:52:04.664
!MESSAGE Entering DelegatingStreamConnectionProvider()

!ENTRY org.springframework.tooling.ls.eclipse.commons 1 0 2025-06-19 16:52:04.665
!MESSAGE DelegatingStreamConnectionProvider classloader = org.eclipse.osgi.internal.loader.EquinoxClassLoader@56fdb4db[org.springframework.tooling.boot.ls:1.28.0.202109130547(id=1001)]

!ENTRY org.springframework.tooling.ls.eclipse.commons 1 0 2025-06-19 16:52:04.665
!MESSAGE SpringBootLanguageServer exists!

!ENTRY org.springframework.tooling.ls.eclipse.commons 1 0 2025-06-19 16:52:04.665
!MESSAGE DelegatingStreamConnectionProvider classloader = org.eclipse.osgi.internal.loader.EquinoxClassLoader@56fdb4db[org.springframework.tooling.boot.ls:1.28.0.202109130547(id=1001)]

!ENTRY org.springframework.tooling.ls.eclipse.commons 1 0 2025-06-19 16:52:04.665
!MESSAGE SpringBootLanguageServer exists!

!ENTRY org.springframework.tooling.ls.eclipse.commons 1 0 2025-06-19 16:52:04.665
!MESSAGE SpringBootLanguageServer exists!

!ENTRY org.eclipse.lsp4e 4 0 2025-06-19 16:52:04.665
!MESSAGE org.eclipse.lsp4j.jsonrpc.JsonRpcException: java.io.IOException: 파이프가 닫히는 중입니다
!STACK 0
java.util.concurrent.ExecutionException: org.eclipse.lsp4j.jsonrpc.JsonRpcException: java.io.IOException: 파이프가 닫히는 중입니다
	at java.base/java.util.concurrent.CompletableFuture.reportGet(CompletableFuture.java:395)
	at java.base/java.util.concurrent.CompletableFuture.get(CompletableFuture.java:2028)
	at org.eclipse.lsp4e.LanguageServerWrapper.lambda$13(LanguageServerWrapper.java:425)
	at java.base/java.util.concurrent.CompletableFuture$AsyncRun.run(CompletableFuture.java:1736)
	at java.base/java.util.concurrent.CompletableFuture$AsyncRun.exec(CompletableFuture.java:1728)
	at java.base/java.util.concurrent.ForkJoinTask.doExec(ForkJoinTask.java:290)
	at java.base/java.util.concurrent.ForkJoinPool$WorkQueue.topLevelExec(ForkJoinPool.java:1020)
	at java.base/java.util.concurrent.ForkJoinPool.scan(ForkJoinPool.java:1656)
	at java.base/java.util.concurrent.ForkJoinPool.runWorker(ForkJoinPool.java:1594)
	at java.base/java.util.concurrent.ForkJoinWorkerThread.run(ForkJoinWorkerThread.java:183)
Caused by: org.eclipse.lsp4j.jsonrpc.JsonRpcException: java.io.IOException: 파이프가 닫히는 중입니다
	at org.eclipse.lsp4j.jsonrpc.json.StreamMessageConsumer.consume(StreamMessageConsumer.java:72)
	at org.eclipse.lsp4e.LanguageServerWrapper.lambda$4(LanguageServerWrapper.java:260)
	at org.eclipse.lsp4j.jsonrpc.RemoteEndpoint.request(RemoteEndpoint.java:161)
	at org.eclipse.lsp4j.jsonrpc.services.EndpointProxy.invoke(EndpointProxy.java:91)
	at com.sun.proxy.$Proxy66.shutdown(Unknown Source)
	at org.eclipse.lsp4e.LanguageServerWrapper.lambda$13(LanguageServerWrapper.java:423)
	... 7 more
Caused by: java.io.IOException: 파이프가 닫히는 중입니다
	at java.base/java.io.FileOutputStream.writeBytes(Native Method)
	at java.base/java.io.FileOutputStream.write(FileOutputStream.java:354)
	at java.base/java.io.BufferedOutputStream.flushBuffer(BufferedOutputStream.java:81)
	at java.base/java.io.BufferedOutputStream.flush(BufferedOutputStream.java:142)
	at org.eclipse.lsp4j.jsonrpc.json.StreamMessageConsumer.consume(StreamMessageConsumer.java:69)
	... 12 more

!ENTRY org.springframework.tooling.ls.eclipse.commons 1 0 2025-06-19 16:52:04.666
!MESSAGE Entering DelegatingStreamConnectionProvider()

!ENTRY org.springframework.tooling.ls.eclipse.commons 1 0 2025-06-19 16:52:04.666
!MESSAGE DelegatingStreamConnectionProvider classloader = org.eclipse.osgi.internal.loader.EquinoxClassLoader@56fdb4db[org.springframework.tooling.boot.ls:1.28.0.202109130547(id=1001)]

!ENTRY org.springframework.tooling.ls.eclipse.commons 1 0 2025-06-19 16:52:04.666
!MESSAGE SpringBootLanguageServer exists!

!ENTRY org.eclipse.lsp4e 4 0 2025-06-19 16:52:04.666
!MESSAGE org.eclipse.lsp4j.jsonrpc.JsonRpcException: java.io.IOException: 파이프가 닫히는 중입니다
!STACK 0
java.util.concurrent.ExecutionException: org.eclipse.lsp4j.jsonrpc.JsonRpcException: java.io.IOException: 파이프가 닫히는 중입니다
	at java.base/java.util.concurrent.CompletableFuture.reportGet(CompletableFuture.java:395)
	at java.base/java.util.concurrent.CompletableFuture.get(CompletableFuture.java:2028)
	at org.eclipse.lsp4e.LanguageServerWrapper.lambda$13(LanguageServerWrapper.java:425)
	at java.base/java.util.concurrent.CompletableFuture$AsyncRun.run(CompletableFuture.java:1736)
	at java.base/java.util.concurrent.CompletableFuture$AsyncRun.exec(CompletableFuture.java:1728)
	at java.base/java.util.concurrent.ForkJoinTask.doExec(ForkJoinTask.java:290)
	at java.base/java.util.concurrent.ForkJoinPool$WorkQueue.topLevelExec(ForkJoinPool.java:1020)
	at java.base/java.util.concurrent.ForkJoinPool.scan(ForkJoinPool.java:1656)
	at java.base/java.util.concurrent.ForkJoinPool.runWorker(ForkJoinPool.java:1594)
	at java.base/java.util.concurrent.ForkJoinWorkerThread.run(ForkJoinWorkerThread.java:183)
Caused by: org.eclipse.lsp4j.jsonrpc.JsonRpcException: java.io.IOException: 파이프가 닫히는 중입니다
	at org.eclipse.lsp4j.jsonrpc.json.StreamMessageConsumer.consume(StreamMessageConsumer.java:72)
	at org.eclipse.lsp4e.LanguageServerWrapper.lambda$4(LanguageServerWrapper.java:260)
	at org.eclipse.lsp4j.jsonrpc.RemoteEndpoint.request(RemoteEndpoint.java:161)
	at org.eclipse.lsp4j.jsonrpc.services.EndpointProxy.invoke(EndpointProxy.java:91)
	at com.sun.proxy.$Proxy66.shutdown(Unknown Source)
	at org.eclipse.lsp4e.LanguageServerWrapper.lambda$13(LanguageServerWrapper.java:423)
	... 7 more
Caused by: java.io.IOException: 파이프가 닫히는 중입니다
	at java.base/java.io.FileOutputStream.writeBytes(Native Method)
	at java.base/java.io.FileOutputStream.write(FileOutputStream.java:354)
	at java.base/java.io.BufferedOutputStream.flushBuffer(BufferedOutputStream.java:81)
	at java.base/java.io.BufferedOutputStream.flush(BufferedOutputStream.java:142)
	at org.eclipse.lsp4j.jsonrpc.json.StreamMessageConsumer.consume(StreamMessageConsumer.java:69)
	... 12 more

!ENTRY org.springframework.tooling.ls.eclipse.commons 1 0 2025-06-19 16:52:04.666
!MESSAGE Entering DelegatingStreamConnectionProvider()

!ENTRY org.springframework.tooling.ls.eclipse.commons 1 0 2025-06-19 16:52:04.667
!MESSAGE DelegatingStreamConnectionProvider classloader = org.eclipse.osgi.internal.loader.EquinoxClassLoader@56fdb4db[org.springframework.tooling.boot.ls:1.28.0.202109130547(id=1001)]

!ENTRY org.springframework.tooling.ls.eclipse.commons 1 0 2025-06-19 16:52:04.667
!MESSAGE SpringBootLanguageServer exists!

!ENTRY org.springframework.tooling.ls.eclipse.commons 1 0 2025-06-19 16:52:05.683
!MESSAGE Boot LS startup time from start to initialized: 1023ms

!ENTRY org.springframework.tooling.ls.eclipse.commons 1 0 2025-06-19 16:52:05.748
!MESSAGE ClasspathListenerHandler addClasspathListener sts4.classpath.fmvoUbPQisBatched = true

!ENTRY org.springframework.tooling.ls.eclipse.commons 1 0 2025-06-19 16:52:05.748
!MESSAGE Setting up ClasspathListenerManager

!ENTRY org.springframework.tooling.ls.eclipse.commons 1 0 2025-06-19 16:52:05.748
!MESSAGE Scheduling initial event for all projects ...

!ENTRY org.springframework.tooling.ls.eclipse.commons 1 0 2025-06-19 16:52:05.748
!MESSAGE Scheduling initial event for all projects DONE

!ENTRY org.springframework.tooling.ls.eclipse.commons 1 0 2025-06-19 16:52:05.748
!MESSAGE exists = true open = true => deleted = false

!ENTRY org.springframework.tooling.ls.eclipse.commons 1 0 2025-06-19 16:52:05.749
!MESSAGE ClasspathListenerHandler addClasspathListener sts4.classpath.fmvoUbPQ => OK

!ENTRY org.springframework.tooling.ls.eclipse.commons 1 0 2025-06-19 16:52:05.749
!MESSAGE classpath=57 entries

!ENTRY org.springframework.tooling.ls.eclipse.commons 1 0 2025-06-19 16:52:05.750
!MESSAGE buffering callback sts4.classpath.fmvoUbPQ ServiceExam false 57

!ENTRY org.springframework.tooling.ls.eclipse.commons 1 0 2025-06-19 16:52:05.750
!MESSAGE executing callback sts4.classpath.fmvoUbPQ 1 batched events

!ENTRY org.springframework.tooling.ls.eclipse.commons 1 0 2025-06-19 16:52:05.945
!MESSAGE executing callback sts4.classpath.fmvoUbPQ SUCCESS [done]

!ENTRY org.eclipse.lsp4e 4 0 2025-06-19 16:52:05.949
!MESSAGE org.eclipse.lsp4j.jsonrpc.JsonRpcException: java.io.IOException: 파이프가 닫히는 중입니다
!STACK 0
java.util.concurrent.ExecutionException: org.eclipse.lsp4j.jsonrpc.JsonRpcException: java.io.IOException: 파이프가 닫히는 중입니다
	at java.base/java.util.concurrent.CompletableFuture.reportGet(CompletableFuture.java:395)
	at java.base/java.util.concurrent.CompletableFuture.get(CompletableFuture.java:2028)
	at org.eclipse.lsp4e.LanguageServerWrapper.lambda$13(LanguageServerWrapper.java:425)
	at java.base/java.util.concurrent.CompletableFuture$AsyncRun.run(CompletableFuture.java:1736)
	at java.base/java.util.concurrent.CompletableFuture$AsyncRun.exec(CompletableFuture.java:1728)
	at java.base/java.util.concurrent.ForkJoinTask.doExec(ForkJoinTask.java:290)
	at java.base/java.util.concurrent.ForkJoinPool$WorkQueue.topLevelExec(ForkJoinPool.java:1020)
	at java.base/java.util.concurrent.ForkJoinPool.scan(ForkJoinPool.java:1656)
	at java.base/java.util.concurrent.ForkJoinPool.runWorker(ForkJoinPool.java:1594)
	at java.base/java.util.concurrent.ForkJoinWorkerThread.run(ForkJoinWorkerThread.java:183)
Caused by: org.eclipse.lsp4j.jsonrpc.JsonRpcException: java.io.IOException: 파이프가 닫히는 중입니다
	at org.eclipse.lsp4j.jsonrpc.json.StreamMessageConsumer.consume(StreamMessageConsumer.java:72)
	at org.eclipse.lsp4e.LanguageServerWrapper.lambda$4(LanguageServerWrapper.java:260)
	at org.eclipse.lsp4j.jsonrpc.RemoteEndpoint.request(RemoteEndpoint.java:161)
	at org.eclipse.lsp4j.jsonrpc.services.EndpointProxy.invoke(EndpointProxy.java:91)
	at com.sun.proxy.$Proxy66.shutdown(Unknown Source)
	at org.eclipse.lsp4e.LanguageServerWrapper.lambda$13(LanguageServerWrapper.java:423)
	... 7 more
Caused by: java.io.IOException: 파이프가 닫히는 중입니다
	at java.base/java.io.FileOutputStream.writeBytes(Native Method)
	at java.base/java.io.FileOutputStream.write(FileOutputStream.java:354)
	at java.base/java.io.BufferedOutputStream.flushBuffer(BufferedOutputStream.java:81)
	at java.base/java.io.BufferedOutputStream.flush(BufferedOutputStream.java:142)
	at org.eclipse.lsp4j.jsonrpc.json.StreamMessageConsumer.consume(StreamMessageConsumer.java:69)
	... 12 more

!ENTRY org.eclipse.lsp4e 4 0 2025-06-19 16:52:05.950
!MESSAGE org.eclipse.lsp4j.jsonrpc.JsonRpcException: java.io.IOException: 파이프가 닫히는 중입니다
!STACK 0
java.util.concurrent.ExecutionException: org.eclipse.lsp4j.jsonrpc.JsonRpcException: java.io.IOException: 파이프가 닫히는 중입니다
	at java.base/java.util.concurrent.CompletableFuture.reportGet(CompletableFuture.java:395)
	at java.base/java.util.concurrent.CompletableFuture.get(CompletableFuture.java:2028)
	at org.eclipse.lsp4e.LanguageServerWrapper.lambda$13(LanguageServerWrapper.java:425)
	at java.base/java.util.concurrent.CompletableFuture$AsyncRun.run(CompletableFuture.java:1736)
	at java.base/java.util.concurrent.CompletableFuture$AsyncRun.exec(CompletableFuture.java:1728)
	at java.base/java.util.concurrent.ForkJoinTask.doExec(ForkJoinTask.java:290)
	at java.base/java.util.concurrent.ForkJoinPool$WorkQueue.topLevelExec(ForkJoinPool.java:1020)
	at java.base/java.util.concurrent.ForkJoinPool.scan(ForkJoinPool.java:1656)
	at java.base/java.util.concurrent.ForkJoinPool.runWorker(ForkJoinPool.java:1594)
	at java.base/java.util.concurrent.ForkJoinWorkerThread.run(ForkJoinWorkerThread.java:183)
Caused by: org.eclipse.lsp4j.jsonrpc.JsonRpcException: java.io.IOException: 파이프가 닫히는 중입니다
	at org.eclipse.lsp4j.jsonrpc.json.StreamMessageConsumer.consume(StreamMessageConsumer.java:72)
	at org.eclipse.lsp4e.LanguageServerWrapper.lambda$4(LanguageServerWrapper.java:260)
	at org.eclipse.lsp4j.jsonrpc.RemoteEndpoint.request(RemoteEndpoint.java:161)
	at org.eclipse.lsp4j.jsonrpc.services.EndpointProxy.invoke(EndpointProxy.java:91)
	at com.sun.proxy.$Proxy66.shutdown(Unknown Source)
	at org.eclipse.lsp4e.LanguageServerWrapper.lambda$13(LanguageServerWrapper.java:423)
	... 7 more
Caused by: java.io.IOException: 파이프가 닫히는 중입니다
	at java.base/java.io.FileOutputStream.writeBytes(Native Method)
	at java.base/java.io.FileOutputStream.write(FileOutputStream.java:354)
	at java.base/java.io.BufferedOutputStream.flushBuffer(BufferedOutputStream.java:81)
	at java.base/java.io.BufferedOutputStream.flush(BufferedOutputStream.java:142)
	at org.eclipse.lsp4j.jsonrpc.json.StreamMessageConsumer.consume(StreamMessageConsumer.java:69)
	... 12 more

!ENTRY org.eclipse.lsp4e 4 0 2025-06-19 16:52:05.950
!MESSAGE org.eclipse.lsp4j.jsonrpc.JsonRpcException: java.io.IOException: 파이프가 닫히는 중입니다
!STACK 0
java.util.concurrent.ExecutionException: org.eclipse.lsp4j.jsonrpc.JsonRpcException: java.io.IOException: 파이프가 닫히는 중입니다
	at java.base/java.util.concurrent.CompletableFuture.reportGet(CompletableFuture.java:395)
	at java.base/java.util.concurrent.CompletableFuture.get(CompletableFuture.java:2028)
	at org.eclipse.lsp4e.LanguageServerWrapper.lambda$13(LanguageServerWrapper.java:425)
	at java.base/java.util.concurrent.CompletableFuture$AsyncRun.run(CompletableFuture.java:1736)
	at java.base/java.util.concurrent.CompletableFuture$AsyncRun.exec(CompletableFuture.java:1728)
	at java.base/java.util.concurrent.ForkJoinTask.doExec(ForkJoinTask.java:290)
	at java.base/java.util.concurrent.ForkJoinPool$WorkQueue.topLevelExec(ForkJoinPool.java:1020)
	at java.base/java.util.concurrent.ForkJoinPool.scan(ForkJoinPool.java:1656)
	at java.base/java.util.concurrent.ForkJoinPool.runWorker(ForkJoinPool.java:1594)
	at java.base/java.util.concurrent.ForkJoinWorkerThread.run(ForkJoinWorkerThread.java:183)
Caused by: org.eclipse.lsp4j.jsonrpc.JsonRpcException: java.io.IOException: 파이프가 닫히는 중입니다
	at org.eclipse.lsp4j.jsonrpc.json.StreamMessageConsumer.consume(StreamMessageConsumer.java:72)
	at org.eclipse.lsp4e.LanguageServerWrapper.lambda$4(LanguageServerWrapper.java:260)
	at org.eclipse.lsp4j.jsonrpc.RemoteEndpoint.request(RemoteEndpoint.java:161)
	at org.eclipse.lsp4j.jsonrpc.services.EndpointProxy.invoke(EndpointProxy.java:91)
	at com.sun.proxy.$Proxy66.shutdown(Unknown Source)
	at org.eclipse.lsp4e.LanguageServerWrapper.lambda$13(LanguageServerWrapper.java:423)
	... 7 more
Caused by: java.io.IOException: 파이프가 닫히는 중입니다
	at java.base/java.io.FileOutputStream.writeBytes(Native Method)
	at java.base/java.io.FileOutputStream.write(FileOutputStream.java:354)
	at java.base/java.io.BufferedOutputStream.flushBuffer(BufferedOutputStream.java:81)
	at java.base/java.io.BufferedOutputStream.flush(BufferedOutputStream.java:142)
	at org.eclipse.lsp4j.jsonrpc.json.StreamMessageConsumer.consume(StreamMessageConsumer.java:69)
	... 12 more

!ENTRY org.eclipse.lsp4e 4 0 2025-06-19 16:52:05.950
!MESSAGE org.eclipse.lsp4j.jsonrpc.JsonRpcException: java.io.IOException: 파이프가 닫히는 중입니다
!STACK 0
java.util.concurrent.ExecutionException: org.eclipse.lsp4j.jsonrpc.JsonRpcException: java.io.IOException: 파이프가 닫히는 중입니다
	at java.base/java.util.concurrent.CompletableFuture.reportGet(CompletableFuture.java:395)
	at java.base/java.util.concurrent.CompletableFuture.get(CompletableFuture.java:2028)
	at org.eclipse.lsp4e.LanguageServerWrapper.lambda$13(LanguageServerWrapper.java:425)
	at java.base/java.util.concurrent.CompletableFuture$AsyncRun.run(CompletableFuture.java:1736)
	at java.base/java.util.concurrent.CompletableFuture$AsyncRun.exec(CompletableFuture.java:1728)
	at java.base/java.util.concurrent.ForkJoinTask.doExec(ForkJoinTask.java:290)
	at java.base/java.util.concurrent.ForkJoinPool$WorkQueue.topLevelExec(ForkJoinPool.java:1020)
	at java.base/java.util.concurrent.ForkJoinPool.scan(ForkJoinPool.java:1656)
	at java.base/java.util.concurrent.ForkJoinPool.runWorker(ForkJoinPool.java:1594)
	at java.base/java.util.concurrent.ForkJoinWorkerThread.run(ForkJoinWorkerThread.java:183)
Caused by: org.eclipse.lsp4j.jsonrpc.JsonRpcException: java.io.IOException: 파이프가 닫히는 중입니다
	at org.eclipse.lsp4j.jsonrpc.json.StreamMessageConsumer.consume(StreamMessageConsumer.java:72)
	at org.eclipse.lsp4e.LanguageServerWrapper.lambda$4(LanguageServerWrapper.java:260)
	at org.eclipse.lsp4j.jsonrpc.RemoteEndpoint.request(RemoteEndpoint.java:161)
	at org.eclipse.lsp4j.jsonrpc.services.EndpointProxy.invoke(EndpointProxy.java:91)
	at com.sun.proxy.$Proxy66.shutdown(Unknown Source)
	at org.eclipse.lsp4e.LanguageServerWrapper.lambda$13(LanguageServerWrapper.java:423)
	... 7 more
Caused by: java.io.IOException: 파이프가 닫히는 중입니다
	at java.base/java.io.FileOutputStream.writeBytes(Native Method)
	at java.base/java.io.FileOutputStream.write(FileOutputStream.java:354)
	at java.base/java.io.BufferedOutputStream.flushBuffer(BufferedOutputStream.java:81)
	at java.base/java.io.BufferedOutputStream.flush(BufferedOutputStream.java:142)
	at org.eclipse.lsp4j.jsonrpc.json.StreamMessageConsumer.consume(StreamMessageConsumer.java:69)
	... 12 more

!ENTRY org.eclipse.lsp4e 4 0 2025-06-19 16:52:05.950
!MESSAGE org.eclipse.lsp4j.jsonrpc.JsonRpcException: java.io.IOException: 파이프가 닫히는 중입니다
!STACK 0
java.util.concurrent.ExecutionException: org.eclipse.lsp4j.jsonrpc.JsonRpcException: java.io.IOException: 파이프가 닫히는 중입니다
	at java.base/java.util.concurrent.CompletableFuture.reportGet(CompletableFuture.java:395)
	at java.base/java.util.concurrent.CompletableFuture.get(CompletableFuture.java:2028)
	at org.eclipse.lsp4e.LanguageServerWrapper.lambda$13(LanguageServerWrapper.java:425)
	at java.base/java.util.concurrent.CompletableFuture$AsyncRun.run(CompletableFuture.java:1736)
	at java.base/java.util.concurrent.CompletableFuture$AsyncRun.exec(CompletableFuture.java:1728)
	at java.base/java.util.concurrent.ForkJoinTask.doExec(ForkJoinTask.java:290)
	at java.base/java.util.concurrent.ForkJoinPool$WorkQueue.topLevelExec(ForkJoinPool.java:1020)
	at java.base/java.util.concurrent.ForkJoinPool.scan(ForkJoinPool.java:1656)
	at java.base/java.util.concurrent.ForkJoinPool.runWorker(ForkJoinPool.java:1594)
	at java.base/java.util.concurrent.ForkJoinWorkerThread.run(ForkJoinWorkerThread.java:183)
Caused by: org.eclipse.lsp4j.jsonrpc.JsonRpcException: java.io.IOException: 파이프가 닫히는 중입니다
	at org.eclipse.lsp4j.jsonrpc.json.StreamMessageConsumer.consume(StreamMessageConsumer.java:72)
	at org.eclipse.lsp4e.LanguageServerWrapper.lambda$4(LanguageServerWrapper.java:260)
	at org.eclipse.lsp4j.jsonrpc.RemoteEndpoint.request(RemoteEndpoint.java:161)
	at org.eclipse.lsp4j.jsonrpc.services.EndpointProxy.invoke(EndpointProxy.java:91)
	at com.sun.proxy.$Proxy66.shutdown(Unknown Source)
	at org.eclipse.lsp4e.LanguageServerWrapper.lambda$13(LanguageServerWrapper.java:423)
	... 7 more
Caused by: java.io.IOException: 파이프가 닫히는 중입니다
	at java.base/java.io.FileOutputStream.writeBytes(Native Method)
	at java.base/java.io.FileOutputStream.write(FileOutputStream.java:354)
	at java.base/java.io.BufferedOutputStream.flushBuffer(BufferedOutputStream.java:81)
	at java.base/java.io.BufferedOutputStream.flush(BufferedOutputStream.java:142)
	at org.eclipse.lsp4j.jsonrpc.json.StreamMessageConsumer.consume(StreamMessageConsumer.java:69)
	... 12 more

!ENTRY org.eclipse.lsp4e 4 0 2025-06-19 16:52:05.950
!MESSAGE org.eclipse.lsp4j.jsonrpc.JsonRpcException: java.io.IOException: 파이프가 닫히는 중입니다
!STACK 0
java.util.concurrent.ExecutionException: org.eclipse.lsp4j.jsonrpc.JsonRpcException: java.io.IOException: 파이프가 닫히는 중입니다
	at java.base/java.util.concurrent.CompletableFuture.reportGet(CompletableFuture.java:395)
	at java.base/java.util.concurrent.CompletableFuture.get(CompletableFuture.java:2028)
	at org.eclipse.lsp4e.LanguageServerWrapper.lambda$13(LanguageServerWrapper.java:425)
	at java.base/java.util.concurrent.CompletableFuture$AsyncRun.run(CompletableFuture.java:1736)
	at java.base/java.util.concurrent.CompletableFuture$AsyncRun.exec(CompletableFuture.java:1728)
	at java.base/java.util.concurrent.ForkJoinTask.doExec(ForkJoinTask.java:290)
	at java.base/java.util.concurrent.ForkJoinPool$WorkQueue.topLevelExec(ForkJoinPool.java:1020)
	at java.base/java.util.concurrent.ForkJoinPool.scan(ForkJoinPool.java:1656)
	at java.base/java.util.concurrent.ForkJoinPool.runWorker(ForkJoinPool.java:1594)
	at java.base/java.util.concurrent.ForkJoinWorkerThread.run(ForkJoinWorkerThread.java:183)
Caused by: org.eclipse.lsp4j.jsonrpc.JsonRpcException: java.io.IOException: 파이프가 닫히는 중입니다
	at org.eclipse.lsp4j.jsonrpc.json.StreamMessageConsumer.consume(StreamMessageConsumer.java:72)
	at org.eclipse.lsp4e.LanguageServerWrapper.lambda$4(LanguageServerWrapper.java:260)
	at org.eclipse.lsp4j.jsonrpc.RemoteEndpoint.request(RemoteEndpoint.java:161)
	at org.eclipse.lsp4j.jsonrpc.services.EndpointProxy.invoke(EndpointProxy.java:91)
	at com.sun.proxy.$Proxy66.shutdown(Unknown Source)
	at org.eclipse.lsp4e.LanguageServerWrapper.lambda$13(LanguageServerWrapper.java:423)
	... 7 more
Caused by: java.io.IOException: 파이프가 닫히는 중입니다
	at java.base/java.io.FileOutputStream.writeBytes(Native Method)
	at java.base/java.io.FileOutputStream.write(FileOutputStream.java:354)
	at java.base/java.io.BufferedOutputStream.flushBuffer(BufferedOutputStream.java:81)
	at java.base/java.io.BufferedOutputStream.flush(BufferedOutputStream.java:142)
	at org.eclipse.lsp4j.jsonrpc.json.StreamMessageConsumer.consume(StreamMessageConsumer.java:69)
	... 12 more

!ENTRY org.springframework.tooling.ls.eclipse.commons 1 0 2025-06-19 16:52:05.950
!MESSAGE Entering DelegatingStreamConnectionProvider()

!ENTRY org.springframework.tooling.ls.eclipse.commons 1 0 2025-06-19 16:52:05.950
!MESSAGE Entering DelegatingStreamConnectionProvider()

!ENTRY org.eclipse.jface.text 4 0 2025-06-19 16:52:05.951
!MESSAGE org.eclipse.lsp4j.jsonrpc.JsonRpcException: java.io.IOException: 파이프가 닫히는 중입니다
!STACK 0
java.util.concurrent.CompletionException: org.eclipse.lsp4j.jsonrpc.JsonRpcException: java.io.IOException: 파이프가 닫히는 중입니다
	at java.base/java.util.concurrent.CompletableFuture.encodeRelay(CompletableFuture.java:367)
	at java.base/java.util.concurrent.CompletableFuture.completeRelay(CompletableFuture.java:376)
	at java.base/java.util.concurrent.CompletableFuture$UniCompose.tryFire(CompletableFuture.java:1074)
	at java.base/java.util.concurrent.CompletableFuture.postComplete(CompletableFuture.java:506)
	at java.base/java.util.concurrent.CompletableFuture$AsyncSupply.run(CompletableFuture.java:1705)
	at java.base/java.util.concurrent.CompletableFuture$AsyncSupply.exec(CompletableFuture.java:1692)
	at java.base/java.util.concurrent.ForkJoinTask.doExec(ForkJoinTask.java:290)
	at java.base/java.util.concurrent.ForkJoinPool$WorkQueue.topLevelExec(ForkJoinPool.java:1020)
	at java.base/java.util.concurrent.ForkJoinPool.scan(ForkJoinPool.java:1656)
	at java.base/java.util.concurrent.ForkJoinPool.runWorker(ForkJoinPool.java:1594)
	at java.base/java.util.concurrent.ForkJoinWorkerThread.run(ForkJoinWorkerThread.java:183)
Caused by: org.eclipse.lsp4j.jsonrpc.JsonRpcException: java.io.IOException: 파이프가 닫히는 중입니다
	at org.eclipse.lsp4j.jsonrpc.json.StreamMessageConsumer.consume(StreamMessageConsumer.java:72)
	at org.eclipse.lsp4e.LanguageServerWrapper.lambda$4(LanguageServerWrapper.java:260)
	at org.eclipse.lsp4j.jsonrpc.RemoteEndpoint.request(RemoteEndpoint.java:161)
	at org.eclipse.lsp4j.jsonrpc.services.EndpointProxy.invoke(EndpointProxy.java:91)
	at com.sun.proxy.$Proxy66.initialize(Unknown Source)
	at org.eclipse.lsp4e.LanguageServerWrapper.lambda$8(LanguageServerWrapper.java:359)
	at java.base/java.util.concurrent.CompletableFuture$UniCompose.tryFire(CompletableFuture.java:1072)
	... 8 more
Caused by: java.io.IOException: 파이프가 닫히는 중입니다
	at java.base/java.io.FileOutputStream.writeBytes(Native Method)
	at java.base/java.io.FileOutputStream.write(FileOutputStream.java:354)
	at java.base/java.io.BufferedOutputStream.flushBuffer(BufferedOutputStream.java:81)
	at java.base/java.io.BufferedOutputStream.flush(BufferedOutputStream.java:142)
	at org.eclipse.lsp4j.jsonrpc.json.StreamMessageConsumer.consume(StreamMessageConsumer.java:69)
	... 14 more

!ENTRY org.springframework.tooling.ls.eclipse.commons 1 0 2025-06-19 16:52:05.951
!MESSAGE Entering DelegatingStreamConnectionProvider()

!ENTRY org.eclipse.lsp4e 4 0 2025-06-19 16:52:05.951
!MESSAGE org.eclipse.lsp4j.jsonrpc.JsonRpcException: java.io.IOException: 파이프가 닫히는 중입니다
!STACK 0
java.util.concurrent.ExecutionException: org.eclipse.lsp4j.jsonrpc.JsonRpcException: java.io.IOException: 파이프가 닫히는 중입니다
	at java.base/java.util.concurrent.CompletableFuture.reportGet(CompletableFuture.java:395)
	at java.base/java.util.concurrent.CompletableFuture.get(CompletableFuture.java:2028)
	at org.eclipse.lsp4e.LanguageServerWrapper.lambda$13(LanguageServerWrapper.java:425)
	at java.base/java.util.concurrent.CompletableFuture$AsyncRun.run(CompletableFuture.java:1736)
	at java.base/java.util.concurrent.CompletableFuture$AsyncRun.exec(CompletableFuture.java:1728)
	at java.base/java.util.concurrent.ForkJoinTask.doExec(ForkJoinTask.java:290)
	at java.base/java.util.concurrent.ForkJoinPool$WorkQueue.topLevelExec(ForkJoinPool.java:1020)
	at java.base/java.util.concurrent.ForkJoinPool.scan(ForkJoinPool.java:1656)
	at java.base/java.util.concurrent.ForkJoinPool.runWorker(ForkJoinPool.java:1594)
	at java.base/java.util.concurrent.ForkJoinWorkerThread.run(ForkJoinWorkerThread.java:183)
Caused by: org.eclipse.lsp4j.jsonrpc.JsonRpcException: java.io.IOException: 파이프가 닫히는 중입니다
	at org.eclipse.lsp4j.jsonrpc.json.StreamMessageConsumer.consume(StreamMessageConsumer.java:72)
	at org.eclipse.lsp4e.LanguageServerWrapper.lambda$4(LanguageServerWrapper.java:260)
	at org.eclipse.lsp4j.jsonrpc.RemoteEndpoint.request(RemoteEndpoint.java:161)
	at org.eclipse.lsp4j.jsonrpc.services.EndpointProxy.invoke(EndpointProxy.java:91)
	at com.sun.proxy.$Proxy66.shutdown(Unknown Source)
	at org.eclipse.lsp4e.LanguageServerWrapper.lambda$13(LanguageServerWrapper.java:423)
	... 7 more
Caused by: java.io.IOException: 파이프가 닫히는 중입니다
	at java.base/java.io.FileOutputStream.writeBytes(Native Method)
	at java.base/java.io.FileOutputStream.write(FileOutputStream.java:354)
	at java.base/java.io.BufferedOutputStream.flushBuffer(BufferedOutputStream.java:81)
	at java.base/java.io.BufferedOutputStream.flush(BufferedOutputStream.java:142)
	at org.eclipse.lsp4j.jsonrpc.json.StreamMessageConsumer.consume(StreamMessageConsumer.java:69)
	... 12 more

!ENTRY org.eclipse.lsp4e 4 0 2025-06-19 16:52:05.951
!MESSAGE org.eclipse.lsp4j.jsonrpc.JsonRpcException: java.io.IOException: 파이프가 닫히는 중입니다
!STACK 0
java.util.concurrent.ExecutionException: org.eclipse.lsp4j.jsonrpc.JsonRpcException: java.io.IOException: 파이프가 닫히는 중입니다
	at java.base/java.util.concurrent.CompletableFuture.reportGet(CompletableFuture.java:395)
	at java.base/java.util.concurrent.CompletableFuture.get(CompletableFuture.java:2028)
	at org.eclipse.lsp4e.LanguageServerWrapper.lambda$13(LanguageServerWrapper.java:425)
	at java.base/java.util.concurrent.CompletableFuture$AsyncRun.run(CompletableFuture.java:1736)
	at java.base/java.util.concurrent.CompletableFuture$AsyncRun.exec(CompletableFuture.java:1728)
	at java.base/java.util.concurrent.ForkJoinTask.doExec(ForkJoinTask.java:290)
	at java.base/java.util.concurrent.ForkJoinPool$WorkQueue.topLevelExec(ForkJoinPool.java:1020)
	at java.base/java.util.concurrent.ForkJoinPool.scan(ForkJoinPool.java:1656)
	at java.base/java.util.concurrent.ForkJoinPool.runWorker(ForkJoinPool.java:1594)
	at java.base/java.util.concurrent.ForkJoinWorkerThread.run(ForkJoinWorkerThread.java:183)
Caused by: org.eclipse.lsp4j.jsonrpc.JsonRpcException: java.io.IOException: 파이프가 닫히는 중입니다
	at org.eclipse.lsp4j.jsonrpc.json.StreamMessageConsumer.consume(StreamMessageConsumer.java:72)
	at org.eclipse.lsp4e.LanguageServerWrapper.lambda$4(LanguageServerWrapper.java:260)
	at org.eclipse.lsp4j.jsonrpc.RemoteEndpoint.request(RemoteEndpoint.java:161)
	at org.eclipse.lsp4j.jsonrpc.services.EndpointProxy.invoke(EndpointProxy.java:91)
	at com.sun.proxy.$Proxy66.shutdown(Unknown Source)
	at org.eclipse.lsp4e.LanguageServerWrapper.lambda$13(LanguageServerWrapper.java:423)
	... 7 more
Caused by: java.io.IOException: 파이프가 닫히는 중입니다
	at java.base/java.io.FileOutputStream.writeBytes(Native Method)
	at java.base/java.io.FileOutputStream.write(FileOutputStream.java:354)
	at java.base/java.io.BufferedOutputStream.flushBuffer(BufferedOutputStream.java:81)
	at java.base/java.io.BufferedOutputStream.flush(BufferedOutputStream.java:142)
	at org.eclipse.lsp4j.jsonrpc.json.StreamMessageConsumer.consume(StreamMessageConsumer.java:69)
	... 12 more

!ENTRY org.springframework.tooling.ls.eclipse.commons 1 0 2025-06-19 16:52:05.952
!MESSAGE Entering DelegatingStreamConnectionProvider()

!ENTRY org.springframework.tooling.ls.eclipse.commons 1 0 2025-06-19 16:52:05.952
!MESSAGE DelegatingStreamConnectionProvider classloader = org.eclipse.osgi.internal.loader.EquinoxClassLoader@56fdb4db[org.springframework.tooling.boot.ls:1.28.0.202109130547(id=1001)]

!ENTRY org.springframework.tooling.ls.eclipse.commons 1 0 2025-06-19 16:52:05.952
!MESSAGE SpringBootLanguageServer exists!

!ENTRY org.springframework.tooling.ls.eclipse.commons 1 0 2025-06-19 16:52:05.952
!MESSAGE Entering DelegatingStreamConnectionProvider()

!ENTRY org.springframework.tooling.ls.eclipse.commons 1 0 2025-06-19 16:52:05.952
!MESSAGE Entering DelegatingStreamConnectionProvider()

!ENTRY org.eclipse.lsp4e 4 0 2025-06-19 16:52:05.953
!MESSAGE org.eclipse.lsp4j.jsonrpc.JsonRpcException: java.io.IOException: 파이프가 닫히는 중입니다
!STACK 0
java.util.concurrent.ExecutionException: org.eclipse.lsp4j.jsonrpc.JsonRpcException: java.io.IOException: 파이프가 닫히는 중입니다
	at java.base/java.util.concurrent.CompletableFuture.reportGet(CompletableFuture.java:395)
	at java.base/java.util.concurrent.CompletableFuture.get(CompletableFuture.java:2028)
	at org.eclipse.lsp4e.LanguageServerWrapper.lambda$13(LanguageServerWrapper.java:425)
	at java.base/java.util.concurrent.CompletableFuture$AsyncRun.run(CompletableFuture.java:1736)
	at java.base/java.util.concurrent.CompletableFuture$AsyncRun.exec(CompletableFuture.java:1728)
	at java.base/java.util.concurrent.ForkJoinTask.doExec(ForkJoinTask.java:290)
	at java.base/java.util.concurrent.ForkJoinPool$WorkQueue.topLevelExec(ForkJoinPool.java:1020)
	at java.base/java.util.concurrent.ForkJoinPool.scan(ForkJoinPool.java:1656)
	at java.base/java.util.concurrent.ForkJoinPool.runWorker(ForkJoinPool.java:1594)
	at java.base/java.util.concurrent.ForkJoinWorkerThread.run(ForkJoinWorkerThread.java:183)
Caused by: org.eclipse.lsp4j.jsonrpc.JsonRpcException: java.io.IOException: 파이프가 닫히는 중입니다
	at org.eclipse.lsp4j.jsonrpc.json.StreamMessageConsumer.consume(StreamMessageConsumer.java:72)
	at org.eclipse.lsp4e.LanguageServerWrapper.lambda$4(LanguageServerWrapper.java:260)
	at org.eclipse.lsp4j.jsonrpc.RemoteEndpoint.request(RemoteEndpoint.java:161)
	at org.eclipse.lsp4j.jsonrpc.services.EndpointProxy.invoke(EndpointProxy.java:91)
	at com.sun.proxy.$Proxy66.shutdown(Unknown Source)
	at org.eclipse.lsp4e.LanguageServerWrapper.lambda$13(LanguageServerWrapper.java:423)
	... 7 more
Caused by: java.io.IOException: 파이프가 닫히는 중입니다
	at java.base/java.io.FileOutputStream.writeBytes(Native Method)
	at java.base/java.io.FileOutputStream.write(FileOutputStream.java:354)
	at java.base/java.io.BufferedOutputStream.flushBuffer(BufferedOutputStream.java:81)
	at java.base/java.io.BufferedOutputStream.flush(BufferedOutputStream.java:142)
	at org.eclipse.lsp4j.jsonrpc.json.StreamMessageConsumer.consume(StreamMessageConsumer.java:69)
	... 12 more

!ENTRY org.eclipse.lsp4e 4 0 2025-06-19 16:52:05.953
!MESSAGE org.eclipse.lsp4j.jsonrpc.JsonRpcException: java.io.IOException: 파이프가 닫히는 중입니다
!STACK 0
java.util.concurrent.ExecutionException: org.eclipse.lsp4j.jsonrpc.JsonRpcException: java.io.IOException: 파이프가 닫히는 중입니다
	at java.base/java.util.concurrent.CompletableFuture.reportGet(CompletableFuture.java:395)
	at java.base/java.util.concurrent.CompletableFuture.get(CompletableFuture.java:2028)
	at org.eclipse.lsp4e.LanguageServerWrapper.lambda$13(LanguageServerWrapper.java:425)
	at java.base/java.util.concurrent.CompletableFuture$AsyncRun.run(CompletableFuture.java:1736)
	at java.base/java.util.concurrent.CompletableFuture$AsyncRun.exec(CompletableFuture.java:1728)
	at java.base/java.util.concurrent.ForkJoinTask.doExec(ForkJoinTask.java:290)
	at java.base/java.util.concurrent.ForkJoinPool$WorkQueue.topLevelExec(ForkJoinPool.java:1020)
	at java.base/java.util.concurrent.ForkJoinPool.scan(ForkJoinPool.java:1656)
	at java.base/java.util.concurrent.ForkJoinPool.runWorker(ForkJoinPool.java:1594)
	at java.base/java.util.concurrent.ForkJoinWorkerThread.run(ForkJoinWorkerThread.java:183)
Caused by: org.eclipse.lsp4j.jsonrpc.JsonRpcException: java.io.IOException: 파이프가 닫히는 중입니다
	at org.eclipse.lsp4j.jsonrpc.json.StreamMessageConsumer.consume(StreamMessageConsumer.java:72)
	at org.eclipse.lsp4e.LanguageServerWrapper.lambda$4(LanguageServerWrapper.java:260)
	at org.eclipse.lsp4j.jsonrpc.RemoteEndpoint.request(RemoteEndpoint.java:161)
	at org.eclipse.lsp4j.jsonrpc.services.EndpointProxy.invoke(EndpointProxy.java:91)
	at com.sun.proxy.$Proxy66.shutdown(Unknown Source)
	at org.eclipse.lsp4e.LanguageServerWrapper.lambda$13(LanguageServerWrapper.java:423)
	... 7 more
Caused by: java.io.IOException: 파이프가 닫히는 중입니다
	at java.base/java.io.FileOutputStream.writeBytes(Native Method)
	at java.base/java.io.FileOutputStream.write(FileOutputStream.java:354)
	at java.base/java.io.BufferedOutputStream.flushBuffer(BufferedOutputStream.java:81)
	at java.base/java.io.BufferedOutputStream.flush(BufferedOutputStream.java:142)
	at org.eclipse.lsp4j.jsonrpc.json.StreamMessageConsumer.consume(StreamMessageConsumer.java:69)
	... 12 more

!ENTRY org.springframework.tooling.ls.eclipse.commons 1 0 2025-06-19 16:52:05.953
!MESSAGE Entering DelegatingStreamConnectionProvider()

!ENTRY org.eclipse.lsp4e 4 0 2025-06-19 16:52:05.953
!MESSAGE org.eclipse.lsp4j.jsonrpc.JsonRpcException: java.io.IOException: 파이프가 닫히는 중입니다
!STACK 0
java.util.concurrent.ExecutionException: org.eclipse.lsp4j.jsonrpc.JsonRpcException: java.io.IOException: 파이프가 닫히는 중입니다
	at java.base/java.util.concurrent.CompletableFuture.reportGet(CompletableFuture.java:395)
	at java.base/java.util.concurrent.CompletableFuture.get(CompletableFuture.java:2028)
	at org.eclipse.lsp4e.LanguageServerWrapper.lambda$13(LanguageServerWrapper.java:425)
	at java.base/java.util.concurrent.CompletableFuture$AsyncRun.run(CompletableFuture.java:1736)
	at java.base/java.util.concurrent.CompletableFuture$AsyncRun.exec(CompletableFuture.java:1728)
	at java.base/java.util.concurrent.ForkJoinTask.doExec(ForkJoinTask.java:290)
	at java.base/java.util.concurrent.ForkJoinPool$WorkQueue.topLevelExec(ForkJoinPool.java:1020)
	at java.base/java.util.concurrent.ForkJoinPool.scan(ForkJoinPool.java:1656)
	at java.base/java.util.concurrent.ForkJoinPool.runWorker(ForkJoinPool.java:1594)
	at java.base/java.util.concurrent.ForkJoinWorkerThread.run(ForkJoinWorkerThread.java:183)
Caused by: org.eclipse.lsp4j.jsonrpc.JsonRpcException: java.io.IOException: 파이프가 닫히는 중입니다
	at org.eclipse.lsp4j.jsonrpc.json.StreamMessageConsumer.consume(StreamMessageConsumer.java:72)
	at org.eclipse.lsp4e.LanguageServerWrapper.lambda$4(LanguageServerWrapper.java:260)
	at org.eclipse.lsp4j.jsonrpc.RemoteEndpoint.request(RemoteEndpoint.java:161)
	at org.eclipse.lsp4j.jsonrpc.services.EndpointProxy.invoke(EndpointProxy.java:91)
	at com.sun.proxy.$Proxy66.shutdown(Unknown Source)
	at org.eclipse.lsp4e.LanguageServerWrapper.lambda$13(LanguageServerWrapper.java:423)
	... 7 more
Caused by: java.io.IOException: 파이프가 닫히는 중입니다
	at java.base/java.io.FileOutputStream.writeBytes(Native Method)
	at java.base/java.io.FileOutputStream.write(FileOutputStream.java:354)
	at java.base/java.io.BufferedOutputStream.flushBuffer(BufferedOutputStream.java:81)
	at java.base/java.io.BufferedOutputStream.flush(BufferedOutputStream.java:142)
	at org.eclipse.lsp4j.jsonrpc.json.StreamMessageConsumer.consume(StreamMessageConsumer.java:69)
	... 12 more

!ENTRY org.springframework.tooling.ls.eclipse.commons 1 0 2025-06-19 16:52:05.954
!MESSAGE DelegatingStreamConnectionProvider classloader = org.eclipse.osgi.internal.loader.EquinoxClassLoader@56fdb4db[org.springframework.tooling.boot.ls:1.28.0.202109130547(id=1001)]

!ENTRY org.springframework.tooling.ls.eclipse.commons 1 0 2025-06-19 16:52:05.954
!MESSAGE DelegatingStreamConnectionProvider classloader = org.eclipse.osgi.internal.loader.EquinoxClassLoader@56fdb4db[org.springframework.tooling.boot.ls:1.28.0.202109130547(id=1001)]

!ENTRY org.springframework.tooling.ls.eclipse.commons 1 0 2025-06-19 16:52:05.954
!MESSAGE Entering DelegatingStreamConnectionProvider()

!ENTRY org.springframework.tooling.ls.eclipse.commons 1 0 2025-06-19 16:52:05.954
!MESSAGE DelegatingStreamConnectionProvider classloader = org.eclipse.osgi.internal.loader.EquinoxClassLoader@56fdb4db[org.springframework.tooling.boot.ls:1.28.0.202109130547(id=1001)]

!ENTRY org.springframework.tooling.ls.eclipse.commons 1 0 2025-06-19 16:52:05.955
!MESSAGE DelegatingStreamConnectionProvider classloader = org.eclipse.osgi.internal.loader.EquinoxClassLoader@56fdb4db[org.springframework.tooling.boot.ls:1.28.0.202109130547(id=1001)]

!ENTRY org.springframework.tooling.ls.eclipse.commons 1 0 2025-06-19 16:52:05.955
!MESSAGE DelegatingStreamConnectionProvider classloader = org.eclipse.osgi.internal.loader.EquinoxClassLoader@56fdb4db[org.springframework.tooling.boot.ls:1.28.0.202109130547(id=1001)]

!ENTRY org.springframework.tooling.ls.eclipse.commons 1 0 2025-06-19 16:52:05.955
!MESSAGE Entering DelegatingStreamConnectionProvider()

!ENTRY org.eclipse.lsp4e 4 0 2025-06-19 16:52:05.955
!MESSAGE org.eclipse.lsp4j.jsonrpc.JsonRpcException: java.io.IOException: 파이프가 닫히는 중입니다
!STACK 0
java.util.concurrent.ExecutionException: org.eclipse.lsp4j.jsonrpc.JsonRpcException: java.io.IOException: 파이프가 닫히는 중입니다
	at java.base/java.util.concurrent.CompletableFuture.reportGet(CompletableFuture.java:395)
	at java.base/java.util.concurrent.CompletableFuture.get(CompletableFuture.java:2028)
	at org.eclipse.lsp4e.LanguageServerWrapper.lambda$13(LanguageServerWrapper.java:425)
	at java.base/java.util.concurrent.CompletableFuture$AsyncRun.run(CompletableFuture.java:1736)
	at java.base/java.util.concurrent.CompletableFuture$AsyncRun.exec(CompletableFuture.java:1728)
	at java.base/java.util.concurrent.ForkJoinTask.doExec(ForkJoinTask.java:290)
	at java.base/java.util.concurrent.ForkJoinPool$WorkQueue.topLevelExec(ForkJoinPool.java:1020)
	at java.base/java.util.concurrent.ForkJoinPool.scan(ForkJoinPool.java:1656)
	at java.base/java.util.concurrent.ForkJoinPool.runWorker(ForkJoinPool.java:1594)
	at java.base/java.util.concurrent.ForkJoinWorkerThread.run(ForkJoinWorkerThread.java:183)
Caused by: org.eclipse.lsp4j.jsonrpc.JsonRpcException: java.io.IOException: 파이프가 닫히는 중입니다
	at org.eclipse.lsp4j.jsonrpc.json.StreamMessageConsumer.consume(StreamMessageConsumer.java:72)
	at org.eclipse.lsp4e.LanguageServerWrapper.lambda$4(LanguageServerWrapper.java:260)
	at org.eclipse.lsp4j.jsonrpc.RemoteEndpoint.request(RemoteEndpoint.java:161)
	at org.eclipse.lsp4j.jsonrpc.services.EndpointProxy.invoke(EndpointProxy.java:91)
	at com.sun.proxy.$Proxy66.shutdown(Unknown Source)
	at org.eclipse.lsp4e.LanguageServerWrapper.lambda$13(LanguageServerWrapper.java:423)
	... 7 more
Caused by: java.io.IOException: 파이프가 닫히는 중입니다
	at java.base/java.io.FileOutputStream.writeBytes(Native Method)
	at java.base/java.io.FileOutputStream.write(FileOutputStream.java:354)
	at java.base/java.io.BufferedOutputStream.flushBuffer(BufferedOutputStream.java:81)
	at java.base/java.io.BufferedOutputStream.flush(BufferedOutputStream.java:142)
	at org.eclipse.lsp4j.jsonrpc.json.StreamMessageConsumer.consume(StreamMessageConsumer.java:69)
	... 12 more

!ENTRY org.springframework.tooling.ls.eclipse.commons 1 0 2025-06-19 16:52:05.955
!MESSAGE Entering DelegatingStreamConnectionProvider()

!ENTRY org.springframework.tooling.ls.eclipse.commons 1 0 2025-06-19 16:52:05.956
!MESSAGE Entering DelegatingStreamConnectionProvider()

!ENTRY org.eclipse.lsp4e 4 0 2025-06-19 16:52:05.956
!MESSAGE org.eclipse.lsp4j.jsonrpc.JsonRpcException: java.io.IOException: 파이프가 닫히는 중입니다
!STACK 0
java.util.concurrent.ExecutionException: org.eclipse.lsp4j.jsonrpc.JsonRpcException: java.io.IOException: 파이프가 닫히는 중입니다
	at java.base/java.util.concurrent.CompletableFuture.reportGet(CompletableFuture.java:395)
	at java.base/java.util.concurrent.CompletableFuture.get(CompletableFuture.java:2028)
	at org.eclipse.lsp4e.LanguageServerWrapper.lambda$13(LanguageServerWrapper.java:425)
	at java.base/java.util.concurrent.CompletableFuture$AsyncRun.run(CompletableFuture.java:1736)
	at java.base/java.util.concurrent.CompletableFuture$AsyncRun.exec(CompletableFuture.java:1728)
	at java.base/java.util.concurrent.ForkJoinTask.doExec(ForkJoinTask.java:290)
	at java.base/java.util.concurrent.ForkJoinPool$WorkQueue.topLevelExec(ForkJoinPool.java:1020)
	at java.base/java.util.concurrent.ForkJoinPool.scan(ForkJoinPool.java:1656)
	at java.base/java.util.concurrent.ForkJoinPool.runWorker(ForkJoinPool.java:1594)
	at java.base/java.util.concurrent.ForkJoinWorkerThread.run(ForkJoinWorkerThread.java:183)
Caused by: org.eclipse.lsp4j.jsonrpc.JsonRpcException: java.io.IOException: 파이프가 닫히는 중입니다
	at org.eclipse.lsp4j.jsonrpc.json.StreamMessageConsumer.consume(StreamMessageConsumer.java:72)
	at org.eclipse.lsp4e.LanguageServerWrapper.lambda$4(LanguageServerWrapper.java:260)
	at org.eclipse.lsp4j.jsonrpc.RemoteEndpoint.request(RemoteEndpoint.java:161)
	at org.eclipse.lsp4j.jsonrpc.services.EndpointProxy.invoke(EndpointProxy.java:91)
	at com.sun.proxy.$Proxy66.shutdown(Unknown Source)
	at org.eclipse.lsp4e.LanguageServerWrapper.lambda$13(LanguageServerWrapper.java:423)
	... 7 more
Caused by: java.io.IOException: 파이프가 닫히는 중입니다
	at java.base/java.io.FileOutputStream.writeBytes(Native Method)
	at java.base/java.io.FileOutputStream.write(FileOutputStream.java:354)
	at java.base/java.io.BufferedOutputStream.flushBuffer(BufferedOutputStream.java:81)
	at java.base/java.io.BufferedOutputStream.flush(BufferedOutputStream.java:142)
	at org.eclipse.lsp4j.jsonrpc.json.StreamMessageConsumer.consume(StreamMessageConsumer.java:69)
	... 12 more

!ENTRY org.springframework.tooling.ls.eclipse.commons 1 0 2025-06-19 16:52:05.956
!MESSAGE Entering DelegatingStreamConnectionProvider()

!ENTRY org.springframework.tooling.ls.eclipse.commons 1 0 2025-06-19 16:52:05.956
!MESSAGE DelegatingStreamConnectionProvider classloader = org.eclipse.osgi.internal.loader.EquinoxClassLoader@56fdb4db[org.springframework.tooling.boot.ls:1.28.0.202109130547(id=1001)]

!ENTRY org.springframework.tooling.ls.eclipse.commons 1 0 2025-06-19 16:52:05.956
!MESSAGE DelegatingStreamConnectionProvider classloader = org.eclipse.osgi.internal.loader.EquinoxClassLoader@56fdb4db[org.springframework.tooling.boot.ls:1.28.0.202109130547(id=1001)]

!ENTRY org.springframework.tooling.ls.eclipse.commons 1 0 2025-06-19 16:52:05.956
!MESSAGE DelegatingStreamConnectionProvider classloader = org.eclipse.osgi.internal.loader.EquinoxClassLoader@56fdb4db[org.springframework.tooling.boot.ls:1.28.0.202109130547(id=1001)]

!ENTRY org.springframework.tooling.ls.eclipse.commons 1 0 2025-06-19 16:52:05.958
!MESSAGE SpringBootLanguageServer exists!

!ENTRY org.springframework.tooling.ls.eclipse.commons 1 0 2025-06-19 16:52:05.958
!MESSAGE SpringBootLanguageServer exists!

!ENTRY org.springframework.tooling.ls.eclipse.commons 1 0 2025-06-19 16:52:05.958
!MESSAGE SpringBootLanguageServer exists!

!ENTRY org.springframework.tooling.ls.eclipse.commons 1 0 2025-06-19 16:52:05.958
!MESSAGE DelegatingStreamConnectionProvider classloader = org.eclipse.osgi.internal.loader.EquinoxClassLoader@56fdb4db[org.springframework.tooling.boot.ls:1.28.0.202109130547(id=1001)]

!ENTRY org.springframework.tooling.ls.eclipse.commons 1 0 2025-06-19 16:52:05.958
!MESSAGE SpringBootLanguageServer exists!

!ENTRY org.springframework.tooling.ls.eclipse.commons 1 0 2025-06-19 16:52:05.959
!MESSAGE SpringBootLanguageServer exists!

!ENTRY org.eclipse.lsp4e 4 0 2025-06-19 16:52:05.959
!MESSAGE org.eclipse.lsp4j.jsonrpc.JsonRpcException: java.io.IOException: 파이프가 닫히는 중입니다
!STACK 0
java.util.concurrent.ExecutionException: org.eclipse.lsp4j.jsonrpc.JsonRpcException: java.io.IOException: 파이프가 닫히는 중입니다
	at java.base/java.util.concurrent.CompletableFuture.reportGet(CompletableFuture.java:395)
	at java.base/java.util.concurrent.CompletableFuture.get(CompletableFuture.java:2028)
	at org.eclipse.lsp4e.LanguageServerWrapper.lambda$13(LanguageServerWrapper.java:425)
	at java.base/java.util.concurrent.CompletableFuture$AsyncRun.run(CompletableFuture.java:1736)
	at java.base/java.util.concurrent.CompletableFuture$AsyncRun.exec(CompletableFuture.java:1728)
	at java.base/java.util.concurrent.ForkJoinTask.doExec(ForkJoinTask.java:290)
	at java.base/java.util.concurrent.ForkJoinPool$WorkQueue.topLevelExec(ForkJoinPool.java:1020)
	at java.base/java.util.concurrent.ForkJoinPool.scan(ForkJoinPool.java:1656)
	at java.base/java.util.concurrent.ForkJoinPool.runWorker(ForkJoinPool.java:1594)
	at java.base/java.util.concurrent.ForkJoinWorkerThread.run(ForkJoinWorkerThread.java:183)
Caused by: org.eclipse.lsp4j.jsonrpc.JsonRpcException: java.io.IOException: 파이프가 닫히는 중입니다
	at org.eclipse.lsp4j.jsonrpc.json.StreamMessageConsumer.consume(StreamMessageConsumer.java:72)
	at org.eclipse.lsp4e.LanguageServerWrapper.lambda$4(LanguageServerWrapper.java:260)
	at org.eclipse.lsp4j.jsonrpc.RemoteEndpoint.request(RemoteEndpoint.java:161)
	at org.eclipse.lsp4j.jsonrpc.services.EndpointProxy.invoke(EndpointProxy.java:91)
	at com.sun.proxy.$Proxy66.shutdown(Unknown Source)
	at org.eclipse.lsp4e.LanguageServerWrapper.lambda$13(LanguageServerWrapper.java:423)
	... 7 more
Caused by: java.io.IOException: 파이프가 닫히는 중입니다
	at java.base/java.io.FileOutputStream.writeBytes(Native Method)
	at java.base/java.io.FileOutputStream.write(FileOutputStream.java:354)
	at java.base/java.io.BufferedOutputStream.flushBuffer(BufferedOutputStream.java:81)
	at java.base/java.io.BufferedOutputStream.flush(BufferedOutputStream.java:142)
	at org.eclipse.lsp4j.jsonrpc.json.StreamMessageConsumer.consume(StreamMessageConsumer.java:69)
	... 12 more

!ENTRY org.springframework.tooling.ls.eclipse.commons 1 0 2025-06-19 16:52:05.959
!MESSAGE Entering DelegatingStreamConnectionProvider()

!ENTRY org.springframework.tooling.ls.eclipse.commons 1 0 2025-06-19 16:52:05.959
!MESSAGE DelegatingStreamConnectionProvider classloader = org.eclipse.osgi.internal.loader.EquinoxClassLoader@56fdb4db[org.springframework.tooling.boot.ls:1.28.0.202109130547(id=1001)]

!ENTRY org.springframework.tooling.ls.eclipse.commons 1 0 2025-06-19 16:52:05.959
!MESSAGE DelegatingStreamConnectionProvider classloader = org.eclipse.osgi.internal.loader.EquinoxClassLoader@56fdb4db[org.springframework.tooling.boot.ls:1.28.0.202109130547(id=1001)]

!ENTRY org.eclipse.lsp4e 4 0 2025-06-19 16:52:05.959
!MESSAGE org.eclipse.lsp4j.jsonrpc.JsonRpcException: java.io.IOException: 파이프가 닫히는 중입니다
!STACK 0
java.util.concurrent.ExecutionException: org.eclipse.lsp4j.jsonrpc.JsonRpcException: java.io.IOException: 파이프가 닫히는 중입니다
	at java.base/java.util.concurrent.CompletableFuture.reportGet(CompletableFuture.java:395)
	at java.base/java.util.concurrent.CompletableFuture.get(CompletableFuture.java:2028)
	at org.eclipse.lsp4e.LanguageServerWrapper.lambda$13(LanguageServerWrapper.java:425)
	at java.base/java.util.concurrent.CompletableFuture$AsyncRun.run(CompletableFuture.java:1736)
	at java.base/java.util.concurrent.CompletableFuture$AsyncRun.exec(CompletableFuture.java:1728)
	at java.base/java.util.concurrent.ForkJoinTask.doExec(ForkJoinTask.java:290)
	at java.base/java.util.concurrent.ForkJoinPool$WorkQueue.topLevelExec(ForkJoinPool.java:1020)
	at java.base/java.util.concurrent.ForkJoinPool.scan(ForkJoinPool.java:1656)
	at java.base/java.util.concurrent.ForkJoinPool.runWorker(ForkJoinPool.java:1594)
	at java.base/java.util.concurrent.ForkJoinWorkerThread.run(ForkJoinWorkerThread.java:183)
Caused by: org.eclipse.lsp4j.jsonrpc.JsonRpcException: java.io.IOException: 파이프가 닫히는 중입니다
	at org.eclipse.lsp4j.jsonrpc.json.StreamMessageConsumer.consume(StreamMessageConsumer.java:72)
	at org.eclipse.lsp4e.LanguageServerWrapper.lambda$4(LanguageServerWrapper.java:260)
	at org.eclipse.lsp4j.jsonrpc.RemoteEndpoint.request(RemoteEndpoint.java:161)
	at org.eclipse.lsp4j.jsonrpc.services.EndpointProxy.invoke(EndpointProxy.java:91)
	at com.sun.proxy.$Proxy66.shutdown(Unknown Source)
	at org.eclipse.lsp4e.LanguageServerWrapper.lambda$13(LanguageServerWrapper.java:423)
	... 7 more
Caused by: java.io.IOException: 파이프가 닫히는 중입니다
	at java.base/java.io.FileOutputStream.writeBytes(Native Method)
	at java.base/java.io.FileOutputStream.write(FileOutputStream.java:354)
	at java.base/java.io.BufferedOutputStream.flushBuffer(BufferedOutputStream.java:81)
	at java.base/java.io.BufferedOutputStream.flush(BufferedOutputStream.java:142)
	at org.eclipse.lsp4j.jsonrpc.json.StreamMessageConsumer.consume(StreamMessageConsumer.java:69)
	... 12 more

!ENTRY org.springframework.tooling.ls.eclipse.commons 1 0 2025-06-19 16:52:05.960
!MESSAGE SpringBootLanguageServer exists!

!ENTRY org.springframework.tooling.ls.eclipse.commons 1 0 2025-06-19 16:52:05.960
!MESSAGE SpringBootLanguageServer exists!

!ENTRY org.springframework.tooling.ls.eclipse.commons 1 0 2025-06-19 16:52:05.960
!MESSAGE SpringBootLanguageServer exists!

!ENTRY org.springframework.tooling.ls.eclipse.commons 1 0 2025-06-19 16:52:05.960
!MESSAGE SpringBootLanguageServer exists!

!ENTRY org.springframework.tooling.ls.eclipse.commons 1 0 2025-06-19 16:52:05.961
!MESSAGE Entering DelegatingStreamConnectionProvider()

!ENTRY org.springframework.tooling.ls.eclipse.commons 1 0 2025-06-19 16:52:05.961
!MESSAGE DelegatingStreamConnectionProvider classloader = org.eclipse.osgi.internal.loader.EquinoxClassLoader@56fdb4db[org.springframework.tooling.boot.ls:1.28.0.202109130547(id=1001)]

!ENTRY org.eclipse.lsp4e 4 0 2025-06-19 16:52:05.961
!MESSAGE org.eclipse.lsp4j.jsonrpc.JsonRpcException: java.io.IOException: 파이프가 닫히는 중입니다
!STACK 0
java.util.concurrent.ExecutionException: org.eclipse.lsp4j.jsonrpc.JsonRpcException: java.io.IOException: 파이프가 닫히는 중입니다
	at java.base/java.util.concurrent.CompletableFuture.reportGet(CompletableFuture.java:395)
	at java.base/java.util.concurrent.CompletableFuture.get(CompletableFuture.java:2028)
	at org.eclipse.lsp4e.LanguageServerWrapper.lambda$13(LanguageServerWrapper.java:425)
	at java.base/java.util.concurrent.CompletableFuture$AsyncRun.run(CompletableFuture.java:1736)
	at java.base/java.util.concurrent.CompletableFuture$AsyncRun.exec(CompletableFuture.java:1728)
	at java.base/java.util.concurrent.ForkJoinTask.doExec(ForkJoinTask.java:290)
	at java.base/java.util.concurrent.ForkJoinPool$WorkQueue.topLevelExec(ForkJoinPool.java:1020)
	at java.base/java.util.concurrent.ForkJoinPool.scan(ForkJoinPool.java:1656)
	at java.base/java.util.concurrent.ForkJoinPool.runWorker(ForkJoinPool.java:1594)
	at java.base/java.util.concurrent.ForkJoinWorkerThread.run(ForkJoinWorkerThread.java:183)
Caused by: org.eclipse.lsp4j.jsonrpc.JsonRpcException: java.io.IOException: 파이프가 닫히는 중입니다
	at org.eclipse.lsp4j.jsonrpc.json.StreamMessageConsumer.consume(StreamMessageConsumer.java:72)
	at org.eclipse.lsp4e.LanguageServerWrapper.lambda$4(LanguageServerWrapper.java:260)
	at org.eclipse.lsp4j.jsonrpc.RemoteEndpoint.request(RemoteEndpoint.java:161)
	at org.eclipse.lsp4j.jsonrpc.services.EndpointProxy.invoke(EndpointProxy.java:91)
	at com.sun.proxy.$Proxy66.shutdown(Unknown Source)
	at org.eclipse.lsp4e.LanguageServerWrapper.lambda$13(LanguageServerWrapper.java:423)
	... 7 more
Caused by: java.io.IOException: 파이프가 닫히는 중입니다
	at java.base/java.io.FileOutputStream.writeBytes(Native Method)
	at java.base/java.io.FileOutputStream.write(FileOutputStream.java:354)
	at java.base/java.io.BufferedOutputStream.flushBuffer(BufferedOutputStream.java:81)
	at java.base/java.io.BufferedOutputStream.flush(BufferedOutputStream.java:142)
	at org.eclipse.lsp4j.jsonrpc.json.StreamMessageConsumer.consume(StreamMessageConsumer.java:69)
	... 12 more

!ENTRY org.springframework.tooling.ls.eclipse.commons 1 0 2025-06-19 16:52:05.961
!MESSAGE SpringBootLanguageServer exists!

!ENTRY org.springframework.tooling.ls.eclipse.commons 1 0 2025-06-19 16:52:05.961
!MESSAGE DelegatingStreamConnectionProvider classloader = org.eclipse.osgi.internal.loader.EquinoxClassLoader@56fdb4db[org.springframework.tooling.boot.ls:1.28.0.202109130547(id=1001)]

!ENTRY org.eclipse.lsp4e 4 0 2025-06-19 16:52:05.961
!MESSAGE org.eclipse.lsp4j.jsonrpc.JsonRpcException: java.io.IOException: 파이프가 닫히는 중입니다
!STACK 0
java.util.concurrent.ExecutionException: org.eclipse.lsp4j.jsonrpc.JsonRpcException: java.io.IOException: 파이프가 닫히는 중입니다
	at java.base/java.util.concurrent.CompletableFuture.reportGet(CompletableFuture.java:395)
	at java.base/java.util.concurrent.CompletableFuture.get(CompletableFuture.java:2028)
	at org.eclipse.lsp4e.LanguageServerWrapper.lambda$13(LanguageServerWrapper.java:425)
	at java.base/java.util.concurrent.CompletableFuture$AsyncRun.run(CompletableFuture.java:1736)
	at java.base/java.util.concurrent.CompletableFuture$AsyncRun.exec(CompletableFuture.java:1728)
	at java.base/java.util.concurrent.ForkJoinTask.doExec(ForkJoinTask.java:290)
	at java.base/java.util.concurrent.ForkJoinPool$WorkQueue.topLevelExec(ForkJoinPool.java:1020)
	at java.base/java.util.concurrent.ForkJoinPool.scan(ForkJoinPool.java:1656)
	at java.base/java.util.concurrent.ForkJoinPool.runWorker(ForkJoinPool.java:1594)
	at java.base/java.util.concurrent.ForkJoinWorkerThread.run(ForkJoinWorkerThread.java:183)
Caused by: org.eclipse.lsp4j.jsonrpc.JsonRpcException: java.io.IOException: 파이프가 닫히는 중입니다
	at org.eclipse.lsp4j.jsonrpc.json.StreamMessageConsumer.consume(StreamMessageConsumer.java:72)
	at org.eclipse.lsp4e.LanguageServerWrapper.lambda$4(LanguageServerWrapper.java:260)
	at org.eclipse.lsp4j.jsonrpc.RemoteEndpoint.request(RemoteEndpoint.java:161)
	at org.eclipse.lsp4j.jsonrpc.services.EndpointProxy.invoke(EndpointProxy.java:91)
	at com.sun.proxy.$Proxy66.shutdown(Unknown Source)
	at org.eclipse.lsp4e.LanguageServerWrapper.lambda$13(LanguageServerWrapper.java:423)
	... 7 more
Caused by: java.io.IOException: 파이프가 닫히는 중입니다
	at java.base/java.io.FileOutputStream.writeBytes(Native Method)
	at java.base/java.io.FileOutputStream.write(FileOutputStream.java:354)
	at java.base/java.io.BufferedOutputStream.flushBuffer(BufferedOutputStream.java:81)
	at java.base/java.io.BufferedOutputStream.flush(BufferedOutputStream.java:142)
	at org.eclipse.lsp4j.jsonrpc.json.StreamMessageConsumer.consume(StreamMessageConsumer.java:69)
	... 12 more

!ENTRY org.springframework.tooling.ls.eclipse.commons 1 0 2025-06-19 16:52:05.962
!MESSAGE Entering DelegatingStreamConnectionProvider()

!ENTRY org.springframework.tooling.ls.eclipse.commons 1 0 2025-06-19 16:52:05.962
!MESSAGE SpringBootLanguageServer exists!

!ENTRY org.springframework.tooling.ls.eclipse.commons 1 0 2025-06-19 16:52:05.962
!MESSAGE SpringBootLanguageServer exists!

!ENTRY org.springframework.tooling.ls.eclipse.commons 1 0 2025-06-19 16:52:05.962
!MESSAGE Entering DelegatingStreamConnectionProvider()

!ENTRY org.springframework.tooling.ls.eclipse.commons 1 0 2025-06-19 16:52:05.962
!MESSAGE DelegatingStreamConnectionProvider classloader = org.eclipse.osgi.internal.loader.EquinoxClassLoader@56fdb4db[org.springframework.tooling.boot.ls:1.28.0.202109130547(id=1001)]

!ENTRY org.eclipse.lsp4e 4 0 2025-06-19 16:52:05.963
!MESSAGE org.eclipse.lsp4j.jsonrpc.JsonRpcException: java.io.IOException: 파이프가 닫히는 중입니다
!STACK 0
java.util.concurrent.ExecutionException: org.eclipse.lsp4j.jsonrpc.JsonRpcException: java.io.IOException: 파이프가 닫히는 중입니다
	at java.base/java.util.concurrent.CompletableFuture.reportGet(CompletableFuture.java:395)
	at java.base/java.util.concurrent.CompletableFuture.get(CompletableFuture.java:2028)
	at org.eclipse.lsp4e.LanguageServerWrapper.lambda$13(LanguageServerWrapper.java:425)
	at java.base/java.util.concurrent.CompletableFuture$AsyncRun.run(CompletableFuture.java:1736)
	at java.base/java.util.concurrent.CompletableFuture$AsyncRun.exec(CompletableFuture.java:1728)
	at java.base/java.util.concurrent.ForkJoinTask.doExec(ForkJoinTask.java:290)
	at java.base/java.util.concurrent.ForkJoinPool$WorkQueue.topLevelExec(ForkJoinPool.java:1020)
	at java.base/java.util.concurrent.ForkJoinPool.scan(ForkJoinPool.java:1656)
	at java.base/java.util.concurrent.ForkJoinPool.runWorker(ForkJoinPool.java:1594)
	at java.base/java.util.concurrent.ForkJoinWorkerThread.run(ForkJoinWorkerThread.java:183)
Caused by: org.eclipse.lsp4j.jsonrpc.JsonRpcException: java.io.IOException: 파이프가 닫히는 중입니다
	at org.eclipse.lsp4j.jsonrpc.json.StreamMessageConsumer.consume(StreamMessageConsumer.java:72)
	at org.eclipse.lsp4e.LanguageServerWrapper.lambda$4(LanguageServerWrapper.java:260)
	at org.eclipse.lsp4j.jsonrpc.RemoteEndpoint.request(RemoteEndpoint.java:161)
	at org.eclipse.lsp4j.jsonrpc.services.EndpointProxy.invoke(EndpointProxy.java:91)
	at com.sun.proxy.$Proxy66.shutdown(Unknown Source)
	at org.eclipse.lsp4e.LanguageServerWrapper.lambda$13(LanguageServerWrapper.java:423)
	... 7 more
Caused by: java.io.IOException: 파이프가 닫히는 중입니다
	at java.base/java.io.FileOutputStream.writeBytes(Native Method)
	at java.base/java.io.FileOutputStream.write(FileOutputStream.java:354)
	at java.base/java.io.BufferedOutputStream.flushBuffer(BufferedOutputStream.java:81)
	at java.base/java.io.BufferedOutputStream.flush(BufferedOutputStream.java:142)
	at org.eclipse.lsp4j.jsonrpc.json.StreamMessageConsumer.consume(StreamMessageConsumer.java:69)
	... 12 more

!ENTRY org.springframework.tooling.ls.eclipse.commons 1 0 2025-06-19 16:52:05.963
!MESSAGE SpringBootLanguageServer exists!

!ENTRY org.springframework.tooling.ls.eclipse.commons 1 0 2025-06-19 16:52:05.963
!MESSAGE Entering DelegatingStreamConnectionProvider()

!ENTRY org.eclipse.lsp4e 4 0 2025-06-19 16:52:05.963
!MESSAGE org.eclipse.lsp4j.jsonrpc.JsonRpcException: java.io.IOException: 파이프가 닫히는 중입니다
!STACK 0
java.util.concurrent.ExecutionException: org.eclipse.lsp4j.jsonrpc.JsonRpcException: java.io.IOException: 파이프가 닫히는 중입니다
	at java.base/java.util.concurrent.CompletableFuture.reportGet(CompletableFuture.java:395)
	at java.base/java.util.concurrent.CompletableFuture.get(CompletableFuture.java:2028)
	at org.eclipse.lsp4e.LanguageServerWrapper.lambda$13(LanguageServerWrapper.java:425)
	at java.base/java.util.concurrent.CompletableFuture$AsyncRun.run(CompletableFuture.java:1736)
	at java.base/java.util.concurrent.CompletableFuture$AsyncRun.exec(CompletableFuture.java:1728)
	at java.base/java.util.concurrent.ForkJoinTask.doExec(ForkJoinTask.java:290)
	at java.base/java.util.concurrent.ForkJoinPool$WorkQueue.topLevelExec(ForkJoinPool.java:1020)
	at java.base/java.util.concurrent.ForkJoinPool.scan(ForkJoinPool.java:1656)
	at java.base/java.util.concurrent.ForkJoinPool.runWorker(ForkJoinPool.java:1594)
	at java.base/java.util.concurrent.ForkJoinWorkerThread.run(ForkJoinWorkerThread.java:183)
Caused by: org.eclipse.lsp4j.jsonrpc.JsonRpcException: java.io.IOException: 파이프가 닫히는 중입니다
	at org.eclipse.lsp4j.jsonrpc.json.StreamMessageConsumer.consume(StreamMessageConsumer.java:72)
	at org.eclipse.lsp4e.LanguageServerWrapper.lambda$4(LanguageServerWrapper.java:260)
	at org.eclipse.lsp4j.jsonrpc.RemoteEndpoint.request(RemoteEndpoint.java:161)
	at org.eclipse.lsp4j.jsonrpc.services.EndpointProxy.invoke(EndpointProxy.java:91)
	at com.sun.proxy.$Proxy66.shutdown(Unknown Source)
	at org.eclipse.lsp4e.LanguageServerWrapper.lambda$13(LanguageServerWrapper.java:423)
	... 7 more
Caused by: java.io.IOException: 파이프가 닫히는 중입니다
	at java.base/java.io.FileOutputStream.writeBytes(Native Method)
	at java.base/java.io.FileOutputStream.write(FileOutputStream.java:354)
	at java.base/java.io.BufferedOutputStream.flushBuffer(BufferedOutputStream.java:81)
	at java.base/java.io.BufferedOutputStream.flush(BufferedOutputStream.java:142)
	at org.eclipse.lsp4j.jsonrpc.json.StreamMessageConsumer.consume(StreamMessageConsumer.java:69)
	... 12 more

!ENTRY org.springframework.tooling.ls.eclipse.commons 1 0 2025-06-19 16:52:05.963
!MESSAGE SpringBootLanguageServer exists!

!ENTRY org.springframework.tooling.ls.eclipse.commons 1 0 2025-06-19 16:52:05.963
!MESSAGE DelegatingStreamConnectionProvider classloader = org.eclipse.osgi.internal.loader.EquinoxClassLoader@56fdb4db[org.springframework.tooling.boot.ls:1.28.0.202109130547(id=1001)]

!ENTRY org.eclipse.lsp4e 4 0 2025-06-19 16:52:05.963
!MESSAGE org.eclipse.lsp4j.jsonrpc.JsonRpcException: java.io.IOException: 파이프가 닫히는 중입니다
!STACK 0
java.util.concurrent.ExecutionException: org.eclipse.lsp4j.jsonrpc.JsonRpcException: java.io.IOException: 파이프가 닫히는 중입니다
	at java.base/java.util.concurrent.CompletableFuture.reportGet(CompletableFuture.java:395)
	at java.base/java.util.concurrent.CompletableFuture.get(CompletableFuture.java:2028)
	at org.eclipse.lsp4e.LanguageServerWrapper.lambda$13(LanguageServerWrapper.java:425)
	at java.base/java.util.concurrent.CompletableFuture$AsyncRun.run(CompletableFuture.java:1736)
	at java.base/java.util.concurrent.CompletableFuture$AsyncRun.exec(CompletableFuture.java:1728)
	at java.base/java.util.concurrent.ForkJoinTask.doExec(ForkJoinTask.java:290)
	at java.base/java.util.concurrent.ForkJoinPool$WorkQueue.topLevelExec(ForkJoinPool.java:1020)
	at java.base/java.util.concurrent.ForkJoinPool.scan(ForkJoinPool.java:1656)
	at java.base/java.util.concurrent.ForkJoinPool.runWorker(ForkJoinPool.java:1594)
	at java.base/java.util.concurrent.ForkJoinWorkerThread.run(ForkJoinWorkerThread.java:183)
Caused by: org.eclipse.lsp4j.jsonrpc.JsonRpcException: java.io.IOException: 파이프가 닫히는 중입니다
	at org.eclipse.lsp4j.jsonrpc.json.StreamMessageConsumer.consume(StreamMessageConsumer.java:72)
	at org.eclipse.lsp4e.LanguageServerWrapper.lambda$4(LanguageServerWrapper.java:260)
	at org.eclipse.lsp4j.jsonrpc.RemoteEndpoint.request(RemoteEndpoint.java:161)
	at org.eclipse.lsp4j.jsonrpc.services.EndpointProxy.invoke(EndpointProxy.java:91)
	at com.sun.proxy.$Proxy66.shutdown(Unknown Source)
	at org.eclipse.lsp4e.LanguageServerWrapper.lambda$13(LanguageServerWrapper.java:423)
	... 7 more
Caused by: java.io.IOException: 파이프가 닫히는 중입니다
	at java.base/java.io.FileOutputStream.writeBytes(Native Method)
	at java.base/java.io.FileOutputStream.write(FileOutputStream.java:354)
	at java.base/java.io.BufferedOutputStream.flushBuffer(BufferedOutputStream.java:81)
	at java.base/java.io.BufferedOutputStream.flush(BufferedOutputStream.java:142)
	at org.eclipse.lsp4j.jsonrpc.json.StreamMessageConsumer.consume(StreamMessageConsumer.java:69)
	... 12 more

!ENTRY org.springframework.tooling.ls.eclipse.commons 1 0 2025-06-19 16:52:05.965
!MESSAGE Entering DelegatingStreamConnectionProvider()

!ENTRY org.springframework.tooling.ls.eclipse.commons 1 0 2025-06-19 16:52:05.965
!MESSAGE DelegatingStreamConnectionProvider classloader = org.eclipse.osgi.internal.loader.EquinoxClassLoader@56fdb4db[org.springframework.tooling.boot.ls:1.28.0.202109130547(id=1001)]

!ENTRY org.springframework.tooling.ls.eclipse.commons 1 0 2025-06-19 16:52:05.965
!MESSAGE DelegatingStreamConnectionProvider classloader = org.eclipse.osgi.internal.loader.EquinoxClassLoader@56fdb4db[org.springframework.tooling.boot.ls:1.28.0.202109130547(id=1001)]

!ENTRY org.springframework.tooling.ls.eclipse.commons 1 0 2025-06-19 16:52:05.965
!MESSAGE Entering DelegatingStreamConnectionProvider()

!ENTRY org.springframework.tooling.ls.eclipse.commons 1 0 2025-06-19 16:52:05.965
!MESSAGE SpringBootLanguageServer exists!

!ENTRY org.springframework.tooling.ls.eclipse.commons 1 0 2025-06-19 16:52:05.965
!MESSAGE DelegatingStreamConnectionProvider classloader = org.eclipse.osgi.internal.loader.EquinoxClassLoader@56fdb4db[org.springframework.tooling.boot.ls:1.28.0.202109130547(id=1001)]

!ENTRY org.springframework.tooling.ls.eclipse.commons 1 0 2025-06-19 16:52:05.965
!MESSAGE SpringBootLanguageServer exists!

!ENTRY org.springframework.tooling.ls.eclipse.commons 1 0 2025-06-19 16:52:05.965
!MESSAGE SpringBootLanguageServer exists!

!ENTRY org.springframework.tooling.ls.eclipse.commons 1 0 2025-06-19 16:52:05.965
!MESSAGE SpringBootLanguageServer exists!

!ENTRY org.eclipse.lsp4e 4 0 2025-06-19 16:52:05.966
!MESSAGE org.eclipse.lsp4j.jsonrpc.JsonRpcException: java.io.IOException: 파이프가 닫히는 중입니다
!STACK 0
java.util.concurrent.ExecutionException: org.eclipse.lsp4j.jsonrpc.JsonRpcException: java.io.IOException: 파이프가 닫히는 중입니다
	at java.base/java.util.concurrent.CompletableFuture.reportGet(CompletableFuture.java:395)
	at java.base/java.util.concurrent.CompletableFuture.get(CompletableFuture.java:2028)
	at org.eclipse.lsp4e.LanguageServerWrapper.lambda$13(LanguageServerWrapper.java:425)
	at java.base/java.util.concurrent.CompletableFuture$AsyncRun.run(CompletableFuture.java:1736)
	at java.base/java.util.concurrent.CompletableFuture$AsyncRun.exec(CompletableFuture.java:1728)
	at java.base/java.util.concurrent.ForkJoinTask.doExec(ForkJoinTask.java:290)
	at java.base/java.util.concurrent.ForkJoinPool$WorkQueue.topLevelExec(ForkJoinPool.java:1020)
	at java.base/java.util.concurrent.ForkJoinPool.scan(ForkJoinPool.java:1656)
	at java.base/java.util.concurrent.ForkJoinPool.runWorker(ForkJoinPool.java:1594)
	at java.base/java.util.concurrent.ForkJoinWorkerThread.run(ForkJoinWorkerThread.java:183)
Caused by: org.eclipse.lsp4j.jsonrpc.JsonRpcException: java.io.IOException: 파이프가 닫히는 중입니다
	at org.eclipse.lsp4j.jsonrpc.json.StreamMessageConsumer.consume(StreamMessageConsumer.java:72)
	at org.eclipse.lsp4e.LanguageServerWrapper.lambda$4(LanguageServerWrapper.java:260)
	at org.eclipse.lsp4j.jsonrpc.RemoteEndpoint.request(RemoteEndpoint.java:161)
	at org.eclipse.lsp4j.jsonrpc.services.EndpointProxy.invoke(EndpointProxy.java:91)
	at com.sun.proxy.$Proxy66.shutdown(Unknown Source)
	at org.eclipse.lsp4e.LanguageServerWrapper.lambda$13(LanguageServerWrapper.java:423)
	... 7 more
Caused by: java.io.IOException: 파이프가 닫히는 중입니다
	at java.base/java.io.FileOutputStream.writeBytes(Native Method)
	at java.base/java.io.FileOutputStream.write(FileOutputStream.java:354)
	at java.base/java.io.BufferedOutputStream.flushBuffer(BufferedOutputStream.java:81)
	at java.base/java.io.BufferedOutputStream.flush(BufferedOutputStream.java:142)
	at org.eclipse.lsp4j.jsonrpc.json.StreamMessageConsumer.consume(StreamMessageConsumer.java:69)
	... 12 more

!ENTRY org.springframework.tooling.ls.eclipse.commons 1 0 2025-06-19 16:52:05.966
!MESSAGE Entering DelegatingStreamConnectionProvider()

!ENTRY org.eclipse.lsp4e 4 0 2025-06-19 16:52:05.967
!MESSAGE org.eclipse.lsp4j.jsonrpc.JsonRpcException: java.io.IOException: 파이프가 닫히는 중입니다
!STACK 0
java.util.concurrent.ExecutionException: org.eclipse.lsp4j.jsonrpc.JsonRpcException: java.io.IOException: 파이프가 닫히는 중입니다
	at java.base/java.util.concurrent.CompletableFuture.reportGet(CompletableFuture.java:395)
	at java.base/java.util.concurrent.CompletableFuture.get(CompletableFuture.java:2028)
	at org.eclipse.lsp4e.LanguageServerWrapper.lambda$13(LanguageServerWrapper.java:425)
	at java.base/java.util.concurrent.CompletableFuture$AsyncRun.run(CompletableFuture.java:1736)
	at java.base/java.util.concurrent.CompletableFuture$AsyncRun.exec(CompletableFuture.java:1728)
	at java.base/java.util.concurrent.ForkJoinTask.doExec(ForkJoinTask.java:290)
	at java.base/java.util.concurrent.ForkJoinPool$WorkQueue.topLevelExec(ForkJoinPool.java:1020)
	at java.base/java.util.concurrent.ForkJoinPool.scan(ForkJoinPool.java:1656)
	at java.base/java.util.concurrent.ForkJoinPool.runWorker(ForkJoinPool.java:1594)
	at java.base/java.util.concurrent.ForkJoinWorkerThread.run(ForkJoinWorkerThread.java:183)
Caused by: org.eclipse.lsp4j.jsonrpc.JsonRpcException: java.io.IOException: 파이프가 닫히는 중입니다
	at org.eclipse.lsp4j.jsonrpc.json.StreamMessageConsumer.consume(StreamMessageConsumer.java:72)
	at org.eclipse.lsp4e.LanguageServerWrapper.lambda$4(LanguageServerWrapper.java:260)
	at org.eclipse.lsp4j.jsonrpc.RemoteEndpoint.request(RemoteEndpoint.java:161)
	at org.eclipse.lsp4j.jsonrpc.services.EndpointProxy.invoke(EndpointProxy.java:91)
	at com.sun.proxy.$Proxy66.shutdown(Unknown Source)
	at org.eclipse.lsp4e.LanguageServerWrapper.lambda$13(LanguageServerWrapper.java:423)
	... 7 more
Caused by: java.io.IOException: 파이프가 닫히는 중입니다
	at java.base/java.io.FileOutputStream.writeBytes(Native Method)
	at java.base/java.io.FileOutputStream.write(FileOutputStream.java:354)
	at java.base/java.io.BufferedOutputStream.flushBuffer(BufferedOutputStream.java:81)
	at java.base/java.io.BufferedOutputStream.flush(BufferedOutputStream.java:142)
	at org.eclipse.lsp4j.jsonrpc.json.StreamMessageConsumer.consume(StreamMessageConsumer.java:69)
	... 12 more

!ENTRY org.springframework.tooling.ls.eclipse.commons 1 0 2025-06-19 16:52:05.967
!MESSAGE DelegatingStreamConnectionProvider classloader = org.eclipse.osgi.internal.loader.EquinoxClassLoader@56fdb4db[org.springframework.tooling.boot.ls:1.28.0.202109130547(id=1001)]

!ENTRY org.springframework.tooling.ls.eclipse.commons 1 0 2025-06-19 16:52:05.967
!MESSAGE Entering DelegatingStreamConnectionProvider()

!ENTRY org.springframework.tooling.ls.eclipse.commons 1 0 2025-06-19 16:52:05.967
!MESSAGE SpringBootLanguageServer exists!

!ENTRY org.springframework.tooling.ls.eclipse.commons 1 0 2025-06-19 16:52:05.967
!MESSAGE DelegatingStreamConnectionProvider classloader = org.eclipse.osgi.internal.loader.EquinoxClassLoader@56fdb4db[org.springframework.tooling.boot.ls:1.28.0.202109130547(id=1001)]

!ENTRY org.springframework.tooling.ls.eclipse.commons 1 0 2025-06-19 16:52:05.967
!MESSAGE SpringBootLanguageServer exists!

!ENTRY org.eclipse.lsp4e 4 0 2025-06-19 16:52:05.969
!MESSAGE org.eclipse.lsp4j.jsonrpc.JsonRpcException: java.io.IOException: 파이프가 닫히는 중입니다
!STACK 0
java.util.concurrent.ExecutionException: org.eclipse.lsp4j.jsonrpc.JsonRpcException: java.io.IOException: 파이프가 닫히는 중입니다
	at java.base/java.util.concurrent.CompletableFuture.reportGet(CompletableFuture.java:395)
	at java.base/java.util.concurrent.CompletableFuture.get(CompletableFuture.java:2028)
	at org.eclipse.lsp4e.LanguageServerWrapper.lambda$13(LanguageServerWrapper.java:425)
	at java.base/java.util.concurrent.CompletableFuture$AsyncRun.run(CompletableFuture.java:1736)
	at java.base/java.util.concurrent.CompletableFuture$AsyncRun.exec(CompletableFuture.java:1728)
	at java.base/java.util.concurrent.ForkJoinTask.doExec(ForkJoinTask.java:290)
	at java.base/java.util.concurrent.ForkJoinPool$WorkQueue.topLevelExec(ForkJoinPool.java:1020)
	at java.base/java.util.concurrent.ForkJoinPool.scan(ForkJoinPool.java:1656)
	at java.base/java.util.concurrent.ForkJoinPool.runWorker(ForkJoinPool.java:1594)
	at java.base/java.util.concurrent.ForkJoinWorkerThread.run(ForkJoinWorkerThread.java:183)
Caused by: org.eclipse.lsp4j.jsonrpc.JsonRpcException: java.io.IOException: 파이프가 닫히는 중입니다
	at org.eclipse.lsp4j.jsonrpc.json.StreamMessageConsumer.consume(StreamMessageConsumer.java:72)
	at org.eclipse.lsp4e.LanguageServerWrapper.lambda$4(LanguageServerWrapper.java:260)
	at org.eclipse.lsp4j.jsonrpc.RemoteEndpoint.request(RemoteEndpoint.java:161)
	at org.eclipse.lsp4j.jsonrpc.services.EndpointProxy.invoke(EndpointProxy.java:91)
	at com.sun.proxy.$Proxy66.shutdown(Unknown Source)
	at org.eclipse.lsp4e.LanguageServerWrapper.lambda$13(LanguageServerWrapper.java:423)
	... 7 more
Caused by: java.io.IOException: 파이프가 닫히는 중입니다
	at java.base/java.io.FileOutputStream.writeBytes(Native Method)
	at java.base/java.io.FileOutputStream.write(FileOutputStream.java:354)
	at java.base/java.io.BufferedOutputStream.flushBuffer(BufferedOutputStream.java:81)
	at java.base/java.io.BufferedOutputStream.flush(BufferedOutputStream.java:142)
	at org.eclipse.lsp4j.jsonrpc.json.StreamMessageConsumer.consume(StreamMessageConsumer.java:69)
	... 12 more

!ENTRY org.springframework.tooling.ls.eclipse.commons 1 0 2025-06-19 16:52:05.969
!MESSAGE Entering DelegatingStreamConnectionProvider()

!ENTRY org.springframework.tooling.ls.eclipse.commons 1 0 2025-06-19 16:52:05.969
!MESSAGE DelegatingStreamConnectionProvider classloader = org.eclipse.osgi.internal.loader.EquinoxClassLoader@56fdb4db[org.springframework.tooling.boot.ls:1.28.0.202109130547(id=1001)]

!ENTRY org.springframework.tooling.ls.eclipse.commons 1 0 2025-06-19 16:52:05.969
!MESSAGE SpringBootLanguageServer exists!

!ENTRY org.springframework.tooling.ls.eclipse.commons 1 0 2025-06-19 16:52:06.981
!MESSAGE Boot LS startup time from start to initialized: 1015ms

!ENTRY org.springframework.tooling.ls.eclipse.commons 1 0 2025-06-19 16:52:07.037
!MESSAGE ClasspathListenerHandler addClasspathListener sts4.classpath.SMVcmtHSisBatched = true

!ENTRY org.springframework.tooling.ls.eclipse.commons 1 0 2025-06-19 16:52:07.037
!MESSAGE Setting up ClasspathListenerManager

!ENTRY org.springframework.tooling.ls.eclipse.commons 1 0 2025-06-19 16:52:07.037
!MESSAGE Scheduling initial event for all projects ...

!ENTRY org.springframework.tooling.ls.eclipse.commons 1 0 2025-06-19 16:52:07.037
!MESSAGE Scheduling initial event for all projects DONE

!ENTRY org.springframework.tooling.ls.eclipse.commons 1 0 2025-06-19 16:52:07.038
!MESSAGE ClasspathListenerHandler addClasspathListener sts4.classpath.SMVcmtHS => OK

!ENTRY org.springframework.tooling.ls.eclipse.commons 1 0 2025-06-19 16:52:07.038
!MESSAGE exists = true open = true => deleted = false

!ENTRY org.springframework.tooling.ls.eclipse.commons 1 0 2025-06-19 16:52:07.039
!MESSAGE classpath=57 entries

!ENTRY org.springframework.tooling.ls.eclipse.commons 1 0 2025-06-19 16:52:07.041
!MESSAGE buffering callback sts4.classpath.SMVcmtHS ServiceExam false 57

!ENTRY org.springframework.tooling.ls.eclipse.commons 1 0 2025-06-19 16:52:07.041
!MESSAGE executing callback sts4.classpath.SMVcmtHS 1 batched events

!ENTRY org.springframework.tooling.ls.eclipse.commons 1 0 2025-06-19 16:52:07.242
!MESSAGE executing callback sts4.classpath.SMVcmtHS SUCCESS [done]

!ENTRY org.springframework.tooling.ls.eclipse.commons 1 0 2025-06-19 16:52:07.245
!MESSAGE Entering DelegatingStreamConnectionProvider()

!ENTRY org.eclipse.lsp4e 4 0 2025-06-19 16:52:07.245
!MESSAGE org.eclipse.lsp4j.jsonrpc.JsonRpcException: java.io.IOException: 파이프가 닫히는 중입니다
!STACK 0
java.util.concurrent.ExecutionException: org.eclipse.lsp4j.jsonrpc.JsonRpcException: java.io.IOException: 파이프가 닫히는 중입니다
	at java.base/java.util.concurrent.CompletableFuture.reportGet(CompletableFuture.java:395)
	at java.base/java.util.concurrent.CompletableFuture.get(CompletableFuture.java:2028)
	at org.eclipse.lsp4e.LanguageServerWrapper.lambda$13(LanguageServerWrapper.java:425)
	at java.base/java.util.concurrent.CompletableFuture$AsyncRun.run(CompletableFuture.java:1736)
	at java.base/java.util.concurrent.CompletableFuture$AsyncRun.exec(CompletableFuture.java:1728)
	at java.base/java.util.concurrent.ForkJoinTask.doExec(ForkJoinTask.java:290)
	at java.base/java.util.concurrent.ForkJoinPool$WorkQueue.topLevelExec(ForkJoinPool.java:1020)
	at java.base/java.util.concurrent.ForkJoinPool.scan(ForkJoinPool.java:1656)
	at java.base/java.util.concurrent.ForkJoinPool.runWorker(ForkJoinPool.java:1594)
	at java.base/java.util.concurrent.ForkJoinWorkerThread.run(ForkJoinWorkerThread.java:183)
Caused by: org.eclipse.lsp4j.jsonrpc.JsonRpcException: java.io.IOException: 파이프가 닫히는 중입니다
	at org.eclipse.lsp4j.jsonrpc.json.StreamMessageConsumer.consume(StreamMessageConsumer.java:72)
	at org.eclipse.lsp4e.LanguageServerWrapper.lambda$4(LanguageServerWrapper.java:260)
	at org.eclipse.lsp4j.jsonrpc.RemoteEndpoint.request(RemoteEndpoint.java:161)
	at org.eclipse.lsp4j.jsonrpc.services.EndpointProxy.invoke(EndpointProxy.java:91)
	at com.sun.proxy.$Proxy66.shutdown(Unknown Source)
	at org.eclipse.lsp4e.LanguageServerWrapper.lambda$13(LanguageServerWrapper.java:423)
	... 7 more
Caused by: java.io.IOException: 파이프가 닫히는 중입니다
	at java.base/java.io.FileOutputStream.writeBytes(Native Method)
	at java.base/java.io.FileOutputStream.write(FileOutputStream.java:354)
	at java.base/java.io.BufferedOutputStream.flushBuffer(BufferedOutputStream.java:81)
	at java.base/java.io.BufferedOutputStream.flush(BufferedOutputStream.java:142)
	at org.eclipse.lsp4j.jsonrpc.json.StreamMessageConsumer.consume(StreamMessageConsumer.java:69)
	... 12 more

!ENTRY org.eclipse.lsp4e 4 0 2025-06-19 16:52:07.246
!MESSAGE org.eclipse.lsp4j.jsonrpc.JsonRpcException: java.io.IOException: 파이프가 닫히는 중입니다
!STACK 0
java.util.concurrent.ExecutionException: org.eclipse.lsp4j.jsonrpc.JsonRpcException: java.io.IOException: 파이프가 닫히는 중입니다
	at java.base/java.util.concurrent.CompletableFuture.reportGet(CompletableFuture.java:395)
	at java.base/java.util.concurrent.CompletableFuture.get(CompletableFuture.java:2028)
	at org.eclipse.lsp4e.LanguageServerWrapper.lambda$13(LanguageServerWrapper.java:425)
	at java.base/java.util.concurrent.CompletableFuture$AsyncRun.run(CompletableFuture.java:1736)
	at java.base/java.util.concurrent.CompletableFuture$AsyncRun.exec(CompletableFuture.java:1728)
	at java.base/java.util.concurrent.ForkJoinTask.doExec(ForkJoinTask.java:290)
	at java.base/java.util.concurrent.ForkJoinPool$WorkQueue.topLevelExec(ForkJoinPool.java:1020)
	at java.base/java.util.concurrent.ForkJoinPool.scan(ForkJoinPool.java:1656)
	at java.base/java.util.concurrent.ForkJoinPool.runWorker(ForkJoinPool.java:1594)
	at java.base/java.util.concurrent.ForkJoinWorkerThread.run(ForkJoinWorkerThread.java:183)
Caused by: org.eclipse.lsp4j.jsonrpc.JsonRpcException: java.io.IOException: 파이프가 닫히는 중입니다
	at org.eclipse.lsp4j.jsonrpc.json.StreamMessageConsumer.consume(StreamMessageConsumer.java:72)
	at org.eclipse.lsp4e.LanguageServerWrapper.lambda$4(LanguageServerWrapper.java:260)
	at org.eclipse.lsp4j.jsonrpc.RemoteEndpoint.request(RemoteEndpoint.java:161)
	at org.eclipse.lsp4j.jsonrpc.services.EndpointProxy.invoke(EndpointProxy.java:91)
	at com.sun.proxy.$Proxy66.shutdown(Unknown Source)
	at org.eclipse.lsp4e.LanguageServerWrapper.lambda$13(LanguageServerWrapper.java:423)
	... 7 more
Caused by: java.io.IOException: 파이프가 닫히는 중입니다
	at java.base/java.io.FileOutputStream.writeBytes(Native Method)
	at java.base/java.io.FileOutputStream.write(FileOutputStream.java:354)
	at java.base/java.io.BufferedOutputStream.flushBuffer(BufferedOutputStream.java:81)
	at java.base/java.io.BufferedOutputStream.flush(BufferedOutputStream.java:142)
	at org.eclipse.lsp4j.jsonrpc.json.StreamMessageConsumer.consume(StreamMessageConsumer.java:69)
	... 12 more

!ENTRY org.springframework.tooling.ls.eclipse.commons 1 0 2025-06-19 16:52:07.246
!MESSAGE Entering DelegatingStreamConnectionProvider()

!ENTRY org.springframework.tooling.ls.eclipse.commons 1 0 2025-06-19 16:52:07.246
!MESSAGE Entering DelegatingStreamConnectionProvider()

!ENTRY org.eclipse.lsp4e 4 0 2025-06-19 16:52:07.247
!MESSAGE org.eclipse.lsp4j.jsonrpc.JsonRpcException: java.io.IOException: 파이프가 닫히는 중입니다
!STACK 0
java.util.concurrent.ExecutionException: org.eclipse.lsp4j.jsonrpc.JsonRpcException: java.io.IOException: 파이프가 닫히는 중입니다
	at java.base/java.util.concurrent.CompletableFuture.reportGet(CompletableFuture.java:395)
	at java.base/java.util.concurrent.CompletableFuture.get(CompletableFuture.java:2028)
	at org.eclipse.lsp4e.LanguageServerWrapper.lambda$13(LanguageServerWrapper.java:425)
	at java.base/java.util.concurrent.CompletableFuture$AsyncRun.run(CompletableFuture.java:1736)
	at java.base/java.util.concurrent.CompletableFuture$AsyncRun.exec(CompletableFuture.java:1728)
	at java.base/java.util.concurrent.ForkJoinTask.doExec(ForkJoinTask.java:290)
	at java.base/java.util.concurrent.ForkJoinPool$WorkQueue.topLevelExec(ForkJoinPool.java:1020)
	at java.base/java.util.concurrent.ForkJoinPool.scan(ForkJoinPool.java:1656)
	at java.base/java.util.concurrent.ForkJoinPool.runWorker(ForkJoinPool.java:1594)
	at java.base/java.util.concurrent.ForkJoinWorkerThread.run(ForkJoinWorkerThread.java:183)
Caused by: org.eclipse.lsp4j.jsonrpc.JsonRpcException: java.io.IOException: 파이프가 닫히는 중입니다
	at org.eclipse.lsp4j.jsonrpc.json.StreamMessageConsumer.consume(StreamMessageConsumer.java:72)
	at org.eclipse.lsp4e.LanguageServerWrapper.lambda$4(LanguageServerWrapper.java:260)
	at org.eclipse.lsp4j.jsonrpc.RemoteEndpoint.request(RemoteEndpoint.java:161)
	at org.eclipse.lsp4j.jsonrpc.services.EndpointProxy.invoke(EndpointProxy.java:91)
	at com.sun.proxy.$Proxy66.shutdown(Unknown Source)
	at org.eclipse.lsp4e.LanguageServerWrapper.lambda$13(LanguageServerWrapper.java:423)
	... 7 more
Caused by: java.io.IOException: 파이프가 닫히는 중입니다
	at java.base/java.io.FileOutputStream.writeBytes(Native Method)
	at java.base/java.io.FileOutputStream.write(FileOutputStream.java:354)
	at java.base/java.io.BufferedOutputStream.flushBuffer(BufferedOutputStream.java:81)
	at java.base/java.io.BufferedOutputStream.flush(BufferedOutputStream.java:142)
	at org.eclipse.lsp4j.jsonrpc.json.StreamMessageConsumer.consume(StreamMessageConsumer.java:69)
	... 12 more

!ENTRY org.eclipse.lsp4e 4 0 2025-06-19 16:52:07.247
!MESSAGE org.eclipse.lsp4j.jsonrpc.JsonRpcException: java.io.IOException: 파이프가 닫히는 중입니다
!STACK 0
java.util.concurrent.ExecutionException: org.eclipse.lsp4j.jsonrpc.JsonRpcException: java.io.IOException: 파이프가 닫히는 중입니다
	at java.base/java.util.concurrent.CompletableFuture.reportGet(CompletableFuture.java:395)
	at java.base/java.util.concurrent.CompletableFuture.get(CompletableFuture.java:2028)
	at org.eclipse.lsp4e.LanguageServerWrapper.lambda$13(LanguageServerWrapper.java:425)
	at java.base/java.util.concurrent.CompletableFuture$AsyncRun.run(CompletableFuture.java:1736)
	at java.base/java.util.concurrent.CompletableFuture$AsyncRun.exec(CompletableFuture.java:1728)
	at java.base/java.util.concurrent.ForkJoinTask.doExec(ForkJoinTask.java:290)
	at java.base/java.util.concurrent.ForkJoinPool$WorkQueue.topLevelExec(ForkJoinPool.java:1020)
	at java.base/java.util.concurrent.ForkJoinPool.scan(ForkJoinPool.java:1656)
	at java.base/java.util.concurrent.ForkJoinPool.runWorker(ForkJoinPool.java:1594)
	at java.base/java.util.concurrent.ForkJoinWorkerThread.run(ForkJoinWorkerThread.java:183)
Caused by: org.eclipse.lsp4j.jsonrpc.JsonRpcException: java.io.IOException: 파이프가 닫히는 중입니다
	at org.eclipse.lsp4j.jsonrpc.json.StreamMessageConsumer.consume(StreamMessageConsumer.java:72)
	at org.eclipse.lsp4e.LanguageServerWrapper.lambda$4(LanguageServerWrapper.java:260)
	at org.eclipse.lsp4j.jsonrpc.RemoteEndpoint.request(RemoteEndpoint.java:161)
	at org.eclipse.lsp4j.jsonrpc.services.EndpointProxy.invoke(EndpointProxy.java:91)
	at com.sun.proxy.$Proxy66.shutdown(Unknown Source)
	at org.eclipse.lsp4e.LanguageServerWrapper.lambda$13(LanguageServerWrapper.java:423)
	... 7 more
Caused by: java.io.IOException: 파이프가 닫히는 중입니다
	at java.base/java.io.FileOutputStream.writeBytes(Native Method)
	at java.base/java.io.FileOutputStream.write(FileOutputStream.java:354)
	at java.base/java.io.BufferedOutputStream.flushBuffer(BufferedOutputStream.java:81)
	at java.base/java.io.BufferedOutputStream.flush(BufferedOutputStream.java:142)
	at org.eclipse.lsp4j.jsonrpc.json.StreamMessageConsumer.consume(StreamMessageConsumer.java:69)
	... 12 more

!ENTRY org.springframework.tooling.ls.eclipse.commons 1 0 2025-06-19 16:52:07.248
!MESSAGE Entering DelegatingStreamConnectionProvider()

!ENTRY org.springframework.tooling.ls.eclipse.commons 1 0 2025-06-19 16:52:07.248
!MESSAGE Entering DelegatingStreamConnectionProvider()

!ENTRY org.eclipse.lsp4e 4 0 2025-06-19 16:52:07.248
!MESSAGE org.eclipse.lsp4j.jsonrpc.JsonRpcException: java.io.IOException: 파이프가 닫히는 중입니다
!STACK 0
java.util.concurrent.ExecutionException: org.eclipse.lsp4j.jsonrpc.JsonRpcException: java.io.IOException: 파이프가 닫히는 중입니다
	at java.base/java.util.concurrent.CompletableFuture.reportGet(CompletableFuture.java:395)
	at java.base/java.util.concurrent.CompletableFuture.get(CompletableFuture.java:2028)
	at org.eclipse.lsp4e.LanguageServerWrapper.lambda$13(LanguageServerWrapper.java:425)
	at java.base/java.util.concurrent.CompletableFuture$AsyncRun.run(CompletableFuture.java:1736)
	at java.base/java.util.concurrent.CompletableFuture$AsyncRun.exec(CompletableFuture.java:1728)
	at java.base/java.util.concurrent.ForkJoinTask.doExec(ForkJoinTask.java:290)
	at java.base/java.util.concurrent.ForkJoinPool$WorkQueue.topLevelExec(ForkJoinPool.java:1020)
	at java.base/java.util.concurrent.ForkJoinPool.scan(ForkJoinPool.java:1656)
	at java.base/java.util.concurrent.ForkJoinPool.runWorker(ForkJoinPool.java:1594)
	at java.base/java.util.concurrent.ForkJoinWorkerThread.run(ForkJoinWorkerThread.java:183)
Caused by: org.eclipse.lsp4j.jsonrpc.JsonRpcException: java.io.IOException: 파이프가 닫히는 중입니다
	at org.eclipse.lsp4j.jsonrpc.json.StreamMessageConsumer.consume(StreamMessageConsumer.java:72)
	at org.eclipse.lsp4e.LanguageServerWrapper.lambda$4(LanguageServerWrapper.java:260)
	at org.eclipse.lsp4j.jsonrpc.RemoteEndpoint.request(RemoteEndpoint.java:161)
	at org.eclipse.lsp4j.jsonrpc.services.EndpointProxy.invoke(EndpointProxy.java:91)
	at com.sun.proxy.$Proxy66.shutdown(Unknown Source)
	at org.eclipse.lsp4e.LanguageServerWrapper.lambda$13(LanguageServerWrapper.java:423)
	... 7 more
Caused by: java.io.IOException: 파이프가 닫히는 중입니다
	at java.base/java.io.FileOutputStream.writeBytes(Native Method)
	at java.base/java.io.FileOutputStream.write(FileOutputStream.java:354)
	at java.base/java.io.BufferedOutputStream.flushBuffer(BufferedOutputStream.java:81)
	at java.base/java.io.BufferedOutputStream.flush(BufferedOutputStream.java:142)
	at org.eclipse.lsp4j.jsonrpc.json.StreamMessageConsumer.consume(StreamMessageConsumer.java:69)
	... 12 more

!ENTRY org.eclipse.lsp4e 4 0 2025-06-19 16:52:07.249
!MESSAGE org.eclipse.lsp4j.jsonrpc.JsonRpcException: java.io.IOException: 파이프가 닫히는 중입니다
!STACK 0
java.util.concurrent.ExecutionException: org.eclipse.lsp4j.jsonrpc.JsonRpcException: java.io.IOException: 파이프가 닫히는 중입니다
	at java.base/java.util.concurrent.CompletableFuture.reportGet(CompletableFuture.java:395)
	at java.base/java.util.concurrent.CompletableFuture.get(CompletableFuture.java:2028)
	at org.eclipse.lsp4e.LanguageServerWrapper.lambda$13(LanguageServerWrapper.java:425)
	at java.base/java.util.concurrent.CompletableFuture$AsyncRun.run(CompletableFuture.java:1736)
	at java.base/java.util.concurrent.CompletableFuture$AsyncRun.exec(CompletableFuture.java:1728)
	at java.base/java.util.concurrent.ForkJoinTask.doExec(ForkJoinTask.java:290)
	at java.base/java.util.concurrent.ForkJoinPool$WorkQueue.topLevelExec(ForkJoinPool.java:1020)
	at java.base/java.util.concurrent.ForkJoinPool.scan(ForkJoinPool.java:1656)
	at java.base/java.util.concurrent.ForkJoinPool.runWorker(ForkJoinPool.java:1594)
	at java.base/java.util.concurrent.ForkJoinWorkerThread.run(ForkJoinWorkerThread.java:183)
Caused by: org.eclipse.lsp4j.jsonrpc.JsonRpcException: java.io.IOException: 파이프가 닫히는 중입니다
	at org.eclipse.lsp4j.jsonrpc.json.StreamMessageConsumer.consume(StreamMessageConsumer.java:72)
	at org.eclipse.lsp4e.LanguageServerWrapper.lambda$4(LanguageServerWrapper.java:260)
	at org.eclipse.lsp4j.jsonrpc.RemoteEndpoint.request(RemoteEndpoint.java:161)
	at org.eclipse.lsp4j.jsonrpc.services.EndpointProxy.invoke(EndpointProxy.java:91)
	at com.sun.proxy.$Proxy66.shutdown(Unknown Source)
	at org.eclipse.lsp4e.LanguageServerWrapper.lambda$13(LanguageServerWrapper.java:423)
	... 7 more
Caused by: java.io.IOException: 파이프가 닫히는 중입니다
	at java.base/java.io.FileOutputStream.writeBytes(Native Method)
	at java.base/java.io.FileOutputStream.write(FileOutputStream.java:354)
	at java.base/java.io.BufferedOutputStream.flushBuffer(BufferedOutputStream.java:81)
	at java.base/java.io.BufferedOutputStream.flush(BufferedOutputStream.java:142)
	at org.eclipse.lsp4j.jsonrpc.json.StreamMessageConsumer.consume(StreamMessageConsumer.java:69)
	... 12 more

!ENTRY org.eclipse.lsp4e 4 0 2025-06-19 16:52:07.250
!MESSAGE org.eclipse.lsp4j.jsonrpc.JsonRpcException: java.io.IOException: 파이프가 닫히는 중입니다
!STACK 0
java.util.concurrent.ExecutionException: org.eclipse.lsp4j.jsonrpc.JsonRpcException: java.io.IOException: 파이프가 닫히는 중입니다
	at java.base/java.util.concurrent.CompletableFuture.reportGet(CompletableFuture.java:395)
	at java.base/java.util.concurrent.CompletableFuture.get(CompletableFuture.java:2028)
	at org.eclipse.lsp4e.LanguageServerWrapper.lambda$13(LanguageServerWrapper.java:425)
	at java.base/java.util.concurrent.CompletableFuture$AsyncRun.run(CompletableFuture.java:1736)
	at java.base/java.util.concurrent.CompletableFuture$AsyncRun.exec(CompletableFuture.java:1728)
	at java.base/java.util.concurrent.ForkJoinTask.doExec(ForkJoinTask.java:290)
	at java.base/java.util.concurrent.ForkJoinPool$WorkQueue.topLevelExec(ForkJoinPool.java:1020)
	at java.base/java.util.concurrent.ForkJoinPool.scan(ForkJoinPool.java:1656)
	at java.base/java.util.concurrent.ForkJoinPool.runWorker(ForkJoinPool.java:1594)
	at java.base/java.util.concurrent.ForkJoinWorkerThread.run(ForkJoinWorkerThread.java:183)
Caused by: org.eclipse.lsp4j.jsonrpc.JsonRpcException: java.io.IOException: 파이프가 닫히는 중입니다
	at org.eclipse.lsp4j.jsonrpc.json.StreamMessageConsumer.consume(StreamMessageConsumer.java:72)
	at org.eclipse.lsp4e.LanguageServerWrapper.lambda$4(LanguageServerWrapper.java:260)
	at org.eclipse.lsp4j.jsonrpc.RemoteEndpoint.request(RemoteEndpoint.java:161)
	at org.eclipse.lsp4j.jsonrpc.services.EndpointProxy.invoke(EndpointProxy.java:91)
	at com.sun.proxy.$Proxy66.shutdown(Unknown Source)
	at org.eclipse.lsp4e.LanguageServerWrapper.lambda$13(LanguageServerWrapper.java:423)
	... 7 more
Caused by: java.io.IOException: 파이프가 닫히는 중입니다
	at java.base/java.io.FileOutputStream.writeBytes(Native Method)
	at java.base/java.io.FileOutputStream.write(FileOutputStream.java:354)
	at java.base/java.io.BufferedOutputStream.flushBuffer(BufferedOutputStream.java:81)
	at java.base/java.io.BufferedOutputStream.flush(BufferedOutputStream.java:142)
	at org.eclipse.lsp4j.jsonrpc.json.StreamMessageConsumer.consume(StreamMessageConsumer.java:69)
	... 12 more

!ENTRY org.springframework.tooling.ls.eclipse.commons 1 0 2025-06-19 16:52:07.250
!MESSAGE Entering DelegatingStreamConnectionProvider()

!ENTRY org.springframework.tooling.ls.eclipse.commons 1 0 2025-06-19 16:52:07.251
!MESSAGE Entering DelegatingStreamConnectionProvider()

!ENTRY org.eclipse.lsp4e 4 0 2025-06-19 16:52:07.251
!MESSAGE org.eclipse.lsp4j.jsonrpc.JsonRpcException: java.io.IOException: 파이프가 닫히는 중입니다
!STACK 0
java.util.concurrent.ExecutionException: org.eclipse.lsp4j.jsonrpc.JsonRpcException: java.io.IOException: 파이프가 닫히는 중입니다
	at java.base/java.util.concurrent.CompletableFuture.reportGet(CompletableFuture.java:395)
	at java.base/java.util.concurrent.CompletableFuture.get(CompletableFuture.java:2028)
	at org.eclipse.lsp4e.LanguageServerWrapper.lambda$13(LanguageServerWrapper.java:425)
	at java.base/java.util.concurrent.CompletableFuture$AsyncRun.run(CompletableFuture.java:1736)
	at java.base/java.util.concurrent.CompletableFuture$AsyncRun.exec(CompletableFuture.java:1728)
	at java.base/java.util.concurrent.ForkJoinTask.doExec(ForkJoinTask.java:290)
	at java.base/java.util.concurrent.ForkJoinPool$WorkQueue.topLevelExec(ForkJoinPool.java:1020)
	at java.base/java.util.concurrent.ForkJoinPool.scan(ForkJoinPool.java:1656)
	at java.base/java.util.concurrent.ForkJoinPool.runWorker(ForkJoinPool.java:1594)
	at java.base/java.util.concurrent.ForkJoinWorkerThread.run(ForkJoinWorkerThread.java:183)
Caused by: org.eclipse.lsp4j.jsonrpc.JsonRpcException: java.io.IOException: 파이프가 닫히는 중입니다
	at org.eclipse.lsp4j.jsonrpc.json.StreamMessageConsumer.consume(StreamMessageConsumer.java:72)
	at org.eclipse.lsp4e.LanguageServerWrapper.lambda$4(LanguageServerWrapper.java:260)
	at org.eclipse.lsp4j.jsonrpc.RemoteEndpoint.request(RemoteEndpoint.java:161)
	at org.eclipse.lsp4j.jsonrpc.services.EndpointProxy.invoke(EndpointProxy.java:91)
	at com.sun.proxy.$Proxy66.shutdown(Unknown Source)
	at org.eclipse.lsp4e.LanguageServerWrapper.lambda$13(LanguageServerWrapper.java:423)
	... 7 more
Caused by: java.io.IOException: 파이프가 닫히는 중입니다
	at java.base/java.io.FileOutputStream.writeBytes(Native Method)
	at java.base/java.io.FileOutputStream.write(FileOutputStream.java:354)
	at java.base/java.io.BufferedOutputStream.flushBuffer(BufferedOutputStream.java:81)
	at java.base/java.io.BufferedOutputStream.flush(BufferedOutputStream.java:142)
	at org.eclipse.lsp4j.jsonrpc.json.StreamMessageConsumer.consume(StreamMessageConsumer.java:69)
	... 12 more

!ENTRY org.springframework.tooling.ls.eclipse.commons 1 0 2025-06-19 16:52:07.252
!MESSAGE Entering DelegatingStreamConnectionProvider()

!ENTRY org.springframework.tooling.ls.eclipse.commons 1 0 2025-06-19 16:52:07.253
!MESSAGE Entering DelegatingStreamConnectionProvider()

!ENTRY org.springframework.tooling.ls.eclipse.commons 1 0 2025-06-19 16:52:07.253
!MESSAGE DelegatingStreamConnectionProvider classloader = org.eclipse.osgi.internal.loader.EquinoxClassLoader@56fdb4db[org.springframework.tooling.boot.ls:1.28.0.202109130547(id=1001)]

!ENTRY org.springframework.tooling.ls.eclipse.commons 1 0 2025-06-19 16:52:07.254
!MESSAGE DelegatingStreamConnectionProvider classloader = org.eclipse.osgi.internal.loader.EquinoxClassLoader@56fdb4db[org.springframework.tooling.boot.ls:1.28.0.202109130547(id=1001)]

!ENTRY org.eclipse.lsp4e 4 0 2025-06-19 16:52:07.254
!MESSAGE org.eclipse.lsp4j.jsonrpc.JsonRpcException: java.io.IOException: 파이프가 닫히는 중입니다
!STACK 0
java.util.concurrent.ExecutionException: org.eclipse.lsp4j.jsonrpc.JsonRpcException: java.io.IOException: 파이프가 닫히는 중입니다
	at java.base/java.util.concurrent.CompletableFuture.reportGet(CompletableFuture.java:395)
	at java.base/java.util.concurrent.CompletableFuture.get(CompletableFuture.java:2028)
	at org.eclipse.lsp4e.LanguageServerWrapper.lambda$13(LanguageServerWrapper.java:425)
	at java.base/java.util.concurrent.CompletableFuture$AsyncRun.run(CompletableFuture.java:1736)
	at java.base/java.util.concurrent.CompletableFuture$AsyncRun.exec(CompletableFuture.java:1728)
	at java.base/java.util.concurrent.ForkJoinTask.doExec(ForkJoinTask.java:290)
	at java.base/java.util.concurrent.ForkJoinPool$WorkQueue.topLevelExec(ForkJoinPool.java:1020)
	at java.base/java.util.concurrent.ForkJoinPool.scan(ForkJoinPool.java:1656)
	at java.base/java.util.concurrent.ForkJoinPool.runWorker(ForkJoinPool.java:1594)
	at java.base/java.util.concurrent.ForkJoinWorkerThread.run(ForkJoinWorkerThread.java:183)
Caused by: org.eclipse.lsp4j.jsonrpc.JsonRpcException: java.io.IOException: 파이프가 닫히는 중입니다
	at org.eclipse.lsp4j.jsonrpc.json.StreamMessageConsumer.consume(StreamMessageConsumer.java:72)
	at org.eclipse.lsp4e.LanguageServerWrapper.lambda$4(LanguageServerWrapper.java:260)
	at org.eclipse.lsp4j.jsonrpc.RemoteEndpoint.request(RemoteEndpoint.java:161)
	at org.eclipse.lsp4j.jsonrpc.services.EndpointProxy.invoke(EndpointProxy.java:91)
	at com.sun.proxy.$Proxy66.shutdown(Unknown Source)
	at org.eclipse.lsp4e.LanguageServerWrapper.lambda$13(LanguageServerWrapper.java:423)
	... 7 more
Caused by: java.io.IOException: 파이프가 닫히는 중입니다
	at java.base/java.io.FileOutputStream.writeBytes(Native Method)
	at java.base/java.io.FileOutputStream.write(FileOutputStream.java:354)
	at java.base/java.io.BufferedOutputStream.flushBuffer(BufferedOutputStream.java:81)
	at java.base/java.io.BufferedOutputStream.flush(BufferedOutputStream.java:142)
	at org.eclipse.lsp4j.jsonrpc.json.StreamMessageConsumer.consume(StreamMessageConsumer.java:69)
	... 12 more

!ENTRY org.springframework.tooling.ls.eclipse.commons 1 0 2025-06-19 16:52:07.255
!MESSAGE Entering DelegatingStreamConnectionProvider()

!ENTRY org.eclipse.lsp4e 4 0 2025-06-19 16:52:07.255
!MESSAGE org.eclipse.lsp4j.jsonrpc.JsonRpcException: java.io.IOException: 파이프가 닫히는 중입니다
!STACK 0
java.util.concurrent.ExecutionException: org.eclipse.lsp4j.jsonrpc.JsonRpcException: java.io.IOException: 파이프가 닫히는 중입니다
	at java.base/java.util.concurrent.CompletableFuture.reportGet(CompletableFuture.java:395)
	at java.base/java.util.concurrent.CompletableFuture.get(CompletableFuture.java:2028)
	at org.eclipse.lsp4e.LanguageServerWrapper.lambda$13(LanguageServerWrapper.java:425)
	at java.base/java.util.concurrent.CompletableFuture$AsyncRun.run(CompletableFuture.java:1736)
	at java.base/java.util.concurrent.CompletableFuture$AsyncRun.exec(CompletableFuture.java:1728)
	at java.base/java.util.concurrent.ForkJoinTask.doExec(ForkJoinTask.java:290)
	at java.base/java.util.concurrent.ForkJoinPool$WorkQueue.topLevelExec(ForkJoinPool.java:1020)
	at java.base/java.util.concurrent.ForkJoinPool.scan(ForkJoinPool.java:1656)
	at java.base/java.util.concurrent.ForkJoinPool.runWorker(ForkJoinPool.java:1594)
	at java.base/java.util.concurrent.ForkJoinWorkerThread.run(ForkJoinWorkerThread.java:183)
Caused by: org.eclipse.lsp4j.jsonrpc.JsonRpcException: java.io.IOException: 파이프가 닫히는 중입니다
	at org.eclipse.lsp4j.jsonrpc.json.StreamMessageConsumer.consume(StreamMessageConsumer.java:72)
	at org.eclipse.lsp4e.LanguageServerWrapper.lambda$4(LanguageServerWrapper.java:260)
	at org.eclipse.lsp4j.jsonrpc.RemoteEndpoint.request(RemoteEndpoint.java:161)
	at org.eclipse.lsp4j.jsonrpc.services.EndpointProxy.invoke(EndpointProxy.java:91)
	at com.sun.proxy.$Proxy66.shutdown(Unknown Source)
	at org.eclipse.lsp4e.LanguageServerWrapper.lambda$13(LanguageServerWrapper.java:423)
	... 7 more
Caused by: java.io.IOException: 파이프가 닫히는 중입니다
	at java.base/java.io.FileOutputStream.writeBytes(Native Method)
	at java.base/java.io.FileOutputStream.write(FileOutputStream.java:354)
	at java.base/java.io.BufferedOutputStream.flushBuffer(BufferedOutputStream.java:81)
	at java.base/java.io.BufferedOutputStream.flush(BufferedOutputStream.java:142)
	at org.eclipse.lsp4j.jsonrpc.json.StreamMessageConsumer.consume(StreamMessageConsumer.java:69)
	... 12 more

!ENTRY org.springframework.tooling.ls.eclipse.commons 1 0 2025-06-19 16:52:07.256
!MESSAGE DelegatingStreamConnectionProvider classloader = org.eclipse.osgi.internal.loader.EquinoxClassLoader@56fdb4db[org.springframework.tooling.boot.ls:1.28.0.202109130547(id=1001)]

!ENTRY org.springframework.tooling.ls.eclipse.commons 1 0 2025-06-19 16:52:07.256
!MESSAGE DelegatingStreamConnectionProvider classloader = org.eclipse.osgi.internal.loader.EquinoxClassLoader@56fdb4db[org.springframework.tooling.boot.ls:1.28.0.202109130547(id=1001)]

!ENTRY org.springframework.tooling.ls.eclipse.commons 1 0 2025-06-19 16:52:07.257
!MESSAGE Entering DelegatingStreamConnectionProvider()

!ENTRY org.eclipse.lsp4e 4 0 2025-06-19 16:52:07.257
!MESSAGE org.eclipse.lsp4j.jsonrpc.JsonRpcException: java.io.IOException: 파이프가 닫히는 중입니다
!STACK 0
java.util.concurrent.ExecutionException: org.eclipse.lsp4j.jsonrpc.JsonRpcException: java.io.IOException: 파이프가 닫히는 중입니다
	at java.base/java.util.concurrent.CompletableFuture.reportGet(CompletableFuture.java:395)
	at java.base/java.util.concurrent.CompletableFuture.get(CompletableFuture.java:2028)
	at org.eclipse.lsp4e.LanguageServerWrapper.lambda$13(LanguageServerWrapper.java:425)
	at java.base/java.util.concurrent.CompletableFuture$AsyncRun.run(CompletableFuture.java:1736)
	at java.base/java.util.concurrent.CompletableFuture$AsyncRun.exec(CompletableFuture.java:1728)
	at java.base/java.util.concurrent.ForkJoinTask.doExec(ForkJoinTask.java:290)
	at java.base/java.util.concurrent.ForkJoinPool$WorkQueue.topLevelExec(ForkJoinPool.java:1020)
	at java.base/java.util.concurrent.ForkJoinPool.scan(ForkJoinPool.java:1656)
	at java.base/java.util.concurrent.ForkJoinPool.runWorker(ForkJoinPool.java:1594)
	at java.base/java.util.concurrent.ForkJoinWorkerThread.run(ForkJoinWorkerThread.java:183)
Caused by: org.eclipse.lsp4j.jsonrpc.JsonRpcException: java.io.IOException: 파이프가 닫히는 중입니다
	at org.eclipse.lsp4j.jsonrpc.json.StreamMessageConsumer.consume(StreamMessageConsumer.java:72)
	at org.eclipse.lsp4e.LanguageServerWrapper.lambda$4(LanguageServerWrapper.java:260)
	at org.eclipse.lsp4j.jsonrpc.RemoteEndpoint.request(RemoteEndpoint.java:161)
	at org.eclipse.lsp4j.jsonrpc.services.EndpointProxy.invoke(EndpointProxy.java:91)
	at com.sun.proxy.$Proxy66.shutdown(Unknown Source)
	at org.eclipse.lsp4e.LanguageServerWrapper.lambda$13(LanguageServerWrapper.java:423)
	... 7 more
Caused by: java.io.IOException: 파이프가 닫히는 중입니다
	at java.base/java.io.FileOutputStream.writeBytes(Native Method)
	at java.base/java.io.FileOutputStream.write(FileOutputStream.java:354)
	at java.base/java.io.BufferedOutputStream.flushBuffer(BufferedOutputStream.java:81)
	at java.base/java.io.BufferedOutputStream.flush(BufferedOutputStream.java:142)
	at org.eclipse.lsp4j.jsonrpc.json.StreamMessageConsumer.consume(StreamMessageConsumer.java:69)
	... 12 more

!ENTRY org.springframework.tooling.ls.eclipse.commons 1 0 2025-06-19 16:52:07.258
!MESSAGE DelegatingStreamConnectionProvider classloader = org.eclipse.osgi.internal.loader.EquinoxClassLoader@56fdb4db[org.springframework.tooling.boot.ls:1.28.0.202109130547(id=1001)]

!ENTRY org.springframework.tooling.ls.eclipse.commons 1 0 2025-06-19 16:52:07.258
!MESSAGE DelegatingStreamConnectionProvider classloader = org.eclipse.osgi.internal.loader.EquinoxClassLoader@56fdb4db[org.springframework.tooling.boot.ls:1.28.0.202109130547(id=1001)]

!ENTRY org.eclipse.lsp4e 4 0 2025-06-19 16:52:07.259
!MESSAGE org.eclipse.lsp4j.jsonrpc.JsonRpcException: java.io.IOException: 파이프가 닫히는 중입니다
!STACK 0
java.util.concurrent.ExecutionException: org.eclipse.lsp4j.jsonrpc.JsonRpcException: java.io.IOException: 파이프가 닫히는 중입니다
	at java.base/java.util.concurrent.CompletableFuture.reportGet(CompletableFuture.java:395)
	at java.base/java.util.concurrent.CompletableFuture.get(CompletableFuture.java:2028)
	at org.eclipse.lsp4e.LanguageServerWrapper.lambda$13(LanguageServerWrapper.java:425)
	at java.base/java.util.concurrent.CompletableFuture$AsyncRun.run(CompletableFuture.java:1736)
	at java.base/java.util.concurrent.CompletableFuture$AsyncRun.exec(CompletableFuture.java:1728)
	at java.base/java.util.concurrent.ForkJoinTask.doExec(ForkJoinTask.java:290)
	at java.base/java.util.concurrent.ForkJoinPool$WorkQueue.topLevelExec(ForkJoinPool.java:1020)
	at java.base/java.util.concurrent.ForkJoinPool.scan(ForkJoinPool.java:1656)
	at java.base/java.util.concurrent.ForkJoinPool.runWorker(ForkJoinPool.java:1594)
	at java.base/java.util.concurrent.ForkJoinWorkerThread.run(ForkJoinWorkerThread.java:183)
Caused by: org.eclipse.lsp4j.jsonrpc.JsonRpcException: java.io.IOException: 파이프가 닫히는 중입니다
	at org.eclipse.lsp4j.jsonrpc.json.StreamMessageConsumer.consume(StreamMessageConsumer.java:72)
	at org.eclipse.lsp4e.LanguageServerWrapper.lambda$4(LanguageServerWrapper.java:260)
	at org.eclipse.lsp4j.jsonrpc.RemoteEndpoint.request(RemoteEndpoint.java:161)
	at org.eclipse.lsp4j.jsonrpc.services.EndpointProxy.invoke(EndpointProxy.java:91)
	at com.sun.proxy.$Proxy66.shutdown(Unknown Source)
	at org.eclipse.lsp4e.LanguageServerWrapper.lambda$13(LanguageServerWrapper.java:423)
	... 7 more
Caused by: java.io.IOException: 파이프가 닫히는 중입니다
	at java.base/java.io.FileOutputStream.writeBytes(Native Method)
	at java.base/java.io.FileOutputStream.write(FileOutputStream.java:354)
	at java.base/java.io.BufferedOutputStream.flushBuffer(BufferedOutputStream.java:81)
	at java.base/java.io.BufferedOutputStream.flush(BufferedOutputStream.java:142)
	at org.eclipse.lsp4j.jsonrpc.json.StreamMessageConsumer.consume(StreamMessageConsumer.java:69)
	... 12 more

!ENTRY org.springframework.tooling.ls.eclipse.commons 1 0 2025-06-19 16:52:07.259
!MESSAGE DelegatingStreamConnectionProvider classloader = org.eclipse.osgi.internal.loader.EquinoxClassLoader@56fdb4db[org.springframework.tooling.boot.ls:1.28.0.202109130547(id=1001)]

!ENTRY org.springframework.tooling.ls.eclipse.commons 1 0 2025-06-19 16:52:07.259
!MESSAGE SpringBootLanguageServer exists!

!ENTRY org.springframework.tooling.ls.eclipse.commons 1 0 2025-06-19 16:52:07.260
!MESSAGE SpringBootLanguageServer exists!

!ENTRY org.eclipse.lsp4e 4 0 2025-06-19 16:52:07.260
!MESSAGE org.eclipse.lsp4j.jsonrpc.JsonRpcException: java.io.IOException: 파이프가 닫히는 중입니다
!STACK 0
java.util.concurrent.ExecutionException: org.eclipse.lsp4j.jsonrpc.JsonRpcException: java.io.IOException: 파이프가 닫히는 중입니다
	at java.base/java.util.concurrent.CompletableFuture.reportGet(CompletableFuture.java:395)
	at java.base/java.util.concurrent.CompletableFuture.get(CompletableFuture.java:2028)
	at org.eclipse.lsp4e.LanguageServerWrapper.lambda$13(LanguageServerWrapper.java:425)
	at java.base/java.util.concurrent.CompletableFuture$AsyncRun.run(CompletableFuture.java:1736)
	at java.base/java.util.concurrent.CompletableFuture$AsyncRun.exec(CompletableFuture.java:1728)
	at java.base/java.util.concurrent.ForkJoinTask.doExec(ForkJoinTask.java:290)
	at java.base/java.util.concurrent.ForkJoinPool$WorkQueue.topLevelExec(ForkJoinPool.java:1020)
	at java.base/java.util.concurrent.ForkJoinPool.scan(ForkJoinPool.java:1656)
	at java.base/java.util.concurrent.ForkJoinPool.runWorker(ForkJoinPool.java:1594)
	at java.base/java.util.concurrent.ForkJoinWorkerThread.run(ForkJoinWorkerThread.java:183)
Caused by: org.eclipse.lsp4j.jsonrpc.JsonRpcException: java.io.IOException: 파이프가 닫히는 중입니다
	at org.eclipse.lsp4j.jsonrpc.json.StreamMessageConsumer.consume(StreamMessageConsumer.java:72)
	at org.eclipse.lsp4e.LanguageServerWrapper.lambda$4(LanguageServerWrapper.java:260)
	at org.eclipse.lsp4j.jsonrpc.RemoteEndpoint.request(RemoteEndpoint.java:161)
	at org.eclipse.lsp4j.jsonrpc.services.EndpointProxy.invoke(EndpointProxy.java:91)
	at com.sun.proxy.$Proxy66.shutdown(Unknown Source)
	at org.eclipse.lsp4e.LanguageServerWrapper.lambda$13(LanguageServerWrapper.java:423)
	... 7 more
Caused by: java.io.IOException: 파이프가 닫히는 중입니다
	at java.base/java.io.FileOutputStream.writeBytes(Native Method)
	at java.base/java.io.FileOutputStream.write(FileOutputStream.java:354)
	at java.base/java.io.BufferedOutputStream.flushBuffer(BufferedOutputStream.java:81)
	at java.base/java.io.BufferedOutputStream.flush(BufferedOutputStream.java:142)
	at org.eclipse.lsp4j.jsonrpc.json.StreamMessageConsumer.consume(StreamMessageConsumer.java:69)
	... 12 more

!ENTRY org.springframework.tooling.ls.eclipse.commons 1 0 2025-06-19 16:52:07.260
!MESSAGE DelegatingStreamConnectionProvider classloader = org.eclipse.osgi.internal.loader.EquinoxClassLoader@56fdb4db[org.springframework.tooling.boot.ls:1.28.0.202109130547(id=1001)]

!ENTRY org.springframework.tooling.ls.eclipse.commons 1 0 2025-06-19 16:52:07.261
!MESSAGE SpringBootLanguageServer exists!

!ENTRY org.springframework.tooling.ls.eclipse.commons 1 0 2025-06-19 16:52:07.261
!MESSAGE Entering DelegatingStreamConnectionProvider()

!ENTRY org.springframework.tooling.ls.eclipse.commons 1 0 2025-06-19 16:52:07.261
!MESSAGE SpringBootLanguageServer exists!

!ENTRY org.springframework.tooling.ls.eclipse.commons 1 0 2025-06-19 16:52:07.261
!MESSAGE DelegatingStreamConnectionProvider classloader = org.eclipse.osgi.internal.loader.EquinoxClassLoader@56fdb4db[org.springframework.tooling.boot.ls:1.28.0.202109130547(id=1001)]

!ENTRY org.eclipse.lsp4e 4 0 2025-06-19 16:52:07.262
!MESSAGE org.eclipse.lsp4j.jsonrpc.JsonRpcException: java.io.IOException: 파이프가 닫히는 중입니다
!STACK 0
java.util.concurrent.ExecutionException: org.eclipse.lsp4j.jsonrpc.JsonRpcException: java.io.IOException: 파이프가 닫히는 중입니다
	at java.base/java.util.concurrent.CompletableFuture.reportGet(CompletableFuture.java:395)
	at java.base/java.util.concurrent.CompletableFuture.get(CompletableFuture.java:2028)
	at org.eclipse.lsp4e.LanguageServerWrapper.lambda$13(LanguageServerWrapper.java:425)
	at java.base/java.util.concurrent.CompletableFuture$AsyncRun.run(CompletableFuture.java:1736)
	at java.base/java.util.concurrent.CompletableFuture$AsyncRun.exec(CompletableFuture.java:1728)
	at java.base/java.util.concurrent.ForkJoinTask.doExec(ForkJoinTask.java:290)
	at java.base/java.util.concurrent.ForkJoinPool$WorkQueue.topLevelExec(ForkJoinPool.java:1020)
	at java.base/java.util.concurrent.ForkJoinPool.scan(ForkJoinPool.java:1656)
	at java.base/java.util.concurrent.ForkJoinPool.runWorker(ForkJoinPool.java:1594)
	at java.base/java.util.concurrent.ForkJoinWorkerThread.run(ForkJoinWorkerThread.java:183)
Caused by: org.eclipse.lsp4j.jsonrpc.JsonRpcException: java.io.IOException: 파이프가 닫히는 중입니다
	at org.eclipse.lsp4j.jsonrpc.json.StreamMessageConsumer.consume(StreamMessageConsumer.java:72)
	at org.eclipse.lsp4e.LanguageServerWrapper.lambda$4(LanguageServerWrapper.java:260)
	at org.eclipse.lsp4j.jsonrpc.RemoteEndpoint.request(RemoteEndpoint.java:161)
	at org.eclipse.lsp4j.jsonrpc.services.EndpointProxy.invoke(EndpointProxy.java:91)
	at com.sun.proxy.$Proxy66.shutdown(Unknown Source)
	at org.eclipse.lsp4e.LanguageServerWrapper.lambda$13(LanguageServerWrapper.java:423)
	... 7 more
Caused by: java.io.IOException: 파이프가 닫히는 중입니다
	at java.base/java.io.FileOutputStream.writeBytes(Native Method)
	at java.base/java.io.FileOutputStream.write(FileOutputStream.java:354)
	at java.base/java.io.BufferedOutputStream.flushBuffer(BufferedOutputStream.java:81)
	at java.base/java.io.BufferedOutputStream.flush(BufferedOutputStream.java:142)
	at org.eclipse.lsp4j.jsonrpc.json.StreamMessageConsumer.consume(StreamMessageConsumer.java:69)
	... 12 more

!ENTRY org.springframework.tooling.ls.eclipse.commons 1 0 2025-06-19 16:52:07.262
!MESSAGE SpringBootLanguageServer exists!

!ENTRY org.springframework.tooling.ls.eclipse.commons 1 0 2025-06-19 16:52:07.264
!MESSAGE SpringBootLanguageServer exists!

!ENTRY org.springframework.tooling.ls.eclipse.commons 1 0 2025-06-19 16:52:07.264
!MESSAGE DelegatingStreamConnectionProvider classloader = org.eclipse.osgi.internal.loader.EquinoxClassLoader@56fdb4db[org.springframework.tooling.boot.ls:1.28.0.202109130547(id=1001)]

!ENTRY org.springframework.tooling.ls.eclipse.commons 1 0 2025-06-19 16:52:07.264
!MESSAGE DelegatingStreamConnectionProvider classloader = org.eclipse.osgi.internal.loader.EquinoxClassLoader@56fdb4db[org.springframework.tooling.boot.ls:1.28.0.202109130547(id=1001)]

!ENTRY org.springframework.tooling.ls.eclipse.commons 1 0 2025-06-19 16:52:07.265
!MESSAGE SpringBootLanguageServer exists!

!ENTRY org.springframework.tooling.ls.eclipse.commons 1 0 2025-06-19 16:52:07.265
!MESSAGE Entering DelegatingStreamConnectionProvider()

!ENTRY org.springframework.tooling.ls.eclipse.commons 1 0 2025-06-19 16:52:07.265
!MESSAGE SpringBootLanguageServer exists!

!ENTRY org.springframework.tooling.ls.eclipse.commons 1 0 2025-06-19 16:52:07.265
!MESSAGE DelegatingStreamConnectionProvider classloader = org.eclipse.osgi.internal.loader.EquinoxClassLoader@56fdb4db[org.springframework.tooling.boot.ls:1.28.0.202109130547(id=1001)]

!ENTRY org.eclipse.lsp4e 4 0 2025-06-19 16:52:07.265
!MESSAGE org.eclipse.lsp4j.jsonrpc.JsonRpcException: java.io.IOException: 파이프가 닫히는 중입니다
!STACK 0
java.util.concurrent.ExecutionException: org.eclipse.lsp4j.jsonrpc.JsonRpcException: java.io.IOException: 파이프가 닫히는 중입니다
	at java.base/java.util.concurrent.CompletableFuture.reportGet(CompletableFuture.java:395)
	at java.base/java.util.concurrent.CompletableFuture.get(CompletableFuture.java:2028)
	at org.eclipse.lsp4e.LanguageServerWrapper.lambda$13(LanguageServerWrapper.java:425)
	at java.base/java.util.concurrent.CompletableFuture$AsyncRun.run(CompletableFuture.java:1736)
	at java.base/java.util.concurrent.CompletableFuture$AsyncRun.exec(CompletableFuture.java:1728)
	at java.base/java.util.concurrent.ForkJoinTask.doExec(ForkJoinTask.java:290)
	at java.base/java.util.concurrent.ForkJoinPool$WorkQueue.topLevelExec(ForkJoinPool.java:1020)
	at java.base/java.util.concurrent.ForkJoinPool.scan(ForkJoinPool.java:1656)
	at java.base/java.util.concurrent.ForkJoinPool.runWorker(ForkJoinPool.java:1594)
	at java.base/java.util.concurrent.ForkJoinWorkerThread.run(ForkJoinWorkerThread.java:183)
Caused by: org.eclipse.lsp4j.jsonrpc.JsonRpcException: java.io.IOException: 파이프가 닫히는 중입니다
	at org.eclipse.lsp4j.jsonrpc.json.StreamMessageConsumer.consume(StreamMessageConsumer.java:72)
	at org.eclipse.lsp4e.LanguageServerWrapper.lambda$4(LanguageServerWrapper.java:260)
	at org.eclipse.lsp4j.jsonrpc.RemoteEndpoint.request(RemoteEndpoint.java:161)
	at org.eclipse.lsp4j.jsonrpc.services.EndpointProxy.invoke(EndpointProxy.java:91)
	at com.sun.proxy.$Proxy66.shutdown(Unknown Source)
	at org.eclipse.lsp4e.LanguageServerWrapper.lambda$13(LanguageServerWrapper.java:423)
	... 7 more
Caused by: java.io.IOException: 파이프가 닫히는 중입니다
	at java.base/java.io.FileOutputStream.writeBytes(Native Method)
	at java.base/java.io.FileOutputStream.write(FileOutputStream.java:354)
	at java.base/java.io.BufferedOutputStream.flushBuffer(BufferedOutputStream.java:81)
	at java.base/java.io.BufferedOutputStream.flush(BufferedOutputStream.java:142)
	at org.eclipse.lsp4j.jsonrpc.json.StreamMessageConsumer.consume(StreamMessageConsumer.java:69)
	... 12 more

!ENTRY org.springframework.tooling.ls.eclipse.commons 1 0 2025-06-19 16:52:07.266
!MESSAGE SpringBootLanguageServer exists!

!ENTRY org.springframework.tooling.ls.eclipse.commons 1 0 2025-06-19 16:52:07.266
!MESSAGE SpringBootLanguageServer exists!

!ENTRY org.springframework.tooling.ls.eclipse.commons 1 0 2025-06-19 16:52:07.266
!MESSAGE Entering DelegatingStreamConnectionProvider()

!ENTRY org.springframework.tooling.ls.eclipse.commons 1 0 2025-06-19 16:52:07.266
!MESSAGE Entering DelegatingStreamConnectionProvider()

!ENTRY org.springframework.tooling.ls.eclipse.commons 1 0 2025-06-19 16:52:07.267
!MESSAGE SpringBootLanguageServer exists!

!ENTRY org.eclipse.lsp4e 4 0 2025-06-19 16:52:07.267
!MESSAGE org.eclipse.lsp4j.jsonrpc.JsonRpcException: java.io.IOException: 파이프가 닫히는 중입니다
!STACK 0
java.util.concurrent.ExecutionException: org.eclipse.lsp4j.jsonrpc.JsonRpcException: java.io.IOException: 파이프가 닫히는 중입니다
	at java.base/java.util.concurrent.CompletableFuture.reportGet(CompletableFuture.java:395)
	at java.base/java.util.concurrent.CompletableFuture.get(CompletableFuture.java:2028)
	at org.eclipse.lsp4e.LanguageServerWrapper.lambda$13(LanguageServerWrapper.java:425)
	at java.base/java.util.concurrent.CompletableFuture$AsyncRun.run(CompletableFuture.java:1736)
	at java.base/java.util.concurrent.CompletableFuture$AsyncRun.exec(CompletableFuture.java:1728)
	at java.base/java.util.concurrent.ForkJoinTask.doExec(ForkJoinTask.java:290)
	at java.base/java.util.concurrent.ForkJoinPool$WorkQueue.topLevelExec(ForkJoinPool.java:1020)
	at java.base/java.util.concurrent.ForkJoinPool.scan(ForkJoinPool.java:1656)
	at java.base/java.util.concurrent.ForkJoinPool.runWorker(ForkJoinPool.java:1594)
	at java.base/java.util.concurrent.ForkJoinWorkerThread.run(ForkJoinWorkerThread.java:183)
Caused by: org.eclipse.lsp4j.jsonrpc.JsonRpcException: java.io.IOException: 파이프가 닫히는 중입니다
	at org.eclipse.lsp4j.jsonrpc.json.StreamMessageConsumer.consume(StreamMessageConsumer.java:72)
	at org.eclipse.lsp4e.LanguageServerWrapper.lambda$4(LanguageServerWrapper.java:260)
	at org.eclipse.lsp4j.jsonrpc.RemoteEndpoint.request(RemoteEndpoint.java:161)
	at org.eclipse.lsp4j.jsonrpc.services.EndpointProxy.invoke(EndpointProxy.java:91)
	at com.sun.proxy.$Proxy66.shutdown(Unknown Source)
	at org.eclipse.lsp4e.LanguageServerWrapper.lambda$13(LanguageServerWrapper.java:423)
	... 7 more
Caused by: java.io.IOException: 파이프가 닫히는 중입니다
	at java.base/java.io.FileOutputStream.writeBytes(Native Method)
	at java.base/java.io.FileOutputStream.write(FileOutputStream.java:354)
	at java.base/java.io.BufferedOutputStream.flushBuffer(BufferedOutputStream.java:81)
	at java.base/java.io.BufferedOutputStream.flush(BufferedOutputStream.java:142)
	at org.eclipse.lsp4j.jsonrpc.json.StreamMessageConsumer.consume(StreamMessageConsumer.java:69)
	... 12 more

!ENTRY org.springframework.tooling.ls.eclipse.commons 1 0 2025-06-19 16:52:07.267
!MESSAGE DelegatingStreamConnectionProvider classloader = org.eclipse.osgi.internal.loader.EquinoxClassLoader@56fdb4db[org.springframework.tooling.boot.ls:1.28.0.202109130547(id=1001)]

!ENTRY org.springframework.tooling.ls.eclipse.commons 1 0 2025-06-19 16:52:07.267
!MESSAGE SpringBootLanguageServer exists!

!ENTRY org.springframework.tooling.ls.eclipse.commons 1 0 2025-06-19 16:52:07.268
!MESSAGE Entering DelegatingStreamConnectionProvider()

!ENTRY org.springframework.tooling.ls.eclipse.commons 1 0 2025-06-19 16:52:07.268
!MESSAGE SpringBootLanguageServer exists!

!ENTRY org.eclipse.lsp4e 4 0 2025-06-19 16:52:07.268
!MESSAGE org.eclipse.lsp4j.jsonrpc.JsonRpcException: java.io.IOException: 파이프가 닫히는 중입니다
!STACK 0
java.util.concurrent.ExecutionException: org.eclipse.lsp4j.jsonrpc.JsonRpcException: java.io.IOException: 파이프가 닫히는 중입니다
	at java.base/java.util.concurrent.CompletableFuture.reportGet(CompletableFuture.java:395)
	at java.base/java.util.concurrent.CompletableFuture.get(CompletableFuture.java:2028)
	at org.eclipse.lsp4e.LanguageServerWrapper.lambda$13(LanguageServerWrapper.java:425)
	at java.base/java.util.concurrent.CompletableFuture$AsyncRun.run(CompletableFuture.java:1736)
	at java.base/java.util.concurrent.CompletableFuture$AsyncRun.exec(CompletableFuture.java:1728)
	at java.base/java.util.concurrent.ForkJoinTask.doExec(ForkJoinTask.java:290)
	at java.base/java.util.concurrent.ForkJoinPool$WorkQueue.topLevelExec(ForkJoinPool.java:1020)
	at java.base/java.util.concurrent.ForkJoinPool.scan(ForkJoinPool.java:1656)
	at java.base/java.util.concurrent.ForkJoinPool.runWorker(ForkJoinPool.java:1594)
	at java.base/java.util.concurrent.ForkJoinWorkerThread.run(ForkJoinWorkerThread.java:183)
Caused by: org.eclipse.lsp4j.jsonrpc.JsonRpcException: java.io.IOException: 파이프가 닫히는 중입니다
	at org.eclipse.lsp4j.jsonrpc.json.StreamMessageConsumer.consume(StreamMessageConsumer.java:72)
	at org.eclipse.lsp4e.LanguageServerWrapper.lambda$4(LanguageServerWrapper.java:260)
	at org.eclipse.lsp4j.jsonrpc.RemoteEndpoint.request(RemoteEndpoint.java:161)
	at org.eclipse.lsp4j.jsonrpc.services.EndpointProxy.invoke(EndpointProxy.java:91)
	at com.sun.proxy.$Proxy66.shutdown(Unknown Source)
	at org.eclipse.lsp4e.LanguageServerWrapper.lambda$13(LanguageServerWrapper.java:423)
	... 7 more
Caused by: java.io.IOException: 파이프가 닫히는 중입니다
	at java.base/java.io.FileOutputStream.writeBytes(Native Method)
	at java.base/java.io.FileOutputStream.write(FileOutputStream.java:354)
	at java.base/java.io.BufferedOutputStream.flushBuffer(BufferedOutputStream.java:81)
	at java.base/java.io.BufferedOutputStream.flush(BufferedOutputStream.java:142)
	at org.eclipse.lsp4j.jsonrpc.json.StreamMessageConsumer.consume(StreamMessageConsumer.java:69)
	... 12 more

!ENTRY org.springframework.tooling.ls.eclipse.commons 1 0 2025-06-19 16:52:07.268
!MESSAGE DelegatingStreamConnectionProvider classloader = org.eclipse.osgi.internal.loader.EquinoxClassLoader@56fdb4db[org.springframework.tooling.boot.ls:1.28.0.202109130547(id=1001)]

!ENTRY org.springframework.tooling.ls.eclipse.commons 1 0 2025-06-19 16:52:07.269
!MESSAGE DelegatingStreamConnectionProvider classloader = org.eclipse.osgi.internal.loader.EquinoxClassLoader@56fdb4db[org.springframework.tooling.boot.ls:1.28.0.202109130547(id=1001)]

!ENTRY org.springframework.tooling.ls.eclipse.commons 1 0 2025-06-19 16:52:07.269
!MESSAGE SpringBootLanguageServer exists!

!ENTRY org.springframework.tooling.ls.eclipse.commons 1 0 2025-06-19 16:52:07.269
!MESSAGE Entering DelegatingStreamConnectionProvider()

!ENTRY org.eclipse.lsp4e 4 0 2025-06-19 16:52:07.269
!MESSAGE org.eclipse.lsp4j.jsonrpc.JsonRpcException: java.io.IOException: 파이프가 닫히는 중입니다
!STACK 0
java.util.concurrent.ExecutionException: org.eclipse.lsp4j.jsonrpc.JsonRpcException: java.io.IOException: 파이프가 닫히는 중입니다
	at java.base/java.util.concurrent.CompletableFuture.reportGet(CompletableFuture.java:395)
	at java.base/java.util.concurrent.CompletableFuture.get(CompletableFuture.java:2028)
	at org.eclipse.lsp4e.LanguageServerWrapper.lambda$13(LanguageServerWrapper.java:425)
	at java.base/java.util.concurrent.CompletableFuture$AsyncRun.run(CompletableFuture.java:1736)
	at java.base/java.util.concurrent.CompletableFuture$AsyncRun.exec(CompletableFuture.java:1728)
	at java.base/java.util.concurrent.ForkJoinTask.doExec(ForkJoinTask.java:290)
	at java.base/java.util.concurrent.ForkJoinPool$WorkQueue.topLevelExec(ForkJoinPool.java:1020)
	at java.base/java.util.concurrent.ForkJoinPool.scan(ForkJoinPool.java:1656)
	at java.base/java.util.concurrent.ForkJoinPool.runWorker(ForkJoinPool.java:1594)
	at java.base/java.util.concurrent.ForkJoinWorkerThread.run(ForkJoinWorkerThread.java:183)
Caused by: org.eclipse.lsp4j.jsonrpc.JsonRpcException: java.io.IOException: 파이프가 닫히는 중입니다
	at org.eclipse.lsp4j.jsonrpc.json.StreamMessageConsumer.consume(StreamMessageConsumer.java:72)
	at org.eclipse.lsp4e.LanguageServerWrapper.lambda$4(LanguageServerWrapper.java:260)
	at org.eclipse.lsp4j.jsonrpc.RemoteEndpoint.request(RemoteEndpoint.java:161)
	at org.eclipse.lsp4j.jsonrpc.services.EndpointProxy.invoke(EndpointProxy.java:91)
	at com.sun.proxy.$Proxy66.shutdown(Unknown Source)
	at org.eclipse.lsp4e.LanguageServerWrapper.lambda$13(LanguageServerWrapper.java:423)
	... 7 more
Caused by: java.io.IOException: 파이프가 닫히는 중입니다
	at java.base/java.io.FileOutputStream.writeBytes(Native Method)
	at java.base/java.io.FileOutputStream.write(FileOutputStream.java:354)
	at java.base/java.io.BufferedOutputStream.flushBuffer(BufferedOutputStream.java:81)
	at java.base/java.io.BufferedOutputStream.flush(BufferedOutputStream.java:142)
	at org.eclipse.lsp4j.jsonrpc.json.StreamMessageConsumer.consume(StreamMessageConsumer.java:69)
	... 12 more

!ENTRY org.springframework.tooling.ls.eclipse.commons 1 0 2025-06-19 16:52:07.270
!MESSAGE DelegatingStreamConnectionProvider classloader = org.eclipse.osgi.internal.loader.EquinoxClassLoader@56fdb4db[org.springframework.tooling.boot.ls:1.28.0.202109130547(id=1001)]

!ENTRY org.springframework.tooling.ls.eclipse.commons 1 0 2025-06-19 16:52:07.270
!MESSAGE DelegatingStreamConnectionProvider classloader = org.eclipse.osgi.internal.loader.EquinoxClassLoader@56fdb4db[org.springframework.tooling.boot.ls:1.28.0.202109130547(id=1001)]

!ENTRY org.springframework.tooling.ls.eclipse.commons 1 0 2025-06-19 16:52:07.270
!MESSAGE SpringBootLanguageServer exists!

!ENTRY org.springframework.tooling.ls.eclipse.commons 1 0 2025-06-19 16:52:07.270
!MESSAGE SpringBootLanguageServer exists!

!ENTRY org.springframework.tooling.ls.eclipse.commons 1 0 2025-06-19 16:52:07.270
!MESSAGE SpringBootLanguageServer exists!

!ENTRY org.springframework.tooling.ls.eclipse.commons 1 0 2025-06-19 16:52:07.270
!MESSAGE Entering DelegatingStreamConnectionProvider()

!ENTRY org.eclipse.lsp4e 4 0 2025-06-19 16:52:07.272
!MESSAGE org.eclipse.lsp4j.jsonrpc.JsonRpcException: java.io.IOException: 파이프가 닫히는 중입니다
!STACK 0
java.util.concurrent.ExecutionException: org.eclipse.lsp4j.jsonrpc.JsonRpcException: java.io.IOException: 파이프가 닫히는 중입니다
	at java.base/java.util.concurrent.CompletableFuture.reportGet(CompletableFuture.java:395)
	at java.base/java.util.concurrent.CompletableFuture.get(CompletableFuture.java:2028)
	at org.eclipse.lsp4e.LanguageServerWrapper.lambda$13(LanguageServerWrapper.java:425)
	at java.base/java.util.concurrent.CompletableFuture$AsyncRun.run(CompletableFuture.java:1736)
	at java.base/java.util.concurrent.CompletableFuture$AsyncRun.exec(CompletableFuture.java:1728)
	at java.base/java.util.concurrent.ForkJoinTask.doExec(ForkJoinTask.java:290)
	at java.base/java.util.concurrent.ForkJoinPool$WorkQueue.topLevelExec(ForkJoinPool.java:1020)
	at java.base/java.util.concurrent.ForkJoinPool.scan(ForkJoinPool.java:1656)
	at java.base/java.util.concurrent.ForkJoinPool.runWorker(ForkJoinPool.java:1594)
	at java.base/java.util.concurrent.ForkJoinWorkerThread.run(ForkJoinWorkerThread.java:183)
Caused by: org.eclipse.lsp4j.jsonrpc.JsonRpcException: java.io.IOException: 파이프가 닫히는 중입니다
	at org.eclipse.lsp4j.jsonrpc.json.StreamMessageConsumer.consume(StreamMessageConsumer.java:72)
	at org.eclipse.lsp4e.LanguageServerWrapper.lambda$4(LanguageServerWrapper.java:260)
	at org.eclipse.lsp4j.jsonrpc.RemoteEndpoint.request(RemoteEndpoint.java:161)
	at org.eclipse.lsp4j.jsonrpc.services.EndpointProxy.invoke(EndpointProxy.java:91)
	at com.sun.proxy.$Proxy66.shutdown(Unknown Source)
	at org.eclipse.lsp4e.LanguageServerWrapper.lambda$13(LanguageServerWrapper.java:423)
	... 7 more
Caused by: java.io.IOException: 파이프가 닫히는 중입니다
	at java.base/java.io.FileOutputStream.writeBytes(Native Method)
	at java.base/java.io.FileOutputStream.write(FileOutputStream.java:354)
	at java.base/java.io.BufferedOutputStream.flushBuffer(BufferedOutputStream.java:81)
	at java.base/java.io.BufferedOutputStream.flush(BufferedOutputStream.java:142)
	at org.eclipse.lsp4j.jsonrpc.json.StreamMessageConsumer.consume(StreamMessageConsumer.java:69)
	... 12 more

!ENTRY org.springframework.tooling.ls.eclipse.commons 1 0 2025-06-19 16:52:07.272
!MESSAGE DelegatingStreamConnectionProvider classloader = org.eclipse.osgi.internal.loader.EquinoxClassLoader@56fdb4db[org.springframework.tooling.boot.ls:1.28.0.202109130547(id=1001)]

!ENTRY org.springframework.tooling.ls.eclipse.commons 1 0 2025-06-19 16:52:07.272
!MESSAGE SpringBootLanguageServer exists!

!ENTRY org.springframework.tooling.ls.eclipse.commons 1 0 2025-06-19 16:52:07.272
!MESSAGE Entering DelegatingStreamConnectionProvider()

!ENTRY org.eclipse.lsp4e 4 0 2025-06-19 16:52:07.272
!MESSAGE org.eclipse.lsp4j.jsonrpc.JsonRpcException: java.io.IOException: 파이프가 닫히는 중입니다
!STACK 0
java.util.concurrent.ExecutionException: org.eclipse.lsp4j.jsonrpc.JsonRpcException: java.io.IOException: 파이프가 닫히는 중입니다
	at java.base/java.util.concurrent.CompletableFuture.reportGet(CompletableFuture.java:395)
	at java.base/java.util.concurrent.CompletableFuture.get(CompletableFuture.java:2028)
	at org.eclipse.lsp4e.LanguageServerWrapper.lambda$13(LanguageServerWrapper.java:425)
	at java.base/java.util.concurrent.CompletableFuture$AsyncRun.run(CompletableFuture.java:1736)
	at java.base/java.util.concurrent.CompletableFuture$AsyncRun.exec(CompletableFuture.java:1728)
	at java.base/java.util.concurrent.ForkJoinTask.doExec(ForkJoinTask.java:290)
	at java.base/java.util.concurrent.ForkJoinPool$WorkQueue.topLevelExec(ForkJoinPool.java:1020)
	at java.base/java.util.concurrent.ForkJoinPool.scan(ForkJoinPool.java:1656)
	at java.base/java.util.concurrent.ForkJoinPool.runWorker(ForkJoinPool.java:1594)
	at java.base/java.util.concurrent.ForkJoinWorkerThread.run(ForkJoinWorkerThread.java:183)
Caused by: org.eclipse.lsp4j.jsonrpc.JsonRpcException: java.io.IOException: 파이프가 닫히는 중입니다
	at org.eclipse.lsp4j.jsonrpc.json.StreamMessageConsumer.consume(StreamMessageConsumer.java:72)
	at org.eclipse.lsp4e.LanguageServerWrapper.lambda$4(LanguageServerWrapper.java:260)
	at org.eclipse.lsp4j.jsonrpc.RemoteEndpoint.request(RemoteEndpoint.java:161)
	at org.eclipse.lsp4j.jsonrpc.services.EndpointProxy.invoke(EndpointProxy.java:91)
	at com.sun.proxy.$Proxy66.shutdown(Unknown Source)
	at org.eclipse.lsp4e.LanguageServerWrapper.lambda$13(LanguageServerWrapper.java:423)
	... 7 more
Caused by: java.io.IOException: 파이프가 닫히는 중입니다
	at java.base/java.io.FileOutputStream.writeBytes(Native Method)
	at java.base/java.io.FileOutputStream.write(FileOutputStream.java:354)
	at java.base/java.io.BufferedOutputStream.flushBuffer(BufferedOutputStream.java:81)
	at java.base/java.io.BufferedOutputStream.flush(BufferedOutputStream.java:142)
	at org.eclipse.lsp4j.jsonrpc.json.StreamMessageConsumer.consume(StreamMessageConsumer.java:69)
	... 12 more

!ENTRY org.springframework.tooling.ls.eclipse.commons 1 0 2025-06-19 16:52:07.273
!MESSAGE DelegatingStreamConnectionProvider classloader = org.eclipse.osgi.internal.loader.EquinoxClassLoader@56fdb4db[org.springframework.tooling.boot.ls:1.28.0.202109130547(id=1001)]

!ENTRY org.springframework.tooling.ls.eclipse.commons 1 0 2025-06-19 16:52:07.273
!MESSAGE SpringBootLanguageServer exists!

!ENTRY org.eclipse.lsp4e 4 0 2025-06-19 16:52:07.273
!MESSAGE org.eclipse.lsp4j.jsonrpc.JsonRpcException: java.io.IOException: 파이프가 닫히는 중입니다
!STACK 0
java.util.concurrent.ExecutionException: org.eclipse.lsp4j.jsonrpc.JsonRpcException: java.io.IOException: 파이프가 닫히는 중입니다
	at java.base/java.util.concurrent.CompletableFuture.reportGet(CompletableFuture.java:395)
	at java.base/java.util.concurrent.CompletableFuture.get(CompletableFuture.java:2028)
	at org.eclipse.lsp4e.LanguageServerWrapper.lambda$13(LanguageServerWrapper.java:425)
	at java.base/java.util.concurrent.CompletableFuture$AsyncRun.run(CompletableFuture.java:1736)
	at java.base/java.util.concurrent.CompletableFuture$AsyncRun.exec(CompletableFuture.java:1728)
	at java.base/java.util.concurrent.ForkJoinTask.doExec(ForkJoinTask.java:290)
	at java.base/java.util.concurrent.ForkJoinPool$WorkQueue.topLevelExec(ForkJoinPool.java:1020)
	at java.base/java.util.concurrent.ForkJoinPool.scan(ForkJoinPool.java:1656)
	at java.base/java.util.concurrent.ForkJoinPool.runWorker(ForkJoinPool.java:1594)
	at java.base/java.util.concurrent.ForkJoinWorkerThread.run(ForkJoinWorkerThread.java:183)
Caused by: org.eclipse.lsp4j.jsonrpc.JsonRpcException: java.io.IOException: 파이프가 닫히는 중입니다
	at org.eclipse.lsp4j.jsonrpc.json.StreamMessageConsumer.consume(StreamMessageConsumer.java:72)
	at org.eclipse.lsp4e.LanguageServerWrapper.lambda$4(LanguageServerWrapper.java:260)
	at org.eclipse.lsp4j.jsonrpc.RemoteEndpoint.request(RemoteEndpoint.java:161)
	at org.eclipse.lsp4j.jsonrpc.services.EndpointProxy.invoke(EndpointProxy.java:91)
	at com.sun.proxy.$Proxy66.shutdown(Unknown Source)
	at org.eclipse.lsp4e.LanguageServerWrapper.lambda$13(LanguageServerWrapper.java:423)
	... 7 more
Caused by: java.io.IOException: 파이프가 닫히는 중입니다
	at java.base/java.io.FileOutputStream.writeBytes(Native Method)
	at java.base/java.io.FileOutputStream.write(FileOutputStream.java:354)
	at java.base/java.io.BufferedOutputStream.flushBuffer(BufferedOutputStream.java:81)
	at java.base/java.io.BufferedOutputStream.flush(BufferedOutputStream.java:142)
	at org.eclipse.lsp4j.jsonrpc.json.StreamMessageConsumer.consume(StreamMessageConsumer.java:69)
	... 12 more

!ENTRY org.springframework.tooling.ls.eclipse.commons 1 0 2025-06-19 16:52:07.273
!MESSAGE Entering DelegatingStreamConnectionProvider()

!ENTRY org.springframework.tooling.ls.eclipse.commons 1 0 2025-06-19 16:52:07.273
!MESSAGE DelegatingStreamConnectionProvider classloader = org.eclipse.osgi.internal.loader.EquinoxClassLoader@56fdb4db[org.springframework.tooling.boot.ls:1.28.0.202109130547(id=1001)]

!ENTRY org.springframework.tooling.ls.eclipse.commons 1 0 2025-06-19 16:52:07.274
!MESSAGE SpringBootLanguageServer exists!

!ENTRY org.springframework.tooling.ls.eclipse.commons 1 0 2025-06-19 16:52:08.177
!MESSAGE Entering DelegatingStreamConnectionProvider()

!ENTRY org.eclipse.lsp4e 4 0 2025-06-19 16:52:08.177
!MESSAGE org.eclipse.lsp4j.jsonrpc.JsonRpcException: java.io.IOException: 파이프가 닫히는 중입니다
!STACK 0
java.util.concurrent.ExecutionException: org.eclipse.lsp4j.jsonrpc.JsonRpcException: java.io.IOException: 파이프가 닫히는 중입니다
	at java.base/java.util.concurrent.CompletableFuture.reportGet(CompletableFuture.java:395)
	at java.base/java.util.concurrent.CompletableFuture.get(CompletableFuture.java:2028)
	at org.eclipse.lsp4e.LanguageServerWrapper.lambda$13(LanguageServerWrapper.java:425)
	at java.base/java.util.concurrent.CompletableFuture$AsyncRun.run(CompletableFuture.java:1736)
	at java.base/java.util.concurrent.CompletableFuture$AsyncRun.exec(CompletableFuture.java:1728)
	at java.base/java.util.concurrent.ForkJoinTask.doExec(ForkJoinTask.java:290)
	at java.base/java.util.concurrent.ForkJoinPool$WorkQueue.topLevelExec(ForkJoinPool.java:1020)
	at java.base/java.util.concurrent.ForkJoinPool.scan(ForkJoinPool.java:1656)
	at java.base/java.util.concurrent.ForkJoinPool.runWorker(ForkJoinPool.java:1594)
	at java.base/java.util.concurrent.ForkJoinWorkerThread.run(ForkJoinWorkerThread.java:183)
Caused by: org.eclipse.lsp4j.jsonrpc.JsonRpcException: java.io.IOException: 파이프가 닫히는 중입니다
	at org.eclipse.lsp4j.jsonrpc.json.StreamMessageConsumer.consume(StreamMessageConsumer.java:72)
	at org.eclipse.lsp4e.LanguageServerWrapper.lambda$4(LanguageServerWrapper.java:260)
	at org.eclipse.lsp4j.jsonrpc.RemoteEndpoint.request(RemoteEndpoint.java:161)
	at org.eclipse.lsp4j.jsonrpc.services.EndpointProxy.invoke(EndpointProxy.java:91)
	at com.sun.proxy.$Proxy66.shutdown(Unknown Source)
	at org.eclipse.lsp4e.LanguageServerWrapper.lambda$13(LanguageServerWrapper.java:423)
	... 7 more
Caused by: java.io.IOException: 파이프가 닫히는 중입니다
	at java.base/java.io.FileOutputStream.writeBytes(Native Method)
	at java.base/java.io.FileOutputStream.write(FileOutputStream.java:354)
	at java.base/java.io.BufferedOutputStream.flushBuffer(BufferedOutputStream.java:81)
	at java.base/java.io.BufferedOutputStream.flush(BufferedOutputStream.java:142)
	at org.eclipse.lsp4j.jsonrpc.json.StreamMessageConsumer.consume(StreamMessageConsumer.java:69)
	... 12 more

!ENTRY org.springframework.tooling.ls.eclipse.commons 1 0 2025-06-19 16:52:08.177
!MESSAGE Entering DelegatingStreamConnectionProvider()

!ENTRY org.eclipse.lsp4e 4 0 2025-06-19 16:52:08.177
!MESSAGE org.eclipse.lsp4j.jsonrpc.JsonRpcException: java.io.IOException: 파이프가 닫히는 중입니다
!STACK 0
java.util.concurrent.ExecutionException: org.eclipse.lsp4j.jsonrpc.JsonRpcException: java.io.IOException: 파이프가 닫히는 중입니다
	at java.base/java.util.concurrent.CompletableFuture.reportGet(CompletableFuture.java:395)
	at java.base/java.util.concurrent.CompletableFuture.get(CompletableFuture.java:2028)
	at org.eclipse.lsp4e.LanguageServerWrapper.lambda$13(LanguageServerWrapper.java:425)
	at java.base/java.util.concurrent.CompletableFuture$AsyncRun.run(CompletableFuture.java:1736)
	at java.base/java.util.concurrent.CompletableFuture$AsyncRun.exec(CompletableFuture.java:1728)
	at java.base/java.util.concurrent.ForkJoinTask.doExec(ForkJoinTask.java:290)
	at java.base/java.util.concurrent.ForkJoinPool$WorkQueue.topLevelExec(ForkJoinPool.java:1020)
	at java.base/java.util.concurrent.ForkJoinPool.scan(ForkJoinPool.java:1656)
	at java.base/java.util.concurrent.ForkJoinPool.runWorker(ForkJoinPool.java:1594)
	at java.base/java.util.concurrent.ForkJoinWorkerThread.run(ForkJoinWorkerThread.java:183)
Caused by: org.eclipse.lsp4j.jsonrpc.JsonRpcException: java.io.IOException: 파이프가 닫히는 중입니다
	at org.eclipse.lsp4j.jsonrpc.json.StreamMessageConsumer.consume(StreamMessageConsumer.java:72)
	at org.eclipse.lsp4e.LanguageServerWrapper.lambda$4(LanguageServerWrapper.java:260)
	at org.eclipse.lsp4j.jsonrpc.RemoteEndpoint.request(RemoteEndpoint.java:161)
	at org.eclipse.lsp4j.jsonrpc.services.EndpointProxy.invoke(EndpointProxy.java:91)
	at com.sun.proxy.$Proxy66.shutdown(Unknown Source)
	at org.eclipse.lsp4e.LanguageServerWrapper.lambda$13(LanguageServerWrapper.java:423)
	... 7 more
Caused by: java.io.IOException: 파이프가 닫히는 중입니다
	at java.base/java.io.FileOutputStream.writeBytes(Native Method)
	at java.base/java.io.FileOutputStream.write(FileOutputStream.java:354)
	at java.base/java.io.BufferedOutputStream.flushBuffer(BufferedOutputStream.java:81)
	at java.base/java.io.BufferedOutputStream.flush(BufferedOutputStream.java:142)
	at org.eclipse.lsp4j.jsonrpc.json.StreamMessageConsumer.consume(StreamMessageConsumer.java:69)
	... 12 more

!ENTRY org.springframework.tooling.ls.eclipse.commons 1 0 2025-06-19 16:52:08.178
!MESSAGE Entering DelegatingStreamConnectionProvider()

!ENTRY org.springframework.tooling.ls.eclipse.commons 1 0 2025-06-19 16:52:08.185
!MESSAGE Entering DelegatingStreamConnectionProvider()

!ENTRY org.eclipse.lsp4e 4 0 2025-06-19 16:52:08.187
!MESSAGE org.eclipse.lsp4j.jsonrpc.JsonRpcException: java.io.IOException: 파이프가 닫히는 중입니다
!STACK 0
java.util.concurrent.ExecutionException: org.eclipse.lsp4j.jsonrpc.JsonRpcException: java.io.IOException: 파이프가 닫히는 중입니다
	at java.base/java.util.concurrent.CompletableFuture.reportGet(CompletableFuture.java:395)
	at java.base/java.util.concurrent.CompletableFuture.get(CompletableFuture.java:2028)
	at org.eclipse.lsp4e.LanguageServerWrapper.lambda$13(LanguageServerWrapper.java:425)
	at java.base/java.util.concurrent.CompletableFuture$AsyncRun.run(CompletableFuture.java:1736)
	at java.base/java.util.concurrent.CompletableFuture$AsyncRun.exec(CompletableFuture.java:1728)
	at java.base/java.util.concurrent.ForkJoinTask.doExec(ForkJoinTask.java:290)
	at java.base/java.util.concurrent.ForkJoinPool$WorkQueue.topLevelExec(ForkJoinPool.java:1020)
	at java.base/java.util.concurrent.ForkJoinPool.scan(ForkJoinPool.java:1656)
	at java.base/java.util.concurrent.ForkJoinPool.runWorker(ForkJoinPool.java:1594)
	at java.base/java.util.concurrent.ForkJoinWorkerThread.run(ForkJoinWorkerThread.java:183)
Caused by: org.eclipse.lsp4j.jsonrpc.JsonRpcException: java.io.IOException: 파이프가 닫히는 중입니다
	at org.eclipse.lsp4j.jsonrpc.json.StreamMessageConsumer.consume(StreamMessageConsumer.java:72)
	at org.eclipse.lsp4e.LanguageServerWrapper.lambda$4(LanguageServerWrapper.java:260)
	at org.eclipse.lsp4j.jsonrpc.RemoteEndpoint.request(RemoteEndpoint.java:161)
	at org.eclipse.lsp4j.jsonrpc.services.EndpointProxy.invoke(EndpointProxy.java:91)
	at com.sun.proxy.$Proxy66.shutdown(Unknown Source)
	at org.eclipse.lsp4e.LanguageServerWrapper.lambda$13(LanguageServerWrapper.java:423)
	... 7 more
Caused by: java.io.IOException: 파이프가 닫히는 중입니다
	at java.base/java.io.FileOutputStream.writeBytes(Native Method)
	at java.base/java.io.FileOutputStream.write(FileOutputStream.java:354)
	at java.base/java.io.BufferedOutputStream.flushBuffer(BufferedOutputStream.java:81)
	at java.base/java.io.BufferedOutputStream.flush(BufferedOutputStream.java:142)
	at org.eclipse.lsp4j.jsonrpc.json.StreamMessageConsumer.consume(StreamMessageConsumer.java:69)
	... 12 more

!ENTRY org.eclipse.lsp4e 4 0 2025-06-19 16:52:08.187
!MESSAGE org.eclipse.lsp4j.jsonrpc.JsonRpcException: java.io.IOException: 파이프가 닫히는 중입니다
!STACK 0
java.util.concurrent.ExecutionException: org.eclipse.lsp4j.jsonrpc.JsonRpcException: java.io.IOException: 파이프가 닫히는 중입니다
	at java.base/java.util.concurrent.CompletableFuture.reportGet(CompletableFuture.java:395)
	at java.base/java.util.concurrent.CompletableFuture.get(CompletableFuture.java:2028)
	at org.eclipse.lsp4e.LanguageServerWrapper.lambda$13(LanguageServerWrapper.java:425)
	at java.base/java.util.concurrent.CompletableFuture$AsyncRun.run(CompletableFuture.java:1736)
	at java.base/java.util.concurrent.CompletableFuture$AsyncRun.exec(CompletableFuture.java:1728)
	at java.base/java.util.concurrent.ForkJoinTask.doExec(ForkJoinTask.java:290)
	at java.base/java.util.concurrent.ForkJoinPool$WorkQueue.topLevelExec(ForkJoinPool.java:1020)
	at java.base/java.util.concurrent.ForkJoinPool.scan(ForkJoinPool.java:1656)
	at java.base/java.util.concurrent.ForkJoinPool.runWorker(ForkJoinPool.java:1594)
	at java.base/java.util.concurrent.ForkJoinWorkerThread.run(ForkJoinWorkerThread.java:183)
Caused by: org.eclipse.lsp4j.jsonrpc.JsonRpcException: java.io.IOException: 파이프가 닫히는 중입니다
	at org.eclipse.lsp4j.jsonrpc.json.StreamMessageConsumer.consume(StreamMessageConsumer.java:72)
	at org.eclipse.lsp4e.LanguageServerWrapper.lambda$4(LanguageServerWrapper.java:260)
	at org.eclipse.lsp4j.jsonrpc.RemoteEndpoint.request(RemoteEndpoint.java:161)
	at org.eclipse.lsp4j.jsonrpc.services.EndpointProxy.invoke(EndpointProxy.java:91)
	at com.sun.proxy.$Proxy66.shutdown(Unknown Source)
	at org.eclipse.lsp4e.LanguageServerWrapper.lambda$13(LanguageServerWrapper.java:423)
	... 7 more
Caused by: java.io.IOException: 파이프가 닫히는 중입니다
	at java.base/java.io.FileOutputStream.writeBytes(Native Method)
	at java.base/java.io.FileOutputStream.write(FileOutputStream.java:354)
	at java.base/java.io.BufferedOutputStream.flushBuffer(BufferedOutputStream.java:81)
	at java.base/java.io.BufferedOutputStream.flush(BufferedOutputStream.java:142)
	at org.eclipse.lsp4j.jsonrpc.json.StreamMessageConsumer.consume(StreamMessageConsumer.java:69)
	... 12 more

!ENTRY org.springframework.tooling.ls.eclipse.commons 1 0 2025-06-19 16:52:08.187
!MESSAGE Entering DelegatingStreamConnectionProvider()

!ENTRY org.eclipse.lsp4e 4 0 2025-06-19 16:52:08.187
!MESSAGE org.eclipse.lsp4j.jsonrpc.JsonRpcException: java.io.IOException: 파이프가 닫히는 중입니다
!STACK 0
java.util.concurrent.ExecutionException: org.eclipse.lsp4j.jsonrpc.JsonRpcException: java.io.IOException: 파이프가 닫히는 중입니다
	at java.base/java.util.concurrent.CompletableFuture.reportGet(CompletableFuture.java:395)
	at java.base/java.util.concurrent.CompletableFuture.get(CompletableFuture.java:2028)
	at org.eclipse.lsp4e.LanguageServerWrapper.lambda$13(LanguageServerWrapper.java:425)
	at java.base/java.util.concurrent.CompletableFuture$AsyncRun.run(CompletableFuture.java:1736)
	at java.base/java.util.concurrent.CompletableFuture$AsyncRun.exec(CompletableFuture.java:1728)
	at java.base/java.util.concurrent.ForkJoinTask.doExec(ForkJoinTask.java:290)
	at java.base/java.util.concurrent.ForkJoinPool$WorkQueue.topLevelExec(ForkJoinPool.java:1020)
	at java.base/java.util.concurrent.ForkJoinPool.scan(ForkJoinPool.java:1656)
	at java.base/java.util.concurrent.ForkJoinPool.runWorker(ForkJoinPool.java:1594)
	at java.base/java.util.concurrent.ForkJoinWorkerThread.run(ForkJoinWorkerThread.java:183)
Caused by: org.eclipse.lsp4j.jsonrpc.JsonRpcException: java.io.IOException: 파이프가 닫히는 중입니다
	at org.eclipse.lsp4j.jsonrpc.json.StreamMessageConsumer.consume(StreamMessageConsumer.java:72)
	at org.eclipse.lsp4e.LanguageServerWrapper.lambda$4(LanguageServerWrapper.java:260)
	at org.eclipse.lsp4j.jsonrpc.RemoteEndpoint.request(RemoteEndpoint.java:161)
	at org.eclipse.lsp4j.jsonrpc.services.EndpointProxy.invoke(EndpointProxy.java:91)
	at com.sun.proxy.$Proxy66.shutdown(Unknown Source)
	at org.eclipse.lsp4e.LanguageServerWrapper.lambda$13(LanguageServerWrapper.java:423)
	... 7 more
Caused by: java.io.IOException: 파이프가 닫히는 중입니다
	at java.base/java.io.FileOutputStream.writeBytes(Native Method)
	at java.base/java.io.FileOutputStream.write(FileOutputStream.java:354)
	at java.base/java.io.BufferedOutputStream.flushBuffer(BufferedOutputStream.java:81)
	at java.base/java.io.BufferedOutputStream.flush(BufferedOutputStream.java:142)
	at org.eclipse.lsp4j.jsonrpc.json.StreamMessageConsumer.consume(StreamMessageConsumer.java:69)
	... 12 more

!ENTRY org.eclipse.lsp4e 4 0 2025-06-19 16:52:08.188
!MESSAGE org.eclipse.lsp4j.jsonrpc.JsonRpcException: java.io.IOException: 파이프가 닫히는 중입니다
!STACK 0
java.util.concurrent.ExecutionException: org.eclipse.lsp4j.jsonrpc.JsonRpcException: java.io.IOException: 파이프가 닫히는 중입니다
	at java.base/java.util.concurrent.CompletableFuture.reportGet(CompletableFuture.java:395)
	at java.base/java.util.concurrent.CompletableFuture.get(CompletableFuture.java:2028)
	at org.eclipse.lsp4e.LanguageServerWrapper.lambda$13(LanguageServerWrapper.java:425)
	at java.base/java.util.concurrent.CompletableFuture$AsyncRun.run(CompletableFuture.java:1736)
	at java.base/java.util.concurrent.CompletableFuture$AsyncRun.exec(CompletableFuture.java:1728)
	at java.base/java.util.concurrent.ForkJoinTask.doExec(ForkJoinTask.java:290)
	at java.base/java.util.concurrent.ForkJoinPool$WorkQueue.topLevelExec(ForkJoinPool.java:1020)
	at java.base/java.util.concurrent.ForkJoinPool.scan(ForkJoinPool.java:1656)
	at java.base/java.util.concurrent.ForkJoinPool.runWorker(ForkJoinPool.java:1594)
	at java.base/java.util.concurrent.ForkJoinWorkerThread.run(ForkJoinWorkerThread.java:183)
Caused by: org.eclipse.lsp4j.jsonrpc.JsonRpcException: java.io.IOException: 파이프가 닫히는 중입니다
	at org.eclipse.lsp4j.jsonrpc.json.StreamMessageConsumer.consume(StreamMessageConsumer.java:72)
	at org.eclipse.lsp4e.LanguageServerWrapper.lambda$4(LanguageServerWrapper.java:260)
	at org.eclipse.lsp4j.jsonrpc.RemoteEndpoint.request(RemoteEndpoint.java:161)
	at org.eclipse.lsp4j.jsonrpc.services.EndpointProxy.invoke(EndpointProxy.java:91)
	at com.sun.proxy.$Proxy66.shutdown(Unknown Source)
	at org.eclipse.lsp4e.LanguageServerWrapper.lambda$13(LanguageServerWrapper.java:423)
	... 7 more
Caused by: java.io.IOException: 파이프가 닫히는 중입니다
	at java.base/java.io.FileOutputStream.writeBytes(Native Method)
	at java.base/java.io.FileOutputStream.write(FileOutputStream.java:354)
	at java.base/java.io.BufferedOutputStream.flushBuffer(BufferedOutputStream.java:81)
	at java.base/java.io.BufferedOutputStream.flush(BufferedOutputStream.java:142)
	at org.eclipse.lsp4j.jsonrpc.json.StreamMessageConsumer.consume(StreamMessageConsumer.java:69)
	... 12 more

!ENTRY org.springframework.tooling.ls.eclipse.commons 1 0 2025-06-19 16:52:08.188
!MESSAGE DelegatingStreamConnectionProvider classloader = org.eclipse.osgi.internal.loader.EquinoxClassLoader@56fdb4db[org.springframework.tooling.boot.ls:1.28.0.202109130547(id=1001)]

!ENTRY org.springframework.tooling.ls.eclipse.commons 1 0 2025-06-19 16:52:08.188
!MESSAGE Entering DelegatingStreamConnectionProvider()

!ENTRY org.springframework.tooling.ls.eclipse.commons 1 0 2025-06-19 16:52:08.188
!MESSAGE DelegatingStreamConnectionProvider classloader = org.eclipse.osgi.internal.loader.EquinoxClassLoader@56fdb4db[org.springframework.tooling.boot.ls:1.28.0.202109130547(id=1001)]

!ENTRY org.eclipse.lsp4e 4 0 2025-06-19 16:52:08.188
!MESSAGE org.eclipse.lsp4j.jsonrpc.JsonRpcException: java.io.IOException: 파이프가 닫히는 중입니다
!STACK 0
java.util.concurrent.ExecutionException: org.eclipse.lsp4j.jsonrpc.JsonRpcException: java.io.IOException: 파이프가 닫히는 중입니다
	at java.base/java.util.concurrent.CompletableFuture.reportGet(CompletableFuture.java:395)
	at java.base/java.util.concurrent.CompletableFuture.get(CompletableFuture.java:2028)
	at org.eclipse.lsp4e.LanguageServerWrapper.lambda$13(LanguageServerWrapper.java:425)
	at java.base/java.util.concurrent.CompletableFuture$AsyncRun.run(CompletableFuture.java:1736)
	at java.base/java.util.concurrent.CompletableFuture$AsyncRun.exec(CompletableFuture.java:1728)
	at java.base/java.util.concurrent.ForkJoinTask.doExec(ForkJoinTask.java:290)
	at java.base/java.util.concurrent.ForkJoinPool$WorkQueue.topLevelExec(ForkJoinPool.java:1020)
	at java.base/java.util.concurrent.ForkJoinPool.scan(ForkJoinPool.java:1656)
	at java.base/java.util.concurrent.ForkJoinPool.runWorker(ForkJoinPool.java:1594)
	at java.base/java.util.concurrent.ForkJoinWorkerThread.run(ForkJoinWorkerThread.java:183)
Caused by: org.eclipse.lsp4j.jsonrpc.JsonRpcException: java.io.IOException: 파이프가 닫히는 중입니다
	at org.eclipse.lsp4j.jsonrpc.json.StreamMessageConsumer.consume(StreamMessageConsumer.java:72)
	at org.eclipse.lsp4e.LanguageServerWrapper.lambda$4(LanguageServerWrapper.java:260)
	at org.eclipse.lsp4j.jsonrpc.RemoteEndpoint.request(RemoteEndpoint.java:161)
	at org.eclipse.lsp4j.jsonrpc.services.EndpointProxy.invoke(EndpointProxy.java:91)
	at com.sun.proxy.$Proxy66.shutdown(Unknown Source)
	at org.eclipse.lsp4e.LanguageServerWrapper.lambda$13(LanguageServerWrapper.java:423)
	... 7 more
Caused by: java.io.IOException: 파이프가 닫히는 중입니다
	at java.base/java.io.FileOutputStream.writeBytes(Native Method)
	at java.base/java.io.FileOutputStream.write(FileOutputStream.java:354)
	at java.base/java.io.BufferedOutputStream.flushBuffer(BufferedOutputStream.java:81)
	at java.base/java.io.BufferedOutputStream.flush(BufferedOutputStream.java:142)
	at org.eclipse.lsp4j.jsonrpc.json.StreamMessageConsumer.consume(StreamMessageConsumer.java:69)
	... 12 more

!ENTRY org.springframework.tooling.ls.eclipse.commons 1 0 2025-06-19 16:52:08.188
!MESSAGE DelegatingStreamConnectionProvider classloader = org.eclipse.osgi.internal.loader.EquinoxClassLoader@56fdb4db[org.springframework.tooling.boot.ls:1.28.0.202109130547(id=1001)]

!ENTRY org.springframework.tooling.ls.eclipse.commons 1 0 2025-06-19 16:52:08.189
!MESSAGE DelegatingStreamConnectionProvider classloader = org.eclipse.osgi.internal.loader.EquinoxClassLoader@56fdb4db[org.springframework.tooling.boot.ls:1.28.0.202109130547(id=1001)]

!ENTRY org.springframework.tooling.ls.eclipse.commons 1 0 2025-06-19 16:52:08.189
!MESSAGE Entering DelegatingStreamConnectionProvider()

!ENTRY org.eclipse.lsp4e 4 0 2025-06-19 16:52:08.189
!MESSAGE org.eclipse.lsp4j.jsonrpc.JsonRpcException: java.io.IOException: 파이프가 닫히는 중입니다
!STACK 0
java.util.concurrent.ExecutionException: org.eclipse.lsp4j.jsonrpc.JsonRpcException: java.io.IOException: 파이프가 닫히는 중입니다
	at java.base/java.util.concurrent.CompletableFuture.reportGet(CompletableFuture.java:395)
	at java.base/java.util.concurrent.CompletableFuture.get(CompletableFuture.java:2028)
	at org.eclipse.lsp4e.LanguageServerWrapper.lambda$13(LanguageServerWrapper.java:425)
	at java.base/java.util.concurrent.CompletableFuture$AsyncRun.run(CompletableFuture.java:1736)
	at java.base/java.util.concurrent.CompletableFuture$AsyncRun.exec(CompletableFuture.java:1728)
	at java.base/java.util.concurrent.ForkJoinTask.doExec(ForkJoinTask.java:290)
	at java.base/java.util.concurrent.ForkJoinPool$WorkQueue.topLevelExec(ForkJoinPool.java:1020)
	at java.base/java.util.concurrent.ForkJoinPool.scan(ForkJoinPool.java:1656)
	at java.base/java.util.concurrent.ForkJoinPool.runWorker(ForkJoinPool.java:1594)
	at java.base/java.util.concurrent.ForkJoinWorkerThread.run(ForkJoinWorkerThread.java:183)
Caused by: org.eclipse.lsp4j.jsonrpc.JsonRpcException: java.io.IOException: 파이프가 닫히는 중입니다
	at org.eclipse.lsp4j.jsonrpc.json.StreamMessageConsumer.consume(StreamMessageConsumer.java:72)
	at org.eclipse.lsp4e.LanguageServerWrapper.lambda$4(LanguageServerWrapper.java:260)
	at org.eclipse.lsp4j.jsonrpc.RemoteEndpoint.request(RemoteEndpoint.java:161)
	at org.eclipse.lsp4j.jsonrpc.services.EndpointProxy.invoke(EndpointProxy.java:91)
	at com.sun.proxy.$Proxy66.shutdown(Unknown Source)
	at org.eclipse.lsp4e.LanguageServerWrapper.lambda$13(LanguageServerWrapper.java:423)
	... 7 more
Caused by: java.io.IOException: 파이프가 닫히는 중입니다
	at java.base/java.io.FileOutputStream.writeBytes(Native Method)
	at java.base/java.io.FileOutputStream.write(FileOutputStream.java:354)
	at java.base/java.io.BufferedOutputStream.flushBuffer(BufferedOutputStream.java:81)
	at java.base/java.io.BufferedOutputStream.flush(BufferedOutputStream.java:142)
	at org.eclipse.lsp4j.jsonrpc.json.StreamMessageConsumer.consume(StreamMessageConsumer.java:69)
	... 12 more

!ENTRY org.springframework.tooling.ls.eclipse.commons 1 0 2025-06-19 16:52:08.189
!MESSAGE DelegatingStreamConnectionProvider classloader = org.eclipse.osgi.internal.loader.EquinoxClassLoader@56fdb4db[org.springframework.tooling.boot.ls:1.28.0.202109130547(id=1001)]

!ENTRY org.springframework.tooling.ls.eclipse.commons 1 0 2025-06-19 16:52:08.189
!MESSAGE Entering DelegatingStreamConnectionProvider()

!ENTRY org.springframework.tooling.ls.eclipse.commons 1 0 2025-06-19 16:52:08.189
!MESSAGE Entering DelegatingStreamConnectionProvider()

!ENTRY org.eclipse.lsp4e 4 0 2025-06-19 16:52:08.190
!MESSAGE org.eclipse.lsp4j.jsonrpc.JsonRpcException: java.io.IOException: 파이프가 닫히는 중입니다
!STACK 0
java.util.concurrent.ExecutionException: org.eclipse.lsp4j.jsonrpc.JsonRpcException: java.io.IOException: 파이프가 닫히는 중입니다
	at java.base/java.util.concurrent.CompletableFuture.reportGet(CompletableFuture.java:395)
	at java.base/java.util.concurrent.CompletableFuture.get(CompletableFuture.java:2028)
	at org.eclipse.lsp4e.LanguageServerWrapper.lambda$13(LanguageServerWrapper.java:425)
	at java.base/java.util.concurrent.CompletableFuture$AsyncRun.run(CompletableFuture.java:1736)
	at java.base/java.util.concurrent.CompletableFuture$AsyncRun.exec(CompletableFuture.java:1728)
	at java.base/java.util.concurrent.ForkJoinTask.doExec(ForkJoinTask.java:290)
	at java.base/java.util.concurrent.ForkJoinPool$WorkQueue.topLevelExec(ForkJoinPool.java:1020)
	at java.base/java.util.concurrent.ForkJoinPool.scan(ForkJoinPool.java:1656)
	at java.base/java.util.concurrent.ForkJoinPool.runWorker(ForkJoinPool.java:1594)
	at java.base/java.util.concurrent.ForkJoinWorkerThread.run(ForkJoinWorkerThread.java:183)
Caused by: org.eclipse.lsp4j.jsonrpc.JsonRpcException: java.io.IOException: 파이프가 닫히는 중입니다
	at org.eclipse.lsp4j.jsonrpc.json.StreamMessageConsumer.consume(StreamMessageConsumer.java:72)
	at org.eclipse.lsp4e.LanguageServerWrapper.lambda$4(LanguageServerWrapper.java:260)
	at org.eclipse.lsp4j.jsonrpc.RemoteEndpoint.request(RemoteEndpoint.java:161)
	at org.eclipse.lsp4j.jsonrpc.services.EndpointProxy.invoke(EndpointProxy.java:91)
	at com.sun.proxy.$Proxy66.shutdown(Unknown Source)
	at org.eclipse.lsp4e.LanguageServerWrapper.lambda$13(LanguageServerWrapper.java:423)
	... 7 more
Caused by: java.io.IOException: 파이프가 닫히는 중입니다
	at java.base/java.io.FileOutputStream.writeBytes(Native Method)
	at java.base/java.io.FileOutputStream.write(FileOutputStream.java:354)
	at java.base/java.io.BufferedOutputStream.flushBuffer(BufferedOutputStream.java:81)
	at java.base/java.io.BufferedOutputStream.flush(BufferedOutputStream.java:142)
	at org.eclipse.lsp4j.jsonrpc.json.StreamMessageConsumer.consume(StreamMessageConsumer.java:69)
	... 12 more

!ENTRY org.eclipse.lsp4e 4 0 2025-06-19 16:52:08.190
!MESSAGE org.eclipse.lsp4j.jsonrpc.JsonRpcException: java.io.IOException: 파이프가 닫히는 중입니다
!STACK 0
java.util.concurrent.ExecutionException: org.eclipse.lsp4j.jsonrpc.JsonRpcException: java.io.IOException: 파이프가 닫히는 중입니다
	at java.base/java.util.concurrent.CompletableFuture.reportGet(CompletableFuture.java:395)
	at java.base/java.util.concurrent.CompletableFuture.get(CompletableFuture.java:2028)
	at org.eclipse.lsp4e.LanguageServerWrapper.lambda$13(LanguageServerWrapper.java:425)
	at java.base/java.util.concurrent.CompletableFuture$AsyncRun.run(CompletableFuture.java:1736)
	at java.base/java.util.concurrent.CompletableFuture$AsyncRun.exec(CompletableFuture.java:1728)
	at java.base/java.util.concurrent.ForkJoinTask.doExec(ForkJoinTask.java:290)
	at java.base/java.util.concurrent.ForkJoinPool$WorkQueue.topLevelExec(ForkJoinPool.java:1020)
	at java.base/java.util.concurrent.ForkJoinPool.scan(ForkJoinPool.java:1656)
	at java.base/java.util.concurrent.ForkJoinPool.runWorker(ForkJoinPool.java:1594)
	at java.base/java.util.concurrent.ForkJoinWorkerThread.run(ForkJoinWorkerThread.java:183)
Caused by: org.eclipse.lsp4j.jsonrpc.JsonRpcException: java.io.IOException: 파이프가 닫히는 중입니다
	at org.eclipse.lsp4j.jsonrpc.json.StreamMessageConsumer.consume(StreamMessageConsumer.java:72)
	at org.eclipse.lsp4e.LanguageServerWrapper.lambda$4(LanguageServerWrapper.java:260)
	at org.eclipse.lsp4j.jsonrpc.RemoteEndpoint.request(RemoteEndpoint.java:161)
	at org.eclipse.lsp4j.jsonrpc.services.EndpointProxy.invoke(EndpointProxy.java:91)
	at com.sun.proxy.$Proxy66.shutdown(Unknown Source)
	at org.eclipse.lsp4e.LanguageServerWrapper.lambda$13(LanguageServerWrapper.java:423)
	... 7 more
Caused by: java.io.IOException: 파이프가 닫히는 중입니다
	at java.base/java.io.FileOutputStream.writeBytes(Native Method)
	at java.base/java.io.FileOutputStream.write(FileOutputStream.java:354)
	at java.base/java.io.BufferedOutputStream.flushBuffer(BufferedOutputStream.java:81)
	at java.base/java.io.BufferedOutputStream.flush(BufferedOutputStream.java:142)
	at org.eclipse.lsp4j.jsonrpc.json.StreamMessageConsumer.consume(StreamMessageConsumer.java:69)
	... 12 more

!ENTRY org.springframework.tooling.ls.eclipse.commons 1 0 2025-06-19 16:52:08.190
!MESSAGE Entering DelegatingStreamConnectionProvider()

!ENTRY org.springframework.tooling.ls.eclipse.commons 1 0 2025-06-19 16:52:08.190
!MESSAGE DelegatingStreamConnectionProvider classloader = org.eclipse.osgi.internal.loader.EquinoxClassLoader@56fdb4db[org.springframework.tooling.boot.ls:1.28.0.202109130547(id=1001)]

!ENTRY org.springframework.tooling.ls.eclipse.commons 1 0 2025-06-19 16:52:08.190
!MESSAGE DelegatingStreamConnectionProvider classloader = org.eclipse.osgi.internal.loader.EquinoxClassLoader@56fdb4db[org.springframework.tooling.boot.ls:1.28.0.202109130547(id=1001)]

!ENTRY org.springframework.tooling.ls.eclipse.commons 1 0 2025-06-19 16:52:08.190
!MESSAGE SpringBootLanguageServer exists!

!ENTRY org.eclipse.lsp4e 4 0 2025-06-19 16:52:08.191
!MESSAGE org.eclipse.lsp4j.jsonrpc.JsonRpcException: java.io.IOException: 파이프가 닫히는 중입니다
!STACK 0
java.util.concurrent.ExecutionException: org.eclipse.lsp4j.jsonrpc.JsonRpcException: java.io.IOException: 파이프가 닫히는 중입니다
	at java.base/java.util.concurrent.CompletableFuture.reportGet(CompletableFuture.java:395)
	at java.base/java.util.concurrent.CompletableFuture.get(CompletableFuture.java:2028)
	at org.eclipse.lsp4e.LanguageServerWrapper.lambda$13(LanguageServerWrapper.java:425)
	at java.base/java.util.concurrent.CompletableFuture$AsyncRun.run(CompletableFuture.java:1736)
	at java.base/java.util.concurrent.CompletableFuture$AsyncRun.exec(CompletableFuture.java:1728)
	at java.base/java.util.concurrent.ForkJoinTask.doExec(ForkJoinTask.java:290)
	at java.base/java.util.concurrent.ForkJoinPool$WorkQueue.topLevelExec(ForkJoinPool.java:1020)
	at java.base/java.util.concurrent.ForkJoinPool.scan(ForkJoinPool.java:1656)
	at java.base/java.util.concurrent.ForkJoinPool.runWorker(ForkJoinPool.java:1594)
	at java.base/java.util.concurrent.ForkJoinWorkerThread.run(ForkJoinWorkerThread.java:183)
Caused by: org.eclipse.lsp4j.jsonrpc.JsonRpcException: java.io.IOException: 파이프가 닫히는 중입니다
	at org.eclipse.lsp4j.jsonrpc.json.StreamMessageConsumer.consume(StreamMessageConsumer.java:72)
	at org.eclipse.lsp4e.LanguageServerWrapper.lambda$4(LanguageServerWrapper.java:260)
	at org.eclipse.lsp4j.jsonrpc.RemoteEndpoint.request(RemoteEndpoint.java:161)
	at org.eclipse.lsp4j.jsonrpc.services.EndpointProxy.invoke(EndpointProxy.java:91)
	at com.sun.proxy.$Proxy66.shutdown(Unknown Source)
	at org.eclipse.lsp4e.LanguageServerWrapper.lambda$13(LanguageServerWrapper.java:423)
	... 7 more
Caused by: java.io.IOException: 파이프가 닫히는 중입니다
	at java.base/java.io.FileOutputStream.writeBytes(Native Method)
	at java.base/java.io.FileOutputStream.write(FileOutputStream.java:354)
	at java.base/java.io.BufferedOutputStream.flushBuffer(BufferedOutputStream.java:81)
	at java.base/java.io.BufferedOutputStream.flush(BufferedOutputStream.java:142)
	at org.eclipse.lsp4j.jsonrpc.json.StreamMessageConsumer.consume(StreamMessageConsumer.java:69)
	... 12 more

!ENTRY org.springframework.tooling.ls.eclipse.commons 1 0 2025-06-19 16:52:08.191
!MESSAGE DelegatingStreamConnectionProvider classloader = org.eclipse.osgi.internal.loader.EquinoxClassLoader@56fdb4db[org.springframework.tooling.boot.ls:1.28.0.202109130547(id=1001)]

!ENTRY org.springframework.tooling.ls.eclipse.commons 1 0 2025-06-19 16:52:08.191
!MESSAGE SpringBootLanguageServer exists!

!ENTRY org.springframework.tooling.ls.eclipse.commons 1 0 2025-06-19 16:52:08.191
!MESSAGE Entering DelegatingStreamConnectionProvider()

!ENTRY org.springframework.tooling.ls.eclipse.commons 1 0 2025-06-19 16:52:08.191
!MESSAGE SpringBootLanguageServer exists!

!ENTRY org.springframework.tooling.ls.eclipse.commons 1 0 2025-06-19 16:52:08.192
!MESSAGE SpringBootLanguageServer exists!

!ENTRY org.springframework.tooling.ls.eclipse.commons 1 0 2025-06-19 16:52:08.192
!MESSAGE DelegatingStreamConnectionProvider classloader = org.eclipse.osgi.internal.loader.EquinoxClassLoader@56fdb4db[org.springframework.tooling.boot.ls:1.28.0.202109130547(id=1001)]

!ENTRY org.eclipse.lsp4e 4 0 2025-06-19 16:52:08.192
!MESSAGE org.eclipse.lsp4j.jsonrpc.JsonRpcException: java.io.IOException: 파이프가 닫히는 중입니다
!STACK 0
java.util.concurrent.ExecutionException: org.eclipse.lsp4j.jsonrpc.JsonRpcException: java.io.IOException: 파이프가 닫히는 중입니다
	at java.base/java.util.concurrent.CompletableFuture.reportGet(CompletableFuture.java:395)
	at java.base/java.util.concurrent.CompletableFuture.get(CompletableFuture.java:2028)
	at org.eclipse.lsp4e.LanguageServerWrapper.lambda$13(LanguageServerWrapper.java:425)
	at java.base/java.util.concurrent.CompletableFuture$AsyncRun.run(CompletableFuture.java:1736)
	at java.base/java.util.concurrent.CompletableFuture$AsyncRun.exec(CompletableFuture.java:1728)
	at java.base/java.util.concurrent.ForkJoinTask.doExec(ForkJoinTask.java:290)
	at java.base/java.util.concurrent.ForkJoinPool$WorkQueue.topLevelExec(ForkJoinPool.java:1020)
	at java.base/java.util.concurrent.ForkJoinPool.scan(ForkJoinPool.java:1656)
	at java.base/java.util.concurrent.ForkJoinPool.runWorker(ForkJoinPool.java:1594)
	at java.base/java.util.concurrent.ForkJoinWorkerThread.run(ForkJoinWorkerThread.java:183)
Caused by: org.eclipse.lsp4j.jsonrpc.JsonRpcException: java.io.IOException: 파이프가 닫히는 중입니다
	at org.eclipse.lsp4j.jsonrpc.json.StreamMessageConsumer.consume(StreamMessageConsumer.java:72)
	at org.eclipse.lsp4e.LanguageServerWrapper.lambda$4(LanguageServerWrapper.java:260)
	at org.eclipse.lsp4j.jsonrpc.RemoteEndpoint.request(RemoteEndpoint.java:161)
	at org.eclipse.lsp4j.jsonrpc.services.EndpointProxy.invoke(EndpointProxy.java:91)
	at com.sun.proxy.$Proxy66.shutdown(Unknown Source)
	at org.eclipse.lsp4e.LanguageServerWrapper.lambda$13(LanguageServerWrapper.java:423)
	... 7 more
Caused by: java.io.IOException: 파이프가 닫히는 중입니다
	at java.base/java.io.FileOutputStream.writeBytes(Native Method)
	at java.base/java.io.FileOutputStream.write(FileOutputStream.java:354)
	at java.base/java.io.BufferedOutputStream.flushBuffer(BufferedOutputStream.java:81)
	at java.base/java.io.BufferedOutputStream.flush(BufferedOutputStream.java:142)
	at org.eclipse.lsp4j.jsonrpc.json.StreamMessageConsumer.consume(StreamMessageConsumer.java:69)
	... 12 more

!ENTRY org.springframework.tooling.ls.eclipse.commons 1 0 2025-06-19 16:52:08.192
!MESSAGE SpringBootLanguageServer exists!

!ENTRY org.springframework.tooling.ls.eclipse.commons 1 0 2025-06-19 16:52:08.192
!MESSAGE Entering DelegatingStreamConnectionProvider()

!ENTRY org.eclipse.lsp4e 4 0 2025-06-19 16:52:08.192
!MESSAGE org.eclipse.lsp4j.jsonrpc.JsonRpcException: java.io.IOException: 파이프가 닫히는 중입니다
!STACK 0
java.util.concurrent.ExecutionException: org.eclipse.lsp4j.jsonrpc.JsonRpcException: java.io.IOException: 파이프가 닫히는 중입니다
	at java.base/java.util.concurrent.CompletableFuture.reportGet(CompletableFuture.java:395)
	at java.base/java.util.concurrent.CompletableFuture.get(CompletableFuture.java:2028)
	at org.eclipse.lsp4e.LanguageServerWrapper.lambda$13(LanguageServerWrapper.java:425)
	at java.base/java.util.concurrent.CompletableFuture$AsyncRun.run(CompletableFuture.java:1736)
	at java.base/java.util.concurrent.CompletableFuture$AsyncRun.exec(CompletableFuture.java:1728)
	at java.base/java.util.concurrent.ForkJoinTask.doExec(ForkJoinTask.java:290)
	at java.base/java.util.concurrent.ForkJoinPool$WorkQueue.topLevelExec(ForkJoinPool.java:1020)
	at java.base/java.util.concurrent.ForkJoinPool.scan(ForkJoinPool.java:1656)
	at java.base/java.util.concurrent.ForkJoinPool.runWorker(ForkJoinPool.java:1594)
	at java.base/java.util.concurrent.ForkJoinWorkerThread.run(ForkJoinWorkerThread.java:183)
Caused by: org.eclipse.lsp4j.jsonrpc.JsonRpcException: java.io.IOException: 파이프가 닫히는 중입니다
	at org.eclipse.lsp4j.jsonrpc.json.StreamMessageConsumer.consume(StreamMessageConsumer.java:72)
	at org.eclipse.lsp4e.LanguageServerWrapper.lambda$4(LanguageServerWrapper.java:260)
	at org.eclipse.lsp4j.jsonrpc.RemoteEndpoint.request(RemoteEndpoint.java:161)
	at org.eclipse.lsp4j.jsonrpc.services.EndpointProxy.invoke(EndpointProxy.java:91)
	at com.sun.proxy.$Proxy66.shutdown(Unknown Source)
	at org.eclipse.lsp4e.LanguageServerWrapper.lambda$13(LanguageServerWrapper.java:423)
	... 7 more
Caused by: java.io.IOException: 파이프가 닫히는 중입니다
	at java.base/java.io.FileOutputStream.writeBytes(Native Method)
	at java.base/java.io.FileOutputStream.write(FileOutputStream.java:354)
	at java.base/java.io.BufferedOutputStream.flushBuffer(BufferedOutputStream.java:81)
	at java.base/java.io.BufferedOutputStream.flush(BufferedOutputStream.java:142)
	at org.eclipse.lsp4j.jsonrpc.json.StreamMessageConsumer.consume(StreamMessageConsumer.java:69)
	... 12 more

!ENTRY org.springframework.tooling.ls.eclipse.commons 1 0 2025-06-19 16:52:08.193
!MESSAGE SpringBootLanguageServer exists!

!ENTRY org.springframework.tooling.ls.eclipse.commons 1 0 2025-06-19 16:52:08.193
!MESSAGE DelegatingStreamConnectionProvider classloader = org.eclipse.osgi.internal.loader.EquinoxClassLoader@56fdb4db[org.springframework.tooling.boot.ls:1.28.0.202109130547(id=1001)]

!ENTRY org.springframework.tooling.ls.eclipse.commons 1 0 2025-06-19 16:52:08.193
!MESSAGE SpringBootLanguageServer exists!

!ENTRY org.springframework.tooling.ls.eclipse.commons 1 0 2025-06-19 16:52:08.193
!MESSAGE Entering DelegatingStreamConnectionProvider()

!ENTRY org.springframework.tooling.ls.eclipse.commons 1 0 2025-06-19 16:52:08.193
!MESSAGE SpringBootLanguageServer exists!

!ENTRY org.springframework.tooling.ls.eclipse.commons 1 0 2025-06-19 16:52:08.193
!MESSAGE SpringBootLanguageServer exists!

!ENTRY org.springframework.tooling.ls.eclipse.commons 1 0 2025-06-19 16:52:08.195
!MESSAGE DelegatingStreamConnectionProvider classloader = org.eclipse.osgi.internal.loader.EquinoxClassLoader@56fdb4db[org.springframework.tooling.boot.ls:1.28.0.202109130547(id=1001)]

!ENTRY org.eclipse.lsp4e 4 0 2025-06-19 16:52:08.195
!MESSAGE org.eclipse.lsp4j.jsonrpc.JsonRpcException: java.io.IOException: 파이프가 닫히는 중입니다
!STACK 0
java.util.concurrent.ExecutionException: org.eclipse.lsp4j.jsonrpc.JsonRpcException: java.io.IOException: 파이프가 닫히는 중입니다
	at java.base/java.util.concurrent.CompletableFuture.reportGet(CompletableFuture.java:395)
	at java.base/java.util.concurrent.CompletableFuture.get(CompletableFuture.java:2028)
	at org.eclipse.lsp4e.LanguageServerWrapper.lambda$13(LanguageServerWrapper.java:425)
	at java.base/java.util.concurrent.CompletableFuture$AsyncRun.run(CompletableFuture.java:1736)
	at java.base/java.util.concurrent.CompletableFuture$AsyncRun.exec(CompletableFuture.java:1728)
	at java.base/java.util.concurrent.ForkJoinTask.doExec(ForkJoinTask.java:290)
	at java.base/java.util.concurrent.ForkJoinPool$WorkQueue.topLevelExec(ForkJoinPool.java:1020)
	at java.base/java.util.concurrent.ForkJoinPool.scan(ForkJoinPool.java:1656)
	at java.base/java.util.concurrent.ForkJoinPool.runWorker(ForkJoinPool.java:1594)
	at java.base/java.util.concurrent.ForkJoinWorkerThread.run(ForkJoinWorkerThread.java:183)
Caused by: org.eclipse.lsp4j.jsonrpc.JsonRpcException: java.io.IOException: 파이프가 닫히는 중입니다
	at org.eclipse.lsp4j.jsonrpc.json.StreamMessageConsumer.consume(StreamMessageConsumer.java:72)
	at org.eclipse.lsp4e.LanguageServerWrapper.lambda$4(LanguageServerWrapper.java:260)
	at org.eclipse.lsp4j.jsonrpc.RemoteEndpoint.request(RemoteEndpoint.java:161)
	at org.eclipse.lsp4j.jsonrpc.services.EndpointProxy.invoke(EndpointProxy.java:91)
	at com.sun.proxy.$Proxy66.shutdown(Unknown Source)
	at org.eclipse.lsp4e.LanguageServerWrapper.lambda$13(LanguageServerWrapper.java:423)
	... 7 more
Caused by: java.io.IOException: 파이프가 닫히는 중입니다
	at java.base/java.io.FileOutputStream.writeBytes(Native Method)
	at java.base/java.io.FileOutputStream.write(FileOutputStream.java:354)
	at java.base/java.io.BufferedOutputStream.flushBuffer(BufferedOutputStream.java:81)
	at java.base/java.io.BufferedOutputStream.flush(BufferedOutputStream.java:142)
	at org.eclipse.lsp4j.jsonrpc.json.StreamMessageConsumer.consume(StreamMessageConsumer.java:69)
	... 12 more

!ENTRY org.springframework.tooling.ls.eclipse.commons 1 0 2025-06-19 16:52:08.195
!MESSAGE SpringBootLanguageServer exists!

!ENTRY org.springframework.tooling.ls.eclipse.commons 1 0 2025-06-19 16:52:08.195
!MESSAGE DelegatingStreamConnectionProvider classloader = org.eclipse.osgi.internal.loader.EquinoxClassLoader@56fdb4db[org.springframework.tooling.boot.ls:1.28.0.202109130547(id=1001)]

!ENTRY org.springframework.tooling.ls.eclipse.commons 1 0 2025-06-19 16:52:08.196
!MESSAGE SpringBootLanguageServer exists!

!ENTRY org.springframework.tooling.ls.eclipse.commons 1 0 2025-06-19 16:52:08.196
!MESSAGE Entering DelegatingStreamConnectionProvider()

!ENTRY org.springframework.tooling.ls.eclipse.commons 1 0 2025-06-19 16:52:08.196
!MESSAGE DelegatingStreamConnectionProvider classloader = org.eclipse.osgi.internal.loader.EquinoxClassLoader@56fdb4db[org.springframework.tooling.boot.ls:1.28.0.202109130547(id=1001)]

!ENTRY org.springframework.tooling.ls.eclipse.commons 1 0 2025-06-19 16:52:08.196
!MESSAGE DelegatingStreamConnectionProvider classloader = org.eclipse.osgi.internal.loader.EquinoxClassLoader@56fdb4db[org.springframework.tooling.boot.ls:1.28.0.202109130547(id=1001)]

!ENTRY org.springframework.tooling.ls.eclipse.commons 1 0 2025-06-19 16:52:08.196
!MESSAGE SpringBootLanguageServer exists!

!ENTRY org.springframework.tooling.ls.eclipse.commons 1 0 2025-06-19 16:52:08.196
!MESSAGE Entering DelegatingStreamConnectionProvider()

!ENTRY org.eclipse.lsp4e 4 0 2025-06-19 16:52:08.197
!MESSAGE org.eclipse.lsp4j.jsonrpc.JsonRpcException: java.io.IOException: 파이프가 닫히는 중입니다
!STACK 0
java.util.concurrent.ExecutionException: org.eclipse.lsp4j.jsonrpc.JsonRpcException: java.io.IOException: 파이프가 닫히는 중입니다
	at java.base/java.util.concurrent.CompletableFuture.reportGet(CompletableFuture.java:395)
	at java.base/java.util.concurrent.CompletableFuture.get(CompletableFuture.java:2028)
	at org.eclipse.lsp4e.LanguageServerWrapper.lambda$13(LanguageServerWrapper.java:425)
	at java.base/java.util.concurrent.CompletableFuture$AsyncRun.run(CompletableFuture.java:1736)
	at java.base/java.util.concurrent.CompletableFuture$AsyncRun.exec(CompletableFuture.java:1728)
	at java.base/java.util.concurrent.ForkJoinTask.doExec(ForkJoinTask.java:290)
	at java.base/java.util.concurrent.ForkJoinPool$WorkQueue.topLevelExec(ForkJoinPool.java:1020)
	at java.base/java.util.concurrent.ForkJoinPool.scan(ForkJoinPool.java:1656)
	at java.base/java.util.concurrent.ForkJoinPool.runWorker(ForkJoinPool.java:1594)
	at java.base/java.util.concurrent.ForkJoinWorkerThread.run(ForkJoinWorkerThread.java:183)
Caused by: org.eclipse.lsp4j.jsonrpc.JsonRpcException: java.io.IOException: 파이프가 닫히는 중입니다
	at org.eclipse.lsp4j.jsonrpc.json.StreamMessageConsumer.consume(StreamMessageConsumer.java:72)
	at org.eclipse.lsp4e.LanguageServerWrapper.lambda$4(LanguageServerWrapper.java:260)
	at org.eclipse.lsp4j.jsonrpc.RemoteEndpoint.request(RemoteEndpoint.java:161)
	at org.eclipse.lsp4j.jsonrpc.services.EndpointProxy.invoke(EndpointProxy.java:91)
	at com.sun.proxy.$Proxy66.shutdown(Unknown Source)
	at org.eclipse.lsp4e.LanguageServerWrapper.lambda$13(LanguageServerWrapper.java:423)
	... 7 more
Caused by: java.io.IOException: 파이프가 닫히는 중입니다
	at java.base/java.io.FileOutputStream.writeBytes(Native Method)
	at java.base/java.io.FileOutputStream.write(FileOutputStream.java:354)
	at java.base/java.io.BufferedOutputStream.flushBuffer(BufferedOutputStream.java:81)
	at java.base/java.io.BufferedOutputStream.flush(BufferedOutputStream.java:142)
	at org.eclipse.lsp4j.jsonrpc.json.StreamMessageConsumer.consume(StreamMessageConsumer.java:69)
	... 12 more

!ENTRY org.springframework.tooling.ls.eclipse.commons 1 0 2025-06-19 16:52:08.197
!MESSAGE DelegatingStreamConnectionProvider classloader = org.eclipse.osgi.internal.loader.EquinoxClassLoader@56fdb4db[org.springframework.tooling.boot.ls:1.28.0.202109130547(id=1001)]

!ENTRY org.springframework.tooling.ls.eclipse.commons 1 0 2025-06-19 16:52:08.197
!MESSAGE SpringBootLanguageServer exists!

!ENTRY org.springframework.tooling.ls.eclipse.commons 1 0 2025-06-19 16:52:08.197
!MESSAGE SpringBootLanguageServer exists!

!ENTRY org.springframework.tooling.ls.eclipse.commons 1 0 2025-06-19 16:52:08.197
!MESSAGE Entering DelegatingStreamConnectionProvider()

!ENTRY org.springframework.tooling.ls.eclipse.commons 1 0 2025-06-19 16:52:08.198
!MESSAGE SpringBootLanguageServer exists!

!ENTRY org.eclipse.lsp4e 4 0 2025-06-19 16:52:08.198
!MESSAGE org.eclipse.lsp4j.jsonrpc.JsonRpcException: java.io.IOException: 파이프가 닫히는 중입니다
!STACK 0
java.util.concurrent.ExecutionException: org.eclipse.lsp4j.jsonrpc.JsonRpcException: java.io.IOException: 파이프가 닫히는 중입니다
	at java.base/java.util.concurrent.CompletableFuture.reportGet(CompletableFuture.java:395)
	at java.base/java.util.concurrent.CompletableFuture.get(CompletableFuture.java:2028)
	at org.eclipse.lsp4e.LanguageServerWrapper.lambda$13(LanguageServerWrapper.java:425)
	at java.base/java.util.concurrent.CompletableFuture$AsyncRun.run(CompletableFuture.java:1736)
	at java.base/java.util.concurrent.CompletableFuture$AsyncRun.exec(CompletableFuture.java:1728)
	at java.base/java.util.concurrent.ForkJoinTask.doExec(ForkJoinTask.java:290)
	at java.base/java.util.concurrent.ForkJoinPool$WorkQueue.topLevelExec(ForkJoinPool.java:1020)
	at java.base/java.util.concurrent.ForkJoinPool.scan(ForkJoinPool.java:1656)
	at java.base/java.util.concurrent.ForkJoinPool.runWorker(ForkJoinPool.java:1594)
	at java.base/java.util.concurrent.ForkJoinWorkerThread.run(ForkJoinWorkerThread.java:183)
Caused by: org.eclipse.lsp4j.jsonrpc.JsonRpcException: java.io.IOException: 파이프가 닫히는 중입니다
	at org.eclipse.lsp4j.jsonrpc.json.StreamMessageConsumer.consume(StreamMessageConsumer.java:72)
	at org.eclipse.lsp4e.LanguageServerWrapper.lambda$4(LanguageServerWrapper.java:260)
	at org.eclipse.lsp4j.jsonrpc.RemoteEndpoint.request(RemoteEndpoint.java:161)
	at org.eclipse.lsp4j.jsonrpc.services.EndpointProxy.invoke(EndpointProxy.java:91)
	at com.sun.proxy.$Proxy66.shutdown(Unknown Source)
	at org.eclipse.lsp4e.LanguageServerWrapper.lambda$13(LanguageServerWrapper.java:423)
	... 7 more
Caused by: java.io.IOException: 파이프가 닫히는 중입니다
	at java.base/java.io.FileOutputStream.writeBytes(Native Method)
	at java.base/java.io.FileOutputStream.write(FileOutputStream.java:354)
	at java.base/java.io.BufferedOutputStream.flushBuffer(BufferedOutputStream.java:81)
	at java.base/java.io.BufferedOutputStream.flush(BufferedOutputStream.java:142)
	at org.eclipse.lsp4j.jsonrpc.json.StreamMessageConsumer.consume(StreamMessageConsumer.java:69)
	... 12 more

!ENTRY org.springframework.tooling.ls.eclipse.commons 1 0 2025-06-19 16:52:08.198
!MESSAGE DelegatingStreamConnectionProvider classloader = org.eclipse.osgi.internal.loader.EquinoxClassLoader@56fdb4db[org.springframework.tooling.boot.ls:1.28.0.202109130547(id=1001)]

!ENTRY org.eclipse.lsp4e 4 0 2025-06-19 16:52:08.198
!MESSAGE org.eclipse.lsp4j.jsonrpc.JsonRpcException: java.io.IOException: 파이프가 닫히는 중입니다
!STACK 0
java.util.concurrent.ExecutionException: org.eclipse.lsp4j.jsonrpc.JsonRpcException: java.io.IOException: 파이프가 닫히는 중입니다
	at java.base/java.util.concurrent.CompletableFuture.reportGet(CompletableFuture.java:395)
	at java.base/java.util.concurrent.CompletableFuture.get(CompletableFuture.java:2028)
	at org.eclipse.lsp4e.LanguageServerWrapper.lambda$13(LanguageServerWrapper.java:425)
	at java.base/java.util.concurrent.CompletableFuture$AsyncRun.run(CompletableFuture.java:1736)
	at java.base/java.util.concurrent.CompletableFuture$AsyncRun.exec(CompletableFuture.java:1728)
	at java.base/java.util.concurrent.ForkJoinTask.doExec(ForkJoinTask.java:290)
	at java.base/java.util.concurrent.ForkJoinPool$WorkQueue.topLevelExec(ForkJoinPool.java:1020)
	at java.base/java.util.concurrent.ForkJoinPool.scan(ForkJoinPool.java:1656)
	at java.base/java.util.concurrent.ForkJoinPool.runWorker(ForkJoinPool.java:1594)
	at java.base/java.util.concurrent.ForkJoinWorkerThread.run(ForkJoinWorkerThread.java:183)
Caused by: org.eclipse.lsp4j.jsonrpc.JsonRpcException: java.io.IOException: 파이프가 닫히는 중입니다
	at org.eclipse.lsp4j.jsonrpc.json.StreamMessageConsumer.consume(StreamMessageConsumer.java:72)
	at org.eclipse.lsp4e.LanguageServerWrapper.lambda$4(LanguageServerWrapper.java:260)
	at org.eclipse.lsp4j.jsonrpc.RemoteEndpoint.request(RemoteEndpoint.java:161)
	at org.eclipse.lsp4j.jsonrpc.services.EndpointProxy.invoke(EndpointProxy.java:91)
	at com.sun.proxy.$Proxy66.shutdown(Unknown Source)
	at org.eclipse.lsp4e.LanguageServerWrapper.lambda$13(LanguageServerWrapper.java:423)
	... 7 more
Caused by: java.io.IOException: 파이프가 닫히는 중입니다
	at java.base/java.io.FileOutputStream.writeBytes(Native Method)
	at java.base/java.io.FileOutputStream.write(FileOutputStream.java:354)
	at java.base/java.io.BufferedOutputStream.flushBuffer(BufferedOutputStream.java:81)
	at java.base/java.io.BufferedOutputStream.flush(BufferedOutputStream.java:142)
	at org.eclipse.lsp4j.jsonrpc.json.StreamMessageConsumer.consume(StreamMessageConsumer.java:69)
	... 12 more

!ENTRY org.springframework.tooling.ls.eclipse.commons 1 0 2025-06-19 16:52:08.198
!MESSAGE Entering DelegatingStreamConnectionProvider()

!ENTRY org.springframework.tooling.ls.eclipse.commons 1 0 2025-06-19 16:52:08.198
!MESSAGE SpringBootLanguageServer exists!

!ENTRY org.springframework.tooling.ls.eclipse.commons 1 0 2025-06-19 16:52:08.199
!MESSAGE DelegatingStreamConnectionProvider classloader = org.eclipse.osgi.internal.loader.EquinoxClassLoader@56fdb4db[org.springframework.tooling.boot.ls:1.28.0.202109130547(id=1001)]

!ENTRY org.eclipse.lsp4e 4 0 2025-06-19 16:52:08.199
!MESSAGE org.eclipse.lsp4j.jsonrpc.JsonRpcException: java.io.IOException: 파이프가 닫히는 중입니다
!STACK 0
java.util.concurrent.ExecutionException: org.eclipse.lsp4j.jsonrpc.JsonRpcException: java.io.IOException: 파이프가 닫히는 중입니다
	at java.base/java.util.concurrent.CompletableFuture.reportGet(CompletableFuture.java:395)
	at java.base/java.util.concurrent.CompletableFuture.get(CompletableFuture.java:2028)
	at org.eclipse.lsp4e.LanguageServerWrapper.lambda$13(LanguageServerWrapper.java:425)
	at java.base/java.util.concurrent.CompletableFuture$AsyncRun.run(CompletableFuture.java:1736)
	at java.base/java.util.concurrent.CompletableFuture$AsyncRun.exec(CompletableFuture.java:1728)
	at java.base/java.util.concurrent.ForkJoinTask.doExec(ForkJoinTask.java:290)
	at java.base/java.util.concurrent.ForkJoinPool$WorkQueue.topLevelExec(ForkJoinPool.java:1020)
	at java.base/java.util.concurrent.ForkJoinPool.scan(ForkJoinPool.java:1656)
	at java.base/java.util.concurrent.ForkJoinPool.runWorker(ForkJoinPool.java:1594)
	at java.base/java.util.concurrent.ForkJoinWorkerThread.run(ForkJoinWorkerThread.java:183)
Caused by: org.eclipse.lsp4j.jsonrpc.JsonRpcException: java.io.IOException: 파이프가 닫히는 중입니다
	at org.eclipse.lsp4j.jsonrpc.json.StreamMessageConsumer.consume(StreamMessageConsumer.java:72)
	at org.eclipse.lsp4e.LanguageServerWrapper.lambda$4(LanguageServerWrapper.java:260)
	at org.eclipse.lsp4j.jsonrpc.RemoteEndpoint.request(RemoteEndpoint.java:161)
	at org.eclipse.lsp4j.jsonrpc.services.EndpointProxy.invoke(EndpointProxy.java:91)
	at com.sun.proxy.$Proxy66.shutdown(Unknown Source)
	at org.eclipse.lsp4e.LanguageServerWrapper.lambda$13(LanguageServerWrapper.java:423)
	... 7 more
Caused by: java.io.IOException: 파이프가 닫히는 중입니다
	at java.base/java.io.FileOutputStream.writeBytes(Native Method)
	at java.base/java.io.FileOutputStream.write(FileOutputStream.java:354)
	at java.base/java.io.BufferedOutputStream.flushBuffer(BufferedOutputStream.java:81)
	at java.base/java.io.BufferedOutputStream.flush(BufferedOutputStream.java:142)
	at org.eclipse.lsp4j.jsonrpc.json.StreamMessageConsumer.consume(StreamMessageConsumer.java:69)
	... 12 more

!ENTRY org.springframework.tooling.ls.eclipse.commons 1 0 2025-06-19 16:52:08.199
!MESSAGE SpringBootLanguageServer exists!

!ENTRY org.eclipse.lsp4e 4 0 2025-06-19 16:52:08.199
!MESSAGE org.eclipse.lsp4j.jsonrpc.JsonRpcException: java.io.IOException: 파이프가 닫히는 중입니다
!STACK 0
java.util.concurrent.ExecutionException: org.eclipse.lsp4j.jsonrpc.JsonRpcException: java.io.IOException: 파이프가 닫히는 중입니다
	at java.base/java.util.concurrent.CompletableFuture.reportGet(CompletableFuture.java:395)
	at java.base/java.util.concurrent.CompletableFuture.get(CompletableFuture.java:2028)
	at org.eclipse.lsp4e.LanguageServerWrapper.lambda$13(LanguageServerWrapper.java:425)
	at java.base/java.util.concurrent.CompletableFuture$AsyncRun.run(CompletableFuture.java:1736)
	at java.base/java.util.concurrent.CompletableFuture$AsyncRun.exec(CompletableFuture.java:1728)
	at java.base/java.util.concurrent.ForkJoinTask.doExec(ForkJoinTask.java:290)
	at java.base/java.util.concurrent.ForkJoinPool$WorkQueue.topLevelExec(ForkJoinPool.java:1020)
	at java.base/java.util.concurrent.ForkJoinPool.scan(ForkJoinPool.java:1656)
	at java.base/java.util.concurrent.ForkJoinPool.runWorker(ForkJoinPool.java:1594)
	at java.base/java.util.concurrent.ForkJoinWorkerThread.run(ForkJoinWorkerThread.java:183)
Caused by: org.eclipse.lsp4j.jsonrpc.JsonRpcException: java.io.IOException: 파이프가 닫히는 중입니다
	at org.eclipse.lsp4j.jsonrpc.json.StreamMessageConsumer.consume(StreamMessageConsumer.java:72)
	at org.eclipse.lsp4e.LanguageServerWrapper.lambda$4(LanguageServerWrapper.java:260)
	at org.eclipse.lsp4j.jsonrpc.RemoteEndpoint.request(RemoteEndpoint.java:161)
	at org.eclipse.lsp4j.jsonrpc.services.EndpointProxy.invoke(EndpointProxy.java:91)
	at com.sun.proxy.$Proxy66.shutdown(Unknown Source)
	at org.eclipse.lsp4e.LanguageServerWrapper.lambda$13(LanguageServerWrapper.java:423)
	... 7 more
Caused by: java.io.IOException: 파이프가 닫히는 중입니다
	at java.base/java.io.FileOutputStream.writeBytes(Native Method)
	at java.base/java.io.FileOutputStream.write(FileOutputStream.java:354)
	at java.base/java.io.BufferedOutputStream.flushBuffer(BufferedOutputStream.java:81)
	at java.base/java.io.BufferedOutputStream.flush(BufferedOutputStream.java:142)
	at org.eclipse.lsp4j.jsonrpc.json.StreamMessageConsumer.consume(StreamMessageConsumer.java:69)
	... 12 more

!ENTRY org.springframework.tooling.ls.eclipse.commons 1 0 2025-06-19 16:52:08.199
!MESSAGE Entering DelegatingStreamConnectionProvider()

!ENTRY org.eclipse.lsp4e 4 0 2025-06-19 16:52:08.200
!MESSAGE org.eclipse.lsp4j.jsonrpc.JsonRpcException: java.io.IOException: 파이프가 닫히는 중입니다
!STACK 0
java.util.concurrent.ExecutionException: org.eclipse.lsp4j.jsonrpc.JsonRpcException: java.io.IOException: 파이프가 닫히는 중입니다
	at java.base/java.util.concurrent.CompletableFuture.reportGet(CompletableFuture.java:395)
	at java.base/java.util.concurrent.CompletableFuture.get(CompletableFuture.java:2028)
	at org.eclipse.lsp4e.LanguageServerWrapper.lambda$13(LanguageServerWrapper.java:425)
	at java.base/java.util.concurrent.CompletableFuture$AsyncRun.run(CompletableFuture.java:1736)
	at java.base/java.util.concurrent.CompletableFuture$AsyncRun.exec(CompletableFuture.java:1728)
	at java.base/java.util.concurrent.ForkJoinTask.doExec(ForkJoinTask.java:290)
	at java.base/java.util.concurrent.ForkJoinPool$WorkQueue.topLevelExec(ForkJoinPool.java:1020)
	at java.base/java.util.concurrent.ForkJoinPool.scan(ForkJoinPool.java:1656)
	at java.base/java.util.concurrent.ForkJoinPool.runWorker(ForkJoinPool.java:1594)
	at java.base/java.util.concurrent.ForkJoinWorkerThread.run(ForkJoinWorkerThread.java:183)
Caused by: org.eclipse.lsp4j.jsonrpc.JsonRpcException: java.io.IOException: 파이프가 닫히는 중입니다
	at org.eclipse.lsp4j.jsonrpc.json.StreamMessageConsumer.consume(StreamMessageConsumer.java:72)
	at org.eclipse.lsp4e.LanguageServerWrapper.lambda$4(LanguageServerWrapper.java:260)
	at org.eclipse.lsp4j.jsonrpc.RemoteEndpoint.request(RemoteEndpoint.java:161)
	at org.eclipse.lsp4j.jsonrpc.services.EndpointProxy.invoke(EndpointProxy.java:91)
	at com.sun.proxy.$Proxy66.shutdown(Unknown Source)
	at org.eclipse.lsp4e.LanguageServerWrapper.lambda$13(LanguageServerWrapper.java:423)
	... 7 more
Caused by: java.io.IOException: 파이프가 닫히는 중입니다
	at java.base/java.io.FileOutputStream.writeBytes(Native Method)
	at java.base/java.io.FileOutputStream.write(FileOutputStream.java:354)
	at java.base/java.io.BufferedOutputStream.flushBuffer(BufferedOutputStream.java:81)
	at java.base/java.io.BufferedOutputStream.flush(BufferedOutputStream.java:142)
	at org.eclipse.lsp4j.jsonrpc.json.StreamMessageConsumer.consume(StreamMessageConsumer.java:69)
	... 12 more

!ENTRY org.springframework.tooling.ls.eclipse.commons 1 0 2025-06-19 16:52:08.200
!MESSAGE DelegatingStreamConnectionProvider classloader = org.eclipse.osgi.internal.loader.EquinoxClassLoader@56fdb4db[org.springframework.tooling.boot.ls:1.28.0.202109130547(id=1001)]

!ENTRY org.springframework.tooling.ls.eclipse.commons 1 0 2025-06-19 16:52:08.200
!MESSAGE Entering DelegatingStreamConnectionProvider()

!ENTRY org.springframework.tooling.ls.eclipse.commons 1 0 2025-06-19 16:52:08.200
!MESSAGE SpringBootLanguageServer exists!

!ENTRY org.springframework.tooling.ls.eclipse.commons 1 0 2025-06-19 16:52:08.200
!MESSAGE DelegatingStreamConnectionProvider classloader = org.eclipse.osgi.internal.loader.EquinoxClassLoader@56fdb4db[org.springframework.tooling.boot.ls:1.28.0.202109130547(id=1001)]

!ENTRY org.springframework.tooling.ls.eclipse.commons 1 0 2025-06-19 16:52:08.200
!MESSAGE SpringBootLanguageServer exists!

!ENTRY org.springframework.tooling.ls.eclipse.commons 1 0 2025-06-19 16:52:08.230
!MESSAGE Entering DelegatingStreamConnectionProvider()

!ENTRY org.eclipse.lsp4e 4 0 2025-06-19 16:52:08.230
!MESSAGE org.eclipse.lsp4j.jsonrpc.JsonRpcException: java.io.IOException: 파이프가 닫히는 중입니다
!STACK 0
java.util.concurrent.ExecutionException: org.eclipse.lsp4j.jsonrpc.JsonRpcException: java.io.IOException: 파이프가 닫히는 중입니다
	at java.base/java.util.concurrent.CompletableFuture.reportGet(CompletableFuture.java:395)
	at java.base/java.util.concurrent.CompletableFuture.get(CompletableFuture.java:2028)
	at org.eclipse.lsp4e.LanguageServerWrapper.lambda$13(LanguageServerWrapper.java:425)
	at java.base/java.util.concurrent.CompletableFuture$AsyncRun.run(CompletableFuture.java:1736)
	at java.base/java.util.concurrent.CompletableFuture$AsyncRun.exec(CompletableFuture.java:1728)
	at java.base/java.util.concurrent.ForkJoinTask.doExec(ForkJoinTask.java:290)
	at java.base/java.util.concurrent.ForkJoinPool$WorkQueue.topLevelExec(ForkJoinPool.java:1020)
	at java.base/java.util.concurrent.ForkJoinPool.scan(ForkJoinPool.java:1656)
	at java.base/java.util.concurrent.ForkJoinPool.runWorker(ForkJoinPool.java:1594)
	at java.base/java.util.concurrent.ForkJoinWorkerThread.run(ForkJoinWorkerThread.java:183)
Caused by: org.eclipse.lsp4j.jsonrpc.JsonRpcException: java.io.IOException: 파이프가 닫히는 중입니다
	at org.eclipse.lsp4j.jsonrpc.json.StreamMessageConsumer.consume(StreamMessageConsumer.java:72)
	at org.eclipse.lsp4e.LanguageServerWrapper.lambda$4(LanguageServerWrapper.java:260)
	at org.eclipse.lsp4j.jsonrpc.RemoteEndpoint.request(RemoteEndpoint.java:161)
	at org.eclipse.lsp4j.jsonrpc.services.EndpointProxy.invoke(EndpointProxy.java:91)
	at com.sun.proxy.$Proxy66.shutdown(Unknown Source)
	at org.eclipse.lsp4e.LanguageServerWrapper.lambda$13(LanguageServerWrapper.java:423)
	... 7 more
Caused by: java.io.IOException: 파이프가 닫히는 중입니다
	at java.base/java.io.FileOutputStream.writeBytes(Native Method)
	at java.base/java.io.FileOutputStream.write(FileOutputStream.java:354)
	at java.base/java.io.BufferedOutputStream.flushBuffer(BufferedOutputStream.java:81)
	at java.base/java.io.BufferedOutputStream.flush(BufferedOutputStream.java:142)
	at org.eclipse.lsp4j.jsonrpc.json.StreamMessageConsumer.consume(StreamMessageConsumer.java:69)
	... 12 more

!ENTRY org.eclipse.lsp4e 4 0 2025-06-19 16:52:08.230
!MESSAGE org.eclipse.lsp4j.jsonrpc.JsonRpcException: java.io.IOException: 파이프가 닫히는 중입니다
!STACK 0
java.util.concurrent.ExecutionException: org.eclipse.lsp4j.jsonrpc.JsonRpcException: java.io.IOException: 파이프가 닫히는 중입니다
	at java.base/java.util.concurrent.CompletableFuture.reportGet(CompletableFuture.java:395)
	at java.base/java.util.concurrent.CompletableFuture.get(CompletableFuture.java:2028)
	at org.eclipse.lsp4e.LanguageServerWrapper.lambda$13(LanguageServerWrapper.java:425)
	at java.base/java.util.concurrent.CompletableFuture$AsyncRun.run(CompletableFuture.java:1736)
	at java.base/java.util.concurrent.CompletableFuture$AsyncRun.exec(CompletableFuture.java:1728)
	at java.base/java.util.concurrent.ForkJoinTask.doExec(ForkJoinTask.java:290)
	at java.base/java.util.concurrent.ForkJoinPool$WorkQueue.topLevelExec(ForkJoinPool.java:1020)
	at java.base/java.util.concurrent.ForkJoinPool.scan(ForkJoinPool.java:1656)
	at java.base/java.util.concurrent.ForkJoinPool.runWorker(ForkJoinPool.java:1594)
	at java.base/java.util.concurrent.ForkJoinWorkerThread.run(ForkJoinWorkerThread.java:183)
Caused by: org.eclipse.lsp4j.jsonrpc.JsonRpcException: java.io.IOException: 파이프가 닫히는 중입니다
	at org.eclipse.lsp4j.jsonrpc.json.StreamMessageConsumer.consume(StreamMessageConsumer.java:72)
	at org.eclipse.lsp4e.LanguageServerWrapper.lambda$4(LanguageServerWrapper.java:260)
	at org.eclipse.lsp4j.jsonrpc.RemoteEndpoint.request(RemoteEndpoint.java:161)
	at org.eclipse.lsp4j.jsonrpc.services.EndpointProxy.invoke(EndpointProxy.java:91)
	at com.sun.proxy.$Proxy66.shutdown(Unknown Source)
	at org.eclipse.lsp4e.LanguageServerWrapper.lambda$13(LanguageServerWrapper.java:423)
	... 7 more
Caused by: java.io.IOException: 파이프가 닫히는 중입니다
	at java.base/java.io.FileOutputStream.writeBytes(Native Method)
	at java.base/java.io.FileOutputStream.write(FileOutputStream.java:354)
	at java.base/java.io.BufferedOutputStream.flushBuffer(BufferedOutputStream.java:81)
	at java.base/java.io.BufferedOutputStream.flush(BufferedOutputStream.java:142)
	at org.eclipse.lsp4j.jsonrpc.json.StreamMessageConsumer.consume(StreamMessageConsumer.java:69)
	... 12 more

!ENTRY org.eclipse.lsp4e 4 0 2025-06-19 16:52:08.230
!MESSAGE org.eclipse.lsp4j.jsonrpc.JsonRpcException: java.io.IOException: 파이프가 닫히는 중입니다
!STACK 0
java.util.concurrent.ExecutionException: org.eclipse.lsp4j.jsonrpc.JsonRpcException: java.io.IOException: 파이프가 닫히는 중입니다
	at java.base/java.util.concurrent.CompletableFuture.reportGet(CompletableFuture.java:395)
	at java.base/java.util.concurrent.CompletableFuture.get(CompletableFuture.java:2028)
	at org.eclipse.lsp4e.LanguageServerWrapper.lambda$13(LanguageServerWrapper.java:425)
	at java.base/java.util.concurrent.CompletableFuture$AsyncRun.run(CompletableFuture.java:1736)
	at java.base/java.util.concurrent.CompletableFuture$AsyncRun.exec(CompletableFuture.java:1728)
	at java.base/java.util.concurrent.ForkJoinTask.doExec(ForkJoinTask.java:290)
	at java.base/java.util.concurrent.ForkJoinPool$WorkQueue.topLevelExec(ForkJoinPool.java:1020)
	at java.base/java.util.concurrent.ForkJoinPool.scan(ForkJoinPool.java:1656)
	at java.base/java.util.concurrent.ForkJoinPool.runWorker(ForkJoinPool.java:1594)
	at java.base/java.util.concurrent.ForkJoinWorkerThread.run(ForkJoinWorkerThread.java:183)
Caused by: org.eclipse.lsp4j.jsonrpc.JsonRpcException: java.io.IOException: 파이프가 닫히는 중입니다
	at org.eclipse.lsp4j.jsonrpc.json.StreamMessageConsumer.consume(StreamMessageConsumer.java:72)
	at org.eclipse.lsp4e.LanguageServerWrapper.lambda$4(LanguageServerWrapper.java:260)
	at org.eclipse.lsp4j.jsonrpc.RemoteEndpoint.request(RemoteEndpoint.java:161)
	at org.eclipse.lsp4j.jsonrpc.services.EndpointProxy.invoke(EndpointProxy.java:91)
	at com.sun.proxy.$Proxy66.shutdown(Unknown Source)
	at org.eclipse.lsp4e.LanguageServerWrapper.lambda$13(LanguageServerWrapper.java:423)
	... 7 more
Caused by: java.io.IOException: 파이프가 닫히는 중입니다
	at java.base/java.io.FileOutputStream.writeBytes(Native Method)
	at java.base/java.io.FileOutputStream.write(FileOutputStream.java:354)
	at java.base/java.io.BufferedOutputStream.flushBuffer(BufferedOutputStream.java:81)
	at java.base/java.io.BufferedOutputStream.flush(BufferedOutputStream.java:142)
	at org.eclipse.lsp4j.jsonrpc.json.StreamMessageConsumer.consume(StreamMessageConsumer.java:69)
	... 12 more

!ENTRY org.springframework.tooling.ls.eclipse.commons 1 0 2025-06-19 16:52:08.231
!MESSAGE Entering DelegatingStreamConnectionProvider()

!ENTRY org.eclipse.lsp4e 4 0 2025-06-19 16:52:08.231
!MESSAGE org.eclipse.lsp4j.jsonrpc.JsonRpcException: java.io.IOException: 파이프가 닫히는 중입니다
!STACK 0
java.util.concurrent.ExecutionException: org.eclipse.lsp4j.jsonrpc.JsonRpcException: java.io.IOException: 파이프가 닫히는 중입니다
	at java.base/java.util.concurrent.CompletableFuture.reportGet(CompletableFuture.java:395)
	at java.base/java.util.concurrent.CompletableFuture.get(CompletableFuture.java:2028)
	at org.eclipse.lsp4e.LanguageServerWrapper.lambda$13(LanguageServerWrapper.java:425)
	at java.base/java.util.concurrent.CompletableFuture$AsyncRun.run(CompletableFuture.java:1736)
	at java.base/java.util.concurrent.CompletableFuture$AsyncRun.exec(CompletableFuture.java:1728)
	at java.base/java.util.concurrent.ForkJoinTask.doExec(ForkJoinTask.java:290)
	at java.base/java.util.concurrent.ForkJoinPool$WorkQueue.topLevelExec(ForkJoinPool.java:1020)
	at java.base/java.util.concurrent.ForkJoinPool.scan(ForkJoinPool.java:1656)
	at java.base/java.util.concurrent.ForkJoinPool.runWorker(ForkJoinPool.java:1594)
	at java.base/java.util.concurrent.ForkJoinWorkerThread.run(ForkJoinWorkerThread.java:183)
Caused by: org.eclipse.lsp4j.jsonrpc.JsonRpcException: java.io.IOException: 파이프가 닫히는 중입니다
	at org.eclipse.lsp4j.jsonrpc.json.StreamMessageConsumer.consume(StreamMessageConsumer.java:72)
	at org.eclipse.lsp4e.LanguageServerWrapper.lambda$4(LanguageServerWrapper.java:260)
	at org.eclipse.lsp4j.jsonrpc.RemoteEndpoint.request(RemoteEndpoint.java:161)
	at org.eclipse.lsp4j.jsonrpc.services.EndpointProxy.invoke(EndpointProxy.java:91)
	at com.sun.proxy.$Proxy66.shutdown(Unknown Source)
	at org.eclipse.lsp4e.LanguageServerWrapper.lambda$13(LanguageServerWrapper.java:423)
	... 7 more
Caused by: java.io.IOException: 파이프가 닫히는 중입니다
	at java.base/java.io.FileOutputStream.writeBytes(Native Method)
	at java.base/java.io.FileOutputStream.write(FileOutputStream.java:354)
	at java.base/java.io.BufferedOutputStream.flushBuffer(BufferedOutputStream.java:81)
	at java.base/java.io.BufferedOutputStream.flush(BufferedOutputStream.java:142)
	at org.eclipse.lsp4j.jsonrpc.json.StreamMessageConsumer.consume(StreamMessageConsumer.java:69)
	... 12 more

!ENTRY org.eclipse.lsp4e 4 0 2025-06-19 16:52:08.231
!MESSAGE org.eclipse.lsp4j.jsonrpc.JsonRpcException: java.io.IOException: 파이프가 닫히는 중입니다
!STACK 0
java.util.concurrent.ExecutionException: org.eclipse.lsp4j.jsonrpc.JsonRpcException: java.io.IOException: 파이프가 닫히는 중입니다
	at java.base/java.util.concurrent.CompletableFuture.reportGet(CompletableFuture.java:395)
	at java.base/java.util.concurrent.CompletableFuture.get(CompletableFuture.java:2028)
	at org.eclipse.lsp4e.LanguageServerWrapper.lambda$13(LanguageServerWrapper.java:425)
	at java.base/java.util.concurrent.CompletableFuture$AsyncRun.run(CompletableFuture.java:1736)
	at java.base/java.util.concurrent.CompletableFuture$AsyncRun.exec(CompletableFuture.java:1728)
	at java.base/java.util.concurrent.ForkJoinTask.doExec(ForkJoinTask.java:290)
	at java.base/java.util.concurrent.ForkJoinPool$WorkQueue.topLevelExec(ForkJoinPool.java:1020)
	at java.base/java.util.concurrent.ForkJoinPool.scan(ForkJoinPool.java:1656)
	at java.base/java.util.concurrent.ForkJoinPool.runWorker(ForkJoinPool.java:1594)
	at java.base/java.util.concurrent.ForkJoinWorkerThread.run(ForkJoinWorkerThread.java:183)
Caused by: org.eclipse.lsp4j.jsonrpc.JsonRpcException: java.io.IOException: 파이프가 닫히는 중입니다
	at org.eclipse.lsp4j.jsonrpc.json.StreamMessageConsumer.consume(StreamMessageConsumer.java:72)
	at org.eclipse.lsp4e.LanguageServerWrapper.lambda$4(LanguageServerWrapper.java:260)
	at org.eclipse.lsp4j.jsonrpc.RemoteEndpoint.request(RemoteEndpoint.java:161)
	at org.eclipse.lsp4j.jsonrpc.services.EndpointProxy.invoke(EndpointProxy.java:91)
	at com.sun.proxy.$Proxy66.shutdown(Unknown Source)
	at org.eclipse.lsp4e.LanguageServerWrapper.lambda$13(LanguageServerWrapper.java:423)
	... 7 more
Caused by: java.io.IOException: 파이프가 닫히는 중입니다
	at java.base/java.io.FileOutputStream.writeBytes(Native Method)
	at java.base/java.io.FileOutputStream.write(FileOutputStream.java:354)
	at java.base/java.io.BufferedOutputStream.flushBuffer(BufferedOutputStream.java:81)
	at java.base/java.io.BufferedOutputStream.flush(BufferedOutputStream.java:142)
	at org.eclipse.lsp4j.jsonrpc.json.StreamMessageConsumer.consume(StreamMessageConsumer.java:69)
	... 12 more

!ENTRY org.eclipse.lsp4e 4 0 2025-06-19 16:52:08.231
!MESSAGE org.eclipse.lsp4j.jsonrpc.JsonRpcException: java.io.IOException: 파이프가 닫히는 중입니다
!STACK 0
java.util.concurrent.ExecutionException: org.eclipse.lsp4j.jsonrpc.JsonRpcException: java.io.IOException: 파이프가 닫히는 중입니다
	at java.base/java.util.concurrent.CompletableFuture.reportGet(CompletableFuture.java:395)
	at java.base/java.util.concurrent.CompletableFuture.get(CompletableFuture.java:2028)
	at org.eclipse.lsp4e.LanguageServerWrapper.lambda$13(LanguageServerWrapper.java:425)
	at java.base/java.util.concurrent.CompletableFuture$AsyncRun.run(CompletableFuture.java:1736)
	at java.base/java.util.concurrent.CompletableFuture$AsyncRun.exec(CompletableFuture.java:1728)
	at java.base/java.util.concurrent.ForkJoinTask.doExec(ForkJoinTask.java:290)
	at java.base/java.util.concurrent.ForkJoinPool$WorkQueue.topLevelExec(ForkJoinPool.java:1020)
	at java.base/java.util.concurrent.ForkJoinPool.scan(ForkJoinPool.java:1656)
	at java.base/java.util.concurrent.ForkJoinPool.runWorker(ForkJoinPool.java:1594)
	at java.base/java.util.concurrent.ForkJoinWorkerThread.run(ForkJoinWorkerThread.java:183)
Caused by: org.eclipse.lsp4j.jsonrpc.JsonRpcException: java.io.IOException: 파이프가 닫히는 중입니다
	at org.eclipse.lsp4j.jsonrpc.json.StreamMessageConsumer.consume(StreamMessageConsumer.java:72)
	at org.eclipse.lsp4e.LanguageServerWrapper.lambda$4(LanguageServerWrapper.java:260)
	at org.eclipse.lsp4j.jsonrpc.RemoteEndpoint.request(RemoteEndpoint.java:161)
	at org.eclipse.lsp4j.jsonrpc.services.EndpointProxy.invoke(EndpointProxy.java:91)
	at com.sun.proxy.$Proxy66.shutdown(Unknown Source)
	at org.eclipse.lsp4e.LanguageServerWrapper.lambda$13(LanguageServerWrapper.java:423)
	... 7 more
Caused by: java.io.IOException: 파이프가 닫히는 중입니다
	at java.base/java.io.FileOutputStream.writeBytes(Native Method)
	at java.base/java.io.FileOutputStream.write(FileOutputStream.java:354)
	at java.base/java.io.BufferedOutputStream.flushBuffer(BufferedOutputStream.java:81)
	at java.base/java.io.BufferedOutputStream.flush(BufferedOutputStream.java:142)
	at org.eclipse.lsp4j.jsonrpc.json.StreamMessageConsumer.consume(StreamMessageConsumer.java:69)
	... 12 more

!ENTRY org.eclipse.lsp4e 4 0 2025-06-19 16:52:08.232
!MESSAGE org.eclipse.lsp4j.jsonrpc.JsonRpcException: java.io.IOException: 파이프가 닫히는 중입니다
!STACK 0
java.util.concurrent.ExecutionException: org.eclipse.lsp4j.jsonrpc.JsonRpcException: java.io.IOException: 파이프가 닫히는 중입니다
	at java.base/java.util.concurrent.CompletableFuture.reportGet(CompletableFuture.java:395)
	at java.base/java.util.concurrent.CompletableFuture.get(CompletableFuture.java:2028)
	at org.eclipse.lsp4e.LanguageServerWrapper.lambda$13(LanguageServerWrapper.java:425)
	at java.base/java.util.concurrent.CompletableFuture$AsyncRun.run(CompletableFuture.java:1736)
	at java.base/java.util.concurrent.CompletableFuture$AsyncRun.exec(CompletableFuture.java:1728)
	at java.base/java.util.concurrent.ForkJoinTask.doExec(ForkJoinTask.java:290)
	at java.base/java.util.concurrent.ForkJoinPool$WorkQueue.topLevelExec(ForkJoinPool.java:1020)
	at java.base/java.util.concurrent.ForkJoinPool.scan(ForkJoinPool.java:1656)
	at java.base/java.util.concurrent.ForkJoinPool.runWorker(ForkJoinPool.java:1594)
	at java.base/java.util.concurrent.ForkJoinWorkerThread.run(ForkJoinWorkerThread.java:183)
Caused by: org.eclipse.lsp4j.jsonrpc.JsonRpcException: java.io.IOException: 파이프가 닫히는 중입니다
	at org.eclipse.lsp4j.jsonrpc.json.StreamMessageConsumer.consume(StreamMessageConsumer.java:72)
	at org.eclipse.lsp4e.LanguageServerWrapper.lambda$4(LanguageServerWrapper.java:260)
	at org.eclipse.lsp4j.jsonrpc.RemoteEndpoint.request(RemoteEndpoint.java:161)
	at org.eclipse.lsp4j.jsonrpc.services.EndpointProxy.invoke(EndpointProxy.java:91)
	at com.sun.proxy.$Proxy66.shutdown(Unknown Source)
	at org.eclipse.lsp4e.LanguageServerWrapper.lambda$13(LanguageServerWrapper.java:423)
	... 7 more
Caused by: java.io.IOException: 파이프가 닫히는 중입니다
	at java.base/java.io.FileOutputStream.writeBytes(Native Method)
	at java.base/java.io.FileOutputStream.write(FileOutputStream.java:354)
	at java.base/java.io.BufferedOutputStream.flushBuffer(BufferedOutputStream.java:81)
	at java.base/java.io.BufferedOutputStream.flush(BufferedOutputStream.java:142)
	at org.eclipse.lsp4j.jsonrpc.json.StreamMessageConsumer.consume(StreamMessageConsumer.java:69)
	... 12 more

!ENTRY org.eclipse.lsp4e 4 0 2025-06-19 16:52:08.232
!MESSAGE org.eclipse.lsp4j.jsonrpc.JsonRpcException: java.io.IOException: 파이프가 닫히는 중입니다
!STACK 0
java.util.concurrent.ExecutionException: org.eclipse.lsp4j.jsonrpc.JsonRpcException: java.io.IOException: 파이프가 닫히는 중입니다
	at java.base/java.util.concurrent.CompletableFuture.reportGet(CompletableFuture.java:395)
	at java.base/java.util.concurrent.CompletableFuture.get(CompletableFuture.java:2028)
	at org.eclipse.lsp4e.LanguageServerWrapper.lambda$13(LanguageServerWrapper.java:425)
	at java.base/java.util.concurrent.CompletableFuture$AsyncRun.run(CompletableFuture.java:1736)
	at java.base/java.util.concurrent.CompletableFuture$AsyncRun.exec(CompletableFuture.java:1728)
	at java.base/java.util.concurrent.ForkJoinTask.doExec(ForkJoinTask.java:290)
	at java.base/java.util.concurrent.ForkJoinPool$WorkQueue.topLevelExec(ForkJoinPool.java:1020)
	at java.base/java.util.concurrent.ForkJoinPool.scan(ForkJoinPool.java:1656)
	at java.base/java.util.concurrent.ForkJoinPool.runWorker(ForkJoinPool.java:1594)
	at java.base/java.util.concurrent.ForkJoinWorkerThread.run(ForkJoinWorkerThread.java:183)
Caused by: org.eclipse.lsp4j.jsonrpc.JsonRpcException: java.io.IOException: 파이프가 닫히는 중입니다
	at org.eclipse.lsp4j.jsonrpc.json.StreamMessageConsumer.consume(StreamMessageConsumer.java:72)
	at org.eclipse.lsp4e.LanguageServerWrapper.lambda$4(LanguageServerWrapper.java:260)
	at org.eclipse.lsp4j.jsonrpc.RemoteEndpoint.request(RemoteEndpoint.java:161)
	at org.eclipse.lsp4j.jsonrpc.services.EndpointProxy.invoke(EndpointProxy.java:91)
	at com.sun.proxy.$Proxy66.shutdown(Unknown Source)
	at org.eclipse.lsp4e.LanguageServerWrapper.lambda$13(LanguageServerWrapper.java:423)
	... 7 more
Caused by: java.io.IOException: 파이프가 닫히는 중입니다
	at java.base/java.io.FileOutputStream.writeBytes(Native Method)
	at java.base/java.io.FileOutputStream.write(FileOutputStream.java:354)
	at java.base/java.io.BufferedOutputStream.flushBuffer(BufferedOutputStream.java:81)
	at java.base/java.io.BufferedOutputStream.flush(BufferedOutputStream.java:142)
	at org.eclipse.lsp4j.jsonrpc.json.StreamMessageConsumer.consume(StreamMessageConsumer.java:69)
	... 12 more

!ENTRY org.springframework.tooling.ls.eclipse.commons 1 0 2025-06-19 16:52:08.232
!MESSAGE Entering DelegatingStreamConnectionProvider()

!ENTRY org.springframework.tooling.ls.eclipse.commons 1 0 2025-06-19 16:52:08.232
!MESSAGE Entering DelegatingStreamConnectionProvider()

!ENTRY org.springframework.tooling.ls.eclipse.commons 1 0 2025-06-19 16:52:08.232
!MESSAGE Entering DelegatingStreamConnectionProvider()

!ENTRY org.springframework.tooling.ls.eclipse.commons 1 0 2025-06-19 16:52:08.232
!MESSAGE Entering DelegatingStreamConnectionProvider()

!ENTRY org.springframework.tooling.ls.eclipse.commons 1 0 2025-06-19 16:52:08.233
!MESSAGE Entering DelegatingStreamConnectionProvider()

!ENTRY org.springframework.tooling.ls.eclipse.commons 1 0 2025-06-19 16:52:08.233
!MESSAGE DelegatingStreamConnectionProvider classloader = org.eclipse.osgi.internal.loader.EquinoxClassLoader@56fdb4db[org.springframework.tooling.boot.ls:1.28.0.202109130547(id=1001)]

!ENTRY org.springframework.tooling.ls.eclipse.commons 1 0 2025-06-19 16:52:08.233
!MESSAGE DelegatingStreamConnectionProvider classloader = org.eclipse.osgi.internal.loader.EquinoxClassLoader@56fdb4db[org.springframework.tooling.boot.ls:1.28.0.202109130547(id=1001)]

!ENTRY org.springframework.tooling.ls.eclipse.commons 1 0 2025-06-19 16:52:08.233
!MESSAGE DelegatingStreamConnectionProvider classloader = org.eclipse.osgi.internal.loader.EquinoxClassLoader@56fdb4db[org.springframework.tooling.boot.ls:1.28.0.202109130547(id=1001)]

!ENTRY org.springframework.tooling.ls.eclipse.commons 1 0 2025-06-19 16:52:08.233
!MESSAGE DelegatingStreamConnectionProvider classloader = org.eclipse.osgi.internal.loader.EquinoxClassLoader@56fdb4db[org.springframework.tooling.boot.ls:1.28.0.202109130547(id=1001)]

!ENTRY org.eclipse.lsp4e 4 0 2025-06-19 16:52:08.233
!MESSAGE org.eclipse.lsp4j.jsonrpc.JsonRpcException: java.io.IOException: 파이프가 닫히는 중입니다
!STACK 0
java.util.concurrent.ExecutionException: org.eclipse.lsp4j.jsonrpc.JsonRpcException: java.io.IOException: 파이프가 닫히는 중입니다
	at java.base/java.util.concurrent.CompletableFuture.reportGet(CompletableFuture.java:395)
	at java.base/java.util.concurrent.CompletableFuture.get(CompletableFuture.java:2028)
	at org.eclipse.lsp4e.LanguageServerWrapper.lambda$13(LanguageServerWrapper.java:425)
	at java.base/java.util.concurrent.CompletableFuture$AsyncRun.run(CompletableFuture.java:1736)
	at java.base/java.util.concurrent.CompletableFuture$AsyncRun.exec(CompletableFuture.java:1728)
	at java.base/java.util.concurrent.ForkJoinTask.doExec(ForkJoinTask.java:290)
	at java.base/java.util.concurrent.ForkJoinPool$WorkQueue.topLevelExec(ForkJoinPool.java:1020)
	at java.base/java.util.concurrent.ForkJoinPool.scan(ForkJoinPool.java:1656)
	at java.base/java.util.concurrent.ForkJoinPool.runWorker(ForkJoinPool.java:1594)
	at java.base/java.util.concurrent.ForkJoinWorkerThread.run(ForkJoinWorkerThread.java:183)
Caused by: org.eclipse.lsp4j.jsonrpc.JsonRpcException: java.io.IOException: 파이프가 닫히는 중입니다
	at org.eclipse.lsp4j.jsonrpc.json.StreamMessageConsumer.consume(StreamMessageConsumer.java:72)
	at org.eclipse.lsp4e.LanguageServerWrapper.lambda$4(LanguageServerWrapper.java:260)
	at org.eclipse.lsp4j.jsonrpc.RemoteEndpoint.request(RemoteEndpoint.java:161)
	at org.eclipse.lsp4j.jsonrpc.services.EndpointProxy.invoke(EndpointProxy.java:91)
	at com.sun.proxy.$Proxy66.shutdown(Unknown Source)
	at org.eclipse.lsp4e.LanguageServerWrapper.lambda$13(LanguageServerWrapper.java:423)
	... 7 more
Caused by: java.io.IOException: 파이프가 닫히는 중입니다
	at java.base/java.io.FileOutputStream.writeBytes(Native Method)
	at java.base/java.io.FileOutputStream.write(FileOutputStream.java:354)
	at java.base/java.io.BufferedOutputStream.flushBuffer(BufferedOutputStream.java:81)
	at java.base/java.io.BufferedOutputStream.flush(BufferedOutputStream.java:142)
	at org.eclipse.lsp4j.jsonrpc.json.StreamMessageConsumer.consume(StreamMessageConsumer.java:69)
	... 12 more

!ENTRY org.springframework.tooling.ls.eclipse.commons 1 0 2025-06-19 16:52:08.233
!MESSAGE Entering DelegatingStreamConnectionProvider()

!ENTRY org.springframework.tooling.ls.eclipse.commons 1 0 2025-06-19 16:52:08.233
!MESSAGE Entering DelegatingStreamConnectionProvider()

!ENTRY org.eclipse.lsp4e 4 0 2025-06-19 16:52:08.233
!MESSAGE org.eclipse.lsp4j.jsonrpc.JsonRpcException: java.io.IOException: 파이프가 닫히는 중입니다
!STACK 0
java.util.concurrent.ExecutionException: org.eclipse.lsp4j.jsonrpc.JsonRpcException: java.io.IOException: 파이프가 닫히는 중입니다
	at java.base/java.util.concurrent.CompletableFuture.reportGet(CompletableFuture.java:395)
	at java.base/java.util.concurrent.CompletableFuture.get(CompletableFuture.java:2028)
	at org.eclipse.lsp4e.LanguageServerWrapper.lambda$13(LanguageServerWrapper.java:425)
	at java.base/java.util.concurrent.CompletableFuture$AsyncRun.run(CompletableFuture.java:1736)
	at java.base/java.util.concurrent.CompletableFuture$AsyncRun.exec(CompletableFuture.java:1728)
	at java.base/java.util.concurrent.ForkJoinTask.doExec(ForkJoinTask.java:290)
	at java.base/java.util.concurrent.ForkJoinPool$WorkQueue.topLevelExec(ForkJoinPool.java:1020)
	at java.base/java.util.concurrent.ForkJoinPool.scan(ForkJoinPool.java:1656)
	at java.base/java.util.concurrent.ForkJoinPool.runWorker(ForkJoinPool.java:1594)
	at java.base/java.util.concurrent.ForkJoinWorkerThread.run(ForkJoinWorkerThread.java:183)
Caused by: org.eclipse.lsp4j.jsonrpc.JsonRpcException: java.io.IOException: 파이프가 닫히는 중입니다
	at org.eclipse.lsp4j.jsonrpc.json.StreamMessageConsumer.consume(StreamMessageConsumer.java:72)
	at org.eclipse.lsp4e.LanguageServerWrapper.lambda$4(LanguageServerWrapper.java:260)
	at org.eclipse.lsp4j.jsonrpc.RemoteEndpoint.request(RemoteEndpoint.java:161)
	at org.eclipse.lsp4j.jsonrpc.services.EndpointProxy.invoke(EndpointProxy.java:91)
	at com.sun.proxy.$Proxy66.shutdown(Unknown Source)
	at org.eclipse.lsp4e.LanguageServerWrapper.lambda$13(LanguageServerWrapper.java:423)
	... 7 more
Caused by: java.io.IOException: 파이프가 닫히는 중입니다
	at java.base/java.io.FileOutputStream.writeBytes(Native Method)
	at java.base/java.io.FileOutputStream.write(FileOutputStream.java:354)
	at java.base/java.io.BufferedOutputStream.flushBuffer(BufferedOutputStream.java:81)
	at java.base/java.io.BufferedOutputStream.flush(BufferedOutputStream.java:142)
	at org.eclipse.lsp4j.jsonrpc.json.StreamMessageConsumer.consume(StreamMessageConsumer.java:69)
	... 12 more

!ENTRY org.springframework.tooling.ls.eclipse.commons 1 0 2025-06-19 16:52:08.234
!MESSAGE DelegatingStreamConnectionProvider classloader = org.eclipse.osgi.internal.loader.EquinoxClassLoader@56fdb4db[org.springframework.tooling.boot.ls:1.28.0.202109130547(id=1001)]

!ENTRY org.springframework.tooling.ls.eclipse.commons 1 0 2025-06-19 16:52:08.234
!MESSAGE Entering DelegatingStreamConnectionProvider()

!ENTRY org.eclipse.lsp4e 4 0 2025-06-19 16:52:08.234
!MESSAGE org.eclipse.lsp4j.jsonrpc.JsonRpcException: java.io.IOException: 파이프가 닫히는 중입니다
!STACK 0
java.util.concurrent.ExecutionException: org.eclipse.lsp4j.jsonrpc.JsonRpcException: java.io.IOException: 파이프가 닫히는 중입니다
	at java.base/java.util.concurrent.CompletableFuture.reportGet(CompletableFuture.java:395)
	at java.base/java.util.concurrent.CompletableFuture.get(CompletableFuture.java:2028)
	at org.eclipse.lsp4e.LanguageServerWrapper.lambda$13(LanguageServerWrapper.java:425)
	at java.base/java.util.concurrent.CompletableFuture$AsyncRun.run(CompletableFuture.java:1736)
	at java.base/java.util.concurrent.CompletableFuture$AsyncRun.exec(CompletableFuture.java:1728)
	at java.base/java.util.concurrent.ForkJoinTask.doExec(ForkJoinTask.java:290)
	at java.base/java.util.concurrent.ForkJoinPool$WorkQueue.topLevelExec(ForkJoinPool.java:1020)
	at java.base/java.util.concurrent.ForkJoinPool.scan(ForkJoinPool.java:1656)
	at java.base/java.util.concurrent.ForkJoinPool.runWorker(ForkJoinPool.java:1594)
	at java.base/java.util.concurrent.ForkJoinWorkerThread.run(ForkJoinWorkerThread.java:183)
Caused by: org.eclipse.lsp4j.jsonrpc.JsonRpcException: java.io.IOException: 파이프가 닫히는 중입니다
	at org.eclipse.lsp4j.jsonrpc.json.StreamMessageConsumer.consume(StreamMessageConsumer.java:72)
	at org.eclipse.lsp4e.LanguageServerWrapper.lambda$4(LanguageServerWrapper.java:260)
	at org.eclipse.lsp4j.jsonrpc.RemoteEndpoint.request(RemoteEndpoint.java:161)
	at org.eclipse.lsp4j.jsonrpc.services.EndpointProxy.invoke(EndpointProxy.java:91)
	at com.sun.proxy.$Proxy66.shutdown(Unknown Source)
	at org.eclipse.lsp4e.LanguageServerWrapper.lambda$13(LanguageServerWrapper.java:423)
	... 7 more
Caused by: java.io.IOException: 파이프가 닫히는 중입니다
	at java.base/java.io.FileOutputStream.writeBytes(Native Method)
	at java.base/java.io.FileOutputStream.write(FileOutputStream.java:354)
	at java.base/java.io.BufferedOutputStream.flushBuffer(BufferedOutputStream.java:81)
	at java.base/java.io.BufferedOutputStream.flush(BufferedOutputStream.java:142)
	at org.eclipse.lsp4j.jsonrpc.json.StreamMessageConsumer.consume(StreamMessageConsumer.java:69)
	... 12 more

!ENTRY org.springframework.tooling.ls.eclipse.commons 1 0 2025-06-19 16:52:08.235
!MESSAGE Entering DelegatingStreamConnectionProvider()

!ENTRY org.eclipse.jface.text 4 0 2025-06-19 16:52:08.235
!MESSAGE org.eclipse.lsp4j.jsonrpc.JsonRpcException: java.io.IOException: 파이프가 닫히는 중입니다
!STACK 0
java.util.concurrent.CompletionException: org.eclipse.lsp4j.jsonrpc.JsonRpcException: java.io.IOException: 파이프가 닫히는 중입니다
	at java.base/java.util.concurrent.CompletableFuture.encodeRelay(CompletableFuture.java:367)
	at java.base/java.util.concurrent.CompletableFuture.completeRelay(CompletableFuture.java:376)
	at java.base/java.util.concurrent.CompletableFuture$UniCompose.tryFire(CompletableFuture.java:1074)
	at java.base/java.util.concurrent.CompletableFuture.postComplete(CompletableFuture.java:506)
	at java.base/java.util.concurrent.CompletableFuture$AsyncSupply.run(CompletableFuture.java:1705)
	at java.base/java.util.concurrent.CompletableFuture$AsyncSupply.exec(CompletableFuture.java:1692)
	at java.base/java.util.concurrent.ForkJoinTask.doExec(ForkJoinTask.java:290)
	at java.base/java.util.concurrent.ForkJoinPool$WorkQueue.topLevelExec(ForkJoinPool.java:1020)
	at java.base/java.util.concurrent.ForkJoinPool.scan(ForkJoinPool.java:1656)
	at java.base/java.util.concurrent.ForkJoinPool.runWorker(ForkJoinPool.java:1594)
	at java.base/java.util.concurrent.ForkJoinWorkerThread.run(ForkJoinWorkerThread.java:183)
Caused by: org.eclipse.lsp4j.jsonrpc.JsonRpcException: java.io.IOException: 파이프가 닫히는 중입니다
	at org.eclipse.lsp4j.jsonrpc.json.StreamMessageConsumer.consume(StreamMessageConsumer.java:72)
	at org.eclipse.lsp4e.LanguageServerWrapper.lambda$4(LanguageServerWrapper.java:260)
	at org.eclipse.lsp4j.jsonrpc.RemoteEndpoint.request(RemoteEndpoint.java:161)
	at org.eclipse.lsp4j.jsonrpc.services.EndpointProxy.invoke(EndpointProxy.java:91)
	at com.sun.proxy.$Proxy66.initialize(Unknown Source)
	at org.eclipse.lsp4e.LanguageServerWrapper.lambda$8(LanguageServerWrapper.java:359)
	at java.base/java.util.concurrent.CompletableFuture$UniCompose.tryFire(CompletableFuture.java:1072)
	... 8 more
Caused by: java.io.IOException: 파이프가 닫히는 중입니다
	at java.base/java.io.FileOutputStream.writeBytes(Native Method)
	at java.base/java.io.FileOutputStream.write(FileOutputStream.java:354)
	at java.base/java.io.BufferedOutputStream.flushBuffer(BufferedOutputStream.java:81)
	at java.base/java.io.BufferedOutputStream.flush(BufferedOutputStream.java:142)
	at org.eclipse.lsp4j.jsonrpc.json.StreamMessageConsumer.consume(StreamMessageConsumer.java:69)
	... 14 more

!ENTRY org.springframework.tooling.ls.eclipse.commons 1 0 2025-06-19 16:52:08.235
!MESSAGE DelegatingStreamConnectionProvider classloader = org.eclipse.osgi.internal.loader.EquinoxClassLoader@56fdb4db[org.springframework.tooling.boot.ls:1.28.0.202109130547(id=1001)]

!ENTRY org.eclipse.lsp4e 4 0 2025-06-19 16:52:08.235
!MESSAGE org.eclipse.lsp4j.jsonrpc.JsonRpcException: java.io.IOException: 파이프가 닫히는 중입니다
!STACK 0
java.util.concurrent.ExecutionException: org.eclipse.lsp4j.jsonrpc.JsonRpcException: java.io.IOException: 파이프가 닫히는 중입니다
	at java.base/java.util.concurrent.CompletableFuture.reportGet(CompletableFuture.java:395)
	at java.base/java.util.concurrent.CompletableFuture.get(CompletableFuture.java:2028)
	at org.eclipse.lsp4e.LanguageServerWrapper.lambda$13(LanguageServerWrapper.java:425)
	at java.base/java.util.concurrent.CompletableFuture$AsyncRun.run(CompletableFuture.java:1736)
	at java.base/java.util.concurrent.CompletableFuture$AsyncRun.exec(CompletableFuture.java:1728)
	at java.base/java.util.concurrent.ForkJoinTask.doExec(ForkJoinTask.java:290)
	at java.base/java.util.concurrent.ForkJoinPool$WorkQueue.topLevelExec(ForkJoinPool.java:1020)
	at java.base/java.util.concurrent.ForkJoinPool.scan(ForkJoinPool.java:1656)
	at java.base/java.util.concurrent.ForkJoinPool.runWorker(ForkJoinPool.java:1594)
	at java.base/java.util.concurrent.ForkJoinWorkerThread.run(ForkJoinWorkerThread.java:183)
Caused by: org.eclipse.lsp4j.jsonrpc.JsonRpcException: java.io.IOException: 파이프가 닫히는 중입니다
	at org.eclipse.lsp4j.jsonrpc.json.StreamMessageConsumer.consume(StreamMessageConsumer.java:72)
	at org.eclipse.lsp4e.LanguageServerWrapper.lambda$4(LanguageServerWrapper.java:260)
	at org.eclipse.lsp4j.jsonrpc.RemoteEndpoint.request(RemoteEndpoint.java:161)
	at org.eclipse.lsp4j.jsonrpc.services.EndpointProxy.invoke(EndpointProxy.java:91)
	at com.sun.proxy.$Proxy66.shutdown(Unknown Source)
	at org.eclipse.lsp4e.LanguageServerWrapper.lambda$13(LanguageServerWrapper.java:423)
	... 7 more
Caused by: java.io.IOException: 파이프가 닫히는 중입니다
	at java.base/java.io.FileOutputStream.writeBytes(Native Method)
	at java.base/java.io.FileOutputStream.write(FileOutputStream.java:354)
	at java.base/java.io.BufferedOutputStream.flushBuffer(BufferedOutputStream.java:81)
	at java.base/java.io.BufferedOutputStream.flush(BufferedOutputStream.java:142)
	at org.eclipse.lsp4j.jsonrpc.json.StreamMessageConsumer.consume(StreamMessageConsumer.java:69)
	... 12 more

!ENTRY org.eclipse.jface.text 4 0 2025-06-19 16:52:08.235
!MESSAGE org.eclipse.lsp4j.jsonrpc.JsonRpcException: java.io.IOException: 파이프가 닫히는 중입니다
!STACK 0
java.util.concurrent.CompletionException: org.eclipse.lsp4j.jsonrpc.JsonRpcException: java.io.IOException: 파이프가 닫히는 중입니다
	at java.base/java.util.concurrent.CompletableFuture.encodeRelay(CompletableFuture.java:367)
	at java.base/java.util.concurrent.CompletableFuture.completeRelay(CompletableFuture.java:376)
	at java.base/java.util.concurrent.CompletableFuture$UniCompose.tryFire(CompletableFuture.java:1074)
	at java.base/java.util.concurrent.CompletableFuture.postComplete(CompletableFuture.java:506)
	at java.base/java.util.concurrent.CompletableFuture$AsyncSupply.run(CompletableFuture.java:1705)
	at java.base/java.util.concurrent.CompletableFuture$AsyncSupply.exec(CompletableFuture.java:1692)
	at java.base/java.util.concurrent.ForkJoinTask.doExec(ForkJoinTask.java:290)
	at java.base/java.util.concurrent.ForkJoinPool$WorkQueue.topLevelExec(ForkJoinPool.java:1020)
	at java.base/java.util.concurrent.ForkJoinPool.scan(ForkJoinPool.java:1656)
	at java.base/java.util.concurrent.ForkJoinPool.runWorker(ForkJoinPool.java:1594)
	at java.base/java.util.concurrent.ForkJoinWorkerThread.run(ForkJoinWorkerThread.java:183)
Caused by: org.eclipse.lsp4j.jsonrpc.JsonRpcException: java.io.IOException: 파이프가 닫히는 중입니다
	at org.eclipse.lsp4j.jsonrpc.json.StreamMessageConsumer.consume(StreamMessageConsumer.java:72)
	at org.eclipse.lsp4e.LanguageServerWrapper.lambda$4(LanguageServerWrapper.java:260)
	at org.eclipse.lsp4j.jsonrpc.RemoteEndpoint.request(RemoteEndpoint.java:161)
	at org.eclipse.lsp4j.jsonrpc.services.EndpointProxy.invoke(EndpointProxy.java:91)
	at com.sun.proxy.$Proxy66.initialize(Unknown Source)
	at org.eclipse.lsp4e.LanguageServerWrapper.lambda$8(LanguageServerWrapper.java:359)
	at java.base/java.util.concurrent.CompletableFuture$UniCompose.tryFire(CompletableFuture.java:1072)
	... 8 more
Caused by: java.io.IOException: 파이프가 닫히는 중입니다
	at java.base/java.io.FileOutputStream.writeBytes(Native Method)
	at java.base/java.io.FileOutputStream.write(FileOutputStream.java:354)
	at java.base/java.io.BufferedOutputStream.flushBuffer(BufferedOutputStream.java:81)
	at java.base/java.io.BufferedOutputStream.flush(BufferedOutputStream.java:142)
	at org.eclipse.lsp4j.jsonrpc.json.StreamMessageConsumer.consume(StreamMessageConsumer.java:69)
	... 14 more

!ENTRY org.springframework.tooling.ls.eclipse.commons 1 0 2025-06-19 16:52:08.235
!MESSAGE SpringBootLanguageServer exists!

!ENTRY org.springframework.tooling.ls.eclipse.commons 1 0 2025-06-19 16:52:08.236
!MESSAGE Entering DelegatingStreamConnectionProvider()

!ENTRY org.springframework.tooling.ls.eclipse.commons 1 0 2025-06-19 16:52:08.236
!MESSAGE DelegatingStreamConnectionProvider classloader = org.eclipse.osgi.internal.loader.EquinoxClassLoader@56fdb4db[org.springframework.tooling.boot.ls:1.28.0.202109130547(id=1001)]

!ENTRY org.springframework.tooling.ls.eclipse.commons 1 0 2025-06-19 16:52:08.236
!MESSAGE DelegatingStreamConnectionProvider classloader = org.eclipse.osgi.internal.loader.EquinoxClassLoader@56fdb4db[org.springframework.tooling.boot.ls:1.28.0.202109130547(id=1001)]

!ENTRY org.eclipse.lsp4e 4 0 2025-06-19 16:52:08.236
!MESSAGE org.eclipse.lsp4j.jsonrpc.JsonRpcException: java.io.IOException: 파이프가 닫히는 중입니다
!STACK 0
java.util.concurrent.ExecutionException: org.eclipse.lsp4j.jsonrpc.JsonRpcException: java.io.IOException: 파이프가 닫히는 중입니다
	at java.base/java.util.concurrent.CompletableFuture.reportGet(CompletableFuture.java:395)
	at java.base/java.util.concurrent.CompletableFuture.get(CompletableFuture.java:2028)
	at org.eclipse.lsp4e.LanguageServerWrapper.lambda$13(LanguageServerWrapper.java:425)
	at java.base/java.util.concurrent.CompletableFuture$AsyncRun.run(CompletableFuture.java:1736)
	at java.base/java.util.concurrent.CompletableFuture$AsyncRun.exec(CompletableFuture.java:1728)
	at java.base/java.util.concurrent.ForkJoinTask.doExec(ForkJoinTask.java:290)
	at java.base/java.util.concurrent.ForkJoinPool$WorkQueue.topLevelExec(ForkJoinPool.java:1020)
	at java.base/java.util.concurrent.ForkJoinPool.scan(ForkJoinPool.java:1656)
	at java.base/java.util.concurrent.ForkJoinPool.runWorker(ForkJoinPool.java:1594)
	at java.base/java.util.concurrent.ForkJoinWorkerThread.run(ForkJoinWorkerThread.java:183)
Caused by: org.eclipse.lsp4j.jsonrpc.JsonRpcException: java.io.IOException: 파이프가 닫히는 중입니다
	at org.eclipse.lsp4j.jsonrpc.json.StreamMessageConsumer.consume(StreamMessageConsumer.java:72)
	at org.eclipse.lsp4e.LanguageServerWrapper.lambda$4(LanguageServerWrapper.java:260)
	at org.eclipse.lsp4j.jsonrpc.RemoteEndpoint.request(RemoteEndpoint.java:161)
	at org.eclipse.lsp4j.jsonrpc.services.EndpointProxy.invoke(EndpointProxy.java:91)
	at com.sun.proxy.$Proxy66.shutdown(Unknown Source)
	at org.eclipse.lsp4e.LanguageServerWrapper.lambda$13(LanguageServerWrapper.java:423)
	... 7 more
Caused by: java.io.IOException: 파이프가 닫히는 중입니다
	at java.base/java.io.FileOutputStream.writeBytes(Native Method)
	at java.base/java.io.FileOutputStream.write(FileOutputStream.java:354)
	at java.base/java.io.BufferedOutputStream.flushBuffer(BufferedOutputStream.java:81)
	at java.base/java.io.BufferedOutputStream.flush(BufferedOutputStream.java:142)
	at org.eclipse.lsp4j.jsonrpc.json.StreamMessageConsumer.consume(StreamMessageConsumer.java:69)
	... 12 more

!ENTRY org.springframework.tooling.ls.eclipse.commons 1 0 2025-06-19 16:52:08.236
!MESSAGE SpringBootLanguageServer exists!

!ENTRY org.springframework.tooling.ls.eclipse.commons 1 0 2025-06-19 16:52:08.236
!MESSAGE DelegatingStreamConnectionProvider classloader = org.eclipse.osgi.internal.loader.EquinoxClassLoader@56fdb4db[org.springframework.tooling.boot.ls:1.28.0.202109130547(id=1001)]

!ENTRY org.springframework.tooling.ls.eclipse.commons 1 0 2025-06-19 16:52:08.236
!MESSAGE Entering DelegatingStreamConnectionProvider()

!ENTRY org.springframework.tooling.ls.eclipse.commons 1 0 2025-06-19 16:52:08.237
!MESSAGE DelegatingStreamConnectionProvider classloader = org.eclipse.osgi.internal.loader.EquinoxClassLoader@56fdb4db[org.springframework.tooling.boot.ls:1.28.0.202109130547(id=1001)]

!ENTRY org.springframework.tooling.ls.eclipse.commons 1 0 2025-06-19 16:52:08.237
!MESSAGE SpringBootLanguageServer exists!

!ENTRY org.springframework.tooling.ls.eclipse.commons 1 0 2025-06-19 16:52:08.237
!MESSAGE SpringBootLanguageServer exists!

!ENTRY org.springframework.tooling.ls.eclipse.commons 1 0 2025-06-19 16:52:08.237
!MESSAGE SpringBootLanguageServer exists!

!ENTRY org.springframework.tooling.ls.eclipse.commons 1 0 2025-06-19 16:52:08.237
!MESSAGE SpringBootLanguageServer exists!

!ENTRY org.springframework.tooling.ls.eclipse.commons 1 0 2025-06-19 16:52:08.238
!MESSAGE DelegatingStreamConnectionProvider classloader = org.eclipse.osgi.internal.loader.EquinoxClassLoader@56fdb4db[org.springframework.tooling.boot.ls:1.28.0.202109130547(id=1001)]

!ENTRY org.springframework.tooling.ls.eclipse.commons 1 0 2025-06-19 16:52:08.238
!MESSAGE SpringBootLanguageServer exists!

!ENTRY org.springframework.tooling.ls.eclipse.commons 1 0 2025-06-19 16:52:08.238
!MESSAGE DelegatingStreamConnectionProvider classloader = org.eclipse.osgi.internal.loader.EquinoxClassLoader@56fdb4db[org.springframework.tooling.boot.ls:1.28.0.202109130547(id=1001)]

!ENTRY org.springframework.tooling.ls.eclipse.commons 1 0 2025-06-19 16:52:08.238
!MESSAGE SpringBootLanguageServer exists!

!ENTRY org.springframework.tooling.ls.eclipse.commons 1 0 2025-06-19 16:52:08.238
!MESSAGE Entering DelegatingStreamConnectionProvider()

!ENTRY org.springframework.tooling.ls.eclipse.commons 1 0 2025-06-19 16:52:08.239
!MESSAGE SpringBootLanguageServer exists!

!ENTRY org.springframework.tooling.ls.eclipse.commons 1 0 2025-06-19 16:52:08.239
!MESSAGE SpringBootLanguageServer exists!

!ENTRY org.springframework.tooling.ls.eclipse.commons 1 0 2025-06-19 16:52:08.239
!MESSAGE DelegatingStreamConnectionProvider classloader = org.eclipse.osgi.internal.loader.EquinoxClassLoader@56fdb4db[org.springframework.tooling.boot.ls:1.28.0.202109130547(id=1001)]

!ENTRY org.eclipse.jface.text 4 0 2025-06-19 16:52:08.239
!MESSAGE org.eclipse.lsp4j.jsonrpc.JsonRpcException: java.io.IOException: 파이프가 닫히는 중입니다
!STACK 0
java.util.concurrent.CompletionException: org.eclipse.lsp4j.jsonrpc.JsonRpcException: java.io.IOException: 파이프가 닫히는 중입니다
	at java.base/java.util.concurrent.CompletableFuture.encodeRelay(CompletableFuture.java:367)
	at java.base/java.util.concurrent.CompletableFuture.completeRelay(CompletableFuture.java:376)
	at java.base/java.util.concurrent.CompletableFuture$UniCompose.tryFire(CompletableFuture.java:1074)
	at java.base/java.util.concurrent.CompletableFuture.postComplete(CompletableFuture.java:506)
	at java.base/java.util.concurrent.CompletableFuture$AsyncSupply.run(CompletableFuture.java:1705)
	at java.base/java.util.concurrent.CompletableFuture$AsyncSupply.exec(CompletableFuture.java:1692)
	at java.base/java.util.concurrent.ForkJoinTask.doExec(ForkJoinTask.java:290)
	at java.base/java.util.concurrent.ForkJoinPool$WorkQueue.topLevelExec(ForkJoinPool.java:1020)
	at java.base/java.util.concurrent.ForkJoinPool.scan(ForkJoinPool.java:1656)
	at java.base/java.util.concurrent.ForkJoinPool.runWorker(ForkJoinPool.java:1594)
	at java.base/java.util.concurrent.ForkJoinWorkerThread.run(ForkJoinWorkerThread.java:183)
Caused by: org.eclipse.lsp4j.jsonrpc.JsonRpcException: java.io.IOException: 파이프가 닫히는 중입니다
	at org.eclipse.lsp4j.jsonrpc.json.StreamMessageConsumer.consume(StreamMessageConsumer.java:72)
	at org.eclipse.lsp4e.LanguageServerWrapper.lambda$4(LanguageServerWrapper.java:260)
	at org.eclipse.lsp4j.jsonrpc.RemoteEndpoint.request(RemoteEndpoint.java:161)
	at org.eclipse.lsp4j.jsonrpc.services.EndpointProxy.invoke(EndpointProxy.java:91)
	at com.sun.proxy.$Proxy66.initialize(Unknown Source)
	at org.eclipse.lsp4e.LanguageServerWrapper.lambda$8(LanguageServerWrapper.java:359)
	at java.base/java.util.concurrent.CompletableFuture$UniCompose.tryFire(CompletableFuture.java:1072)
	... 8 more
Caused by: java.io.IOException: 파이프가 닫히는 중입니다
	at java.base/java.io.FileOutputStream.writeBytes(Native Method)
	at java.base/java.io.FileOutputStream.write(FileOutputStream.java:354)
	at java.base/java.io.BufferedOutputStream.flushBuffer(BufferedOutputStream.java:81)
	at java.base/java.io.BufferedOutputStream.flush(BufferedOutputStream.java:142)
	at org.eclipse.lsp4j.jsonrpc.json.StreamMessageConsumer.consume(StreamMessageConsumer.java:69)
	... 14 more

!ENTRY org.eclipse.lsp4e 4 0 2025-06-19 16:52:08.239
!MESSAGE org.eclipse.lsp4j.jsonrpc.JsonRpcException: java.io.IOException: 파이프가 닫히는 중입니다
!STACK 0
java.util.concurrent.ExecutionException: org.eclipse.lsp4j.jsonrpc.JsonRpcException: java.io.IOException: 파이프가 닫히는 중입니다
	at java.base/java.util.concurrent.CompletableFuture.reportGet(CompletableFuture.java:395)
	at java.base/java.util.concurrent.CompletableFuture.get(CompletableFuture.java:2028)
	at org.eclipse.lsp4e.LanguageServerWrapper.lambda$13(LanguageServerWrapper.java:425)
	at java.base/java.util.concurrent.CompletableFuture$AsyncRun.run(CompletableFuture.java:1736)
	at java.base/java.util.concurrent.CompletableFuture$AsyncRun.exec(CompletableFuture.java:1728)
	at java.base/java.util.concurrent.ForkJoinTask.doExec(ForkJoinTask.java:290)
	at java.base/java.util.concurrent.ForkJoinPool$WorkQueue.topLevelExec(ForkJoinPool.java:1020)
	at java.base/java.util.concurrent.ForkJoinPool.scan(ForkJoinPool.java:1656)
	at java.base/java.util.concurrent.ForkJoinPool.runWorker(ForkJoinPool.java:1594)
	at java.base/java.util.concurrent.ForkJoinWorkerThread.run(ForkJoinWorkerThread.java:183)
Caused by: org.eclipse.lsp4j.jsonrpc.JsonRpcException: java.io.IOException: 파이프가 닫히는 중입니다
	at org.eclipse.lsp4j.jsonrpc.json.StreamMessageConsumer.consume(StreamMessageConsumer.java:72)
	at org.eclipse.lsp4e.LanguageServerWrapper.lambda$4(LanguageServerWrapper.java:260)
	at org.eclipse.lsp4j.jsonrpc.RemoteEndpoint.request(RemoteEndpoint.java:161)
	at org.eclipse.lsp4j.jsonrpc.services.EndpointProxy.invoke(EndpointProxy.java:91)
	at com.sun.proxy.$Proxy66.shutdown(Unknown Source)
	at org.eclipse.lsp4e.LanguageServerWrapper.lambda$13(LanguageServerWrapper.java:423)
	... 7 more
Caused by: java.io.IOException: 파이프가 닫히는 중입니다
	at java.base/java.io.FileOutputStream.writeBytes(Native Method)
	at java.base/java.io.FileOutputStream.write(FileOutputStream.java:354)
	at java.base/java.io.BufferedOutputStream.flushBuffer(BufferedOutputStream.java:81)
	at java.base/java.io.BufferedOutputStream.flush(BufferedOutputStream.java:142)
	at org.eclipse.lsp4j.jsonrpc.json.StreamMessageConsumer.consume(StreamMessageConsumer.java:69)
	... 12 more

!ENTRY org.eclipse.jface.text 4 0 2025-06-19 16:52:08.240
!MESSAGE org.eclipse.lsp4j.jsonrpc.JsonRpcException: java.io.IOException: 파이프가 닫히는 중입니다
!STACK 0
java.util.concurrent.CompletionException: org.eclipse.lsp4j.jsonrpc.JsonRpcException: java.io.IOException: 파이프가 닫히는 중입니다
	at java.base/java.util.concurrent.CompletableFuture.encodeRelay(CompletableFuture.java:367)
	at java.base/java.util.concurrent.CompletableFuture.completeRelay(CompletableFuture.java:376)
	at java.base/java.util.concurrent.CompletableFuture$UniCompose.tryFire(CompletableFuture.java:1074)
	at java.base/java.util.concurrent.CompletableFuture.postComplete(CompletableFuture.java:506)
	at java.base/java.util.concurrent.CompletableFuture$AsyncSupply.run(CompletableFuture.java:1705)
	at java.base/java.util.concurrent.CompletableFuture$AsyncSupply.exec(CompletableFuture.java:1692)
	at java.base/java.util.concurrent.ForkJoinTask.doExec(ForkJoinTask.java:290)
	at java.base/java.util.concurrent.ForkJoinPool$WorkQueue.topLevelExec(ForkJoinPool.java:1020)
	at java.base/java.util.concurrent.ForkJoinPool.scan(ForkJoinPool.java:1656)
	at java.base/java.util.concurrent.ForkJoinPool.runWorker(ForkJoinPool.java:1594)
	at java.base/java.util.concurrent.ForkJoinWorkerThread.run(ForkJoinWorkerThread.java:183)
Caused by: org.eclipse.lsp4j.jsonrpc.JsonRpcException: java.io.IOException: 파이프가 닫히는 중입니다
	at org.eclipse.lsp4j.jsonrpc.json.StreamMessageConsumer.consume(StreamMessageConsumer.java:72)
	at org.eclipse.lsp4e.LanguageServerWrapper.lambda$4(LanguageServerWrapper.java:260)
	at org.eclipse.lsp4j.jsonrpc.RemoteEndpoint.request(RemoteEndpoint.java:161)
	at org.eclipse.lsp4j.jsonrpc.services.EndpointProxy.invoke(EndpointProxy.java:91)
	at com.sun.proxy.$Proxy66.initialize(Unknown Source)
	at org.eclipse.lsp4e.LanguageServerWrapper.lambda$8(LanguageServerWrapper.java:359)
	at java.base/java.util.concurrent.CompletableFuture$UniCompose.tryFire(CompletableFuture.java:1072)
	... 8 more
Caused by: java.io.IOException: 파이프가 닫히는 중입니다
	at java.base/java.io.FileOutputStream.writeBytes(Native Method)
	at java.base/java.io.FileOutputStream.write(FileOutputStream.java:354)
	at java.base/java.io.BufferedOutputStream.flushBuffer(BufferedOutputStream.java:81)
	at java.base/java.io.BufferedOutputStream.flush(BufferedOutputStream.java:142)
	at org.eclipse.lsp4j.jsonrpc.json.StreamMessageConsumer.consume(StreamMessageConsumer.java:69)
	... 14 more

!ENTRY org.springframework.tooling.ls.eclipse.commons 1 0 2025-06-19 16:52:08.240
!MESSAGE SpringBootLanguageServer exists!

!ENTRY org.springframework.tooling.ls.eclipse.commons 1 0 2025-06-19 16:52:08.240
!MESSAGE DelegatingStreamConnectionProvider classloader = org.eclipse.osgi.internal.loader.EquinoxClassLoader@56fdb4db[org.springframework.tooling.boot.ls:1.28.0.202109130547(id=1001)]

!ENTRY org.springframework.tooling.ls.eclipse.commons 1 0 2025-06-19 16:52:08.240
!MESSAGE SpringBootLanguageServer exists!

!ENTRY org.springframework.tooling.ls.eclipse.commons 1 0 2025-06-19 16:52:08.240
!MESSAGE SpringBootLanguageServer exists!

!ENTRY org.springframework.tooling.ls.eclipse.commons 1 0 2025-06-19 16:52:08.240
!MESSAGE SpringBootLanguageServer exists!

!ENTRY org.eclipse.jface.text 4 0 2025-06-19 16:52:08.240
!MESSAGE org.eclipse.lsp4j.jsonrpc.JsonRpcException: java.io.IOException: 파이프가 닫히는 중입니다
!STACK 0
java.util.concurrent.CompletionException: org.eclipse.lsp4j.jsonrpc.JsonRpcException: java.io.IOException: 파이프가 닫히는 중입니다
	at java.base/java.util.concurrent.CompletableFuture.encodeRelay(CompletableFuture.java:367)
	at java.base/java.util.concurrent.CompletableFuture.completeRelay(CompletableFuture.java:376)
	at java.base/java.util.concurrent.CompletableFuture$UniCompose.tryFire(CompletableFuture.java:1074)
	at java.base/java.util.concurrent.CompletableFuture.postComplete(CompletableFuture.java:506)
	at java.base/java.util.concurrent.CompletableFuture$AsyncSupply.run(CompletableFuture.java:1705)
	at java.base/java.util.concurrent.CompletableFuture$AsyncSupply.exec(CompletableFuture.java:1692)
	at java.base/java.util.concurrent.ForkJoinTask.doExec(ForkJoinTask.java:290)
	at java.base/java.util.concurrent.ForkJoinPool$WorkQueue.topLevelExec(ForkJoinPool.java:1020)
	at java.base/java.util.concurrent.ForkJoinPool.scan(ForkJoinPool.java:1656)
	at java.base/java.util.concurrent.ForkJoinPool.runWorker(ForkJoinPool.java:1594)
	at java.base/java.util.concurrent.ForkJoinWorkerThread.run(ForkJoinWorkerThread.java:183)
Caused by: org.eclipse.lsp4j.jsonrpc.JsonRpcException: java.io.IOException: 파이프가 닫히는 중입니다
	at org.eclipse.lsp4j.jsonrpc.json.StreamMessageConsumer.consume(StreamMessageConsumer.java:72)
	at org.eclipse.lsp4e.LanguageServerWrapper.lambda$4(LanguageServerWrapper.java:260)
	at org.eclipse.lsp4j.jsonrpc.RemoteEndpoint.request(RemoteEndpoint.java:161)
	at org.eclipse.lsp4j.jsonrpc.services.EndpointProxy.invoke(EndpointProxy.java:91)
	at com.sun.proxy.$Proxy66.initialize(Unknown Source)
	at org.eclipse.lsp4e.LanguageServerWrapper.lambda$8(LanguageServerWrapper.java:359)
	at java.base/java.util.concurrent.CompletableFuture$UniCompose.tryFire(CompletableFuture.java:1072)
	... 8 more
Caused by: java.io.IOException: 파이프가 닫히는 중입니다
	at java.base/java.io.FileOutputStream.writeBytes(Native Method)
	at java.base/java.io.FileOutputStream.write(FileOutputStream.java:354)
	at java.base/java.io.BufferedOutputStream.flushBuffer(BufferedOutputStream.java:81)
	at java.base/java.io.BufferedOutputStream.flush(BufferedOutputStream.java:142)
	at org.eclipse.lsp4j.jsonrpc.json.StreamMessageConsumer.consume(StreamMessageConsumer.java:69)
	... 14 more

!ENTRY org.eclipse.jface.text 4 0 2025-06-19 16:52:08.241
!MESSAGE org.eclipse.lsp4j.jsonrpc.JsonRpcException: java.io.IOException: 파이프가 닫히는 중입니다
!STACK 0
java.util.concurrent.CompletionException: org.eclipse.lsp4j.jsonrpc.JsonRpcException: java.io.IOException: 파이프가 닫히는 중입니다
	at java.base/java.util.concurrent.CompletableFuture.encodeRelay(CompletableFuture.java:367)
	at java.base/java.util.concurrent.CompletableFuture.completeRelay(CompletableFuture.java:376)
	at java.base/java.util.concurrent.CompletableFuture$UniCompose.tryFire(CompletableFuture.java:1074)
	at java.base/java.util.concurrent.CompletableFuture.postComplete(CompletableFuture.java:506)
	at java.base/java.util.concurrent.CompletableFuture$AsyncSupply.run(CompletableFuture.java:1705)
	at java.base/java.util.concurrent.CompletableFuture$AsyncSupply.exec(CompletableFuture.java:1692)
	at java.base/java.util.concurrent.ForkJoinTask.doExec(ForkJoinTask.java:290)
	at java.base/java.util.concurrent.ForkJoinPool$WorkQueue.topLevelExec(ForkJoinPool.java:1020)
	at java.base/java.util.concurrent.ForkJoinPool.scan(ForkJoinPool.java:1656)
	at java.base/java.util.concurrent.ForkJoinPool.runWorker(ForkJoinPool.java:1594)
	at java.base/java.util.concurrent.ForkJoinWorkerThread.run(ForkJoinWorkerThread.java:183)
Caused by: org.eclipse.lsp4j.jsonrpc.JsonRpcException: java.io.IOException: 파이프가 닫히는 중입니다
	at org.eclipse.lsp4j.jsonrpc.json.StreamMessageConsumer.consume(StreamMessageConsumer.java:72)
	at org.eclipse.lsp4e.LanguageServerWrapper.lambda$4(LanguageServerWrapper.java:260)
	at org.eclipse.lsp4j.jsonrpc.RemoteEndpoint.request(RemoteEndpoint.java:161)
	at org.eclipse.lsp4j.jsonrpc.services.EndpointProxy.invoke(EndpointProxy.java:91)
	at com.sun.proxy.$Proxy66.initialize(Unknown Source)
	at org.eclipse.lsp4e.LanguageServerWrapper.lambda$8(LanguageServerWrapper.java:359)
	at java.base/java.util.concurrent.CompletableFuture$UniCompose.tryFire(CompletableFuture.java:1072)
	... 8 more
Caused by: java.io.IOException: 파이프가 닫히는 중입니다
	at java.base/java.io.FileOutputStream.writeBytes(Native Method)
	at java.base/java.io.FileOutputStream.write(FileOutputStream.java:354)
	at java.base/java.io.BufferedOutputStream.flushBuffer(BufferedOutputStream.java:81)
	at java.base/java.io.BufferedOutputStream.flush(BufferedOutputStream.java:142)
	at org.eclipse.lsp4j.jsonrpc.json.StreamMessageConsumer.consume(StreamMessageConsumer.java:69)
	... 14 more

!ENTRY org.eclipse.jface.text 4 0 2025-06-19 16:52:08.241
!MESSAGE org.eclipse.lsp4j.jsonrpc.JsonRpcException: java.io.IOException: 파이프가 닫히는 중입니다
!STACK 0
java.util.concurrent.CompletionException: org.eclipse.lsp4j.jsonrpc.JsonRpcException: java.io.IOException: 파이프가 닫히는 중입니다
	at java.base/java.util.concurrent.CompletableFuture.encodeRelay(CompletableFuture.java:367)
	at java.base/java.util.concurrent.CompletableFuture.completeRelay(CompletableFuture.java:376)
	at java.base/java.util.concurrent.CompletableFuture$UniCompose.tryFire(CompletableFuture.java:1074)
	at java.base/java.util.concurrent.CompletableFuture.postComplete(CompletableFuture.java:506)
	at java.base/java.util.concurrent.CompletableFuture$AsyncSupply.run(CompletableFuture.java:1705)
	at java.base/java.util.concurrent.CompletableFuture$AsyncSupply.exec(CompletableFuture.java:1692)
	at java.base/java.util.concurrent.ForkJoinTask.doExec(ForkJoinTask.java:290)
	at java.base/java.util.concurrent.ForkJoinPool$WorkQueue.topLevelExec(ForkJoinPool.java:1020)
	at java.base/java.util.concurrent.ForkJoinPool.scan(ForkJoinPool.java:1656)
	at java.base/java.util.concurrent.ForkJoinPool.runWorker(ForkJoinPool.java:1594)
	at java.base/java.util.concurrent.ForkJoinWorkerThread.run(ForkJoinWorkerThread.java:183)
Caused by: org.eclipse.lsp4j.jsonrpc.JsonRpcException: java.io.IOException: 파이프가 닫히는 중입니다
	at org.eclipse.lsp4j.jsonrpc.json.StreamMessageConsumer.consume(StreamMessageConsumer.java:72)
	at org.eclipse.lsp4e.LanguageServerWrapper.lambda$4(LanguageServerWrapper.java:260)
	at org.eclipse.lsp4j.jsonrpc.RemoteEndpoint.request(RemoteEndpoint.java:161)
	at org.eclipse.lsp4j.jsonrpc.services.EndpointProxy.invoke(EndpointProxy.java:91)
	at com.sun.proxy.$Proxy66.initialize(Unknown Source)
	at org.eclipse.lsp4e.LanguageServerWrapper.lambda$8(LanguageServerWrapper.java:359)
	at java.base/java.util.concurrent.CompletableFuture$UniCompose.tryFire(CompletableFuture.java:1072)
	... 8 more
Caused by: java.io.IOException: 파이프가 닫히는 중입니다
	at java.base/java.io.FileOutputStream.writeBytes(Native Method)
	at java.base/java.io.FileOutputStream.write(FileOutputStream.java:354)
	at java.base/java.io.BufferedOutputStream.flushBuffer(BufferedOutputStream.java:81)
	at java.base/java.io.BufferedOutputStream.flush(BufferedOutputStream.java:142)
	at org.eclipse.lsp4j.jsonrpc.json.StreamMessageConsumer.consume(StreamMessageConsumer.java:69)
	... 14 more

!ENTRY org.eclipse.jface.text 4 0 2025-06-19 16:52:08.241
!MESSAGE org.eclipse.lsp4j.jsonrpc.JsonRpcException: java.io.IOException: 파이프가 닫히는 중입니다
!STACK 0
java.util.concurrent.CompletionException: org.eclipse.lsp4j.jsonrpc.JsonRpcException: java.io.IOException: 파이프가 닫히는 중입니다
	at java.base/java.util.concurrent.CompletableFuture.encodeRelay(CompletableFuture.java:367)
	at java.base/java.util.concurrent.CompletableFuture.completeRelay(CompletableFuture.java:376)
	at java.base/java.util.concurrent.CompletableFuture$UniCompose.tryFire(CompletableFuture.java:1074)
	at java.base/java.util.concurrent.CompletableFuture.postComplete(CompletableFuture.java:506)
	at java.base/java.util.concurrent.CompletableFuture$AsyncSupply.run(CompletableFuture.java:1705)
	at java.base/java.util.concurrent.CompletableFuture$AsyncSupply.exec(CompletableFuture.java:1692)
	at java.base/java.util.concurrent.ForkJoinTask.doExec(ForkJoinTask.java:290)
	at java.base/java.util.concurrent.ForkJoinPool$WorkQueue.topLevelExec(ForkJoinPool.java:1020)
	at java.base/java.util.concurrent.ForkJoinPool.scan(ForkJoinPool.java:1656)
	at java.base/java.util.concurrent.ForkJoinPool.runWorker(ForkJoinPool.java:1594)
	at java.base/java.util.concurrent.ForkJoinWorkerThread.run(ForkJoinWorkerThread.java:183)
Caused by: org.eclipse.lsp4j.jsonrpc.JsonRpcException: java.io.IOException: 파이프가 닫히는 중입니다
	at org.eclipse.lsp4j.jsonrpc.json.StreamMessageConsumer.consume(StreamMessageConsumer.java:72)
	at org.eclipse.lsp4e.LanguageServerWrapper.lambda$4(LanguageServerWrapper.java:260)
	at org.eclipse.lsp4j.jsonrpc.RemoteEndpoint.request(RemoteEndpoint.java:161)
	at org.eclipse.lsp4j.jsonrpc.services.EndpointProxy.invoke(EndpointProxy.java:91)
	at com.sun.proxy.$Proxy66.initialize(Unknown Source)
	at org.eclipse.lsp4e.LanguageServerWrapper.lambda$8(LanguageServerWrapper.java:359)
	at java.base/java.util.concurrent.CompletableFuture$UniCompose.tryFire(CompletableFuture.java:1072)
	... 8 more
Caused by: java.io.IOException: 파이프가 닫히는 중입니다
	at java.base/java.io.FileOutputStream.writeBytes(Native Method)
	at java.base/java.io.FileOutputStream.write(FileOutputStream.java:354)
	at java.base/java.io.BufferedOutputStream.flushBuffer(BufferedOutputStream.java:81)
	at java.base/java.io.BufferedOutputStream.flush(BufferedOutputStream.java:142)
	at org.eclipse.lsp4j.jsonrpc.json.StreamMessageConsumer.consume(StreamMessageConsumer.java:69)
	... 14 more

!ENTRY org.springframework.tooling.ls.eclipse.commons 1 0 2025-06-19 16:52:08.242
!MESSAGE Entering DelegatingStreamConnectionProvider()

!ENTRY org.eclipse.lsp4e 4 0 2025-06-19 16:52:08.242
!MESSAGE org.eclipse.lsp4j.jsonrpc.JsonRpcException: java.io.IOException: 파이프가 닫히는 중입니다
!STACK 0
java.util.concurrent.ExecutionException: org.eclipse.lsp4j.jsonrpc.JsonRpcException: java.io.IOException: 파이프가 닫히는 중입니다
	at java.base/java.util.concurrent.CompletableFuture.reportGet(CompletableFuture.java:395)
	at java.base/java.util.concurrent.CompletableFuture.get(CompletableFuture.java:2028)
	at org.eclipse.lsp4e.LanguageServerWrapper.lambda$13(LanguageServerWrapper.java:425)
	at java.base/java.util.concurrent.CompletableFuture$AsyncRun.run(CompletableFuture.java:1736)
	at java.base/java.util.concurrent.CompletableFuture$AsyncRun.exec(CompletableFuture.java:1728)
	at java.base/java.util.concurrent.ForkJoinTask.doExec(ForkJoinTask.java:290)
	at java.base/java.util.concurrent.ForkJoinPool$WorkQueue.topLevelExec(ForkJoinPool.java:1020)
	at java.base/java.util.concurrent.ForkJoinPool.scan(ForkJoinPool.java:1656)
	at java.base/java.util.concurrent.ForkJoinPool.runWorker(ForkJoinPool.java:1594)
	at java.base/java.util.concurrent.ForkJoinWorkerThread.run(ForkJoinWorkerThread.java:183)
Caused by: org.eclipse.lsp4j.jsonrpc.JsonRpcException: java.io.IOException: 파이프가 닫히는 중입니다
	at org.eclipse.lsp4j.jsonrpc.json.StreamMessageConsumer.consume(StreamMessageConsumer.java:72)
	at org.eclipse.lsp4e.LanguageServerWrapper.lambda$4(LanguageServerWrapper.java:260)
	at org.eclipse.lsp4j.jsonrpc.RemoteEndpoint.request(RemoteEndpoint.java:161)
	at org.eclipse.lsp4j.jsonrpc.services.EndpointProxy.invoke(EndpointProxy.java:91)
	at com.sun.proxy.$Proxy66.shutdown(Unknown Source)
	at org.eclipse.lsp4e.LanguageServerWrapper.lambda$13(LanguageServerWrapper.java:423)
	... 7 more
Caused by: java.io.IOException: 파이프가 닫히는 중입니다
	at java.base/java.io.FileOutputStream.writeBytes(Native Method)
	at java.base/java.io.FileOutputStream.write(FileOutputStream.java:354)
	at java.base/java.io.BufferedOutputStream.flushBuffer(BufferedOutputStream.java:81)
	at java.base/java.io.BufferedOutputStream.flush(BufferedOutputStream.java:142)
	at org.eclipse.lsp4j.jsonrpc.json.StreamMessageConsumer.consume(StreamMessageConsumer.java:69)
	... 12 more

!ENTRY org.springframework.tooling.ls.eclipse.commons 1 0 2025-06-19 16:52:08.242
!MESSAGE Entering DelegatingStreamConnectionProvider()

!ENTRY org.eclipse.lsp4e 4 0 2025-06-19 16:52:08.242
!MESSAGE org.eclipse.lsp4j.jsonrpc.JsonRpcException: java.io.IOException: 파이프가 닫히는 중입니다
!STACK 0
java.util.concurrent.ExecutionException: org.eclipse.lsp4j.jsonrpc.JsonRpcException: java.io.IOException: 파이프가 닫히는 중입니다
	at java.base/java.util.concurrent.CompletableFuture.reportGet(CompletableFuture.java:395)
	at java.base/java.util.concurrent.CompletableFuture.get(CompletableFuture.java:2028)
	at org.eclipse.lsp4e.LanguageServerWrapper.lambda$13(LanguageServerWrapper.java:425)
	at java.base/java.util.concurrent.CompletableFuture$AsyncRun.run(CompletableFuture.java:1736)
	at java.base/java.util.concurrent.CompletableFuture$AsyncRun.exec(CompletableFuture.java:1728)
	at java.base/java.util.concurrent.ForkJoinTask.doExec(ForkJoinTask.java:290)
	at java.base/java.util.concurrent.ForkJoinPool$WorkQueue.topLevelExec(ForkJoinPool.java:1020)
	at java.base/java.util.concurrent.ForkJoinPool.scan(ForkJoinPool.java:1656)
	at java.base/java.util.concurrent.ForkJoinPool.runWorker(ForkJoinPool.java:1594)
	at java.base/java.util.concurrent.ForkJoinWorkerThread.run(ForkJoinWorkerThread.java:183)
Caused by: org.eclipse.lsp4j.jsonrpc.JsonRpcException: java.io.IOException: 파이프가 닫히는 중입니다
	at org.eclipse.lsp4j.jsonrpc.json.StreamMessageConsumer.consume(StreamMessageConsumer.java:72)
	at org.eclipse.lsp4e.LanguageServerWrapper.lambda$4(LanguageServerWrapper.java:260)
	at org.eclipse.lsp4j.jsonrpc.RemoteEndpoint.request(RemoteEndpoint.java:161)
	at org.eclipse.lsp4j.jsonrpc.services.EndpointProxy.invoke(EndpointProxy.java:91)
	at com.sun.proxy.$Proxy66.shutdown(Unknown Source)
	at org.eclipse.lsp4e.LanguageServerWrapper.lambda$13(LanguageServerWrapper.java:423)
	... 7 more
Caused by: java.io.IOException: 파이프가 닫히는 중입니다
	at java.base/java.io.FileOutputStream.writeBytes(Native Method)
	at java.base/java.io.FileOutputStream.write(FileOutputStream.java:354)
	at java.base/java.io.BufferedOutputStream.flushBuffer(BufferedOutputStream.java:81)
	at java.base/java.io.BufferedOutputStream.flush(BufferedOutputStream.java:142)
	at org.eclipse.lsp4j.jsonrpc.json.StreamMessageConsumer.consume(StreamMessageConsumer.java:69)
	... 12 more

!ENTRY org.eclipse.lsp4e 4 0 2025-06-19 16:52:08.244
!MESSAGE org.eclipse.lsp4j.jsonrpc.JsonRpcException: java.io.IOException: 파이프가 닫히는 중입니다
!STACK 0
java.util.concurrent.ExecutionException: org.eclipse.lsp4j.jsonrpc.JsonRpcException: java.io.IOException: 파이프가 닫히는 중입니다
	at java.base/java.util.concurrent.CompletableFuture.reportGet(CompletableFuture.java:395)
	at java.base/java.util.concurrent.CompletableFuture.get(CompletableFuture.java:2028)
	at org.eclipse.lsp4e.LanguageServerWrapper.lambda$13(LanguageServerWrapper.java:425)
	at java.base/java.util.concurrent.CompletableFuture$AsyncRun.run(CompletableFuture.java:1736)
	at java.base/java.util.concurrent.CompletableFuture$AsyncRun.exec(CompletableFuture.java:1728)
	at java.base/java.util.concurrent.ForkJoinTask.doExec(ForkJoinTask.java:290)
	at java.base/java.util.concurrent.ForkJoinPool$WorkQueue.topLevelExec(ForkJoinPool.java:1020)
	at java.base/java.util.concurrent.ForkJoinPool.scan(ForkJoinPool.java:1656)
	at java.base/java.util.concurrent.ForkJoinPool.runWorker(ForkJoinPool.java:1594)
	at java.base/java.util.concurrent.ForkJoinWorkerThread.run(ForkJoinWorkerThread.java:183)
Caused by: org.eclipse.lsp4j.jsonrpc.JsonRpcException: java.io.IOException: 파이프가 닫히는 중입니다
	at org.eclipse.lsp4j.jsonrpc.json.StreamMessageConsumer.consume(StreamMessageConsumer.java:72)
	at org.eclipse.lsp4e.LanguageServerWrapper.lambda$4(LanguageServerWrapper.java:260)
	at org.eclipse.lsp4j.jsonrpc.RemoteEndpoint.request(RemoteEndpoint.java:161)
	at org.eclipse.lsp4j.jsonrpc.services.EndpointProxy.invoke(EndpointProxy.java:91)
	at com.sun.proxy.$Proxy66.shutdown(Unknown Source)
	at org.eclipse.lsp4e.LanguageServerWrapper.lambda$13(LanguageServerWrapper.java:423)
	... 7 more
Caused by: java.io.IOException: 파이프가 닫히는 중입니다
	at java.base/java.io.FileOutputStream.writeBytes(Native Method)
	at java.base/java.io.FileOutputStream.write(FileOutputStream.java:354)
	at java.base/java.io.BufferedOutputStream.flushBuffer(BufferedOutputStream.java:81)
	at java.base/java.io.BufferedOutputStream.flush(BufferedOutputStream.java:142)
	at org.eclipse.lsp4j.jsonrpc.json.StreamMessageConsumer.consume(StreamMessageConsumer.java:69)
	... 12 more

!ENTRY org.springframework.tooling.ls.eclipse.commons 1 0 2025-06-19 16:52:08.244
!MESSAGE DelegatingStreamConnectionProvider classloader = org.eclipse.osgi.internal.loader.EquinoxClassLoader@56fdb4db[org.springframework.tooling.boot.ls:1.28.0.202109130547(id=1001)]

!ENTRY org.springframework.tooling.ls.eclipse.commons 1 0 2025-06-19 16:52:08.244
!MESSAGE DelegatingStreamConnectionProvider classloader = org.eclipse.osgi.internal.loader.EquinoxClassLoader@56fdb4db[org.springframework.tooling.boot.ls:1.28.0.202109130547(id=1001)]

!ENTRY org.springframework.tooling.ls.eclipse.commons 1 0 2025-06-19 16:52:08.245
!MESSAGE SpringBootLanguageServer exists!

!ENTRY org.springframework.tooling.ls.eclipse.commons 1 0 2025-06-19 16:52:08.245
!MESSAGE Entering DelegatingStreamConnectionProvider()

!ENTRY org.eclipse.lsp4e 4 0 2025-06-19 16:52:08.245
!MESSAGE org.eclipse.lsp4j.jsonrpc.JsonRpcException: java.io.IOException: 파이프가 닫히는 중입니다
!STACK 0
java.util.concurrent.ExecutionException: org.eclipse.lsp4j.jsonrpc.JsonRpcException: java.io.IOException: 파이프가 닫히는 중입니다
	at java.base/java.util.concurrent.CompletableFuture.reportGet(CompletableFuture.java:395)
	at java.base/java.util.concurrent.CompletableFuture.get(CompletableFuture.java:2028)
	at org.eclipse.lsp4e.LanguageServerWrapper.lambda$13(LanguageServerWrapper.java:425)
	at java.base/java.util.concurrent.CompletableFuture$AsyncRun.run(CompletableFuture.java:1736)
	at java.base/java.util.concurrent.CompletableFuture$AsyncRun.exec(CompletableFuture.java:1728)
	at java.base/java.util.concurrent.ForkJoinTask.doExec(ForkJoinTask.java:290)
	at java.base/java.util.concurrent.ForkJoinPool$WorkQueue.topLevelExec(ForkJoinPool.java:1020)
	at java.base/java.util.concurrent.ForkJoinPool.scan(ForkJoinPool.java:1656)
	at java.base/java.util.concurrent.ForkJoinPool.runWorker(ForkJoinPool.java:1594)
	at java.base/java.util.concurrent.ForkJoinWorkerThread.run(ForkJoinWorkerThread.java:183)
Caused by: org.eclipse.lsp4j.jsonrpc.JsonRpcException: java.io.IOException: 파이프가 닫히는 중입니다
	at org.eclipse.lsp4j.jsonrpc.json.StreamMessageConsumer.consume(StreamMessageConsumer.java:72)
	at org.eclipse.lsp4e.LanguageServerWrapper.lambda$4(LanguageServerWrapper.java:260)
	at org.eclipse.lsp4j.jsonrpc.RemoteEndpoint.request(RemoteEndpoint.java:161)
	at org.eclipse.lsp4j.jsonrpc.services.EndpointProxy.invoke(EndpointProxy.java:91)
	at com.sun.proxy.$Proxy66.shutdown(Unknown Source)
	at org.eclipse.lsp4e.LanguageServerWrapper.lambda$13(LanguageServerWrapper.java:423)
	... 7 more
Caused by: java.io.IOException: 파이프가 닫히는 중입니다
	at java.base/java.io.FileOutputStream.writeBytes(Native Method)
	at java.base/java.io.FileOutputStream.write(FileOutputStream.java:354)
	at java.base/java.io.BufferedOutputStream.flushBuffer(BufferedOutputStream.java:81)
	at java.base/java.io.BufferedOutputStream.flush(BufferedOutputStream.java:142)
	at org.eclipse.lsp4j.jsonrpc.json.StreamMessageConsumer.consume(StreamMessageConsumer.java:69)
	... 12 more

!ENTRY org.springframework.tooling.ls.eclipse.commons 1 0 2025-06-19 16:52:08.245
!MESSAGE Entering DelegatingStreamConnectionProvider()

!ENTRY org.springframework.tooling.ls.eclipse.commons 1 0 2025-06-19 16:52:08.245
!MESSAGE Entering DelegatingStreamConnectionProvider()

!ENTRY org.eclipse.lsp4e 4 0 2025-06-19 16:52:08.245
!MESSAGE org.eclipse.lsp4j.jsonrpc.JsonRpcException: java.io.IOException: 파이프가 닫히는 중입니다
!STACK 0
java.util.concurrent.ExecutionException: org.eclipse.lsp4j.jsonrpc.JsonRpcException: java.io.IOException: 파이프가 닫히는 중입니다
	at java.base/java.util.concurrent.CompletableFuture.reportGet(CompletableFuture.java:395)
	at java.base/java.util.concurrent.CompletableFuture.get(CompletableFuture.java:2028)
	at org.eclipse.lsp4e.LanguageServerWrapper.lambda$13(LanguageServerWrapper.java:425)
	at java.base/java.util.concurrent.CompletableFuture$AsyncRun.run(CompletableFuture.java:1736)
	at java.base/java.util.concurrent.CompletableFuture$AsyncRun.exec(CompletableFuture.java:1728)
	at java.base/java.util.concurrent.ForkJoinTask.doExec(ForkJoinTask.java:290)
	at java.base/java.util.concurrent.ForkJoinPool$WorkQueue.topLevelExec(ForkJoinPool.java:1020)
	at java.base/java.util.concurrent.ForkJoinPool.scan(ForkJoinPool.java:1656)
	at java.base/java.util.concurrent.ForkJoinPool.runWorker(ForkJoinPool.java:1594)
	at java.base/java.util.concurrent.ForkJoinWorkerThread.run(ForkJoinWorkerThread.java:183)
Caused by: org.eclipse.lsp4j.jsonrpc.JsonRpcException: java.io.IOException: 파이프가 닫히는 중입니다
	at org.eclipse.lsp4j.jsonrpc.json.StreamMessageConsumer.consume(StreamMessageConsumer.java:72)
	at org.eclipse.lsp4e.LanguageServerWrapper.lambda$4(LanguageServerWrapper.java:260)
	at org.eclipse.lsp4j.jsonrpc.RemoteEndpoint.request(RemoteEndpoint.java:161)
	at org.eclipse.lsp4j.jsonrpc.services.EndpointProxy.invoke(EndpointProxy.java:91)
	at com.sun.proxy.$Proxy66.shutdown(Unknown Source)
	at org.eclipse.lsp4e.LanguageServerWrapper.lambda$13(LanguageServerWrapper.java:423)
	... 7 more
Caused by: java.io.IOException: 파이프가 닫히는 중입니다
	at java.base/java.io.FileOutputStream.writeBytes(Native Method)
	at java.base/java.io.FileOutputStream.write(FileOutputStream.java:354)
	at java.base/java.io.BufferedOutputStream.flushBuffer(BufferedOutputStream.java:81)
	at java.base/java.io.BufferedOutputStream.flush(BufferedOutputStream.java:142)
	at org.eclipse.lsp4j.jsonrpc.json.StreamMessageConsumer.consume(StreamMessageConsumer.java:69)
	... 12 more

!ENTRY org.springframework.tooling.ls.eclipse.commons 1 0 2025-06-19 16:52:08.246
!MESSAGE DelegatingStreamConnectionProvider classloader = org.eclipse.osgi.internal.loader.EquinoxClassLoader@56fdb4db[org.springframework.tooling.boot.ls:1.28.0.202109130547(id=1001)]

!ENTRY org.springframework.tooling.ls.eclipse.commons 1 0 2025-06-19 16:52:08.246
!MESSAGE SpringBootLanguageServer exists!

!ENTRY org.springframework.tooling.ls.eclipse.commons 1 0 2025-06-19 16:52:08.246
!MESSAGE SpringBootLanguageServer exists!

!ENTRY org.eclipse.lsp4e 4 0 2025-06-19 16:52:08.246
!MESSAGE org.eclipse.lsp4j.jsonrpc.JsonRpcException: java.io.IOException: 파이프가 닫히는 중입니다
!STACK 0
java.util.concurrent.ExecutionException: org.eclipse.lsp4j.jsonrpc.JsonRpcException: java.io.IOException: 파이프가 닫히는 중입니다
	at java.base/java.util.concurrent.CompletableFuture.reportGet(CompletableFuture.java:395)
	at java.base/java.util.concurrent.CompletableFuture.get(CompletableFuture.java:2028)
	at org.eclipse.lsp4e.LanguageServerWrapper.lambda$13(LanguageServerWrapper.java:425)
	at java.base/java.util.concurrent.CompletableFuture$AsyncRun.run(CompletableFuture.java:1736)
	at java.base/java.util.concurrent.CompletableFuture$AsyncRun.exec(CompletableFuture.java:1728)
	at java.base/java.util.concurrent.ForkJoinTask.doExec(ForkJoinTask.java:290)
	at java.base/java.util.concurrent.ForkJoinPool$WorkQueue.topLevelExec(ForkJoinPool.java:1020)
	at java.base/java.util.concurrent.ForkJoinPool.scan(ForkJoinPool.java:1656)
	at java.base/java.util.concurrent.ForkJoinPool.runWorker(ForkJoinPool.java:1594)
	at java.base/java.util.concurrent.ForkJoinWorkerThread.run(ForkJoinWorkerThread.java:183)
Caused by: org.eclipse.lsp4j.jsonrpc.JsonRpcException: java.io.IOException: 파이프가 닫히는 중입니다
	at org.eclipse.lsp4j.jsonrpc.json.StreamMessageConsumer.consume(StreamMessageConsumer.java:72)
	at org.eclipse.lsp4e.LanguageServerWrapper.lambda$4(LanguageServerWrapper.java:260)
	at org.eclipse.lsp4j.jsonrpc.RemoteEndpoint.request(RemoteEndpoint.java:161)
	at org.eclipse.lsp4j.jsonrpc.services.EndpointProxy.invoke(EndpointProxy.java:91)
	at com.sun.proxy.$Proxy66.shutdown(Unknown Source)
	at org.eclipse.lsp4e.LanguageServerWrapper.lambda$13(LanguageServerWrapper.java:423)
	... 7 more
Caused by: java.io.IOException: 파이프가 닫히는 중입니다
	at java.base/java.io.FileOutputStream.writeBytes(Native Method)
	at java.base/java.io.FileOutputStream.write(FileOutputStream.java:354)
	at java.base/java.io.BufferedOutputStream.flushBuffer(BufferedOutputStream.java:81)
	at java.base/java.io.BufferedOutputStream.flush(BufferedOutputStream.java:142)
	at org.eclipse.lsp4j.jsonrpc.json.StreamMessageConsumer.consume(StreamMessageConsumer.java:69)
	... 12 more

!ENTRY org.springframework.tooling.ls.eclipse.commons 1 0 2025-06-19 16:52:08.246
!MESSAGE DelegatingStreamConnectionProvider classloader = org.eclipse.osgi.internal.loader.EquinoxClassLoader@56fdb4db[org.springframework.tooling.boot.ls:1.28.0.202109130547(id=1001)]

!ENTRY org.springframework.tooling.ls.eclipse.commons 1 0 2025-06-19 16:52:08.247
!MESSAGE DelegatingStreamConnectionProvider classloader = org.eclipse.osgi.internal.loader.EquinoxClassLoader@56fdb4db[org.springframework.tooling.boot.ls:1.28.0.202109130547(id=1001)]

!ENTRY org.eclipse.lsp4e 4 0 2025-06-19 16:52:08.247
!MESSAGE org.eclipse.lsp4j.jsonrpc.JsonRpcException: java.io.IOException: 파이프가 닫히는 중입니다
!STACK 0
java.util.concurrent.ExecutionException: org.eclipse.lsp4j.jsonrpc.JsonRpcException: java.io.IOException: 파이프가 닫히는 중입니다
	at java.base/java.util.concurrent.CompletableFuture.reportGet(CompletableFuture.java:395)
	at java.base/java.util.concurrent.CompletableFuture.get(CompletableFuture.java:2028)
	at org.eclipse.lsp4e.LanguageServerWrapper.lambda$13(LanguageServerWrapper.java:425)
	at java.base/java.util.concurrent.CompletableFuture$AsyncRun.run(CompletableFuture.java:1736)
	at java.base/java.util.concurrent.CompletableFuture$AsyncRun.exec(CompletableFuture.java:1728)
	at java.base/java.util.concurrent.ForkJoinTask.doExec(ForkJoinTask.java:290)
	at java.base/java.util.concurrent.ForkJoinPool$WorkQueue.topLevelExec(ForkJoinPool.java:1020)
	at java.base/java.util.concurrent.ForkJoinPool.scan(ForkJoinPool.java:1656)
	at java.base/java.util.concurrent.ForkJoinPool.runWorker(ForkJoinPool.java:1594)
	at java.base/java.util.concurrent.ForkJoinWorkerThread.run(ForkJoinWorkerThread.java:183)
Caused by: org.eclipse.lsp4j.jsonrpc.JsonRpcException: java.io.IOException: 파이프가 닫히는 중입니다
	at org.eclipse.lsp4j.jsonrpc.json.StreamMessageConsumer.consume(StreamMessageConsumer.java:72)
	at org.eclipse.lsp4e.LanguageServerWrapper.lambda$4(LanguageServerWrapper.java:260)
	at org.eclipse.lsp4j.jsonrpc.RemoteEndpoint.request(RemoteEndpoint.java:161)
	at org.eclipse.lsp4j.jsonrpc.services.EndpointProxy.invoke(EndpointProxy.java:91)
	at com.sun.proxy.$Proxy66.shutdown(Unknown Source)
	at org.eclipse.lsp4e.LanguageServerWrapper.lambda$13(LanguageServerWrapper.java:423)
	... 7 more
Caused by: java.io.IOException: 파이프가 닫히는 중입니다
	at java.base/java.io.FileOutputStream.writeBytes(Native Method)
	at java.base/java.io.FileOutputStream.write(FileOutputStream.java:354)
	at java.base/java.io.BufferedOutputStream.flushBuffer(BufferedOutputStream.java:81)
	at java.base/java.io.BufferedOutputStream.flush(BufferedOutputStream.java:142)
	at org.eclipse.lsp4j.jsonrpc.json.StreamMessageConsumer.consume(StreamMessageConsumer.java:69)
	... 12 more

!ENTRY org.springframework.tooling.ls.eclipse.commons 1 0 2025-06-19 16:52:08.247
!MESSAGE SpringBootLanguageServer exists!

!ENTRY org.springframework.tooling.ls.eclipse.commons 1 0 2025-06-19 16:52:08.247
!MESSAGE Entering DelegatingStreamConnectionProvider()

!ENTRY org.springframework.tooling.ls.eclipse.commons 1 0 2025-06-19 16:52:08.247
!MESSAGE Entering DelegatingStreamConnectionProvider()

!ENTRY org.springframework.tooling.ls.eclipse.commons 1 0 2025-06-19 16:52:08.248
!MESSAGE SpringBootLanguageServer exists!

!ENTRY org.springframework.tooling.ls.eclipse.commons 1 0 2025-06-19 16:52:08.248
!MESSAGE DelegatingStreamConnectionProvider classloader = org.eclipse.osgi.internal.loader.EquinoxClassLoader@56fdb4db[org.springframework.tooling.boot.ls:1.28.0.202109130547(id=1001)]

!ENTRY org.springframework.tooling.ls.eclipse.commons 1 0 2025-06-19 16:52:08.248
!MESSAGE DelegatingStreamConnectionProvider classloader = org.eclipse.osgi.internal.loader.EquinoxClassLoader@56fdb4db[org.springframework.tooling.boot.ls:1.28.0.202109130547(id=1001)]

!ENTRY org.springframework.tooling.ls.eclipse.commons 1 0 2025-06-19 16:52:08.248
!MESSAGE SpringBootLanguageServer exists!

!ENTRY org.eclipse.lsp4e 4 0 2025-06-19 16:52:08.248
!MESSAGE org.eclipse.lsp4j.jsonrpc.JsonRpcException: java.io.IOException: 파이프가 닫히는 중입니다
!STACK 0
java.util.concurrent.ExecutionException: org.eclipse.lsp4j.jsonrpc.JsonRpcException: java.io.IOException: 파이프가 닫히는 중입니다
	at java.base/java.util.concurrent.CompletableFuture.reportGet(CompletableFuture.java:395)
	at java.base/java.util.concurrent.CompletableFuture.get(CompletableFuture.java:2028)
	at org.eclipse.lsp4e.LanguageServerWrapper.lambda$13(LanguageServerWrapper.java:425)
	at java.base/java.util.concurrent.CompletableFuture$AsyncRun.run(CompletableFuture.java:1736)
	at java.base/java.util.concurrent.CompletableFuture$AsyncRun.exec(CompletableFuture.java:1728)
	at java.base/java.util.concurrent.ForkJoinTask.doExec(ForkJoinTask.java:290)
	at java.base/java.util.concurrent.ForkJoinPool$WorkQueue.topLevelExec(ForkJoinPool.java:1020)
	at java.base/java.util.concurrent.ForkJoinPool.scan(ForkJoinPool.java:1656)
	at java.base/java.util.concurrent.ForkJoinPool.runWorker(ForkJoinPool.java:1594)
	at java.base/java.util.concurrent.ForkJoinWorkerThread.run(ForkJoinWorkerThread.java:183)
Caused by: org.eclipse.lsp4j.jsonrpc.JsonRpcException: java.io.IOException: 파이프가 닫히는 중입니다
	at org.eclipse.lsp4j.jsonrpc.json.StreamMessageConsumer.consume(StreamMessageConsumer.java:72)
	at org.eclipse.lsp4e.LanguageServerWrapper.lambda$4(LanguageServerWrapper.java:260)
	at org.eclipse.lsp4j.jsonrpc.RemoteEndpoint.request(RemoteEndpoint.java:161)
	at org.eclipse.lsp4j.jsonrpc.services.EndpointProxy.invoke(EndpointProxy.java:91)
	at com.sun.proxy.$Proxy66.shutdown(Unknown Source)
	at org.eclipse.lsp4e.LanguageServerWrapper.lambda$13(LanguageServerWrapper.java:423)
	... 7 more
Caused by: java.io.IOException: 파이프가 닫히는 중입니다
	at java.base/java.io.FileOutputStream.writeBytes(Native Method)
	at java.base/java.io.FileOutputStream.write(FileOutputStream.java:354)
	at java.base/java.io.BufferedOutputStream.flushBuffer(BufferedOutputStream.java:81)
	at java.base/java.io.BufferedOutputStream.flush(BufferedOutputStream.java:142)
	at org.eclipse.lsp4j.jsonrpc.json.StreamMessageConsumer.consume(StreamMessageConsumer.java:69)
	... 12 more

!ENTRY org.springframework.tooling.ls.eclipse.commons 1 0 2025-06-19 16:52:08.248
!MESSAGE SpringBootLanguageServer exists!

!ENTRY org.springframework.tooling.ls.eclipse.commons 1 0 2025-06-19 16:52:08.249
!MESSAGE Entering DelegatingStreamConnectionProvider()

!ENTRY org.springframework.tooling.ls.eclipse.commons 1 0 2025-06-19 16:52:08.249
!MESSAGE DelegatingStreamConnectionProvider classloader = org.eclipse.osgi.internal.loader.EquinoxClassLoader@56fdb4db[org.springframework.tooling.boot.ls:1.28.0.202109130547(id=1001)]

!ENTRY org.springframework.tooling.ls.eclipse.commons 1 0 2025-06-19 16:52:08.249
!MESSAGE SpringBootLanguageServer exists!

!ENTRY org.eclipse.lsp4e 4 0 2025-06-19 16:52:08.249
!MESSAGE org.eclipse.lsp4j.jsonrpc.JsonRpcException: java.io.IOException: 파이프가 닫히는 중입니다
!STACK 0
java.util.concurrent.ExecutionException: org.eclipse.lsp4j.jsonrpc.JsonRpcException: java.io.IOException: 파이프가 닫히는 중입니다
	at java.base/java.util.concurrent.CompletableFuture.reportGet(CompletableFuture.java:395)
	at java.base/java.util.concurrent.CompletableFuture.get(CompletableFuture.java:2028)
	at org.eclipse.lsp4e.LanguageServerWrapper.lambda$13(LanguageServerWrapper.java:425)
	at java.base/java.util.concurrent.CompletableFuture$AsyncRun.run(CompletableFuture.java:1736)
	at java.base/java.util.concurrent.CompletableFuture$AsyncRun.exec(CompletableFuture.java:1728)
	at java.base/java.util.concurrent.ForkJoinTask.doExec(ForkJoinTask.java:290)
	at java.base/java.util.concurrent.ForkJoinPool$WorkQueue.topLevelExec(ForkJoinPool.java:1020)
	at java.base/java.util.concurrent.ForkJoinPool.scan(ForkJoinPool.java:1656)
	at java.base/java.util.concurrent.ForkJoinPool.runWorker(ForkJoinPool.java:1594)
	at java.base/java.util.concurrent.ForkJoinWorkerThread.run(ForkJoinWorkerThread.java:183)
Caused by: org.eclipse.lsp4j.jsonrpc.JsonRpcException: java.io.IOException: 파이프가 닫히는 중입니다
	at org.eclipse.lsp4j.jsonrpc.json.StreamMessageConsumer.consume(StreamMessageConsumer.java:72)
	at org.eclipse.lsp4e.LanguageServerWrapper.lambda$4(LanguageServerWrapper.java:260)
	at org.eclipse.lsp4j.jsonrpc.RemoteEndpoint.request(RemoteEndpoint.java:161)
	at org.eclipse.lsp4j.jsonrpc.services.EndpointProxy.invoke(EndpointProxy.java:91)
	at com.sun.proxy.$Proxy66.shutdown(Unknown Source)
	at org.eclipse.lsp4e.LanguageServerWrapper.lambda$13(LanguageServerWrapper.java:423)
	... 7 more
Caused by: java.io.IOException: 파이프가 닫히는 중입니다
	at java.base/java.io.FileOutputStream.writeBytes(Native Method)
	at java.base/java.io.FileOutputStream.write(FileOutputStream.java:354)
	at java.base/java.io.BufferedOutputStream.flushBuffer(BufferedOutputStream.java:81)
	at java.base/java.io.BufferedOutputStream.flush(BufferedOutputStream.java:142)
	at org.eclipse.lsp4j.jsonrpc.json.StreamMessageConsumer.consume(StreamMessageConsumer.java:69)
	... 12 more

!ENTRY org.springframework.tooling.ls.eclipse.commons 1 0 2025-06-19 16:52:08.249
!MESSAGE Entering DelegatingStreamConnectionProvider()

!ENTRY org.springframework.tooling.ls.eclipse.commons 1 0 2025-06-19 16:52:08.250
!MESSAGE DelegatingStreamConnectionProvider classloader = org.eclipse.osgi.internal.loader.EquinoxClassLoader@56fdb4db[org.springframework.tooling.boot.ls:1.28.0.202109130547(id=1001)]

!ENTRY org.springframework.tooling.ls.eclipse.commons 1 0 2025-06-19 16:52:08.250
!MESSAGE SpringBootLanguageServer exists!

!ENTRY org.eclipse.lsp4e 4 0 2025-06-19 16:52:08.250
!MESSAGE org.eclipse.lsp4j.jsonrpc.JsonRpcException: java.io.IOException: 파이프가 닫히는 중입니다
!STACK 0
java.util.concurrent.ExecutionException: org.eclipse.lsp4j.jsonrpc.JsonRpcException: java.io.IOException: 파이프가 닫히는 중입니다
	at java.base/java.util.concurrent.CompletableFuture.reportGet(CompletableFuture.java:395)
	at java.base/java.util.concurrent.CompletableFuture.get(CompletableFuture.java:2028)
	at org.eclipse.lsp4e.LanguageServerWrapper.lambda$13(LanguageServerWrapper.java:425)
	at java.base/java.util.concurrent.CompletableFuture$AsyncRun.run(CompletableFuture.java:1736)
	at java.base/java.util.concurrent.CompletableFuture$AsyncRun.exec(CompletableFuture.java:1728)
	at java.base/java.util.concurrent.ForkJoinTask.doExec(ForkJoinTask.java:290)
	at java.base/java.util.concurrent.ForkJoinPool$WorkQueue.topLevelExec(ForkJoinPool.java:1020)
	at java.base/java.util.concurrent.ForkJoinPool.scan(ForkJoinPool.java:1656)
	at java.base/java.util.concurrent.ForkJoinPool.runWorker(ForkJoinPool.java:1594)
	at java.base/java.util.concurrent.ForkJoinWorkerThread.run(ForkJoinWorkerThread.java:183)
Caused by: org.eclipse.lsp4j.jsonrpc.JsonRpcException: java.io.IOException: 파이프가 닫히는 중입니다
	at org.eclipse.lsp4j.jsonrpc.json.StreamMessageConsumer.consume(StreamMessageConsumer.java:72)
	at org.eclipse.lsp4e.LanguageServerWrapper.lambda$4(LanguageServerWrapper.java:260)
	at org.eclipse.lsp4j.jsonrpc.RemoteEndpoint.request(RemoteEndpoint.java:161)
	at org.eclipse.lsp4j.jsonrpc.services.EndpointProxy.invoke(EndpointProxy.java:91)
	at com.sun.proxy.$Proxy66.shutdown(Unknown Source)
	at org.eclipse.lsp4e.LanguageServerWrapper.lambda$13(LanguageServerWrapper.java:423)
	... 7 more
Caused by: java.io.IOException: 파이프가 닫히는 중입니다
	at java.base/java.io.FileOutputStream.writeBytes(Native Method)
	at java.base/java.io.FileOutputStream.write(FileOutputStream.java:354)
	at java.base/java.io.BufferedOutputStream.flushBuffer(BufferedOutputStream.java:81)
	at java.base/java.io.BufferedOutputStream.flush(BufferedOutputStream.java:142)
	at org.eclipse.lsp4j.jsonrpc.json.StreamMessageConsumer.consume(StreamMessageConsumer.java:69)
	... 12 more

!ENTRY org.springframework.tooling.ls.eclipse.commons 1 0 2025-06-19 16:52:08.252
!MESSAGE Entering DelegatingStreamConnectionProvider()

!ENTRY org.springframework.tooling.ls.eclipse.commons 1 0 2025-06-19 16:52:08.252
!MESSAGE DelegatingStreamConnectionProvider classloader = org.eclipse.osgi.internal.loader.EquinoxClassLoader@56fdb4db[org.springframework.tooling.boot.ls:1.28.0.202109130547(id=1001)]

!ENTRY org.springframework.tooling.ls.eclipse.commons 1 0 2025-06-19 16:52:08.252
!MESSAGE SpringBootLanguageServer exists!

!ENTRY org.eclipse.lsp4e 4 0 2025-06-19 16:52:08.252
!MESSAGE org.eclipse.lsp4j.jsonrpc.JsonRpcException: java.io.IOException: 파이프가 닫히는 중입니다
!STACK 0
java.util.concurrent.ExecutionException: org.eclipse.lsp4j.jsonrpc.JsonRpcException: java.io.IOException: 파이프가 닫히는 중입니다
	at java.base/java.util.concurrent.CompletableFuture.reportGet(CompletableFuture.java:395)
	at java.base/java.util.concurrent.CompletableFuture.get(CompletableFuture.java:2028)
	at org.eclipse.lsp4e.LanguageServerWrapper.lambda$13(LanguageServerWrapper.java:425)
	at java.base/java.util.concurrent.CompletableFuture$AsyncRun.run(CompletableFuture.java:1736)
	at java.base/java.util.concurrent.CompletableFuture$AsyncRun.exec(CompletableFuture.java:1728)
	at java.base/java.util.concurrent.ForkJoinTask.doExec(ForkJoinTask.java:290)
	at java.base/java.util.concurrent.ForkJoinPool$WorkQueue.topLevelExec(ForkJoinPool.java:1020)
	at java.base/java.util.concurrent.ForkJoinPool.scan(ForkJoinPool.java:1656)
	at java.base/java.util.concurrent.ForkJoinPool.runWorker(ForkJoinPool.java:1594)
	at java.base/java.util.concurrent.ForkJoinWorkerThread.run(ForkJoinWorkerThread.java:183)
Caused by: org.eclipse.lsp4j.jsonrpc.JsonRpcException: java.io.IOException: 파이프가 닫히는 중입니다
	at org.eclipse.lsp4j.jsonrpc.json.StreamMessageConsumer.consume(StreamMessageConsumer.java:72)
	at org.eclipse.lsp4e.LanguageServerWrapper.lambda$4(LanguageServerWrapper.java:260)
	at org.eclipse.lsp4j.jsonrpc.RemoteEndpoint.request(RemoteEndpoint.java:161)
	at org.eclipse.lsp4j.jsonrpc.services.EndpointProxy.invoke(EndpointProxy.java:91)
	at com.sun.proxy.$Proxy66.shutdown(Unknown Source)
	at org.eclipse.lsp4e.LanguageServerWrapper.lambda$13(LanguageServerWrapper.java:423)
	... 7 more
Caused by: java.io.IOException: 파이프가 닫히는 중입니다
	at java.base/java.io.FileOutputStream.writeBytes(Native Method)
	at java.base/java.io.FileOutputStream.write(FileOutputStream.java:354)
	at java.base/java.io.BufferedOutputStream.flushBuffer(BufferedOutputStream.java:81)
	at java.base/java.io.BufferedOutputStream.flush(BufferedOutputStream.java:142)
	at org.eclipse.lsp4j.jsonrpc.json.StreamMessageConsumer.consume(StreamMessageConsumer.java:69)
	... 12 more

!ENTRY org.springframework.tooling.ls.eclipse.commons 1 0 2025-06-19 16:52:08.252
!MESSAGE Entering DelegatingStreamConnectionProvider()

!ENTRY org.springframework.tooling.ls.eclipse.commons 1 0 2025-06-19 16:52:08.252
!MESSAGE DelegatingStreamConnectionProvider classloader = org.eclipse.osgi.internal.loader.EquinoxClassLoader@56fdb4db[org.springframework.tooling.boot.ls:1.28.0.202109130547(id=1001)]

!ENTRY org.springframework.tooling.ls.eclipse.commons 1 0 2025-06-19 16:52:08.252
!MESSAGE SpringBootLanguageServer exists!

!ENTRY org.springframework.tooling.ls.eclipse.commons 1 0 2025-06-19 16:52:08.298
!MESSAGE Entering DelegatingStreamConnectionProvider()

!ENTRY org.eclipse.lsp4e 4 0 2025-06-19 16:52:08.298
!MESSAGE org.eclipse.lsp4j.jsonrpc.JsonRpcException: java.io.IOException: 파이프가 닫히는 중입니다
!STACK 0
java.util.concurrent.ExecutionException: org.eclipse.lsp4j.jsonrpc.JsonRpcException: java.io.IOException: 파이프가 닫히는 중입니다
	at java.base/java.util.concurrent.CompletableFuture.reportGet(CompletableFuture.java:395)
	at java.base/java.util.concurrent.CompletableFuture.get(CompletableFuture.java:2028)
	at org.eclipse.lsp4e.LanguageServerWrapper.lambda$13(LanguageServerWrapper.java:425)
	at java.base/java.util.concurrent.CompletableFuture$AsyncRun.run(CompletableFuture.java:1736)
	at java.base/java.util.concurrent.CompletableFuture$AsyncRun.exec(CompletableFuture.java:1728)
	at java.base/java.util.concurrent.ForkJoinTask.doExec(ForkJoinTask.java:290)
	at java.base/java.util.concurrent.ForkJoinPool$WorkQueue.topLevelExec(ForkJoinPool.java:1020)
	at java.base/java.util.concurrent.ForkJoinPool.scan(ForkJoinPool.java:1656)
	at java.base/java.util.concurrent.ForkJoinPool.runWorker(ForkJoinPool.java:1594)
	at java.base/java.util.concurrent.ForkJoinWorkerThread.run(ForkJoinWorkerThread.java:183)
Caused by: org.eclipse.lsp4j.jsonrpc.JsonRpcException: java.io.IOException: 파이프가 닫히는 중입니다
	at org.eclipse.lsp4j.jsonrpc.json.StreamMessageConsumer.consume(StreamMessageConsumer.java:72)
	at org.eclipse.lsp4e.LanguageServerWrapper.lambda$4(LanguageServerWrapper.java:260)
	at org.eclipse.lsp4j.jsonrpc.RemoteEndpoint.request(RemoteEndpoint.java:161)
	at org.eclipse.lsp4j.jsonrpc.services.EndpointProxy.invoke(EndpointProxy.java:91)
	at com.sun.proxy.$Proxy66.shutdown(Unknown Source)
	at org.eclipse.lsp4e.LanguageServerWrapper.lambda$13(LanguageServerWrapper.java:423)
	... 7 more
Caused by: java.io.IOException: 파이프가 닫히는 중입니다
	at java.base/java.io.FileOutputStream.writeBytes(Native Method)
	at java.base/java.io.FileOutputStream.write(FileOutputStream.java:354)
	at java.base/java.io.BufferedOutputStream.flushBuffer(BufferedOutputStream.java:81)
	at java.base/java.io.BufferedOutputStream.flush(BufferedOutputStream.java:142)
	at org.eclipse.lsp4j.jsonrpc.json.StreamMessageConsumer.consume(StreamMessageConsumer.java:69)
	... 12 more

!ENTRY org.springframework.tooling.ls.eclipse.commons 1 0 2025-06-19 16:52:08.299
!MESSAGE Entering DelegatingStreamConnectionProvider()

!ENTRY org.eclipse.lsp4e 4 0 2025-06-19 16:52:08.299
!MESSAGE org.eclipse.lsp4j.jsonrpc.JsonRpcException: java.io.IOException: 파이프가 닫히는 중입니다
!STACK 0
java.util.concurrent.ExecutionException: org.eclipse.lsp4j.jsonrpc.JsonRpcException: java.io.IOException: 파이프가 닫히는 중입니다
	at java.base/java.util.concurrent.CompletableFuture.reportGet(CompletableFuture.java:395)
	at java.base/java.util.concurrent.CompletableFuture.get(CompletableFuture.java:2028)
	at org.eclipse.lsp4e.LanguageServerWrapper.lambda$13(LanguageServerWrapper.java:425)
	at java.base/java.util.concurrent.CompletableFuture$AsyncRun.run(CompletableFuture.java:1736)
	at java.base/java.util.concurrent.CompletableFuture$AsyncRun.exec(CompletableFuture.java:1728)
	at java.base/java.util.concurrent.ForkJoinTask.doExec(ForkJoinTask.java:290)
	at java.base/java.util.concurrent.ForkJoinPool$WorkQueue.topLevelExec(ForkJoinPool.java:1020)
	at java.base/java.util.concurrent.ForkJoinPool.scan(ForkJoinPool.java:1656)
	at java.base/java.util.concurrent.ForkJoinPool.runWorker(ForkJoinPool.java:1594)
	at java.base/java.util.concurrent.ForkJoinWorkerThread.run(ForkJoinWorkerThread.java:183)
Caused by: org.eclipse.lsp4j.jsonrpc.JsonRpcException: java.io.IOException: 파이프가 닫히는 중입니다
	at org.eclipse.lsp4j.jsonrpc.json.StreamMessageConsumer.consume(StreamMessageConsumer.java:72)
	at org.eclipse.lsp4e.LanguageServerWrapper.lambda$4(LanguageServerWrapper.java:260)
	at org.eclipse.lsp4j.jsonrpc.RemoteEndpoint.request(RemoteEndpoint.java:161)
	at org.eclipse.lsp4j.jsonrpc.services.EndpointProxy.invoke(EndpointProxy.java:91)
	at com.sun.proxy.$Proxy66.shutdown(Unknown Source)
	at org.eclipse.lsp4e.LanguageServerWrapper.lambda$13(LanguageServerWrapper.java:423)
	... 7 more
Caused by: java.io.IOException: 파이프가 닫히는 중입니다
	at java.base/java.io.FileOutputStream.writeBytes(Native Method)
	at java.base/java.io.FileOutputStream.write(FileOutputStream.java:354)
	at java.base/java.io.BufferedOutputStream.flushBuffer(BufferedOutputStream.java:81)
	at java.base/java.io.BufferedOutputStream.flush(BufferedOutputStream.java:142)
	at org.eclipse.lsp4j.jsonrpc.json.StreamMessageConsumer.consume(StreamMessageConsumer.java:69)
	... 12 more

!ENTRY org.eclipse.lsp4e 4 0 2025-06-19 16:52:08.299
!MESSAGE org.eclipse.lsp4j.jsonrpc.JsonRpcException: java.io.IOException: 파이프가 닫히는 중입니다
!STACK 0
java.util.concurrent.ExecutionException: org.eclipse.lsp4j.jsonrpc.JsonRpcException: java.io.IOException: 파이프가 닫히는 중입니다
	at java.base/java.util.concurrent.CompletableFuture.reportGet(CompletableFuture.java:395)
	at java.base/java.util.concurrent.CompletableFuture.get(CompletableFuture.java:2028)
	at org.eclipse.lsp4e.LanguageServerWrapper.lambda$13(LanguageServerWrapper.java:425)
	at java.base/java.util.concurrent.CompletableFuture$AsyncRun.run(CompletableFuture.java:1736)
	at java.base/java.util.concurrent.CompletableFuture$AsyncRun.exec(CompletableFuture.java:1728)
	at java.base/java.util.concurrent.ForkJoinTask.doExec(ForkJoinTask.java:290)
	at java.base/java.util.concurrent.ForkJoinPool$WorkQueue.topLevelExec(ForkJoinPool.java:1020)
	at java.base/java.util.concurrent.ForkJoinPool.scan(ForkJoinPool.java:1656)
	at java.base/java.util.concurrent.ForkJoinPool.runWorker(ForkJoinPool.java:1594)
	at java.base/java.util.concurrent.ForkJoinWorkerThread.run(ForkJoinWorkerThread.java:183)
Caused by: org.eclipse.lsp4j.jsonrpc.JsonRpcException: java.io.IOException: 파이프가 닫히는 중입니다
	at org.eclipse.lsp4j.jsonrpc.json.StreamMessageConsumer.consume(StreamMessageConsumer.java:72)
	at org.eclipse.lsp4e.LanguageServerWrapper.lambda$4(LanguageServerWrapper.java:260)
	at org.eclipse.lsp4j.jsonrpc.RemoteEndpoint.request(RemoteEndpoint.java:161)
	at org.eclipse.lsp4j.jsonrpc.services.EndpointProxy.invoke(EndpointProxy.java:91)
	at com.sun.proxy.$Proxy66.shutdown(Unknown Source)
	at org.eclipse.lsp4e.LanguageServerWrapper.lambda$13(LanguageServerWrapper.java:423)
	... 7 more
Caused by: java.io.IOException: 파이프가 닫히는 중입니다
	at java.base/java.io.FileOutputStream.writeBytes(Native Method)
	at java.base/java.io.FileOutputStream.write(FileOutputStream.java:354)
	at java.base/java.io.BufferedOutputStream.flushBuffer(BufferedOutputStream.java:81)
	at java.base/java.io.BufferedOutputStream.flush(BufferedOutputStream.java:142)
	at org.eclipse.lsp4j.jsonrpc.json.StreamMessageConsumer.consume(StreamMessageConsumer.java:69)
	... 12 more

!ENTRY org.springframework.tooling.ls.eclipse.commons 1 0 2025-06-19 16:52:08.299
!MESSAGE Entering DelegatingStreamConnectionProvider()

!ENTRY org.eclipse.lsp4e 4 0 2025-06-19 16:52:08.300
!MESSAGE org.eclipse.lsp4j.jsonrpc.JsonRpcException: java.io.IOException: 파이프가 닫히는 중입니다
!STACK 0
java.util.concurrent.ExecutionException: org.eclipse.lsp4j.jsonrpc.JsonRpcException: java.io.IOException: 파이프가 닫히는 중입니다
	at java.base/java.util.concurrent.CompletableFuture.reportGet(CompletableFuture.java:395)
	at java.base/java.util.concurrent.CompletableFuture.get(CompletableFuture.java:2028)
	at org.eclipse.lsp4e.LanguageServerWrapper.lambda$13(LanguageServerWrapper.java:425)
	at java.base/java.util.concurrent.CompletableFuture$AsyncRun.run(CompletableFuture.java:1736)
	at java.base/java.util.concurrent.CompletableFuture$AsyncRun.exec(CompletableFuture.java:1728)
	at java.base/java.util.concurrent.ForkJoinTask.doExec(ForkJoinTask.java:290)
	at java.base/java.util.concurrent.ForkJoinPool$WorkQueue.topLevelExec(ForkJoinPool.java:1020)
	at java.base/java.util.concurrent.ForkJoinPool.scan(ForkJoinPool.java:1656)
	at java.base/java.util.concurrent.ForkJoinPool.runWorker(ForkJoinPool.java:1594)
	at java.base/java.util.concurrent.ForkJoinWorkerThread.run(ForkJoinWorkerThread.java:183)
Caused by: org.eclipse.lsp4j.jsonrpc.JsonRpcException: java.io.IOException: 파이프가 닫히는 중입니다
	at org.eclipse.lsp4j.jsonrpc.json.StreamMessageConsumer.consume(StreamMessageConsumer.java:72)
	at org.eclipse.lsp4e.LanguageServerWrapper.lambda$4(LanguageServerWrapper.java:260)
	at org.eclipse.lsp4j.jsonrpc.RemoteEndpoint.request(RemoteEndpoint.java:161)
	at org.eclipse.lsp4j.jsonrpc.services.EndpointProxy.invoke(EndpointProxy.java:91)
	at com.sun.proxy.$Proxy66.shutdown(Unknown Source)
	at org.eclipse.lsp4e.LanguageServerWrapper.lambda$13(LanguageServerWrapper.java:423)
	... 7 more
Caused by: java.io.IOException: 파이프가 닫히는 중입니다
	at java.base/java.io.FileOutputStream.writeBytes(Native Method)
	at java.base/java.io.FileOutputStream.write(FileOutputStream.java:354)
	at java.base/java.io.BufferedOutputStream.flushBuffer(BufferedOutputStream.java:81)
	at java.base/java.io.BufferedOutputStream.flush(BufferedOutputStream.java:142)
	at org.eclipse.lsp4j.jsonrpc.json.StreamMessageConsumer.consume(StreamMessageConsumer.java:69)
	... 12 more

!ENTRY org.eclipse.lsp4e 4 0 2025-06-19 16:52:08.300
!MESSAGE org.eclipse.lsp4j.jsonrpc.JsonRpcException: java.io.IOException: 파이프가 닫히는 중입니다
!STACK 0
java.util.concurrent.ExecutionException: org.eclipse.lsp4j.jsonrpc.JsonRpcException: java.io.IOException: 파이프가 닫히는 중입니다
	at java.base/java.util.concurrent.CompletableFuture.reportGet(CompletableFuture.java:395)
	at java.base/java.util.concurrent.CompletableFuture.get(CompletableFuture.java:2028)
	at org.eclipse.lsp4e.LanguageServerWrapper.lambda$13(LanguageServerWrapper.java:425)
	at java.base/java.util.concurrent.CompletableFuture$AsyncRun.run(CompletableFuture.java:1736)
	at java.base/java.util.concurrent.CompletableFuture$AsyncRun.exec(CompletableFuture.java:1728)
	at java.base/java.util.concurrent.ForkJoinTask.doExec(ForkJoinTask.java:290)
	at java.base/java.util.concurrent.ForkJoinPool$WorkQueue.topLevelExec(ForkJoinPool.java:1020)
	at java.base/java.util.concurrent.ForkJoinPool.scan(ForkJoinPool.java:1656)
	at java.base/java.util.concurrent.ForkJoinPool.runWorker(ForkJoinPool.java:1594)
	at java.base/java.util.concurrent.ForkJoinWorkerThread.run(ForkJoinWorkerThread.java:183)
Caused by: org.eclipse.lsp4j.jsonrpc.JsonRpcException: java.io.IOException: 파이프가 닫히는 중입니다
	at org.eclipse.lsp4j.jsonrpc.json.StreamMessageConsumer.consume(StreamMessageConsumer.java:72)
	at org.eclipse.lsp4e.LanguageServerWrapper.lambda$4(LanguageServerWrapper.java:260)
	at org.eclipse.lsp4j.jsonrpc.RemoteEndpoint.request(RemoteEndpoint.java:161)
	at org.eclipse.lsp4j.jsonrpc.services.EndpointProxy.invoke(EndpointProxy.java:91)
	at com.sun.proxy.$Proxy66.shutdown(Unknown Source)
	at org.eclipse.lsp4e.LanguageServerWrapper.lambda$13(LanguageServerWrapper.java:423)
	... 7 more
Caused by: java.io.IOException: 파이프가 닫히는 중입니다
	at java.base/java.io.FileOutputStream.writeBytes(Native Method)
	at java.base/java.io.FileOutputStream.write(FileOutputStream.java:354)
	at java.base/java.io.BufferedOutputStream.flushBuffer(BufferedOutputStream.java:81)
	at java.base/java.io.BufferedOutputStream.flush(BufferedOutputStream.java:142)
	at org.eclipse.lsp4j.jsonrpc.json.StreamMessageConsumer.consume(StreamMessageConsumer.java:69)
	... 12 more

!ENTRY org.springframework.tooling.ls.eclipse.commons 1 0 2025-06-19 16:52:08.300
!MESSAGE Entering DelegatingStreamConnectionProvider()

!ENTRY org.eclipse.lsp4e 4 0 2025-06-19 16:52:08.300
!MESSAGE org.eclipse.lsp4j.jsonrpc.JsonRpcException: java.io.IOException: 파이프가 닫히는 중입니다
!STACK 0
java.util.concurrent.ExecutionException: org.eclipse.lsp4j.jsonrpc.JsonRpcException: java.io.IOException: 파이프가 닫히는 중입니다
	at java.base/java.util.concurrent.CompletableFuture.reportGet(CompletableFuture.java:395)
	at java.base/java.util.concurrent.CompletableFuture.get(CompletableFuture.java:2028)
	at org.eclipse.lsp4e.LanguageServerWrapper.lambda$13(LanguageServerWrapper.java:425)
	at java.base/java.util.concurrent.CompletableFuture$AsyncRun.run(CompletableFuture.java:1736)
	at java.base/java.util.concurrent.CompletableFuture$AsyncRun.exec(CompletableFuture.java:1728)
	at java.base/java.util.concurrent.ForkJoinTask.doExec(ForkJoinTask.java:290)
	at java.base/java.util.concurrent.ForkJoinPool$WorkQueue.topLevelExec(ForkJoinPool.java:1020)
	at java.base/java.util.concurrent.ForkJoinPool.scan(ForkJoinPool.java:1656)
	at java.base/java.util.concurrent.ForkJoinPool.runWorker(ForkJoinPool.java:1594)
	at java.base/java.util.concurrent.ForkJoinWorkerThread.run(ForkJoinWorkerThread.java:183)
Caused by: org.eclipse.lsp4j.jsonrpc.JsonRpcException: java.io.IOException: 파이프가 닫히는 중입니다
	at org.eclipse.lsp4j.jsonrpc.json.StreamMessageConsumer.consume(StreamMessageConsumer.java:72)
	at org.eclipse.lsp4e.LanguageServerWrapper.lambda$4(LanguageServerWrapper.java:260)
	at org.eclipse.lsp4j.jsonrpc.RemoteEndpoint.request(RemoteEndpoint.java:161)
	at org.eclipse.lsp4j.jsonrpc.services.EndpointProxy.invoke(EndpointProxy.java:91)
	at com.sun.proxy.$Proxy66.shutdown(Unknown Source)
	at org.eclipse.lsp4e.LanguageServerWrapper.lambda$13(LanguageServerWrapper.java:423)
	... 7 more
Caused by: java.io.IOException: 파이프가 닫히는 중입니다
	at java.base/java.io.FileOutputStream.writeBytes(Native Method)
	at java.base/java.io.FileOutputStream.write(FileOutputStream.java:354)
	at java.base/java.io.BufferedOutputStream.flushBuffer(BufferedOutputStream.java:81)
	at java.base/java.io.BufferedOutputStream.flush(BufferedOutputStream.java:142)
	at org.eclipse.lsp4j.jsonrpc.json.StreamMessageConsumer.consume(StreamMessageConsumer.java:69)
	... 12 more

!ENTRY org.eclipse.lsp4e 4 0 2025-06-19 16:52:08.301
!MESSAGE org.eclipse.lsp4j.jsonrpc.JsonRpcException: java.io.IOException: 파이프가 닫히는 중입니다
!STACK 0
java.util.concurrent.ExecutionException: org.eclipse.lsp4j.jsonrpc.JsonRpcException: java.io.IOException: 파이프가 닫히는 중입니다
	at java.base/java.util.concurrent.CompletableFuture.reportGet(CompletableFuture.java:395)
	at java.base/java.util.concurrent.CompletableFuture.get(CompletableFuture.java:2028)
	at org.eclipse.lsp4e.LanguageServerWrapper.lambda$13(LanguageServerWrapper.java:425)
	at java.base/java.util.concurrent.CompletableFuture$AsyncRun.run(CompletableFuture.java:1736)
	at java.base/java.util.concurrent.CompletableFuture$AsyncRun.exec(CompletableFuture.java:1728)
	at java.base/java.util.concurrent.ForkJoinTask.doExec(ForkJoinTask.java:290)
	at java.base/java.util.concurrent.ForkJoinPool$WorkQueue.topLevelExec(ForkJoinPool.java:1020)
	at java.base/java.util.concurrent.ForkJoinPool.scan(ForkJoinPool.java:1656)
	at java.base/java.util.concurrent.ForkJoinPool.runWorker(ForkJoinPool.java:1594)
	at java.base/java.util.concurrent.ForkJoinWorkerThread.run(ForkJoinWorkerThread.java:183)
Caused by: org.eclipse.lsp4j.jsonrpc.JsonRpcException: java.io.IOException: 파이프가 닫히는 중입니다
	at org.eclipse.lsp4j.jsonrpc.json.StreamMessageConsumer.consume(StreamMessageConsumer.java:72)
	at org.eclipse.lsp4e.LanguageServerWrapper.lambda$4(LanguageServerWrapper.java:260)
	at org.eclipse.lsp4j.jsonrpc.RemoteEndpoint.request(RemoteEndpoint.java:161)
	at org.eclipse.lsp4j.jsonrpc.services.EndpointProxy.invoke(EndpointProxy.java:91)
	at com.sun.proxy.$Proxy66.shutdown(Unknown Source)
	at org.eclipse.lsp4e.LanguageServerWrapper.lambda$13(LanguageServerWrapper.java:423)
	... 7 more
Caused by: java.io.IOException: 파이프가 닫히는 중입니다
	at java.base/java.io.FileOutputStream.writeBytes(Native Method)
	at java.base/java.io.FileOutputStream.write(FileOutputStream.java:354)
	at java.base/java.io.BufferedOutputStream.flushBuffer(BufferedOutputStream.java:81)
	at java.base/java.io.BufferedOutputStream.flush(BufferedOutputStream.java:142)
	at org.eclipse.lsp4j.jsonrpc.json.StreamMessageConsumer.consume(StreamMessageConsumer.java:69)
	... 12 more

!ENTRY org.springframework.tooling.ls.eclipse.commons 1 0 2025-06-19 16:52:08.301
!MESSAGE Entering DelegatingStreamConnectionProvider()

!ENTRY org.springframework.tooling.ls.eclipse.commons 1 0 2025-06-19 16:52:08.301
!MESSAGE Entering DelegatingStreamConnectionProvider()

!ENTRY org.springframework.tooling.ls.eclipse.commons 1 0 2025-06-19 16:52:08.301
!MESSAGE Entering DelegatingStreamConnectionProvider()

!ENTRY org.springframework.tooling.ls.eclipse.commons 1 0 2025-06-19 16:52:08.301
!MESSAGE DelegatingStreamConnectionProvider classloader = org.eclipse.osgi.internal.loader.EquinoxClassLoader@56fdb4db[org.springframework.tooling.boot.ls:1.28.0.202109130547(id=1001)]

!ENTRY org.springframework.tooling.ls.eclipse.commons 1 0 2025-06-19 16:52:08.301
!MESSAGE DelegatingStreamConnectionProvider classloader = org.eclipse.osgi.internal.loader.EquinoxClassLoader@56fdb4db[org.springframework.tooling.boot.ls:1.28.0.202109130547(id=1001)]

!ENTRY org.springframework.tooling.ls.eclipse.commons 1 0 2025-06-19 16:52:08.301
!MESSAGE Entering DelegatingStreamConnectionProvider()

!ENTRY org.eclipse.lsp4e 4 0 2025-06-19 16:52:08.302
!MESSAGE org.eclipse.lsp4j.jsonrpc.JsonRpcException: java.io.IOException: 파이프가 닫히는 중입니다
!STACK 0
java.util.concurrent.ExecutionException: org.eclipse.lsp4j.jsonrpc.JsonRpcException: java.io.IOException: 파이프가 닫히는 중입니다
	at java.base/java.util.concurrent.CompletableFuture.reportGet(CompletableFuture.java:395)
	at java.base/java.util.concurrent.CompletableFuture.get(CompletableFuture.java:2028)
	at org.eclipse.lsp4e.LanguageServerWrapper.lambda$13(LanguageServerWrapper.java:425)
	at java.base/java.util.concurrent.CompletableFuture$AsyncRun.run(CompletableFuture.java:1736)
	at java.base/java.util.concurrent.CompletableFuture$AsyncRun.exec(CompletableFuture.java:1728)
	at java.base/java.util.concurrent.ForkJoinTask.doExec(ForkJoinTask.java:290)
	at java.base/java.util.concurrent.ForkJoinPool$WorkQueue.topLevelExec(ForkJoinPool.java:1020)
	at java.base/java.util.concurrent.ForkJoinPool.scan(ForkJoinPool.java:1656)
	at java.base/java.util.concurrent.ForkJoinPool.runWorker(ForkJoinPool.java:1594)
	at java.base/java.util.concurrent.ForkJoinWorkerThread.run(ForkJoinWorkerThread.java:183)
Caused by: org.eclipse.lsp4j.jsonrpc.JsonRpcException: java.io.IOException: 파이프가 닫히는 중입니다
	at org.eclipse.lsp4j.jsonrpc.json.StreamMessageConsumer.consume(StreamMessageConsumer.java:72)
	at org.eclipse.lsp4e.LanguageServerWrapper.lambda$4(LanguageServerWrapper.java:260)
	at org.eclipse.lsp4j.jsonrpc.RemoteEndpoint.request(RemoteEndpoint.java:161)
	at org.eclipse.lsp4j.jsonrpc.services.EndpointProxy.invoke(EndpointProxy.java:91)
	at com.sun.proxy.$Proxy66.shutdown(Unknown Source)
	at org.eclipse.lsp4e.LanguageServerWrapper.lambda$13(LanguageServerWrapper.java:423)
	... 7 more
Caused by: java.io.IOException: 파이프가 닫히는 중입니다
	at java.base/java.io.FileOutputStream.writeBytes(Native Method)
	at java.base/java.io.FileOutputStream.write(FileOutputStream.java:354)
	at java.base/java.io.BufferedOutputStream.flushBuffer(BufferedOutputStream.java:81)
	at java.base/java.io.BufferedOutputStream.flush(BufferedOutputStream.java:142)
	at org.eclipse.lsp4j.jsonrpc.json.StreamMessageConsumer.consume(StreamMessageConsumer.java:69)
	... 12 more

!ENTRY org.springframework.tooling.ls.eclipse.commons 1 0 2025-06-19 16:52:08.302
!MESSAGE Entering DelegatingStreamConnectionProvider()

!ENTRY org.springframework.tooling.ls.eclipse.commons 1 0 2025-06-19 16:52:08.302
!MESSAGE DelegatingStreamConnectionProvider classloader = org.eclipse.osgi.internal.loader.EquinoxClassLoader@56fdb4db[org.springframework.tooling.boot.ls:1.28.0.202109130547(id=1001)]

!ENTRY org.eclipse.lsp4e 4 0 2025-06-19 16:52:08.302
!MESSAGE org.eclipse.lsp4j.jsonrpc.JsonRpcException: java.io.IOException: 파이프가 닫히는 중입니다
!STACK 0
java.util.concurrent.ExecutionException: org.eclipse.lsp4j.jsonrpc.JsonRpcException: java.io.IOException: 파이프가 닫히는 중입니다
	at java.base/java.util.concurrent.CompletableFuture.reportGet(CompletableFuture.java:395)
	at java.base/java.util.concurrent.CompletableFuture.get(CompletableFuture.java:2028)
	at org.eclipse.lsp4e.LanguageServerWrapper.lambda$13(LanguageServerWrapper.java:425)
	at java.base/java.util.concurrent.CompletableFuture$AsyncRun.run(CompletableFuture.java:1736)
	at java.base/java.util.concurrent.CompletableFuture$AsyncRun.exec(CompletableFuture.java:1728)
	at java.base/java.util.concurrent.ForkJoinTask.doExec(ForkJoinTask.java:290)
	at java.base/java.util.concurrent.ForkJoinPool$WorkQueue.topLevelExec(ForkJoinPool.java:1020)
	at java.base/java.util.concurrent.ForkJoinPool.scan(ForkJoinPool.java:1656)
	at java.base/java.util.concurrent.ForkJoinPool.runWorker(ForkJoinPool.java:1594)
	at java.base/java.util.concurrent.ForkJoinWorkerThread.run(ForkJoinWorkerThread.java:183)
Caused by: org.eclipse.lsp4j.jsonrpc.JsonRpcException: java.io.IOException: 파이프가 닫히는 중입니다
	at org.eclipse.lsp4j.jsonrpc.json.StreamMessageConsumer.consume(StreamMessageConsumer.java:72)
	at org.eclipse.lsp4e.LanguageServerWrapper.lambda$4(LanguageServerWrapper.java:260)
	at org.eclipse.lsp4j.jsonrpc.RemoteEndpoint.request(RemoteEndpoint.java:161)
	at org.eclipse.lsp4j.jsonrpc.services.EndpointProxy.invoke(EndpointProxy.java:91)
	at com.sun.proxy.$Proxy66.shutdown(Unknown Source)
	at org.eclipse.lsp4e.LanguageServerWrapper.lambda$13(LanguageServerWrapper.java:423)
	... 7 more
Caused by: java.io.IOException: 파이프가 닫히는 중입니다
	at java.base/java.io.FileOutputStream.writeBytes(Native Method)
	at java.base/java.io.FileOutputStream.write(FileOutputStream.java:354)
	at java.base/java.io.BufferedOutputStream.flushBuffer(BufferedOutputStream.java:81)
	at java.base/java.io.BufferedOutputStream.flush(BufferedOutputStream.java:142)
	at org.eclipse.lsp4j.jsonrpc.json.StreamMessageConsumer.consume(StreamMessageConsumer.java:69)
	... 12 more

!ENTRY org.springframework.tooling.ls.eclipse.commons 1 0 2025-06-19 16:52:08.302
!MESSAGE DelegatingStreamConnectionProvider classloader = org.eclipse.osgi.internal.loader.EquinoxClassLoader@56fdb4db[org.springframework.tooling.boot.ls:1.28.0.202109130547(id=1001)]

!ENTRY org.springframework.tooling.ls.eclipse.commons 1 0 2025-06-19 16:52:08.302
!MESSAGE Entering DelegatingStreamConnectionProvider()

!ENTRY org.eclipse.lsp4e 4 0 2025-06-19 16:52:08.302
!MESSAGE org.eclipse.lsp4j.jsonrpc.JsonRpcException: java.io.IOException: 파이프가 닫히는 중입니다
!STACK 0
java.util.concurrent.ExecutionException: org.eclipse.lsp4j.jsonrpc.JsonRpcException: java.io.IOException: 파이프가 닫히는 중입니다
	at java.base/java.util.concurrent.CompletableFuture.reportGet(CompletableFuture.java:395)
	at java.base/java.util.concurrent.CompletableFuture.get(CompletableFuture.java:2028)
	at org.eclipse.lsp4e.LanguageServerWrapper.lambda$13(LanguageServerWrapper.java:425)
	at java.base/java.util.concurrent.CompletableFuture$AsyncRun.run(CompletableFuture.java:1736)
	at java.base/java.util.concurrent.CompletableFuture$AsyncRun.exec(CompletableFuture.java:1728)
	at java.base/java.util.concurrent.ForkJoinTask.doExec(ForkJoinTask.java:290)
	at java.base/java.util.concurrent.ForkJoinPool$WorkQueue.topLevelExec(ForkJoinPool.java:1020)
	at java.base/java.util.concurrent.ForkJoinPool.scan(ForkJoinPool.java:1656)
	at java.base/java.util.concurrent.ForkJoinPool.runWorker(ForkJoinPool.java:1594)
	at java.base/java.util.concurrent.ForkJoinWorkerThread.run(ForkJoinWorkerThread.java:183)
Caused by: org.eclipse.lsp4j.jsonrpc.JsonRpcException: java.io.IOException: 파이프가 닫히는 중입니다
	at org.eclipse.lsp4j.jsonrpc.json.StreamMessageConsumer.consume(StreamMessageConsumer.java:72)
	at org.eclipse.lsp4e.LanguageServerWrapper.lambda$4(LanguageServerWrapper.java:260)
	at org.eclipse.lsp4j.jsonrpc.RemoteEndpoint.request(RemoteEndpoint.java:161)
	at org.eclipse.lsp4j.jsonrpc.services.EndpointProxy.invoke(EndpointProxy.java:91)
	at com.sun.proxy.$Proxy66.shutdown(Unknown Source)
	at org.eclipse.lsp4e.LanguageServerWrapper.lambda$13(LanguageServerWrapper.java:423)
	... 7 more
Caused by: java.io.IOException: 파이프가 닫히는 중입니다
	at java.base/java.io.FileOutputStream.writeBytes(Native Method)
	at java.base/java.io.FileOutputStream.write(FileOutputStream.java:354)
	at java.base/java.io.BufferedOutputStream.flushBuffer(BufferedOutputStream.java:81)
	at java.base/java.io.BufferedOutputStream.flush(BufferedOutputStream.java:142)
	at org.eclipse.lsp4j.jsonrpc.json.StreamMessageConsumer.consume(StreamMessageConsumer.java:69)
	... 12 more

!ENTRY org.springframework.tooling.ls.eclipse.commons 1 0 2025-06-19 16:52:08.303
!MESSAGE Entering DelegatingStreamConnectionProvider()

!ENTRY org.springframework.tooling.ls.eclipse.commons 1 0 2025-06-19 16:52:08.303
!MESSAGE DelegatingStreamConnectionProvider classloader = org.eclipse.osgi.internal.loader.EquinoxClassLoader@56fdb4db[org.springframework.tooling.boot.ls:1.28.0.202109130547(id=1001)]

!ENTRY org.eclipse.lsp4e 4 0 2025-06-19 16:52:08.303
!MESSAGE org.eclipse.lsp4j.jsonrpc.JsonRpcException: java.io.IOException: 파이프가 닫히는 중입니다
!STACK 0
java.util.concurrent.ExecutionException: org.eclipse.lsp4j.jsonrpc.JsonRpcException: java.io.IOException: 파이프가 닫히는 중입니다
	at java.base/java.util.concurrent.CompletableFuture.reportGet(CompletableFuture.java:395)
	at java.base/java.util.concurrent.CompletableFuture.get(CompletableFuture.java:2028)
	at org.eclipse.lsp4e.LanguageServerWrapper.lambda$13(LanguageServerWrapper.java:425)
	at java.base/java.util.concurrent.CompletableFuture$AsyncRun.run(CompletableFuture.java:1736)
	at java.base/java.util.concurrent.CompletableFuture$AsyncRun.exec(CompletableFuture.java:1728)
	at java.base/java.util.concurrent.ForkJoinTask.doExec(ForkJoinTask.java:290)
	at java.base/java.util.concurrent.ForkJoinPool$WorkQueue.topLevelExec(ForkJoinPool.java:1020)
	at java.base/java.util.concurrent.ForkJoinPool.scan(ForkJoinPool.java:1656)
	at java.base/java.util.concurrent.ForkJoinPool.runWorker(ForkJoinPool.java:1594)
	at java.base/java.util.concurrent.ForkJoinWorkerThread.run(ForkJoinWorkerThread.java:183)
Caused by: org.eclipse.lsp4j.jsonrpc.JsonRpcException: java.io.IOException: 파이프가 닫히는 중입니다
	at org.eclipse.lsp4j.jsonrpc.json.StreamMessageConsumer.consume(StreamMessageConsumer.java:72)
	at org.eclipse.lsp4e.LanguageServerWrapper.lambda$4(LanguageServerWrapper.java:260)
	at org.eclipse.lsp4j.jsonrpc.RemoteEndpoint.request(RemoteEndpoint.java:161)
	at org.eclipse.lsp4j.jsonrpc.services.EndpointProxy.invoke(EndpointProxy.java:91)
	at com.sun.proxy.$Proxy66.shutdown(Unknown Source)
	at org.eclipse.lsp4e.LanguageServerWrapper.lambda$13(LanguageServerWrapper.java:423)
	... 7 more
Caused by: java.io.IOException: 파이프가 닫히는 중입니다
	at java.base/java.io.FileOutputStream.writeBytes(Native Method)
	at java.base/java.io.FileOutputStream.write(FileOutputStream.java:354)
	at java.base/java.io.BufferedOutputStream.flushBuffer(BufferedOutputStream.java:81)
	at java.base/java.io.BufferedOutputStream.flush(BufferedOutputStream.java:142)
	at org.eclipse.lsp4j.jsonrpc.json.StreamMessageConsumer.consume(StreamMessageConsumer.java:69)
	... 12 more

!ENTRY org.springframework.tooling.ls.eclipse.commons 1 0 2025-06-19 16:52:08.303
!MESSAGE DelegatingStreamConnectionProvider classloader = org.eclipse.osgi.internal.loader.EquinoxClassLoader@56fdb4db[org.springframework.tooling.boot.ls:1.28.0.202109130547(id=1001)]

!ENTRY org.springframework.tooling.ls.eclipse.commons 1 0 2025-06-19 16:52:08.303
!MESSAGE SpringBootLanguageServer exists!

!ENTRY org.eclipse.lsp4e 4 0 2025-06-19 16:52:08.303
!MESSAGE org.eclipse.lsp4j.jsonrpc.JsonRpcException: java.io.IOException: 파이프가 닫히는 중입니다
!STACK 0
java.util.concurrent.ExecutionException: org.eclipse.lsp4j.jsonrpc.JsonRpcException: java.io.IOException: 파이프가 닫히는 중입니다
	at java.base/java.util.concurrent.CompletableFuture.reportGet(CompletableFuture.java:395)
	at java.base/java.util.concurrent.CompletableFuture.get(CompletableFuture.java:2028)
	at org.eclipse.lsp4e.LanguageServerWrapper.lambda$13(LanguageServerWrapper.java:425)
	at java.base/java.util.concurrent.CompletableFuture$AsyncRun.run(CompletableFuture.java:1736)
	at java.base/java.util.concurrent.CompletableFuture$AsyncRun.exec(CompletableFuture.java:1728)
	at java.base/java.util.concurrent.ForkJoinTask.doExec(ForkJoinTask.java:290)
	at java.base/java.util.concurrent.ForkJoinPool$WorkQueue.topLevelExec(ForkJoinPool.java:1020)
	at java.base/java.util.concurrent.ForkJoinPool.scan(ForkJoinPool.java:1656)
	at java.base/java.util.concurrent.ForkJoinPool.runWorker(ForkJoinPool.java:1594)
	at java.base/java.util.concurrent.ForkJoinWorkerThread.run(ForkJoinWorkerThread.java:183)
Caused by: org.eclipse.lsp4j.jsonrpc.JsonRpcException: java.io.IOException: 파이프가 닫히는 중입니다
	at org.eclipse.lsp4j.jsonrpc.json.StreamMessageConsumer.consume(StreamMessageConsumer.java:72)
	at org.eclipse.lsp4e.LanguageServerWrapper.lambda$4(LanguageServerWrapper.java:260)
	at org.eclipse.lsp4j.jsonrpc.RemoteEndpoint.request(RemoteEndpoint.java:161)
	at org.eclipse.lsp4j.jsonrpc.services.EndpointProxy.invoke(EndpointProxy.java:91)
	at com.sun.proxy.$Proxy66.shutdown(Unknown Source)
	at org.eclipse.lsp4e.LanguageServerWrapper.lambda$13(LanguageServerWrapper.java:423)
	... 7 more
Caused by: java.io.IOException: 파이프가 닫히는 중입니다
	at java.base/java.io.FileOutputStream.writeBytes(Native Method)
	at java.base/java.io.FileOutputStream.write(FileOutputStream.java:354)
	at java.base/java.io.BufferedOutputStream.flushBuffer(BufferedOutputStream.java:81)
	at java.base/java.io.BufferedOutputStream.flush(BufferedOutputStream.java:142)
	at org.eclipse.lsp4j.jsonrpc.json.StreamMessageConsumer.consume(StreamMessageConsumer.java:69)
	... 12 more

!ENTRY org.springframework.tooling.ls.eclipse.commons 1 0 2025-06-19 16:52:08.303
!MESSAGE DelegatingStreamConnectionProvider classloader = org.eclipse.osgi.internal.loader.EquinoxClassLoader@56fdb4db[org.springframework.tooling.boot.ls:1.28.0.202109130547(id=1001)]

!ENTRY org.springframework.tooling.ls.eclipse.commons 1 0 2025-06-19 16:52:08.304
!MESSAGE DelegatingStreamConnectionProvider classloader = org.eclipse.osgi.internal.loader.EquinoxClassLoader@56fdb4db[org.springframework.tooling.boot.ls:1.28.0.202109130547(id=1001)]

!ENTRY org.springframework.tooling.ls.eclipse.commons 1 0 2025-06-19 16:52:08.304
!MESSAGE Entering DelegatingStreamConnectionProvider()

!ENTRY org.springframework.tooling.ls.eclipse.commons 1 0 2025-06-19 16:52:08.304
!MESSAGE SpringBootLanguageServer exists!

!ENTRY org.springframework.tooling.ls.eclipse.commons 1 0 2025-06-19 16:52:08.304
!MESSAGE SpringBootLanguageServer exists!

!ENTRY org.eclipse.lsp4e 4 0 2025-06-19 16:52:08.304
!MESSAGE org.eclipse.lsp4j.jsonrpc.JsonRpcException: java.io.IOException: 파이프가 닫히는 중입니다
!STACK 0
java.util.concurrent.ExecutionException: org.eclipse.lsp4j.jsonrpc.JsonRpcException: java.io.IOException: 파이프가 닫히는 중입니다
	at java.base/java.util.concurrent.CompletableFuture.reportGet(CompletableFuture.java:395)
	at java.base/java.util.concurrent.CompletableFuture.get(CompletableFuture.java:2028)
	at org.eclipse.lsp4e.LanguageServerWrapper.lambda$13(LanguageServerWrapper.java:425)
	at java.base/java.util.concurrent.CompletableFuture$AsyncRun.run(CompletableFuture.java:1736)
	at java.base/java.util.concurrent.CompletableFuture$AsyncRun.exec(CompletableFuture.java:1728)
	at java.base/java.util.concurrent.ForkJoinTask.doExec(ForkJoinTask.java:290)
	at java.base/java.util.concurrent.ForkJoinPool$WorkQueue.topLevelExec(ForkJoinPool.java:1020)
	at java.base/java.util.concurrent.ForkJoinPool.scan(ForkJoinPool.java:1656)
	at java.base/java.util.concurrent.ForkJoinPool.runWorker(ForkJoinPool.java:1594)
	at java.base/java.util.concurrent.ForkJoinWorkerThread.run(ForkJoinWorkerThread.java:183)
Caused by: org.eclipse.lsp4j.jsonrpc.JsonRpcException: java.io.IOException: 파이프가 닫히는 중입니다
	at org.eclipse.lsp4j.jsonrpc.json.StreamMessageConsumer.consume(StreamMessageConsumer.java:72)
	at org.eclipse.lsp4e.LanguageServerWrapper.lambda$4(LanguageServerWrapper.java:260)
	at org.eclipse.lsp4j.jsonrpc.RemoteEndpoint.request(RemoteEndpoint.java:161)
	at org.eclipse.lsp4j.jsonrpc.services.EndpointProxy.invoke(EndpointProxy.java:91)
	at com.sun.proxy.$Proxy66.shutdown(Unknown Source)
	at org.eclipse.lsp4e.LanguageServerWrapper.lambda$13(LanguageServerWrapper.java:423)
	... 7 more
Caused by: java.io.IOException: 파이프가 닫히는 중입니다
	at java.base/java.io.FileOutputStream.writeBytes(Native Method)
	at java.base/java.io.FileOutputStream.write(FileOutputStream.java:354)
	at java.base/java.io.BufferedOutputStream.flushBuffer(BufferedOutputStream.java:81)
	at java.base/java.io.BufferedOutputStream.flush(BufferedOutputStream.java:142)
	at org.eclipse.lsp4j.jsonrpc.json.StreamMessageConsumer.consume(StreamMessageConsumer.java:69)
	... 12 more

!ENTRY org.springframework.tooling.ls.eclipse.commons 1 0 2025-06-19 16:52:08.304
!MESSAGE DelegatingStreamConnectionProvider classloader = org.eclipse.osgi.internal.loader.EquinoxClassLoader@56fdb4db[org.springframework.tooling.boot.ls:1.28.0.202109130547(id=1001)]

!ENTRY org.springframework.tooling.ls.eclipse.commons 1 0 2025-06-19 16:52:08.305
!MESSAGE DelegatingStreamConnectionProvider classloader = org.eclipse.osgi.internal.loader.EquinoxClassLoader@56fdb4db[org.springframework.tooling.boot.ls:1.28.0.202109130547(id=1001)]

!ENTRY org.springframework.tooling.ls.eclipse.commons 1 0 2025-06-19 16:52:08.305
!MESSAGE SpringBootLanguageServer exists!

!ENTRY org.springframework.tooling.ls.eclipse.commons 1 0 2025-06-19 16:52:08.305
!MESSAGE SpringBootLanguageServer exists!

!ENTRY org.springframework.tooling.ls.eclipse.commons 1 0 2025-06-19 16:52:08.305
!MESSAGE DelegatingStreamConnectionProvider classloader = org.eclipse.osgi.internal.loader.EquinoxClassLoader@56fdb4db[org.springframework.tooling.boot.ls:1.28.0.202109130547(id=1001)]

!ENTRY org.springframework.tooling.ls.eclipse.commons 1 0 2025-06-19 16:52:08.305
!MESSAGE SpringBootLanguageServer exists!

!ENTRY org.springframework.tooling.ls.eclipse.commons 1 0 2025-06-19 16:52:08.305
!MESSAGE SpringBootLanguageServer exists!

!ENTRY org.springframework.tooling.ls.eclipse.commons 1 0 2025-06-19 16:52:08.305
!MESSAGE Entering DelegatingStreamConnectionProvider()

!ENTRY org.springframework.tooling.ls.eclipse.commons 1 0 2025-06-19 16:52:08.305
!MESSAGE DelegatingStreamConnectionProvider classloader = org.eclipse.osgi.internal.loader.EquinoxClassLoader@56fdb4db[org.springframework.tooling.boot.ls:1.28.0.202109130547(id=1001)]

!ENTRY org.springframework.tooling.ls.eclipse.commons 1 0 2025-06-19 16:52:08.306
!MESSAGE SpringBootLanguageServer exists!

!ENTRY org.springframework.tooling.ls.eclipse.commons 1 0 2025-06-19 16:52:08.306
!MESSAGE SpringBootLanguageServer exists!

!ENTRY org.eclipse.lsp4e 4 0 2025-06-19 16:52:08.306
!MESSAGE org.eclipse.lsp4j.jsonrpc.JsonRpcException: java.io.IOException: 파이프가 닫히는 중입니다
!STACK 0
java.util.concurrent.ExecutionException: org.eclipse.lsp4j.jsonrpc.JsonRpcException: java.io.IOException: 파이프가 닫히는 중입니다
	at java.base/java.util.concurrent.CompletableFuture.reportGet(CompletableFuture.java:395)
	at java.base/java.util.concurrent.CompletableFuture.get(CompletableFuture.java:2028)
	at org.eclipse.lsp4e.LanguageServerWrapper.lambda$13(LanguageServerWrapper.java:425)
	at java.base/java.util.concurrent.CompletableFuture$AsyncRun.run(CompletableFuture.java:1736)
	at java.base/java.util.concurrent.CompletableFuture$AsyncRun.exec(CompletableFuture.java:1728)
	at java.base/java.util.concurrent.ForkJoinTask.doExec(ForkJoinTask.java:290)
	at java.base/java.util.concurrent.ForkJoinPool$WorkQueue.topLevelExec(ForkJoinPool.java:1020)
	at java.base/java.util.concurrent.ForkJoinPool.scan(ForkJoinPool.java:1656)
	at java.base/java.util.concurrent.ForkJoinPool.runWorker(ForkJoinPool.java:1594)
	at java.base/java.util.concurrent.ForkJoinWorkerThread.run(ForkJoinWorkerThread.java:183)
Caused by: org.eclipse.lsp4j.jsonrpc.JsonRpcException: java.io.IOException: 파이프가 닫히는 중입니다
	at org.eclipse.lsp4j.jsonrpc.json.StreamMessageConsumer.consume(StreamMessageConsumer.java:72)
	at org.eclipse.lsp4e.LanguageServerWrapper.lambda$4(LanguageServerWrapper.java:260)
	at org.eclipse.lsp4j.jsonrpc.RemoteEndpoint.request(RemoteEndpoint.java:161)
	at org.eclipse.lsp4j.jsonrpc.services.EndpointProxy.invoke(EndpointProxy.java:91)
	at com.sun.proxy.$Proxy66.shutdown(Unknown Source)
	at org.eclipse.lsp4e.LanguageServerWrapper.lambda$13(LanguageServerWrapper.java:423)
	... 7 more
Caused by: java.io.IOException: 파이프가 닫히는 중입니다
	at java.base/java.io.FileOutputStream.writeBytes(Native Method)
	at java.base/java.io.FileOutputStream.write(FileOutputStream.java:354)
	at java.base/java.io.BufferedOutputStream.flushBuffer(BufferedOutputStream.java:81)
	at java.base/java.io.BufferedOutputStream.flush(BufferedOutputStream.java:142)
	at org.eclipse.lsp4j.jsonrpc.json.StreamMessageConsumer.consume(StreamMessageConsumer.java:69)
	... 12 more

!ENTRY org.springframework.tooling.ls.eclipse.commons 1 0 2025-06-19 16:52:08.306
!MESSAGE SpringBootLanguageServer exists!

!ENTRY org.springframework.tooling.ls.eclipse.commons 1 0 2025-06-19 16:52:08.306
!MESSAGE Entering DelegatingStreamConnectionProvider()

!ENTRY org.eclipse.lsp4e 4 0 2025-06-19 16:52:08.306
!MESSAGE org.eclipse.lsp4j.jsonrpc.JsonRpcException: java.io.IOException: 파이프가 닫히는 중입니다
!STACK 0
java.util.concurrent.ExecutionException: org.eclipse.lsp4j.jsonrpc.JsonRpcException: java.io.IOException: 파이프가 닫히는 중입니다
	at java.base/java.util.concurrent.CompletableFuture.reportGet(CompletableFuture.java:395)
	at java.base/java.util.concurrent.CompletableFuture.get(CompletableFuture.java:2028)
	at org.eclipse.lsp4e.LanguageServerWrapper.lambda$13(LanguageServerWrapper.java:425)
	at java.base/java.util.concurrent.CompletableFuture$AsyncRun.run(CompletableFuture.java:1736)
	at java.base/java.util.concurrent.CompletableFuture$AsyncRun.exec(CompletableFuture.java:1728)
	at java.base/java.util.concurrent.ForkJoinTask.doExec(ForkJoinTask.java:290)
	at java.base/java.util.concurrent.ForkJoinPool$WorkQueue.topLevelExec(ForkJoinPool.java:1020)
	at java.base/java.util.concurrent.ForkJoinPool.scan(ForkJoinPool.java:1656)
	at java.base/java.util.concurrent.ForkJoinPool.runWorker(ForkJoinPool.java:1594)
	at java.base/java.util.concurrent.ForkJoinWorkerThread.run(ForkJoinWorkerThread.java:183)
Caused by: org.eclipse.lsp4j.jsonrpc.JsonRpcException: java.io.IOException: 파이프가 닫히는 중입니다
	at org.eclipse.lsp4j.jsonrpc.json.StreamMessageConsumer.consume(StreamMessageConsumer.java:72)
	at org.eclipse.lsp4e.LanguageServerWrapper.lambda$4(LanguageServerWrapper.java:260)
	at org.eclipse.lsp4j.jsonrpc.RemoteEndpoint.request(RemoteEndpoint.java:161)
	at org.eclipse.lsp4j.jsonrpc.services.EndpointProxy.invoke(EndpointProxy.java:91)
	at com.sun.proxy.$Proxy66.shutdown(Unknown Source)
	at org.eclipse.lsp4e.LanguageServerWrapper.lambda$13(LanguageServerWrapper.java:423)
	... 7 more
Caused by: java.io.IOException: 파이프가 닫히는 중입니다
	at java.base/java.io.FileOutputStream.writeBytes(Native Method)
	at java.base/java.io.FileOutputStream.write(FileOutputStream.java:354)
	at java.base/java.io.BufferedOutputStream.flushBuffer(BufferedOutputStream.java:81)
	at java.base/java.io.BufferedOutputStream.flush(BufferedOutputStream.java:142)
	at org.eclipse.lsp4j.jsonrpc.json.StreamMessageConsumer.consume(StreamMessageConsumer.java:69)
	... 12 more

!ENTRY org.springframework.tooling.ls.eclipse.commons 1 0 2025-06-19 16:52:08.307
!MESSAGE SpringBootLanguageServer exists!

!ENTRY org.springframework.tooling.ls.eclipse.commons 1 0 2025-06-19 16:52:08.307
!MESSAGE DelegatingStreamConnectionProvider classloader = org.eclipse.osgi.internal.loader.EquinoxClassLoader@56fdb4db[org.springframework.tooling.boot.ls:1.28.0.202109130547(id=1001)]

!ENTRY org.springframework.tooling.ls.eclipse.commons 1 0 2025-06-19 16:52:08.307
!MESSAGE SpringBootLanguageServer exists!

!ENTRY org.springframework.tooling.ls.eclipse.commons 1 0 2025-06-19 16:52:08.307
!MESSAGE SpringBootLanguageServer exists!

!ENTRY org.eclipse.lsp4e 4 0 2025-06-19 16:52:08.307
!MESSAGE org.eclipse.lsp4j.jsonrpc.JsonRpcException: java.io.IOException: 파이프가 닫히는 중입니다
!STACK 0
java.util.concurrent.ExecutionException: org.eclipse.lsp4j.jsonrpc.JsonRpcException: java.io.IOException: 파이프가 닫히는 중입니다
	at java.base/java.util.concurrent.CompletableFuture.reportGet(CompletableFuture.java:395)
	at java.base/java.util.concurrent.CompletableFuture.get(CompletableFuture.java:2028)
	at org.eclipse.lsp4e.LanguageServerWrapper.lambda$13(LanguageServerWrapper.java:425)
	at java.base/java.util.concurrent.CompletableFuture$AsyncRun.run(CompletableFuture.java:1736)
	at java.base/java.util.concurrent.CompletableFuture$AsyncRun.exec(CompletableFuture.java:1728)
	at java.base/java.util.concurrent.ForkJoinTask.doExec(ForkJoinTask.java:290)
	at java.base/java.util.concurrent.ForkJoinPool$WorkQueue.topLevelExec(ForkJoinPool.java:1020)
	at java.base/java.util.concurrent.ForkJoinPool.scan(ForkJoinPool.java:1656)
	at java.base/java.util.concurrent.ForkJoinPool.runWorker(ForkJoinPool.java:1594)
	at java.base/java.util.concurrent.ForkJoinWorkerThread.run(ForkJoinWorkerThread.java:183)
Caused by: org.eclipse.lsp4j.jsonrpc.JsonRpcException: java.io.IOException: 파이프가 닫히는 중입니다
	at org.eclipse.lsp4j.jsonrpc.json.StreamMessageConsumer.consume(StreamMessageConsumer.java:72)
	at org.eclipse.lsp4e.LanguageServerWrapper.lambda$4(LanguageServerWrapper.java:260)
	at org.eclipse.lsp4j.jsonrpc.RemoteEndpoint.request(RemoteEndpoint.java:161)
	at org.eclipse.lsp4j.jsonrpc.services.EndpointProxy.invoke(EndpointProxy.java:91)
	at com.sun.proxy.$Proxy66.shutdown(Unknown Source)
	at org.eclipse.lsp4e.LanguageServerWrapper.lambda$13(LanguageServerWrapper.java:423)
	... 7 more
Caused by: java.io.IOException: 파이프가 닫히는 중입니다
	at java.base/java.io.FileOutputStream.writeBytes(Native Method)
	at java.base/java.io.FileOutputStream.write(FileOutputStream.java:354)
	at java.base/java.io.BufferedOutputStream.flushBuffer(BufferedOutputStream.java:81)
	at java.base/java.io.BufferedOutputStream.flush(BufferedOutputStream.java:142)
	at org.eclipse.lsp4j.jsonrpc.json.StreamMessageConsumer.consume(StreamMessageConsumer.java:69)
	... 12 more

!ENTRY org.springframework.tooling.ls.eclipse.commons 1 0 2025-06-19 16:52:08.307
!MESSAGE Entering DelegatingStreamConnectionProvider()

!ENTRY org.springframework.tooling.ls.eclipse.commons 1 0 2025-06-19 16:52:08.309
!MESSAGE DelegatingStreamConnectionProvider classloader = org.eclipse.osgi.internal.loader.EquinoxClassLoader@56fdb4db[org.springframework.tooling.boot.ls:1.28.0.202109130547(id=1001)]

!ENTRY org.eclipse.lsp4e 4 0 2025-06-19 16:52:08.309
!MESSAGE org.eclipse.lsp4j.jsonrpc.JsonRpcException: java.io.IOException: 파이프가 닫히는 중입니다
!STACK 0
java.util.concurrent.ExecutionException: org.eclipse.lsp4j.jsonrpc.JsonRpcException: java.io.IOException: 파이프가 닫히는 중입니다
	at java.base/java.util.concurrent.CompletableFuture.reportGet(CompletableFuture.java:395)
	at java.base/java.util.concurrent.CompletableFuture.get(CompletableFuture.java:2028)
	at org.eclipse.lsp4e.LanguageServerWrapper.lambda$13(LanguageServerWrapper.java:425)
	at java.base/java.util.concurrent.CompletableFuture$AsyncRun.run(CompletableFuture.java:1736)
	at java.base/java.util.concurrent.CompletableFuture$AsyncRun.exec(CompletableFuture.java:1728)
	at java.base/java.util.concurrent.ForkJoinTask.doExec(ForkJoinTask.java:290)
	at java.base/java.util.concurrent.ForkJoinPool$WorkQueue.topLevelExec(ForkJoinPool.java:1020)
	at java.base/java.util.concurrent.ForkJoinPool.scan(ForkJoinPool.java:1656)
	at java.base/java.util.concurrent.ForkJoinPool.runWorker(ForkJoinPool.java:1594)
	at java.base/java.util.concurrent.ForkJoinWorkerThread.run(ForkJoinWorkerThread.java:183)
Caused by: org.eclipse.lsp4j.jsonrpc.JsonRpcException: java.io.IOException: 파이프가 닫히는 중입니다
	at org.eclipse.lsp4j.jsonrpc.json.StreamMessageConsumer.consume(StreamMessageConsumer.java:72)
	at org.eclipse.lsp4e.LanguageServerWrapper.lambda$4(LanguageServerWrapper.java:260)
	at org.eclipse.lsp4j.jsonrpc.RemoteEndpoint.request(RemoteEndpoint.java:161)
	at org.eclipse.lsp4j.jsonrpc.services.EndpointProxy.invoke(EndpointProxy.java:91)
	at com.sun.proxy.$Proxy66.shutdown(Unknown Source)
	at org.eclipse.lsp4e.LanguageServerWrapper.lambda$13(LanguageServerWrapper.java:423)
	... 7 more
Caused by: java.io.IOException: 파이프가 닫히는 중입니다
	at java.base/java.io.FileOutputStream.writeBytes(Native Method)
	at java.base/java.io.FileOutputStream.write(FileOutputStream.java:354)
	at java.base/java.io.BufferedOutputStream.flushBuffer(BufferedOutputStream.java:81)
	at java.base/java.io.BufferedOutputStream.flush(BufferedOutputStream.java:142)
	at org.eclipse.lsp4j.jsonrpc.json.StreamMessageConsumer.consume(StreamMessageConsumer.java:69)
	... 12 more

!ENTRY org.springframework.tooling.ls.eclipse.commons 1 0 2025-06-19 16:52:08.309
!MESSAGE DelegatingStreamConnectionProvider classloader = org.eclipse.osgi.internal.loader.EquinoxClassLoader@56fdb4db[org.springframework.tooling.boot.ls:1.28.0.202109130547(id=1001)]

!ENTRY org.springframework.tooling.ls.eclipse.commons 1 0 2025-06-19 16:52:08.309
!MESSAGE Entering DelegatingStreamConnectionProvider()

!ENTRY org.springframework.tooling.ls.eclipse.commons 1 0 2025-06-19 16:52:08.309
!MESSAGE SpringBootLanguageServer exists!

!ENTRY org.springframework.tooling.ls.eclipse.commons 1 0 2025-06-19 16:52:08.309
!MESSAGE Entering DelegatingStreamConnectionProvider()

!ENTRY org.springframework.tooling.ls.eclipse.commons 1 0 2025-06-19 16:52:08.309
!MESSAGE SpringBootLanguageServer exists!

!ENTRY org.springframework.tooling.ls.eclipse.commons 1 0 2025-06-19 16:52:08.310
!MESSAGE DelegatingStreamConnectionProvider classloader = org.eclipse.osgi.internal.loader.EquinoxClassLoader@56fdb4db[org.springframework.tooling.boot.ls:1.28.0.202109130547(id=1001)]

!ENTRY org.eclipse.lsp4e 4 0 2025-06-19 16:52:08.310
!MESSAGE org.eclipse.lsp4j.jsonrpc.JsonRpcException: java.io.IOException: 파이프가 닫히는 중입니다
!STACK 0
java.util.concurrent.ExecutionException: org.eclipse.lsp4j.jsonrpc.JsonRpcException: java.io.IOException: 파이프가 닫히는 중입니다
	at java.base/java.util.concurrent.CompletableFuture.reportGet(CompletableFuture.java:395)
	at java.base/java.util.concurrent.CompletableFuture.get(CompletableFuture.java:2028)
	at org.eclipse.lsp4e.LanguageServerWrapper.lambda$13(LanguageServerWrapper.java:425)
	at java.base/java.util.concurrent.CompletableFuture$AsyncRun.run(CompletableFuture.java:1736)
	at java.base/java.util.concurrent.CompletableFuture$AsyncRun.exec(CompletableFuture.java:1728)
	at java.base/java.util.concurrent.ForkJoinTask.doExec(ForkJoinTask.java:290)
	at java.base/java.util.concurrent.ForkJoinPool$WorkQueue.topLevelExec(ForkJoinPool.java:1020)
	at java.base/java.util.concurrent.ForkJoinPool.scan(ForkJoinPool.java:1656)
	at java.base/java.util.concurrent.ForkJoinPool.runWorker(ForkJoinPool.java:1594)
	at java.base/java.util.concurrent.ForkJoinWorkerThread.run(ForkJoinWorkerThread.java:183)
Caused by: org.eclipse.lsp4j.jsonrpc.JsonRpcException: java.io.IOException: 파이프가 닫히는 중입니다
	at org.eclipse.lsp4j.jsonrpc.json.StreamMessageConsumer.consume(StreamMessageConsumer.java:72)
	at org.eclipse.lsp4e.LanguageServerWrapper.lambda$4(LanguageServerWrapper.java:260)
	at org.eclipse.lsp4j.jsonrpc.RemoteEndpoint.request(RemoteEndpoint.java:161)
	at org.eclipse.lsp4j.jsonrpc.services.EndpointProxy.invoke(EndpointProxy.java:91)
	at com.sun.proxy.$Proxy66.shutdown(Unknown Source)
	at org.eclipse.lsp4e.LanguageServerWrapper.lambda$13(LanguageServerWrapper.java:423)
	... 7 more
Caused by: java.io.IOException: 파이프가 닫히는 중입니다
	at java.base/java.io.FileOutputStream.writeBytes(Native Method)
	at java.base/java.io.FileOutputStream.write(FileOutputStream.java:354)
	at java.base/java.io.BufferedOutputStream.flushBuffer(BufferedOutputStream.java:81)
	at java.base/java.io.BufferedOutputStream.flush(BufferedOutputStream.java:142)
	at org.eclipse.lsp4j.jsonrpc.json.StreamMessageConsumer.consume(StreamMessageConsumer.java:69)
	... 12 more

!ENTRY org.springframework.tooling.ls.eclipse.commons 1 0 2025-06-19 16:52:08.310
!MESSAGE DelegatingStreamConnectionProvider classloader = org.eclipse.osgi.internal.loader.EquinoxClassLoader@56fdb4db[org.springframework.tooling.boot.ls:1.28.0.202109130547(id=1001)]

!ENTRY org.springframework.tooling.ls.eclipse.commons 1 0 2025-06-19 16:52:08.310
!MESSAGE SpringBootLanguageServer exists!

!ENTRY org.springframework.tooling.ls.eclipse.commons 1 0 2025-06-19 16:52:08.310
!MESSAGE Entering DelegatingStreamConnectionProvider()

!ENTRY org.springframework.tooling.ls.eclipse.commons 1 0 2025-06-19 16:52:08.311
!MESSAGE SpringBootLanguageServer exists!

!ENTRY org.springframework.tooling.ls.eclipse.commons 1 0 2025-06-19 16:52:08.311
!MESSAGE DelegatingStreamConnectionProvider classloader = org.eclipse.osgi.internal.loader.EquinoxClassLoader@56fdb4db[org.springframework.tooling.boot.ls:1.28.0.202109130547(id=1001)]

!ENTRY org.springframework.tooling.ls.eclipse.commons 1 0 2025-06-19 16:52:08.311
!MESSAGE SpringBootLanguageServer exists!

!ENTRY org.eclipse.lsp4e 4 0 2025-06-19 16:52:08.311
!MESSAGE org.eclipse.lsp4j.jsonrpc.JsonRpcException: java.io.IOException: 파이프가 닫히는 중입니다
!STACK 0
java.util.concurrent.ExecutionException: org.eclipse.lsp4j.jsonrpc.JsonRpcException: java.io.IOException: 파이프가 닫히는 중입니다
	at java.base/java.util.concurrent.CompletableFuture.reportGet(CompletableFuture.java:395)
	at java.base/java.util.concurrent.CompletableFuture.get(CompletableFuture.java:2028)
	at org.eclipse.lsp4e.LanguageServerWrapper.lambda$13(LanguageServerWrapper.java:425)
	at java.base/java.util.concurrent.CompletableFuture$AsyncRun.run(CompletableFuture.java:1736)
	at java.base/java.util.concurrent.CompletableFuture$AsyncRun.exec(CompletableFuture.java:1728)
	at java.base/java.util.concurrent.ForkJoinTask.doExec(ForkJoinTask.java:290)
	at java.base/java.util.concurrent.ForkJoinPool$WorkQueue.topLevelExec(ForkJoinPool.java:1020)
	at java.base/java.util.concurrent.ForkJoinPool.scan(ForkJoinPool.java:1656)
	at java.base/java.util.concurrent.ForkJoinPool.runWorker(ForkJoinPool.java:1594)
	at java.base/java.util.concurrent.ForkJoinWorkerThread.run(ForkJoinWorkerThread.java:183)
Caused by: org.eclipse.lsp4j.jsonrpc.JsonRpcException: java.io.IOException: 파이프가 닫히는 중입니다
	at org.eclipse.lsp4j.jsonrpc.json.StreamMessageConsumer.consume(StreamMessageConsumer.java:72)
	at org.eclipse.lsp4e.LanguageServerWrapper.lambda$4(LanguageServerWrapper.java:260)
	at org.eclipse.lsp4j.jsonrpc.RemoteEndpoint.request(RemoteEndpoint.java:161)
	at org.eclipse.lsp4j.jsonrpc.services.EndpointProxy.invoke(EndpointProxy.java:91)
	at com.sun.proxy.$Proxy66.shutdown(Unknown Source)
	at org.eclipse.lsp4e.LanguageServerWrapper.lambda$13(LanguageServerWrapper.java:423)
	... 7 more
Caused by: java.io.IOException: 파이프가 닫히는 중입니다
	at java.base/java.io.FileOutputStream.writeBytes(Native Method)
	at java.base/java.io.FileOutputStream.write(FileOutputStream.java:354)
	at java.base/java.io.BufferedOutputStream.flushBuffer(BufferedOutputStream.java:81)
	at java.base/java.io.BufferedOutputStream.flush(BufferedOutputStream.java:142)
	at org.eclipse.lsp4j.jsonrpc.json.StreamMessageConsumer.consume(StreamMessageConsumer.java:69)
	... 12 more

!ENTRY org.springframework.tooling.ls.eclipse.commons 1 0 2025-06-19 16:52:08.311
!MESSAGE Entering DelegatingStreamConnectionProvider()

!ENTRY org.springframework.tooling.ls.eclipse.commons 1 0 2025-06-19 16:52:08.312
!MESSAGE DelegatingStreamConnectionProvider classloader = org.eclipse.osgi.internal.loader.EquinoxClassLoader@56fdb4db[org.springframework.tooling.boot.ls:1.28.0.202109130547(id=1001)]

!ENTRY org.springframework.tooling.ls.eclipse.commons 1 0 2025-06-19 16:52:08.312
!MESSAGE SpringBootLanguageServer exists!

!ENTRY org.springframework.tooling.ls.eclipse.commons 1 0 2025-06-19 16:52:08.354
!MESSAGE Entering DelegatingStreamConnectionProvider()

!ENTRY org.eclipse.lsp4e 4 0 2025-06-19 16:52:08.354
!MESSAGE org.eclipse.lsp4j.jsonrpc.JsonRpcException: java.io.IOException: 파이프가 닫히는 중입니다
!STACK 0
java.util.concurrent.ExecutionException: org.eclipse.lsp4j.jsonrpc.JsonRpcException: java.io.IOException: 파이프가 닫히는 중입니다
	at java.base/java.util.concurrent.CompletableFuture.reportGet(CompletableFuture.java:395)
	at java.base/java.util.concurrent.CompletableFuture.get(CompletableFuture.java:2028)
	at org.eclipse.lsp4e.LanguageServerWrapper.lambda$13(LanguageServerWrapper.java:425)
	at java.base/java.util.concurrent.CompletableFuture$AsyncRun.run(CompletableFuture.java:1736)
	at java.base/java.util.concurrent.CompletableFuture$AsyncRun.exec(CompletableFuture.java:1728)
	at java.base/java.util.concurrent.ForkJoinTask.doExec(ForkJoinTask.java:290)
	at java.base/java.util.concurrent.ForkJoinPool$WorkQueue.topLevelExec(ForkJoinPool.java:1020)
	at java.base/java.util.concurrent.ForkJoinPool.scan(ForkJoinPool.java:1656)
	at java.base/java.util.concurrent.ForkJoinPool.runWorker(ForkJoinPool.java:1594)
	at java.base/java.util.concurrent.ForkJoinWorkerThread.run(ForkJoinWorkerThread.java:183)
Caused by: org.eclipse.lsp4j.jsonrpc.JsonRpcException: java.io.IOException: 파이프가 닫히는 중입니다
	at org.eclipse.lsp4j.jsonrpc.json.StreamMessageConsumer.consume(StreamMessageConsumer.java:72)
	at org.eclipse.lsp4e.LanguageServerWrapper.lambda$4(LanguageServerWrapper.java:260)
	at org.eclipse.lsp4j.jsonrpc.RemoteEndpoint.request(RemoteEndpoint.java:161)
	at org.eclipse.lsp4j.jsonrpc.services.EndpointProxy.invoke(EndpointProxy.java:91)
	at com.sun.proxy.$Proxy66.shutdown(Unknown Source)
	at org.eclipse.lsp4e.LanguageServerWrapper.lambda$13(LanguageServerWrapper.java:423)
	... 7 more
Caused by: java.io.IOException: 파이프가 닫히는 중입니다
	at java.base/java.io.FileOutputStream.writeBytes(Native Method)
	at java.base/java.io.FileOutputStream.write(FileOutputStream.java:354)
	at java.base/java.io.BufferedOutputStream.flushBuffer(BufferedOutputStream.java:81)
	at java.base/java.io.BufferedOutputStream.flush(BufferedOutputStream.java:142)
	at org.eclipse.lsp4j.jsonrpc.json.StreamMessageConsumer.consume(StreamMessageConsumer.java:69)
	... 12 more

!ENTRY org.springframework.tooling.ls.eclipse.commons 1 0 2025-06-19 16:52:08.354
!MESSAGE Entering DelegatingStreamConnectionProvider()

!ENTRY org.eclipse.lsp4e 4 0 2025-06-19 16:52:08.354
!MESSAGE org.eclipse.lsp4j.jsonrpc.JsonRpcException: java.io.IOException: 파이프가 닫히는 중입니다
!STACK 0
java.util.concurrent.ExecutionException: org.eclipse.lsp4j.jsonrpc.JsonRpcException: java.io.IOException: 파이프가 닫히는 중입니다
	at java.base/java.util.concurrent.CompletableFuture.reportGet(CompletableFuture.java:395)
	at java.base/java.util.concurrent.CompletableFuture.get(CompletableFuture.java:2028)
	at org.eclipse.lsp4e.LanguageServerWrapper.lambda$13(LanguageServerWrapper.java:425)
	at java.base/java.util.concurrent.CompletableFuture$AsyncRun.run(CompletableFuture.java:1736)
	at java.base/java.util.concurrent.CompletableFuture$AsyncRun.exec(CompletableFuture.java:1728)
	at java.base/java.util.concurrent.ForkJoinTask.doExec(ForkJoinTask.java:290)
	at java.base/java.util.concurrent.ForkJoinPool$WorkQueue.topLevelExec(ForkJoinPool.java:1020)
	at java.base/java.util.concurrent.ForkJoinPool.scan(ForkJoinPool.java:1656)
	at java.base/java.util.concurrent.ForkJoinPool.runWorker(ForkJoinPool.java:1594)
	at java.base/java.util.concurrent.ForkJoinWorkerThread.run(ForkJoinWorkerThread.java:183)
Caused by: org.eclipse.lsp4j.jsonrpc.JsonRpcException: java.io.IOException: 파이프가 닫히는 중입니다
	at org.eclipse.lsp4j.jsonrpc.json.StreamMessageConsumer.consume(StreamMessageConsumer.java:72)
	at org.eclipse.lsp4e.LanguageServerWrapper.lambda$4(LanguageServerWrapper.java:260)
	at org.eclipse.lsp4j.jsonrpc.RemoteEndpoint.request(RemoteEndpoint.java:161)
	at org.eclipse.lsp4j.jsonrpc.services.EndpointProxy.invoke(EndpointProxy.java:91)
	at com.sun.proxy.$Proxy66.shutdown(Unknown Source)
	at org.eclipse.lsp4e.LanguageServerWrapper.lambda$13(LanguageServerWrapper.java:423)
	... 7 more
Caused by: java.io.IOException: 파이프가 닫히는 중입니다
	at java.base/java.io.FileOutputStream.writeBytes(Native Method)
	at java.base/java.io.FileOutputStream.write(FileOutputStream.java:354)
	at java.base/java.io.BufferedOutputStream.flushBuffer(BufferedOutputStream.java:81)
	at java.base/java.io.BufferedOutputStream.flush(BufferedOutputStream.java:142)
	at org.eclipse.lsp4j.jsonrpc.json.StreamMessageConsumer.consume(StreamMessageConsumer.java:69)
	... 12 more

!ENTRY org.eclipse.lsp4e 4 0 2025-06-19 16:52:08.355
!MESSAGE org.eclipse.lsp4j.jsonrpc.JsonRpcException: java.io.IOException: 파이프가 닫히는 중입니다
!STACK 0
java.util.concurrent.ExecutionException: org.eclipse.lsp4j.jsonrpc.JsonRpcException: java.io.IOException: 파이프가 닫히는 중입니다
	at java.base/java.util.concurrent.CompletableFuture.reportGet(CompletableFuture.java:395)
	at java.base/java.util.concurrent.CompletableFuture.get(CompletableFuture.java:2028)
	at org.eclipse.lsp4e.LanguageServerWrapper.lambda$13(LanguageServerWrapper.java:425)
	at java.base/java.util.concurrent.CompletableFuture$AsyncRun.run(CompletableFuture.java:1736)
	at java.base/java.util.concurrent.CompletableFuture$AsyncRun.exec(CompletableFuture.java:1728)
	at java.base/java.util.concurrent.ForkJoinTask.doExec(ForkJoinTask.java:290)
	at java.base/java.util.concurrent.ForkJoinPool$WorkQueue.topLevelExec(ForkJoinPool.java:1020)
	at java.base/java.util.concurrent.ForkJoinPool.scan(ForkJoinPool.java:1656)
	at java.base/java.util.concurrent.ForkJoinPool.runWorker(ForkJoinPool.java:1594)
	at java.base/java.util.concurrent.ForkJoinWorkerThread.run(ForkJoinWorkerThread.java:183)
Caused by: org.eclipse.lsp4j.jsonrpc.JsonRpcException: java.io.IOException: 파이프가 닫히는 중입니다
	at org.eclipse.lsp4j.jsonrpc.json.StreamMessageConsumer.consume(StreamMessageConsumer.java:72)
	at org.eclipse.lsp4e.LanguageServerWrapper.lambda$4(LanguageServerWrapper.java:260)
	at org.eclipse.lsp4j.jsonrpc.RemoteEndpoint.request(RemoteEndpoint.java:161)
	at org.eclipse.lsp4j.jsonrpc.services.EndpointProxy.invoke(EndpointProxy.java:91)
	at com.sun.proxy.$Proxy66.shutdown(Unknown Source)
	at org.eclipse.lsp4e.LanguageServerWrapper.lambda$13(LanguageServerWrapper.java:423)
	... 7 more
Caused by: java.io.IOException: 파이프가 닫히는 중입니다
	at java.base/java.io.FileOutputStream.writeBytes(Native Method)
	at java.base/java.io.FileOutputStream.write(FileOutputStream.java:354)
	at java.base/java.io.BufferedOutputStream.flushBuffer(BufferedOutputStream.java:81)
	at java.base/java.io.BufferedOutputStream.flush(BufferedOutputStream.java:142)
	at org.eclipse.lsp4j.jsonrpc.json.StreamMessageConsumer.consume(StreamMessageConsumer.java:69)
	... 12 more

!ENTRY org.eclipse.lsp4e 4 0 2025-06-19 16:52:08.355
!MESSAGE org.eclipse.lsp4j.jsonrpc.JsonRpcException: java.io.IOException: 파이프가 닫히는 중입니다
!STACK 0
java.util.concurrent.ExecutionException: org.eclipse.lsp4j.jsonrpc.JsonRpcException: java.io.IOException: 파이프가 닫히는 중입니다
	at java.base/java.util.concurrent.CompletableFuture.reportGet(CompletableFuture.java:395)
	at java.base/java.util.concurrent.CompletableFuture.get(CompletableFuture.java:2028)
	at org.eclipse.lsp4e.LanguageServerWrapper.lambda$13(LanguageServerWrapper.java:425)
	at java.base/java.util.concurrent.CompletableFuture$AsyncRun.run(CompletableFuture.java:1736)
	at java.base/java.util.concurrent.CompletableFuture$AsyncRun.exec(CompletableFuture.java:1728)
	at java.base/java.util.concurrent.ForkJoinTask.doExec(ForkJoinTask.java:290)
	at java.base/java.util.concurrent.ForkJoinPool$WorkQueue.topLevelExec(ForkJoinPool.java:1020)
	at java.base/java.util.concurrent.ForkJoinPool.scan(ForkJoinPool.java:1656)
	at java.base/java.util.concurrent.ForkJoinPool.runWorker(ForkJoinPool.java:1594)
	at java.base/java.util.concurrent.ForkJoinWorkerThread.run(ForkJoinWorkerThread.java:183)
Caused by: org.eclipse.lsp4j.jsonrpc.JsonRpcException: java.io.IOException: 파이프가 닫히는 중입니다
	at org.eclipse.lsp4j.jsonrpc.json.StreamMessageConsumer.consume(StreamMessageConsumer.java:72)
	at org.eclipse.lsp4e.LanguageServerWrapper.lambda$4(LanguageServerWrapper.java:260)
	at org.eclipse.lsp4j.jsonrpc.RemoteEndpoint.request(RemoteEndpoint.java:161)
	at org.eclipse.lsp4j.jsonrpc.services.EndpointProxy.invoke(EndpointProxy.java:91)
	at com.sun.proxy.$Proxy66.shutdown(Unknown Source)
	at org.eclipse.lsp4e.LanguageServerWrapper.lambda$13(LanguageServerWrapper.java:423)
	... 7 more
Caused by: java.io.IOException: 파이프가 닫히는 중입니다
	at java.base/java.io.FileOutputStream.writeBytes(Native Method)
	at java.base/java.io.FileOutputStream.write(FileOutputStream.java:354)
	at java.base/java.io.BufferedOutputStream.flushBuffer(BufferedOutputStream.java:81)
	at java.base/java.io.BufferedOutputStream.flush(BufferedOutputStream.java:142)
	at org.eclipse.lsp4j.jsonrpc.json.StreamMessageConsumer.consume(StreamMessageConsumer.java:69)
	... 12 more

!ENTRY org.springframework.tooling.ls.eclipse.commons 1 0 2025-06-19 16:52:08.355
!MESSAGE Entering DelegatingStreamConnectionProvider()

!ENTRY org.eclipse.lsp4e 4 0 2025-06-19 16:52:08.355
!MESSAGE org.eclipse.lsp4j.jsonrpc.JsonRpcException: java.io.IOException: 파이프가 닫히는 중입니다
!STACK 0
java.util.concurrent.ExecutionException: org.eclipse.lsp4j.jsonrpc.JsonRpcException: java.io.IOException: 파이프가 닫히는 중입니다
	at java.base/java.util.concurrent.CompletableFuture.reportGet(CompletableFuture.java:395)
	at java.base/java.util.concurrent.CompletableFuture.get(CompletableFuture.java:2028)
	at org.eclipse.lsp4e.LanguageServerWrapper.lambda$13(LanguageServerWrapper.java:425)
	at java.base/java.util.concurrent.CompletableFuture$AsyncRun.run(CompletableFuture.java:1736)
	at java.base/java.util.concurrent.CompletableFuture$AsyncRun.exec(CompletableFuture.java:1728)
	at java.base/java.util.concurrent.ForkJoinTask.doExec(ForkJoinTask.java:290)
	at java.base/java.util.concurrent.ForkJoinPool$WorkQueue.topLevelExec(ForkJoinPool.java:1020)
	at java.base/java.util.concurrent.ForkJoinPool.scan(ForkJoinPool.java:1656)
	at java.base/java.util.concurrent.ForkJoinPool.runWorker(ForkJoinPool.java:1594)
	at java.base/java.util.concurrent.ForkJoinWorkerThread.run(ForkJoinWorkerThread.java:183)
Caused by: org.eclipse.lsp4j.jsonrpc.JsonRpcException: java.io.IOException: 파이프가 닫히는 중입니다
	at org.eclipse.lsp4j.jsonrpc.json.StreamMessageConsumer.consume(StreamMessageConsumer.java:72)
	at org.eclipse.lsp4e.LanguageServerWrapper.lambda$4(LanguageServerWrapper.java:260)
	at org.eclipse.lsp4j.jsonrpc.RemoteEndpoint.request(RemoteEndpoint.java:161)
	at org.eclipse.lsp4j.jsonrpc.services.EndpointProxy.invoke(EndpointProxy.java:91)
	at com.sun.proxy.$Proxy66.shutdown(Unknown Source)
	at org.eclipse.lsp4e.LanguageServerWrapper.lambda$13(LanguageServerWrapper.java:423)
	... 7 more
Caused by: java.io.IOException: 파이프가 닫히는 중입니다
	at java.base/java.io.FileOutputStream.writeBytes(Native Method)
	at java.base/java.io.FileOutputStream.write(FileOutputStream.java:354)
	at java.base/java.io.BufferedOutputStream.flushBuffer(BufferedOutputStream.java:81)
	at java.base/java.io.BufferedOutputStream.flush(BufferedOutputStream.java:142)
	at org.eclipse.lsp4j.jsonrpc.json.StreamMessageConsumer.consume(StreamMessageConsumer.java:69)
	... 12 more

!ENTRY org.springframework.tooling.ls.eclipse.commons 1 0 2025-06-19 16:52:08.355
!MESSAGE Entering DelegatingStreamConnectionProvider()

!ENTRY org.eclipse.lsp4e 4 0 2025-06-19 16:52:08.356
!MESSAGE org.eclipse.lsp4j.jsonrpc.JsonRpcException: java.io.IOException: 파이프가 닫히는 중입니다
!STACK 0
java.util.concurrent.ExecutionException: org.eclipse.lsp4j.jsonrpc.JsonRpcException: java.io.IOException: 파이프가 닫히는 중입니다
	at java.base/java.util.concurrent.CompletableFuture.reportGet(CompletableFuture.java:395)
	at java.base/java.util.concurrent.CompletableFuture.get(CompletableFuture.java:2028)
	at org.eclipse.lsp4e.LanguageServerWrapper.lambda$13(LanguageServerWrapper.java:425)
	at java.base/java.util.concurrent.CompletableFuture$AsyncRun.run(CompletableFuture.java:1736)
	at java.base/java.util.concurrent.CompletableFuture$AsyncRun.exec(CompletableFuture.java:1728)
	at java.base/java.util.concurrent.ForkJoinTask.doExec(ForkJoinTask.java:290)
	at java.base/java.util.concurrent.ForkJoinPool$WorkQueue.topLevelExec(ForkJoinPool.java:1020)
	at java.base/java.util.concurrent.ForkJoinPool.scan(ForkJoinPool.java:1656)
	at java.base/java.util.concurrent.ForkJoinPool.runWorker(ForkJoinPool.java:1594)
	at java.base/java.util.concurrent.ForkJoinWorkerThread.run(ForkJoinWorkerThread.java:183)
Caused by: org.eclipse.lsp4j.jsonrpc.JsonRpcException: java.io.IOException: 파이프가 닫히는 중입니다
	at org.eclipse.lsp4j.jsonrpc.json.StreamMessageConsumer.consume(StreamMessageConsumer.java:72)
	at org.eclipse.lsp4e.LanguageServerWrapper.lambda$4(LanguageServerWrapper.java:260)
	at org.eclipse.lsp4j.jsonrpc.RemoteEndpoint.request(RemoteEndpoint.java:161)
	at org.eclipse.lsp4j.jsonrpc.services.EndpointProxy.invoke(EndpointProxy.java:91)
	at com.sun.proxy.$Proxy66.shutdown(Unknown Source)
	at org.eclipse.lsp4e.LanguageServerWrapper.lambda$13(LanguageServerWrapper.java:423)
	... 7 more
Caused by: java.io.IOException: 파이프가 닫히는 중입니다
	at java.base/java.io.FileOutputStream.writeBytes(Native Method)
	at java.base/java.io.FileOutputStream.write(FileOutputStream.java:354)
	at java.base/java.io.BufferedOutputStream.flushBuffer(BufferedOutputStream.java:81)
	at java.base/java.io.BufferedOutputStream.flush(BufferedOutputStream.java:142)
	at org.eclipse.lsp4j.jsonrpc.json.StreamMessageConsumer.consume(StreamMessageConsumer.java:69)
	... 12 more

!ENTRY org.springframework.tooling.ls.eclipse.commons 1 0 2025-06-19 16:52:08.356
!MESSAGE Entering DelegatingStreamConnectionProvider()

!ENTRY org.springframework.tooling.ls.eclipse.commons 1 0 2025-06-19 16:52:08.356
!MESSAGE Entering DelegatingStreamConnectionProvider()

!ENTRY org.eclipse.lsp4e 4 0 2025-06-19 16:52:08.356
!MESSAGE org.eclipse.lsp4j.jsonrpc.JsonRpcException: java.io.IOException: 파이프가 닫히는 중입니다
!STACK 0
java.util.concurrent.ExecutionException: org.eclipse.lsp4j.jsonrpc.JsonRpcException: java.io.IOException: 파이프가 닫히는 중입니다
	at java.base/java.util.concurrent.CompletableFuture.reportGet(CompletableFuture.java:395)
	at java.base/java.util.concurrent.CompletableFuture.get(CompletableFuture.java:2028)
	at org.eclipse.lsp4e.LanguageServerWrapper.lambda$13(LanguageServerWrapper.java:425)
	at java.base/java.util.concurrent.CompletableFuture$AsyncRun.run(CompletableFuture.java:1736)
	at java.base/java.util.concurrent.CompletableFuture$AsyncRun.exec(CompletableFuture.java:1728)
	at java.base/java.util.concurrent.ForkJoinTask.doExec(ForkJoinTask.java:290)
	at java.base/java.util.concurrent.ForkJoinPool$WorkQueue.topLevelExec(ForkJoinPool.java:1020)
	at java.base/java.util.concurrent.ForkJoinPool.scan(ForkJoinPool.java:1656)
	at java.base/java.util.concurrent.ForkJoinPool.runWorker(ForkJoinPool.java:1594)
	at java.base/java.util.concurrent.ForkJoinWorkerThread.run(ForkJoinWorkerThread.java:183)
Caused by: org.eclipse.lsp4j.jsonrpc.JsonRpcException: java.io.IOException: 파이프가 닫히는 중입니다
	at org.eclipse.lsp4j.jsonrpc.json.StreamMessageConsumer.consume(StreamMessageConsumer.java:72)
	at org.eclipse.lsp4e.LanguageServerWrapper.lambda$4(LanguageServerWrapper.java:260)
	at org.eclipse.lsp4j.jsonrpc.RemoteEndpoint.request(RemoteEndpoint.java:161)
	at org.eclipse.lsp4j.jsonrpc.services.EndpointProxy.invoke(EndpointProxy.java:91)
	at com.sun.proxy.$Proxy66.shutdown(Unknown Source)
	at org.eclipse.lsp4e.LanguageServerWrapper.lambda$13(LanguageServerWrapper.java:423)
	... 7 more
Caused by: java.io.IOException: 파이프가 닫히는 중입니다
	at java.base/java.io.FileOutputStream.writeBytes(Native Method)
	at java.base/java.io.FileOutputStream.write(FileOutputStream.java:354)
	at java.base/java.io.BufferedOutputStream.flushBuffer(BufferedOutputStream.java:81)
	at java.base/java.io.BufferedOutputStream.flush(BufferedOutputStream.java:142)
	at org.eclipse.lsp4j.jsonrpc.json.StreamMessageConsumer.consume(StreamMessageConsumer.java:69)
	... 12 more

!ENTRY org.springframework.tooling.ls.eclipse.commons 1 0 2025-06-19 16:52:08.356
!MESSAGE Entering DelegatingStreamConnectionProvider()

!ENTRY org.eclipse.lsp4e 4 0 2025-06-19 16:52:08.356
!MESSAGE org.eclipse.lsp4j.jsonrpc.JsonRpcException: java.io.IOException: 파이프가 닫히는 중입니다
!STACK 0
java.util.concurrent.ExecutionException: org.eclipse.lsp4j.jsonrpc.JsonRpcException: java.io.IOException: 파이프가 닫히는 중입니다
	at java.base/java.util.concurrent.CompletableFuture.reportGet(CompletableFuture.java:395)
	at java.base/java.util.concurrent.CompletableFuture.get(CompletableFuture.java:2028)
	at org.eclipse.lsp4e.LanguageServerWrapper.lambda$13(LanguageServerWrapper.java:425)
	at java.base/java.util.concurrent.CompletableFuture$AsyncRun.run(CompletableFuture.java:1736)
	at java.base/java.util.concurrent.CompletableFuture$AsyncRun.exec(CompletableFuture.java:1728)
	at java.base/java.util.concurrent.ForkJoinTask.doExec(ForkJoinTask.java:290)
	at java.base/java.util.concurrent.ForkJoinPool$WorkQueue.topLevelExec(ForkJoinPool.java:1020)
	at java.base/java.util.concurrent.ForkJoinPool.scan(ForkJoinPool.java:1656)
	at java.base/java.util.concurrent.ForkJoinPool.runWorker(ForkJoinPool.java:1594)
	at java.base/java.util.concurrent.ForkJoinWorkerThread.run(ForkJoinWorkerThread.java:183)
Caused by: org.eclipse.lsp4j.jsonrpc.JsonRpcException: java.io.IOException: 파이프가 닫히는 중입니다
	at org.eclipse.lsp4j.jsonrpc.json.StreamMessageConsumer.consume(StreamMessageConsumer.java:72)
	at org.eclipse.lsp4e.LanguageServerWrapper.lambda$4(LanguageServerWrapper.java:260)
	at org.eclipse.lsp4j.jsonrpc.RemoteEndpoint.request(RemoteEndpoint.java:161)
	at org.eclipse.lsp4j.jsonrpc.services.EndpointProxy.invoke(EndpointProxy.java:91)
	at com.sun.proxy.$Proxy66.shutdown(Unknown Source)
	at org.eclipse.lsp4e.LanguageServerWrapper.lambda$13(LanguageServerWrapper.java:423)
	... 7 more
Caused by: java.io.IOException: 파이프가 닫히는 중입니다
	at java.base/java.io.FileOutputStream.writeBytes(Native Method)
	at java.base/java.io.FileOutputStream.write(FileOutputStream.java:354)
	at java.base/java.io.BufferedOutputStream.flushBuffer(BufferedOutputStream.java:81)
	at java.base/java.io.BufferedOutputStream.flush(BufferedOutputStream.java:142)
	at org.eclipse.lsp4j.jsonrpc.json.StreamMessageConsumer.consume(StreamMessageConsumer.java:69)
	... 12 more

!ENTRY org.springframework.tooling.ls.eclipse.commons 1 0 2025-06-19 16:52:08.356
!MESSAGE DelegatingStreamConnectionProvider classloader = org.eclipse.osgi.internal.loader.EquinoxClassLoader@56fdb4db[org.springframework.tooling.boot.ls:1.28.0.202109130547(id=1001)]

!ENTRY org.springframework.tooling.ls.eclipse.commons 1 0 2025-06-19 16:52:08.357
!MESSAGE Entering DelegatingStreamConnectionProvider()

!ENTRY org.springframework.tooling.ls.eclipse.commons 1 0 2025-06-19 16:52:08.357
!MESSAGE DelegatingStreamConnectionProvider classloader = org.eclipse.osgi.internal.loader.EquinoxClassLoader@56fdb4db[org.springframework.tooling.boot.ls:1.28.0.202109130547(id=1001)]

!ENTRY org.springframework.tooling.ls.eclipse.commons 1 0 2025-06-19 16:52:08.357
!MESSAGE DelegatingStreamConnectionProvider classloader = org.eclipse.osgi.internal.loader.EquinoxClassLoader@56fdb4db[org.springframework.tooling.boot.ls:1.28.0.202109130547(id=1001)]

!ENTRY org.eclipse.lsp4e 4 0 2025-06-19 16:52:08.357
!MESSAGE org.eclipse.lsp4j.jsonrpc.JsonRpcException: java.io.IOException: 파이프가 닫히는 중입니다
!STACK 0
java.util.concurrent.ExecutionException: org.eclipse.lsp4j.jsonrpc.JsonRpcException: java.io.IOException: 파이프가 닫히는 중입니다
	at java.base/java.util.concurrent.CompletableFuture.reportGet(CompletableFuture.java:395)
	at java.base/java.util.concurrent.CompletableFuture.get(CompletableFuture.java:2028)
	at org.eclipse.lsp4e.LanguageServerWrapper.lambda$13(LanguageServerWrapper.java:425)
	at java.base/java.util.concurrent.CompletableFuture$AsyncRun.run(CompletableFuture.java:1736)
	at java.base/java.util.concurrent.CompletableFuture$AsyncRun.exec(CompletableFuture.java:1728)
	at java.base/java.util.concurrent.ForkJoinTask.doExec(ForkJoinTask.java:290)
	at java.base/java.util.concurrent.ForkJoinPool$WorkQueue.topLevelExec(ForkJoinPool.java:1020)
	at java.base/java.util.concurrent.ForkJoinPool.scan(ForkJoinPool.java:1656)
	at java.base/java.util.concurrent.ForkJoinPool.runWorker(ForkJoinPool.java:1594)
	at java.base/java.util.concurrent.ForkJoinWorkerThread.run(ForkJoinWorkerThread.java:183)
Caused by: org.eclipse.lsp4j.jsonrpc.JsonRpcException: java.io.IOException: 파이프가 닫히는 중입니다
	at org.eclipse.lsp4j.jsonrpc.json.StreamMessageConsumer.consume(StreamMessageConsumer.java:72)
	at org.eclipse.lsp4e.LanguageServerWrapper.lambda$4(LanguageServerWrapper.java:260)
	at org.eclipse.lsp4j.jsonrpc.RemoteEndpoint.request(RemoteEndpoint.java:161)
	at org.eclipse.lsp4j.jsonrpc.services.EndpointProxy.invoke(EndpointProxy.java:91)
	at com.sun.proxy.$Proxy66.shutdown(Unknown Source)
	at org.eclipse.lsp4e.LanguageServerWrapper.lambda$13(LanguageServerWrapper.java:423)
	... 7 more
Caused by: java.io.IOException: 파이프가 닫히는 중입니다
	at java.base/java.io.FileOutputStream.writeBytes(Native Method)
	at java.base/java.io.FileOutputStream.write(FileOutputStream.java:354)
	at java.base/java.io.BufferedOutputStream.flushBuffer(BufferedOutputStream.java:81)
	at java.base/java.io.BufferedOutputStream.flush(BufferedOutputStream.java:142)
	at org.eclipse.lsp4j.jsonrpc.json.StreamMessageConsumer.consume(StreamMessageConsumer.java:69)
	... 12 more

!ENTRY org.springframework.tooling.ls.eclipse.commons 1 0 2025-06-19 16:52:08.357
!MESSAGE DelegatingStreamConnectionProvider classloader = org.eclipse.osgi.internal.loader.EquinoxClassLoader@56fdb4db[org.springframework.tooling.boot.ls:1.28.0.202109130547(id=1001)]

!ENTRY org.springframework.tooling.ls.eclipse.commons 1 0 2025-06-19 16:52:08.357
!MESSAGE Entering DelegatingStreamConnectionProvider()

!ENTRY org.springframework.tooling.ls.eclipse.commons 1 0 2025-06-19 16:52:08.357
!MESSAGE Entering DelegatingStreamConnectionProvider()

!ENTRY org.springframework.tooling.ls.eclipse.commons 1 0 2025-06-19 16:52:08.357
!MESSAGE DelegatingStreamConnectionProvider classloader = org.eclipse.osgi.internal.loader.EquinoxClassLoader@56fdb4db[org.springframework.tooling.boot.ls:1.28.0.202109130547(id=1001)]

!ENTRY org.springframework.tooling.ls.eclipse.commons 1 0 2025-06-19 16:52:08.359
!MESSAGE Entering DelegatingStreamConnectionProvider()

!ENTRY org.eclipse.lsp4e 4 0 2025-06-19 16:52:08.359
!MESSAGE org.eclipse.lsp4j.jsonrpc.JsonRpcException: java.io.IOException: 파이프가 닫히는 중입니다
!STACK 0
java.util.concurrent.ExecutionException: org.eclipse.lsp4j.jsonrpc.JsonRpcException: java.io.IOException: 파이프가 닫히는 중입니다
	at java.base/java.util.concurrent.CompletableFuture.reportGet(CompletableFuture.java:395)
	at java.base/java.util.concurrent.CompletableFuture.get(CompletableFuture.java:2028)
	at org.eclipse.lsp4e.LanguageServerWrapper.lambda$13(LanguageServerWrapper.java:425)
	at java.base/java.util.concurrent.CompletableFuture$AsyncRun.run(CompletableFuture.java:1736)
	at java.base/java.util.concurrent.CompletableFuture$AsyncRun.exec(CompletableFuture.java:1728)
	at java.base/java.util.concurrent.ForkJoinTask.doExec(ForkJoinTask.java:290)
	at java.base/java.util.concurrent.ForkJoinPool$WorkQueue.topLevelExec(ForkJoinPool.java:1020)
	at java.base/java.util.concurrent.ForkJoinPool.scan(ForkJoinPool.java:1656)
	at java.base/java.util.concurrent.ForkJoinPool.runWorker(ForkJoinPool.java:1594)
	at java.base/java.util.concurrent.ForkJoinWorkerThread.run(ForkJoinWorkerThread.java:183)
Caused by: org.eclipse.lsp4j.jsonrpc.JsonRpcException: java.io.IOException: 파이프가 닫히는 중입니다
	at org.eclipse.lsp4j.jsonrpc.json.StreamMessageConsumer.consume(StreamMessageConsumer.java:72)
	at org.eclipse.lsp4e.LanguageServerWrapper.lambda$4(LanguageServerWrapper.java:260)
	at org.eclipse.lsp4j.jsonrpc.RemoteEndpoint.request(RemoteEndpoint.java:161)
	at org.eclipse.lsp4j.jsonrpc.services.EndpointProxy.invoke(EndpointProxy.java:91)
	at com.sun.proxy.$Proxy66.shutdown(Unknown Source)
	at org.eclipse.lsp4e.LanguageServerWrapper.lambda$13(LanguageServerWrapper.java:423)
	... 7 more
Caused by: java.io.IOException: 파이프가 닫히는 중입니다
	at java.base/java.io.FileOutputStream.writeBytes(Native Method)
	at java.base/java.io.FileOutputStream.write(FileOutputStream.java:354)
	at java.base/java.io.BufferedOutputStream.flushBuffer(BufferedOutputStream.java:81)
	at java.base/java.io.BufferedOutputStream.flush(BufferedOutputStream.java:142)
	at org.eclipse.lsp4j.jsonrpc.json.StreamMessageConsumer.consume(StreamMessageConsumer.java:69)
	... 12 more

!ENTRY org.springframework.tooling.ls.eclipse.commons 1 0 2025-06-19 16:52:08.359
!MESSAGE DelegatingStreamConnectionProvider classloader = org.eclipse.osgi.internal.loader.EquinoxClassLoader@56fdb4db[org.springframework.tooling.boot.ls:1.28.0.202109130547(id=1001)]

!ENTRY org.springframework.tooling.ls.eclipse.commons 1 0 2025-06-19 16:52:08.359
!MESSAGE Entering DelegatingStreamConnectionProvider()

!ENTRY org.springframework.tooling.ls.eclipse.commons 1 0 2025-06-19 16:52:08.359
!MESSAGE DelegatingStreamConnectionProvider classloader = org.eclipse.osgi.internal.loader.EquinoxClassLoader@56fdb4db[org.springframework.tooling.boot.ls:1.28.0.202109130547(id=1001)]

!ENTRY org.eclipse.lsp4e 4 0 2025-06-19 16:52:08.359
!MESSAGE org.eclipse.lsp4j.jsonrpc.JsonRpcException: java.io.IOException: 파이프가 닫히는 중입니다
!STACK 0
java.util.concurrent.ExecutionException: org.eclipse.lsp4j.jsonrpc.JsonRpcException: java.io.IOException: 파이프가 닫히는 중입니다
	at java.base/java.util.concurrent.CompletableFuture.reportGet(CompletableFuture.java:395)
	at java.base/java.util.concurrent.CompletableFuture.get(CompletableFuture.java:2028)
	at org.eclipse.lsp4e.LanguageServerWrapper.lambda$13(LanguageServerWrapper.java:425)
	at java.base/java.util.concurrent.CompletableFuture$AsyncRun.run(CompletableFuture.java:1736)
	at java.base/java.util.concurrent.CompletableFuture$AsyncRun.exec(CompletableFuture.java:1728)
	at java.base/java.util.concurrent.ForkJoinTask.doExec(ForkJoinTask.java:290)
	at java.base/java.util.concurrent.ForkJoinPool$WorkQueue.topLevelExec(ForkJoinPool.java:1020)
	at java.base/java.util.concurrent.ForkJoinPool.scan(ForkJoinPool.java:1656)
	at java.base/java.util.concurrent.ForkJoinPool.runWorker(ForkJoinPool.java:1594)
	at java.base/java.util.concurrent.ForkJoinWorkerThread.run(ForkJoinWorkerThread.java:183)
Caused by: org.eclipse.lsp4j.jsonrpc.JsonRpcException: java.io.IOException: 파이프가 닫히는 중입니다
	at org.eclipse.lsp4j.jsonrpc.json.StreamMessageConsumer.consume(StreamMessageConsumer.java:72)
	at org.eclipse.lsp4e.LanguageServerWrapper.lambda$4(LanguageServerWrapper.java:260)
	at org.eclipse.lsp4j.jsonrpc.RemoteEndpoint.request(RemoteEndpoint.java:161)
	at org.eclipse.lsp4j.jsonrpc.services.EndpointProxy.invoke(EndpointProxy.java:91)
	at com.sun.proxy.$Proxy66.shutdown(Unknown Source)
	at org.eclipse.lsp4e.LanguageServerWrapper.lambda$13(LanguageServerWrapper.java:423)
	... 7 more
Caused by: java.io.IOException: 파이프가 닫히는 중입니다
	at java.base/java.io.FileOutputStream.writeBytes(Native Method)
	at java.base/java.io.FileOutputStream.write(FileOutputStream.java:354)
	at java.base/java.io.BufferedOutputStream.flushBuffer(BufferedOutputStream.java:81)
	at java.base/java.io.BufferedOutputStream.flush(BufferedOutputStream.java:142)
	at org.eclipse.lsp4j.jsonrpc.json.StreamMessageConsumer.consume(StreamMessageConsumer.java:69)
	... 12 more

!ENTRY org.springframework.tooling.ls.eclipse.commons 1 0 2025-06-19 16:52:08.360
!MESSAGE SpringBootLanguageServer exists!

!ENTRY org.springframework.tooling.ls.eclipse.commons 1 0 2025-06-19 16:52:08.360
!MESSAGE DelegatingStreamConnectionProvider classloader = org.eclipse.osgi.internal.loader.EquinoxClassLoader@56fdb4db[org.springframework.tooling.boot.ls:1.28.0.202109130547(id=1001)]

!ENTRY org.eclipse.lsp4e 4 0 2025-06-19 16:52:08.360
!MESSAGE org.eclipse.lsp4j.jsonrpc.JsonRpcException: java.io.IOException: 파이프가 닫히는 중입니다
!STACK 0
java.util.concurrent.ExecutionException: org.eclipse.lsp4j.jsonrpc.JsonRpcException: java.io.IOException: 파이프가 닫히는 중입니다
	at java.base/java.util.concurrent.CompletableFuture.reportGet(CompletableFuture.java:395)
	at java.base/java.util.concurrent.CompletableFuture.get(CompletableFuture.java:2028)
	at org.eclipse.lsp4e.LanguageServerWrapper.lambda$13(LanguageServerWrapper.java:425)
	at java.base/java.util.concurrent.CompletableFuture$AsyncRun.run(CompletableFuture.java:1736)
	at java.base/java.util.concurrent.CompletableFuture$AsyncRun.exec(CompletableFuture.java:1728)
	at java.base/java.util.concurrent.ForkJoinTask.doExec(ForkJoinTask.java:290)
	at java.base/java.util.concurrent.ForkJoinPool$WorkQueue.topLevelExec(ForkJoinPool.java:1020)
	at java.base/java.util.concurrent.ForkJoinPool.scan(ForkJoinPool.java:1656)
	at java.base/java.util.concurrent.ForkJoinPool.runWorker(ForkJoinPool.java:1594)
	at java.base/java.util.concurrent.ForkJoinWorkerThread.run(ForkJoinWorkerThread.java:183)
Caused by: org.eclipse.lsp4j.jsonrpc.JsonRpcException: java.io.IOException: 파이프가 닫히는 중입니다
	at org.eclipse.lsp4j.jsonrpc.json.StreamMessageConsumer.consume(StreamMessageConsumer.java:72)
	at org.eclipse.lsp4e.LanguageServerWrapper.lambda$4(LanguageServerWrapper.java:260)
	at org.eclipse.lsp4j.jsonrpc.RemoteEndpoint.request(RemoteEndpoint.java:161)
	at org.eclipse.lsp4j.jsonrpc.services.EndpointProxy.invoke(EndpointProxy.java:91)
	at com.sun.proxy.$Proxy66.shutdown(Unknown Source)
	at org.eclipse.lsp4e.LanguageServerWrapper.lambda$13(LanguageServerWrapper.java:423)
	... 7 more
Caused by: java.io.IOException: 파이프가 닫히는 중입니다
	at java.base/java.io.FileOutputStream.writeBytes(Native Method)
	at java.base/java.io.FileOutputStream.write(FileOutputStream.java:354)
	at java.base/java.io.BufferedOutputStream.flushBuffer(BufferedOutputStream.java:81)
	at java.base/java.io.BufferedOutputStream.flush(BufferedOutputStream.java:142)
	at org.eclipse.lsp4j.jsonrpc.json.StreamMessageConsumer.consume(StreamMessageConsumer.java:69)
	... 12 more

!ENTRY org.springframework.tooling.ls.eclipse.commons 1 0 2025-06-19 16:52:08.360
!MESSAGE SpringBootLanguageServer exists!

!ENTRY org.springframework.tooling.ls.eclipse.commons 1 0 2025-06-19 16:52:08.360
!MESSAGE DelegatingStreamConnectionProvider classloader = org.eclipse.osgi.internal.loader.EquinoxClassLoader@56fdb4db[org.springframework.tooling.boot.ls:1.28.0.202109130547(id=1001)]

!ENTRY org.springframework.tooling.ls.eclipse.commons 1 0 2025-06-19 16:52:08.360
!MESSAGE SpringBootLanguageServer exists!

!ENTRY org.springframework.tooling.ls.eclipse.commons 1 0 2025-06-19 16:52:08.361
!MESSAGE DelegatingStreamConnectionProvider classloader = org.eclipse.osgi.internal.loader.EquinoxClassLoader@56fdb4db[org.springframework.tooling.boot.ls:1.28.0.202109130547(id=1001)]

!ENTRY org.springframework.tooling.ls.eclipse.commons 1 0 2025-06-19 16:52:08.361
!MESSAGE DelegatingStreamConnectionProvider classloader = org.eclipse.osgi.internal.loader.EquinoxClassLoader@56fdb4db[org.springframework.tooling.boot.ls:1.28.0.202109130547(id=1001)]

!ENTRY org.springframework.tooling.ls.eclipse.commons 1 0 2025-06-19 16:52:08.361
!MESSAGE SpringBootLanguageServer exists!

!ENTRY org.springframework.tooling.ls.eclipse.commons 1 0 2025-06-19 16:52:08.361
!MESSAGE SpringBootLanguageServer exists!

!ENTRY org.springframework.tooling.ls.eclipse.commons 1 0 2025-06-19 16:52:08.361
!MESSAGE SpringBootLanguageServer exists!

!ENTRY org.springframework.tooling.ls.eclipse.commons 1 0 2025-06-19 16:52:08.361
!MESSAGE DelegatingStreamConnectionProvider classloader = org.eclipse.osgi.internal.loader.EquinoxClassLoader@56fdb4db[org.springframework.tooling.boot.ls:1.28.0.202109130547(id=1001)]

!ENTRY org.springframework.tooling.ls.eclipse.commons 1 0 2025-06-19 16:52:08.362
!MESSAGE SpringBootLanguageServer exists!

!ENTRY org.eclipse.lsp4e 4 0 2025-06-19 16:52:08.362
!MESSAGE org.eclipse.lsp4j.jsonrpc.JsonRpcException: java.io.IOException: 파이프가 닫히는 중입니다
!STACK 0
java.util.concurrent.ExecutionException: org.eclipse.lsp4j.jsonrpc.JsonRpcException: java.io.IOException: 파이프가 닫히는 중입니다
	at java.base/java.util.concurrent.CompletableFuture.reportGet(CompletableFuture.java:395)
	at java.base/java.util.concurrent.CompletableFuture.get(CompletableFuture.java:2028)
	at org.eclipse.lsp4e.LanguageServerWrapper.lambda$13(LanguageServerWrapper.java:425)
	at java.base/java.util.concurrent.CompletableFuture$AsyncRun.run(CompletableFuture.java:1736)
	at java.base/java.util.concurrent.CompletableFuture$AsyncRun.exec(CompletableFuture.java:1728)
	at java.base/java.util.concurrent.ForkJoinTask.doExec(ForkJoinTask.java:290)
	at java.base/java.util.concurrent.ForkJoinPool$WorkQueue.topLevelExec(ForkJoinPool.java:1020)
	at java.base/java.util.concurrent.ForkJoinPool.scan(ForkJoinPool.java:1656)
	at java.base/java.util.concurrent.ForkJoinPool.runWorker(ForkJoinPool.java:1594)
	at java.base/java.util.concurrent.ForkJoinWorkerThread.run(ForkJoinWorkerThread.java:183)
Caused by: org.eclipse.lsp4j.jsonrpc.JsonRpcException: java.io.IOException: 파이프가 닫히는 중입니다
	at org.eclipse.lsp4j.jsonrpc.json.StreamMessageConsumer.consume(StreamMessageConsumer.java:72)
	at org.eclipse.lsp4e.LanguageServerWrapper.lambda$4(LanguageServerWrapper.java:260)
	at org.eclipse.lsp4j.jsonrpc.RemoteEndpoint.request(RemoteEndpoint.java:161)
	at org.eclipse.lsp4j.jsonrpc.services.EndpointProxy.invoke(EndpointProxy.java:91)
	at com.sun.proxy.$Proxy66.shutdown(Unknown Source)
	at org.eclipse.lsp4e.LanguageServerWrapper.lambda$13(LanguageServerWrapper.java:423)
	... 7 more
Caused by: java.io.IOException: 파이프가 닫히는 중입니다
	at java.base/java.io.FileOutputStream.writeBytes(Native Method)
	at java.base/java.io.FileOutputStream.write(FileOutputStream.java:354)
	at java.base/java.io.BufferedOutputStream.flushBuffer(BufferedOutputStream.java:81)
	at java.base/java.io.BufferedOutputStream.flush(BufferedOutputStream.java:142)
	at org.eclipse.lsp4j.jsonrpc.json.StreamMessageConsumer.consume(StreamMessageConsumer.java:69)
	... 12 more

!ENTRY org.springframework.tooling.ls.eclipse.commons 1 0 2025-06-19 16:52:08.362
!MESSAGE SpringBootLanguageServer exists!

!ENTRY org.springframework.tooling.ls.eclipse.commons 1 0 2025-06-19 16:52:08.362
!MESSAGE SpringBootLanguageServer exists!

!ENTRY org.springframework.tooling.ls.eclipse.commons 1 0 2025-06-19 16:52:08.362
!MESSAGE SpringBootLanguageServer exists!

!ENTRY org.springframework.tooling.ls.eclipse.commons 1 0 2025-06-19 16:52:08.362
!MESSAGE SpringBootLanguageServer exists!

!ENTRY org.eclipse.lsp4e 4 0 2025-06-19 16:52:08.363
!MESSAGE org.eclipse.lsp4j.jsonrpc.JsonRpcException: java.io.IOException: 파이프가 닫히는 중입니다
!STACK 0
java.util.concurrent.ExecutionException: org.eclipse.lsp4j.jsonrpc.JsonRpcException: java.io.IOException: 파이프가 닫히는 중입니다
	at java.base/java.util.concurrent.CompletableFuture.reportGet(CompletableFuture.java:395)
	at java.base/java.util.concurrent.CompletableFuture.get(CompletableFuture.java:2028)
	at org.eclipse.lsp4e.LanguageServerWrapper.lambda$13(LanguageServerWrapper.java:425)
	at java.base/java.util.concurrent.CompletableFuture$AsyncRun.run(CompletableFuture.java:1736)
	at java.base/java.util.concurrent.CompletableFuture$AsyncRun.exec(CompletableFuture.java:1728)
	at java.base/java.util.concurrent.ForkJoinTask.doExec(ForkJoinTask.java:290)
	at java.base/java.util.concurrent.ForkJoinPool$WorkQueue.topLevelExec(ForkJoinPool.java:1020)
	at java.base/java.util.concurrent.ForkJoinPool.scan(ForkJoinPool.java:1656)
	at java.base/java.util.concurrent.ForkJoinPool.runWorker(ForkJoinPool.java:1594)
	at java.base/java.util.concurrent.ForkJoinWorkerThread.run(ForkJoinWorkerThread.java:183)
Caused by: org.eclipse.lsp4j.jsonrpc.JsonRpcException: java.io.IOException: 파이프가 닫히는 중입니다
	at org.eclipse.lsp4j.jsonrpc.json.StreamMessageConsumer.consume(StreamMessageConsumer.java:72)
	at org.eclipse.lsp4e.LanguageServerWrapper.lambda$4(LanguageServerWrapper.java:260)
	at org.eclipse.lsp4j.jsonrpc.RemoteEndpoint.request(RemoteEndpoint.java:161)
	at org.eclipse.lsp4j.jsonrpc.services.EndpointProxy.invoke(EndpointProxy.java:91)
	at com.sun.proxy.$Proxy66.shutdown(Unknown Source)
	at org.eclipse.lsp4e.LanguageServerWrapper.lambda$13(LanguageServerWrapper.java:423)
	... 7 more
Caused by: java.io.IOException: 파이프가 닫히는 중입니다
	at java.base/java.io.FileOutputStream.writeBytes(Native Method)
	at java.base/java.io.FileOutputStream.write(FileOutputStream.java:354)
	at java.base/java.io.BufferedOutputStream.flushBuffer(BufferedOutputStream.java:81)
	at java.base/java.io.BufferedOutputStream.flush(BufferedOutputStream.java:142)
	at org.eclipse.lsp4j.jsonrpc.json.StreamMessageConsumer.consume(StreamMessageConsumer.java:69)
	... 12 more

!ENTRY org.springframework.tooling.ls.eclipse.commons 1 0 2025-06-19 16:52:08.363
!MESSAGE SpringBootLanguageServer exists!

!ENTRY org.springframework.tooling.ls.eclipse.commons 1 0 2025-06-19 16:52:08.363
!MESSAGE Entering DelegatingStreamConnectionProvider()

!ENTRY org.springframework.tooling.ls.eclipse.commons 1 0 2025-06-19 16:52:08.363
!MESSAGE Entering DelegatingStreamConnectionProvider()

!ENTRY org.eclipse.lsp4e 4 0 2025-06-19 16:52:08.363
!MESSAGE org.eclipse.lsp4j.jsonrpc.JsonRpcException: java.io.IOException: 파이프가 닫히는 중입니다
!STACK 0
java.util.concurrent.ExecutionException: org.eclipse.lsp4j.jsonrpc.JsonRpcException: java.io.IOException: 파이프가 닫히는 중입니다
	at java.base/java.util.concurrent.CompletableFuture.reportGet(CompletableFuture.java:395)
	at java.base/java.util.concurrent.CompletableFuture.get(CompletableFuture.java:2028)
	at org.eclipse.lsp4e.LanguageServerWrapper.lambda$13(LanguageServerWrapper.java:425)
	at java.base/java.util.concurrent.CompletableFuture$AsyncRun.run(CompletableFuture.java:1736)
	at java.base/java.util.concurrent.CompletableFuture$AsyncRun.exec(CompletableFuture.java:1728)
	at java.base/java.util.concurrent.ForkJoinTask.doExec(ForkJoinTask.java:290)
	at java.base/java.util.concurrent.ForkJoinPool$WorkQueue.topLevelExec(ForkJoinPool.java:1020)
	at java.base/java.util.concurrent.ForkJoinPool.scan(ForkJoinPool.java:1656)
	at java.base/java.util.concurrent.ForkJoinPool.runWorker(ForkJoinPool.java:1594)
	at java.base/java.util.concurrent.ForkJoinWorkerThread.run(ForkJoinWorkerThread.java:183)
Caused by: org.eclipse.lsp4j.jsonrpc.JsonRpcException: java.io.IOException: 파이프가 닫히는 중입니다
	at org.eclipse.lsp4j.jsonrpc.json.StreamMessageConsumer.consume(StreamMessageConsumer.java:72)
	at org.eclipse.lsp4e.LanguageServerWrapper.lambda$4(LanguageServerWrapper.java:260)
	at org.eclipse.lsp4j.jsonrpc.RemoteEndpoint.request(RemoteEndpoint.java:161)
	at org.eclipse.lsp4j.jsonrpc.services.EndpointProxy.invoke(EndpointProxy.java:91)
	at com.sun.proxy.$Proxy66.shutdown(Unknown Source)
	at org.eclipse.lsp4e.LanguageServerWrapper.lambda$13(LanguageServerWrapper.java:423)
	... 7 more
Caused by: java.io.IOException: 파이프가 닫히는 중입니다
	at java.base/java.io.FileOutputStream.writeBytes(Native Method)
	at java.base/java.io.FileOutputStream.write(FileOutputStream.java:354)
	at java.base/java.io.BufferedOutputStream.flushBuffer(BufferedOutputStream.java:81)
	at java.base/java.io.BufferedOutputStream.flush(BufferedOutputStream.java:142)
	at org.eclipse.lsp4j.jsonrpc.json.StreamMessageConsumer.consume(StreamMessageConsumer.java:69)
	... 12 more

!ENTRY org.springframework.tooling.ls.eclipse.commons 1 0 2025-06-19 16:52:08.364
!MESSAGE Entering DelegatingStreamConnectionProvider()

!ENTRY org.eclipse.lsp4e 4 0 2025-06-19 16:52:08.364
!MESSAGE org.eclipse.lsp4j.jsonrpc.JsonRpcException: java.io.IOException: 파이프가 닫히는 중입니다
!STACK 0
java.util.concurrent.ExecutionException: org.eclipse.lsp4j.jsonrpc.JsonRpcException: java.io.IOException: 파이프가 닫히는 중입니다
	at java.base/java.util.concurrent.CompletableFuture.reportGet(CompletableFuture.java:395)
	at java.base/java.util.concurrent.CompletableFuture.get(CompletableFuture.java:2028)
	at org.eclipse.lsp4e.LanguageServerWrapper.lambda$13(LanguageServerWrapper.java:425)
	at java.base/java.util.concurrent.CompletableFuture$AsyncRun.run(CompletableFuture.java:1736)
	at java.base/java.util.concurrent.CompletableFuture$AsyncRun.exec(CompletableFuture.java:1728)
	at java.base/java.util.concurrent.ForkJoinTask.doExec(ForkJoinTask.java:290)
	at java.base/java.util.concurrent.ForkJoinPool$WorkQueue.topLevelExec(ForkJoinPool.java:1020)
	at java.base/java.util.concurrent.ForkJoinPool.scan(ForkJoinPool.java:1656)
	at java.base/java.util.concurrent.ForkJoinPool.runWorker(ForkJoinPool.java:1594)
	at java.base/java.util.concurrent.ForkJoinWorkerThread.run(ForkJoinWorkerThread.java:183)
Caused by: org.eclipse.lsp4j.jsonrpc.JsonRpcException: java.io.IOException: 파이프가 닫히는 중입니다
	at org.eclipse.lsp4j.jsonrpc.json.StreamMessageConsumer.consume(StreamMessageConsumer.java:72)
	at org.eclipse.lsp4e.LanguageServerWrapper.lambda$4(LanguageServerWrapper.java:260)
	at org.eclipse.lsp4j.jsonrpc.RemoteEndpoint.request(RemoteEndpoint.java:161)
	at org.eclipse.lsp4j.jsonrpc.services.EndpointProxy.invoke(EndpointProxy.java:91)
	at com.sun.proxy.$Proxy66.shutdown(Unknown Source)
	at org.eclipse.lsp4e.LanguageServerWrapper.lambda$13(LanguageServerWrapper.java:423)
	... 7 more
Caused by: java.io.IOException: 파이프가 닫히는 중입니다
	at java.base/java.io.FileOutputStream.writeBytes(Native Method)
	at java.base/java.io.FileOutputStream.write(FileOutputStream.java:354)
	at java.base/java.io.BufferedOutputStream.flushBuffer(BufferedOutputStream.java:81)
	at java.base/java.io.BufferedOutputStream.flush(BufferedOutputStream.java:142)
	at org.eclipse.lsp4j.jsonrpc.json.StreamMessageConsumer.consume(StreamMessageConsumer.java:69)
	... 12 more

!ENTRY org.springframework.tooling.ls.eclipse.commons 1 0 2025-06-19 16:52:08.364
!MESSAGE DelegatingStreamConnectionProvider classloader = org.eclipse.osgi.internal.loader.EquinoxClassLoader@56fdb4db[org.springframework.tooling.boot.ls:1.28.0.202109130547(id=1001)]

!ENTRY org.springframework.tooling.ls.eclipse.commons 1 0 2025-06-19 16:52:08.364
!MESSAGE DelegatingStreamConnectionProvider classloader = org.eclipse.osgi.internal.loader.EquinoxClassLoader@56fdb4db[org.springframework.tooling.boot.ls:1.28.0.202109130547(id=1001)]

!ENTRY org.eclipse.lsp4e 4 0 2025-06-19 16:52:08.364
!MESSAGE org.eclipse.lsp4j.jsonrpc.JsonRpcException: java.io.IOException: 파이프가 닫히는 중입니다
!STACK 0
java.util.concurrent.ExecutionException: org.eclipse.lsp4j.jsonrpc.JsonRpcException: java.io.IOException: 파이프가 닫히는 중입니다
	at java.base/java.util.concurrent.CompletableFuture.reportGet(CompletableFuture.java:395)
	at java.base/java.util.concurrent.CompletableFuture.get(CompletableFuture.java:2028)
	at org.eclipse.lsp4e.LanguageServerWrapper.lambda$13(LanguageServerWrapper.java:425)
	at java.base/java.util.concurrent.CompletableFuture$AsyncRun.run(CompletableFuture.java:1736)
	at java.base/java.util.concurrent.CompletableFuture$AsyncRun.exec(CompletableFuture.java:1728)
	at java.base/java.util.concurrent.ForkJoinTask.doExec(ForkJoinTask.java:290)
	at java.base/java.util.concurrent.ForkJoinPool$WorkQueue.topLevelExec(ForkJoinPool.java:1020)
	at java.base/java.util.concurrent.ForkJoinPool.scan(ForkJoinPool.java:1656)
	at java.base/java.util.concurrent.ForkJoinPool.runWorker(ForkJoinPool.java:1594)
	at java.base/java.util.concurrent.ForkJoinWorkerThread.run(ForkJoinWorkerThread.java:183)
Caused by: org.eclipse.lsp4j.jsonrpc.JsonRpcException: java.io.IOException: 파이프가 닫히는 중입니다
	at org.eclipse.lsp4j.jsonrpc.json.StreamMessageConsumer.consume(StreamMessageConsumer.java:72)
	at org.eclipse.lsp4e.LanguageServerWrapper.lambda$4(LanguageServerWrapper.java:260)
	at org.eclipse.lsp4j.jsonrpc.RemoteEndpoint.request(RemoteEndpoint.java:161)
	at org.eclipse.lsp4j.jsonrpc.services.EndpointProxy.invoke(EndpointProxy.java:91)
	at com.sun.proxy.$Proxy66.shutdown(Unknown Source)
	at org.eclipse.lsp4e.LanguageServerWrapper.lambda$13(LanguageServerWrapper.java:423)
	... 7 more
Caused by: java.io.IOException: 파이프가 닫히는 중입니다
	at java.base/java.io.FileOutputStream.writeBytes(Native Method)
	at java.base/java.io.FileOutputStream.write(FileOutputStream.java:354)
	at java.base/java.io.BufferedOutputStream.flushBuffer(BufferedOutputStream.java:81)
	at java.base/java.io.BufferedOutputStream.flush(BufferedOutputStream.java:142)
	at org.eclipse.lsp4j.jsonrpc.json.StreamMessageConsumer.consume(StreamMessageConsumer.java:69)
	... 12 more

!ENTRY org.springframework.tooling.ls.eclipse.commons 1 0 2025-06-19 16:52:08.364
!MESSAGE SpringBootLanguageServer exists!

!ENTRY org.springframework.tooling.ls.eclipse.commons 1 0 2025-06-19 16:52:08.365
!MESSAGE Entering DelegatingStreamConnectionProvider()

!ENTRY org.springframework.tooling.ls.eclipse.commons 1 0 2025-06-19 16:52:08.365
!MESSAGE DelegatingStreamConnectionProvider classloader = org.eclipse.osgi.internal.loader.EquinoxClassLoader@56fdb4db[org.springframework.tooling.boot.ls:1.28.0.202109130547(id=1001)]

!ENTRY org.springframework.tooling.ls.eclipse.commons 1 0 2025-06-19 16:52:08.365
!MESSAGE DelegatingStreamConnectionProvider classloader = org.eclipse.osgi.internal.loader.EquinoxClassLoader@56fdb4db[org.springframework.tooling.boot.ls:1.28.0.202109130547(id=1001)]

!ENTRY org.springframework.tooling.ls.eclipse.commons 1 0 2025-06-19 16:52:08.365
!MESSAGE Entering DelegatingStreamConnectionProvider()

!ENTRY org.springframework.tooling.ls.eclipse.commons 1 0 2025-06-19 16:52:08.365
!MESSAGE SpringBootLanguageServer exists!

!ENTRY org.springframework.tooling.ls.eclipse.commons 1 0 2025-06-19 16:52:08.365
!MESSAGE DelegatingStreamConnectionProvider classloader = org.eclipse.osgi.internal.loader.EquinoxClassLoader@56fdb4db[org.springframework.tooling.boot.ls:1.28.0.202109130547(id=1001)]

!ENTRY org.springframework.tooling.ls.eclipse.commons 1 0 2025-06-19 16:52:08.365
!MESSAGE SpringBootLanguageServer exists!

!ENTRY org.springframework.tooling.ls.eclipse.commons 1 0 2025-06-19 16:52:08.366
!MESSAGE SpringBootLanguageServer exists!

!ENTRY org.springframework.tooling.ls.eclipse.commons 1 0 2025-06-19 16:52:08.366
!MESSAGE SpringBootLanguageServer exists!

!ENTRY org.eclipse.lsp4e 4 0 2025-06-19 16:52:08.366
!MESSAGE org.eclipse.lsp4j.jsonrpc.JsonRpcException: java.io.IOException: 파이프가 닫히는 중입니다
!STACK 0
java.util.concurrent.ExecutionException: org.eclipse.lsp4j.jsonrpc.JsonRpcException: java.io.IOException: 파이프가 닫히는 중입니다
	at java.base/java.util.concurrent.CompletableFuture.reportGet(CompletableFuture.java:395)
	at java.base/java.util.concurrent.CompletableFuture.get(CompletableFuture.java:2028)
	at org.eclipse.lsp4e.LanguageServerWrapper.lambda$13(LanguageServerWrapper.java:425)
	at java.base/java.util.concurrent.CompletableFuture$AsyncRun.run(CompletableFuture.java:1736)
	at java.base/java.util.concurrent.CompletableFuture$AsyncRun.exec(CompletableFuture.java:1728)
	at java.base/java.util.concurrent.ForkJoinTask.doExec(ForkJoinTask.java:290)
	at java.base/java.util.concurrent.ForkJoinPool$WorkQueue.topLevelExec(ForkJoinPool.java:1020)
	at java.base/java.util.concurrent.ForkJoinPool.scan(ForkJoinPool.java:1656)
	at java.base/java.util.concurrent.ForkJoinPool.runWorker(ForkJoinPool.java:1594)
	at java.base/java.util.concurrent.ForkJoinWorkerThread.run(ForkJoinWorkerThread.java:183)
Caused by: org.eclipse.lsp4j.jsonrpc.JsonRpcException: java.io.IOException: 파이프가 닫히는 중입니다
	at org.eclipse.lsp4j.jsonrpc.json.StreamMessageConsumer.consume(StreamMessageConsumer.java:72)
	at org.eclipse.lsp4e.LanguageServerWrapper.lambda$4(LanguageServerWrapper.java:260)
	at org.eclipse.lsp4j.jsonrpc.RemoteEndpoint.request(RemoteEndpoint.java:161)
	at org.eclipse.lsp4j.jsonrpc.services.EndpointProxy.invoke(EndpointProxy.java:91)
	at com.sun.proxy.$Proxy66.shutdown(Unknown Source)
	at org.eclipse.lsp4e.LanguageServerWrapper.lambda$13(LanguageServerWrapper.java:423)
	... 7 more
Caused by: java.io.IOException: 파이프가 닫히는 중입니다
	at java.base/java.io.FileOutputStream.writeBytes(Native Method)
	at java.base/java.io.FileOutputStream.write(FileOutputStream.java:354)
	at java.base/java.io.BufferedOutputStream.flushBuffer(BufferedOutputStream.java:81)
	at java.base/java.io.BufferedOutputStream.flush(BufferedOutputStream.java:142)
	at org.eclipse.lsp4j.jsonrpc.json.StreamMessageConsumer.consume(StreamMessageConsumer.java:69)
	... 12 more

!ENTRY org.springframework.tooling.ls.eclipse.commons 1 0 2025-06-19 16:52:08.367
!MESSAGE Entering DelegatingStreamConnectionProvider()

!ENTRY org.eclipse.lsp4e 4 0 2025-06-19 16:52:08.367
!MESSAGE org.eclipse.lsp4j.jsonrpc.JsonRpcException: java.io.IOException: 파이프가 닫히는 중입니다
!STACK 0
java.util.concurrent.ExecutionException: org.eclipse.lsp4j.jsonrpc.JsonRpcException: java.io.IOException: 파이프가 닫히는 중입니다
	at java.base/java.util.concurrent.CompletableFuture.reportGet(CompletableFuture.java:395)
	at java.base/java.util.concurrent.CompletableFuture.get(CompletableFuture.java:2028)
	at org.eclipse.lsp4e.LanguageServerWrapper.lambda$13(LanguageServerWrapper.java:425)
	at java.base/java.util.concurrent.CompletableFuture$AsyncRun.run(CompletableFuture.java:1736)
	at java.base/java.util.concurrent.CompletableFuture$AsyncRun.exec(CompletableFuture.java:1728)
	at java.base/java.util.concurrent.ForkJoinTask.doExec(ForkJoinTask.java:290)
	at java.base/java.util.concurrent.ForkJoinPool$WorkQueue.topLevelExec(ForkJoinPool.java:1020)
	at java.base/java.util.concurrent.ForkJoinPool.scan(ForkJoinPool.java:1656)
	at java.base/java.util.concurrent.ForkJoinPool.runWorker(ForkJoinPool.java:1594)
	at java.base/java.util.concurrent.ForkJoinWorkerThread.run(ForkJoinWorkerThread.java:183)
Caused by: org.eclipse.lsp4j.jsonrpc.JsonRpcException: java.io.IOException: 파이프가 닫히는 중입니다
	at org.eclipse.lsp4j.jsonrpc.json.StreamMessageConsumer.consume(StreamMessageConsumer.java:72)
	at org.eclipse.lsp4e.LanguageServerWrapper.lambda$4(LanguageServerWrapper.java:260)
	at org.eclipse.lsp4j.jsonrpc.RemoteEndpoint.request(RemoteEndpoint.java:161)
	at org.eclipse.lsp4j.jsonrpc.services.EndpointProxy.invoke(EndpointProxy.java:91)
	at com.sun.proxy.$Proxy66.shutdown(Unknown Source)
	at org.eclipse.lsp4e.LanguageServerWrapper.lambda$13(LanguageServerWrapper.java:423)
	... 7 more
Caused by: java.io.IOException: 파이프가 닫히는 중입니다
	at java.base/java.io.FileOutputStream.writeBytes(Native Method)
	at java.base/java.io.FileOutputStream.write(FileOutputStream.java:354)
	at java.base/java.io.BufferedOutputStream.flushBuffer(BufferedOutputStream.java:81)
	at java.base/java.io.BufferedOutputStream.flush(BufferedOutputStream.java:142)
	at org.eclipse.lsp4j.jsonrpc.json.StreamMessageConsumer.consume(StreamMessageConsumer.java:69)
	... 12 more

!ENTRY org.springframework.tooling.ls.eclipse.commons 1 0 2025-06-19 16:52:08.367
!MESSAGE DelegatingStreamConnectionProvider classloader = org.eclipse.osgi.internal.loader.EquinoxClassLoader@56fdb4db[org.springframework.tooling.boot.ls:1.28.0.202109130547(id=1001)]

!ENTRY org.springframework.tooling.ls.eclipse.commons 1 0 2025-06-19 16:52:08.367
!MESSAGE Entering DelegatingStreamConnectionProvider()

!ENTRY org.springframework.tooling.ls.eclipse.commons 1 0 2025-06-19 16:52:08.368
!MESSAGE SpringBootLanguageServer exists!

!ENTRY org.springframework.tooling.ls.eclipse.commons 1 0 2025-06-19 16:52:08.368
!MESSAGE DelegatingStreamConnectionProvider classloader = org.eclipse.osgi.internal.loader.EquinoxClassLoader@56fdb4db[org.springframework.tooling.boot.ls:1.28.0.202109130547(id=1001)]

!ENTRY org.springframework.tooling.ls.eclipse.commons 1 0 2025-06-19 16:52:08.368
!MESSAGE SpringBootLanguageServer exists!

!ENTRY org.springframework.tooling.ls.eclipse.commons 1 0 2025-06-19 16:52:08.409
!MESSAGE Entering DelegatingStreamConnectionProvider()

!ENTRY org.springframework.tooling.ls.eclipse.commons 1 0 2025-06-19 16:52:08.409
!MESSAGE Entering DelegatingStreamConnectionProvider()

!ENTRY org.springframework.tooling.ls.eclipse.commons 1 0 2025-06-19 16:52:08.409
!MESSAGE Entering DelegatingStreamConnectionProvider()

!ENTRY org.eclipse.lsp4e 4 0 2025-06-19 16:52:08.409
!MESSAGE org.eclipse.lsp4j.jsonrpc.JsonRpcException: java.io.IOException: 파이프가 닫히는 중입니다
!STACK 0
java.util.concurrent.ExecutionException: org.eclipse.lsp4j.jsonrpc.JsonRpcException: java.io.IOException: 파이프가 닫히는 중입니다
	at java.base/java.util.concurrent.CompletableFuture.reportGet(CompletableFuture.java:395)
	at java.base/java.util.concurrent.CompletableFuture.get(CompletableFuture.java:2028)
	at org.eclipse.lsp4e.LanguageServerWrapper.lambda$13(LanguageServerWrapper.java:425)
	at java.base/java.util.concurrent.CompletableFuture$AsyncRun.run(CompletableFuture.java:1736)
	at java.base/java.util.concurrent.CompletableFuture$AsyncRun.exec(CompletableFuture.java:1728)
	at java.base/java.util.concurrent.ForkJoinTask.doExec(ForkJoinTask.java:290)
	at java.base/java.util.concurrent.ForkJoinPool$WorkQueue.topLevelExec(ForkJoinPool.java:1020)
	at java.base/java.util.concurrent.ForkJoinPool.scan(ForkJoinPool.java:1656)
	at java.base/java.util.concurrent.ForkJoinPool.runWorker(ForkJoinPool.java:1594)
	at java.base/java.util.concurrent.ForkJoinWorkerThread.run(ForkJoinWorkerThread.java:183)
Caused by: org.eclipse.lsp4j.jsonrpc.JsonRpcException: java.io.IOException: 파이프가 닫히는 중입니다
	at org.eclipse.lsp4j.jsonrpc.json.StreamMessageConsumer.consume(StreamMessageConsumer.java:72)
	at org.eclipse.lsp4e.LanguageServerWrapper.lambda$4(LanguageServerWrapper.java:260)
	at org.eclipse.lsp4j.jsonrpc.RemoteEndpoint.request(RemoteEndpoint.java:161)
	at org.eclipse.lsp4j.jsonrpc.services.EndpointProxy.invoke(EndpointProxy.java:91)
	at com.sun.proxy.$Proxy66.shutdown(Unknown Source)
	at org.eclipse.lsp4e.LanguageServerWrapper.lambda$13(LanguageServerWrapper.java:423)
	... 7 more
Caused by: java.io.IOException: 파이프가 닫히는 중입니다
	at java.base/java.io.FileOutputStream.writeBytes(Native Method)
	at java.base/java.io.FileOutputStream.write(FileOutputStream.java:354)
	at java.base/java.io.BufferedOutputStream.flushBuffer(BufferedOutputStream.java:81)
	at java.base/java.io.BufferedOutputStream.flush(BufferedOutputStream.java:142)
	at org.eclipse.lsp4j.jsonrpc.json.StreamMessageConsumer.consume(StreamMessageConsumer.java:69)
	... 12 more

!ENTRY org.eclipse.lsp4e 4 0 2025-06-19 16:52:08.409
!MESSAGE org.eclipse.lsp4j.jsonrpc.JsonRpcException: java.io.IOException: 파이프가 닫히는 중입니다
!STACK 0
java.util.concurrent.ExecutionException: org.eclipse.lsp4j.jsonrpc.JsonRpcException: java.io.IOException: 파이프가 닫히는 중입니다
	at java.base/java.util.concurrent.CompletableFuture.reportGet(CompletableFuture.java:395)
	at java.base/java.util.concurrent.CompletableFuture.get(CompletableFuture.java:2028)
	at org.eclipse.lsp4e.LanguageServerWrapper.lambda$13(LanguageServerWrapper.java:425)
	at java.base/java.util.concurrent.CompletableFuture$AsyncRun.run(CompletableFuture.java:1736)
	at java.base/java.util.concurrent.CompletableFuture$AsyncRun.exec(CompletableFuture.java:1728)
	at java.base/java.util.concurrent.ForkJoinTask.doExec(ForkJoinTask.java:290)
	at java.base/java.util.concurrent.ForkJoinPool$WorkQueue.topLevelExec(ForkJoinPool.java:1020)
	at java.base/java.util.concurrent.ForkJoinPool.scan(ForkJoinPool.java:1656)
	at java.base/java.util.concurrent.ForkJoinPool.runWorker(ForkJoinPool.java:1594)
	at java.base/java.util.concurrent.ForkJoinWorkerThread.run(ForkJoinWorkerThread.java:183)
Caused by: org.eclipse.lsp4j.jsonrpc.JsonRpcException: java.io.IOException: 파이프가 닫히는 중입니다
	at org.eclipse.lsp4j.jsonrpc.json.StreamMessageConsumer.consume(StreamMessageConsumer.java:72)
	at org.eclipse.lsp4e.LanguageServerWrapper.lambda$4(LanguageServerWrapper.java:260)
	at org.eclipse.lsp4j.jsonrpc.RemoteEndpoint.request(RemoteEndpoint.java:161)
	at org.eclipse.lsp4j.jsonrpc.services.EndpointProxy.invoke(EndpointProxy.java:91)
	at com.sun.proxy.$Proxy66.shutdown(Unknown Source)
	at org.eclipse.lsp4e.LanguageServerWrapper.lambda$13(LanguageServerWrapper.java:423)
	... 7 more
Caused by: java.io.IOException: 파이프가 닫히는 중입니다
	at java.base/java.io.FileOutputStream.writeBytes(Native Method)
	at java.base/java.io.FileOutputStream.write(FileOutputStream.java:354)
	at java.base/java.io.BufferedOutputStream.flushBuffer(BufferedOutputStream.java:81)
	at java.base/java.io.BufferedOutputStream.flush(BufferedOutputStream.java:142)
	at org.eclipse.lsp4j.jsonrpc.json.StreamMessageConsumer.consume(StreamMessageConsumer.java:69)
	... 12 more

!ENTRY org.springframework.tooling.ls.eclipse.commons 1 0 2025-06-19 16:52:08.410
!MESSAGE Entering DelegatingStreamConnectionProvider()

!ENTRY org.eclipse.lsp4e 4 0 2025-06-19 16:52:08.410
!MESSAGE org.eclipse.lsp4j.jsonrpc.JsonRpcException: java.io.IOException: 파이프가 닫히는 중입니다
!STACK 0
java.util.concurrent.ExecutionException: org.eclipse.lsp4j.jsonrpc.JsonRpcException: java.io.IOException: 파이프가 닫히는 중입니다
	at java.base/java.util.concurrent.CompletableFuture.reportGet(CompletableFuture.java:395)
	at java.base/java.util.concurrent.CompletableFuture.get(CompletableFuture.java:2028)
	at org.eclipse.lsp4e.LanguageServerWrapper.lambda$13(LanguageServerWrapper.java:425)
	at java.base/java.util.concurrent.CompletableFuture$AsyncRun.run(CompletableFuture.java:1736)
	at java.base/java.util.concurrent.CompletableFuture$AsyncRun.exec(CompletableFuture.java:1728)
	at java.base/java.util.concurrent.ForkJoinTask.doExec(ForkJoinTask.java:290)
	at java.base/java.util.concurrent.ForkJoinPool$WorkQueue.topLevelExec(ForkJoinPool.java:1020)
	at java.base/java.util.concurrent.ForkJoinPool.scan(ForkJoinPool.java:1656)
	at java.base/java.util.concurrent.ForkJoinPool.runWorker(ForkJoinPool.java:1594)
	at java.base/java.util.concurrent.ForkJoinWorkerThread.run(ForkJoinWorkerThread.java:183)
Caused by: org.eclipse.lsp4j.jsonrpc.JsonRpcException: java.io.IOException: 파이프가 닫히는 중입니다
	at org.eclipse.lsp4j.jsonrpc.json.StreamMessageConsumer.consume(StreamMessageConsumer.java:72)
	at org.eclipse.lsp4e.LanguageServerWrapper.lambda$4(LanguageServerWrapper.java:260)
	at org.eclipse.lsp4j.jsonrpc.RemoteEndpoint.request(RemoteEndpoint.java:161)
	at org.eclipse.lsp4j.jsonrpc.services.EndpointProxy.invoke(EndpointProxy.java:91)
	at com.sun.proxy.$Proxy66.shutdown(Unknown Source)
	at org.eclipse.lsp4e.LanguageServerWrapper.lambda$13(LanguageServerWrapper.java:423)
	... 7 more
Caused by: java.io.IOException: 파이프가 닫히는 중입니다
	at java.base/java.io.FileOutputStream.writeBytes(Native Method)
	at java.base/java.io.FileOutputStream.write(FileOutputStream.java:354)
	at java.base/java.io.BufferedOutputStream.flushBuffer(BufferedOutputStream.java:81)
	at java.base/java.io.BufferedOutputStream.flush(BufferedOutputStream.java:142)
	at org.eclipse.lsp4j.jsonrpc.json.StreamMessageConsumer.consume(StreamMessageConsumer.java:69)
	... 12 more

!ENTRY org.eclipse.lsp4e 4 0 2025-06-19 16:52:08.410
!MESSAGE org.eclipse.lsp4j.jsonrpc.JsonRpcException: java.io.IOException: 파이프가 닫히는 중입니다
!STACK 0
java.util.concurrent.ExecutionException: org.eclipse.lsp4j.jsonrpc.JsonRpcException: java.io.IOException: 파이프가 닫히는 중입니다
	at java.base/java.util.concurrent.CompletableFuture.reportGet(CompletableFuture.java:395)
	at java.base/java.util.concurrent.CompletableFuture.get(CompletableFuture.java:2028)
	at org.eclipse.lsp4e.LanguageServerWrapper.lambda$13(LanguageServerWrapper.java:425)
	at java.base/java.util.concurrent.CompletableFuture$AsyncRun.run(CompletableFuture.java:1736)
	at java.base/java.util.concurrent.CompletableFuture$AsyncRun.exec(CompletableFuture.java:1728)
	at java.base/java.util.concurrent.ForkJoinTask.doExec(ForkJoinTask.java:290)
	at java.base/java.util.concurrent.ForkJoinPool$WorkQueue.topLevelExec(ForkJoinPool.java:1020)
	at java.base/java.util.concurrent.ForkJoinPool.scan(ForkJoinPool.java:1656)
	at java.base/java.util.concurrent.ForkJoinPool.runWorker(ForkJoinPool.java:1594)
	at java.base/java.util.concurrent.ForkJoinWorkerThread.run(ForkJoinWorkerThread.java:183)
Caused by: org.eclipse.lsp4j.jsonrpc.JsonRpcException: java.io.IOException: 파이프가 닫히는 중입니다
	at org.eclipse.lsp4j.jsonrpc.json.StreamMessageConsumer.consume(StreamMessageConsumer.java:72)
	at org.eclipse.lsp4e.LanguageServerWrapper.lambda$4(LanguageServerWrapper.java:260)
	at org.eclipse.lsp4j.jsonrpc.RemoteEndpoint.request(RemoteEndpoint.java:161)
	at org.eclipse.lsp4j.jsonrpc.services.EndpointProxy.invoke(EndpointProxy.java:91)
	at com.sun.proxy.$Proxy66.shutdown(Unknown Source)
	at org.eclipse.lsp4e.LanguageServerWrapper.lambda$13(LanguageServerWrapper.java:423)
	... 7 more
Caused by: java.io.IOException: 파이프가 닫히는 중입니다
	at java.base/java.io.FileOutputStream.writeBytes(Native Method)
	at java.base/java.io.FileOutputStream.write(FileOutputStream.java:354)
	at java.base/java.io.BufferedOutputStream.flushBuffer(BufferedOutputStream.java:81)
	at java.base/java.io.BufferedOutputStream.flush(BufferedOutputStream.java:142)
	at org.eclipse.lsp4j.jsonrpc.json.StreamMessageConsumer.consume(StreamMessageConsumer.java:69)
	... 12 more

!ENTRY org.springframework.tooling.ls.eclipse.commons 1 0 2025-06-19 16:52:08.410
!MESSAGE Entering DelegatingStreamConnectionProvider()

!ENTRY org.springframework.tooling.ls.eclipse.commons 1 0 2025-06-19 16:52:08.410
!MESSAGE Entering DelegatingStreamConnectionProvider()

!ENTRY org.eclipse.lsp4e 4 0 2025-06-19 16:52:08.411
!MESSAGE org.eclipse.lsp4j.jsonrpc.JsonRpcException: java.io.IOException: 파이프가 닫히는 중입니다
!STACK 0
java.util.concurrent.ExecutionException: org.eclipse.lsp4j.jsonrpc.JsonRpcException: java.io.IOException: 파이프가 닫히는 중입니다
	at java.base/java.util.concurrent.CompletableFuture.reportGet(CompletableFuture.java:395)
	at java.base/java.util.concurrent.CompletableFuture.get(CompletableFuture.java:2028)
	at org.eclipse.lsp4e.LanguageServerWrapper.lambda$13(LanguageServerWrapper.java:425)
	at java.base/java.util.concurrent.CompletableFuture$AsyncRun.run(CompletableFuture.java:1736)
	at java.base/java.util.concurrent.CompletableFuture$AsyncRun.exec(CompletableFuture.java:1728)
	at java.base/java.util.concurrent.ForkJoinTask.doExec(ForkJoinTask.java:290)
	at java.base/java.util.concurrent.ForkJoinPool$WorkQueue.topLevelExec(ForkJoinPool.java:1020)
	at java.base/java.util.concurrent.ForkJoinPool.scan(ForkJoinPool.java:1656)
	at java.base/java.util.concurrent.ForkJoinPool.runWorker(ForkJoinPool.java:1594)
	at java.base/java.util.concurrent.ForkJoinWorkerThread.run(ForkJoinWorkerThread.java:183)
Caused by: org.eclipse.lsp4j.jsonrpc.JsonRpcException: java.io.IOException: 파이프가 닫히는 중입니다
	at org.eclipse.lsp4j.jsonrpc.json.StreamMessageConsumer.consume(StreamMessageConsumer.java:72)
	at org.eclipse.lsp4e.LanguageServerWrapper.lambda$4(LanguageServerWrapper.java:260)
	at org.eclipse.lsp4j.jsonrpc.RemoteEndpoint.request(RemoteEndpoint.java:161)
	at org.eclipse.lsp4j.jsonrpc.services.EndpointProxy.invoke(EndpointProxy.java:91)
	at com.sun.proxy.$Proxy66.shutdown(Unknown Source)
	at org.eclipse.lsp4e.LanguageServerWrapper.lambda$13(LanguageServerWrapper.java:423)
	... 7 more
Caused by: java.io.IOException: 파이프가 닫히는 중입니다
	at java.base/java.io.FileOutputStream.writeBytes(Native Method)
	at java.base/java.io.FileOutputStream.write(FileOutputStream.java:354)
	at java.base/java.io.BufferedOutputStream.flushBuffer(BufferedOutputStream.java:81)
	at java.base/java.io.BufferedOutputStream.flush(BufferedOutputStream.java:142)
	at org.eclipse.lsp4j.jsonrpc.json.StreamMessageConsumer.consume(StreamMessageConsumer.java:69)
	... 12 more

!ENTRY org.springframework.tooling.ls.eclipse.commons 1 0 2025-06-19 16:52:08.411
!MESSAGE DelegatingStreamConnectionProvider classloader = org.eclipse.osgi.internal.loader.EquinoxClassLoader@56fdb4db[org.springframework.tooling.boot.ls:1.28.0.202109130547(id=1001)]

!ENTRY org.springframework.tooling.ls.eclipse.commons 1 0 2025-06-19 16:52:08.411
!MESSAGE DelegatingStreamConnectionProvider classloader = org.eclipse.osgi.internal.loader.EquinoxClassLoader@56fdb4db[org.springframework.tooling.boot.ls:1.28.0.202109130547(id=1001)]

!ENTRY org.eclipse.lsp4e 4 0 2025-06-19 16:52:08.411
!MESSAGE org.eclipse.lsp4j.jsonrpc.JsonRpcException: java.io.IOException: 파이프가 닫히는 중입니다
!STACK 0
java.util.concurrent.ExecutionException: org.eclipse.lsp4j.jsonrpc.JsonRpcException: java.io.IOException: 파이프가 닫히는 중입니다
	at java.base/java.util.concurrent.CompletableFuture.reportGet(CompletableFuture.java:395)
	at java.base/java.util.concurrent.CompletableFuture.get(CompletableFuture.java:2028)
	at org.eclipse.lsp4e.LanguageServerWrapper.lambda$13(LanguageServerWrapper.java:425)
	at java.base/java.util.concurrent.CompletableFuture$AsyncRun.run(CompletableFuture.java:1736)
	at java.base/java.util.concurrent.CompletableFuture$AsyncRun.exec(CompletableFuture.java:1728)
	at java.base/java.util.concurrent.ForkJoinTask.doExec(ForkJoinTask.java:290)
	at java.base/java.util.concurrent.ForkJoinPool$WorkQueue.topLevelExec(ForkJoinPool.java:1020)
	at java.base/java.util.concurrent.ForkJoinPool.scan(ForkJoinPool.java:1656)
	at java.base/java.util.concurrent.ForkJoinPool.runWorker(ForkJoinPool.java:1594)
	at java.base/java.util.concurrent.ForkJoinWorkerThread.run(ForkJoinWorkerThread.java:183)
Caused by: org.eclipse.lsp4j.jsonrpc.JsonRpcException: java.io.IOException: 파이프가 닫히는 중입니다
	at org.eclipse.lsp4j.jsonrpc.json.StreamMessageConsumer.consume(StreamMessageConsumer.java:72)
	at org.eclipse.lsp4e.LanguageServerWrapper.lambda$4(LanguageServerWrapper.java:260)
	at org.eclipse.lsp4j.jsonrpc.RemoteEndpoint.request(RemoteEndpoint.java:161)
	at org.eclipse.lsp4j.jsonrpc.services.EndpointProxy.invoke(EndpointProxy.java:91)
	at com.sun.proxy.$Proxy66.shutdown(Unknown Source)
	at org.eclipse.lsp4e.LanguageServerWrapper.lambda$13(LanguageServerWrapper.java:423)
	... 7 more
Caused by: java.io.IOException: 파이프가 닫히는 중입니다
	at java.base/java.io.FileOutputStream.writeBytes(Native Method)
	at java.base/java.io.FileOutputStream.write(FileOutputStream.java:354)
	at java.base/java.io.BufferedOutputStream.flushBuffer(BufferedOutputStream.java:81)
	at java.base/java.io.BufferedOutputStream.flush(BufferedOutputStream.java:142)
	at org.eclipse.lsp4j.jsonrpc.json.StreamMessageConsumer.consume(StreamMessageConsumer.java:69)
	... 12 more

!ENTRY org.springframework.tooling.ls.eclipse.commons 1 0 2025-06-19 16:52:08.411
!MESSAGE Entering DelegatingStreamConnectionProvider()

!ENTRY org.springframework.tooling.ls.eclipse.commons 1 0 2025-06-19 16:52:08.411
!MESSAGE DelegatingStreamConnectionProvider classloader = org.eclipse.osgi.internal.loader.EquinoxClassLoader@56fdb4db[org.springframework.tooling.boot.ls:1.28.0.202109130547(id=1001)]

!ENTRY org.eclipse.lsp4e 4 0 2025-06-19 16:52:08.411
!MESSAGE org.eclipse.lsp4j.jsonrpc.JsonRpcException: java.io.IOException: 파이프가 닫히는 중입니다
!STACK 0
java.util.concurrent.ExecutionException: org.eclipse.lsp4j.jsonrpc.JsonRpcException: java.io.IOException: 파이프가 닫히는 중입니다
	at java.base/java.util.concurrent.CompletableFuture.reportGet(CompletableFuture.java:395)
	at java.base/java.util.concurrent.CompletableFuture.get(CompletableFuture.java:2028)
	at org.eclipse.lsp4e.LanguageServerWrapper.lambda$13(LanguageServerWrapper.java:425)
	at java.base/java.util.concurrent.CompletableFuture$AsyncRun.run(CompletableFuture.java:1736)
	at java.base/java.util.concurrent.CompletableFuture$AsyncRun.exec(CompletableFuture.java:1728)
	at java.base/java.util.concurrent.ForkJoinTask.doExec(ForkJoinTask.java:290)
	at java.base/java.util.concurrent.ForkJoinPool$WorkQueue.topLevelExec(ForkJoinPool.java:1020)
	at java.base/java.util.concurrent.ForkJoinPool.scan(ForkJoinPool.java:1656)
	at java.base/java.util.concurrent.ForkJoinPool.runWorker(ForkJoinPool.java:1594)
	at java.base/java.util.concurrent.ForkJoinWorkerThread.run(ForkJoinWorkerThread.java:183)
Caused by: org.eclipse.lsp4j.jsonrpc.JsonRpcException: java.io.IOException: 파이프가 닫히는 중입니다
	at org.eclipse.lsp4j.jsonrpc.json.StreamMessageConsumer.consume(StreamMessageConsumer.java:72)
	at org.eclipse.lsp4e.LanguageServerWrapper.lambda$4(LanguageServerWrapper.java:260)
	at org.eclipse.lsp4j.jsonrpc.RemoteEndpoint.request(RemoteEndpoint.java:161)
	at org.eclipse.lsp4j.jsonrpc.services.EndpointProxy.invoke(EndpointProxy.java:91)
	at com.sun.proxy.$Proxy66.shutdown(Unknown Source)
	at org.eclipse.lsp4e.LanguageServerWrapper.lambda$13(LanguageServerWrapper.java:423)
	... 7 more
Caused by: java.io.IOException: 파이프가 닫히는 중입니다
	at java.base/java.io.FileOutputStream.writeBytes(Native Method)
	at java.base/java.io.FileOutputStream.write(FileOutputStream.java:354)
	at java.base/java.io.BufferedOutputStream.flushBuffer(BufferedOutputStream.java:81)
	at java.base/java.io.BufferedOutputStream.flush(BufferedOutputStream.java:142)
	at org.eclipse.lsp4j.jsonrpc.json.StreamMessageConsumer.consume(StreamMessageConsumer.java:69)
	... 12 more

!ENTRY org.springframework.tooling.ls.eclipse.commons 1 0 2025-06-19 16:52:08.412
!MESSAGE Entering DelegatingStreamConnectionProvider()

!ENTRY org.springframework.tooling.ls.eclipse.commons 1 0 2025-06-19 16:52:08.412
!MESSAGE DelegatingStreamConnectionProvider classloader = org.eclipse.osgi.internal.loader.EquinoxClassLoader@56fdb4db[org.springframework.tooling.boot.ls:1.28.0.202109130547(id=1001)]

!ENTRY org.springframework.tooling.ls.eclipse.commons 1 0 2025-06-19 16:52:08.412
!MESSAGE DelegatingStreamConnectionProvider classloader = org.eclipse.osgi.internal.loader.EquinoxClassLoader@56fdb4db[org.springframework.tooling.boot.ls:1.28.0.202109130547(id=1001)]

!ENTRY org.springframework.tooling.ls.eclipse.commons 1 0 2025-06-19 16:52:08.412
!MESSAGE DelegatingStreamConnectionProvider classloader = org.eclipse.osgi.internal.loader.EquinoxClassLoader@56fdb4db[org.springframework.tooling.boot.ls:1.28.0.202109130547(id=1001)]

!ENTRY org.eclipse.lsp4e 4 0 2025-06-19 16:52:08.412
!MESSAGE org.eclipse.lsp4j.jsonrpc.JsonRpcException: java.io.IOException: 파이프가 닫히는 중입니다
!STACK 0
java.util.concurrent.ExecutionException: org.eclipse.lsp4j.jsonrpc.JsonRpcException: java.io.IOException: 파이프가 닫히는 중입니다
	at java.base/java.util.concurrent.CompletableFuture.reportGet(CompletableFuture.java:395)
	at java.base/java.util.concurrent.CompletableFuture.get(CompletableFuture.java:2028)
	at org.eclipse.lsp4e.LanguageServerWrapper.lambda$13(LanguageServerWrapper.java:425)
	at java.base/java.util.concurrent.CompletableFuture$AsyncRun.run(CompletableFuture.java:1736)
	at java.base/java.util.concurrent.CompletableFuture$AsyncRun.exec(CompletableFuture.java:1728)
	at java.base/java.util.concurrent.ForkJoinTask.doExec(ForkJoinTask.java:290)
	at java.base/java.util.concurrent.ForkJoinPool$WorkQueue.topLevelExec(ForkJoinPool.java:1020)
	at java.base/java.util.concurrent.ForkJoinPool.scan(ForkJoinPool.java:1656)
	at java.base/java.util.concurrent.ForkJoinPool.runWorker(ForkJoinPool.java:1594)
	at java.base/java.util.concurrent.ForkJoinWorkerThread.run(ForkJoinWorkerThread.java:183)
Caused by: org.eclipse.lsp4j.jsonrpc.JsonRpcException: java.io.IOException: 파이프가 닫히는 중입니다
	at org.eclipse.lsp4j.jsonrpc.json.StreamMessageConsumer.consume(StreamMessageConsumer.java:72)
	at org.eclipse.lsp4e.LanguageServerWrapper.lambda$4(LanguageServerWrapper.java:260)
	at org.eclipse.lsp4j.jsonrpc.RemoteEndpoint.request(RemoteEndpoint.java:161)
	at org.eclipse.lsp4j.jsonrpc.services.EndpointProxy.invoke(EndpointProxy.java:91)
	at com.sun.proxy.$Proxy66.shutdown(Unknown Source)
	at org.eclipse.lsp4e.LanguageServerWrapper.lambda$13(LanguageServerWrapper.java:423)
	... 7 more
Caused by: java.io.IOException: 파이프가 닫히는 중입니다
	at java.base/java.io.FileOutputStream.writeBytes(Native Method)
	at java.base/java.io.FileOutputStream.write(FileOutputStream.java:354)
	at java.base/java.io.BufferedOutputStream.flushBuffer(BufferedOutputStream.java:81)
	at java.base/java.io.BufferedOutputStream.flush(BufferedOutputStream.java:142)
	at org.eclipse.lsp4j.jsonrpc.json.StreamMessageConsumer.consume(StreamMessageConsumer.java:69)
	... 12 more

!ENTRY org.eclipse.lsp4e 4 0 2025-06-19 16:52:08.412
!MESSAGE org.eclipse.lsp4j.jsonrpc.JsonRpcException: java.io.IOException: 파이프가 닫히는 중입니다
!STACK 0
java.util.concurrent.ExecutionException: org.eclipse.lsp4j.jsonrpc.JsonRpcException: java.io.IOException: 파이프가 닫히는 중입니다
	at java.base/java.util.concurrent.CompletableFuture.reportGet(CompletableFuture.java:395)
	at java.base/java.util.concurrent.CompletableFuture.get(CompletableFuture.java:2028)
	at org.eclipse.lsp4e.LanguageServerWrapper.lambda$13(LanguageServerWrapper.java:425)
	at java.base/java.util.concurrent.CompletableFuture$AsyncRun.run(CompletableFuture.java:1736)
	at java.base/java.util.concurrent.CompletableFuture$AsyncRun.exec(CompletableFuture.java:1728)
	at java.base/java.util.concurrent.ForkJoinTask.doExec(ForkJoinTask.java:290)
	at java.base/java.util.concurrent.ForkJoinPool$WorkQueue.topLevelExec(ForkJoinPool.java:1020)
	at java.base/java.util.concurrent.ForkJoinPool.scan(ForkJoinPool.java:1656)
	at java.base/java.util.concurrent.ForkJoinPool.runWorker(ForkJoinPool.java:1594)
	at java.base/java.util.concurrent.ForkJoinWorkerThread.run(ForkJoinWorkerThread.java:183)
Caused by: org.eclipse.lsp4j.jsonrpc.JsonRpcException: java.io.IOException: 파이프가 닫히는 중입니다
	at org.eclipse.lsp4j.jsonrpc.json.StreamMessageConsumer.consume(StreamMessageConsumer.java:72)
	at org.eclipse.lsp4e.LanguageServerWrapper.lambda$4(LanguageServerWrapper.java:260)
	at org.eclipse.lsp4j.jsonrpc.RemoteEndpoint.request(RemoteEndpoint.java:161)
	at org.eclipse.lsp4j.jsonrpc.services.EndpointProxy.invoke(EndpointProxy.java:91)
	at com.sun.proxy.$Proxy66.shutdown(Unknown Source)
	at org.eclipse.lsp4e.LanguageServerWrapper.lambda$13(LanguageServerWrapper.java:423)
	... 7 more
Caused by: java.io.IOException: 파이프가 닫히는 중입니다
	at java.base/java.io.FileOutputStream.writeBytes(Native Method)
	at java.base/java.io.FileOutputStream.write(FileOutputStream.java:354)
	at java.base/java.io.BufferedOutputStream.flushBuffer(BufferedOutputStream.java:81)
	at java.base/java.io.BufferedOutputStream.flush(BufferedOutputStream.java:142)
	at org.eclipse.lsp4j.jsonrpc.json.StreamMessageConsumer.consume(StreamMessageConsumer.java:69)
	... 12 more

!ENTRY org.eclipse.lsp4e 4 0 2025-06-19 16:52:08.413
!MESSAGE org.eclipse.lsp4j.jsonrpc.JsonRpcException: java.io.IOException: 파이프가 닫히는 중입니다
!STACK 0
java.util.concurrent.ExecutionException: org.eclipse.lsp4j.jsonrpc.JsonRpcException: java.io.IOException: 파이프가 닫히는 중입니다
	at java.base/java.util.concurrent.CompletableFuture.reportGet(CompletableFuture.java:395)
	at java.base/java.util.concurrent.CompletableFuture.get(CompletableFuture.java:2028)
	at org.eclipse.lsp4e.LanguageServerWrapper.lambda$13(LanguageServerWrapper.java:425)
	at java.base/java.util.concurrent.CompletableFuture$AsyncRun.run(CompletableFuture.java:1736)
	at java.base/java.util.concurrent.CompletableFuture$AsyncRun.exec(CompletableFuture.java:1728)
	at java.base/java.util.concurrent.ForkJoinTask.doExec(ForkJoinTask.java:290)
	at java.base/java.util.concurrent.ForkJoinPool$WorkQueue.topLevelExec(ForkJoinPool.java:1020)
	at java.base/java.util.concurrent.ForkJoinPool.scan(ForkJoinPool.java:1656)
	at java.base/java.util.concurrent.ForkJoinPool.runWorker(ForkJoinPool.java:1594)
	at java.base/java.util.concurrent.ForkJoinWorkerThread.run(ForkJoinWorkerThread.java:183)
Caused by: org.eclipse.lsp4j.jsonrpc.JsonRpcException: java.io.IOException: 파이프가 닫히는 중입니다
	at org.eclipse.lsp4j.jsonrpc.json.StreamMessageConsumer.consume(StreamMessageConsumer.java:72)
	at org.eclipse.lsp4e.LanguageServerWrapper.lambda$4(LanguageServerWrapper.java:260)
	at org.eclipse.lsp4j.jsonrpc.RemoteEndpoint.request(RemoteEndpoint.java:161)
	at org.eclipse.lsp4j.jsonrpc.services.EndpointProxy.invoke(EndpointProxy.java:91)
	at com.sun.proxy.$Proxy66.shutdown(Unknown Source)
	at org.eclipse.lsp4e.LanguageServerWrapper.lambda$13(LanguageServerWrapper.java:423)
	... 7 more
Caused by: java.io.IOException: 파이프가 닫히는 중입니다
	at java.base/java.io.FileOutputStream.writeBytes(Native Method)
	at java.base/java.io.FileOutputStream.write(FileOutputStream.java:354)
	at java.base/java.io.BufferedOutputStream.flushBuffer(BufferedOutputStream.java:81)
	at java.base/java.io.BufferedOutputStream.flush(BufferedOutputStream.java:142)
	at org.eclipse.lsp4j.jsonrpc.json.StreamMessageConsumer.consume(StreamMessageConsumer.java:69)
	... 12 more

!ENTRY org.springframework.tooling.ls.eclipse.commons 1 0 2025-06-19 16:52:08.413
!MESSAGE Entering DelegatingStreamConnectionProvider()

!ENTRY org.eclipse.lsp4e 4 0 2025-06-19 16:52:08.413
!MESSAGE org.eclipse.lsp4j.jsonrpc.JsonRpcException: java.io.IOException: 파이프가 닫히는 중입니다
!STACK 0
java.util.concurrent.ExecutionException: org.eclipse.lsp4j.jsonrpc.JsonRpcException: java.io.IOException: 파이프가 닫히는 중입니다
	at java.base/java.util.concurrent.CompletableFuture.reportGet(CompletableFuture.java:395)
	at java.base/java.util.concurrent.CompletableFuture.get(CompletableFuture.java:2028)
	at org.eclipse.lsp4e.LanguageServerWrapper.lambda$13(LanguageServerWrapper.java:425)
	at java.base/java.util.concurrent.CompletableFuture$AsyncRun.run(CompletableFuture.java:1736)
	at java.base/java.util.concurrent.CompletableFuture$AsyncRun.exec(CompletableFuture.java:1728)
	at java.base/java.util.concurrent.ForkJoinTask.doExec(ForkJoinTask.java:290)
	at java.base/java.util.concurrent.ForkJoinPool$WorkQueue.topLevelExec(ForkJoinPool.java:1020)
	at java.base/java.util.concurrent.ForkJoinPool.scan(ForkJoinPool.java:1656)
	at java.base/java.util.concurrent.ForkJoinPool.runWorker(ForkJoinPool.java:1594)
	at java.base/java.util.concurrent.ForkJoinWorkerThread.run(ForkJoinWorkerThread.java:183)
Caused by: org.eclipse.lsp4j.jsonrpc.JsonRpcException: java.io.IOException: 파이프가 닫히는 중입니다
	at org.eclipse.lsp4j.jsonrpc.json.StreamMessageConsumer.consume(StreamMessageConsumer.java:72)
	at org.eclipse.lsp4e.LanguageServerWrapper.lambda$4(LanguageServerWrapper.java:260)
	at org.eclipse.lsp4j.jsonrpc.RemoteEndpoint.request(RemoteEndpoint.java:161)
	at org.eclipse.lsp4j.jsonrpc.services.EndpointProxy.invoke(EndpointProxy.java:91)
	at com.sun.proxy.$Proxy66.shutdown(Unknown Source)
	at org.eclipse.lsp4e.LanguageServerWrapper.lambda$13(LanguageServerWrapper.java:423)
	... 7 more
Caused by: java.io.IOException: 파이프가 닫히는 중입니다
	at java.base/java.io.FileOutputStream.writeBytes(Native Method)
	at java.base/java.io.FileOutputStream.write(FileOutputStream.java:354)
	at java.base/java.io.BufferedOutputStream.flushBuffer(BufferedOutputStream.java:81)
	at java.base/java.io.BufferedOutputStream.flush(BufferedOutputStream.java:142)
	at org.eclipse.lsp4j.jsonrpc.json.StreamMessageConsumer.consume(StreamMessageConsumer.java:69)
	... 12 more

!ENTRY org.springframework.tooling.ls.eclipse.commons 1 0 2025-06-19 16:52:08.413
!MESSAGE Entering DelegatingStreamConnectionProvider()

!ENTRY org.eclipse.lsp4e 4 0 2025-06-19 16:52:08.413
!MESSAGE org.eclipse.lsp4j.jsonrpc.JsonRpcException: java.io.IOException: 파이프가 닫히는 중입니다
!STACK 0
java.util.concurrent.ExecutionException: org.eclipse.lsp4j.jsonrpc.JsonRpcException: java.io.IOException: 파이프가 닫히는 중입니다
	at java.base/java.util.concurrent.CompletableFuture.reportGet(CompletableFuture.java:395)
	at java.base/java.util.concurrent.CompletableFuture.get(CompletableFuture.java:2028)
	at org.eclipse.lsp4e.LanguageServerWrapper.lambda$13(LanguageServerWrapper.java:425)
	at java.base/java.util.concurrent.CompletableFuture$AsyncRun.run(CompletableFuture.java:1736)
	at java.base/java.util.concurrent.CompletableFuture$AsyncRun.exec(CompletableFuture.java:1728)
	at java.base/java.util.concurrent.ForkJoinTask.doExec(ForkJoinTask.java:290)
	at java.base/java.util.concurrent.ForkJoinPool$WorkQueue.topLevelExec(ForkJoinPool.java:1020)
	at java.base/java.util.concurrent.ForkJoinPool.scan(ForkJoinPool.java:1656)
	at java.base/java.util.concurrent.ForkJoinPool.runWorker(ForkJoinPool.java:1594)
	at java.base/java.util.concurrent.ForkJoinWorkerThread.run(ForkJoinWorkerThread.java:183)
Caused by: org.eclipse.lsp4j.jsonrpc.JsonRpcException: java.io.IOException: 파이프가 닫히는 중입니다
	at org.eclipse.lsp4j.jsonrpc.json.StreamMessageConsumer.consume(StreamMessageConsumer.java:72)
	at org.eclipse.lsp4e.LanguageServerWrapper.lambda$4(LanguageServerWrapper.java:260)
	at org.eclipse.lsp4j.jsonrpc.RemoteEndpoint.request(RemoteEndpoint.java:161)
	at org.eclipse.lsp4j.jsonrpc.services.EndpointProxy.invoke(EndpointProxy.java:91)
	at com.sun.proxy.$Proxy66.shutdown(Unknown Source)
	at org.eclipse.lsp4e.LanguageServerWrapper.lambda$13(LanguageServerWrapper.java:423)
	... 7 more
Caused by: java.io.IOException: 파이프가 닫히는 중입니다
	at java.base/java.io.FileOutputStream.writeBytes(Native Method)
	at java.base/java.io.FileOutputStream.write(FileOutputStream.java:354)
	at java.base/java.io.BufferedOutputStream.flushBuffer(BufferedOutputStream.java:81)
	at java.base/java.io.BufferedOutputStream.flush(BufferedOutputStream.java:142)
	at org.eclipse.lsp4j.jsonrpc.json.StreamMessageConsumer.consume(StreamMessageConsumer.java:69)
	... 12 more

!ENTRY org.springframework.tooling.ls.eclipse.commons 1 0 2025-06-19 16:52:08.413
!MESSAGE SpringBootLanguageServer exists!

!ENTRY org.springframework.tooling.ls.eclipse.commons 1 0 2025-06-19 16:52:08.414
!MESSAGE SpringBootLanguageServer exists!

!ENTRY org.springframework.tooling.ls.eclipse.commons 1 0 2025-06-19 16:52:08.414
!MESSAGE SpringBootLanguageServer exists!

!ENTRY org.springframework.tooling.ls.eclipse.commons 1 0 2025-06-19 16:52:08.414
!MESSAGE DelegatingStreamConnectionProvider classloader = org.eclipse.osgi.internal.loader.EquinoxClassLoader@56fdb4db[org.springframework.tooling.boot.ls:1.28.0.202109130547(id=1001)]

!ENTRY org.springframework.tooling.ls.eclipse.commons 1 0 2025-06-19 16:52:08.414
!MESSAGE Entering DelegatingStreamConnectionProvider()

!ENTRY org.springframework.tooling.ls.eclipse.commons 1 0 2025-06-19 16:52:08.414
!MESSAGE SpringBootLanguageServer exists!

!ENTRY org.eclipse.lsp4e 4 0 2025-06-19 16:52:08.414
!MESSAGE org.eclipse.lsp4j.jsonrpc.JsonRpcException: java.io.IOException: 파이프가 닫히는 중입니다
!STACK 0
java.util.concurrent.ExecutionException: org.eclipse.lsp4j.jsonrpc.JsonRpcException: java.io.IOException: 파이프가 닫히는 중입니다
	at java.base/java.util.concurrent.CompletableFuture.reportGet(CompletableFuture.java:395)
	at java.base/java.util.concurrent.CompletableFuture.get(CompletableFuture.java:2028)
	at org.eclipse.lsp4e.LanguageServerWrapper.lambda$13(LanguageServerWrapper.java:425)
	at java.base/java.util.concurrent.CompletableFuture$AsyncRun.run(CompletableFuture.java:1736)
	at java.base/java.util.concurrent.CompletableFuture$AsyncRun.exec(CompletableFuture.java:1728)
	at java.base/java.util.concurrent.ForkJoinTask.doExec(ForkJoinTask.java:290)
	at java.base/java.util.concurrent.ForkJoinPool$WorkQueue.topLevelExec(ForkJoinPool.java:1020)
	at java.base/java.util.concurrent.ForkJoinPool.scan(ForkJoinPool.java:1656)
	at java.base/java.util.concurrent.ForkJoinPool.runWorker(ForkJoinPool.java:1594)
	at java.base/java.util.concurrent.ForkJoinWorkerThread.run(ForkJoinWorkerThread.java:183)
Caused by: org.eclipse.lsp4j.jsonrpc.JsonRpcException: java.io.IOException: 파이프가 닫히는 중입니다
	at org.eclipse.lsp4j.jsonrpc.json.StreamMessageConsumer.consume(StreamMessageConsumer.java:72)
	at org.eclipse.lsp4e.LanguageServerWrapper.lambda$4(LanguageServerWrapper.java:260)
	at org.eclipse.lsp4j.jsonrpc.RemoteEndpoint.request(RemoteEndpoint.java:161)
	at org.eclipse.lsp4j.jsonrpc.services.EndpointProxy.invoke(EndpointProxy.java:91)
	at com.sun.proxy.$Proxy66.shutdown(Unknown Source)
	at org.eclipse.lsp4e.LanguageServerWrapper.lambda$13(LanguageServerWrapper.java:423)
	... 7 more
Caused by: java.io.IOException: 파이프가 닫히는 중입니다
	at java.base/java.io.FileOutputStream.writeBytes(Native Method)
	at java.base/java.io.FileOutputStream.write(FileOutputStream.java:354)
	at java.base/java.io.BufferedOutputStream.flushBuffer(BufferedOutputStream.java:81)
	at java.base/java.io.BufferedOutputStream.flush(BufferedOutputStream.java:142)
	at org.eclipse.lsp4j.jsonrpc.json.StreamMessageConsumer.consume(StreamMessageConsumer.java:69)
	... 12 more

!ENTRY org.springframework.tooling.ls.eclipse.commons 1 0 2025-06-19 16:52:08.415
!MESSAGE DelegatingStreamConnectionProvider classloader = org.eclipse.osgi.internal.loader.EquinoxClassLoader@56fdb4db[org.springframework.tooling.boot.ls:1.28.0.202109130547(id=1001)]

!ENTRY org.springframework.tooling.ls.eclipse.commons 1 0 2025-06-19 16:52:08.415
!MESSAGE SpringBootLanguageServer exists!

!ENTRY org.springframework.tooling.ls.eclipse.commons 1 0 2025-06-19 16:52:08.415
!MESSAGE Entering DelegatingStreamConnectionProvider()

!ENTRY org.springframework.tooling.ls.eclipse.commons 1 0 2025-06-19 16:52:08.415
!MESSAGE SpringBootLanguageServer exists!

!ENTRY org.springframework.tooling.ls.eclipse.commons 1 0 2025-06-19 16:52:08.415
!MESSAGE DelegatingStreamConnectionProvider classloader = org.eclipse.osgi.internal.loader.EquinoxClassLoader@56fdb4db[org.springframework.tooling.boot.ls:1.28.0.202109130547(id=1001)]

!ENTRY org.springframework.tooling.ls.eclipse.commons 1 0 2025-06-19 16:52:08.415
!MESSAGE SpringBootLanguageServer exists!

!ENTRY org.springframework.tooling.ls.eclipse.commons 1 0 2025-06-19 16:52:08.415
!MESSAGE Entering DelegatingStreamConnectionProvider()

!ENTRY org.springframework.tooling.ls.eclipse.commons 1 0 2025-06-19 16:52:08.417
!MESSAGE DelegatingStreamConnectionProvider classloader = org.eclipse.osgi.internal.loader.EquinoxClassLoader@56fdb4db[org.springframework.tooling.boot.ls:1.28.0.202109130547(id=1001)]

!ENTRY org.springframework.tooling.ls.eclipse.commons 1 0 2025-06-19 16:52:08.417
!MESSAGE SpringBootLanguageServer exists!

!ENTRY org.eclipse.lsp4e 4 0 2025-06-19 16:52:08.417
!MESSAGE org.eclipse.lsp4j.jsonrpc.JsonRpcException: java.io.IOException: 파이프가 닫히는 중입니다
!STACK 0
java.util.concurrent.ExecutionException: org.eclipse.lsp4j.jsonrpc.JsonRpcException: java.io.IOException: 파이프가 닫히는 중입니다
	at java.base/java.util.concurrent.CompletableFuture.reportGet(CompletableFuture.java:395)
	at java.base/java.util.concurrent.CompletableFuture.get(CompletableFuture.java:2028)
	at org.eclipse.lsp4e.LanguageServerWrapper.lambda$13(LanguageServerWrapper.java:425)
	at java.base/java.util.concurrent.CompletableFuture$AsyncRun.run(CompletableFuture.java:1736)
	at java.base/java.util.concurrent.CompletableFuture$AsyncRun.exec(CompletableFuture.java:1728)
	at java.base/java.util.concurrent.ForkJoinTask.doExec(ForkJoinTask.java:290)
	at java.base/java.util.concurrent.ForkJoinPool$WorkQueue.topLevelExec(ForkJoinPool.java:1020)
	at java.base/java.util.concurrent.ForkJoinPool.scan(ForkJoinPool.java:1656)
	at java.base/java.util.concurrent.ForkJoinPool.runWorker(ForkJoinPool.java:1594)
	at java.base/java.util.concurrent.ForkJoinWorkerThread.run(ForkJoinWorkerThread.java:183)
Caused by: org.eclipse.lsp4j.jsonrpc.JsonRpcException: java.io.IOException: 파이프가 닫히는 중입니다
	at org.eclipse.lsp4j.jsonrpc.json.StreamMessageConsumer.consume(StreamMessageConsumer.java:72)
	at org.eclipse.lsp4e.LanguageServerWrapper.lambda$4(LanguageServerWrapper.java:260)
	at org.eclipse.lsp4j.jsonrpc.RemoteEndpoint.request(RemoteEndpoint.java:161)
	at org.eclipse.lsp4j.jsonrpc.services.EndpointProxy.invoke(EndpointProxy.java:91)
	at com.sun.proxy.$Proxy66.shutdown(Unknown Source)
	at org.eclipse.lsp4e.LanguageServerWrapper.lambda$13(LanguageServerWrapper.java:423)
	... 7 more
Caused by: java.io.IOException: 파이프가 닫히는 중입니다
	at java.base/java.io.FileOutputStream.writeBytes(Native Method)
	at java.base/java.io.FileOutputStream.write(FileOutputStream.java:354)
	at java.base/java.io.BufferedOutputStream.flushBuffer(BufferedOutputStream.java:81)
	at java.base/java.io.BufferedOutputStream.flush(BufferedOutputStream.java:142)
	at org.eclipse.lsp4j.jsonrpc.json.StreamMessageConsumer.consume(StreamMessageConsumer.java:69)
	... 12 more

!ENTRY org.springframework.tooling.ls.eclipse.commons 1 0 2025-06-19 16:52:08.417
!MESSAGE DelegatingStreamConnectionProvider classloader = org.eclipse.osgi.internal.loader.EquinoxClassLoader@56fdb4db[org.springframework.tooling.boot.ls:1.28.0.202109130547(id=1001)]

!ENTRY org.springframework.tooling.ls.eclipse.commons 1 0 2025-06-19 16:52:08.417
!MESSAGE Entering DelegatingStreamConnectionProvider()

!ENTRY org.springframework.tooling.ls.eclipse.commons 1 0 2025-06-19 16:52:08.418
!MESSAGE DelegatingStreamConnectionProvider classloader = org.eclipse.osgi.internal.loader.EquinoxClassLoader@56fdb4db[org.springframework.tooling.boot.ls:1.28.0.202109130547(id=1001)]

!ENTRY org.springframework.tooling.ls.eclipse.commons 1 0 2025-06-19 16:52:08.418
!MESSAGE DelegatingStreamConnectionProvider classloader = org.eclipse.osgi.internal.loader.EquinoxClassLoader@56fdb4db[org.springframework.tooling.boot.ls:1.28.0.202109130547(id=1001)]

!ENTRY org.springframework.tooling.ls.eclipse.commons 1 0 2025-06-19 16:52:08.418
!MESSAGE SpringBootLanguageServer exists!

!ENTRY org.springframework.tooling.ls.eclipse.commons 1 0 2025-06-19 16:52:08.418
!MESSAGE Entering DelegatingStreamConnectionProvider()

!ENTRY org.eclipse.lsp4e 4 0 2025-06-19 16:52:08.418
!MESSAGE org.eclipse.lsp4j.jsonrpc.JsonRpcException: java.io.IOException: 파이프가 닫히는 중입니다
!STACK 0
java.util.concurrent.ExecutionException: org.eclipse.lsp4j.jsonrpc.JsonRpcException: java.io.IOException: 파이프가 닫히는 중입니다
	at java.base/java.util.concurrent.CompletableFuture.reportGet(CompletableFuture.java:395)
	at java.base/java.util.concurrent.CompletableFuture.get(CompletableFuture.java:2028)
	at org.eclipse.lsp4e.LanguageServerWrapper.lambda$13(LanguageServerWrapper.java:425)
	at java.base/java.util.concurrent.CompletableFuture$AsyncRun.run(CompletableFuture.java:1736)
	at java.base/java.util.concurrent.CompletableFuture$AsyncRun.exec(CompletableFuture.java:1728)
	at java.base/java.util.concurrent.ForkJoinTask.doExec(ForkJoinTask.java:290)
	at java.base/java.util.concurrent.ForkJoinPool$WorkQueue.topLevelExec(ForkJoinPool.java:1020)
	at java.base/java.util.concurrent.ForkJoinPool.scan(ForkJoinPool.java:1656)
	at java.base/java.util.concurrent.ForkJoinPool.runWorker(ForkJoinPool.java:1594)
	at java.base/java.util.concurrent.ForkJoinWorkerThread.run(ForkJoinWorkerThread.java:183)
Caused by: org.eclipse.lsp4j.jsonrpc.JsonRpcException: java.io.IOException: 파이프가 닫히는 중입니다
	at org.eclipse.lsp4j.jsonrpc.json.StreamMessageConsumer.consume(StreamMessageConsumer.java:72)
	at org.eclipse.lsp4e.LanguageServerWrapper.lambda$4(LanguageServerWrapper.java:260)
	at org.eclipse.lsp4j.jsonrpc.RemoteEndpoint.request(RemoteEndpoint.java:161)
	at org.eclipse.lsp4j.jsonrpc.services.EndpointProxy.invoke(EndpointProxy.java:91)
	at com.sun.proxy.$Proxy66.shutdown(Unknown Source)
	at org.eclipse.lsp4e.LanguageServerWrapper.lambda$13(LanguageServerWrapper.java:423)
	... 7 more
Caused by: java.io.IOException: 파이프가 닫히는 중입니다
	at java.base/java.io.FileOutputStream.writeBytes(Native Method)
	at java.base/java.io.FileOutputStream.write(FileOutputStream.java:354)
	at java.base/java.io.BufferedOutputStream.flushBuffer(BufferedOutputStream.java:81)
	at java.base/java.io.BufferedOutputStream.flush(BufferedOutputStream.java:142)
	at org.eclipse.lsp4j.jsonrpc.json.StreamMessageConsumer.consume(StreamMessageConsumer.java:69)
	... 12 more

!ENTRY org.springframework.tooling.ls.eclipse.commons 1 0 2025-06-19 16:52:08.419
!MESSAGE SpringBootLanguageServer exists!

!ENTRY org.springframework.tooling.ls.eclipse.commons 1 0 2025-06-19 16:52:08.419
!MESSAGE DelegatingStreamConnectionProvider classloader = org.eclipse.osgi.internal.loader.EquinoxClassLoader@56fdb4db[org.springframework.tooling.boot.ls:1.28.0.202109130547(id=1001)]

!ENTRY org.springframework.tooling.ls.eclipse.commons 1 0 2025-06-19 16:52:08.419
!MESSAGE SpringBootLanguageServer exists!

!ENTRY org.springframework.tooling.ls.eclipse.commons 1 0 2025-06-19 16:52:08.419
!MESSAGE SpringBootLanguageServer exists!

!ENTRY org.eclipse.lsp4e 4 0 2025-06-19 16:52:08.419
!MESSAGE org.eclipse.lsp4j.jsonrpc.JsonRpcException: java.io.IOException: 파이프가 닫히는 중입니다
!STACK 0
java.util.concurrent.ExecutionException: org.eclipse.lsp4j.jsonrpc.JsonRpcException: java.io.IOException: 파이프가 닫히는 중입니다
	at java.base/java.util.concurrent.CompletableFuture.reportGet(CompletableFuture.java:395)
	at java.base/java.util.concurrent.CompletableFuture.get(CompletableFuture.java:2028)
	at org.eclipse.lsp4e.LanguageServerWrapper.lambda$13(LanguageServerWrapper.java:425)
	at java.base/java.util.concurrent.CompletableFuture$AsyncRun.run(CompletableFuture.java:1736)
	at java.base/java.util.concurrent.CompletableFuture$AsyncRun.exec(CompletableFuture.java:1728)
	at java.base/java.util.concurrent.ForkJoinTask.doExec(ForkJoinTask.java:290)
	at java.base/java.util.concurrent.ForkJoinPool$WorkQueue.topLevelExec(ForkJoinPool.java:1020)
	at java.base/java.util.concurrent.ForkJoinPool.scan(ForkJoinPool.java:1656)
	at java.base/java.util.concurrent.ForkJoinPool.runWorker(ForkJoinPool.java:1594)
	at java.base/java.util.concurrent.ForkJoinWorkerThread.run(ForkJoinWorkerThread.java:183)
Caused by: org.eclipse.lsp4j.jsonrpc.JsonRpcException: java.io.IOException: 파이프가 닫히는 중입니다
	at org.eclipse.lsp4j.jsonrpc.json.StreamMessageConsumer.consume(StreamMessageConsumer.java:72)
	at org.eclipse.lsp4e.LanguageServerWrapper.lambda$4(LanguageServerWrapper.java:260)
	at org.eclipse.lsp4j.jsonrpc.RemoteEndpoint.request(RemoteEndpoint.java:161)
	at org.eclipse.lsp4j.jsonrpc.services.EndpointProxy.invoke(EndpointProxy.java:91)
	at com.sun.proxy.$Proxy66.shutdown(Unknown Source)
	at org.eclipse.lsp4e.LanguageServerWrapper.lambda$13(LanguageServerWrapper.java:423)
	... 7 more
Caused by: java.io.IOException: 파이프가 닫히는 중입니다
	at java.base/java.io.FileOutputStream.writeBytes(Native Method)
	at java.base/java.io.FileOutputStream.write(FileOutputStream.java:354)
	at java.base/java.io.BufferedOutputStream.flushBuffer(BufferedOutputStream.java:81)
	at java.base/java.io.BufferedOutputStream.flush(BufferedOutputStream.java:142)
	at org.eclipse.lsp4j.jsonrpc.json.StreamMessageConsumer.consume(StreamMessageConsumer.java:69)
	... 12 more

!ENTRY org.springframework.tooling.ls.eclipse.commons 1 0 2025-06-19 16:52:08.420
!MESSAGE DelegatingStreamConnectionProvider classloader = org.eclipse.osgi.internal.loader.EquinoxClassLoader@56fdb4db[org.springframework.tooling.boot.ls:1.28.0.202109130547(id=1001)]

!ENTRY org.springframework.tooling.ls.eclipse.commons 1 0 2025-06-19 16:52:08.420
!MESSAGE SpringBootLanguageServer exists!

!ENTRY org.springframework.tooling.ls.eclipse.commons 1 0 2025-06-19 16:52:08.420
!MESSAGE SpringBootLanguageServer exists!

!ENTRY org.springframework.tooling.ls.eclipse.commons 1 0 2025-06-19 16:52:08.420
!MESSAGE Entering DelegatingStreamConnectionProvider()

!ENTRY org.eclipse.lsp4e 4 0 2025-06-19 16:52:08.420
!MESSAGE org.eclipse.lsp4j.jsonrpc.JsonRpcException: java.io.IOException: 파이프가 닫히는 중입니다
!STACK 0
java.util.concurrent.ExecutionException: org.eclipse.lsp4j.jsonrpc.JsonRpcException: java.io.IOException: 파이프가 닫히는 중입니다
	at java.base/java.util.concurrent.CompletableFuture.reportGet(CompletableFuture.java:395)
	at java.base/java.util.concurrent.CompletableFuture.get(CompletableFuture.java:2028)
	at org.eclipse.lsp4e.LanguageServerWrapper.lambda$13(LanguageServerWrapper.java:425)
	at java.base/java.util.concurrent.CompletableFuture$AsyncRun.run(CompletableFuture.java:1736)
	at java.base/java.util.concurrent.CompletableFuture$AsyncRun.exec(CompletableFuture.java:1728)
	at java.base/java.util.concurrent.ForkJoinTask.doExec(ForkJoinTask.java:290)
	at java.base/java.util.concurrent.ForkJoinPool$WorkQueue.topLevelExec(ForkJoinPool.java:1020)
	at java.base/java.util.concurrent.ForkJoinPool.scan(ForkJoinPool.java:1656)
	at java.base/java.util.concurrent.ForkJoinPool.runWorker(ForkJoinPool.java:1594)
	at java.base/java.util.concurrent.ForkJoinWorkerThread.run(ForkJoinWorkerThread.java:183)
Caused by: org.eclipse.lsp4j.jsonrpc.JsonRpcException: java.io.IOException: 파이프가 닫히는 중입니다
	at org.eclipse.lsp4j.jsonrpc.json.StreamMessageConsumer.consume(StreamMessageConsumer.java:72)
	at org.eclipse.lsp4e.LanguageServerWrapper.lambda$4(LanguageServerWrapper.java:260)
	at org.eclipse.lsp4j.jsonrpc.RemoteEndpoint.request(RemoteEndpoint.java:161)
	at org.eclipse.lsp4j.jsonrpc.services.EndpointProxy.invoke(EndpointProxy.java:91)
	at com.sun.proxy.$Proxy66.shutdown(Unknown Source)
	at org.eclipse.lsp4e.LanguageServerWrapper.lambda$13(LanguageServerWrapper.java:423)
	... 7 more
Caused by: java.io.IOException: 파이프가 닫히는 중입니다
	at java.base/java.io.FileOutputStream.writeBytes(Native Method)
	at java.base/java.io.FileOutputStream.write(FileOutputStream.java:354)
	at java.base/java.io.BufferedOutputStream.flushBuffer(BufferedOutputStream.java:81)
	at java.base/java.io.BufferedOutputStream.flush(BufferedOutputStream.java:142)
	at org.eclipse.lsp4j.jsonrpc.json.StreamMessageConsumer.consume(StreamMessageConsumer.java:69)
	... 12 more

!ENTRY org.springframework.tooling.ls.eclipse.commons 1 0 2025-06-19 16:52:08.420
!MESSAGE SpringBootLanguageServer exists!

!ENTRY org.springframework.tooling.ls.eclipse.commons 1 0 2025-06-19 16:52:08.421
!MESSAGE Entering DelegatingStreamConnectionProvider()

!ENTRY org.eclipse.lsp4e 4 0 2025-06-19 16:52:08.421
!MESSAGE org.eclipse.lsp4j.jsonrpc.JsonRpcException: java.io.IOException: 파이프가 닫히는 중입니다
!STACK 0
java.util.concurrent.ExecutionException: org.eclipse.lsp4j.jsonrpc.JsonRpcException: java.io.IOException: 파이프가 닫히는 중입니다
	at java.base/java.util.concurrent.CompletableFuture.reportGet(CompletableFuture.java:395)
	at java.base/java.util.concurrent.CompletableFuture.get(CompletableFuture.java:2028)
	at org.eclipse.lsp4e.LanguageServerWrapper.lambda$13(LanguageServerWrapper.java:425)
	at java.base/java.util.concurrent.CompletableFuture$AsyncRun.run(CompletableFuture.java:1736)
	at java.base/java.util.concurrent.CompletableFuture$AsyncRun.exec(CompletableFuture.java:1728)
	at java.base/java.util.concurrent.ForkJoinTask.doExec(ForkJoinTask.java:290)
	at java.base/java.util.concurrent.ForkJoinPool$WorkQueue.topLevelExec(ForkJoinPool.java:1020)
	at java.base/java.util.concurrent.ForkJoinPool.scan(ForkJoinPool.java:1656)
	at java.base/java.util.concurrent.ForkJoinPool.runWorker(ForkJoinPool.java:1594)
	at java.base/java.util.concurrent.ForkJoinWorkerThread.run(ForkJoinWorkerThread.java:183)
Caused by: org.eclipse.lsp4j.jsonrpc.JsonRpcException: java.io.IOException: 파이프가 닫히는 중입니다
	at org.eclipse.lsp4j.jsonrpc.json.StreamMessageConsumer.consume(StreamMessageConsumer.java:72)
	at org.eclipse.lsp4e.LanguageServerWrapper.lambda$4(LanguageServerWrapper.java:260)
	at org.eclipse.lsp4j.jsonrpc.RemoteEndpoint.request(RemoteEndpoint.java:161)
	at org.eclipse.lsp4j.jsonrpc.services.EndpointProxy.invoke(EndpointProxy.java:91)
	at com.sun.proxy.$Proxy66.shutdown(Unknown Source)
	at org.eclipse.lsp4e.LanguageServerWrapper.lambda$13(LanguageServerWrapper.java:423)
	... 7 more
Caused by: java.io.IOException: 파이프가 닫히는 중입니다
	at java.base/java.io.FileOutputStream.writeBytes(Native Method)
	at java.base/java.io.FileOutputStream.write(FileOutputStream.java:354)
	at java.base/java.io.BufferedOutputStream.flushBuffer(BufferedOutputStream.java:81)
	at java.base/java.io.BufferedOutputStream.flush(BufferedOutputStream.java:142)
	at org.eclipse.lsp4j.jsonrpc.json.StreamMessageConsumer.consume(StreamMessageConsumer.java:69)
	... 12 more

!ENTRY org.springframework.tooling.ls.eclipse.commons 1 0 2025-06-19 16:52:08.421
!MESSAGE DelegatingStreamConnectionProvider classloader = org.eclipse.osgi.internal.loader.EquinoxClassLoader@56fdb4db[org.springframework.tooling.boot.ls:1.28.0.202109130547(id=1001)]

!ENTRY org.springframework.tooling.ls.eclipse.commons 1 0 2025-06-19 16:52:08.421
!MESSAGE DelegatingStreamConnectionProvider classloader = org.eclipse.osgi.internal.loader.EquinoxClassLoader@56fdb4db[org.springframework.tooling.boot.ls:1.28.0.202109130547(id=1001)]

!ENTRY org.springframework.tooling.ls.eclipse.commons 1 0 2025-06-19 16:52:08.421
!MESSAGE SpringBootLanguageServer exists!

!ENTRY org.springframework.tooling.ls.eclipse.commons 1 0 2025-06-19 16:52:08.421
!MESSAGE Entering DelegatingStreamConnectionProvider()

!ENTRY org.eclipse.lsp4e 4 0 2025-06-19 16:52:08.422
!MESSAGE org.eclipse.lsp4j.jsonrpc.JsonRpcException: java.io.IOException: 파이프가 닫히는 중입니다
!STACK 0
java.util.concurrent.ExecutionException: org.eclipse.lsp4j.jsonrpc.JsonRpcException: java.io.IOException: 파이프가 닫히는 중입니다
	at java.base/java.util.concurrent.CompletableFuture.reportGet(CompletableFuture.java:395)
	at java.base/java.util.concurrent.CompletableFuture.get(CompletableFuture.java:2028)
	at org.eclipse.lsp4e.LanguageServerWrapper.lambda$13(LanguageServerWrapper.java:425)
	at java.base/java.util.concurrent.CompletableFuture$AsyncRun.run(CompletableFuture.java:1736)
	at java.base/java.util.concurrent.CompletableFuture$AsyncRun.exec(CompletableFuture.java:1728)
	at java.base/java.util.concurrent.ForkJoinTask.doExec(ForkJoinTask.java:290)
	at java.base/java.util.concurrent.ForkJoinPool$WorkQueue.topLevelExec(ForkJoinPool.java:1020)
	at java.base/java.util.concurrent.ForkJoinPool.scan(ForkJoinPool.java:1656)
	at java.base/java.util.concurrent.ForkJoinPool.runWorker(ForkJoinPool.java:1594)
	at java.base/java.util.concurrent.ForkJoinWorkerThread.run(ForkJoinWorkerThread.java:183)
Caused by: org.eclipse.lsp4j.jsonrpc.JsonRpcException: java.io.IOException: 파이프가 닫히는 중입니다
	at org.eclipse.lsp4j.jsonrpc.json.StreamMessageConsumer.consume(StreamMessageConsumer.java:72)
	at org.eclipse.lsp4e.LanguageServerWrapper.lambda$4(LanguageServerWrapper.java:260)
	at org.eclipse.lsp4j.jsonrpc.RemoteEndpoint.request(RemoteEndpoint.java:161)
	at org.eclipse.lsp4j.jsonrpc.services.EndpointProxy.invoke(EndpointProxy.java:91)
	at com.sun.proxy.$Proxy66.shutdown(Unknown Source)
	at org.eclipse.lsp4e.LanguageServerWrapper.lambda$13(LanguageServerWrapper.java:423)
	... 7 more
Caused by: java.io.IOException: 파이프가 닫히는 중입니다
	at java.base/java.io.FileOutputStream.writeBytes(Native Method)
	at java.base/java.io.FileOutputStream.write(FileOutputStream.java:354)
	at java.base/java.io.BufferedOutputStream.flushBuffer(BufferedOutputStream.java:81)
	at java.base/java.io.BufferedOutputStream.flush(BufferedOutputStream.java:142)
	at org.eclipse.lsp4j.jsonrpc.json.StreamMessageConsumer.consume(StreamMessageConsumer.java:69)
	... 12 more

!ENTRY org.springframework.tooling.ls.eclipse.commons 1 0 2025-06-19 16:52:08.422
!MESSAGE SpringBootLanguageServer exists!

!ENTRY org.springframework.tooling.ls.eclipse.commons 1 0 2025-06-19 16:52:08.422
!MESSAGE DelegatingStreamConnectionProvider classloader = org.eclipse.osgi.internal.loader.EquinoxClassLoader@56fdb4db[org.springframework.tooling.boot.ls:1.28.0.202109130547(id=1001)]

!ENTRY org.springframework.tooling.ls.eclipse.commons 1 0 2025-06-19 16:52:08.422
!MESSAGE Entering DelegatingStreamConnectionProvider()

!ENTRY org.springframework.tooling.ls.eclipse.commons 1 0 2025-06-19 16:52:08.422
!MESSAGE SpringBootLanguageServer exists!

!ENTRY org.springframework.tooling.ls.eclipse.commons 1 0 2025-06-19 16:52:08.422
!MESSAGE DelegatingStreamConnectionProvider classloader = org.eclipse.osgi.internal.loader.EquinoxClassLoader@56fdb4db[org.springframework.tooling.boot.ls:1.28.0.202109130547(id=1001)]

!ENTRY org.springframework.tooling.ls.eclipse.commons 1 0 2025-06-19 16:52:08.422
!MESSAGE SpringBootLanguageServer exists!

!ENTRY org.springframework.tooling.ls.eclipse.commons 1 0 2025-06-19 16:52:08.464
!MESSAGE Entering DelegatingStreamConnectionProvider()

!ENTRY org.springframework.tooling.ls.eclipse.commons 1 0 2025-06-19 16:52:08.465
!MESSAGE Entering DelegatingStreamConnectionProvider()

!ENTRY org.springframework.tooling.ls.eclipse.commons 1 0 2025-06-19 16:52:08.465
!MESSAGE Entering DelegatingStreamConnectionProvider()

!ENTRY org.springframework.tooling.ls.eclipse.commons 1 0 2025-06-19 16:52:08.465
!MESSAGE DelegatingStreamConnectionProvider classloader = org.eclipse.osgi.internal.loader.EquinoxClassLoader@56fdb4db[org.springframework.tooling.boot.ls:1.28.0.202109130547(id=1001)]

!ENTRY org.springframework.tooling.ls.eclipse.commons 1 0 2025-06-19 16:52:08.465
!MESSAGE DelegatingStreamConnectionProvider classloader = org.eclipse.osgi.internal.loader.EquinoxClassLoader@56fdb4db[org.springframework.tooling.boot.ls:1.28.0.202109130547(id=1001)]

!ENTRY org.eclipse.lsp4e 4 0 2025-06-19 16:52:08.465
!MESSAGE org.eclipse.lsp4j.jsonrpc.JsonRpcException: java.io.IOException: 파이프가 닫히는 중입니다
!STACK 0
java.util.concurrent.ExecutionException: org.eclipse.lsp4j.jsonrpc.JsonRpcException: java.io.IOException: 파이프가 닫히는 중입니다
	at java.base/java.util.concurrent.CompletableFuture.reportGet(CompletableFuture.java:395)
	at java.base/java.util.concurrent.CompletableFuture.get(CompletableFuture.java:2028)
	at org.eclipse.lsp4e.LanguageServerWrapper.lambda$13(LanguageServerWrapper.java:425)
	at java.base/java.util.concurrent.CompletableFuture$AsyncRun.run(CompletableFuture.java:1736)
	at java.base/java.util.concurrent.CompletableFuture$AsyncRun.exec(CompletableFuture.java:1728)
	at java.base/java.util.concurrent.ForkJoinTask.doExec(ForkJoinTask.java:290)
	at java.base/java.util.concurrent.ForkJoinPool$WorkQueue.topLevelExec(ForkJoinPool.java:1020)
	at java.base/java.util.concurrent.ForkJoinPool.scan(ForkJoinPool.java:1656)
	at java.base/java.util.concurrent.ForkJoinPool.runWorker(ForkJoinPool.java:1594)
	at java.base/java.util.concurrent.ForkJoinWorkerThread.run(ForkJoinWorkerThread.java:183)
Caused by: org.eclipse.lsp4j.jsonrpc.JsonRpcException: java.io.IOException: 파이프가 닫히는 중입니다
	at org.eclipse.lsp4j.jsonrpc.json.StreamMessageConsumer.consume(StreamMessageConsumer.java:72)
	at org.eclipse.lsp4e.LanguageServerWrapper.lambda$4(LanguageServerWrapper.java:260)
	at org.eclipse.lsp4j.jsonrpc.RemoteEndpoint.request(RemoteEndpoint.java:161)
	at org.eclipse.lsp4j.jsonrpc.services.EndpointProxy.invoke(EndpointProxy.java:91)
	at com.sun.proxy.$Proxy66.shutdown(Unknown Source)
	at org.eclipse.lsp4e.LanguageServerWrapper.lambda$13(LanguageServerWrapper.java:423)
	... 7 more
Caused by: java.io.IOException: 파이프가 닫히는 중입니다
	at java.base/java.io.FileOutputStream.writeBytes(Native Method)
	at java.base/java.io.FileOutputStream.write(FileOutputStream.java:354)
	at java.base/java.io.BufferedOutputStream.flushBuffer(BufferedOutputStream.java:81)
	at java.base/java.io.BufferedOutputStream.flush(BufferedOutputStream.java:142)
	at org.eclipse.lsp4j.jsonrpc.json.StreamMessageConsumer.consume(StreamMessageConsumer.java:69)
	... 12 more

!ENTRY org.eclipse.lsp4e 4 0 2025-06-19 16:52:08.466
!MESSAGE org.eclipse.lsp4j.jsonrpc.JsonRpcException: java.io.IOException: 파이프가 닫히는 중입니다
!STACK 0
java.util.concurrent.ExecutionException: org.eclipse.lsp4j.jsonrpc.JsonRpcException: java.io.IOException: 파이프가 닫히는 중입니다
	at java.base/java.util.concurrent.CompletableFuture.reportGet(CompletableFuture.java:395)
	at java.base/java.util.concurrent.CompletableFuture.get(CompletableFuture.java:2028)
	at org.eclipse.lsp4e.LanguageServerWrapper.lambda$13(LanguageServerWrapper.java:425)
	at java.base/java.util.concurrent.CompletableFuture$AsyncRun.run(CompletableFuture.java:1736)
	at java.base/java.util.concurrent.CompletableFuture$AsyncRun.exec(CompletableFuture.java:1728)
	at java.base/java.util.concurrent.ForkJoinTask.doExec(ForkJoinTask.java:290)
	at java.base/java.util.concurrent.ForkJoinPool$WorkQueue.topLevelExec(ForkJoinPool.java:1020)
	at java.base/java.util.concurrent.ForkJoinPool.scan(ForkJoinPool.java:1656)
	at java.base/java.util.concurrent.ForkJoinPool.runWorker(ForkJoinPool.java:1594)
	at java.base/java.util.concurrent.ForkJoinWorkerThread.run(ForkJoinWorkerThread.java:183)
Caused by: org.eclipse.lsp4j.jsonrpc.JsonRpcException: java.io.IOException: 파이프가 닫히는 중입니다
	at org.eclipse.lsp4j.jsonrpc.json.StreamMessageConsumer.consume(StreamMessageConsumer.java:72)
	at org.eclipse.lsp4e.LanguageServerWrapper.lambda$4(LanguageServerWrapper.java:260)
	at org.eclipse.lsp4j.jsonrpc.RemoteEndpoint.request(RemoteEndpoint.java:161)
	at org.eclipse.lsp4j.jsonrpc.services.EndpointProxy.invoke(EndpointProxy.java:91)
	at com.sun.proxy.$Proxy66.shutdown(Unknown Source)
	at org.eclipse.lsp4e.LanguageServerWrapper.lambda$13(LanguageServerWrapper.java:423)
	... 7 more
Caused by: java.io.IOException: 파이프가 닫히는 중입니다
	at java.base/java.io.FileOutputStream.writeBytes(Native Method)
	at java.base/java.io.FileOutputStream.write(FileOutputStream.java:354)
	at java.base/java.io.BufferedOutputStream.flushBuffer(BufferedOutputStream.java:81)
	at java.base/java.io.BufferedOutputStream.flush(BufferedOutputStream.java:142)
	at org.eclipse.lsp4j.jsonrpc.json.StreamMessageConsumer.consume(StreamMessageConsumer.java:69)
	... 12 more

!ENTRY org.eclipse.lsp4e 4 0 2025-06-19 16:52:08.466
!MESSAGE org.eclipse.lsp4j.jsonrpc.JsonRpcException: java.io.IOException: 파이프가 닫히는 중입니다
!STACK 0
java.util.concurrent.ExecutionException: org.eclipse.lsp4j.jsonrpc.JsonRpcException: java.io.IOException: 파이프가 닫히는 중입니다
	at java.base/java.util.concurrent.CompletableFuture.reportGet(CompletableFuture.java:395)
	at java.base/java.util.concurrent.CompletableFuture.get(CompletableFuture.java:2028)
	at org.eclipse.lsp4e.LanguageServerWrapper.lambda$13(LanguageServerWrapper.java:425)
	at java.base/java.util.concurrent.CompletableFuture$AsyncRun.run(CompletableFuture.java:1736)
	at java.base/java.util.concurrent.CompletableFuture$AsyncRun.exec(CompletableFuture.java:1728)
	at java.base/java.util.concurrent.ForkJoinTask.doExec(ForkJoinTask.java:290)
	at java.base/java.util.concurrent.ForkJoinPool$WorkQueue.topLevelExec(ForkJoinPool.java:1020)
	at java.base/java.util.concurrent.ForkJoinPool.scan(ForkJoinPool.java:1656)
	at java.base/java.util.concurrent.ForkJoinPool.runWorker(ForkJoinPool.java:1594)
	at java.base/java.util.concurrent.ForkJoinWorkerThread.run(ForkJoinWorkerThread.java:183)
Caused by: org.eclipse.lsp4j.jsonrpc.JsonRpcException: java.io.IOException: 파이프가 닫히는 중입니다
	at org.eclipse.lsp4j.jsonrpc.json.StreamMessageConsumer.consume(StreamMessageConsumer.java:72)
	at org.eclipse.lsp4e.LanguageServerWrapper.lambda$4(LanguageServerWrapper.java:260)
	at org.eclipse.lsp4j.jsonrpc.RemoteEndpoint.request(RemoteEndpoint.java:161)
	at org.eclipse.lsp4j.jsonrpc.services.EndpointProxy.invoke(EndpointProxy.java:91)
	at com.sun.proxy.$Proxy66.shutdown(Unknown Source)
	at org.eclipse.lsp4e.LanguageServerWrapper.lambda$13(LanguageServerWrapper.java:423)
	... 7 more
Caused by: java.io.IOException: 파이프가 닫히는 중입니다
	at java.base/java.io.FileOutputStream.writeBytes(Native Method)
	at java.base/java.io.FileOutputStream.write(FileOutputStream.java:354)
	at java.base/java.io.BufferedOutputStream.flushBuffer(BufferedOutputStream.java:81)
	at java.base/java.io.BufferedOutputStream.flush(BufferedOutputStream.java:142)
	at org.eclipse.lsp4j.jsonrpc.json.StreamMessageConsumer.consume(StreamMessageConsumer.java:69)
	... 12 more

!ENTRY org.eclipse.lsp4e 4 0 2025-06-19 16:52:08.466
!MESSAGE org.eclipse.lsp4j.jsonrpc.JsonRpcException: java.io.IOException: 파이프가 닫히는 중입니다
!STACK 0
java.util.concurrent.ExecutionException: org.eclipse.lsp4j.jsonrpc.JsonRpcException: java.io.IOException: 파이프가 닫히는 중입니다
	at java.base/java.util.concurrent.CompletableFuture.reportGet(CompletableFuture.java:395)
	at java.base/java.util.concurrent.CompletableFuture.get(CompletableFuture.java:2028)
	at org.eclipse.lsp4e.LanguageServerWrapper.lambda$13(LanguageServerWrapper.java:425)
	at java.base/java.util.concurrent.CompletableFuture$AsyncRun.run(CompletableFuture.java:1736)
	at java.base/java.util.concurrent.CompletableFuture$AsyncRun.exec(CompletableFuture.java:1728)
	at java.base/java.util.concurrent.ForkJoinTask.doExec(ForkJoinTask.java:290)
	at java.base/java.util.concurrent.ForkJoinPool$WorkQueue.topLevelExec(ForkJoinPool.java:1020)
	at java.base/java.util.concurrent.ForkJoinPool.scan(ForkJoinPool.java:1656)
	at java.base/java.util.concurrent.ForkJoinPool.runWorker(ForkJoinPool.java:1594)
	at java.base/java.util.concurrent.ForkJoinWorkerThread.run(ForkJoinWorkerThread.java:183)
Caused by: org.eclipse.lsp4j.jsonrpc.JsonRpcException: java.io.IOException: 파이프가 닫히는 중입니다
	at org.eclipse.lsp4j.jsonrpc.json.StreamMessageConsumer.consume(StreamMessageConsumer.java:72)
	at org.eclipse.lsp4e.LanguageServerWrapper.lambda$4(LanguageServerWrapper.java:260)
	at org.eclipse.lsp4j.jsonrpc.RemoteEndpoint.request(RemoteEndpoint.java:161)
	at org.eclipse.lsp4j.jsonrpc.services.EndpointProxy.invoke(EndpointProxy.java:91)
	at com.sun.proxy.$Proxy66.shutdown(Unknown Source)
	at org.eclipse.lsp4e.LanguageServerWrapper.lambda$13(LanguageServerWrapper.java:423)
	... 7 more
Caused by: java.io.IOException: 파이프가 닫히는 중입니다
	at java.base/java.io.FileOutputStream.writeBytes(Native Method)
	at java.base/java.io.FileOutputStream.write(FileOutputStream.java:354)
	at java.base/java.io.BufferedOutputStream.flushBuffer(BufferedOutputStream.java:81)
	at java.base/java.io.BufferedOutputStream.flush(BufferedOutputStream.java:142)
	at org.eclipse.lsp4j.jsonrpc.json.StreamMessageConsumer.consume(StreamMessageConsumer.java:69)
	... 12 more

!ENTRY org.eclipse.lsp4e 4 0 2025-06-19 16:52:08.466
!MESSAGE org.eclipse.lsp4j.jsonrpc.JsonRpcException: java.io.IOException: 파이프가 닫히는 중입니다
!STACK 0
java.util.concurrent.ExecutionException: org.eclipse.lsp4j.jsonrpc.JsonRpcException: java.io.IOException: 파이프가 닫히는 중입니다
	at java.base/java.util.concurrent.CompletableFuture.reportGet(CompletableFuture.java:395)
	at java.base/java.util.concurrent.CompletableFuture.get(CompletableFuture.java:2028)
	at org.eclipse.lsp4e.LanguageServerWrapper.lambda$13(LanguageServerWrapper.java:425)
	at java.base/java.util.concurrent.CompletableFuture$AsyncRun.run(CompletableFuture.java:1736)
	at java.base/java.util.concurrent.CompletableFuture$AsyncRun.exec(CompletableFuture.java:1728)
	at java.base/java.util.concurrent.ForkJoinTask.doExec(ForkJoinTask.java:290)
	at java.base/java.util.concurrent.ForkJoinPool$WorkQueue.topLevelExec(ForkJoinPool.java:1020)
	at java.base/java.util.concurrent.ForkJoinPool.scan(ForkJoinPool.java:1656)
	at java.base/java.util.concurrent.ForkJoinPool.runWorker(ForkJoinPool.java:1594)
	at java.base/java.util.concurrent.ForkJoinWorkerThread.run(ForkJoinWorkerThread.java:183)
Caused by: org.eclipse.lsp4j.jsonrpc.JsonRpcException: java.io.IOException: 파이프가 닫히는 중입니다
	at org.eclipse.lsp4j.jsonrpc.json.StreamMessageConsumer.consume(StreamMessageConsumer.java:72)
	at org.eclipse.lsp4e.LanguageServerWrapper.lambda$4(LanguageServerWrapper.java:260)
	at org.eclipse.lsp4j.jsonrpc.RemoteEndpoint.request(RemoteEndpoint.java:161)
	at org.eclipse.lsp4j.jsonrpc.services.EndpointProxy.invoke(EndpointProxy.java:91)
	at com.sun.proxy.$Proxy66.shutdown(Unknown Source)
	at org.eclipse.lsp4e.LanguageServerWrapper.lambda$13(LanguageServerWrapper.java:423)
	... 7 more
Caused by: java.io.IOException: 파이프가 닫히는 중입니다
	at java.base/java.io.FileOutputStream.writeBytes(Native Method)
	at java.base/java.io.FileOutputStream.write(FileOutputStream.java:354)
	at java.base/java.io.BufferedOutputStream.flushBuffer(BufferedOutputStream.java:81)
	at java.base/java.io.BufferedOutputStream.flush(BufferedOutputStream.java:142)
	at org.eclipse.lsp4j.jsonrpc.json.StreamMessageConsumer.consume(StreamMessageConsumer.java:69)
	... 12 more

!ENTRY org.eclipse.lsp4e 4 0 2025-06-19 16:52:08.467
!MESSAGE org.eclipse.lsp4j.jsonrpc.JsonRpcException: java.io.IOException: 파이프가 닫히는 중입니다
!STACK 0
java.util.concurrent.ExecutionException: org.eclipse.lsp4j.jsonrpc.JsonRpcException: java.io.IOException: 파이프가 닫히는 중입니다
	at java.base/java.util.concurrent.CompletableFuture.reportGet(CompletableFuture.java:395)
	at java.base/java.util.concurrent.CompletableFuture.get(CompletableFuture.java:2028)
	at org.eclipse.lsp4e.LanguageServerWrapper.lambda$13(LanguageServerWrapper.java:425)
	at java.base/java.util.concurrent.CompletableFuture$AsyncRun.run(CompletableFuture.java:1736)
	at java.base/java.util.concurrent.CompletableFuture$AsyncRun.exec(CompletableFuture.java:1728)
	at java.base/java.util.concurrent.ForkJoinTask.doExec(ForkJoinTask.java:290)
	at java.base/java.util.concurrent.ForkJoinPool$WorkQueue.topLevelExec(ForkJoinPool.java:1020)
	at java.base/java.util.concurrent.ForkJoinPool.scan(ForkJoinPool.java:1656)
	at java.base/java.util.concurrent.ForkJoinPool.runWorker(ForkJoinPool.java:1594)
	at java.base/java.util.concurrent.ForkJoinWorkerThread.run(ForkJoinWorkerThread.java:183)
Caused by: org.eclipse.lsp4j.jsonrpc.JsonRpcException: java.io.IOException: 파이프가 닫히는 중입니다
	at org.eclipse.lsp4j.jsonrpc.json.StreamMessageConsumer.consume(StreamMessageConsumer.java:72)
	at org.eclipse.lsp4e.LanguageServerWrapper.lambda$4(LanguageServerWrapper.java:260)
	at org.eclipse.lsp4j.jsonrpc.RemoteEndpoint.request(RemoteEndpoint.java:161)
	at org.eclipse.lsp4j.jsonrpc.services.EndpointProxy.invoke(EndpointProxy.java:91)
	at com.sun.proxy.$Proxy66.shutdown(Unknown Source)
	at org.eclipse.lsp4e.LanguageServerWrapper.lambda$13(LanguageServerWrapper.java:423)
	... 7 more
Caused by: java.io.IOException: 파이프가 닫히는 중입니다
	at java.base/java.io.FileOutputStream.writeBytes(Native Method)
	at java.base/java.io.FileOutputStream.write(FileOutputStream.java:354)
	at java.base/java.io.BufferedOutputStream.flushBuffer(BufferedOutputStream.java:81)
	at java.base/java.io.BufferedOutputStream.flush(BufferedOutputStream.java:142)
	at org.eclipse.lsp4j.jsonrpc.json.StreamMessageConsumer.consume(StreamMessageConsumer.java:69)
	... 12 more

!ENTRY org.eclipse.lsp4e 4 0 2025-06-19 16:52:08.467
!MESSAGE org.eclipse.lsp4j.jsonrpc.JsonRpcException: java.io.IOException: 파이프가 닫히는 중입니다
!STACK 0
java.util.concurrent.ExecutionException: org.eclipse.lsp4j.jsonrpc.JsonRpcException: java.io.IOException: 파이프가 닫히는 중입니다
	at java.base/java.util.concurrent.CompletableFuture.reportGet(CompletableFuture.java:395)
	at java.base/java.util.concurrent.CompletableFuture.get(CompletableFuture.java:2028)
	at org.eclipse.lsp4e.LanguageServerWrapper.lambda$13(LanguageServerWrapper.java:425)
	at java.base/java.util.concurrent.CompletableFuture$AsyncRun.run(CompletableFuture.java:1736)
	at java.base/java.util.concurrent.CompletableFuture$AsyncRun.exec(CompletableFuture.java:1728)
	at java.base/java.util.concurrent.ForkJoinTask.doExec(ForkJoinTask.java:290)
	at java.base/java.util.concurrent.ForkJoinPool$WorkQueue.topLevelExec(ForkJoinPool.java:1020)
	at java.base/java.util.concurrent.ForkJoinPool.scan(ForkJoinPool.java:1656)
	at java.base/java.util.concurrent.ForkJoinPool.runWorker(ForkJoinPool.java:1594)
	at java.base/java.util.concurrent.ForkJoinWorkerThread.run(ForkJoinWorkerThread.java:183)
Caused by: org.eclipse.lsp4j.jsonrpc.JsonRpcException: java.io.IOException: 파이프가 닫히는 중입니다
	at org.eclipse.lsp4j.jsonrpc.json.StreamMessageConsumer.consume(StreamMessageConsumer.java:72)
	at org.eclipse.lsp4e.LanguageServerWrapper.lambda$4(LanguageServerWrapper.java:260)
	at org.eclipse.lsp4j.jsonrpc.RemoteEndpoint.request(RemoteEndpoint.java:161)
	at org.eclipse.lsp4j.jsonrpc.services.EndpointProxy.invoke(EndpointProxy.java:91)
	at com.sun.proxy.$Proxy66.shutdown(Unknown Source)
	at org.eclipse.lsp4e.LanguageServerWrapper.lambda$13(LanguageServerWrapper.java:423)
	... 7 more
Caused by: java.io.IOException: 파이프가 닫히는 중입니다
	at java.base/java.io.FileOutputStream.writeBytes(Native Method)
	at java.base/java.io.FileOutputStream.write(FileOutputStream.java:354)
	at java.base/java.io.BufferedOutputStream.flushBuffer(BufferedOutputStream.java:81)
	at java.base/java.io.BufferedOutputStream.flush(BufferedOutputStream.java:142)
	at org.eclipse.lsp4j.jsonrpc.json.StreamMessageConsumer.consume(StreamMessageConsumer.java:69)
	... 12 more

!ENTRY org.springframework.tooling.ls.eclipse.commons 1 0 2025-06-19 16:52:08.467
!MESSAGE Entering DelegatingStreamConnectionProvider()

!ENTRY org.eclipse.lsp4e 4 0 2025-06-19 16:52:08.467
!MESSAGE org.eclipse.lsp4j.jsonrpc.JsonRpcException: java.io.IOException: 파이프가 닫히는 중입니다
!STACK 0
java.util.concurrent.ExecutionException: org.eclipse.lsp4j.jsonrpc.JsonRpcException: java.io.IOException: 파이프가 닫히는 중입니다
	at java.base/java.util.concurrent.CompletableFuture.reportGet(CompletableFuture.java:395)
	at java.base/java.util.concurrent.CompletableFuture.get(CompletableFuture.java:2028)
	at org.eclipse.lsp4e.LanguageServerWrapper.lambda$13(LanguageServerWrapper.java:425)
	at java.base/java.util.concurrent.CompletableFuture$AsyncRun.run(CompletableFuture.java:1736)
	at java.base/java.util.concurrent.CompletableFuture$AsyncRun.exec(CompletableFuture.java:1728)
	at java.base/java.util.concurrent.ForkJoinTask.doExec(ForkJoinTask.java:290)
	at java.base/java.util.concurrent.ForkJoinPool$WorkQueue.topLevelExec(ForkJoinPool.java:1020)
	at java.base/java.util.concurrent.ForkJoinPool.scan(ForkJoinPool.java:1656)
	at java.base/java.util.concurrent.ForkJoinPool.runWorker(ForkJoinPool.java:1594)
	at java.base/java.util.concurrent.ForkJoinWorkerThread.run(ForkJoinWorkerThread.java:183)
Caused by: org.eclipse.lsp4j.jsonrpc.JsonRpcException: java.io.IOException: 파이프가 닫히는 중입니다
	at org.eclipse.lsp4j.jsonrpc.json.StreamMessageConsumer.consume(StreamMessageConsumer.java:72)
	at org.eclipse.lsp4e.LanguageServerWrapper.lambda$4(LanguageServerWrapper.java:260)
	at org.eclipse.lsp4j.jsonrpc.RemoteEndpoint.request(RemoteEndpoint.java:161)
	at org.eclipse.lsp4j.jsonrpc.services.EndpointProxy.invoke(EndpointProxy.java:91)
	at com.sun.proxy.$Proxy66.shutdown(Unknown Source)
	at org.eclipse.lsp4e.LanguageServerWrapper.lambda$13(LanguageServerWrapper.java:423)
	... 7 more
Caused by: java.io.IOException: 파이프가 닫히는 중입니다
	at java.base/java.io.FileOutputStream.writeBytes(Native Method)
	at java.base/java.io.FileOutputStream.write(FileOutputStream.java:354)
	at java.base/java.io.BufferedOutputStream.flushBuffer(BufferedOutputStream.java:81)
	at java.base/java.io.BufferedOutputStream.flush(BufferedOutputStream.java:142)
	at org.eclipse.lsp4j.jsonrpc.json.StreamMessageConsumer.consume(StreamMessageConsumer.java:69)
	... 12 more

!ENTRY org.springframework.tooling.ls.eclipse.commons 1 0 2025-06-19 16:52:08.467
!MESSAGE Entering DelegatingStreamConnectionProvider()

!ENTRY org.springframework.tooling.ls.eclipse.commons 1 0 2025-06-19 16:52:08.467
!MESSAGE Entering DelegatingStreamConnectionProvider()

!ENTRY org.springframework.tooling.ls.eclipse.commons 1 0 2025-06-19 16:52:08.468
!MESSAGE Entering DelegatingStreamConnectionProvider()

!ENTRY org.springframework.tooling.ls.eclipse.commons 1 0 2025-06-19 16:52:08.468
!MESSAGE DelegatingStreamConnectionProvider classloader = org.eclipse.osgi.internal.loader.EquinoxClassLoader@56fdb4db[org.springframework.tooling.boot.ls:1.28.0.202109130547(id=1001)]

!ENTRY org.springframework.tooling.ls.eclipse.commons 1 0 2025-06-19 16:52:08.468
!MESSAGE DelegatingStreamConnectionProvider classloader = org.eclipse.osgi.internal.loader.EquinoxClassLoader@56fdb4db[org.springframework.tooling.boot.ls:1.28.0.202109130547(id=1001)]

!ENTRY org.eclipse.lsp4e 4 0 2025-06-19 16:52:08.468
!MESSAGE org.eclipse.lsp4j.jsonrpc.JsonRpcException: java.io.IOException: 파이프가 닫히는 중입니다
!STACK 0
java.util.concurrent.ExecutionException: org.eclipse.lsp4j.jsonrpc.JsonRpcException: java.io.IOException: 파이프가 닫히는 중입니다
	at java.base/java.util.concurrent.CompletableFuture.reportGet(CompletableFuture.java:395)
	at java.base/java.util.concurrent.CompletableFuture.get(CompletableFuture.java:2028)
	at org.eclipse.lsp4e.LanguageServerWrapper.lambda$13(LanguageServerWrapper.java:425)
	at java.base/java.util.concurrent.CompletableFuture$AsyncRun.run(CompletableFuture.java:1736)
	at java.base/java.util.concurrent.CompletableFuture$AsyncRun.exec(CompletableFuture.java:1728)
	at java.base/java.util.concurrent.ForkJoinTask.doExec(ForkJoinTask.java:290)
	at java.base/java.util.concurrent.ForkJoinPool$WorkQueue.topLevelExec(ForkJoinPool.java:1020)
	at java.base/java.util.concurrent.ForkJoinPool.scan(ForkJoinPool.java:1656)
	at java.base/java.util.concurrent.ForkJoinPool.runWorker(ForkJoinPool.java:1594)
	at java.base/java.util.concurrent.ForkJoinWorkerThread.run(ForkJoinWorkerThread.java:183)
Caused by: org.eclipse.lsp4j.jsonrpc.JsonRpcException: java.io.IOException: 파이프가 닫히는 중입니다
	at org.eclipse.lsp4j.jsonrpc.json.StreamMessageConsumer.consume(StreamMessageConsumer.java:72)
	at org.eclipse.lsp4e.LanguageServerWrapper.lambda$4(LanguageServerWrapper.java:260)
	at org.eclipse.lsp4j.jsonrpc.RemoteEndpoint.request(RemoteEndpoint.java:161)
	at org.eclipse.lsp4j.jsonrpc.services.EndpointProxy.invoke(EndpointProxy.java:91)
	at com.sun.proxy.$Proxy66.shutdown(Unknown Source)
	at org.eclipse.lsp4e.LanguageServerWrapper.lambda$13(LanguageServerWrapper.java:423)
	... 7 more
Caused by: java.io.IOException: 파이프가 닫히는 중입니다
	at java.base/java.io.FileOutputStream.writeBytes(Native Method)
	at java.base/java.io.FileOutputStream.write(FileOutputStream.java:354)
	at java.base/java.io.BufferedOutputStream.flushBuffer(BufferedOutputStream.java:81)
	at java.base/java.io.BufferedOutputStream.flush(BufferedOutputStream.java:142)
	at org.eclipse.lsp4j.jsonrpc.json.StreamMessageConsumer.consume(StreamMessageConsumer.java:69)
	... 12 more

!ENTRY org.springframework.tooling.ls.eclipse.commons 1 0 2025-06-19 16:52:08.468
!MESSAGE DelegatingStreamConnectionProvider classloader = org.eclipse.osgi.internal.loader.EquinoxClassLoader@56fdb4db[org.springframework.tooling.boot.ls:1.28.0.202109130547(id=1001)]

!ENTRY org.springframework.tooling.ls.eclipse.commons 1 0 2025-06-19 16:52:08.468
!MESSAGE Entering DelegatingStreamConnectionProvider()

!ENTRY org.eclipse.lsp4e 4 0 2025-06-19 16:52:08.468
!MESSAGE org.eclipse.lsp4j.jsonrpc.JsonRpcException: java.io.IOException: 파이프가 닫히는 중입니다
!STACK 0
java.util.concurrent.ExecutionException: org.eclipse.lsp4j.jsonrpc.JsonRpcException: java.io.IOException: 파이프가 닫히는 중입니다
	at java.base/java.util.concurrent.CompletableFuture.reportGet(CompletableFuture.java:395)
	at java.base/java.util.concurrent.CompletableFuture.get(CompletableFuture.java:2028)
	at org.eclipse.lsp4e.LanguageServerWrapper.lambda$13(LanguageServerWrapper.java:425)
	at java.base/java.util.concurrent.CompletableFuture$AsyncRun.run(CompletableFuture.java:1736)
	at java.base/java.util.concurrent.CompletableFuture$AsyncRun.exec(CompletableFuture.java:1728)
	at java.base/java.util.concurrent.ForkJoinTask.doExec(ForkJoinTask.java:290)
	at java.base/java.util.concurrent.ForkJoinPool$WorkQueue.topLevelExec(ForkJoinPool.java:1020)
	at java.base/java.util.concurrent.ForkJoinPool.scan(ForkJoinPool.java:1656)
	at java.base/java.util.concurrent.ForkJoinPool.runWorker(ForkJoinPool.java:1594)
	at java.base/java.util.concurrent.ForkJoinWorkerThread.run(ForkJoinWorkerThread.java:183)
Caused by: org.eclipse.lsp4j.jsonrpc.JsonRpcException: java.io.IOException: 파이프가 닫히는 중입니다
	at org.eclipse.lsp4j.jsonrpc.json.StreamMessageConsumer.consume(StreamMessageConsumer.java:72)
	at org.eclipse.lsp4e.LanguageServerWrapper.lambda$4(LanguageServerWrapper.java:260)
	at org.eclipse.lsp4j.jsonrpc.RemoteEndpoint.request(RemoteEndpoint.java:161)
	at org.eclipse.lsp4j.jsonrpc.services.EndpointProxy.invoke(EndpointProxy.java:91)
	at com.sun.proxy.$Proxy66.shutdown(Unknown Source)
	at org.eclipse.lsp4e.LanguageServerWrapper.lambda$13(LanguageServerWrapper.java:423)
	... 7 more
Caused by: java.io.IOException: 파이프가 닫히는 중입니다
	at java.base/java.io.FileOutputStream.writeBytes(Native Method)
	at java.base/java.io.FileOutputStream.write(FileOutputStream.java:354)
	at java.base/java.io.BufferedOutputStream.flushBuffer(BufferedOutputStream.java:81)
	at java.base/java.io.BufferedOutputStream.flush(BufferedOutputStream.java:142)
	at org.eclipse.lsp4j.jsonrpc.json.StreamMessageConsumer.consume(StreamMessageConsumer.java:69)
	... 12 more

!ENTRY org.springframework.tooling.ls.eclipse.commons 1 0 2025-06-19 16:52:08.468
!MESSAGE Entering DelegatingStreamConnectionProvider()

!ENTRY org.eclipse.lsp4e 4 0 2025-06-19 16:52:08.469
!MESSAGE org.eclipse.lsp4j.jsonrpc.JsonRpcException: java.io.IOException: 파이프가 닫히는 중입니다
!STACK 0
java.util.concurrent.ExecutionException: org.eclipse.lsp4j.jsonrpc.JsonRpcException: java.io.IOException: 파이프가 닫히는 중입니다
	at java.base/java.util.concurrent.CompletableFuture.reportGet(CompletableFuture.java:395)
	at java.base/java.util.concurrent.CompletableFuture.get(CompletableFuture.java:2028)
	at org.eclipse.lsp4e.LanguageServerWrapper.lambda$13(LanguageServerWrapper.java:425)
	at java.base/java.util.concurrent.CompletableFuture$AsyncRun.run(CompletableFuture.java:1736)
	at java.base/java.util.concurrent.CompletableFuture$AsyncRun.exec(CompletableFuture.java:1728)
	at java.base/java.util.concurrent.ForkJoinTask.doExec(ForkJoinTask.java:290)
	at java.base/java.util.concurrent.ForkJoinPool$WorkQueue.topLevelExec(ForkJoinPool.java:1020)
	at java.base/java.util.concurrent.ForkJoinPool.scan(ForkJoinPool.java:1656)
	at java.base/java.util.concurrent.ForkJoinPool.runWorker(ForkJoinPool.java:1594)
	at java.base/java.util.concurrent.ForkJoinWorkerThread.run(ForkJoinWorkerThread.java:183)
Caused by: org.eclipse.lsp4j.jsonrpc.JsonRpcException: java.io.IOException: 파이프가 닫히는 중입니다
	at org.eclipse.lsp4j.jsonrpc.json.StreamMessageConsumer.consume(StreamMessageConsumer.java:72)
	at org.eclipse.lsp4e.LanguageServerWrapper.lambda$4(LanguageServerWrapper.java:260)
	at org.eclipse.lsp4j.jsonrpc.RemoteEndpoint.request(RemoteEndpoint.java:161)
	at org.eclipse.lsp4j.jsonrpc.services.EndpointProxy.invoke(EndpointProxy.java:91)
	at com.sun.proxy.$Proxy66.shutdown(Unknown Source)
	at org.eclipse.lsp4e.LanguageServerWrapper.lambda$13(LanguageServerWrapper.java:423)
	... 7 more
Caused by: java.io.IOException: 파이프가 닫히는 중입니다
	at java.base/java.io.FileOutputStream.writeBytes(Native Method)
	at java.base/java.io.FileOutputStream.write(FileOutputStream.java:354)
	at java.base/java.io.BufferedOutputStream.flushBuffer(BufferedOutputStream.java:81)
	at java.base/java.io.BufferedOutputStream.flush(BufferedOutputStream.java:142)
	at org.eclipse.lsp4j.jsonrpc.json.StreamMessageConsumer.consume(StreamMessageConsumer.java:69)
	... 12 more

!ENTRY org.eclipse.lsp4e 4 0 2025-06-19 16:52:08.469
!MESSAGE org.eclipse.lsp4j.jsonrpc.JsonRpcException: java.io.IOException: 파이프가 닫히는 중입니다
!STACK 0
java.util.concurrent.ExecutionException: org.eclipse.lsp4j.jsonrpc.JsonRpcException: java.io.IOException: 파이프가 닫히는 중입니다
	at java.base/java.util.concurrent.CompletableFuture.reportGet(CompletableFuture.java:395)
	at java.base/java.util.concurrent.CompletableFuture.get(CompletableFuture.java:2028)
	at org.eclipse.lsp4e.LanguageServerWrapper.lambda$13(LanguageServerWrapper.java:425)
	at java.base/java.util.concurrent.CompletableFuture$AsyncRun.run(CompletableFuture.java:1736)
	at java.base/java.util.concurrent.CompletableFuture$AsyncRun.exec(CompletableFuture.java:1728)
	at java.base/java.util.concurrent.ForkJoinTask.doExec(ForkJoinTask.java:290)
	at java.base/java.util.concurrent.ForkJoinPool$WorkQueue.topLevelExec(ForkJoinPool.java:1020)
	at java.base/java.util.concurrent.ForkJoinPool.scan(ForkJoinPool.java:1656)
	at java.base/java.util.concurrent.ForkJoinPool.runWorker(ForkJoinPool.java:1594)
	at java.base/java.util.concurrent.ForkJoinWorkerThread.run(ForkJoinWorkerThread.java:183)
Caused by: org.eclipse.lsp4j.jsonrpc.JsonRpcException: java.io.IOException: 파이프가 닫히는 중입니다
	at org.eclipse.lsp4j.jsonrpc.json.StreamMessageConsumer.consume(StreamMessageConsumer.java:72)
	at org.eclipse.lsp4e.LanguageServerWrapper.lambda$4(LanguageServerWrapper.java:260)
	at org.eclipse.lsp4j.jsonrpc.RemoteEndpoint.request(RemoteEndpoint.java:161)
	at org.eclipse.lsp4j.jsonrpc.services.EndpointProxy.invoke(EndpointProxy.java:91)
	at com.sun.proxy.$Proxy66.shutdown(Unknown Source)
	at org.eclipse.lsp4e.LanguageServerWrapper.lambda$13(LanguageServerWrapper.java:423)
	... 7 more
Caused by: java.io.IOException: 파이프가 닫히는 중입니다
	at java.base/java.io.FileOutputStream.writeBytes(Native Method)
	at java.base/java.io.FileOutputStream.write(FileOutputStream.java:354)
	at java.base/java.io.BufferedOutputStream.flushBuffer(BufferedOutputStream.java:81)
	at java.base/java.io.BufferedOutputStream.flush(BufferedOutputStream.java:142)
	at org.eclipse.lsp4j.jsonrpc.json.StreamMessageConsumer.consume(StreamMessageConsumer.java:69)
	... 12 more

!ENTRY org.springframework.tooling.ls.eclipse.commons 1 0 2025-06-19 16:52:08.469
!MESSAGE Entering DelegatingStreamConnectionProvider()

!ENTRY org.eclipse.lsp4e 4 0 2025-06-19 16:52:08.469
!MESSAGE org.eclipse.lsp4j.jsonrpc.JsonRpcException: java.io.IOException: 파이프가 닫히는 중입니다
!STACK 0
java.util.concurrent.ExecutionException: org.eclipse.lsp4j.jsonrpc.JsonRpcException: java.io.IOException: 파이프가 닫히는 중입니다
	at java.base/java.util.concurrent.CompletableFuture.reportGet(CompletableFuture.java:395)
	at java.base/java.util.concurrent.CompletableFuture.get(CompletableFuture.java:2028)
	at org.eclipse.lsp4e.LanguageServerWrapper.lambda$13(LanguageServerWrapper.java:425)
	at java.base/java.util.concurrent.CompletableFuture$AsyncRun.run(CompletableFuture.java:1736)
	at java.base/java.util.concurrent.CompletableFuture$AsyncRun.exec(CompletableFuture.java:1728)
	at java.base/java.util.concurrent.ForkJoinTask.doExec(ForkJoinTask.java:290)
	at java.base/java.util.concurrent.ForkJoinPool$WorkQueue.topLevelExec(ForkJoinPool.java:1020)
	at java.base/java.util.concurrent.ForkJoinPool.scan(ForkJoinPool.java:1656)
	at java.base/java.util.concurrent.ForkJoinPool.runWorker(ForkJoinPool.java:1594)
	at java.base/java.util.concurrent.ForkJoinWorkerThread.run(ForkJoinWorkerThread.java:183)
Caused by: org.eclipse.lsp4j.jsonrpc.JsonRpcException: java.io.IOException: 파이프가 닫히는 중입니다
	at org.eclipse.lsp4j.jsonrpc.json.StreamMessageConsumer.consume(StreamMessageConsumer.java:72)
	at org.eclipse.lsp4e.LanguageServerWrapper.lambda$4(LanguageServerWrapper.java:260)
	at org.eclipse.lsp4j.jsonrpc.RemoteEndpoint.request(RemoteEndpoint.java:161)
	at org.eclipse.lsp4j.jsonrpc.services.EndpointProxy.invoke(EndpointProxy.java:91)
	at com.sun.proxy.$Proxy66.shutdown(Unknown Source)
	at org.eclipse.lsp4e.LanguageServerWrapper.lambda$13(LanguageServerWrapper.java:423)
	... 7 more
Caused by: java.io.IOException: 파이프가 닫히는 중입니다
	at java.base/java.io.FileOutputStream.writeBytes(Native Method)
	at java.base/java.io.FileOutputStream.write(FileOutputStream.java:354)
	at java.base/java.io.BufferedOutputStream.flushBuffer(BufferedOutputStream.java:81)
	at java.base/java.io.BufferedOutputStream.flush(BufferedOutputStream.java:142)
	at org.eclipse.lsp4j.jsonrpc.json.StreamMessageConsumer.consume(StreamMessageConsumer.java:69)
	... 12 more

!ENTRY org.springframework.tooling.ls.eclipse.commons 1 0 2025-06-19 16:52:08.469
!MESSAGE Entering DelegatingStreamConnectionProvider()

!ENTRY org.springframework.tooling.ls.eclipse.commons 1 0 2025-06-19 16:52:08.469
!MESSAGE SpringBootLanguageServer exists!

!ENTRY org.springframework.tooling.ls.eclipse.commons 1 0 2025-06-19 16:52:08.470
!MESSAGE SpringBootLanguageServer exists!

!ENTRY org.springframework.tooling.ls.eclipse.commons 1 0 2025-06-19 16:52:08.470
!MESSAGE DelegatingStreamConnectionProvider classloader = org.eclipse.osgi.internal.loader.EquinoxClassLoader@56fdb4db[org.springframework.tooling.boot.ls:1.28.0.202109130547(id=1001)]

!ENTRY org.springframework.tooling.ls.eclipse.commons 1 0 2025-06-19 16:52:08.470
!MESSAGE DelegatingStreamConnectionProvider classloader = org.eclipse.osgi.internal.loader.EquinoxClassLoader@56fdb4db[org.springframework.tooling.boot.ls:1.28.0.202109130547(id=1001)]

!ENTRY org.springframework.tooling.ls.eclipse.commons 1 0 2025-06-19 16:52:08.470
!MESSAGE Entering DelegatingStreamConnectionProvider()

!ENTRY org.springframework.tooling.ls.eclipse.commons 1 0 2025-06-19 16:52:08.470
!MESSAGE DelegatingStreamConnectionProvider classloader = org.eclipse.osgi.internal.loader.EquinoxClassLoader@56fdb4db[org.springframework.tooling.boot.ls:1.28.0.202109130547(id=1001)]

!ENTRY org.eclipse.lsp4e 4 0 2025-06-19 16:52:08.470
!MESSAGE org.eclipse.lsp4j.jsonrpc.JsonRpcException: java.io.IOException: 파이프가 닫히는 중입니다
!STACK 0
java.util.concurrent.ExecutionException: org.eclipse.lsp4j.jsonrpc.JsonRpcException: java.io.IOException: 파이프가 닫히는 중입니다
	at java.base/java.util.concurrent.CompletableFuture.reportGet(CompletableFuture.java:395)
	at java.base/java.util.concurrent.CompletableFuture.get(CompletableFuture.java:2028)
	at org.eclipse.lsp4e.LanguageServerWrapper.lambda$13(LanguageServerWrapper.java:425)
	at java.base/java.util.concurrent.CompletableFuture$AsyncRun.run(CompletableFuture.java:1736)
	at java.base/java.util.concurrent.CompletableFuture$AsyncRun.exec(CompletableFuture.java:1728)
	at java.base/java.util.concurrent.ForkJoinTask.doExec(ForkJoinTask.java:290)
	at java.base/java.util.concurrent.ForkJoinPool$WorkQueue.topLevelExec(ForkJoinPool.java:1020)
	at java.base/java.util.concurrent.ForkJoinPool.scan(ForkJoinPool.java:1656)
	at java.base/java.util.concurrent.ForkJoinPool.runWorker(ForkJoinPool.java:1594)
	at java.base/java.util.concurrent.ForkJoinWorkerThread.run(ForkJoinWorkerThread.java:183)
Caused by: org.eclipse.lsp4j.jsonrpc.JsonRpcException: java.io.IOException: 파이프가 닫히는 중입니다
	at org.eclipse.lsp4j.jsonrpc.json.StreamMessageConsumer.consume(StreamMessageConsumer.java:72)
	at org.eclipse.lsp4e.LanguageServerWrapper.lambda$4(LanguageServerWrapper.java:260)
	at org.eclipse.lsp4j.jsonrpc.RemoteEndpoint.request(RemoteEndpoint.java:161)
	at org.eclipse.lsp4j.jsonrpc.services.EndpointProxy.invoke(EndpointProxy.java:91)
	at com.sun.proxy.$Proxy66.shutdown(Unknown Source)
	at org.eclipse.lsp4e.LanguageServerWrapper.lambda$13(LanguageServerWrapper.java:423)
	... 7 more
Caused by: java.io.IOException: 파이프가 닫히는 중입니다
	at java.base/java.io.FileOutputStream.writeBytes(Native Method)
	at java.base/java.io.FileOutputStream.write(FileOutputStream.java:354)
	at java.base/java.io.BufferedOutputStream.flushBuffer(BufferedOutputStream.java:81)
	at java.base/java.io.BufferedOutputStream.flush(BufferedOutputStream.java:142)
	at org.eclipse.lsp4j.jsonrpc.json.StreamMessageConsumer.consume(StreamMessageConsumer.java:69)
	... 12 more

!ENTRY org.springframework.tooling.ls.eclipse.commons 1 0 2025-06-19 16:52:08.470
!MESSAGE Entering DelegatingStreamConnectionProvider()

!ENTRY org.springframework.tooling.ls.eclipse.commons 1 0 2025-06-19 16:52:08.470
!MESSAGE DelegatingStreamConnectionProvider classloader = org.eclipse.osgi.internal.loader.EquinoxClassLoader@56fdb4db[org.springframework.tooling.boot.ls:1.28.0.202109130547(id=1001)]

!ENTRY org.springframework.tooling.ls.eclipse.commons 1 0 2025-06-19 16:52:08.471
!MESSAGE DelegatingStreamConnectionProvider classloader = org.eclipse.osgi.internal.loader.EquinoxClassLoader@56fdb4db[org.springframework.tooling.boot.ls:1.28.0.202109130547(id=1001)]

!ENTRY org.springframework.tooling.ls.eclipse.commons 1 0 2025-06-19 16:52:08.471
!MESSAGE Entering DelegatingStreamConnectionProvider()

!ENTRY org.springframework.tooling.ls.eclipse.commons 1 0 2025-06-19 16:52:08.471
!MESSAGE SpringBootLanguageServer exists!

!ENTRY org.springframework.tooling.ls.eclipse.commons 1 0 2025-06-19 16:52:08.471
!MESSAGE SpringBootLanguageServer exists!

!ENTRY org.springframework.tooling.ls.eclipse.commons 1 0 2025-06-19 16:52:08.471
!MESSAGE SpringBootLanguageServer exists!

!ENTRY org.springframework.tooling.ls.eclipse.commons 1 0 2025-06-19 16:52:08.471
!MESSAGE DelegatingStreamConnectionProvider classloader = org.eclipse.osgi.internal.loader.EquinoxClassLoader@56fdb4db[org.springframework.tooling.boot.ls:1.28.0.202109130547(id=1001)]

!ENTRY org.springframework.tooling.ls.eclipse.commons 1 0 2025-06-19 16:52:08.471
!MESSAGE DelegatingStreamConnectionProvider classloader = org.eclipse.osgi.internal.loader.EquinoxClassLoader@56fdb4db[org.springframework.tooling.boot.ls:1.28.0.202109130547(id=1001)]

!ENTRY org.springframework.tooling.ls.eclipse.commons 1 0 2025-06-19 16:52:08.473
!MESSAGE SpringBootLanguageServer exists!

!ENTRY org.springframework.tooling.ls.eclipse.commons 1 0 2025-06-19 16:52:08.473
!MESSAGE SpringBootLanguageServer exists!

!ENTRY org.springframework.tooling.ls.eclipse.commons 1 0 2025-06-19 16:52:08.473
!MESSAGE DelegatingStreamConnectionProvider classloader = org.eclipse.osgi.internal.loader.EquinoxClassLoader@56fdb4db[org.springframework.tooling.boot.ls:1.28.0.202109130547(id=1001)]

!ENTRY org.eclipse.lsp4e 4 0 2025-06-19 16:52:08.473
!MESSAGE org.eclipse.lsp4j.jsonrpc.JsonRpcException: java.io.IOException: 파이프가 닫히는 중입니다
!STACK 0
java.util.concurrent.ExecutionException: org.eclipse.lsp4j.jsonrpc.JsonRpcException: java.io.IOException: 파이프가 닫히는 중입니다
	at java.base/java.util.concurrent.CompletableFuture.reportGet(CompletableFuture.java:395)
	at java.base/java.util.concurrent.CompletableFuture.get(CompletableFuture.java:2028)
	at org.eclipse.lsp4e.LanguageServerWrapper.lambda$13(LanguageServerWrapper.java:425)
	at java.base/java.util.concurrent.CompletableFuture$AsyncRun.run(CompletableFuture.java:1736)
	at java.base/java.util.concurrent.CompletableFuture$AsyncRun.exec(CompletableFuture.java:1728)
	at java.base/java.util.concurrent.ForkJoinTask.doExec(ForkJoinTask.java:290)
	at java.base/java.util.concurrent.ForkJoinPool$WorkQueue.topLevelExec(ForkJoinPool.java:1020)
	at java.base/java.util.concurrent.ForkJoinPool.scan(ForkJoinPool.java:1656)
	at java.base/java.util.concurrent.ForkJoinPool.runWorker(ForkJoinPool.java:1594)
	at java.base/java.util.concurrent.ForkJoinWorkerThread.run(ForkJoinWorkerThread.java:183)
Caused by: org.eclipse.lsp4j.jsonrpc.JsonRpcException: java.io.IOException: 파이프가 닫히는 중입니다
	at org.eclipse.lsp4j.jsonrpc.json.StreamMessageConsumer.consume(StreamMessageConsumer.java:72)
	at org.eclipse.lsp4e.LanguageServerWrapper.lambda$4(LanguageServerWrapper.java:260)
	at org.eclipse.lsp4j.jsonrpc.RemoteEndpoint.request(RemoteEndpoint.java:161)
	at org.eclipse.lsp4j.jsonrpc.services.EndpointProxy.invoke(EndpointProxy.java:91)
	at com.sun.proxy.$Proxy66.shutdown(Unknown Source)
	at org.eclipse.lsp4e.LanguageServerWrapper.lambda$13(LanguageServerWrapper.java:423)
	... 7 more
Caused by: java.io.IOException: 파이프가 닫히는 중입니다
	at java.base/java.io.FileOutputStream.writeBytes(Native Method)
	at java.base/java.io.FileOutputStream.write(FileOutputStream.java:354)
	at java.base/java.io.BufferedOutputStream.flushBuffer(BufferedOutputStream.java:81)
	at java.base/java.io.BufferedOutputStream.flush(BufferedOutputStream.java:142)
	at org.eclipse.lsp4j.jsonrpc.json.StreamMessageConsumer.consume(StreamMessageConsumer.java:69)
	... 12 more

!ENTRY org.springframework.tooling.ls.eclipse.commons 1 0 2025-06-19 16:52:08.473
!MESSAGE SpringBootLanguageServer exists!

!ENTRY org.springframework.tooling.ls.eclipse.commons 1 0 2025-06-19 16:52:08.473
!MESSAGE DelegatingStreamConnectionProvider classloader = org.eclipse.osgi.internal.loader.EquinoxClassLoader@56fdb4db[org.springframework.tooling.boot.ls:1.28.0.202109130547(id=1001)]

!ENTRY org.springframework.tooling.ls.eclipse.commons 1 0 2025-06-19 16:52:08.474
!MESSAGE SpringBootLanguageServer exists!

!ENTRY org.springframework.tooling.ls.eclipse.commons 1 0 2025-06-19 16:52:08.474
!MESSAGE SpringBootLanguageServer exists!

!ENTRY org.eclipse.lsp4e 4 0 2025-06-19 16:52:08.474
!MESSAGE org.eclipse.lsp4j.jsonrpc.JsonRpcException: java.io.IOException: 파이프가 닫히는 중입니다
!STACK 0
java.util.concurrent.ExecutionException: org.eclipse.lsp4j.jsonrpc.JsonRpcException: java.io.IOException: 파이프가 닫히는 중입니다
	at java.base/java.util.concurrent.CompletableFuture.reportGet(CompletableFuture.java:395)
	at java.base/java.util.concurrent.CompletableFuture.get(CompletableFuture.java:2028)
	at org.eclipse.lsp4e.LanguageServerWrapper.lambda$13(LanguageServerWrapper.java:425)
	at java.base/java.util.concurrent.CompletableFuture$AsyncRun.run(CompletableFuture.java:1736)
	at java.base/java.util.concurrent.CompletableFuture$AsyncRun.exec(CompletableFuture.java:1728)
	at java.base/java.util.concurrent.ForkJoinTask.doExec(ForkJoinTask.java:290)
	at java.base/java.util.concurrent.ForkJoinPool$WorkQueue.topLevelExec(ForkJoinPool.java:1020)
	at java.base/java.util.concurrent.ForkJoinPool.scan(ForkJoinPool.java:1656)
	at java.base/java.util.concurrent.ForkJoinPool.runWorker(ForkJoinPool.java:1594)
	at java.base/java.util.concurrent.ForkJoinWorkerThread.run(ForkJoinWorkerThread.java:183)
Caused by: org.eclipse.lsp4j.jsonrpc.JsonRpcException: java.io.IOException: 파이프가 닫히는 중입니다
	at org.eclipse.lsp4j.jsonrpc.json.StreamMessageConsumer.consume(StreamMessageConsumer.java:72)
	at org.eclipse.lsp4e.LanguageServerWrapper.lambda$4(LanguageServerWrapper.java:260)
	at org.eclipse.lsp4j.jsonrpc.RemoteEndpoint.request(RemoteEndpoint.java:161)
	at org.eclipse.lsp4j.jsonrpc.services.EndpointProxy.invoke(EndpointProxy.java:91)
	at com.sun.proxy.$Proxy66.shutdown(Unknown Source)
	at org.eclipse.lsp4e.LanguageServerWrapper.lambda$13(LanguageServerWrapper.java:423)
	... 7 more
Caused by: java.io.IOException: 파이프가 닫히는 중입니다
	at java.base/java.io.FileOutputStream.writeBytes(Native Method)
	at java.base/java.io.FileOutputStream.write(FileOutputStream.java:354)
	at java.base/java.io.BufferedOutputStream.flushBuffer(BufferedOutputStream.java:81)
	at java.base/java.io.BufferedOutputStream.flush(BufferedOutputStream.java:142)
	at org.eclipse.lsp4j.jsonrpc.json.StreamMessageConsumer.consume(StreamMessageConsumer.java:69)
	... 12 more

!ENTRY org.springframework.tooling.ls.eclipse.commons 1 0 2025-06-19 16:52:08.474
!MESSAGE SpringBootLanguageServer exists!

!ENTRY org.springframework.tooling.ls.eclipse.commons 1 0 2025-06-19 16:52:08.474
!MESSAGE Entering DelegatingStreamConnectionProvider()

!ENTRY org.springframework.tooling.ls.eclipse.commons 1 0 2025-06-19 16:52:08.475
!MESSAGE SpringBootLanguageServer exists!

!ENTRY org.springframework.tooling.ls.eclipse.commons 1 0 2025-06-19 16:52:08.475
!MESSAGE SpringBootLanguageServer exists!

!ENTRY org.springframework.tooling.ls.eclipse.commons 1 0 2025-06-19 16:52:08.475
!MESSAGE SpringBootLanguageServer exists!

!ENTRY org.eclipse.lsp4e 4 0 2025-06-19 16:52:08.475
!MESSAGE org.eclipse.lsp4j.jsonrpc.JsonRpcException: java.io.IOException: 파이프가 닫히는 중입니다
!STACK 0
java.util.concurrent.ExecutionException: org.eclipse.lsp4j.jsonrpc.JsonRpcException: java.io.IOException: 파이프가 닫히는 중입니다
	at java.base/java.util.concurrent.CompletableFuture.reportGet(CompletableFuture.java:395)
	at java.base/java.util.concurrent.CompletableFuture.get(CompletableFuture.java:2028)
	at org.eclipse.lsp4e.LanguageServerWrapper.lambda$13(LanguageServerWrapper.java:425)
	at java.base/java.util.concurrent.CompletableFuture$AsyncRun.run(CompletableFuture.java:1736)
	at java.base/java.util.concurrent.CompletableFuture$AsyncRun.exec(CompletableFuture.java:1728)
	at java.base/java.util.concurrent.ForkJoinTask.doExec(ForkJoinTask.java:290)
	at java.base/java.util.concurrent.ForkJoinPool$WorkQueue.topLevelExec(ForkJoinPool.java:1020)
	at java.base/java.util.concurrent.ForkJoinPool.scan(ForkJoinPool.java:1656)
	at java.base/java.util.concurrent.ForkJoinPool.runWorker(ForkJoinPool.java:1594)
	at java.base/java.util.concurrent.ForkJoinWorkerThread.run(ForkJoinWorkerThread.java:183)
Caused by: org.eclipse.lsp4j.jsonrpc.JsonRpcException: java.io.IOException: 파이프가 닫히는 중입니다
	at org.eclipse.lsp4j.jsonrpc.json.StreamMessageConsumer.consume(StreamMessageConsumer.java:72)
	at org.eclipse.lsp4e.LanguageServerWrapper.lambda$4(LanguageServerWrapper.java:260)
	at org.eclipse.lsp4j.jsonrpc.RemoteEndpoint.request(RemoteEndpoint.java:161)
	at org.eclipse.lsp4j.jsonrpc.services.EndpointProxy.invoke(EndpointProxy.java:91)
	at com.sun.proxy.$Proxy66.shutdown(Unknown Source)
	at org.eclipse.lsp4e.LanguageServerWrapper.lambda$13(LanguageServerWrapper.java:423)
	... 7 more
Caused by: java.io.IOException: 파이프가 닫히는 중입니다
	at java.base/java.io.FileOutputStream.writeBytes(Native Method)
	at java.base/java.io.FileOutputStream.write(FileOutputStream.java:354)
	at java.base/java.io.BufferedOutputStream.flushBuffer(BufferedOutputStream.java:81)
	at java.base/java.io.BufferedOutputStream.flush(BufferedOutputStream.java:142)
	at org.eclipse.lsp4j.jsonrpc.json.StreamMessageConsumer.consume(StreamMessageConsumer.java:69)
	... 12 more

!ENTRY org.springframework.tooling.ls.eclipse.commons 1 0 2025-06-19 16:52:08.475
!MESSAGE DelegatingStreamConnectionProvider classloader = org.eclipse.osgi.internal.loader.EquinoxClassLoader@56fdb4db[org.springframework.tooling.boot.ls:1.28.0.202109130547(id=1001)]

!ENTRY org.springframework.tooling.ls.eclipse.commons 1 0 2025-06-19 16:52:08.475
!MESSAGE Entering DelegatingStreamConnectionProvider()

!ENTRY org.springframework.tooling.ls.eclipse.commons 1 0 2025-06-19 16:52:08.476
!MESSAGE SpringBootLanguageServer exists!

!ENTRY org.springframework.tooling.ls.eclipse.commons 1 0 2025-06-19 16:52:08.476
!MESSAGE Entering DelegatingStreamConnectionProvider()

!ENTRY org.springframework.tooling.ls.eclipse.commons 1 0 2025-06-19 16:52:08.476
!MESSAGE DelegatingStreamConnectionProvider classloader = org.eclipse.osgi.internal.loader.EquinoxClassLoader@56fdb4db[org.springframework.tooling.boot.ls:1.28.0.202109130547(id=1001)]

!ENTRY org.springframework.tooling.ls.eclipse.commons 1 0 2025-06-19 16:52:08.476
!MESSAGE DelegatingStreamConnectionProvider classloader = org.eclipse.osgi.internal.loader.EquinoxClassLoader@56fdb4db[org.springframework.tooling.boot.ls:1.28.0.202109130547(id=1001)]

!ENTRY org.springframework.tooling.ls.eclipse.commons 1 0 2025-06-19 16:52:08.476
!MESSAGE SpringBootLanguageServer exists!

!ENTRY org.eclipse.lsp4e 4 0 2025-06-19 16:52:08.477
!MESSAGE org.eclipse.lsp4j.jsonrpc.JsonRpcException: java.io.IOException: 파이프가 닫히는 중입니다
!STACK 0
java.util.concurrent.ExecutionException: org.eclipse.lsp4j.jsonrpc.JsonRpcException: java.io.IOException: 파이프가 닫히는 중입니다
	at java.base/java.util.concurrent.CompletableFuture.reportGet(CompletableFuture.java:395)
	at java.base/java.util.concurrent.CompletableFuture.get(CompletableFuture.java:2028)
	at org.eclipse.lsp4e.LanguageServerWrapper.lambda$13(LanguageServerWrapper.java:425)
	at java.base/java.util.concurrent.CompletableFuture$AsyncRun.run(CompletableFuture.java:1736)
	at java.base/java.util.concurrent.CompletableFuture$AsyncRun.exec(CompletableFuture.java:1728)
	at java.base/java.util.concurrent.ForkJoinTask.doExec(ForkJoinTask.java:290)
	at java.base/java.util.concurrent.ForkJoinPool$WorkQueue.topLevelExec(ForkJoinPool.java:1020)
	at java.base/java.util.concurrent.ForkJoinPool.scan(ForkJoinPool.java:1656)
	at java.base/java.util.concurrent.ForkJoinPool.runWorker(ForkJoinPool.java:1594)
	at java.base/java.util.concurrent.ForkJoinWorkerThread.run(ForkJoinWorkerThread.java:183)
Caused by: org.eclipse.lsp4j.jsonrpc.JsonRpcException: java.io.IOException: 파이프가 닫히는 중입니다
	at org.eclipse.lsp4j.jsonrpc.json.StreamMessageConsumer.consume(StreamMessageConsumer.java:72)
	at org.eclipse.lsp4e.LanguageServerWrapper.lambda$4(LanguageServerWrapper.java:260)
	at org.eclipse.lsp4j.jsonrpc.RemoteEndpoint.request(RemoteEndpoint.java:161)
	at org.eclipse.lsp4j.jsonrpc.services.EndpointProxy.invoke(EndpointProxy.java:91)
	at com.sun.proxy.$Proxy66.shutdown(Unknown Source)
	at org.eclipse.lsp4e.LanguageServerWrapper.lambda$13(LanguageServerWrapper.java:423)
	... 7 more
Caused by: java.io.IOException: 파이프가 닫히는 중입니다
	at java.base/java.io.FileOutputStream.writeBytes(Native Method)
	at java.base/java.io.FileOutputStream.write(FileOutputStream.java:354)
	at java.base/java.io.BufferedOutputStream.flushBuffer(BufferedOutputStream.java:81)
	at java.base/java.io.BufferedOutputStream.flush(BufferedOutputStream.java:142)
	at org.eclipse.lsp4j.jsonrpc.json.StreamMessageConsumer.consume(StreamMessageConsumer.java:69)
	... 12 more

!ENTRY org.springframework.tooling.ls.eclipse.commons 1 0 2025-06-19 16:52:08.477
!MESSAGE Entering DelegatingStreamConnectionProvider()

!ENTRY org.springframework.tooling.ls.eclipse.commons 1 0 2025-06-19 16:52:08.477
!MESSAGE SpringBootLanguageServer exists!

!ENTRY org.eclipse.lsp4e 4 0 2025-06-19 16:52:08.477
!MESSAGE org.eclipse.lsp4j.jsonrpc.JsonRpcException: java.io.IOException: 파이프가 닫히는 중입니다
!STACK 0
java.util.concurrent.ExecutionException: org.eclipse.lsp4j.jsonrpc.JsonRpcException: java.io.IOException: 파이프가 닫히는 중입니다
	at java.base/java.util.concurrent.CompletableFuture.reportGet(CompletableFuture.java:395)
	at java.base/java.util.concurrent.CompletableFuture.get(CompletableFuture.java:2028)
	at org.eclipse.lsp4e.LanguageServerWrapper.lambda$13(LanguageServerWrapper.java:425)
	at java.base/java.util.concurrent.CompletableFuture$AsyncRun.run(CompletableFuture.java:1736)
	at java.base/java.util.concurrent.CompletableFuture$AsyncRun.exec(CompletableFuture.java:1728)
	at java.base/java.util.concurrent.ForkJoinTask.doExec(ForkJoinTask.java:290)
	at java.base/java.util.concurrent.ForkJoinPool$WorkQueue.topLevelExec(ForkJoinPool.java:1020)
	at java.base/java.util.concurrent.ForkJoinPool.scan(ForkJoinPool.java:1656)
	at java.base/java.util.concurrent.ForkJoinPool.runWorker(ForkJoinPool.java:1594)
	at java.base/java.util.concurrent.ForkJoinWorkerThread.run(ForkJoinWorkerThread.java:183)
Caused by: org.eclipse.lsp4j.jsonrpc.JsonRpcException: java.io.IOException: 파이프가 닫히는 중입니다
	at org.eclipse.lsp4j.jsonrpc.json.StreamMessageConsumer.consume(StreamMessageConsumer.java:72)
	at org.eclipse.lsp4e.LanguageServerWrapper.lambda$4(LanguageServerWrapper.java:260)
	at org.eclipse.lsp4j.jsonrpc.RemoteEndpoint.request(RemoteEndpoint.java:161)
	at org.eclipse.lsp4j.jsonrpc.services.EndpointProxy.invoke(EndpointProxy.java:91)
	at com.sun.proxy.$Proxy66.shutdown(Unknown Source)
	at org.eclipse.lsp4e.LanguageServerWrapper.lambda$13(LanguageServerWrapper.java:423)
	... 7 more
Caused by: java.io.IOException: 파이프가 닫히는 중입니다
	at java.base/java.io.FileOutputStream.writeBytes(Native Method)
	at java.base/java.io.FileOutputStream.write(FileOutputStream.java:354)
	at java.base/java.io.BufferedOutputStream.flushBuffer(BufferedOutputStream.java:81)
	at java.base/java.io.BufferedOutputStream.flush(BufferedOutputStream.java:142)
	at org.eclipse.lsp4j.jsonrpc.json.StreamMessageConsumer.consume(StreamMessageConsumer.java:69)
	... 12 more

!ENTRY org.springframework.tooling.ls.eclipse.commons 1 0 2025-06-19 16:52:08.477
!MESSAGE DelegatingStreamConnectionProvider classloader = org.eclipse.osgi.internal.loader.EquinoxClassLoader@56fdb4db[org.springframework.tooling.boot.ls:1.28.0.202109130547(id=1001)]

!ENTRY org.springframework.tooling.ls.eclipse.commons 1 0 2025-06-19 16:52:08.477
!MESSAGE Entering DelegatingStreamConnectionProvider()

!ENTRY org.springframework.tooling.ls.eclipse.commons 1 0 2025-06-19 16:52:08.477
!MESSAGE SpringBootLanguageServer exists!

!ENTRY org.springframework.tooling.ls.eclipse.commons 1 0 2025-06-19 16:52:08.477
!MESSAGE DelegatingStreamConnectionProvider classloader = org.eclipse.osgi.internal.loader.EquinoxClassLoader@56fdb4db[org.springframework.tooling.boot.ls:1.28.0.202109130547(id=1001)]

!ENTRY org.springframework.tooling.ls.eclipse.commons 1 0 2025-06-19 16:52:08.479
!MESSAGE SpringBootLanguageServer exists!

!ENTRY org.springframework.tooling.ls.eclipse.commons 1 0 2025-06-19 16:52:08.518
!MESSAGE Entering DelegatingStreamConnectionProvider()

!ENTRY org.eclipse.lsp4e 4 0 2025-06-19 16:52:08.520
!MESSAGE org.eclipse.lsp4j.jsonrpc.JsonRpcException: java.io.IOException: 파이프가 닫히는 중입니다
!STACK 0
java.util.concurrent.ExecutionException: org.eclipse.lsp4j.jsonrpc.JsonRpcException: java.io.IOException: 파이프가 닫히는 중입니다
	at java.base/java.util.concurrent.CompletableFuture.reportGet(CompletableFuture.java:395)
	at java.base/java.util.concurrent.CompletableFuture.get(CompletableFuture.java:2028)
	at org.eclipse.lsp4e.LanguageServerWrapper.lambda$13(LanguageServerWrapper.java:425)
	at java.base/java.util.concurrent.CompletableFuture$AsyncRun.run(CompletableFuture.java:1736)
	at java.base/java.util.concurrent.CompletableFuture$AsyncRun.exec(CompletableFuture.java:1728)
	at java.base/java.util.concurrent.ForkJoinTask.doExec(ForkJoinTask.java:290)
	at java.base/java.util.concurrent.ForkJoinPool$WorkQueue.topLevelExec(ForkJoinPool.java:1020)
	at java.base/java.util.concurrent.ForkJoinPool.scan(ForkJoinPool.java:1656)
	at java.base/java.util.concurrent.ForkJoinPool.runWorker(ForkJoinPool.java:1594)
	at java.base/java.util.concurrent.ForkJoinWorkerThread.run(ForkJoinWorkerThread.java:183)
Caused by: org.eclipse.lsp4j.jsonrpc.JsonRpcException: java.io.IOException: 파이프가 닫히는 중입니다
	at org.eclipse.lsp4j.jsonrpc.json.StreamMessageConsumer.consume(StreamMessageConsumer.java:72)
	at org.eclipse.lsp4e.LanguageServerWrapper.lambda$4(LanguageServerWrapper.java:260)
	at org.eclipse.lsp4j.jsonrpc.RemoteEndpoint.request(RemoteEndpoint.java:161)
	at org.eclipse.lsp4j.jsonrpc.services.EndpointProxy.invoke(EndpointProxy.java:91)
	at com.sun.proxy.$Proxy66.shutdown(Unknown Source)
	at org.eclipse.lsp4e.LanguageServerWrapper.lambda$13(LanguageServerWrapper.java:423)
	... 7 more
Caused by: java.io.IOException: 파이프가 닫히는 중입니다
	at java.base/java.io.FileOutputStream.writeBytes(Native Method)
	at java.base/java.io.FileOutputStream.write(FileOutputStream.java:354)
	at java.base/java.io.BufferedOutputStream.flushBuffer(BufferedOutputStream.java:81)
	at java.base/java.io.BufferedOutputStream.flush(BufferedOutputStream.java:142)
	at org.eclipse.lsp4j.jsonrpc.json.StreamMessageConsumer.consume(StreamMessageConsumer.java:69)
	... 12 more

!ENTRY org.eclipse.lsp4e 4 0 2025-06-19 16:52:08.520
!MESSAGE org.eclipse.lsp4j.jsonrpc.JsonRpcException: java.io.IOException: 파이프가 닫히는 중입니다
!STACK 0
java.util.concurrent.ExecutionException: org.eclipse.lsp4j.jsonrpc.JsonRpcException: java.io.IOException: 파이프가 닫히는 중입니다
	at java.base/java.util.concurrent.CompletableFuture.reportGet(CompletableFuture.java:395)
	at java.base/java.util.concurrent.CompletableFuture.get(CompletableFuture.java:2028)
	at org.eclipse.lsp4e.LanguageServerWrapper.lambda$13(LanguageServerWrapper.java:425)
	at java.base/java.util.concurrent.CompletableFuture$AsyncRun.run(CompletableFuture.java:1736)
	at java.base/java.util.concurrent.CompletableFuture$AsyncRun.exec(CompletableFuture.java:1728)
	at java.base/java.util.concurrent.ForkJoinTask.doExec(ForkJoinTask.java:290)
	at java.base/java.util.concurrent.ForkJoinPool$WorkQueue.topLevelExec(ForkJoinPool.java:1020)
	at java.base/java.util.concurrent.ForkJoinPool.scan(ForkJoinPool.java:1656)
	at java.base/java.util.concurrent.ForkJoinPool.runWorker(ForkJoinPool.java:1594)
	at java.base/java.util.concurrent.ForkJoinWorkerThread.run(ForkJoinWorkerThread.java:183)
Caused by: org.eclipse.lsp4j.jsonrpc.JsonRpcException: java.io.IOException: 파이프가 닫히는 중입니다
	at org.eclipse.lsp4j.jsonrpc.json.StreamMessageConsumer.consume(StreamMessageConsumer.java:72)
	at org.eclipse.lsp4e.LanguageServerWrapper.lambda$4(LanguageServerWrapper.java:260)
	at org.eclipse.lsp4j.jsonrpc.RemoteEndpoint.request(RemoteEndpoint.java:161)
	at org.eclipse.lsp4j.jsonrpc.services.EndpointProxy.invoke(EndpointProxy.java:91)
	at com.sun.proxy.$Proxy66.shutdown(Unknown Source)
	at org.eclipse.lsp4e.LanguageServerWrapper.lambda$13(LanguageServerWrapper.java:423)
	... 7 more
Caused by: java.io.IOException: 파이프가 닫히는 중입니다
	at java.base/java.io.FileOutputStream.writeBytes(Native Method)
	at java.base/java.io.FileOutputStream.write(FileOutputStream.java:354)
	at java.base/java.io.BufferedOutputStream.flushBuffer(BufferedOutputStream.java:81)
	at java.base/java.io.BufferedOutputStream.flush(BufferedOutputStream.java:142)
	at org.eclipse.lsp4j.jsonrpc.json.StreamMessageConsumer.consume(StreamMessageConsumer.java:69)
	... 12 more

!ENTRY org.springframework.tooling.ls.eclipse.commons 1 0 2025-06-19 16:52:08.520
!MESSAGE Entering DelegatingStreamConnectionProvider()

!ENTRY org.eclipse.lsp4e 4 0 2025-06-19 16:52:08.520
!MESSAGE org.eclipse.lsp4j.jsonrpc.JsonRpcException: java.io.IOException: 파이프가 닫히는 중입니다
!STACK 0
java.util.concurrent.ExecutionException: org.eclipse.lsp4j.jsonrpc.JsonRpcException: java.io.IOException: 파이프가 닫히는 중입니다
	at java.base/java.util.concurrent.CompletableFuture.reportGet(CompletableFuture.java:395)
	at java.base/java.util.concurrent.CompletableFuture.get(CompletableFuture.java:2028)
	at org.eclipse.lsp4e.LanguageServerWrapper.lambda$13(LanguageServerWrapper.java:425)
	at java.base/java.util.concurrent.CompletableFuture$AsyncRun.run(CompletableFuture.java:1736)
	at java.base/java.util.concurrent.CompletableFuture$AsyncRun.exec(CompletableFuture.java:1728)
	at java.base/java.util.concurrent.ForkJoinTask.doExec(ForkJoinTask.java:290)
	at java.base/java.util.concurrent.ForkJoinPool$WorkQueue.topLevelExec(ForkJoinPool.java:1020)
	at java.base/java.util.concurrent.ForkJoinPool.scan(ForkJoinPool.java:1656)
	at java.base/java.util.concurrent.ForkJoinPool.runWorker(ForkJoinPool.java:1594)
	at java.base/java.util.concurrent.ForkJoinWorkerThread.run(ForkJoinWorkerThread.java:183)
Caused by: org.eclipse.lsp4j.jsonrpc.JsonRpcException: java.io.IOException: 파이프가 닫히는 중입니다
	at org.eclipse.lsp4j.jsonrpc.json.StreamMessageConsumer.consume(StreamMessageConsumer.java:72)
	at org.eclipse.lsp4e.LanguageServerWrapper.lambda$4(LanguageServerWrapper.java:260)
	at org.eclipse.lsp4j.jsonrpc.RemoteEndpoint.request(RemoteEndpoint.java:161)
	at org.eclipse.lsp4j.jsonrpc.services.EndpointProxy.invoke(EndpointProxy.java:91)
	at com.sun.proxy.$Proxy66.shutdown(Unknown Source)
	at org.eclipse.lsp4e.LanguageServerWrapper.lambda$13(LanguageServerWrapper.java:423)
	... 7 more
Caused by: java.io.IOException: 파이프가 닫히는 중입니다
	at java.base/java.io.FileOutputStream.writeBytes(Native Method)
	at java.base/java.io.FileOutputStream.write(FileOutputStream.java:354)
	at java.base/java.io.BufferedOutputStream.flushBuffer(BufferedOutputStream.java:81)
	at java.base/java.io.BufferedOutputStream.flush(BufferedOutputStream.java:142)
	at org.eclipse.lsp4j.jsonrpc.json.StreamMessageConsumer.consume(StreamMessageConsumer.java:69)
	... 12 more

!ENTRY org.eclipse.lsp4e 4 0 2025-06-19 16:52:08.520
!MESSAGE org.eclipse.lsp4j.jsonrpc.JsonRpcException: java.io.IOException: 파이프가 닫히는 중입니다
!STACK 0
java.util.concurrent.ExecutionException: org.eclipse.lsp4j.jsonrpc.JsonRpcException: java.io.IOException: 파이프가 닫히는 중입니다
	at java.base/java.util.concurrent.CompletableFuture.reportGet(CompletableFuture.java:395)
	at java.base/java.util.concurrent.CompletableFuture.get(CompletableFuture.java:2028)
	at org.eclipse.lsp4e.LanguageServerWrapper.lambda$13(LanguageServerWrapper.java:425)
	at java.base/java.util.concurrent.CompletableFuture$AsyncRun.run(CompletableFuture.java:1736)
	at java.base/java.util.concurrent.CompletableFuture$AsyncRun.exec(CompletableFuture.java:1728)
	at java.base/java.util.concurrent.ForkJoinTask.doExec(ForkJoinTask.java:290)
	at java.base/java.util.concurrent.ForkJoinPool$WorkQueue.topLevelExec(ForkJoinPool.java:1020)
	at java.base/java.util.concurrent.ForkJoinPool.scan(ForkJoinPool.java:1656)
	at java.base/java.util.concurrent.ForkJoinPool.runWorker(ForkJoinPool.java:1594)
	at java.base/java.util.concurrent.ForkJoinWorkerThread.run(ForkJoinWorkerThread.java:183)
Caused by: org.eclipse.lsp4j.jsonrpc.JsonRpcException: java.io.IOException: 파이프가 닫히는 중입니다
	at org.eclipse.lsp4j.jsonrpc.json.StreamMessageConsumer.consume(StreamMessageConsumer.java:72)
	at org.eclipse.lsp4e.LanguageServerWrapper.lambda$4(LanguageServerWrapper.java:260)
	at org.eclipse.lsp4j.jsonrpc.RemoteEndpoint.request(RemoteEndpoint.java:161)
	at org.eclipse.lsp4j.jsonrpc.services.EndpointProxy.invoke(EndpointProxy.java:91)
	at com.sun.proxy.$Proxy66.shutdown(Unknown Source)
	at org.eclipse.lsp4e.LanguageServerWrapper.lambda$13(LanguageServerWrapper.java:423)
	... 7 more
Caused by: java.io.IOException: 파이프가 닫히는 중입니다
	at java.base/java.io.FileOutputStream.writeBytes(Native Method)
	at java.base/java.io.FileOutputStream.write(FileOutputStream.java:354)
	at java.base/java.io.BufferedOutputStream.flushBuffer(BufferedOutputStream.java:81)
	at java.base/java.io.BufferedOutputStream.flush(BufferedOutputStream.java:142)
	at org.eclipse.lsp4j.jsonrpc.json.StreamMessageConsumer.consume(StreamMessageConsumer.java:69)
	... 12 more

!ENTRY org.springframework.tooling.ls.eclipse.commons 1 0 2025-06-19 16:52:08.521
!MESSAGE Entering DelegatingStreamConnectionProvider()

!ENTRY org.springframework.tooling.ls.eclipse.commons 1 0 2025-06-19 16:52:08.521
!MESSAGE Entering DelegatingStreamConnectionProvider()

!ENTRY org.springframework.tooling.ls.eclipse.commons 1 0 2025-06-19 16:52:08.521
!MESSAGE DelegatingStreamConnectionProvider classloader = org.eclipse.osgi.internal.loader.EquinoxClassLoader@56fdb4db[org.springframework.tooling.boot.ls:1.28.0.202109130547(id=1001)]

!ENTRY org.springframework.tooling.ls.eclipse.commons 1 0 2025-06-19 16:52:08.521
!MESSAGE Entering DelegatingStreamConnectionProvider()

!ENTRY org.eclipse.lsp4e 4 0 2025-06-19 16:52:08.521
!MESSAGE org.eclipse.lsp4j.jsonrpc.JsonRpcException: java.io.IOException: 파이프가 닫히는 중입니다
!STACK 0
java.util.concurrent.ExecutionException: org.eclipse.lsp4j.jsonrpc.JsonRpcException: java.io.IOException: 파이프가 닫히는 중입니다
	at java.base/java.util.concurrent.CompletableFuture.reportGet(CompletableFuture.java:395)
	at java.base/java.util.concurrent.CompletableFuture.get(CompletableFuture.java:2028)
	at org.eclipse.lsp4e.LanguageServerWrapper.lambda$13(LanguageServerWrapper.java:425)
	at java.base/java.util.concurrent.CompletableFuture$AsyncRun.run(CompletableFuture.java:1736)
	at java.base/java.util.concurrent.CompletableFuture$AsyncRun.exec(CompletableFuture.java:1728)
	at java.base/java.util.concurrent.ForkJoinTask.doExec(ForkJoinTask.java:290)
	at java.base/java.util.concurrent.ForkJoinPool$WorkQueue.topLevelExec(ForkJoinPool.java:1020)
	at java.base/java.util.concurrent.ForkJoinPool.scan(ForkJoinPool.java:1656)
	at java.base/java.util.concurrent.ForkJoinPool.runWorker(ForkJoinPool.java:1594)
	at java.base/java.util.concurrent.ForkJoinWorkerThread.run(ForkJoinWorkerThread.java:183)
Caused by: org.eclipse.lsp4j.jsonrpc.JsonRpcException: java.io.IOException: 파이프가 닫히는 중입니다
	at org.eclipse.lsp4j.jsonrpc.json.StreamMessageConsumer.consume(StreamMessageConsumer.java:72)
	at org.eclipse.lsp4e.LanguageServerWrapper.lambda$4(LanguageServerWrapper.java:260)
	at org.eclipse.lsp4j.jsonrpc.RemoteEndpoint.request(RemoteEndpoint.java:161)
	at org.eclipse.lsp4j.jsonrpc.services.EndpointProxy.invoke(EndpointProxy.java:91)
	at com.sun.proxy.$Proxy66.shutdown(Unknown Source)
	at org.eclipse.lsp4e.LanguageServerWrapper.lambda$13(LanguageServerWrapper.java:423)
	... 7 more
Caused by: java.io.IOException: 파이프가 닫히는 중입니다
	at java.base/java.io.FileOutputStream.writeBytes(Native Method)
	at java.base/java.io.FileOutputStream.write(FileOutputStream.java:354)
	at java.base/java.io.BufferedOutputStream.flushBuffer(BufferedOutputStream.java:81)
	at java.base/java.io.BufferedOutputStream.flush(BufferedOutputStream.java:142)
	at org.eclipse.lsp4j.jsonrpc.json.StreamMessageConsumer.consume(StreamMessageConsumer.java:69)
	... 12 more

!ENTRY org.eclipse.lsp4e 4 0 2025-06-19 16:52:08.521
!MESSAGE org.eclipse.lsp4j.jsonrpc.JsonRpcException: java.io.IOException: 파이프가 닫히는 중입니다
!STACK 0
java.util.concurrent.ExecutionException: org.eclipse.lsp4j.jsonrpc.JsonRpcException: java.io.IOException: 파이프가 닫히는 중입니다
	at java.base/java.util.concurrent.CompletableFuture.reportGet(CompletableFuture.java:395)
	at java.base/java.util.concurrent.CompletableFuture.get(CompletableFuture.java:2028)
	at org.eclipse.lsp4e.LanguageServerWrapper.lambda$13(LanguageServerWrapper.java:425)
	at java.base/java.util.concurrent.CompletableFuture$AsyncRun.run(CompletableFuture.java:1736)
	at java.base/java.util.concurrent.CompletableFuture$AsyncRun.exec(CompletableFuture.java:1728)
	at java.base/java.util.concurrent.ForkJoinTask.doExec(ForkJoinTask.java:290)
	at java.base/java.util.concurrent.ForkJoinPool$WorkQueue.topLevelExec(ForkJoinPool.java:1020)
	at java.base/java.util.concurrent.ForkJoinPool.scan(ForkJoinPool.java:1656)
	at java.base/java.util.concurrent.ForkJoinPool.runWorker(ForkJoinPool.java:1594)
	at java.base/java.util.concurrent.ForkJoinWorkerThread.run(ForkJoinWorkerThread.java:183)
Caused by: org.eclipse.lsp4j.jsonrpc.JsonRpcException: java.io.IOException: 파이프가 닫히는 중입니다
	at org.eclipse.lsp4j.jsonrpc.json.StreamMessageConsumer.consume(StreamMessageConsumer.java:72)
	at org.eclipse.lsp4e.LanguageServerWrapper.lambda$4(LanguageServerWrapper.java:260)
	at org.eclipse.lsp4j.jsonrpc.RemoteEndpoint.request(RemoteEndpoint.java:161)
	at org.eclipse.lsp4j.jsonrpc.services.EndpointProxy.invoke(EndpointProxy.java:91)
	at com.sun.proxy.$Proxy66.shutdown(Unknown Source)
	at org.eclipse.lsp4e.LanguageServerWrapper.lambda$13(LanguageServerWrapper.java:423)
	... 7 more
Caused by: java.io.IOException: 파이프가 닫히는 중입니다
	at java.base/java.io.FileOutputStream.writeBytes(Native Method)
	at java.base/java.io.FileOutputStream.write(FileOutputStream.java:354)
	at java.base/java.io.BufferedOutputStream.flushBuffer(BufferedOutputStream.java:81)
	at java.base/java.io.BufferedOutputStream.flush(BufferedOutputStream.java:142)
	at org.eclipse.lsp4j.jsonrpc.json.StreamMessageConsumer.consume(StreamMessageConsumer.java:69)
	... 12 more

!ENTRY org.springframework.tooling.ls.eclipse.commons 1 0 2025-06-19 16:52:08.522
!MESSAGE Entering DelegatingStreamConnectionProvider()

!ENTRY org.eclipse.lsp4e 4 0 2025-06-19 16:52:08.522
!MESSAGE org.eclipse.lsp4j.jsonrpc.JsonRpcException: java.io.IOException: 파이프가 닫히는 중입니다
!STACK 0
java.util.concurrent.ExecutionException: org.eclipse.lsp4j.jsonrpc.JsonRpcException: java.io.IOException: 파이프가 닫히는 중입니다
	at java.base/java.util.concurrent.CompletableFuture.reportGet(CompletableFuture.java:395)
	at java.base/java.util.concurrent.CompletableFuture.get(CompletableFuture.java:2028)
	at org.eclipse.lsp4e.LanguageServerWrapper.lambda$13(LanguageServerWrapper.java:425)
	at java.base/java.util.concurrent.CompletableFuture$AsyncRun.run(CompletableFuture.java:1736)
	at java.base/java.util.concurrent.CompletableFuture$AsyncRun.exec(CompletableFuture.java:1728)
	at java.base/java.util.concurrent.ForkJoinTask.doExec(ForkJoinTask.java:290)
	at java.base/java.util.concurrent.ForkJoinPool$WorkQueue.topLevelExec(ForkJoinPool.java:1020)
	at java.base/java.util.concurrent.ForkJoinPool.scan(ForkJoinPool.java:1656)
	at java.base/java.util.concurrent.ForkJoinPool.runWorker(ForkJoinPool.java:1594)
	at java.base/java.util.concurrent.ForkJoinWorkerThread.run(ForkJoinWorkerThread.java:183)
Caused by: org.eclipse.lsp4j.jsonrpc.JsonRpcException: java.io.IOException: 파이프가 닫히는 중입니다
	at org.eclipse.lsp4j.jsonrpc.json.StreamMessageConsumer.consume(StreamMessageConsumer.java:72)
	at org.eclipse.lsp4e.LanguageServerWrapper.lambda$4(LanguageServerWrapper.java:260)
	at org.eclipse.lsp4j.jsonrpc.RemoteEndpoint.request(RemoteEndpoint.java:161)
	at org.eclipse.lsp4j.jsonrpc.services.EndpointProxy.invoke(EndpointProxy.java:91)
	at com.sun.proxy.$Proxy66.shutdown(Unknown Source)
	at org.eclipse.lsp4e.LanguageServerWrapper.lambda$13(LanguageServerWrapper.java:423)
	... 7 more
Caused by: java.io.IOException: 파이프가 닫히는 중입니다
	at java.base/java.io.FileOutputStream.writeBytes(Native Method)
	at java.base/java.io.FileOutputStream.write(FileOutputStream.java:354)
	at java.base/java.io.BufferedOutputStream.flushBuffer(BufferedOutputStream.java:81)
	at java.base/java.io.BufferedOutputStream.flush(BufferedOutputStream.java:142)
	at org.eclipse.lsp4j.jsonrpc.json.StreamMessageConsumer.consume(StreamMessageConsumer.java:69)
	... 12 more

!ENTRY org.eclipse.lsp4e 4 0 2025-06-19 16:52:08.522
!MESSAGE org.eclipse.lsp4j.jsonrpc.JsonRpcException: java.io.IOException: 파이프가 닫히는 중입니다
!STACK 0
java.util.concurrent.ExecutionException: org.eclipse.lsp4j.jsonrpc.JsonRpcException: java.io.IOException: 파이프가 닫히는 중입니다
	at java.base/java.util.concurrent.CompletableFuture.reportGet(CompletableFuture.java:395)
	at java.base/java.util.concurrent.CompletableFuture.get(CompletableFuture.java:2028)
	at org.eclipse.lsp4e.LanguageServerWrapper.lambda$13(LanguageServerWrapper.java:425)
	at java.base/java.util.concurrent.CompletableFuture$AsyncRun.run(CompletableFuture.java:1736)
	at java.base/java.util.concurrent.CompletableFuture$AsyncRun.exec(CompletableFuture.java:1728)
	at java.base/java.util.concurrent.ForkJoinTask.doExec(ForkJoinTask.java:290)
	at java.base/java.util.concurrent.ForkJoinPool$WorkQueue.topLevelExec(ForkJoinPool.java:1020)
	at java.base/java.util.concurrent.ForkJoinPool.scan(ForkJoinPool.java:1656)
	at java.base/java.util.concurrent.ForkJoinPool.runWorker(ForkJoinPool.java:1594)
	at java.base/java.util.concurrent.ForkJoinWorkerThread.run(ForkJoinWorkerThread.java:183)
Caused by: org.eclipse.lsp4j.jsonrpc.JsonRpcException: java.io.IOException: 파이프가 닫히는 중입니다
	at org.eclipse.lsp4j.jsonrpc.json.StreamMessageConsumer.consume(StreamMessageConsumer.java:72)
	at org.eclipse.lsp4e.LanguageServerWrapper.lambda$4(LanguageServerWrapper.java:260)
	at org.eclipse.lsp4j.jsonrpc.RemoteEndpoint.request(RemoteEndpoint.java:161)
	at org.eclipse.lsp4j.jsonrpc.services.EndpointProxy.invoke(EndpointProxy.java:91)
	at com.sun.proxy.$Proxy66.shutdown(Unknown Source)
	at org.eclipse.lsp4e.LanguageServerWrapper.lambda$13(LanguageServerWrapper.java:423)
	... 7 more
Caused by: java.io.IOException: 파이프가 닫히는 중입니다
	at java.base/java.io.FileOutputStream.writeBytes(Native Method)
	at java.base/java.io.FileOutputStream.write(FileOutputStream.java:354)
	at java.base/java.io.BufferedOutputStream.flushBuffer(BufferedOutputStream.java:81)
	at java.base/java.io.BufferedOutputStream.flush(BufferedOutputStream.java:142)
	at org.eclipse.lsp4j.jsonrpc.json.StreamMessageConsumer.consume(StreamMessageConsumer.java:69)
	... 12 more

!ENTRY org.springframework.tooling.ls.eclipse.commons 1 0 2025-06-19 16:52:08.522
!MESSAGE Entering DelegatingStreamConnectionProvider()

!ENTRY org.springframework.tooling.ls.eclipse.commons 1 0 2025-06-19 16:52:08.522
!MESSAGE DelegatingStreamConnectionProvider classloader = org.eclipse.osgi.internal.loader.EquinoxClassLoader@56fdb4db[org.springframework.tooling.boot.ls:1.28.0.202109130547(id=1001)]

!ENTRY org.springframework.tooling.ls.eclipse.commons 1 0 2025-06-19 16:52:08.522
!MESSAGE Entering DelegatingStreamConnectionProvider()

!ENTRY org.springframework.tooling.ls.eclipse.commons 1 0 2025-06-19 16:52:08.522
!MESSAGE DelegatingStreamConnectionProvider classloader = org.eclipse.osgi.internal.loader.EquinoxClassLoader@56fdb4db[org.springframework.tooling.boot.ls:1.28.0.202109130547(id=1001)]

!ENTRY org.springframework.tooling.ls.eclipse.commons 1 0 2025-06-19 16:52:08.523
!MESSAGE SpringBootLanguageServer exists!

!ENTRY org.eclipse.lsp4e 4 0 2025-06-19 16:52:08.523
!MESSAGE org.eclipse.lsp4j.jsonrpc.JsonRpcException: java.io.IOException: 파이프가 닫히는 중입니다
!STACK 0
java.util.concurrent.ExecutionException: org.eclipse.lsp4j.jsonrpc.JsonRpcException: java.io.IOException: 파이프가 닫히는 중입니다
	at java.base/java.util.concurrent.CompletableFuture.reportGet(CompletableFuture.java:395)
	at java.base/java.util.concurrent.CompletableFuture.get(CompletableFuture.java:2028)
	at org.eclipse.lsp4e.LanguageServerWrapper.lambda$13(LanguageServerWrapper.java:425)
	at java.base/java.util.concurrent.CompletableFuture$AsyncRun.run(CompletableFuture.java:1736)
	at java.base/java.util.concurrent.CompletableFuture$AsyncRun.exec(CompletableFuture.java:1728)
	at java.base/java.util.concurrent.ForkJoinTask.doExec(ForkJoinTask.java:290)
	at java.base/java.util.concurrent.ForkJoinPool$WorkQueue.topLevelExec(ForkJoinPool.java:1020)
	at java.base/java.util.concurrent.ForkJoinPool.scan(ForkJoinPool.java:1656)
	at java.base/java.util.concurrent.ForkJoinPool.runWorker(ForkJoinPool.java:1594)
	at java.base/java.util.concurrent.ForkJoinWorkerThread.run(ForkJoinWorkerThread.java:183)
Caused by: org.eclipse.lsp4j.jsonrpc.JsonRpcException: java.io.IOException: 파이프가 닫히는 중입니다
	at org.eclipse.lsp4j.jsonrpc.json.StreamMessageConsumer.consume(StreamMessageConsumer.java:72)
	at org.eclipse.lsp4e.LanguageServerWrapper.lambda$4(LanguageServerWrapper.java:260)
	at org.eclipse.lsp4j.jsonrpc.RemoteEndpoint.request(RemoteEndpoint.java:161)
	at org.eclipse.lsp4j.jsonrpc.services.EndpointProxy.invoke(EndpointProxy.java:91)
	at com.sun.proxy.$Proxy66.shutdown(Unknown Source)
	at org.eclipse.lsp4e.LanguageServerWrapper.lambda$13(LanguageServerWrapper.java:423)
	... 7 more
Caused by: java.io.IOException: 파이프가 닫히는 중입니다
	at java.base/java.io.FileOutputStream.writeBytes(Native Method)
	at java.base/java.io.FileOutputStream.write(FileOutputStream.java:354)
	at java.base/java.io.BufferedOutputStream.flushBuffer(BufferedOutputStream.java:81)
	at java.base/java.io.BufferedOutputStream.flush(BufferedOutputStream.java:142)
	at org.eclipse.lsp4j.jsonrpc.json.StreamMessageConsumer.consume(StreamMessageConsumer.java:69)
	... 12 more

!ENTRY org.springframework.tooling.ls.eclipse.commons 1 0 2025-06-19 16:52:08.523
!MESSAGE DelegatingStreamConnectionProvider classloader = org.eclipse.osgi.internal.loader.EquinoxClassLoader@56fdb4db[org.springframework.tooling.boot.ls:1.28.0.202109130547(id=1001)]

!ENTRY org.springframework.tooling.ls.eclipse.commons 1 0 2025-06-19 16:52:08.523
!MESSAGE Entering DelegatingStreamConnectionProvider()

!ENTRY org.springframework.tooling.ls.eclipse.commons 1 0 2025-06-19 16:52:08.523
!MESSAGE DelegatingStreamConnectionProvider classloader = org.eclipse.osgi.internal.loader.EquinoxClassLoader@56fdb4db[org.springframework.tooling.boot.ls:1.28.0.202109130547(id=1001)]

!ENTRY org.eclipse.lsp4e 4 0 2025-06-19 16:52:08.523
!MESSAGE org.eclipse.lsp4j.jsonrpc.JsonRpcException: java.io.IOException: 파이프가 닫히는 중입니다
!STACK 0
java.util.concurrent.ExecutionException: org.eclipse.lsp4j.jsonrpc.JsonRpcException: java.io.IOException: 파이프가 닫히는 중입니다
	at java.base/java.util.concurrent.CompletableFuture.reportGet(CompletableFuture.java:395)
	at java.base/java.util.concurrent.CompletableFuture.get(CompletableFuture.java:2028)
	at org.eclipse.lsp4e.LanguageServerWrapper.lambda$13(LanguageServerWrapper.java:425)
	at java.base/java.util.concurrent.CompletableFuture$AsyncRun.run(CompletableFuture.java:1736)
	at java.base/java.util.concurrent.CompletableFuture$AsyncRun.exec(CompletableFuture.java:1728)
	at java.base/java.util.concurrent.ForkJoinTask.doExec(ForkJoinTask.java:290)
	at java.base/java.util.concurrent.ForkJoinPool$WorkQueue.topLevelExec(ForkJoinPool.java:1020)
	at java.base/java.util.concurrent.ForkJoinPool.scan(ForkJoinPool.java:1656)
	at java.base/java.util.concurrent.ForkJoinPool.runWorker(ForkJoinPool.java:1594)
	at java.base/java.util.concurrent.ForkJoinWorkerThread.run(ForkJoinWorkerThread.java:183)
Caused by: org.eclipse.lsp4j.jsonrpc.JsonRpcException: java.io.IOException: 파이프가 닫히는 중입니다
	at org.eclipse.lsp4j.jsonrpc.json.StreamMessageConsumer.consume(StreamMessageConsumer.java:72)
	at org.eclipse.lsp4e.LanguageServerWrapper.lambda$4(LanguageServerWrapper.java:260)
	at org.eclipse.lsp4j.jsonrpc.RemoteEndpoint.request(RemoteEndpoint.java:161)
	at org.eclipse.lsp4j.jsonrpc.services.EndpointProxy.invoke(EndpointProxy.java:91)
	at com.sun.proxy.$Proxy66.shutdown(Unknown Source)
	at org.eclipse.lsp4e.LanguageServerWrapper.lambda$13(LanguageServerWrapper.java:423)
	... 7 more
Caused by: java.io.IOException: 파이프가 닫히는 중입니다
	at java.base/java.io.FileOutputStream.writeBytes(Native Method)
	at java.base/java.io.FileOutputStream.write(FileOutputStream.java:354)
	at java.base/java.io.BufferedOutputStream.flushBuffer(BufferedOutputStream.java:81)
	at java.base/java.io.BufferedOutputStream.flush(BufferedOutputStream.java:142)
	at org.eclipse.lsp4j.jsonrpc.json.StreamMessageConsumer.consume(StreamMessageConsumer.java:69)
	... 12 more

!ENTRY org.springframework.tooling.ls.eclipse.commons 1 0 2025-06-19 16:52:08.523
!MESSAGE Entering DelegatingStreamConnectionProvider()

!ENTRY org.springframework.tooling.ls.eclipse.commons 1 0 2025-06-19 16:52:08.524
!MESSAGE DelegatingStreamConnectionProvider classloader = org.eclipse.osgi.internal.loader.EquinoxClassLoader@56fdb4db[org.springframework.tooling.boot.ls:1.28.0.202109130547(id=1001)]

!ENTRY org.springframework.tooling.ls.eclipse.commons 1 0 2025-06-19 16:52:08.524
!MESSAGE Entering DelegatingStreamConnectionProvider()

!ENTRY org.eclipse.lsp4e 4 0 2025-06-19 16:52:08.524
!MESSAGE org.eclipse.lsp4j.jsonrpc.JsonRpcException: java.io.IOException: 파이프가 닫히는 중입니다
!STACK 0
java.util.concurrent.ExecutionException: org.eclipse.lsp4j.jsonrpc.JsonRpcException: java.io.IOException: 파이프가 닫히는 중입니다
	at java.base/java.util.concurrent.CompletableFuture.reportGet(CompletableFuture.java:395)
	at java.base/java.util.concurrent.CompletableFuture.get(CompletableFuture.java:2028)
	at org.eclipse.lsp4e.LanguageServerWrapper.lambda$13(LanguageServerWrapper.java:425)
	at java.base/java.util.concurrent.CompletableFuture$AsyncRun.run(CompletableFuture.java:1736)
	at java.base/java.util.concurrent.CompletableFuture$AsyncRun.exec(CompletableFuture.java:1728)
	at java.base/java.util.concurrent.ForkJoinTask.doExec(ForkJoinTask.java:290)
	at java.base/java.util.concurrent.ForkJoinPool$WorkQueue.topLevelExec(ForkJoinPool.java:1020)
	at java.base/java.util.concurrent.ForkJoinPool.scan(ForkJoinPool.java:1656)
	at java.base/java.util.concurrent.ForkJoinPool.runWorker(ForkJoinPool.java:1594)
	at java.base/java.util.concurrent.ForkJoinWorkerThread.run(ForkJoinWorkerThread.java:183)
Caused by: org.eclipse.lsp4j.jsonrpc.JsonRpcException: java.io.IOException: 파이프가 닫히는 중입니다
	at org.eclipse.lsp4j.jsonrpc.json.StreamMessageConsumer.consume(StreamMessageConsumer.java:72)
	at org.eclipse.lsp4e.LanguageServerWrapper.lambda$4(LanguageServerWrapper.java:260)
	at org.eclipse.lsp4j.jsonrpc.RemoteEndpoint.request(RemoteEndpoint.java:161)
	at org.eclipse.lsp4j.jsonrpc.services.EndpointProxy.invoke(EndpointProxy.java:91)
	at com.sun.proxy.$Proxy66.shutdown(Unknown Source)
	at org.eclipse.lsp4e.LanguageServerWrapper.lambda$13(LanguageServerWrapper.java:423)
	... 7 more
Caused by: java.io.IOException: 파이프가 닫히는 중입니다
	at java.base/java.io.FileOutputStream.writeBytes(Native Method)
	at java.base/java.io.FileOutputStream.write(FileOutputStream.java:354)
	at java.base/java.io.BufferedOutputStream.flushBuffer(BufferedOutputStream.java:81)
	at java.base/java.io.BufferedOutputStream.flush(BufferedOutputStream.java:142)
	at org.eclipse.lsp4j.jsonrpc.json.StreamMessageConsumer.consume(StreamMessageConsumer.java:69)
	... 12 more

!ENTRY org.springframework.tooling.ls.eclipse.commons 1 0 2025-06-19 16:52:08.524
!MESSAGE DelegatingStreamConnectionProvider classloader = org.eclipse.osgi.internal.loader.EquinoxClassLoader@56fdb4db[org.springframework.tooling.boot.ls:1.28.0.202109130547(id=1001)]

!ENTRY org.springframework.tooling.ls.eclipse.commons 1 0 2025-06-19 16:52:08.524
!MESSAGE SpringBootLanguageServer exists!

!ENTRY org.springframework.tooling.ls.eclipse.commons 1 0 2025-06-19 16:52:08.525
!MESSAGE DelegatingStreamConnectionProvider classloader = org.eclipse.osgi.internal.loader.EquinoxClassLoader@56fdb4db[org.springframework.tooling.boot.ls:1.28.0.202109130547(id=1001)]

!ENTRY org.eclipse.lsp4e 4 0 2025-06-19 16:52:08.525
!MESSAGE org.eclipse.lsp4j.jsonrpc.JsonRpcException: java.io.IOException: 파이프가 닫히는 중입니다
!STACK 0
java.util.concurrent.ExecutionException: org.eclipse.lsp4j.jsonrpc.JsonRpcException: java.io.IOException: 파이프가 닫히는 중입니다
	at java.base/java.util.concurrent.CompletableFuture.reportGet(CompletableFuture.java:395)
	at java.base/java.util.concurrent.CompletableFuture.get(CompletableFuture.java:2028)
	at org.eclipse.lsp4e.LanguageServerWrapper.lambda$13(LanguageServerWrapper.java:425)
	at java.base/java.util.concurrent.CompletableFuture$AsyncRun.run(CompletableFuture.java:1736)
	at java.base/java.util.concurrent.CompletableFuture$AsyncRun.exec(CompletableFuture.java:1728)
	at java.base/java.util.concurrent.ForkJoinTask.doExec(ForkJoinTask.java:290)
	at java.base/java.util.concurrent.ForkJoinPool$WorkQueue.topLevelExec(ForkJoinPool.java:1020)
	at java.base/java.util.concurrent.ForkJoinPool.scan(ForkJoinPool.java:1656)
	at java.base/java.util.concurrent.ForkJoinPool.runWorker(ForkJoinPool.java:1594)
	at java.base/java.util.concurrent.ForkJoinWorkerThread.run(ForkJoinWorkerThread.java:183)
Caused by: org.eclipse.lsp4j.jsonrpc.JsonRpcException: java.io.IOException: 파이프가 닫히는 중입니다
	at org.eclipse.lsp4j.jsonrpc.json.StreamMessageConsumer.consume(StreamMessageConsumer.java:72)
	at org.eclipse.lsp4e.LanguageServerWrapper.lambda$4(LanguageServerWrapper.java:260)
	at org.eclipse.lsp4j.jsonrpc.RemoteEndpoint.request(RemoteEndpoint.java:161)
	at org.eclipse.lsp4j.jsonrpc.services.EndpointProxy.invoke(EndpointProxy.java:91)
	at com.sun.proxy.$Proxy66.shutdown(Unknown Source)
	at org.eclipse.lsp4e.LanguageServerWrapper.lambda$13(LanguageServerWrapper.java:423)
	... 7 more
Caused by: java.io.IOException: 파이프가 닫히는 중입니다
	at java.base/java.io.FileOutputStream.writeBytes(Native Method)
	at java.base/java.io.FileOutputStream.write(FileOutputStream.java:354)
	at java.base/java.io.BufferedOutputStream.flushBuffer(BufferedOutputStream.java:81)
	at java.base/java.io.BufferedOutputStream.flush(BufferedOutputStream.java:142)
	at org.eclipse.lsp4j.jsonrpc.json.StreamMessageConsumer.consume(StreamMessageConsumer.java:69)
	... 12 more

!ENTRY org.springframework.tooling.ls.eclipse.commons 1 0 2025-06-19 16:52:08.525
!MESSAGE SpringBootLanguageServer exists!

!ENTRY org.springframework.tooling.ls.eclipse.commons 1 0 2025-06-19 16:52:08.525
!MESSAGE DelegatingStreamConnectionProvider classloader = org.eclipse.osgi.internal.loader.EquinoxClassLoader@56fdb4db[org.springframework.tooling.boot.ls:1.28.0.202109130547(id=1001)]

!ENTRY org.springframework.tooling.ls.eclipse.commons 1 0 2025-06-19 16:52:08.525
!MESSAGE SpringBootLanguageServer exists!

!ENTRY org.springframework.tooling.ls.eclipse.commons 1 0 2025-06-19 16:52:08.525
!MESSAGE Entering DelegatingStreamConnectionProvider()

!ENTRY org.springframework.tooling.ls.eclipse.commons 1 0 2025-06-19 16:52:08.527
!MESSAGE SpringBootLanguageServer exists!

!ENTRY org.springframework.tooling.ls.eclipse.commons 1 0 2025-06-19 16:52:08.527
!MESSAGE DelegatingStreamConnectionProvider classloader = org.eclipse.osgi.internal.loader.EquinoxClassLoader@56fdb4db[org.springframework.tooling.boot.ls:1.28.0.202109130547(id=1001)]

!ENTRY org.springframework.tooling.ls.eclipse.commons 1 0 2025-06-19 16:52:08.527
!MESSAGE SpringBootLanguageServer exists!

!ENTRY org.springframework.tooling.ls.eclipse.commons 1 0 2025-06-19 16:52:08.527
!MESSAGE DelegatingStreamConnectionProvider classloader = org.eclipse.osgi.internal.loader.EquinoxClassLoader@56fdb4db[org.springframework.tooling.boot.ls:1.28.0.202109130547(id=1001)]

!ENTRY org.eclipse.lsp4e 4 0 2025-06-19 16:52:08.527
!MESSAGE org.eclipse.lsp4j.jsonrpc.JsonRpcException: java.io.IOException: 파이프가 닫히는 중입니다
!STACK 0
java.util.concurrent.ExecutionException: org.eclipse.lsp4j.jsonrpc.JsonRpcException: java.io.IOException: 파이프가 닫히는 중입니다
	at java.base/java.util.concurrent.CompletableFuture.reportGet(CompletableFuture.java:395)
	at java.base/java.util.concurrent.CompletableFuture.get(CompletableFuture.java:2028)
	at org.eclipse.lsp4e.LanguageServerWrapper.lambda$13(LanguageServerWrapper.java:425)
	at java.base/java.util.concurrent.CompletableFuture$AsyncRun.run(CompletableFuture.java:1736)
	at java.base/java.util.concurrent.CompletableFuture$AsyncRun.exec(CompletableFuture.java:1728)
	at java.base/java.util.concurrent.ForkJoinTask.doExec(ForkJoinTask.java:290)
	at java.base/java.util.concurrent.ForkJoinPool$WorkQueue.topLevelExec(ForkJoinPool.java:1020)
	at java.base/java.util.concurrent.ForkJoinPool.scan(ForkJoinPool.java:1656)
	at java.base/java.util.concurrent.ForkJoinPool.runWorker(ForkJoinPool.java:1594)
	at java.base/java.util.concurrent.ForkJoinWorkerThread.run(ForkJoinWorkerThread.java:183)
Caused by: org.eclipse.lsp4j.jsonrpc.JsonRpcException: java.io.IOException: 파이프가 닫히는 중입니다
	at org.eclipse.lsp4j.jsonrpc.json.StreamMessageConsumer.consume(StreamMessageConsumer.java:72)
	at org.eclipse.lsp4e.LanguageServerWrapper.lambda$4(LanguageServerWrapper.java:260)
	at org.eclipse.lsp4j.jsonrpc.RemoteEndpoint.request(RemoteEndpoint.java:161)
	at org.eclipse.lsp4j.jsonrpc.services.EndpointProxy.invoke(EndpointProxy.java:91)
	at com.sun.proxy.$Proxy66.shutdown(Unknown Source)
	at org.eclipse.lsp4e.LanguageServerWrapper.lambda$13(LanguageServerWrapper.java:423)
	... 7 more
Caused by: java.io.IOException: 파이프가 닫히는 중입니다
	at java.base/java.io.FileOutputStream.writeBytes(Native Method)
	at java.base/java.io.FileOutputStream.write(FileOutputStream.java:354)
	at java.base/java.io.BufferedOutputStream.flushBuffer(BufferedOutputStream.java:81)
	at java.base/java.io.BufferedOutputStream.flush(BufferedOutputStream.java:142)
	at org.eclipse.lsp4j.jsonrpc.json.StreamMessageConsumer.consume(StreamMessageConsumer.java:69)
	... 12 more

!ENTRY org.springframework.tooling.ls.eclipse.commons 1 0 2025-06-19 16:52:08.528
!MESSAGE SpringBootLanguageServer exists!

!ENTRY org.springframework.tooling.ls.eclipse.commons 1 0 2025-06-19 16:52:08.528
!MESSAGE SpringBootLanguageServer exists!

!ENTRY org.springframework.tooling.ls.eclipse.commons 1 0 2025-06-19 16:52:08.528
!MESSAGE Entering DelegatingStreamConnectionProvider()

!ENTRY org.springframework.tooling.ls.eclipse.commons 1 0 2025-06-19 16:52:08.528
!MESSAGE DelegatingStreamConnectionProvider classloader = org.eclipse.osgi.internal.loader.EquinoxClassLoader@56fdb4db[org.springframework.tooling.boot.ls:1.28.0.202109130547(id=1001)]

!ENTRY org.springframework.tooling.ls.eclipse.commons 1 0 2025-06-19 16:52:08.528
!MESSAGE SpringBootLanguageServer exists!

!ENTRY org.eclipse.lsp4e 4 0 2025-06-19 16:52:08.528
!MESSAGE org.eclipse.lsp4j.jsonrpc.JsonRpcException: java.io.IOException: 파이프가 닫히는 중입니다
!STACK 0
java.util.concurrent.ExecutionException: org.eclipse.lsp4j.jsonrpc.JsonRpcException: java.io.IOException: 파이프가 닫히는 중입니다
	at java.base/java.util.concurrent.CompletableFuture.reportGet(CompletableFuture.java:395)
	at java.base/java.util.concurrent.CompletableFuture.get(CompletableFuture.java:2028)
	at org.eclipse.lsp4e.LanguageServerWrapper.lambda$13(LanguageServerWrapper.java:425)
	at java.base/java.util.concurrent.CompletableFuture$AsyncRun.run(CompletableFuture.java:1736)
	at java.base/java.util.concurrent.CompletableFuture$AsyncRun.exec(CompletableFuture.java:1728)
	at java.base/java.util.concurrent.ForkJoinTask.doExec(ForkJoinTask.java:290)
	at java.base/java.util.concurrent.ForkJoinPool$WorkQueue.topLevelExec(ForkJoinPool.java:1020)
	at java.base/java.util.concurrent.ForkJoinPool.scan(ForkJoinPool.java:1656)
	at java.base/java.util.concurrent.ForkJoinPool.runWorker(ForkJoinPool.java:1594)
	at java.base/java.util.concurrent.ForkJoinWorkerThread.run(ForkJoinWorkerThread.java:183)
Caused by: org.eclipse.lsp4j.jsonrpc.JsonRpcException: java.io.IOException: 파이프가 닫히는 중입니다
	at org.eclipse.lsp4j.jsonrpc.json.StreamMessageConsumer.consume(StreamMessageConsumer.java:72)
	at org.eclipse.lsp4e.LanguageServerWrapper.lambda$4(LanguageServerWrapper.java:260)
	at org.eclipse.lsp4j.jsonrpc.RemoteEndpoint.request(RemoteEndpoint.java:161)
	at org.eclipse.lsp4j.jsonrpc.services.EndpointProxy.invoke(EndpointProxy.java:91)
	at com.sun.proxy.$Proxy66.shutdown(Unknown Source)
	at org.eclipse.lsp4e.LanguageServerWrapper.lambda$13(LanguageServerWrapper.java:423)
	... 7 more
Caused by: java.io.IOException: 파이프가 닫히는 중입니다
	at java.base/java.io.FileOutputStream.writeBytes(Native Method)
	at java.base/java.io.FileOutputStream.write(FileOutputStream.java:354)
	at java.base/java.io.BufferedOutputStream.flushBuffer(BufferedOutputStream.java:81)
	at java.base/java.io.BufferedOutputStream.flush(BufferedOutputStream.java:142)
	at org.eclipse.lsp4j.jsonrpc.json.StreamMessageConsumer.consume(StreamMessageConsumer.java:69)
	... 12 more

!ENTRY org.springframework.tooling.ls.eclipse.commons 1 0 2025-06-19 16:52:08.529
!MESSAGE SpringBootLanguageServer exists!

!ENTRY org.springframework.tooling.ls.eclipse.commons 1 0 2025-06-19 16:52:08.529
!MESSAGE SpringBootLanguageServer exists!

!ENTRY org.springframework.tooling.ls.eclipse.commons 1 0 2025-06-19 16:52:08.529
!MESSAGE Entering DelegatingStreamConnectionProvider()

!ENTRY org.eclipse.lsp4e 4 0 2025-06-19 16:52:08.529
!MESSAGE org.eclipse.lsp4j.jsonrpc.JsonRpcException: java.io.IOException: 파이프가 닫히는 중입니다
!STACK 0
java.util.concurrent.ExecutionException: org.eclipse.lsp4j.jsonrpc.JsonRpcException: java.io.IOException: 파이프가 닫히는 중입니다
	at java.base/java.util.concurrent.CompletableFuture.reportGet(CompletableFuture.java:395)
	at java.base/java.util.concurrent.CompletableFuture.get(CompletableFuture.java:2028)
	at org.eclipse.lsp4e.LanguageServerWrapper.lambda$13(LanguageServerWrapper.java:425)
	at java.base/java.util.concurrent.CompletableFuture$AsyncRun.run(CompletableFuture.java:1736)
	at java.base/java.util.concurrent.CompletableFuture$AsyncRun.exec(CompletableFuture.java:1728)
	at java.base/java.util.concurrent.ForkJoinTask.doExec(ForkJoinTask.java:290)
	at java.base/java.util.concurrent.ForkJoinPool$WorkQueue.topLevelExec(ForkJoinPool.java:1020)
	at java.base/java.util.concurrent.ForkJoinPool.scan(ForkJoinPool.java:1656)
	at java.base/java.util.concurrent.ForkJoinPool.runWorker(ForkJoinPool.java:1594)
	at java.base/java.util.concurrent.ForkJoinWorkerThread.run(ForkJoinWorkerThread.java:183)
Caused by: org.eclipse.lsp4j.jsonrpc.JsonRpcException: java.io.IOException: 파이프가 닫히는 중입니다
	at org.eclipse.lsp4j.jsonrpc.json.StreamMessageConsumer.consume(StreamMessageConsumer.java:72)
	at org.eclipse.lsp4e.LanguageServerWrapper.lambda$4(LanguageServerWrapper.java:260)
	at org.eclipse.lsp4j.jsonrpc.RemoteEndpoint.request(RemoteEndpoint.java:161)
	at org.eclipse.lsp4j.jsonrpc.services.EndpointProxy.invoke(EndpointProxy.java:91)
	at com.sun.proxy.$Proxy66.shutdown(Unknown Source)
	at org.eclipse.lsp4e.LanguageServerWrapper.lambda$13(LanguageServerWrapper.java:423)
	... 7 more
Caused by: java.io.IOException: 파이프가 닫히는 중입니다
	at java.base/java.io.FileOutputStream.writeBytes(Native Method)
	at java.base/java.io.FileOutputStream.write(FileOutputStream.java:354)
	at java.base/java.io.BufferedOutputStream.flushBuffer(BufferedOutputStream.java:81)
	at java.base/java.io.BufferedOutputStream.flush(BufferedOutputStream.java:142)
	at org.eclipse.lsp4j.jsonrpc.json.StreamMessageConsumer.consume(StreamMessageConsumer.java:69)
	... 12 more

!ENTRY org.springframework.tooling.ls.eclipse.commons 1 0 2025-06-19 16:52:08.529
!MESSAGE Entering DelegatingStreamConnectionProvider()

!ENTRY org.springframework.tooling.ls.eclipse.commons 1 0 2025-06-19 16:52:08.529
!MESSAGE SpringBootLanguageServer exists!

!ENTRY org.springframework.tooling.ls.eclipse.commons 1 0 2025-06-19 16:52:08.531
!MESSAGE DelegatingStreamConnectionProvider classloader = org.eclipse.osgi.internal.loader.EquinoxClassLoader@56fdb4db[org.springframework.tooling.boot.ls:1.28.0.202109130547(id=1001)]

!ENTRY org.eclipse.lsp4e 4 0 2025-06-19 16:52:08.531
!MESSAGE org.eclipse.lsp4j.jsonrpc.JsonRpcException: java.io.IOException: 파이프가 닫히는 중입니다
!STACK 0
java.util.concurrent.ExecutionException: org.eclipse.lsp4j.jsonrpc.JsonRpcException: java.io.IOException: 파이프가 닫히는 중입니다
	at java.base/java.util.concurrent.CompletableFuture.reportGet(CompletableFuture.java:395)
	at java.base/java.util.concurrent.CompletableFuture.get(CompletableFuture.java:2028)
	at org.eclipse.lsp4e.LanguageServerWrapper.lambda$13(LanguageServerWrapper.java:425)
	at java.base/java.util.concurrent.CompletableFuture$AsyncRun.run(CompletableFuture.java:1736)
	at java.base/java.util.concurrent.CompletableFuture$AsyncRun.exec(CompletableFuture.java:1728)
	at java.base/java.util.concurrent.ForkJoinTask.doExec(ForkJoinTask.java:290)
	at java.base/java.util.concurrent.ForkJoinPool$WorkQueue.topLevelExec(ForkJoinPool.java:1020)
	at java.base/java.util.concurrent.ForkJoinPool.scan(ForkJoinPool.java:1656)
	at java.base/java.util.concurrent.ForkJoinPool.runWorker(ForkJoinPool.java:1594)
	at java.base/java.util.concurrent.ForkJoinWorkerThread.run(ForkJoinWorkerThread.java:183)
Caused by: org.eclipse.lsp4j.jsonrpc.JsonRpcException: java.io.IOException: 파이프가 닫히는 중입니다
	at org.eclipse.lsp4j.jsonrpc.json.StreamMessageConsumer.consume(StreamMessageConsumer.java:72)
	at org.eclipse.lsp4e.LanguageServerWrapper.lambda$4(LanguageServerWrapper.java:260)
	at org.eclipse.lsp4j.jsonrpc.RemoteEndpoint.request(RemoteEndpoint.java:161)
	at org.eclipse.lsp4j.jsonrpc.services.EndpointProxy.invoke(EndpointProxy.java:91)
	at com.sun.proxy.$Proxy66.shutdown(Unknown Source)
	at org.eclipse.lsp4e.LanguageServerWrapper.lambda$13(LanguageServerWrapper.java:423)
	... 7 more
Caused by: java.io.IOException: 파이프가 닫히는 중입니다
	at java.base/java.io.FileOutputStream.writeBytes(Native Method)
	at java.base/java.io.FileOutputStream.write(FileOutputStream.java:354)
	at java.base/java.io.BufferedOutputStream.flushBuffer(BufferedOutputStream.java:81)
	at java.base/java.io.BufferedOutputStream.flush(BufferedOutputStream.java:142)
	at org.eclipse.lsp4j.jsonrpc.json.StreamMessageConsumer.consume(StreamMessageConsumer.java:69)
	... 12 more

!ENTRY org.eclipse.lsp4e 4 0 2025-06-19 16:52:08.531
!MESSAGE org.eclipse.lsp4j.jsonrpc.JsonRpcException: java.io.IOException: 파이프가 닫히는 중입니다
!STACK 0
java.util.concurrent.ExecutionException: org.eclipse.lsp4j.jsonrpc.JsonRpcException: java.io.IOException: 파이프가 닫히는 중입니다
	at java.base/java.util.concurrent.CompletableFuture.reportGet(CompletableFuture.java:395)
	at java.base/java.util.concurrent.CompletableFuture.get(CompletableFuture.java:2028)
	at org.eclipse.lsp4e.LanguageServerWrapper.lambda$13(LanguageServerWrapper.java:425)
	at java.base/java.util.concurrent.CompletableFuture$AsyncRun.run(CompletableFuture.java:1736)
	at java.base/java.util.concurrent.CompletableFuture$AsyncRun.exec(CompletableFuture.java:1728)
	at java.base/java.util.concurrent.ForkJoinTask.doExec(ForkJoinTask.java:290)
	at java.base/java.util.concurrent.ForkJoinPool$WorkQueue.topLevelExec(ForkJoinPool.java:1020)
	at java.base/java.util.concurrent.ForkJoinPool.scan(ForkJoinPool.java:1656)
	at java.base/java.util.concurrent.ForkJoinPool.runWorker(ForkJoinPool.java:1594)
	at java.base/java.util.concurrent.ForkJoinWorkerThread.run(ForkJoinWorkerThread.java:183)
Caused by: org.eclipse.lsp4j.jsonrpc.JsonRpcException: java.io.IOException: 파이프가 닫히는 중입니다
	at org.eclipse.lsp4j.jsonrpc.json.StreamMessageConsumer.consume(StreamMessageConsumer.java:72)
	at org.eclipse.lsp4e.LanguageServerWrapper.lambda$4(LanguageServerWrapper.java:260)
	at org.eclipse.lsp4j.jsonrpc.RemoteEndpoint.request(RemoteEndpoint.java:161)
	at org.eclipse.lsp4j.jsonrpc.services.EndpointProxy.invoke(EndpointProxy.java:91)
	at com.sun.proxy.$Proxy66.shutdown(Unknown Source)
	at org.eclipse.lsp4e.LanguageServerWrapper.lambda$13(LanguageServerWrapper.java:423)
	... 7 more
Caused by: java.io.IOException: 파이프가 닫히는 중입니다
	at java.base/java.io.FileOutputStream.writeBytes(Native Method)
	at java.base/java.io.FileOutputStream.write(FileOutputStream.java:354)
	at java.base/java.io.BufferedOutputStream.flushBuffer(BufferedOutputStream.java:81)
	at java.base/java.io.BufferedOutputStream.flush(BufferedOutputStream.java:142)
	at org.eclipse.lsp4j.jsonrpc.json.StreamMessageConsumer.consume(StreamMessageConsumer.java:69)
	... 12 more

!ENTRY org.springframework.tooling.ls.eclipse.commons 1 0 2025-06-19 16:52:08.531
!MESSAGE SpringBootLanguageServer exists!

!ENTRY org.springframework.tooling.ls.eclipse.commons 1 0 2025-06-19 16:52:08.531
!MESSAGE Entering DelegatingStreamConnectionProvider()

!ENTRY org.springframework.tooling.ls.eclipse.commons 1 0 2025-06-19 16:52:08.532
!MESSAGE DelegatingStreamConnectionProvider classloader = org.eclipse.osgi.internal.loader.EquinoxClassLoader@56fdb4db[org.springframework.tooling.boot.ls:1.28.0.202109130547(id=1001)]

!ENTRY org.springframework.tooling.ls.eclipse.commons 1 0 2025-06-19 16:52:08.532
!MESSAGE DelegatingStreamConnectionProvider classloader = org.eclipse.osgi.internal.loader.EquinoxClassLoader@56fdb4db[org.springframework.tooling.boot.ls:1.28.0.202109130547(id=1001)]

!ENTRY org.springframework.tooling.ls.eclipse.commons 1 0 2025-06-19 16:52:08.532
!MESSAGE SpringBootLanguageServer exists!

!ENTRY org.springframework.tooling.ls.eclipse.commons 1 0 2025-06-19 16:52:08.532
!MESSAGE DelegatingStreamConnectionProvider classloader = org.eclipse.osgi.internal.loader.EquinoxClassLoader@56fdb4db[org.springframework.tooling.boot.ls:1.28.0.202109130547(id=1001)]

!ENTRY org.eclipse.lsp4e 4 0 2025-06-19 16:52:08.532
!MESSAGE org.eclipse.lsp4j.jsonrpc.JsonRpcException: java.io.IOException: 파이프가 닫히는 중입니다
!STACK 0
java.util.concurrent.ExecutionException: org.eclipse.lsp4j.jsonrpc.JsonRpcException: java.io.IOException: 파이프가 닫히는 중입니다
	at java.base/java.util.concurrent.CompletableFuture.reportGet(CompletableFuture.java:395)
	at java.base/java.util.concurrent.CompletableFuture.get(CompletableFuture.java:2028)
	at org.eclipse.lsp4e.LanguageServerWrapper.lambda$13(LanguageServerWrapper.java:425)
	at java.base/java.util.concurrent.CompletableFuture$AsyncRun.run(CompletableFuture.java:1736)
	at java.base/java.util.concurrent.CompletableFuture$AsyncRun.exec(CompletableFuture.java:1728)
	at java.base/java.util.concurrent.ForkJoinTask.doExec(ForkJoinTask.java:290)
	at java.base/java.util.concurrent.ForkJoinPool$WorkQueue.topLevelExec(ForkJoinPool.java:1020)
	at java.base/java.util.concurrent.ForkJoinPool.scan(ForkJoinPool.java:1656)
	at java.base/java.util.concurrent.ForkJoinPool.runWorker(ForkJoinPool.java:1594)
	at java.base/java.util.concurrent.ForkJoinWorkerThread.run(ForkJoinWorkerThread.java:183)
Caused by: org.eclipse.lsp4j.jsonrpc.JsonRpcException: java.io.IOException: 파이프가 닫히는 중입니다
	at org.eclipse.lsp4j.jsonrpc.json.StreamMessageConsumer.consume(StreamMessageConsumer.java:72)
	at org.eclipse.lsp4e.LanguageServerWrapper.lambda$4(LanguageServerWrapper.java:260)
	at org.eclipse.lsp4j.jsonrpc.RemoteEndpoint.request(RemoteEndpoint.java:161)
	at org.eclipse.lsp4j.jsonrpc.services.EndpointProxy.invoke(EndpointProxy.java:91)
	at com.sun.proxy.$Proxy66.shutdown(Unknown Source)
	at org.eclipse.lsp4e.LanguageServerWrapper.lambda$13(LanguageServerWrapper.java:423)
	... 7 more
Caused by: java.io.IOException: 파이프가 닫히는 중입니다
	at java.base/java.io.FileOutputStream.writeBytes(Native Method)
	at java.base/java.io.FileOutputStream.write(FileOutputStream.java:354)
	at java.base/java.io.BufferedOutputStream.flushBuffer(BufferedOutputStream.java:81)
	at java.base/java.io.BufferedOutputStream.flush(BufferedOutputStream.java:142)
	at org.eclipse.lsp4j.jsonrpc.json.StreamMessageConsumer.consume(StreamMessageConsumer.java:69)
	... 12 more

!ENTRY org.springframework.tooling.ls.eclipse.commons 1 0 2025-06-19 16:52:08.533
!MESSAGE Entering DelegatingStreamConnectionProvider()

!ENTRY org.springframework.tooling.ls.eclipse.commons 1 0 2025-06-19 16:52:08.533
!MESSAGE Entering DelegatingStreamConnectionProvider()

!ENTRY org.springframework.tooling.ls.eclipse.commons 1 0 2025-06-19 16:52:08.533
!MESSAGE SpringBootLanguageServer exists!

!ENTRY org.springframework.tooling.ls.eclipse.commons 1 0 2025-06-19 16:52:08.533
!MESSAGE SpringBootLanguageServer exists!

!ENTRY org.springframework.tooling.ls.eclipse.commons 1 0 2025-06-19 16:52:08.533
!MESSAGE DelegatingStreamConnectionProvider classloader = org.eclipse.osgi.internal.loader.EquinoxClassLoader@56fdb4db[org.springframework.tooling.boot.ls:1.28.0.202109130547(id=1001)]

!ENTRY org.eclipse.lsp4e 4 0 2025-06-19 16:52:08.533
!MESSAGE org.eclipse.lsp4j.jsonrpc.JsonRpcException: java.io.IOException: 파이프가 닫히는 중입니다
!STACK 0
java.util.concurrent.ExecutionException: org.eclipse.lsp4j.jsonrpc.JsonRpcException: java.io.IOException: 파이프가 닫히는 중입니다
	at java.base/java.util.concurrent.CompletableFuture.reportGet(CompletableFuture.java:395)
	at java.base/java.util.concurrent.CompletableFuture.get(CompletableFuture.java:2028)
	at org.eclipse.lsp4e.LanguageServerWrapper.lambda$13(LanguageServerWrapper.java:425)
	at java.base/java.util.concurrent.CompletableFuture$AsyncRun.run(CompletableFuture.java:1736)
	at java.base/java.util.concurrent.CompletableFuture$AsyncRun.exec(CompletableFuture.java:1728)
	at java.base/java.util.concurrent.ForkJoinTask.doExec(ForkJoinTask.java:290)
	at java.base/java.util.concurrent.ForkJoinPool$WorkQueue.topLevelExec(ForkJoinPool.java:1020)
	at java.base/java.util.concurrent.ForkJoinPool.scan(ForkJoinPool.java:1656)
	at java.base/java.util.concurrent.ForkJoinPool.runWorker(ForkJoinPool.java:1594)
	at java.base/java.util.concurrent.ForkJoinWorkerThread.run(ForkJoinWorkerThread.java:183)
Caused by: org.eclipse.lsp4j.jsonrpc.JsonRpcException: java.io.IOException: 파이프가 닫히는 중입니다
	at org.eclipse.lsp4j.jsonrpc.json.StreamMessageConsumer.consume(StreamMessageConsumer.java:72)
	at org.eclipse.lsp4e.LanguageServerWrapper.lambda$4(LanguageServerWrapper.java:260)
	at org.eclipse.lsp4j.jsonrpc.RemoteEndpoint.request(RemoteEndpoint.java:161)
	at org.eclipse.lsp4j.jsonrpc.services.EndpointProxy.invoke(EndpointProxy.java:91)
	at com.sun.proxy.$Proxy66.shutdown(Unknown Source)
	at org.eclipse.lsp4e.LanguageServerWrapper.lambda$13(LanguageServerWrapper.java:423)
	... 7 more
Caused by: java.io.IOException: 파이프가 닫히는 중입니다
	at java.base/java.io.FileOutputStream.writeBytes(Native Method)
	at java.base/java.io.FileOutputStream.write(FileOutputStream.java:354)
	at java.base/java.io.BufferedOutputStream.flushBuffer(BufferedOutputStream.java:81)
	at java.base/java.io.BufferedOutputStream.flush(BufferedOutputStream.java:142)
	at org.eclipse.lsp4j.jsonrpc.json.StreamMessageConsumer.consume(StreamMessageConsumer.java:69)
	... 12 more

!ENTRY org.springframework.tooling.ls.eclipse.commons 1 0 2025-06-19 16:52:08.533
!MESSAGE DelegatingStreamConnectionProvider classloader = org.eclipse.osgi.internal.loader.EquinoxClassLoader@56fdb4db[org.springframework.tooling.boot.ls:1.28.0.202109130547(id=1001)]

!ENTRY org.springframework.tooling.ls.eclipse.commons 1 0 2025-06-19 16:52:08.535
!MESSAGE Entering DelegatingStreamConnectionProvider()

!ENTRY org.springframework.tooling.ls.eclipse.commons 1 0 2025-06-19 16:52:08.535
!MESSAGE SpringBootLanguageServer exists!

!ENTRY org.springframework.tooling.ls.eclipse.commons 1 0 2025-06-19 16:52:08.535
!MESSAGE DelegatingStreamConnectionProvider classloader = org.eclipse.osgi.internal.loader.EquinoxClassLoader@56fdb4db[org.springframework.tooling.boot.ls:1.28.0.202109130547(id=1001)]

!ENTRY org.springframework.tooling.ls.eclipse.commons 1 0 2025-06-19 16:52:08.535
!MESSAGE SpringBootLanguageServer exists!

!ENTRY org.springframework.tooling.ls.eclipse.commons 1 0 2025-06-19 16:52:08.535
!MESSAGE SpringBootLanguageServer exists!

!ENTRY org.springframework.tooling.ls.eclipse.commons 1 0 2025-06-19 16:52:09.577
!MESSAGE Boot LS startup time from start to initialized: 1046ms

!ENTRY org.springframework.tooling.ls.eclipse.commons 1 0 2025-06-19 16:52:09.632
!MESSAGE ClasspathListenerHandler addClasspathListener sts4.classpath.SqyPZzAsisBatched = true

!ENTRY org.springframework.tooling.ls.eclipse.commons 1 0 2025-06-19 16:52:09.632
!MESSAGE Setting up ClasspathListenerManager

!ENTRY org.springframework.tooling.ls.eclipse.commons 1 0 2025-06-19 16:52:09.633
!MESSAGE Scheduling initial event for all projects ...

!ENTRY org.springframework.tooling.ls.eclipse.commons 1 0 2025-06-19 16:52:09.633
!MESSAGE Scheduling initial event for all projects DONE

!ENTRY org.springframework.tooling.ls.eclipse.commons 1 0 2025-06-19 16:52:09.633
!MESSAGE exists = true open = true => deleted = false

!ENTRY org.springframework.tooling.ls.eclipse.commons 1 0 2025-06-19 16:52:09.633
!MESSAGE ClasspathListenerHandler addClasspathListener sts4.classpath.SqyPZzAs => OK

!ENTRY org.springframework.tooling.ls.eclipse.commons 1 0 2025-06-19 16:52:09.633
!MESSAGE classpath=57 entries

!ENTRY org.springframework.tooling.ls.eclipse.commons 1 0 2025-06-19 16:52:09.635
!MESSAGE buffering callback sts4.classpath.SqyPZzAs ServiceExam false 57

!ENTRY org.springframework.tooling.ls.eclipse.commons 1 0 2025-06-19 16:52:09.635
!MESSAGE executing callback sts4.classpath.SqyPZzAs 1 batched events

!ENTRY org.springframework.tooling.ls.eclipse.commons 1 0 2025-06-19 16:52:09.839
!MESSAGE executing callback sts4.classpath.SqyPZzAs SUCCESS [done]

!ENTRY org.springframework.tooling.ls.eclipse.commons 1 0 2025-06-19 16:52:09.841
!MESSAGE Entering DelegatingStreamConnectionProvider()

!ENTRY org.springframework.tooling.ls.eclipse.commons 1 0 2025-06-19 16:52:09.841
!MESSAGE Entering DelegatingStreamConnectionProvider()

!ENTRY org.springframework.tooling.ls.eclipse.commons 1 0 2025-06-19 16:52:09.842
!MESSAGE Entering DelegatingStreamConnectionProvider()

!ENTRY org.eclipse.lsp4e 4 0 2025-06-19 16:52:09.842
!MESSAGE org.eclipse.lsp4j.jsonrpc.JsonRpcException: java.io.IOException: 파이프가 닫히는 중입니다
!STACK 0
java.util.concurrent.ExecutionException: org.eclipse.lsp4j.jsonrpc.JsonRpcException: java.io.IOException: 파이프가 닫히는 중입니다
	at java.base/java.util.concurrent.CompletableFuture.reportGet(CompletableFuture.java:395)
	at java.base/java.util.concurrent.CompletableFuture.get(CompletableFuture.java:2028)
	at org.eclipse.lsp4e.LanguageServerWrapper.lambda$13(LanguageServerWrapper.java:425)
	at java.base/java.util.concurrent.CompletableFuture$AsyncRun.run(CompletableFuture.java:1736)
	at java.base/java.util.concurrent.CompletableFuture$AsyncRun.exec(CompletableFuture.java:1728)
	at java.base/java.util.concurrent.ForkJoinTask.doExec(ForkJoinTask.java:290)
	at java.base/java.util.concurrent.ForkJoinPool$WorkQueue.topLevelExec(ForkJoinPool.java:1020)
	at java.base/java.util.concurrent.ForkJoinPool.scan(ForkJoinPool.java:1656)
	at java.base/java.util.concurrent.ForkJoinPool.runWorker(ForkJoinPool.java:1594)
	at java.base/java.util.concurrent.ForkJoinWorkerThread.run(ForkJoinWorkerThread.java:183)
Caused by: org.eclipse.lsp4j.jsonrpc.JsonRpcException: java.io.IOException: 파이프가 닫히는 중입니다
	at org.eclipse.lsp4j.jsonrpc.json.StreamMessageConsumer.consume(StreamMessageConsumer.java:72)
	at org.eclipse.lsp4e.LanguageServerWrapper.lambda$4(LanguageServerWrapper.java:260)
	at org.eclipse.lsp4j.jsonrpc.RemoteEndpoint.request(RemoteEndpoint.java:161)
	at org.eclipse.lsp4j.jsonrpc.services.EndpointProxy.invoke(EndpointProxy.java:91)
	at com.sun.proxy.$Proxy66.shutdown(Unknown Source)
	at org.eclipse.lsp4e.LanguageServerWrapper.lambda$13(LanguageServerWrapper.java:423)
	... 7 more
Caused by: java.io.IOException: 파이프가 닫히는 중입니다
	at java.base/java.io.FileOutputStream.writeBytes(Native Method)
	at java.base/java.io.FileOutputStream.write(FileOutputStream.java:354)
	at java.base/java.io.BufferedOutputStream.flushBuffer(BufferedOutputStream.java:81)
	at java.base/java.io.BufferedOutputStream.flush(BufferedOutputStream.java:142)
	at org.eclipse.lsp4j.jsonrpc.json.StreamMessageConsumer.consume(StreamMessageConsumer.java:69)
	... 12 more

!ENTRY org.springframework.tooling.ls.eclipse.commons 1 0 2025-06-19 16:52:09.842
!MESSAGE Entering DelegatingStreamConnectionProvider()

!ENTRY org.eclipse.lsp4e 4 0 2025-06-19 16:52:09.842
!MESSAGE org.eclipse.lsp4j.jsonrpc.JsonRpcException: java.io.IOException: 파이프가 닫히는 중입니다
!STACK 0
java.util.concurrent.ExecutionException: org.eclipse.lsp4j.jsonrpc.JsonRpcException: java.io.IOException: 파이프가 닫히는 중입니다
	at java.base/java.util.concurrent.CompletableFuture.reportGet(CompletableFuture.java:395)
	at java.base/java.util.concurrent.CompletableFuture.get(CompletableFuture.java:2028)
	at org.eclipse.lsp4e.LanguageServerWrapper.lambda$13(LanguageServerWrapper.java:425)
	at java.base/java.util.concurrent.CompletableFuture$AsyncRun.run(CompletableFuture.java:1736)
	at java.base/java.util.concurrent.CompletableFuture$AsyncRun.exec(CompletableFuture.java:1728)
	at java.base/java.util.concurrent.ForkJoinTask.doExec(ForkJoinTask.java:290)
	at java.base/java.util.concurrent.ForkJoinPool$WorkQueue.topLevelExec(ForkJoinPool.java:1020)
	at java.base/java.util.concurrent.ForkJoinPool.scan(ForkJoinPool.java:1656)
	at java.base/java.util.concurrent.ForkJoinPool.runWorker(ForkJoinPool.java:1594)
	at java.base/java.util.concurrent.ForkJoinWorkerThread.run(ForkJoinWorkerThread.java:183)
Caused by: org.eclipse.lsp4j.jsonrpc.JsonRpcException: java.io.IOException: 파이프가 닫히는 중입니다
	at org.eclipse.lsp4j.jsonrpc.json.StreamMessageConsumer.consume(StreamMessageConsumer.java:72)
	at org.eclipse.lsp4e.LanguageServerWrapper.lambda$4(LanguageServerWrapper.java:260)
	at org.eclipse.lsp4j.jsonrpc.RemoteEndpoint.request(RemoteEndpoint.java:161)
	at org.eclipse.lsp4j.jsonrpc.services.EndpointProxy.invoke(EndpointProxy.java:91)
	at com.sun.proxy.$Proxy66.shutdown(Unknown Source)
	at org.eclipse.lsp4e.LanguageServerWrapper.lambda$13(LanguageServerWrapper.java:423)
	... 7 more
Caused by: java.io.IOException: 파이프가 닫히는 중입니다
	at java.base/java.io.FileOutputStream.writeBytes(Native Method)
	at java.base/java.io.FileOutputStream.write(FileOutputStream.java:354)
	at java.base/java.io.BufferedOutputStream.flushBuffer(BufferedOutputStream.java:81)
	at java.base/java.io.BufferedOutputStream.flush(BufferedOutputStream.java:142)
	at org.eclipse.lsp4j.jsonrpc.json.StreamMessageConsumer.consume(StreamMessageConsumer.java:69)
	... 12 more

!ENTRY org.springframework.tooling.ls.eclipse.commons 1 0 2025-06-19 16:52:09.842
!MESSAGE Entering DelegatingStreamConnectionProvider()

!ENTRY org.eclipse.lsp4e 4 0 2025-06-19 16:52:09.842
!MESSAGE org.eclipse.lsp4j.jsonrpc.JsonRpcException: java.io.IOException: 파이프가 닫히는 중입니다
!STACK 0
java.util.concurrent.ExecutionException: org.eclipse.lsp4j.jsonrpc.JsonRpcException: java.io.IOException: 파이프가 닫히는 중입니다
	at java.base/java.util.concurrent.CompletableFuture.reportGet(CompletableFuture.java:395)
	at java.base/java.util.concurrent.CompletableFuture.get(CompletableFuture.java:2028)
	at org.eclipse.lsp4e.LanguageServerWrapper.lambda$13(LanguageServerWrapper.java:425)
	at java.base/java.util.concurrent.CompletableFuture$AsyncRun.run(CompletableFuture.java:1736)
	at java.base/java.util.concurrent.CompletableFuture$AsyncRun.exec(CompletableFuture.java:1728)
	at java.base/java.util.concurrent.ForkJoinTask.doExec(ForkJoinTask.java:290)
	at java.base/java.util.concurrent.ForkJoinPool$WorkQueue.topLevelExec(ForkJoinPool.java:1020)
	at java.base/java.util.concurrent.ForkJoinPool.scan(ForkJoinPool.java:1656)
	at java.base/java.util.concurrent.ForkJoinPool.runWorker(ForkJoinPool.java:1594)
	at java.base/java.util.concurrent.ForkJoinWorkerThread.run(ForkJoinWorkerThread.java:183)
Caused by: org.eclipse.lsp4j.jsonrpc.JsonRpcException: java.io.IOException: 파이프가 닫히는 중입니다
	at org.eclipse.lsp4j.jsonrpc.json.StreamMessageConsumer.consume(StreamMessageConsumer.java:72)
	at org.eclipse.lsp4e.LanguageServerWrapper.lambda$4(LanguageServerWrapper.java:260)
	at org.eclipse.lsp4j.jsonrpc.RemoteEndpoint.request(RemoteEndpoint.java:161)
	at org.eclipse.lsp4j.jsonrpc.services.EndpointProxy.invoke(EndpointProxy.java:91)
	at com.sun.proxy.$Proxy66.shutdown(Unknown Source)
	at org.eclipse.lsp4e.LanguageServerWrapper.lambda$13(LanguageServerWrapper.java:423)
	... 7 more
Caused by: java.io.IOException: 파이프가 닫히는 중입니다
	at java.base/java.io.FileOutputStream.writeBytes(Native Method)
	at java.base/java.io.FileOutputStream.write(FileOutputStream.java:354)
	at java.base/java.io.BufferedOutputStream.flushBuffer(BufferedOutputStream.java:81)
	at java.base/java.io.BufferedOutputStream.flush(BufferedOutputStream.java:142)
	at org.eclipse.lsp4j.jsonrpc.json.StreamMessageConsumer.consume(StreamMessageConsumer.java:69)
	... 12 more

!ENTRY org.eclipse.lsp4e 4 0 2025-06-19 16:52:09.843
!MESSAGE org.eclipse.lsp4j.jsonrpc.JsonRpcException: java.io.IOException: 파이프가 닫히는 중입니다
!STACK 0
java.util.concurrent.ExecutionException: org.eclipse.lsp4j.jsonrpc.JsonRpcException: java.io.IOException: 파이프가 닫히는 중입니다
	at java.base/java.util.concurrent.CompletableFuture.reportGet(CompletableFuture.java:395)
	at java.base/java.util.concurrent.CompletableFuture.get(CompletableFuture.java:2028)
	at org.eclipse.lsp4e.LanguageServerWrapper.lambda$13(LanguageServerWrapper.java:425)
	at java.base/java.util.concurrent.CompletableFuture$AsyncRun.run(CompletableFuture.java:1736)
	at java.base/java.util.concurrent.CompletableFuture$AsyncRun.exec(CompletableFuture.java:1728)
	at java.base/java.util.concurrent.ForkJoinTask.doExec(ForkJoinTask.java:290)
	at java.base/java.util.concurrent.ForkJoinPool$WorkQueue.topLevelExec(ForkJoinPool.java:1020)
	at java.base/java.util.concurrent.ForkJoinPool.scan(ForkJoinPool.java:1656)
	at java.base/java.util.concurrent.ForkJoinPool.runWorker(ForkJoinPool.java:1594)
	at java.base/java.util.concurrent.ForkJoinWorkerThread.run(ForkJoinWorkerThread.java:183)
Caused by: org.eclipse.lsp4j.jsonrpc.JsonRpcException: java.io.IOException: 파이프가 닫히는 중입니다
	at org.eclipse.lsp4j.jsonrpc.json.StreamMessageConsumer.consume(StreamMessageConsumer.java:72)
	at org.eclipse.lsp4e.LanguageServerWrapper.lambda$4(LanguageServerWrapper.java:260)
	at org.eclipse.lsp4j.jsonrpc.RemoteEndpoint.request(RemoteEndpoint.java:161)
	at org.eclipse.lsp4j.jsonrpc.services.EndpointProxy.invoke(EndpointProxy.java:91)
	at com.sun.proxy.$Proxy66.shutdown(Unknown Source)
	at org.eclipse.lsp4e.LanguageServerWrapper.lambda$13(LanguageServerWrapper.java:423)
	... 7 more
Caused by: java.io.IOException: 파이프가 닫히는 중입니다
	at java.base/java.io.FileOutputStream.writeBytes(Native Method)
	at java.base/java.io.FileOutputStream.write(FileOutputStream.java:354)
	at java.base/java.io.BufferedOutputStream.flushBuffer(BufferedOutputStream.java:81)
	at java.base/java.io.BufferedOutputStream.flush(BufferedOutputStream.java:142)
	at org.eclipse.lsp4j.jsonrpc.json.StreamMessageConsumer.consume(StreamMessageConsumer.java:69)
	... 12 more

!ENTRY org.springframework.tooling.ls.eclipse.commons 1 0 2025-06-19 16:52:09.843
!MESSAGE Entering DelegatingStreamConnectionProvider()

!ENTRY org.springframework.tooling.ls.eclipse.commons 1 0 2025-06-19 16:52:09.843
!MESSAGE DelegatingStreamConnectionProvider classloader = org.eclipse.osgi.internal.loader.EquinoxClassLoader@56fdb4db[org.springframework.tooling.boot.ls:1.28.0.202109130547(id=1001)]

!ENTRY org.springframework.tooling.ls.eclipse.commons 1 0 2025-06-19 16:52:09.843
!MESSAGE SpringBootLanguageServer exists!

!ENTRY org.springframework.tooling.ls.eclipse.commons 1 0 2025-06-19 16:52:09.843
!MESSAGE DelegatingStreamConnectionProvider classloader = org.eclipse.osgi.internal.loader.EquinoxClassLoader@56fdb4db[org.springframework.tooling.boot.ls:1.28.0.202109130547(id=1001)]

!ENTRY org.eclipse.lsp4e 4 0 2025-06-19 16:52:09.843
!MESSAGE org.eclipse.lsp4j.jsonrpc.JsonRpcException: java.io.IOException: 파이프가 닫히는 중입니다
!STACK 0
java.util.concurrent.ExecutionException: org.eclipse.lsp4j.jsonrpc.JsonRpcException: java.io.IOException: 파이프가 닫히는 중입니다
	at java.base/java.util.concurrent.CompletableFuture.reportGet(CompletableFuture.java:395)
	at java.base/java.util.concurrent.CompletableFuture.get(CompletableFuture.java:2028)
	at org.eclipse.lsp4e.LanguageServerWrapper.lambda$13(LanguageServerWrapper.java:425)
	at java.base/java.util.concurrent.CompletableFuture$AsyncRun.run(CompletableFuture.java:1736)
	at java.base/java.util.concurrent.CompletableFuture$AsyncRun.exec(CompletableFuture.java:1728)
	at java.base/java.util.concurrent.ForkJoinTask.doExec(ForkJoinTask.java:290)
	at java.base/java.util.concurrent.ForkJoinPool$WorkQueue.topLevelExec(ForkJoinPool.java:1020)
	at java.base/java.util.concurrent.ForkJoinPool.scan(ForkJoinPool.java:1656)
	at java.base/java.util.concurrent.ForkJoinPool.runWorker(ForkJoinPool.java:1594)
	at java.base/java.util.concurrent.ForkJoinWorkerThread.run(ForkJoinWorkerThread.java:183)
Caused by: org.eclipse.lsp4j.jsonrpc.JsonRpcException: java.io.IOException: 파이프가 닫히는 중입니다
	at org.eclipse.lsp4j.jsonrpc.json.StreamMessageConsumer.consume(StreamMessageConsumer.java:72)
	at org.eclipse.lsp4e.LanguageServerWrapper.lambda$4(LanguageServerWrapper.java:260)
	at org.eclipse.lsp4j.jsonrpc.RemoteEndpoint.request(RemoteEndpoint.java:161)
	at org.eclipse.lsp4j.jsonrpc.services.EndpointProxy.invoke(EndpointProxy.java:91)
	at com.sun.proxy.$Proxy66.shutdown(Unknown Source)
	at org.eclipse.lsp4e.LanguageServerWrapper.lambda$13(LanguageServerWrapper.java:423)
	... 7 more
Caused by: java.io.IOException: 파이프가 닫히는 중입니다
	at java.base/java.io.FileOutputStream.writeBytes(Native Method)
	at java.base/java.io.FileOutputStream.write(FileOutputStream.java:354)
	at java.base/java.io.BufferedOutputStream.flushBuffer(BufferedOutputStream.java:81)
	at java.base/java.io.BufferedOutputStream.flush(BufferedOutputStream.java:142)
	at org.eclipse.lsp4j.jsonrpc.json.StreamMessageConsumer.consume(StreamMessageConsumer.java:69)
	... 12 more

!ENTRY org.springframework.tooling.ls.eclipse.commons 1 0 2025-06-19 16:52:09.845
!MESSAGE Entering DelegatingStreamConnectionProvider()

!ENTRY org.springframework.tooling.ls.eclipse.commons 1 0 2025-06-19 16:52:09.845
!MESSAGE DelegatingStreamConnectionProvider classloader = org.eclipse.osgi.internal.loader.EquinoxClassLoader@56fdb4db[org.springframework.tooling.boot.ls:1.28.0.202109130547(id=1001)]

!ENTRY org.springframework.tooling.ls.eclipse.commons 1 0 2025-06-19 16:52:09.845
!MESSAGE DelegatingStreamConnectionProvider classloader = org.eclipse.osgi.internal.loader.EquinoxClassLoader@56fdb4db[org.springframework.tooling.boot.ls:1.28.0.202109130547(id=1001)]

!ENTRY org.springframework.tooling.ls.eclipse.commons 1 0 2025-06-19 16:52:09.845
!MESSAGE DelegatingStreamConnectionProvider classloader = org.eclipse.osgi.internal.loader.EquinoxClassLoader@56fdb4db[org.springframework.tooling.boot.ls:1.28.0.202109130547(id=1001)]

!ENTRY org.springframework.tooling.ls.eclipse.commons 1 0 2025-06-19 16:52:09.845
!MESSAGE DelegatingStreamConnectionProvider classloader = org.eclipse.osgi.internal.loader.EquinoxClassLoader@56fdb4db[org.springframework.tooling.boot.ls:1.28.0.202109130547(id=1001)]

!ENTRY org.eclipse.lsp4e 4 0 2025-06-19 16:52:09.845
!MESSAGE org.eclipse.lsp4j.jsonrpc.JsonRpcException: java.io.IOException: 파이프가 닫히는 중입니다
!STACK 0
java.util.concurrent.ExecutionException: org.eclipse.lsp4j.jsonrpc.JsonRpcException: java.io.IOException: 파이프가 닫히는 중입니다
	at java.base/java.util.concurrent.CompletableFuture.reportGet(CompletableFuture.java:395)
	at java.base/java.util.concurrent.CompletableFuture.get(CompletableFuture.java:2028)
	at org.eclipse.lsp4e.LanguageServerWrapper.lambda$13(LanguageServerWrapper.java:425)
	at java.base/java.util.concurrent.CompletableFuture$AsyncRun.run(CompletableFuture.java:1736)
	at java.base/java.util.concurrent.CompletableFuture$AsyncRun.exec(CompletableFuture.java:1728)
	at java.base/java.util.concurrent.ForkJoinTask.doExec(ForkJoinTask.java:290)
	at java.base/java.util.concurrent.ForkJoinPool$WorkQueue.topLevelExec(ForkJoinPool.java:1020)
	at java.base/java.util.concurrent.ForkJoinPool.scan(ForkJoinPool.java:1656)
	at java.base/java.util.concurrent.ForkJoinPool.runWorker(ForkJoinPool.java:1594)
	at java.base/java.util.concurrent.ForkJoinWorkerThread.run(ForkJoinWorkerThread.java:183)
Caused by: org.eclipse.lsp4j.jsonrpc.JsonRpcException: java.io.IOException: 파이프가 닫히는 중입니다
	at org.eclipse.lsp4j.jsonrpc.json.StreamMessageConsumer.consume(StreamMessageConsumer.java:72)
	at org.eclipse.lsp4e.LanguageServerWrapper.lambda$4(LanguageServerWrapper.java:260)
	at org.eclipse.lsp4j.jsonrpc.RemoteEndpoint.request(RemoteEndpoint.java:161)
	at org.eclipse.lsp4j.jsonrpc.services.EndpointProxy.invoke(EndpointProxy.java:91)
	at com.sun.proxy.$Proxy66.shutdown(Unknown Source)
	at org.eclipse.lsp4e.LanguageServerWrapper.lambda$13(LanguageServerWrapper.java:423)
	... 7 more
Caused by: java.io.IOException: 파이프가 닫히는 중입니다
	at java.base/java.io.FileOutputStream.writeBytes(Native Method)
	at java.base/java.io.FileOutputStream.write(FileOutputStream.java:354)
	at java.base/java.io.BufferedOutputStream.flushBuffer(BufferedOutputStream.java:81)
	at java.base/java.io.BufferedOutputStream.flush(BufferedOutputStream.java:142)
	at org.eclipse.lsp4j.jsonrpc.json.StreamMessageConsumer.consume(StreamMessageConsumer.java:69)
	... 12 more

!ENTRY org.eclipse.lsp4e 4 0 2025-06-19 16:52:09.845
!MESSAGE org.eclipse.lsp4j.jsonrpc.JsonRpcException: java.io.IOException: 파이프가 닫히는 중입니다
!STACK 0
java.util.concurrent.ExecutionException: org.eclipse.lsp4j.jsonrpc.JsonRpcException: java.io.IOException: 파이프가 닫히는 중입니다
	at java.base/java.util.concurrent.CompletableFuture.reportGet(CompletableFuture.java:395)
	at java.base/java.util.concurrent.CompletableFuture.get(CompletableFuture.java:2028)
	at org.eclipse.lsp4e.LanguageServerWrapper.lambda$13(LanguageServerWrapper.java:425)
	at java.base/java.util.concurrent.CompletableFuture$AsyncRun.run(CompletableFuture.java:1736)
	at java.base/java.util.concurrent.CompletableFuture$AsyncRun.exec(CompletableFuture.java:1728)
	at java.base/java.util.concurrent.ForkJoinTask.doExec(ForkJoinTask.java:290)
	at java.base/java.util.concurrent.ForkJoinPool$WorkQueue.topLevelExec(ForkJoinPool.java:1020)
	at java.base/java.util.concurrent.ForkJoinPool.scan(ForkJoinPool.java:1656)
	at java.base/java.util.concurrent.ForkJoinPool.runWorker(ForkJoinPool.java:1594)
	at java.base/java.util.concurrent.ForkJoinWorkerThread.run(ForkJoinWorkerThread.java:183)
Caused by: org.eclipse.lsp4j.jsonrpc.JsonRpcException: java.io.IOException: 파이프가 닫히는 중입니다
	at org.eclipse.lsp4j.jsonrpc.json.StreamMessageConsumer.consume(StreamMessageConsumer.java:72)
	at org.eclipse.lsp4e.LanguageServerWrapper.lambda$4(LanguageServerWrapper.java:260)
	at org.eclipse.lsp4j.jsonrpc.RemoteEndpoint.request(RemoteEndpoint.java:161)
	at org.eclipse.lsp4j.jsonrpc.services.EndpointProxy.invoke(EndpointProxy.java:91)
	at com.sun.proxy.$Proxy66.shutdown(Unknown Source)
	at org.eclipse.lsp4e.LanguageServerWrapper.lambda$13(LanguageServerWrapper.java:423)
	... 7 more
Caused by: java.io.IOException: 파이프가 닫히는 중입니다
	at java.base/java.io.FileOutputStream.writeBytes(Native Method)
	at java.base/java.io.FileOutputStream.write(FileOutputStream.java:354)
	at java.base/java.io.BufferedOutputStream.flushBuffer(BufferedOutputStream.java:81)
	at java.base/java.io.BufferedOutputStream.flush(BufferedOutputStream.java:142)
	at org.eclipse.lsp4j.jsonrpc.json.StreamMessageConsumer.consume(StreamMessageConsumer.java:69)
	... 12 more

!ENTRY org.eclipse.lsp4e 4 0 2025-06-19 16:52:09.846
!MESSAGE org.eclipse.lsp4j.jsonrpc.JsonRpcException: java.io.IOException: 파이프가 닫히는 중입니다
!STACK 0
java.util.concurrent.ExecutionException: org.eclipse.lsp4j.jsonrpc.JsonRpcException: java.io.IOException: 파이프가 닫히는 중입니다
	at java.base/java.util.concurrent.CompletableFuture.reportGet(CompletableFuture.java:395)
	at java.base/java.util.concurrent.CompletableFuture.get(CompletableFuture.java:2028)
	at org.eclipse.lsp4e.LanguageServerWrapper.lambda$13(LanguageServerWrapper.java:425)
	at java.base/java.util.concurrent.CompletableFuture$AsyncRun.run(CompletableFuture.java:1736)
	at java.base/java.util.concurrent.CompletableFuture$AsyncRun.exec(CompletableFuture.java:1728)
	at java.base/java.util.concurrent.ForkJoinTask.doExec(ForkJoinTask.java:290)
	at java.base/java.util.concurrent.ForkJoinPool$WorkQueue.topLevelExec(ForkJoinPool.java:1020)
	at java.base/java.util.concurrent.ForkJoinPool.scan(ForkJoinPool.java:1656)
	at java.base/java.util.concurrent.ForkJoinPool.runWorker(ForkJoinPool.java:1594)
	at java.base/java.util.concurrent.ForkJoinWorkerThread.run(ForkJoinWorkerThread.java:183)
Caused by: org.eclipse.lsp4j.jsonrpc.JsonRpcException: java.io.IOException: 파이프가 닫히는 중입니다
	at org.eclipse.lsp4j.jsonrpc.json.StreamMessageConsumer.consume(StreamMessageConsumer.java:72)
	at org.eclipse.lsp4e.LanguageServerWrapper.lambda$4(LanguageServerWrapper.java:260)
	at org.eclipse.lsp4j.jsonrpc.RemoteEndpoint.request(RemoteEndpoint.java:161)
	at org.eclipse.lsp4j.jsonrpc.services.EndpointProxy.invoke(EndpointProxy.java:91)
	at com.sun.proxy.$Proxy66.shutdown(Unknown Source)
	at org.eclipse.lsp4e.LanguageServerWrapper.lambda$13(LanguageServerWrapper.java:423)
	... 7 more
Caused by: java.io.IOException: 파이프가 닫히는 중입니다
	at java.base/java.io.FileOutputStream.writeBytes(Native Method)
	at java.base/java.io.FileOutputStream.write(FileOutputStream.java:354)
	at java.base/java.io.BufferedOutputStream.flushBuffer(BufferedOutputStream.java:81)
	at java.base/java.io.BufferedOutputStream.flush(BufferedOutputStream.java:142)
	at org.eclipse.lsp4j.jsonrpc.json.StreamMessageConsumer.consume(StreamMessageConsumer.java:69)
	... 12 more

!ENTRY org.springframework.tooling.ls.eclipse.commons 1 0 2025-06-19 16:52:09.846
!MESSAGE Entering DelegatingStreamConnectionProvider()

!ENTRY org.eclipse.lsp4e 4 0 2025-06-19 16:52:09.846
!MESSAGE org.eclipse.lsp4j.jsonrpc.JsonRpcException: java.io.IOException: 파이프가 닫히는 중입니다
!STACK 0
java.util.concurrent.ExecutionException: org.eclipse.lsp4j.jsonrpc.JsonRpcException: java.io.IOException: 파이프가 닫히는 중입니다
	at java.base/java.util.concurrent.CompletableFuture.reportGet(CompletableFuture.java:395)
	at java.base/java.util.concurrent.CompletableFuture.get(CompletableFuture.java:2028)
	at org.eclipse.lsp4e.LanguageServerWrapper.lambda$13(LanguageServerWrapper.java:425)
	at java.base/java.util.concurrent.CompletableFuture$AsyncRun.run(CompletableFuture.java:1736)
	at java.base/java.util.concurrent.CompletableFuture$AsyncRun.exec(CompletableFuture.java:1728)
	at java.base/java.util.concurrent.ForkJoinTask.doExec(ForkJoinTask.java:290)
	at java.base/java.util.concurrent.ForkJoinPool$WorkQueue.topLevelExec(ForkJoinPool.java:1020)
	at java.base/java.util.concurrent.ForkJoinPool.scan(ForkJoinPool.java:1656)
	at java.base/java.util.concurrent.ForkJoinPool.runWorker(ForkJoinPool.java:1594)
	at java.base/java.util.concurrent.ForkJoinWorkerThread.run(ForkJoinWorkerThread.java:183)
Caused by: org.eclipse.lsp4j.jsonrpc.JsonRpcException: java.io.IOException: 파이프가 닫히는 중입니다
	at org.eclipse.lsp4j.jsonrpc.json.StreamMessageConsumer.consume(StreamMessageConsumer.java:72)
	at org.eclipse.lsp4e.LanguageServerWrapper.lambda$4(LanguageServerWrapper.java:260)
	at org.eclipse.lsp4j.jsonrpc.RemoteEndpoint.request(RemoteEndpoint.java:161)
	at org.eclipse.lsp4j.jsonrpc.services.EndpointProxy.invoke(EndpointProxy.java:91)
	at com.sun.proxy.$Proxy66.shutdown(Unknown Source)
	at org.eclipse.lsp4e.LanguageServerWrapper.lambda$13(LanguageServerWrapper.java:423)
	... 7 more
Caused by: java.io.IOException: 파이프가 닫히는 중입니다
	at java.base/java.io.FileOutputStream.writeBytes(Native Method)
	at java.base/java.io.FileOutputStream.write(FileOutputStream.java:354)
	at java.base/java.io.BufferedOutputStream.flushBuffer(BufferedOutputStream.java:81)
	at java.base/java.io.BufferedOutputStream.flush(BufferedOutputStream.java:142)
	at org.eclipse.lsp4j.jsonrpc.json.StreamMessageConsumer.consume(StreamMessageConsumer.java:69)
	... 12 more

!ENTRY org.springframework.tooling.ls.eclipse.commons 1 0 2025-06-19 16:52:09.847
!MESSAGE Entering DelegatingStreamConnectionProvider()

!ENTRY org.springframework.tooling.ls.eclipse.commons 1 0 2025-06-19 16:52:09.847
!MESSAGE Entering DelegatingStreamConnectionProvider()

!ENTRY org.springframework.tooling.ls.eclipse.commons 1 0 2025-06-19 16:52:09.847
!MESSAGE DelegatingStreamConnectionProvider classloader = org.eclipse.osgi.internal.loader.EquinoxClassLoader@56fdb4db[org.springframework.tooling.boot.ls:1.28.0.202109130547(id=1001)]

!ENTRY org.eclipse.lsp4e 4 0 2025-06-19 16:52:09.847
!MESSAGE org.eclipse.lsp4j.jsonrpc.JsonRpcException: java.io.IOException: 파이프가 닫히는 중입니다
!STACK 0
java.util.concurrent.ExecutionException: org.eclipse.lsp4j.jsonrpc.JsonRpcException: java.io.IOException: 파이프가 닫히는 중입니다
	at java.base/java.util.concurrent.CompletableFuture.reportGet(CompletableFuture.java:395)
	at java.base/java.util.concurrent.CompletableFuture.get(CompletableFuture.java:2028)
	at org.eclipse.lsp4e.LanguageServerWrapper.lambda$13(LanguageServerWrapper.java:425)
	at java.base/java.util.concurrent.CompletableFuture$AsyncRun.run(CompletableFuture.java:1736)
	at java.base/java.util.concurrent.CompletableFuture$AsyncRun.exec(CompletableFuture.java:1728)
	at java.base/java.util.concurrent.ForkJoinTask.doExec(ForkJoinTask.java:290)
	at java.base/java.util.concurrent.ForkJoinPool$WorkQueue.topLevelExec(ForkJoinPool.java:1020)
	at java.base/java.util.concurrent.ForkJoinPool.scan(ForkJoinPool.java:1656)
	at java.base/java.util.concurrent.ForkJoinPool.runWorker(ForkJoinPool.java:1594)
	at java.base/java.util.concurrent.ForkJoinWorkerThread.run(ForkJoinWorkerThread.java:183)
Caused by: org.eclipse.lsp4j.jsonrpc.JsonRpcException: java.io.IOException: 파이프가 닫히는 중입니다
	at org.eclipse.lsp4j.jsonrpc.json.StreamMessageConsumer.consume(StreamMessageConsumer.java:72)
	at org.eclipse.lsp4e.LanguageServerWrapper.lambda$4(LanguageServerWrapper.java:260)
	at org.eclipse.lsp4j.jsonrpc.RemoteEndpoint.request(RemoteEndpoint.java:161)
	at org.eclipse.lsp4j.jsonrpc.services.EndpointProxy.invoke(EndpointProxy.java:91)
	at com.sun.proxy.$Proxy66.shutdown(Unknown Source)
	at org.eclipse.lsp4e.LanguageServerWrapper.lambda$13(LanguageServerWrapper.java:423)
	... 7 more
Caused by: java.io.IOException: 파이프가 닫히는 중입니다
	at java.base/java.io.FileOutputStream.writeBytes(Native Method)
	at java.base/java.io.FileOutputStream.write(FileOutputStream.java:354)
	at java.base/java.io.BufferedOutputStream.flushBuffer(BufferedOutputStream.java:81)
	at java.base/java.io.BufferedOutputStream.flush(BufferedOutputStream.java:142)
	at org.eclipse.lsp4j.jsonrpc.json.StreamMessageConsumer.consume(StreamMessageConsumer.java:69)
	... 12 more

!ENTRY org.springframework.tooling.ls.eclipse.commons 1 0 2025-06-19 16:52:09.847
!MESSAGE Entering DelegatingStreamConnectionProvider()

!ENTRY org.springframework.tooling.ls.eclipse.commons 1 0 2025-06-19 16:52:09.847
!MESSAGE Entering DelegatingStreamConnectionProvider()

!ENTRY org.eclipse.lsp4e 4 0 2025-06-19 16:52:09.848
!MESSAGE org.eclipse.lsp4j.jsonrpc.JsonRpcException: java.io.IOException: 파이프가 닫히는 중입니다
!STACK 0
java.util.concurrent.ExecutionException: org.eclipse.lsp4j.jsonrpc.JsonRpcException: java.io.IOException: 파이프가 닫히는 중입니다
	at java.base/java.util.concurrent.CompletableFuture.reportGet(CompletableFuture.java:395)
	at java.base/java.util.concurrent.CompletableFuture.get(CompletableFuture.java:2028)
	at org.eclipse.lsp4e.LanguageServerWrapper.lambda$13(LanguageServerWrapper.java:425)
	at java.base/java.util.concurrent.CompletableFuture$AsyncRun.run(CompletableFuture.java:1736)
	at java.base/java.util.concurrent.CompletableFuture$AsyncRun.exec(CompletableFuture.java:1728)
	at java.base/java.util.concurrent.ForkJoinTask.doExec(ForkJoinTask.java:290)
	at java.base/java.util.concurrent.ForkJoinPool$WorkQueue.topLevelExec(ForkJoinPool.java:1020)
	at java.base/java.util.concurrent.ForkJoinPool.scan(ForkJoinPool.java:1656)
	at java.base/java.util.concurrent.ForkJoinPool.runWorker(ForkJoinPool.java:1594)
	at java.base/java.util.concurrent.ForkJoinWorkerThread.run(ForkJoinWorkerThread.java:183)
Caused by: org.eclipse.lsp4j.jsonrpc.JsonRpcException: java.io.IOException: 파이프가 닫히는 중입니다
	at org.eclipse.lsp4j.jsonrpc.json.StreamMessageConsumer.consume(StreamMessageConsumer.java:72)
	at org.eclipse.lsp4e.LanguageServerWrapper.lambda$4(LanguageServerWrapper.java:260)
	at org.eclipse.lsp4j.jsonrpc.RemoteEndpoint.request(RemoteEndpoint.java:161)
	at org.eclipse.lsp4j.jsonrpc.services.EndpointProxy.invoke(EndpointProxy.java:91)
	at com.sun.proxy.$Proxy66.shutdown(Unknown Source)
	at org.eclipse.lsp4e.LanguageServerWrapper.lambda$13(LanguageServerWrapper.java:423)
	... 7 more
Caused by: java.io.IOException: 파이프가 닫히는 중입니다
	at java.base/java.io.FileOutputStream.writeBytes(Native Method)
	at java.base/java.io.FileOutputStream.write(FileOutputStream.java:354)
	at java.base/java.io.BufferedOutputStream.flushBuffer(BufferedOutputStream.java:81)
	at java.base/java.io.BufferedOutputStream.flush(BufferedOutputStream.java:142)
	at org.eclipse.lsp4j.jsonrpc.json.StreamMessageConsumer.consume(StreamMessageConsumer.java:69)
	... 12 more

!ENTRY org.springframework.tooling.ls.eclipse.commons 1 0 2025-06-19 16:52:09.848
!MESSAGE SpringBootLanguageServer exists!

!ENTRY org.springframework.tooling.ls.eclipse.commons 1 0 2025-06-19 16:52:09.848
!MESSAGE SpringBootLanguageServer exists!

!ENTRY org.springframework.tooling.ls.eclipse.commons 1 0 2025-06-19 16:52:09.848
!MESSAGE SpringBootLanguageServer exists!

!ENTRY org.springframework.tooling.ls.eclipse.commons 1 0 2025-06-19 16:52:09.848
!MESSAGE SpringBootLanguageServer exists!

!ENTRY org.springframework.tooling.ls.eclipse.commons 1 0 2025-06-19 16:52:09.848
!MESSAGE DelegatingStreamConnectionProvider classloader = org.eclipse.osgi.internal.loader.EquinoxClassLoader@56fdb4db[org.springframework.tooling.boot.ls:1.28.0.202109130547(id=1001)]

!ENTRY org.springframework.tooling.ls.eclipse.commons 1 0 2025-06-19 16:52:09.849
!MESSAGE Entering DelegatingStreamConnectionProvider()

!ENTRY org.springframework.tooling.ls.eclipse.commons 1 0 2025-06-19 16:52:09.849
!MESSAGE SpringBootLanguageServer exists!

!ENTRY org.eclipse.lsp4e 4 0 2025-06-19 16:52:09.849
!MESSAGE org.eclipse.lsp4j.jsonrpc.JsonRpcException: java.io.IOException: 파이프가 닫히는 중입니다
!STACK 0
java.util.concurrent.ExecutionException: org.eclipse.lsp4j.jsonrpc.JsonRpcException: java.io.IOException: 파이프가 닫히는 중입니다
	at java.base/java.util.concurrent.CompletableFuture.reportGet(CompletableFuture.java:395)
	at java.base/java.util.concurrent.CompletableFuture.get(CompletableFuture.java:2028)
	at org.eclipse.lsp4e.LanguageServerWrapper.lambda$13(LanguageServerWrapper.java:425)
	at java.base/java.util.concurrent.CompletableFuture$AsyncRun.run(CompletableFuture.java:1736)
	at java.base/java.util.concurrent.CompletableFuture$AsyncRun.exec(CompletableFuture.java:1728)
	at java.base/java.util.concurrent.ForkJoinTask.doExec(ForkJoinTask.java:290)
	at java.base/java.util.concurrent.ForkJoinPool$WorkQueue.topLevelExec(ForkJoinPool.java:1020)
	at java.base/java.util.concurrent.ForkJoinPool.scan(ForkJoinPool.java:1656)
	at java.base/java.util.concurrent.ForkJoinPool.runWorker(ForkJoinPool.java:1594)
	at java.base/java.util.concurrent.ForkJoinWorkerThread.run(ForkJoinWorkerThread.java:183)
Caused by: org.eclipse.lsp4j.jsonrpc.JsonRpcException: java.io.IOException: 파이프가 닫히는 중입니다
	at org.eclipse.lsp4j.jsonrpc.json.StreamMessageConsumer.consume(StreamMessageConsumer.java:72)
	at org.eclipse.lsp4e.LanguageServerWrapper.lambda$4(LanguageServerWrapper.java:260)
	at org.eclipse.lsp4j.jsonrpc.RemoteEndpoint.request(RemoteEndpoint.java:161)
	at org.eclipse.lsp4j.jsonrpc.services.EndpointProxy.invoke(EndpointProxy.java:91)
	at com.sun.proxy.$Proxy66.shutdown(Unknown Source)
	at org.eclipse.lsp4e.LanguageServerWrapper.lambda$13(LanguageServerWrapper.java:423)
	... 7 more
Caused by: java.io.IOException: 파이프가 닫히는 중입니다
	at java.base/java.io.FileOutputStream.writeBytes(Native Method)
	at java.base/java.io.FileOutputStream.write(FileOutputStream.java:354)
	at java.base/java.io.BufferedOutputStream.flushBuffer(BufferedOutputStream.java:81)
	at java.base/java.io.BufferedOutputStream.flush(BufferedOutputStream.java:142)
	at org.eclipse.lsp4j.jsonrpc.json.StreamMessageConsumer.consume(StreamMessageConsumer.java:69)
	... 12 more

!ENTRY org.springframework.tooling.ls.eclipse.commons 1 0 2025-06-19 16:52:09.849
!MESSAGE DelegatingStreamConnectionProvider classloader = org.eclipse.osgi.internal.loader.EquinoxClassLoader@56fdb4db[org.springframework.tooling.boot.ls:1.28.0.202109130547(id=1001)]

!ENTRY org.springframework.tooling.ls.eclipse.commons 1 0 2025-06-19 16:52:09.849
!MESSAGE Entering DelegatingStreamConnectionProvider()

!ENTRY org.springframework.tooling.ls.eclipse.commons 1 0 2025-06-19 16:52:09.850
!MESSAGE SpringBootLanguageServer exists!

!ENTRY org.eclipse.lsp4e 4 0 2025-06-19 16:52:09.850
!MESSAGE org.eclipse.lsp4j.jsonrpc.JsonRpcException: java.io.IOException: 파이프가 닫히는 중입니다
!STACK 0
java.util.concurrent.ExecutionException: org.eclipse.lsp4j.jsonrpc.JsonRpcException: java.io.IOException: 파이프가 닫히는 중입니다
	at java.base/java.util.concurrent.CompletableFuture.reportGet(CompletableFuture.java:395)
	at java.base/java.util.concurrent.CompletableFuture.get(CompletableFuture.java:2028)
	at org.eclipse.lsp4e.LanguageServerWrapper.lambda$13(LanguageServerWrapper.java:425)
	at java.base/java.util.concurrent.CompletableFuture$AsyncRun.run(CompletableFuture.java:1736)
	at java.base/java.util.concurrent.CompletableFuture$AsyncRun.exec(CompletableFuture.java:1728)
	at java.base/java.util.concurrent.ForkJoinTask.doExec(ForkJoinTask.java:290)
	at java.base/java.util.concurrent.ForkJoinPool$WorkQueue.topLevelExec(ForkJoinPool.java:1020)
	at java.base/java.util.concurrent.ForkJoinPool.scan(ForkJoinPool.java:1656)
	at java.base/java.util.concurrent.ForkJoinPool.runWorker(ForkJoinPool.java:1594)
	at java.base/java.util.concurrent.ForkJoinWorkerThread.run(ForkJoinWorkerThread.java:183)
Caused by: org.eclipse.lsp4j.jsonrpc.JsonRpcException: java.io.IOException: 파이프가 닫히는 중입니다
	at org.eclipse.lsp4j.jsonrpc.json.StreamMessageConsumer.consume(StreamMessageConsumer.java:72)
	at org.eclipse.lsp4e.LanguageServerWrapper.lambda$4(LanguageServerWrapper.java:260)
	at org.eclipse.lsp4j.jsonrpc.RemoteEndpoint.request(RemoteEndpoint.java:161)
	at org.eclipse.lsp4j.jsonrpc.services.EndpointProxy.invoke(EndpointProxy.java:91)
	at com.sun.proxy.$Proxy66.shutdown(Unknown Source)
	at org.eclipse.lsp4e.LanguageServerWrapper.lambda$13(LanguageServerWrapper.java:423)
	... 7 more
Caused by: java.io.IOException: 파이프가 닫히는 중입니다
	at java.base/java.io.FileOutputStream.writeBytes(Native Method)
	at java.base/java.io.FileOutputStream.write(FileOutputStream.java:354)
	at java.base/java.io.BufferedOutputStream.flushBuffer(BufferedOutputStream.java:81)
	at java.base/java.io.BufferedOutputStream.flush(BufferedOutputStream.java:142)
	at org.eclipse.lsp4j.jsonrpc.json.StreamMessageConsumer.consume(StreamMessageConsumer.java:69)
	... 12 more

!ENTRY org.springframework.tooling.ls.eclipse.commons 1 0 2025-06-19 16:52:09.850
!MESSAGE DelegatingStreamConnectionProvider classloader = org.eclipse.osgi.internal.loader.EquinoxClassLoader@56fdb4db[org.springframework.tooling.boot.ls:1.28.0.202109130547(id=1001)]

!ENTRY org.springframework.tooling.ls.eclipse.commons 1 0 2025-06-19 16:52:09.850
!MESSAGE DelegatingStreamConnectionProvider classloader = org.eclipse.osgi.internal.loader.EquinoxClassLoader@56fdb4db[org.springframework.tooling.boot.ls:1.28.0.202109130547(id=1001)]

!ENTRY org.eclipse.lsp4e 4 0 2025-06-19 16:52:09.851
!MESSAGE org.eclipse.lsp4j.jsonrpc.JsonRpcException: java.io.IOException: 파이프가 닫히는 중입니다
!STACK 0
java.util.concurrent.ExecutionException: org.eclipse.lsp4j.jsonrpc.JsonRpcException: java.io.IOException: 파이프가 닫히는 중입니다
	at java.base/java.util.concurrent.CompletableFuture.reportGet(CompletableFuture.java:395)
	at java.base/java.util.concurrent.CompletableFuture.get(CompletableFuture.java:2028)
	at org.eclipse.lsp4e.LanguageServerWrapper.lambda$13(LanguageServerWrapper.java:425)
	at java.base/java.util.concurrent.CompletableFuture$AsyncRun.run(CompletableFuture.java:1736)
	at java.base/java.util.concurrent.CompletableFuture$AsyncRun.exec(CompletableFuture.java:1728)
	at java.base/java.util.concurrent.ForkJoinTask.doExec(ForkJoinTask.java:290)
	at java.base/java.util.concurrent.ForkJoinPool$WorkQueue.topLevelExec(ForkJoinPool.java:1020)
	at java.base/java.util.concurrent.ForkJoinPool.scan(ForkJoinPool.java:1656)
	at java.base/java.util.concurrent.ForkJoinPool.runWorker(ForkJoinPool.java:1594)
	at java.base/java.util.concurrent.ForkJoinWorkerThread.run(ForkJoinWorkerThread.java:183)
Caused by: org.eclipse.lsp4j.jsonrpc.JsonRpcException: java.io.IOException: 파이프가 닫히는 중입니다
	at org.eclipse.lsp4j.jsonrpc.json.StreamMessageConsumer.consume(StreamMessageConsumer.java:72)
	at org.eclipse.lsp4e.LanguageServerWrapper.lambda$4(LanguageServerWrapper.java:260)
	at org.eclipse.lsp4j.jsonrpc.RemoteEndpoint.request(RemoteEndpoint.java:161)
	at org.eclipse.lsp4j.jsonrpc.services.EndpointProxy.invoke(EndpointProxy.java:91)
	at com.sun.proxy.$Proxy66.shutdown(Unknown Source)
	at org.eclipse.lsp4e.LanguageServerWrapper.lambda$13(LanguageServerWrapper.java:423)
	... 7 more
Caused by: java.io.IOException: 파이프가 닫히는 중입니다
	at java.base/java.io.FileOutputStream.writeBytes(Native Method)
	at java.base/java.io.FileOutputStream.write(FileOutputStream.java:354)
	at java.base/java.io.BufferedOutputStream.flushBuffer(BufferedOutputStream.java:81)
	at java.base/java.io.BufferedOutputStream.flush(BufferedOutputStream.java:142)
	at org.eclipse.lsp4j.jsonrpc.json.StreamMessageConsumer.consume(StreamMessageConsumer.java:69)
	... 12 more

!ENTRY org.springframework.tooling.ls.eclipse.commons 1 0 2025-06-19 16:52:09.851
!MESSAGE SpringBootLanguageServer exists!

!ENTRY org.springframework.tooling.ls.eclipse.commons 1 0 2025-06-19 16:52:09.851
!MESSAGE DelegatingStreamConnectionProvider classloader = org.eclipse.osgi.internal.loader.EquinoxClassLoader@56fdb4db[org.springframework.tooling.boot.ls:1.28.0.202109130547(id=1001)]

!ENTRY org.springframework.tooling.ls.eclipse.commons 1 0 2025-06-19 16:52:09.851
!MESSAGE DelegatingStreamConnectionProvider classloader = org.eclipse.osgi.internal.loader.EquinoxClassLoader@56fdb4db[org.springframework.tooling.boot.ls:1.28.0.202109130547(id=1001)]

!ENTRY org.eclipse.lsp4e 4 0 2025-06-19 16:52:09.851
!MESSAGE org.eclipse.lsp4j.jsonrpc.JsonRpcException: java.io.IOException: 파이프가 닫히는 중입니다
!STACK 0
java.util.concurrent.ExecutionException: org.eclipse.lsp4j.jsonrpc.JsonRpcException: java.io.IOException: 파이프가 닫히는 중입니다
	at java.base/java.util.concurrent.CompletableFuture.reportGet(CompletableFuture.java:395)
	at java.base/java.util.concurrent.CompletableFuture.get(CompletableFuture.java:2028)
	at org.eclipse.lsp4e.LanguageServerWrapper.lambda$13(LanguageServerWrapper.java:425)
	at java.base/java.util.concurrent.CompletableFuture$AsyncRun.run(CompletableFuture.java:1736)
	at java.base/java.util.concurrent.CompletableFuture$AsyncRun.exec(CompletableFuture.java:1728)
	at java.base/java.util.concurrent.ForkJoinTask.doExec(ForkJoinTask.java:290)
	at java.base/java.util.concurrent.ForkJoinPool$WorkQueue.topLevelExec(ForkJoinPool.java:1020)
	at java.base/java.util.concurrent.ForkJoinPool.scan(ForkJoinPool.java:1656)
	at java.base/java.util.concurrent.ForkJoinPool.runWorker(ForkJoinPool.java:1594)
	at java.base/java.util.concurrent.ForkJoinWorkerThread.run(ForkJoinWorkerThread.java:183)
Caused by: org.eclipse.lsp4j.jsonrpc.JsonRpcException: java.io.IOException: 파이프가 닫히는 중입니다
	at org.eclipse.lsp4j.jsonrpc.json.StreamMessageConsumer.consume(StreamMessageConsumer.java:72)
	at org.eclipse.lsp4e.LanguageServerWrapper.lambda$4(LanguageServerWrapper.java:260)
	at org.eclipse.lsp4j.jsonrpc.RemoteEndpoint.request(RemoteEndpoint.java:161)
	at org.eclipse.lsp4j.jsonrpc.services.EndpointProxy.invoke(EndpointProxy.java:91)
	at com.sun.proxy.$Proxy66.shutdown(Unknown Source)
	at org.eclipse.lsp4e.LanguageServerWrapper.lambda$13(LanguageServerWrapper.java:423)
	... 7 more
Caused by: java.io.IOException: 파이프가 닫히는 중입니다
	at java.base/java.io.FileOutputStream.writeBytes(Native Method)
	at java.base/java.io.FileOutputStream.write(FileOutputStream.java:354)
	at java.base/java.io.BufferedOutputStream.flushBuffer(BufferedOutputStream.java:81)
	at java.base/java.io.BufferedOutputStream.flush(BufferedOutputStream.java:142)
	at org.eclipse.lsp4j.jsonrpc.json.StreamMessageConsumer.consume(StreamMessageConsumer.java:69)
	... 12 more

!ENTRY org.springframework.tooling.ls.eclipse.commons 1 0 2025-06-19 16:52:09.852
!MESSAGE SpringBootLanguageServer exists!

!ENTRY org.springframework.tooling.ls.eclipse.commons 1 0 2025-06-19 16:52:09.852
!MESSAGE Entering DelegatingStreamConnectionProvider()

!ENTRY org.springframework.tooling.ls.eclipse.commons 1 0 2025-06-19 16:52:09.852
!MESSAGE SpringBootLanguageServer exists!

!ENTRY org.springframework.tooling.ls.eclipse.commons 1 0 2025-06-19 16:52:09.852
!MESSAGE SpringBootLanguageServer exists!

!ENTRY org.eclipse.lsp4e 4 0 2025-06-19 16:52:09.852
!MESSAGE org.eclipse.lsp4j.jsonrpc.JsonRpcException: java.io.IOException: 파이프가 닫히는 중입니다
!STACK 0
java.util.concurrent.ExecutionException: org.eclipse.lsp4j.jsonrpc.JsonRpcException: java.io.IOException: 파이프가 닫히는 중입니다
	at java.base/java.util.concurrent.CompletableFuture.reportGet(CompletableFuture.java:395)
	at java.base/java.util.concurrent.CompletableFuture.get(CompletableFuture.java:2028)
	at org.eclipse.lsp4e.LanguageServerWrapper.lambda$13(LanguageServerWrapper.java:425)
	at java.base/java.util.concurrent.CompletableFuture$AsyncRun.run(CompletableFuture.java:1736)
	at java.base/java.util.concurrent.CompletableFuture$AsyncRun.exec(CompletableFuture.java:1728)
	at java.base/java.util.concurrent.ForkJoinTask.doExec(ForkJoinTask.java:290)
	at java.base/java.util.concurrent.ForkJoinPool$WorkQueue.topLevelExec(ForkJoinPool.java:1020)
	at java.base/java.util.concurrent.ForkJoinPool.scan(ForkJoinPool.java:1656)
	at java.base/java.util.concurrent.ForkJoinPool.runWorker(ForkJoinPool.java:1594)
	at java.base/java.util.concurrent.ForkJoinWorkerThread.run(ForkJoinWorkerThread.java:183)
Caused by: org.eclipse.lsp4j.jsonrpc.JsonRpcException: java.io.IOException: 파이프가 닫히는 중입니다
	at org.eclipse.lsp4j.jsonrpc.json.StreamMessageConsumer.consume(StreamMessageConsumer.java:72)
	at org.eclipse.lsp4e.LanguageServerWrapper.lambda$4(LanguageServerWrapper.java:260)
	at org.eclipse.lsp4j.jsonrpc.RemoteEndpoint.request(RemoteEndpoint.java:161)
	at org.eclipse.lsp4j.jsonrpc.services.EndpointProxy.invoke(EndpointProxy.java:91)
	at com.sun.proxy.$Proxy66.shutdown(Unknown Source)
	at org.eclipse.lsp4e.LanguageServerWrapper.lambda$13(LanguageServerWrapper.java:423)
	... 7 more
Caused by: java.io.IOException: 파이프가 닫히는 중입니다
	at java.base/java.io.FileOutputStream.writeBytes(Native Method)
	at java.base/java.io.FileOutputStream.write(FileOutputStream.java:354)
	at java.base/java.io.BufferedOutputStream.flushBuffer(BufferedOutputStream.java:81)
	at java.base/java.io.BufferedOutputStream.flush(BufferedOutputStream.java:142)
	at org.eclipse.lsp4j.jsonrpc.json.StreamMessageConsumer.consume(StreamMessageConsumer.java:69)
	... 12 more

!ENTRY org.springframework.tooling.ls.eclipse.commons 1 0 2025-06-19 16:52:09.853
!MESSAGE DelegatingStreamConnectionProvider classloader = org.eclipse.osgi.internal.loader.EquinoxClassLoader@56fdb4db[org.springframework.tooling.boot.ls:1.28.0.202109130547(id=1001)]

!ENTRY org.springframework.tooling.ls.eclipse.commons 1 0 2025-06-19 16:52:09.853
!MESSAGE SpringBootLanguageServer exists!

!ENTRY org.springframework.tooling.ls.eclipse.commons 1 0 2025-06-19 16:52:09.853
!MESSAGE SpringBootLanguageServer exists!

!ENTRY org.eclipse.lsp4e 4 0 2025-06-19 16:52:09.853
!MESSAGE org.eclipse.lsp4j.jsonrpc.JsonRpcException: java.io.IOException: 파이프가 닫히는 중입니다
!STACK 0
java.util.concurrent.ExecutionException: org.eclipse.lsp4j.jsonrpc.JsonRpcException: java.io.IOException: 파이프가 닫히는 중입니다
	at java.base/java.util.concurrent.CompletableFuture.reportGet(CompletableFuture.java:395)
	at java.base/java.util.concurrent.CompletableFuture.get(CompletableFuture.java:2028)
	at org.eclipse.lsp4e.LanguageServerWrapper.lambda$13(LanguageServerWrapper.java:425)
	at java.base/java.util.concurrent.CompletableFuture$AsyncRun.run(CompletableFuture.java:1736)
	at java.base/java.util.concurrent.CompletableFuture$AsyncRun.exec(CompletableFuture.java:1728)
	at java.base/java.util.concurrent.ForkJoinTask.doExec(ForkJoinTask.java:290)
	at java.base/java.util.concurrent.ForkJoinPool$WorkQueue.topLevelExec(ForkJoinPool.java:1020)
	at java.base/java.util.concurrent.ForkJoinPool.scan(ForkJoinPool.java:1656)
	at java.base/java.util.concurrent.ForkJoinPool.runWorker(ForkJoinPool.java:1594)
	at java.base/java.util.concurrent.ForkJoinWorkerThread.run(ForkJoinWorkerThread.java:183)
Caused by: org.eclipse.lsp4j.jsonrpc.JsonRpcException: java.io.IOException: 파이프가 닫히는 중입니다
	at org.eclipse.lsp4j.jsonrpc.json.StreamMessageConsumer.consume(StreamMessageConsumer.java:72)
	at org.eclipse.lsp4e.LanguageServerWrapper.lambda$4(LanguageServerWrapper.java:260)
	at org.eclipse.lsp4j.jsonrpc.RemoteEndpoint.request(RemoteEndpoint.java:161)
	at org.eclipse.lsp4j.jsonrpc.services.EndpointProxy.invoke(EndpointProxy.java:91)
	at com.sun.proxy.$Proxy66.shutdown(Unknown Source)
	at org.eclipse.lsp4e.LanguageServerWrapper.lambda$13(LanguageServerWrapper.java:423)
	... 7 more
Caused by: java.io.IOException: 파이프가 닫히는 중입니다
	at java.base/java.io.FileOutputStream.writeBytes(Native Method)
	at java.base/java.io.FileOutputStream.write(FileOutputStream.java:354)
	at java.base/java.io.BufferedOutputStream.flushBuffer(BufferedOutputStream.java:81)
	at java.base/java.io.BufferedOutputStream.flush(BufferedOutputStream.java:142)
	at org.eclipse.lsp4j.jsonrpc.json.StreamMessageConsumer.consume(StreamMessageConsumer.java:69)
	... 12 more

!ENTRY org.springframework.tooling.ls.eclipse.commons 1 0 2025-06-19 16:52:09.853
!MESSAGE DelegatingStreamConnectionProvider classloader = org.eclipse.osgi.internal.loader.EquinoxClassLoader@56fdb4db[org.springframework.tooling.boot.ls:1.28.0.202109130547(id=1001)]

!ENTRY org.springframework.tooling.ls.eclipse.commons 1 0 2025-06-19 16:52:09.854
!MESSAGE Entering DelegatingStreamConnectionProvider()

!ENTRY org.springframework.tooling.ls.eclipse.commons 1 0 2025-06-19 16:52:09.854
!MESSAGE SpringBootLanguageServer exists!

!ENTRY org.springframework.tooling.ls.eclipse.commons 1 0 2025-06-19 16:52:09.854
!MESSAGE DelegatingStreamConnectionProvider classloader = org.eclipse.osgi.internal.loader.EquinoxClassLoader@56fdb4db[org.springframework.tooling.boot.ls:1.28.0.202109130547(id=1001)]

!ENTRY org.springframework.tooling.ls.eclipse.commons 1 0 2025-06-19 16:52:09.854
!MESSAGE SpringBootLanguageServer exists!

!ENTRY org.eclipse.lsp4e 4 0 2025-06-19 16:52:09.854
!MESSAGE org.eclipse.lsp4j.jsonrpc.JsonRpcException: java.io.IOException: 파이프가 닫히는 중입니다
!STACK 0
java.util.concurrent.ExecutionException: org.eclipse.lsp4j.jsonrpc.JsonRpcException: java.io.IOException: 파이프가 닫히는 중입니다
	at java.base/java.util.concurrent.CompletableFuture.reportGet(CompletableFuture.java:395)
	at java.base/java.util.concurrent.CompletableFuture.get(CompletableFuture.java:2028)
	at org.eclipse.lsp4e.LanguageServerWrapper.lambda$13(LanguageServerWrapper.java:425)
	at java.base/java.util.concurrent.CompletableFuture$AsyncRun.run(CompletableFuture.java:1736)
	at java.base/java.util.concurrent.CompletableFuture$AsyncRun.exec(CompletableFuture.java:1728)
	at java.base/java.util.concurrent.ForkJoinTask.doExec(ForkJoinTask.java:290)
	at java.base/java.util.concurrent.ForkJoinPool$WorkQueue.topLevelExec(ForkJoinPool.java:1020)
	at java.base/java.util.concurrent.ForkJoinPool.scan(ForkJoinPool.java:1656)
	at java.base/java.util.concurrent.ForkJoinPool.runWorker(ForkJoinPool.java:1594)
	at java.base/java.util.concurrent.ForkJoinWorkerThread.run(ForkJoinWorkerThread.java:183)
Caused by: org.eclipse.lsp4j.jsonrpc.JsonRpcException: java.io.IOException: 파이프가 닫히는 중입니다
	at org.eclipse.lsp4j.jsonrpc.json.StreamMessageConsumer.consume(StreamMessageConsumer.java:72)
	at org.eclipse.lsp4e.LanguageServerWrapper.lambda$4(LanguageServerWrapper.java:260)
	at org.eclipse.lsp4j.jsonrpc.RemoteEndpoint.request(RemoteEndpoint.java:161)
	at org.eclipse.lsp4j.jsonrpc.services.EndpointProxy.invoke(EndpointProxy.java:91)
	at com.sun.proxy.$Proxy66.shutdown(Unknown Source)
	at org.eclipse.lsp4e.LanguageServerWrapper.lambda$13(LanguageServerWrapper.java:423)
	... 7 more
Caused by: java.io.IOException: 파이프가 닫히는 중입니다
	at java.base/java.io.FileOutputStream.writeBytes(Native Method)
	at java.base/java.io.FileOutputStream.write(FileOutputStream.java:354)
	at java.base/java.io.BufferedOutputStream.flushBuffer(BufferedOutputStream.java:81)
	at java.base/java.io.BufferedOutputStream.flush(BufferedOutputStream.java:142)
	at org.eclipse.lsp4j.jsonrpc.json.StreamMessageConsumer.consume(StreamMessageConsumer.java:69)
	... 12 more

!ENTRY org.springframework.tooling.ls.eclipse.commons 1 0 2025-06-19 16:52:09.854
!MESSAGE Entering DelegatingStreamConnectionProvider()

!ENTRY org.springframework.tooling.ls.eclipse.commons 1 0 2025-06-19 16:52:09.855
!MESSAGE SpringBootLanguageServer exists!

!ENTRY org.springframework.tooling.ls.eclipse.commons 1 0 2025-06-19 16:52:09.855
!MESSAGE Entering DelegatingStreamConnectionProvider()

!ENTRY org.springframework.tooling.ls.eclipse.commons 1 0 2025-06-19 16:52:09.855
!MESSAGE DelegatingStreamConnectionProvider classloader = org.eclipse.osgi.internal.loader.EquinoxClassLoader@56fdb4db[org.springframework.tooling.boot.ls:1.28.0.202109130547(id=1001)]

!ENTRY org.springframework.tooling.ls.eclipse.commons 1 0 2025-06-19 16:52:09.855
!MESSAGE DelegatingStreamConnectionProvider classloader = org.eclipse.osgi.internal.loader.EquinoxClassLoader@56fdb4db[org.springframework.tooling.boot.ls:1.28.0.202109130547(id=1001)]

!ENTRY org.eclipse.lsp4e 4 0 2025-06-19 16:52:09.855
!MESSAGE org.eclipse.lsp4j.jsonrpc.JsonRpcException: java.io.IOException: 파이프가 닫히는 중입니다
!STACK 0
java.util.concurrent.ExecutionException: org.eclipse.lsp4j.jsonrpc.JsonRpcException: java.io.IOException: 파이프가 닫히는 중입니다
	at java.base/java.util.concurrent.CompletableFuture.reportGet(CompletableFuture.java:395)
	at java.base/java.util.concurrent.CompletableFuture.get(CompletableFuture.java:2028)
	at org.eclipse.lsp4e.LanguageServerWrapper.lambda$13(LanguageServerWrapper.java:425)
	at java.base/java.util.concurrent.CompletableFuture$AsyncRun.run(CompletableFuture.java:1736)
	at java.base/java.util.concurrent.CompletableFuture$AsyncRun.exec(CompletableFuture.java:1728)
	at java.base/java.util.concurrent.ForkJoinTask.doExec(ForkJoinTask.java:290)
	at java.base/java.util.concurrent.ForkJoinPool$WorkQueue.topLevelExec(ForkJoinPool.java:1020)
	at java.base/java.util.concurrent.ForkJoinPool.scan(ForkJoinPool.java:1656)
	at java.base/java.util.concurrent.ForkJoinPool.runWorker(ForkJoinPool.java:1594)
	at java.base/java.util.concurrent.ForkJoinWorkerThread.run(ForkJoinWorkerThread.java:183)
Caused by: org.eclipse.lsp4j.jsonrpc.JsonRpcException: java.io.IOException: 파이프가 닫히는 중입니다
	at org.eclipse.lsp4j.jsonrpc.json.StreamMessageConsumer.consume(StreamMessageConsumer.java:72)
	at org.eclipse.lsp4e.LanguageServerWrapper.lambda$4(LanguageServerWrapper.java:260)
	at org.eclipse.lsp4j.jsonrpc.RemoteEndpoint.request(RemoteEndpoint.java:161)
	at org.eclipse.lsp4j.jsonrpc.services.EndpointProxy.invoke(EndpointProxy.java:91)
	at com.sun.proxy.$Proxy66.shutdown(Unknown Source)
	at org.eclipse.lsp4e.LanguageServerWrapper.lambda$13(LanguageServerWrapper.java:423)
	... 7 more
Caused by: java.io.IOException: 파이프가 닫히는 중입니다
	at java.base/java.io.FileOutputStream.writeBytes(Native Method)
	at java.base/java.io.FileOutputStream.write(FileOutputStream.java:354)
	at java.base/java.io.BufferedOutputStream.flushBuffer(BufferedOutputStream.java:81)
	at java.base/java.io.BufferedOutputStream.flush(BufferedOutputStream.java:142)
	at org.eclipse.lsp4j.jsonrpc.json.StreamMessageConsumer.consume(StreamMessageConsumer.java:69)
	... 12 more

!ENTRY org.springframework.tooling.ls.eclipse.commons 1 0 2025-06-19 16:52:09.857
!MESSAGE SpringBootLanguageServer exists!

!ENTRY org.springframework.tooling.ls.eclipse.commons 1 0 2025-06-19 16:52:09.857
!MESSAGE SpringBootLanguageServer exists!

!ENTRY org.springframework.tooling.ls.eclipse.commons 1 0 2025-06-19 16:52:09.857
!MESSAGE Entering DelegatingStreamConnectionProvider()

!ENTRY org.springframework.tooling.ls.eclipse.commons 1 0 2025-06-19 16:52:09.857
!MESSAGE DelegatingStreamConnectionProvider classloader = org.eclipse.osgi.internal.loader.EquinoxClassLoader@56fdb4db[org.springframework.tooling.boot.ls:1.28.0.202109130547(id=1001)]

!ENTRY org.springframework.tooling.ls.eclipse.commons 1 0 2025-06-19 16:52:09.857
!MESSAGE SpringBootLanguageServer exists!

!ENTRY org.eclipse.lsp4e 4 0 2025-06-19 16:52:09.860
!MESSAGE org.eclipse.lsp4j.jsonrpc.JsonRpcException: java.io.IOException: 파이프가 닫히는 중입니다
!STACK 0
java.util.concurrent.ExecutionException: org.eclipse.lsp4j.jsonrpc.JsonRpcException: java.io.IOException: 파이프가 닫히는 중입니다
	at java.base/java.util.concurrent.CompletableFuture.reportGet(CompletableFuture.java:395)
	at java.base/java.util.concurrent.CompletableFuture.get(CompletableFuture.java:2028)
	at org.eclipse.lsp4e.LanguageServerWrapper.lambda$13(LanguageServerWrapper.java:425)
	at java.base/java.util.concurrent.CompletableFuture$AsyncRun.run(CompletableFuture.java:1736)
	at java.base/java.util.concurrent.CompletableFuture$AsyncRun.exec(CompletableFuture.java:1728)
	at java.base/java.util.concurrent.ForkJoinTask.doExec(ForkJoinTask.java:290)
	at java.base/java.util.concurrent.ForkJoinPool$WorkQueue.topLevelExec(ForkJoinPool.java:1020)
	at java.base/java.util.concurrent.ForkJoinPool.scan(ForkJoinPool.java:1656)
	at java.base/java.util.concurrent.ForkJoinPool.runWorker(ForkJoinPool.java:1594)
	at java.base/java.util.concurrent.ForkJoinWorkerThread.run(ForkJoinWorkerThread.java:183)
Caused by: org.eclipse.lsp4j.jsonrpc.JsonRpcException: java.io.IOException: 파이프가 닫히는 중입니다
	at org.eclipse.lsp4j.jsonrpc.json.StreamMessageConsumer.consume(StreamMessageConsumer.java:72)
	at org.eclipse.lsp4e.LanguageServerWrapper.lambda$4(LanguageServerWrapper.java:260)
	at org.eclipse.lsp4j.jsonrpc.RemoteEndpoint.request(RemoteEndpoint.java:161)
	at org.eclipse.lsp4j.jsonrpc.services.EndpointProxy.invoke(EndpointProxy.java:91)
	at com.sun.proxy.$Proxy66.shutdown(Unknown Source)
	at org.eclipse.lsp4e.LanguageServerWrapper.lambda$13(LanguageServerWrapper.java:423)
	... 7 more
Caused by: java.io.IOException: 파이프가 닫히는 중입니다
	at java.base/java.io.FileOutputStream.writeBytes(Native Method)
	at java.base/java.io.FileOutputStream.write(FileOutputStream.java:354)
	at java.base/java.io.BufferedOutputStream.flushBuffer(BufferedOutputStream.java:81)
	at java.base/java.io.BufferedOutputStream.flush(BufferedOutputStream.java:142)
	at org.eclipse.lsp4j.jsonrpc.json.StreamMessageConsumer.consume(StreamMessageConsumer.java:69)
	... 12 more

!ENTRY org.eclipse.lsp4e 4 0 2025-06-19 16:52:09.861
!MESSAGE org.eclipse.lsp4j.jsonrpc.JsonRpcException: java.io.IOException: 파이프가 닫히는 중입니다
!STACK 0
java.util.concurrent.ExecutionException: org.eclipse.lsp4j.jsonrpc.JsonRpcException: java.io.IOException: 파이프가 닫히는 중입니다
	at java.base/java.util.concurrent.CompletableFuture.reportGet(CompletableFuture.java:395)
	at java.base/java.util.concurrent.CompletableFuture.get(CompletableFuture.java:2028)
	at org.eclipse.lsp4e.LanguageServerWrapper.lambda$13(LanguageServerWrapper.java:425)
	at java.base/java.util.concurrent.CompletableFuture$AsyncRun.run(CompletableFuture.java:1736)
	at java.base/java.util.concurrent.CompletableFuture$AsyncRun.exec(CompletableFuture.java:1728)
	at java.base/java.util.concurrent.ForkJoinTask.doExec(ForkJoinTask.java:290)
	at java.base/java.util.concurrent.ForkJoinPool$WorkQueue.topLevelExec(ForkJoinPool.java:1020)
	at java.base/java.util.concurrent.ForkJoinPool.scan(ForkJoinPool.java:1656)
	at java.base/java.util.concurrent.ForkJoinPool.runWorker(ForkJoinPool.java:1594)
	at java.base/java.util.concurrent.ForkJoinWorkerThread.run(ForkJoinWorkerThread.java:183)
Caused by: org.eclipse.lsp4j.jsonrpc.JsonRpcException: java.io.IOException: 파이프가 닫히는 중입니다
	at org.eclipse.lsp4j.jsonrpc.json.StreamMessageConsumer.consume(StreamMessageConsumer.java:72)
	at org.eclipse.lsp4e.LanguageServerWrapper.lambda$4(LanguageServerWrapper.java:260)
	at org.eclipse.lsp4j.jsonrpc.RemoteEndpoint.request(RemoteEndpoint.java:161)
	at org.eclipse.lsp4j.jsonrpc.services.EndpointProxy.invoke(EndpointProxy.java:91)
	at com.sun.proxy.$Proxy66.shutdown(Unknown Source)
	at org.eclipse.lsp4e.LanguageServerWrapper.lambda$13(LanguageServerWrapper.java:423)
	... 7 more
Caused by: java.io.IOException: 파이프가 닫히는 중입니다
	at java.base/java.io.FileOutputStream.writeBytes(Native Method)
	at java.base/java.io.FileOutputStream.write(FileOutputStream.java:354)
	at java.base/java.io.BufferedOutputStream.flushBuffer(BufferedOutputStream.java:81)
	at java.base/java.io.BufferedOutputStream.flush(BufferedOutputStream.java:142)
	at org.eclipse.lsp4j.jsonrpc.json.StreamMessageConsumer.consume(StreamMessageConsumer.java:69)
	... 12 more

!ENTRY org.springframework.tooling.ls.eclipse.commons 1 0 2025-06-19 16:52:09.861
!MESSAGE Entering DelegatingStreamConnectionProvider()

!ENTRY org.springframework.tooling.ls.eclipse.commons 1 0 2025-06-19 16:52:09.861
!MESSAGE DelegatingStreamConnectionProvider classloader = org.eclipse.osgi.internal.loader.EquinoxClassLoader@56fdb4db[org.springframework.tooling.boot.ls:1.28.0.202109130547(id=1001)]

!ENTRY org.springframework.tooling.ls.eclipse.commons 1 0 2025-06-19 16:52:09.861
!MESSAGE SpringBootLanguageServer exists!

!ENTRY org.eclipse.lsp4e 4 0 2025-06-19 16:52:09.862
!MESSAGE org.eclipse.lsp4j.jsonrpc.JsonRpcException: java.io.IOException: 파이프가 닫히는 중입니다
!STACK 0
java.util.concurrent.ExecutionException: org.eclipse.lsp4j.jsonrpc.JsonRpcException: java.io.IOException: 파이프가 닫히는 중입니다
	at java.base/java.util.concurrent.CompletableFuture.reportGet(CompletableFuture.java:395)
	at java.base/java.util.concurrent.CompletableFuture.get(CompletableFuture.java:2028)
	at org.eclipse.lsp4e.LanguageServerWrapper.lambda$13(LanguageServerWrapper.java:425)
	at java.base/java.util.concurrent.CompletableFuture$AsyncRun.run(CompletableFuture.java:1736)
	at java.base/java.util.concurrent.CompletableFuture$AsyncRun.exec(CompletableFuture.java:1728)
	at java.base/java.util.concurrent.ForkJoinTask.doExec(ForkJoinTask.java:290)
	at java.base/java.util.concurrent.ForkJoinPool$WorkQueue.topLevelExec(ForkJoinPool.java:1020)
	at java.base/java.util.concurrent.ForkJoinPool.scan(ForkJoinPool.java:1656)
	at java.base/java.util.concurrent.ForkJoinPool.runWorker(ForkJoinPool.java:1594)
	at java.base/java.util.concurrent.ForkJoinWorkerThread.run(ForkJoinWorkerThread.java:183)
Caused by: org.eclipse.lsp4j.jsonrpc.JsonRpcException: java.io.IOException: 파이프가 닫히는 중입니다
	at org.eclipse.lsp4j.jsonrpc.json.StreamMessageConsumer.consume(StreamMessageConsumer.java:72)
	at org.eclipse.lsp4e.LanguageServerWrapper.lambda$4(LanguageServerWrapper.java:260)
	at org.eclipse.lsp4j.jsonrpc.RemoteEndpoint.request(RemoteEndpoint.java:161)
	at org.eclipse.lsp4j.jsonrpc.services.EndpointProxy.invoke(EndpointProxy.java:91)
	at com.sun.proxy.$Proxy66.shutdown(Unknown Source)
	at org.eclipse.lsp4e.LanguageServerWrapper.lambda$13(LanguageServerWrapper.java:423)
	... 7 more
Caused by: java.io.IOException: 파이프가 닫히는 중입니다
	at java.base/java.io.FileOutputStream.writeBytes(Native Method)
	at java.base/java.io.FileOutputStream.write(FileOutputStream.java:354)
	at java.base/java.io.BufferedOutputStream.flushBuffer(BufferedOutputStream.java:81)
	at java.base/java.io.BufferedOutputStream.flush(BufferedOutputStream.java:142)
	at org.eclipse.lsp4j.jsonrpc.json.StreamMessageConsumer.consume(StreamMessageConsumer.java:69)
	... 12 more

!ENTRY org.springframework.tooling.ls.eclipse.commons 1 0 2025-06-19 16:52:09.862
!MESSAGE Entering DelegatingStreamConnectionProvider()

!ENTRY org.springframework.tooling.ls.eclipse.commons 1 0 2025-06-19 16:52:09.862
!MESSAGE DelegatingStreamConnectionProvider classloader = org.eclipse.osgi.internal.loader.EquinoxClassLoader@56fdb4db[org.springframework.tooling.boot.ls:1.28.0.202109130547(id=1001)]

!ENTRY org.springframework.tooling.ls.eclipse.commons 1 0 2025-06-19 16:52:09.864
!MESSAGE SpringBootLanguageServer exists!

!ENTRY org.eclipse.lsp4e 4 0 2025-06-19 16:52:09.864
!MESSAGE org.eclipse.lsp4j.jsonrpc.JsonRpcException: java.io.IOException: 파이프가 닫히는 중입니다
!STACK 0
java.util.concurrent.ExecutionException: org.eclipse.lsp4j.jsonrpc.JsonRpcException: java.io.IOException: 파이프가 닫히는 중입니다
	at java.base/java.util.concurrent.CompletableFuture.reportGet(CompletableFuture.java:395)
	at java.base/java.util.concurrent.CompletableFuture.get(CompletableFuture.java:2028)
	at org.eclipse.lsp4e.LanguageServerWrapper.lambda$13(LanguageServerWrapper.java:425)
	at java.base/java.util.concurrent.CompletableFuture$AsyncRun.run(CompletableFuture.java:1736)
	at java.base/java.util.concurrent.CompletableFuture$AsyncRun.exec(CompletableFuture.java:1728)
	at java.base/java.util.concurrent.ForkJoinTask.doExec(ForkJoinTask.java:290)
	at java.base/java.util.concurrent.ForkJoinPool$WorkQueue.topLevelExec(ForkJoinPool.java:1020)
	at java.base/java.util.concurrent.ForkJoinPool.scan(ForkJoinPool.java:1656)
	at java.base/java.util.concurrent.ForkJoinPool.runWorker(ForkJoinPool.java:1594)
	at java.base/java.util.concurrent.ForkJoinWorkerThread.run(ForkJoinWorkerThread.java:183)
Caused by: org.eclipse.lsp4j.jsonrpc.JsonRpcException: java.io.IOException: 파이프가 닫히는 중입니다
	at org.eclipse.lsp4j.jsonrpc.json.StreamMessageConsumer.consume(StreamMessageConsumer.java:72)
	at org.eclipse.lsp4e.LanguageServerWrapper.lambda$4(LanguageServerWrapper.java:260)
	at org.eclipse.lsp4j.jsonrpc.RemoteEndpoint.request(RemoteEndpoint.java:161)
	at org.eclipse.lsp4j.jsonrpc.services.EndpointProxy.invoke(EndpointProxy.java:91)
	at com.sun.proxy.$Proxy66.shutdown(Unknown Source)
	at org.eclipse.lsp4e.LanguageServerWrapper.lambda$13(LanguageServerWrapper.java:423)
	... 7 more
Caused by: java.io.IOException: 파이프가 닫히는 중입니다
	at java.base/java.io.FileOutputStream.writeBytes(Native Method)
	at java.base/java.io.FileOutputStream.write(FileOutputStream.java:354)
	at java.base/java.io.BufferedOutputStream.flushBuffer(BufferedOutputStream.java:81)
	at java.base/java.io.BufferedOutputStream.flush(BufferedOutputStream.java:142)
	at org.eclipse.lsp4j.jsonrpc.json.StreamMessageConsumer.consume(StreamMessageConsumer.java:69)
	... 12 more

!ENTRY org.springframework.tooling.ls.eclipse.commons 1 0 2025-06-19 16:52:09.864
!MESSAGE Entering DelegatingStreamConnectionProvider()

!ENTRY org.springframework.tooling.ls.eclipse.commons 1 0 2025-06-19 16:52:09.864
!MESSAGE DelegatingStreamConnectionProvider classloader = org.eclipse.osgi.internal.loader.EquinoxClassLoader@56fdb4db[org.springframework.tooling.boot.ls:1.28.0.202109130547(id=1001)]

!ENTRY org.springframework.tooling.ls.eclipse.commons 1 0 2025-06-19 16:52:09.864
!MESSAGE SpringBootLanguageServer exists!

!ENTRY org.eclipse.lsp4e 4 0 2025-06-19 16:52:09.864
!MESSAGE org.eclipse.lsp4j.jsonrpc.JsonRpcException: java.io.IOException: 파이프가 닫히는 중입니다
!STACK 0
java.util.concurrent.ExecutionException: org.eclipse.lsp4j.jsonrpc.JsonRpcException: java.io.IOException: 파이프가 닫히는 중입니다
	at java.base/java.util.concurrent.CompletableFuture.reportGet(CompletableFuture.java:395)
	at java.base/java.util.concurrent.CompletableFuture.get(CompletableFuture.java:2028)
	at org.eclipse.lsp4e.LanguageServerWrapper.lambda$13(LanguageServerWrapper.java:425)
	at java.base/java.util.concurrent.CompletableFuture$AsyncRun.run(CompletableFuture.java:1736)
	at java.base/java.util.concurrent.CompletableFuture$AsyncRun.exec(CompletableFuture.java:1728)
	at java.base/java.util.concurrent.ForkJoinTask.doExec(ForkJoinTask.java:290)
	at java.base/java.util.concurrent.ForkJoinPool$WorkQueue.topLevelExec(ForkJoinPool.java:1020)
	at java.base/java.util.concurrent.ForkJoinPool.scan(ForkJoinPool.java:1656)
	at java.base/java.util.concurrent.ForkJoinPool.runWorker(ForkJoinPool.java:1594)
	at java.base/java.util.concurrent.ForkJoinWorkerThread.run(ForkJoinWorkerThread.java:183)
Caused by: org.eclipse.lsp4j.jsonrpc.JsonRpcException: java.io.IOException: 파이프가 닫히는 중입니다
	at org.eclipse.lsp4j.jsonrpc.json.StreamMessageConsumer.consume(StreamMessageConsumer.java:72)
	at org.eclipse.lsp4e.LanguageServerWrapper.lambda$4(LanguageServerWrapper.java:260)
	at org.eclipse.lsp4j.jsonrpc.RemoteEndpoint.request(RemoteEndpoint.java:161)
	at org.eclipse.lsp4j.jsonrpc.services.EndpointProxy.invoke(EndpointProxy.java:91)
	at com.sun.proxy.$Proxy66.shutdown(Unknown Source)
	at org.eclipse.lsp4e.LanguageServerWrapper.lambda$13(LanguageServerWrapper.java:423)
	... 7 more
Caused by: java.io.IOException: 파이프가 닫히는 중입니다
	at java.base/java.io.FileOutputStream.writeBytes(Native Method)
	at java.base/java.io.FileOutputStream.write(FileOutputStream.java:354)
	at java.base/java.io.BufferedOutputStream.flushBuffer(BufferedOutputStream.java:81)
	at java.base/java.io.BufferedOutputStream.flush(BufferedOutputStream.java:142)
	at org.eclipse.lsp4j.jsonrpc.json.StreamMessageConsumer.consume(StreamMessageConsumer.java:69)
	... 12 more

!ENTRY org.springframework.tooling.ls.eclipse.commons 1 0 2025-06-19 16:52:09.865
!MESSAGE Entering DelegatingStreamConnectionProvider()

!ENTRY org.springframework.tooling.ls.eclipse.commons 1 0 2025-06-19 16:52:09.865
!MESSAGE DelegatingStreamConnectionProvider classloader = org.eclipse.osgi.internal.loader.EquinoxClassLoader@56fdb4db[org.springframework.tooling.boot.ls:1.28.0.202109130547(id=1001)]

!ENTRY org.springframework.tooling.ls.eclipse.commons 1 0 2025-06-19 16:52:09.865
!MESSAGE SpringBootLanguageServer exists!

!ENTRY org.eclipse.lsp4e 4 0 2025-06-19 16:52:09.866
!MESSAGE org.eclipse.lsp4j.jsonrpc.JsonRpcException: java.io.IOException: 파이프가 닫히는 중입니다
!STACK 0
java.util.concurrent.ExecutionException: org.eclipse.lsp4j.jsonrpc.JsonRpcException: java.io.IOException: 파이프가 닫히는 중입니다
	at java.base/java.util.concurrent.CompletableFuture.reportGet(CompletableFuture.java:395)
	at java.base/java.util.concurrent.CompletableFuture.get(CompletableFuture.java:2028)
	at org.eclipse.lsp4e.LanguageServerWrapper.lambda$13(LanguageServerWrapper.java:425)
	at java.base/java.util.concurrent.CompletableFuture$AsyncRun.run(CompletableFuture.java:1736)
	at java.base/java.util.concurrent.CompletableFuture$AsyncRun.exec(CompletableFuture.java:1728)
	at java.base/java.util.concurrent.ForkJoinTask.doExec(ForkJoinTask.java:290)
	at java.base/java.util.concurrent.ForkJoinPool$WorkQueue.topLevelExec(ForkJoinPool.java:1020)
	at java.base/java.util.concurrent.ForkJoinPool.scan(ForkJoinPool.java:1656)
	at java.base/java.util.concurrent.ForkJoinPool.runWorker(ForkJoinPool.java:1594)
	at java.base/java.util.concurrent.ForkJoinWorkerThread.run(ForkJoinWorkerThread.java:183)
Caused by: org.eclipse.lsp4j.jsonrpc.JsonRpcException: java.io.IOException: 파이프가 닫히는 중입니다
	at org.eclipse.lsp4j.jsonrpc.json.StreamMessageConsumer.consume(StreamMessageConsumer.java:72)
	at org.eclipse.lsp4e.LanguageServerWrapper.lambda$4(LanguageServerWrapper.java:260)
	at org.eclipse.lsp4j.jsonrpc.RemoteEndpoint.request(RemoteEndpoint.java:161)
	at org.eclipse.lsp4j.jsonrpc.services.EndpointProxy.invoke(EndpointProxy.java:91)
	at com.sun.proxy.$Proxy66.shutdown(Unknown Source)
	at org.eclipse.lsp4e.LanguageServerWrapper.lambda$13(LanguageServerWrapper.java:423)
	... 7 more
Caused by: java.io.IOException: 파이프가 닫히는 중입니다
	at java.base/java.io.FileOutputStream.writeBytes(Native Method)
	at java.base/java.io.FileOutputStream.write(FileOutputStream.java:354)
	at java.base/java.io.BufferedOutputStream.flushBuffer(BufferedOutputStream.java:81)
	at java.base/java.io.BufferedOutputStream.flush(BufferedOutputStream.java:142)
	at org.eclipse.lsp4j.jsonrpc.json.StreamMessageConsumer.consume(StreamMessageConsumer.java:69)
	... 12 more

!ENTRY org.springframework.tooling.ls.eclipse.commons 1 0 2025-06-19 16:52:09.866
!MESSAGE Entering DelegatingStreamConnectionProvider()

!ENTRY org.springframework.tooling.ls.eclipse.commons 1 0 2025-06-19 16:52:09.867
!MESSAGE DelegatingStreamConnectionProvider classloader = org.eclipse.osgi.internal.loader.EquinoxClassLoader@56fdb4db[org.springframework.tooling.boot.ls:1.28.0.202109130547(id=1001)]

!ENTRY org.springframework.tooling.ls.eclipse.commons 1 0 2025-06-19 16:52:09.867
!MESSAGE SpringBootLanguageServer exists!

!ENTRY org.springframework.tooling.ls.eclipse.commons 1 0 2025-06-19 16:52:10.953
!MESSAGE Boot LS startup time from start to initialized: 1096ms

!ENTRY org.springframework.tooling.ls.eclipse.commons 1 0 2025-06-19 16:52:11.010
!MESSAGE ClasspathListenerHandler addClasspathListener sts4.classpath.afnWsXDSisBatched = true

!ENTRY org.springframework.tooling.ls.eclipse.commons 1 0 2025-06-19 16:52:11.010
!MESSAGE Setting up ClasspathListenerManager

!ENTRY org.springframework.tooling.ls.eclipse.commons 1 0 2025-06-19 16:52:11.010
!MESSAGE Scheduling initial event for all projects ...

!ENTRY org.springframework.tooling.ls.eclipse.commons 1 0 2025-06-19 16:52:11.010
!MESSAGE Scheduling initial event for all projects DONE

!ENTRY org.springframework.tooling.ls.eclipse.commons 1 0 2025-06-19 16:52:11.010
!MESSAGE ClasspathListenerHandler addClasspathListener sts4.classpath.afnWsXDS => OK

!ENTRY org.springframework.tooling.ls.eclipse.commons 1 0 2025-06-19 16:52:11.010
!MESSAGE exists = true open = true => deleted = false

!ENTRY org.springframework.tooling.ls.eclipse.commons 1 0 2025-06-19 16:52:11.013
!MESSAGE classpath=57 entries

!ENTRY org.springframework.tooling.ls.eclipse.commons 1 0 2025-06-19 16:52:11.014
!MESSAGE buffering callback sts4.classpath.afnWsXDS ServiceExam false 57

!ENTRY org.springframework.tooling.ls.eclipse.commons 1 0 2025-06-19 16:52:11.014
!MESSAGE executing callback sts4.classpath.afnWsXDS 1 batched events

!ENTRY org.springframework.tooling.ls.eclipse.commons 1 0 2025-06-19 16:52:11.222
!MESSAGE executing callback sts4.classpath.afnWsXDS SUCCESS [done]

!ENTRY org.springframework.tooling.ls.eclipse.commons 1 0 2025-06-19 16:52:11.225
!MESSAGE Entering DelegatingStreamConnectionProvider()

!ENTRY org.eclipse.lsp4e 4 0 2025-06-19 16:52:11.225
!MESSAGE java.util.concurrent.CancellationException
!STACK 0
java.util.concurrent.ExecutionException: java.util.concurrent.CancellationException
	at java.base/java.util.concurrent.CompletableFuture.reportGet(CompletableFuture.java:395)
	at java.base/java.util.concurrent.CompletableFuture.get(CompletableFuture.java:2028)
	at org.eclipse.lsp4e.LanguageServerWrapper.getServerCapabilities(LanguageServerWrapper.java:699)
	at org.eclipse.lsp4e.LanguageServiceAccessor.lambda$15(LanguageServiceAccessor.java:590)
	at java.base/java.util.concurrent.CompletableFuture$UniCompose.tryFire(CompletableFuture.java:1072)
	at java.base/java.util.concurrent.CompletableFuture$Completion.exec(CompletableFuture.java:479)
	at java.base/java.util.concurrent.ForkJoinTask.doExec(ForkJoinTask.java:290)
	at java.base/java.util.concurrent.ForkJoinPool$WorkQueue.topLevelExec(ForkJoinPool.java:1020)
	at java.base/java.util.concurrent.ForkJoinPool.scan(ForkJoinPool.java:1656)
	at java.base/java.util.concurrent.ForkJoinPool.runWorker(ForkJoinPool.java:1594)
	at java.base/java.util.concurrent.ForkJoinWorkerThread.run(ForkJoinWorkerThread.java:183)
Caused by: java.util.concurrent.CancellationException
	at java.base/java.util.concurrent.CompletableFuture.cancel(CompletableFuture.java:2402)
	at org.eclipse.lsp4e.LanguageServerWrapper.stop(LanguageServerWrapper.java:410)
	at org.eclipse.lsp4e.LanguageServerWrapper.start(LanguageServerWrapper.java:212)
	at org.eclipse.lsp4e.LanguageServerWrapper.getInitializedServer(LanguageServerWrapper.java:667)
	at org.eclipse.lsp4e.LanguageServiceAccessor.lambda$14(LanguageServiceAccessor.java:589)
	at java.base/java.util.stream.ReferencePipeline$3$1.accept(ReferencePipeline.java:195)
	at java.base/java.util.Iterator.forEachRemaining(Iterator.java:133)
	at java.base/java.util.Spliterators$IteratorSpliterator.forEachRemaining(Spliterators.java:1801)
	at java.base/java.util.stream.AbstractPipeline.copyInto(AbstractPipeline.java:484)
	at java.base/java.util.stream.AbstractPipeline.wrapAndCopyInto(AbstractPipeline.java:474)
	at java.base/java.util.stream.AbstractPipeline.evaluate(AbstractPipeline.java:550)
	at java.base/java.util.stream.AbstractPipeline.evaluateToArrayNode(AbstractPipeline.java:260)
	at java.base/java.util.stream.ReferencePipeline.toArray(ReferencePipeline.java:517)
	at org.eclipse.lsp4e.LanguageServiceAccessor.getLanguageServers(LanguageServiceAccessor.java:602)
	at org.eclipse.lsp4e.operations.codelens.CodeLensProvider.provideCodeMinings(CodeLensProvider.java:41)
	at org.eclipse.lsp4e.operations.codelens.CodeLensProvider.provideCodeMinings(CodeLensProvider.java:73)
	at org.eclipse.jface.internal.text.codemining.CodeMiningManager.lambda$2(CodeMiningManager.java:189)
	at java.base/java.util.stream.ReferencePipeline$3$1.accept(ReferencePipeline.java:195)
	at java.base/java.util.Spliterators$ArraySpliterator.forEachRemaining(Spliterators.java:948)
	at java.base/java.util.stream.AbstractPipeline.copyInto(AbstractPipeline.java:484)
	at java.base/java.util.stream.AbstractPipeline.wrapAndCopyInto(AbstractPipeline.java:474)
	at java.base/java.util.stream.ReduceOps$ReduceOp.evaluateSequential(ReduceOps.java:913)
	at java.base/java.util.stream.AbstractPipeline.evaluate(AbstractPipeline.java:234)
	at java.base/java.util.stream.ReferencePipeline.collect(ReferencePipeline.java:578)
	at org.eclipse.jface.internal.text.codemining.CodeMiningManager.getCodeMinings(CodeMiningManager.java:195)
	at org.eclipse.jface.internal.text.codemining.CodeMiningManager.updateCodeMinings(CodeMiningManager.java:140)
	at org.eclipse.jface.internal.text.codemining.CodeMiningManager.run(CodeMiningManager.java:129)
	at org.eclipse.jface.text.source.SourceViewer.updateCodeMinings(SourceViewer.java:1313)
	at org.springframework.tooling.ls.eclipse.commons.STS4LanguageClientImpl.lambda$9(STS4LanguageClientImpl.java:409)
	at org.springframework.tooling.jdt.ls.commons.classpath.ReusableClasspathListenerHandler$CallbackJob.lambda$0(ReusableClasspathListenerHandler.java:77)
	at java.base/java.lang.Iterable.forEach(Iterable.java:75)
	at org.springframework.tooling.jdt.ls.commons.classpath.ReusableClasspathListenerHandler$CallbackJob.run(ReusableClasspathListenerHandler.java:77)
	at org.eclipse.core.internal.jobs.Worker.run(Worker.java:63)

!ENTRY org.eclipse.lsp4e 4 0 2025-06-19 16:52:11.225
!MESSAGE java.util.concurrent.CancellationException
!STACK 0
java.util.concurrent.ExecutionException: java.util.concurrent.CancellationException
	at java.base/java.util.concurrent.CompletableFuture.reportGet(CompletableFuture.java:395)
	at java.base/java.util.concurrent.CompletableFuture.get(CompletableFuture.java:2028)
	at org.eclipse.lsp4e.LanguageServerWrapper.getServerCapabilities(LanguageServerWrapper.java:699)
	at org.eclipse.lsp4e.LanguageServiceAccessor.lambda$15(LanguageServiceAccessor.java:590)
	at java.base/java.util.concurrent.CompletableFuture$UniCompose.tryFire(CompletableFuture.java:1072)
	at java.base/java.util.concurrent.CompletableFuture$Completion.exec(CompletableFuture.java:479)
	at java.base/java.util.concurrent.ForkJoinTask.doExec(ForkJoinTask.java:290)
	at java.base/java.util.concurrent.ForkJoinPool$WorkQueue.topLevelExec(ForkJoinPool.java:1020)
	at java.base/java.util.concurrent.ForkJoinPool.scan(ForkJoinPool.java:1656)
	at java.base/java.util.concurrent.ForkJoinPool.runWorker(ForkJoinPool.java:1594)
	at java.base/java.util.concurrent.ForkJoinWorkerThread.run(ForkJoinWorkerThread.java:183)
Caused by: java.util.concurrent.CancellationException
	at java.base/java.util.concurrent.CompletableFuture.cancel(CompletableFuture.java:2402)
	at org.eclipse.lsp4e.LanguageServerWrapper.stop(LanguageServerWrapper.java:410)
	at org.eclipse.lsp4e.LanguageServerWrapper.start(LanguageServerWrapper.java:212)
	at org.eclipse.lsp4e.LanguageServerWrapper.getInitializedServer(LanguageServerWrapper.java:667)
	at org.eclipse.lsp4e.LanguageServiceAccessor.lambda$14(LanguageServiceAccessor.java:589)
	at java.base/java.util.stream.ReferencePipeline$3$1.accept(ReferencePipeline.java:195)
	at java.base/java.util.Iterator.forEachRemaining(Iterator.java:133)
	at java.base/java.util.Spliterators$IteratorSpliterator.forEachRemaining(Spliterators.java:1801)
	at java.base/java.util.stream.AbstractPipeline.copyInto(AbstractPipeline.java:484)
	at java.base/java.util.stream.AbstractPipeline.wrapAndCopyInto(AbstractPipeline.java:474)
	at java.base/java.util.stream.AbstractPipeline.evaluate(AbstractPipeline.java:550)
	at java.base/java.util.stream.AbstractPipeline.evaluateToArrayNode(AbstractPipeline.java:260)
	at java.base/java.util.stream.ReferencePipeline.toArray(ReferencePipeline.java:517)
	at org.eclipse.lsp4e.LanguageServiceAccessor.getLanguageServers(LanguageServiceAccessor.java:602)
	at org.eclipse.lsp4e.operations.codelens.CodeLensProvider.provideCodeMinings(CodeLensProvider.java:41)
	at org.eclipse.lsp4e.operations.codelens.CodeLensProvider.provideCodeMinings(CodeLensProvider.java:73)
	at org.eclipse.jface.internal.text.codemining.CodeMiningManager.lambda$2(CodeMiningManager.java:189)
	at java.base/java.util.stream.ReferencePipeline$3$1.accept(ReferencePipeline.java:195)
	at java.base/java.util.Spliterators$ArraySpliterator.forEachRemaining(Spliterators.java:948)
	at java.base/java.util.stream.AbstractPipeline.copyInto(AbstractPipeline.java:484)
	at java.base/java.util.stream.AbstractPipeline.wrapAndCopyInto(AbstractPipeline.java:474)
	at java.base/java.util.stream.ReduceOps$ReduceOp.evaluateSequential(ReduceOps.java:913)
	at java.base/java.util.stream.AbstractPipeline.evaluate(AbstractPipeline.java:234)
	at java.base/java.util.stream.ReferencePipeline.collect(ReferencePipeline.java:578)
	at org.eclipse.jface.internal.text.codemining.CodeMiningManager.getCodeMinings(CodeMiningManager.java:195)
	at org.eclipse.jface.internal.text.codemining.CodeMiningManager.updateCodeMinings(CodeMiningManager.java:140)
	at org.eclipse.jface.internal.text.codemining.CodeMiningManager.run(CodeMiningManager.java:129)
	at org.eclipse.jface.text.source.SourceViewer.updateCodeMinings(SourceViewer.java:1313)
	at org.springframework.tooling.ls.eclipse.commons.STS4LanguageClientImpl.lambda$9(STS4LanguageClientImpl.java:409)
	at org.springframework.tooling.jdt.ls.commons.classpath.ReusableClasspathListenerHandler$CallbackJob.lambda$0(ReusableClasspathListenerHandler.java:77)
	at java.base/java.lang.Iterable.forEach(Iterable.java:75)
	at org.springframework.tooling.jdt.ls.commons.classpath.ReusableClasspathListenerHandler$CallbackJob.run(ReusableClasspathListenerHandler.java:77)
	at org.eclipse.core.internal.jobs.Worker.run(Worker.java:63)

!ENTRY org.eclipse.lsp4e 4 0 2025-06-19 16:52:11.226
!MESSAGE java.util.concurrent.CancellationException
!STACK 0
java.util.concurrent.ExecutionException: java.util.concurrent.CancellationException
	at java.base/java.util.concurrent.CompletableFuture.reportGet(CompletableFuture.java:395)
	at java.base/java.util.concurrent.CompletableFuture.get(CompletableFuture.java:2028)
	at org.eclipse.lsp4e.LanguageServerWrapper.getServerCapabilities(LanguageServerWrapper.java:699)
	at org.eclipse.lsp4e.LanguageServiceAccessor.lambda$15(LanguageServiceAccessor.java:590)
	at java.base/java.util.concurrent.CompletableFuture$UniCompose.tryFire(CompletableFuture.java:1072)
	at java.base/java.util.concurrent.CompletableFuture$Completion.exec(CompletableFuture.java:479)
	at java.base/java.util.concurrent.ForkJoinTask.doExec(ForkJoinTask.java:290)
	at java.base/java.util.concurrent.ForkJoinPool$WorkQueue.topLevelExec(ForkJoinPool.java:1020)
	at java.base/java.util.concurrent.ForkJoinPool.scan(ForkJoinPool.java:1656)
	at java.base/java.util.concurrent.ForkJoinPool.runWorker(ForkJoinPool.java:1594)
	at java.base/java.util.concurrent.ForkJoinWorkerThread.run(ForkJoinWorkerThread.java:183)
Caused by: java.util.concurrent.CancellationException
	at java.base/java.util.concurrent.CompletableFuture.cancel(CompletableFuture.java:2402)
	at org.eclipse.lsp4e.LanguageServerWrapper.stop(LanguageServerWrapper.java:410)
	at org.eclipse.lsp4e.LanguageServerWrapper.start(LanguageServerWrapper.java:212)
	at org.eclipse.lsp4e.LanguageServerWrapper.getInitializedServer(LanguageServerWrapper.java:667)
	at org.eclipse.lsp4e.LanguageServiceAccessor.lambda$14(LanguageServiceAccessor.java:589)
	at java.base/java.util.stream.ReferencePipeline$3$1.accept(ReferencePipeline.java:195)
	at java.base/java.util.Iterator.forEachRemaining(Iterator.java:133)
	at java.base/java.util.Spliterators$IteratorSpliterator.forEachRemaining(Spliterators.java:1801)
	at java.base/java.util.stream.AbstractPipeline.copyInto(AbstractPipeline.java:484)
	at java.base/java.util.stream.AbstractPipeline.wrapAndCopyInto(AbstractPipeline.java:474)
	at java.base/java.util.stream.AbstractPipeline.evaluate(AbstractPipeline.java:550)
	at java.base/java.util.stream.AbstractPipeline.evaluateToArrayNode(AbstractPipeline.java:260)
	at java.base/java.util.stream.ReferencePipeline.toArray(ReferencePipeline.java:517)
	at org.eclipse.lsp4e.LanguageServiceAccessor.getLanguageServers(LanguageServiceAccessor.java:602)
	at org.eclipse.lsp4e.operations.codelens.CodeLensProvider.provideCodeMinings(CodeLensProvider.java:41)
	at org.eclipse.lsp4e.operations.codelens.CodeLensProvider.provideCodeMinings(CodeLensProvider.java:73)
	at org.eclipse.jface.internal.text.codemining.CodeMiningManager.lambda$2(CodeMiningManager.java:189)
	at java.base/java.util.stream.ReferencePipeline$3$1.accept(ReferencePipeline.java:195)
	at java.base/java.util.Spliterators$ArraySpliterator.forEachRemaining(Spliterators.java:948)
	at java.base/java.util.stream.AbstractPipeline.copyInto(AbstractPipeline.java:484)
	at java.base/java.util.stream.AbstractPipeline.wrapAndCopyInto(AbstractPipeline.java:474)
	at java.base/java.util.stream.ReduceOps$ReduceOp.evaluateSequential(ReduceOps.java:913)
	at java.base/java.util.stream.AbstractPipeline.evaluate(AbstractPipeline.java:234)
	at java.base/java.util.stream.ReferencePipeline.collect(ReferencePipeline.java:578)
	at org.eclipse.jface.internal.text.codemining.CodeMiningManager.getCodeMinings(CodeMiningManager.java:195)
	at org.eclipse.jface.internal.text.codemining.CodeMiningManager.updateCodeMinings(CodeMiningManager.java:140)
	at org.eclipse.jface.internal.text.codemining.CodeMiningManager.run(CodeMiningManager.java:129)
	at org.eclipse.jface.text.source.SourceViewer.updateCodeMinings(SourceViewer.java:1313)
	at org.springframework.tooling.ls.eclipse.commons.STS4LanguageClientImpl.lambda$9(STS4LanguageClientImpl.java:409)
	at org.springframework.tooling.jdt.ls.commons.classpath.ReusableClasspathListenerHandler$CallbackJob.lambda$0(ReusableClasspathListenerHandler.java:77)
	at java.base/java.lang.Iterable.forEach(Iterable.java:75)
	at org.springframework.tooling.jdt.ls.commons.classpath.ReusableClasspathListenerHandler$CallbackJob.run(ReusableClasspathListenerHandler.java:77)
	at org.eclipse.core.internal.jobs.Worker.run(Worker.java:63)

!ENTRY org.eclipse.lsp4e 4 0 2025-06-19 16:52:11.226
!MESSAGE org.eclipse.lsp4j.jsonrpc.JsonRpcException: java.io.IOException: 파이프가 닫히는 중입니다
!STACK 0
java.util.concurrent.ExecutionException: org.eclipse.lsp4j.jsonrpc.JsonRpcException: java.io.IOException: 파이프가 닫히는 중입니다
	at java.base/java.util.concurrent.CompletableFuture.reportGet(CompletableFuture.java:395)
	at java.base/java.util.concurrent.CompletableFuture.get(CompletableFuture.java:2028)
	at org.eclipse.lsp4e.LanguageServerWrapper.lambda$13(LanguageServerWrapper.java:425)
	at java.base/java.util.concurrent.CompletableFuture$AsyncRun.run(CompletableFuture.java:1736)
	at java.base/java.util.concurrent.CompletableFuture$AsyncRun.exec(CompletableFuture.java:1728)
	at java.base/java.util.concurrent.ForkJoinTask.doExec(ForkJoinTask.java:290)
	at java.base/java.util.concurrent.ForkJoinPool$WorkQueue.topLevelExec(ForkJoinPool.java:1020)
	at java.base/java.util.concurrent.ForkJoinPool.scan(ForkJoinPool.java:1656)
	at java.base/java.util.concurrent.ForkJoinPool.runWorker(ForkJoinPool.java:1594)
	at java.base/java.util.concurrent.ForkJoinWorkerThread.run(ForkJoinWorkerThread.java:183)
Caused by: org.eclipse.lsp4j.jsonrpc.JsonRpcException: java.io.IOException: 파이프가 닫히는 중입니다
	at org.eclipse.lsp4j.jsonrpc.json.StreamMessageConsumer.consume(StreamMessageConsumer.java:72)
	at org.eclipse.lsp4e.LanguageServerWrapper.lambda$4(LanguageServerWrapper.java:260)
	at org.eclipse.lsp4j.jsonrpc.RemoteEndpoint.request(RemoteEndpoint.java:161)
	at org.eclipse.lsp4j.jsonrpc.services.EndpointProxy.invoke(EndpointProxy.java:91)
	at com.sun.proxy.$Proxy66.shutdown(Unknown Source)
	at org.eclipse.lsp4e.LanguageServerWrapper.lambda$13(LanguageServerWrapper.java:423)
	... 7 more
Caused by: java.io.IOException: 파이프가 닫히는 중입니다
	at java.base/java.io.FileOutputStream.writeBytes(Native Method)
	at java.base/java.io.FileOutputStream.write(FileOutputStream.java:354)
	at java.base/java.io.BufferedOutputStream.flushBuffer(BufferedOutputStream.java:81)
	at java.base/java.io.BufferedOutputStream.flush(BufferedOutputStream.java:142)
	at org.eclipse.lsp4j.jsonrpc.json.StreamMessageConsumer.consume(StreamMessageConsumer.java:69)
	... 12 more

!ENTRY org.eclipse.lsp4e 4 0 2025-06-19 16:52:11.226
!MESSAGE org.eclipse.lsp4j.jsonrpc.JsonRpcException: java.io.IOException: 파이프가 닫히는 중입니다
!STACK 0
java.util.concurrent.ExecutionException: org.eclipse.lsp4j.jsonrpc.JsonRpcException: java.io.IOException: 파이프가 닫히는 중입니다
	at java.base/java.util.concurrent.CompletableFuture.reportGet(CompletableFuture.java:395)
	at java.base/java.util.concurrent.CompletableFuture.get(CompletableFuture.java:2028)
	at org.eclipse.lsp4e.LanguageServerWrapper.lambda$13(LanguageServerWrapper.java:425)
	at java.base/java.util.concurrent.CompletableFuture$AsyncRun.run(CompletableFuture.java:1736)
	at java.base/java.util.concurrent.CompletableFuture$AsyncRun.exec(CompletableFuture.java:1728)
	at java.base/java.util.concurrent.ForkJoinTask.doExec(ForkJoinTask.java:290)
	at java.base/java.util.concurrent.ForkJoinPool$WorkQueue.topLevelExec(ForkJoinPool.java:1020)
	at java.base/java.util.concurrent.ForkJoinPool.scan(ForkJoinPool.java:1656)
	at java.base/java.util.concurrent.ForkJoinPool.runWorker(ForkJoinPool.java:1594)
	at java.base/java.util.concurrent.ForkJoinWorkerThread.run(ForkJoinWorkerThread.java:183)
Caused by: org.eclipse.lsp4j.jsonrpc.JsonRpcException: java.io.IOException: 파이프가 닫히는 중입니다
	at org.eclipse.lsp4j.jsonrpc.json.StreamMessageConsumer.consume(StreamMessageConsumer.java:72)
	at org.eclipse.lsp4e.LanguageServerWrapper.lambda$4(LanguageServerWrapper.java:260)
	at org.eclipse.lsp4j.jsonrpc.RemoteEndpoint.request(RemoteEndpoint.java:161)
	at org.eclipse.lsp4j.jsonrpc.services.EndpointProxy.invoke(EndpointProxy.java:91)
	at com.sun.proxy.$Proxy66.shutdown(Unknown Source)
	at org.eclipse.lsp4e.LanguageServerWrapper.lambda$13(LanguageServerWrapper.java:423)
	... 7 more
Caused by: java.io.IOException: 파이프가 닫히는 중입니다
	at java.base/java.io.FileOutputStream.writeBytes(Native Method)
	at java.base/java.io.FileOutputStream.write(FileOutputStream.java:354)
	at java.base/java.io.BufferedOutputStream.flushBuffer(BufferedOutputStream.java:81)
	at java.base/java.io.BufferedOutputStream.flush(BufferedOutputStream.java:142)
	at org.eclipse.lsp4j.jsonrpc.json.StreamMessageConsumer.consume(StreamMessageConsumer.java:69)
	... 12 more

!ENTRY org.eclipse.lsp4e 4 0 2025-06-19 16:52:11.226
!MESSAGE org.eclipse.lsp4j.jsonrpc.JsonRpcException: java.io.IOException: 파이프가 닫히는 중입니다
!STACK 0
java.util.concurrent.ExecutionException: org.eclipse.lsp4j.jsonrpc.JsonRpcException: java.io.IOException: 파이프가 닫히는 중입니다
	at java.base/java.util.concurrent.CompletableFuture.reportGet(CompletableFuture.java:395)
	at java.base/java.util.concurrent.CompletableFuture.get(CompletableFuture.java:2028)
	at org.eclipse.lsp4e.LanguageServerWrapper.lambda$13(LanguageServerWrapper.java:425)
	at java.base/java.util.concurrent.CompletableFuture$AsyncRun.run(CompletableFuture.java:1736)
	at java.base/java.util.concurrent.CompletableFuture$AsyncRun.exec(CompletableFuture.java:1728)
	at java.base/java.util.concurrent.ForkJoinTask.doExec(ForkJoinTask.java:290)
	at java.base/java.util.concurrent.ForkJoinPool$WorkQueue.topLevelExec(ForkJoinPool.java:1020)
	at java.base/java.util.concurrent.ForkJoinPool.scan(ForkJoinPool.java:1656)
	at java.base/java.util.concurrent.ForkJoinPool.runWorker(ForkJoinPool.java:1594)
	at java.base/java.util.concurrent.ForkJoinWorkerThread.run(ForkJoinWorkerThread.java:183)
Caused by: org.eclipse.lsp4j.jsonrpc.JsonRpcException: java.io.IOException: 파이프가 닫히는 중입니다
	at org.eclipse.lsp4j.jsonrpc.json.StreamMessageConsumer.consume(StreamMessageConsumer.java:72)
	at org.eclipse.lsp4e.LanguageServerWrapper.lambda$4(LanguageServerWrapper.java:260)
	at org.eclipse.lsp4j.jsonrpc.RemoteEndpoint.request(RemoteEndpoint.java:161)
	at org.eclipse.lsp4j.jsonrpc.services.EndpointProxy.invoke(EndpointProxy.java:91)
	at com.sun.proxy.$Proxy66.shutdown(Unknown Source)
	at org.eclipse.lsp4e.LanguageServerWrapper.lambda$13(LanguageServerWrapper.java:423)
	... 7 more
Caused by: java.io.IOException: 파이프가 닫히는 중입니다
	at java.base/java.io.FileOutputStream.writeBytes(Native Method)
	at java.base/java.io.FileOutputStream.write(FileOutputStream.java:354)
	at java.base/java.io.BufferedOutputStream.flushBuffer(BufferedOutputStream.java:81)
	at java.base/java.io.BufferedOutputStream.flush(BufferedOutputStream.java:142)
	at org.eclipse.lsp4j.jsonrpc.json.StreamMessageConsumer.consume(StreamMessageConsumer.java:69)
	... 12 more

!ENTRY org.springframework.tooling.ls.eclipse.commons 1 0 2025-06-19 16:52:11.227
!MESSAGE Entering DelegatingStreamConnectionProvider()

!ENTRY org.eclipse.lsp4e 4 0 2025-06-19 16:52:11.227
!MESSAGE org.eclipse.lsp4j.jsonrpc.JsonRpcException: java.io.IOException: 파이프가 닫히는 중입니다
!STACK 0
java.util.concurrent.ExecutionException: org.eclipse.lsp4j.jsonrpc.JsonRpcException: java.io.IOException: 파이프가 닫히는 중입니다
	at java.base/java.util.concurrent.CompletableFuture.reportGet(CompletableFuture.java:395)
	at java.base/java.util.concurrent.CompletableFuture.get(CompletableFuture.java:2028)
	at org.eclipse.lsp4e.LanguageServerWrapper.lambda$13(LanguageServerWrapper.java:425)
	at java.base/java.util.concurrent.CompletableFuture$AsyncRun.run(CompletableFuture.java:1736)
	at java.base/java.util.concurrent.CompletableFuture$AsyncRun.exec(CompletableFuture.java:1728)
	at java.base/java.util.concurrent.ForkJoinTask.doExec(ForkJoinTask.java:290)
	at java.base/java.util.concurrent.ForkJoinPool$WorkQueue.topLevelExec(ForkJoinPool.java:1020)
	at java.base/java.util.concurrent.ForkJoinPool.scan(ForkJoinPool.java:1656)
	at java.base/java.util.concurrent.ForkJoinPool.runWorker(ForkJoinPool.java:1594)
	at java.base/java.util.concurrent.ForkJoinWorkerThread.run(ForkJoinWorkerThread.java:183)
Caused by: org.eclipse.lsp4j.jsonrpc.JsonRpcException: java.io.IOException: 파이프가 닫히는 중입니다
	at org.eclipse.lsp4j.jsonrpc.json.StreamMessageConsumer.consume(StreamMessageConsumer.java:72)
	at org.eclipse.lsp4e.LanguageServerWrapper.lambda$4(LanguageServerWrapper.java:260)
	at org.eclipse.lsp4j.jsonrpc.RemoteEndpoint.request(RemoteEndpoint.java:161)
	at org.eclipse.lsp4j.jsonrpc.services.EndpointProxy.invoke(EndpointProxy.java:91)
	at com.sun.proxy.$Proxy66.shutdown(Unknown Source)
	at org.eclipse.lsp4e.LanguageServerWrapper.lambda$13(LanguageServerWrapper.java:423)
	... 7 more
Caused by: java.io.IOException: 파이프가 닫히는 중입니다
	at java.base/java.io.FileOutputStream.writeBytes(Native Method)
	at java.base/java.io.FileOutputStream.write(FileOutputStream.java:354)
	at java.base/java.io.BufferedOutputStream.flushBuffer(BufferedOutputStream.java:81)
	at java.base/java.io.BufferedOutputStream.flush(BufferedOutputStream.java:142)
	at org.eclipse.lsp4j.jsonrpc.json.StreamMessageConsumer.consume(StreamMessageConsumer.java:69)
	... 12 more

!ENTRY org.eclipse.lsp4e 4 0 2025-06-19 16:52:11.227
!MESSAGE org.eclipse.lsp4j.jsonrpc.JsonRpcException: java.io.IOException: 파이프가 닫히는 중입니다
!STACK 0
java.util.concurrent.ExecutionException: org.eclipse.lsp4j.jsonrpc.JsonRpcException: java.io.IOException: 파이프가 닫히는 중입니다
	at java.base/java.util.concurrent.CompletableFuture.reportGet(CompletableFuture.java:395)
	at java.base/java.util.concurrent.CompletableFuture.get(CompletableFuture.java:2028)
	at org.eclipse.lsp4e.LanguageServerWrapper.lambda$13(LanguageServerWrapper.java:425)
	at java.base/java.util.concurrent.CompletableFuture$AsyncRun.run(CompletableFuture.java:1736)
	at java.base/java.util.concurrent.CompletableFuture$AsyncRun.exec(CompletableFuture.java:1728)
	at java.base/java.util.concurrent.ForkJoinTask.doExec(ForkJoinTask.java:290)
	at java.base/java.util.concurrent.ForkJoinPool$WorkQueue.topLevelExec(ForkJoinPool.java:1020)
	at java.base/java.util.concurrent.ForkJoinPool.scan(ForkJoinPool.java:1656)
	at java.base/java.util.concurrent.ForkJoinPool.runWorker(ForkJoinPool.java:1594)
	at java.base/java.util.concurrent.ForkJoinWorkerThread.run(ForkJoinWorkerThread.java:183)
Caused by: org.eclipse.lsp4j.jsonrpc.JsonRpcException: java.io.IOException: 파이프가 닫히는 중입니다
	at org.eclipse.lsp4j.jsonrpc.json.StreamMessageConsumer.consume(StreamMessageConsumer.java:72)
	at org.eclipse.lsp4e.LanguageServerWrapper.lambda$4(LanguageServerWrapper.java:260)
	at org.eclipse.lsp4j.jsonrpc.RemoteEndpoint.request(RemoteEndpoint.java:161)
	at org.eclipse.lsp4j.jsonrpc.services.EndpointProxy.invoke(EndpointProxy.java:91)
	at com.sun.proxy.$Proxy66.shutdown(Unknown Source)
	at org.eclipse.lsp4e.LanguageServerWrapper.lambda$13(LanguageServerWrapper.java:423)
	... 7 more
Caused by: java.io.IOException: 파이프가 닫히는 중입니다
	at java.base/java.io.FileOutputStream.writeBytes(Native Method)
	at java.base/java.io.FileOutputStream.write(FileOutputStream.java:354)
	at java.base/java.io.BufferedOutputStream.flushBuffer(BufferedOutputStream.java:81)
	at java.base/java.io.BufferedOutputStream.flush(BufferedOutputStream.java:142)
	at org.eclipse.lsp4j.jsonrpc.json.StreamMessageConsumer.consume(StreamMessageConsumer.java:69)
	... 12 more

!ENTRY org.eclipse.lsp4e 4 0 2025-06-19 16:52:11.227
!MESSAGE org.eclipse.lsp4j.jsonrpc.JsonRpcException: java.io.IOException: 파이프가 닫히는 중입니다
!STACK 0
java.util.concurrent.ExecutionException: org.eclipse.lsp4j.jsonrpc.JsonRpcException: java.io.IOException: 파이프가 닫히는 중입니다
	at java.base/java.util.concurrent.CompletableFuture.reportGet(CompletableFuture.java:395)
	at java.base/java.util.concurrent.CompletableFuture.get(CompletableFuture.java:2028)
	at org.eclipse.lsp4e.LanguageServerWrapper.lambda$13(LanguageServerWrapper.java:425)
	at java.base/java.util.concurrent.CompletableFuture$AsyncRun.run(CompletableFuture.java:1736)
	at java.base/java.util.concurrent.CompletableFuture$AsyncRun.exec(CompletableFuture.java:1728)
	at java.base/java.util.concurrent.ForkJoinTask.doExec(ForkJoinTask.java:290)
	at java.base/java.util.concurrent.ForkJoinPool$WorkQueue.topLevelExec(ForkJoinPool.java:1020)
	at java.base/java.util.concurrent.ForkJoinPool.scan(ForkJoinPool.java:1656)
	at java.base/java.util.concurrent.ForkJoinPool.runWorker(ForkJoinPool.java:1594)
	at java.base/java.util.concurrent.ForkJoinWorkerThread.run(ForkJoinWorkerThread.java:183)
Caused by: org.eclipse.lsp4j.jsonrpc.JsonRpcException: java.io.IOException: 파이프가 닫히는 중입니다
	at org.eclipse.lsp4j.jsonrpc.json.StreamMessageConsumer.consume(StreamMessageConsumer.java:72)
	at org.eclipse.lsp4e.LanguageServerWrapper.lambda$4(LanguageServerWrapper.java:260)
	at org.eclipse.lsp4j.jsonrpc.RemoteEndpoint.request(RemoteEndpoint.java:161)
	at org.eclipse.lsp4j.jsonrpc.services.EndpointProxy.invoke(EndpointProxy.java:91)
	at com.sun.proxy.$Proxy66.shutdown(Unknown Source)
	at org.eclipse.lsp4e.LanguageServerWrapper.lambda$13(LanguageServerWrapper.java:423)
	... 7 more
Caused by: java.io.IOException: 파이프가 닫히는 중입니다
	at java.base/java.io.FileOutputStream.writeBytes(Native Method)
	at java.base/java.io.FileOutputStream.write(FileOutputStream.java:354)
	at java.base/java.io.BufferedOutputStream.flushBuffer(BufferedOutputStream.java:81)
	at java.base/java.io.BufferedOutputStream.flush(BufferedOutputStream.java:142)
	at org.eclipse.lsp4j.jsonrpc.json.StreamMessageConsumer.consume(StreamMessageConsumer.java:69)
	... 12 more

!ENTRY org.springframework.tooling.ls.eclipse.commons 1 0 2025-06-19 16:52:11.228
!MESSAGE Entering DelegatingStreamConnectionProvider()

!ENTRY org.springframework.tooling.ls.eclipse.commons 1 0 2025-06-19 16:52:11.228
!MESSAGE Entering DelegatingStreamConnectionProvider()

!ENTRY org.springframework.tooling.ls.eclipse.commons 1 0 2025-06-19 16:52:11.228
!MESSAGE Entering DelegatingStreamConnectionProvider()

!ENTRY org.springframework.tooling.ls.eclipse.commons 1 0 2025-06-19 16:52:11.228
!MESSAGE Entering DelegatingStreamConnectionProvider()

!ENTRY org.springframework.tooling.ls.eclipse.commons 1 0 2025-06-19 16:52:11.228
!MESSAGE DelegatingStreamConnectionProvider classloader = org.eclipse.osgi.internal.loader.EquinoxClassLoader@56fdb4db[org.springframework.tooling.boot.ls:1.28.0.202109130547(id=1001)]

!ENTRY org.springframework.tooling.ls.eclipse.commons 1 0 2025-06-19 16:52:11.229
!MESSAGE DelegatingStreamConnectionProvider classloader = org.eclipse.osgi.internal.loader.EquinoxClassLoader@56fdb4db[org.springframework.tooling.boot.ls:1.28.0.202109130547(id=1001)]

!ENTRY org.springframework.tooling.ls.eclipse.commons 1 0 2025-06-19 16:52:11.229
!MESSAGE DelegatingStreamConnectionProvider classloader = org.eclipse.osgi.internal.loader.EquinoxClassLoader@56fdb4db[org.springframework.tooling.boot.ls:1.28.0.202109130547(id=1001)]

!ENTRY org.eclipse.lsp4e 4 0 2025-06-19 16:52:11.229
!MESSAGE org.eclipse.lsp4j.jsonrpc.JsonRpcException: java.io.IOException: 파이프가 닫히는 중입니다
!STACK 0
java.util.concurrent.ExecutionException: org.eclipse.lsp4j.jsonrpc.JsonRpcException: java.io.IOException: 파이프가 닫히는 중입니다
	at java.base/java.util.concurrent.CompletableFuture.reportGet(CompletableFuture.java:395)
	at java.base/java.util.concurrent.CompletableFuture.get(CompletableFuture.java:2028)
	at org.eclipse.lsp4e.LanguageServerWrapper.lambda$13(LanguageServerWrapper.java:425)
	at java.base/java.util.concurrent.CompletableFuture$AsyncRun.run(CompletableFuture.java:1736)
	at java.base/java.util.concurrent.CompletableFuture$AsyncRun.exec(CompletableFuture.java:1728)
	at java.base/java.util.concurrent.ForkJoinTask.doExec(ForkJoinTask.java:290)
	at java.base/java.util.concurrent.ForkJoinPool$WorkQueue.topLevelExec(ForkJoinPool.java:1020)
	at java.base/java.util.concurrent.ForkJoinPool.scan(ForkJoinPool.java:1656)
	at java.base/java.util.concurrent.ForkJoinPool.runWorker(ForkJoinPool.java:1594)
	at java.base/java.util.concurrent.ForkJoinWorkerThread.run(ForkJoinWorkerThread.java:183)
Caused by: org.eclipse.lsp4j.jsonrpc.JsonRpcException: java.io.IOException: 파이프가 닫히는 중입니다
	at org.eclipse.lsp4j.jsonrpc.json.StreamMessageConsumer.consume(StreamMessageConsumer.java:72)
	at org.eclipse.lsp4e.LanguageServerWrapper.lambda$4(LanguageServerWrapper.java:260)
	at org.eclipse.lsp4j.jsonrpc.RemoteEndpoint.request(RemoteEndpoint.java:161)
	at org.eclipse.lsp4j.jsonrpc.services.EndpointProxy.invoke(EndpointProxy.java:91)
	at com.sun.proxy.$Proxy66.shutdown(Unknown Source)
	at org.eclipse.lsp4e.LanguageServerWrapper.lambda$13(LanguageServerWrapper.java:423)
	... 7 more
Caused by: java.io.IOException: 파이프가 닫히는 중입니다
	at java.base/java.io.FileOutputStream.writeBytes(Native Method)
	at java.base/java.io.FileOutputStream.write(FileOutputStream.java:354)
	at java.base/java.io.BufferedOutputStream.flushBuffer(BufferedOutputStream.java:81)
	at java.base/java.io.BufferedOutputStream.flush(BufferedOutputStream.java:142)
	at org.eclipse.lsp4j.jsonrpc.json.StreamMessageConsumer.consume(StreamMessageConsumer.java:69)
	... 12 more

!ENTRY org.springframework.tooling.ls.eclipse.commons 1 0 2025-06-19 16:52:11.230
!MESSAGE Entering DelegatingStreamConnectionProvider()

!ENTRY org.eclipse.lsp4e 4 0 2025-06-19 16:52:11.230
!MESSAGE org.eclipse.lsp4j.jsonrpc.JsonRpcException: java.io.IOException: 파이프가 닫히는 중입니다
!STACK 0
java.util.concurrent.ExecutionException: org.eclipse.lsp4j.jsonrpc.JsonRpcException: java.io.IOException: 파이프가 닫히는 중입니다
	at java.base/java.util.concurrent.CompletableFuture.reportGet(CompletableFuture.java:395)
	at java.base/java.util.concurrent.CompletableFuture.get(CompletableFuture.java:2028)
	at org.eclipse.lsp4e.LanguageServerWrapper.lambda$13(LanguageServerWrapper.java:425)
	at java.base/java.util.concurrent.CompletableFuture$AsyncRun.run(CompletableFuture.java:1736)
	at java.base/java.util.concurrent.CompletableFuture$AsyncRun.exec(CompletableFuture.java:1728)
	at java.base/java.util.concurrent.ForkJoinTask.doExec(ForkJoinTask.java:290)
	at java.base/java.util.concurrent.ForkJoinPool$WorkQueue.topLevelExec(ForkJoinPool.java:1020)
	at java.base/java.util.concurrent.ForkJoinPool.scan(ForkJoinPool.java:1656)
	at java.base/java.util.concurrent.ForkJoinPool.runWorker(ForkJoinPool.java:1594)
	at java.base/java.util.concurrent.ForkJoinWorkerThread.run(ForkJoinWorkerThread.java:183)
Caused by: org.eclipse.lsp4j.jsonrpc.JsonRpcException: java.io.IOException: 파이프가 닫히는 중입니다
	at org.eclipse.lsp4j.jsonrpc.json.StreamMessageConsumer.consume(StreamMessageConsumer.java:72)
	at org.eclipse.lsp4e.LanguageServerWrapper.lambda$4(LanguageServerWrapper.java:260)
	at org.eclipse.lsp4j.jsonrpc.RemoteEndpoint.request(RemoteEndpoint.java:161)
	at org.eclipse.lsp4j.jsonrpc.services.EndpointProxy.invoke(EndpointProxy.java:91)
	at com.sun.proxy.$Proxy66.shutdown(Unknown Source)
	at org.eclipse.lsp4e.LanguageServerWrapper.lambda$13(LanguageServerWrapper.java:423)
	... 7 more
Caused by: java.io.IOException: 파이프가 닫히는 중입니다
	at java.base/java.io.FileOutputStream.writeBytes(Native Method)
	at java.base/java.io.FileOutputStream.write(FileOutputStream.java:354)
	at java.base/java.io.BufferedOutputStream.flushBuffer(BufferedOutputStream.java:81)
	at java.base/java.io.BufferedOutputStream.flush(BufferedOutputStream.java:142)
	at org.eclipse.lsp4j.jsonrpc.json.StreamMessageConsumer.consume(StreamMessageConsumer.java:69)
	... 12 more

!ENTRY org.springframework.tooling.ls.eclipse.commons 1 0 2025-06-19 16:52:11.230
!MESSAGE Entering DelegatingStreamConnectionProvider()

!ENTRY org.springframework.tooling.ls.eclipse.commons 1 0 2025-06-19 16:52:11.230
!MESSAGE DelegatingStreamConnectionProvider classloader = org.eclipse.osgi.internal.loader.EquinoxClassLoader@56fdb4db[org.springframework.tooling.boot.ls:1.28.0.202109130547(id=1001)]

!ENTRY org.eclipse.lsp4e 4 0 2025-06-19 16:52:11.230
!MESSAGE org.eclipse.lsp4j.jsonrpc.JsonRpcException: java.io.IOException: 파이프가 닫히는 중입니다
!STACK 0
java.util.concurrent.ExecutionException: org.eclipse.lsp4j.jsonrpc.JsonRpcException: java.io.IOException: 파이프가 닫히는 중입니다
	at java.base/java.util.concurrent.CompletableFuture.reportGet(CompletableFuture.java:395)
	at java.base/java.util.concurrent.CompletableFuture.get(CompletableFuture.java:2028)
	at org.eclipse.lsp4e.LanguageServerWrapper.lambda$13(LanguageServerWrapper.java:425)
	at java.base/java.util.concurrent.CompletableFuture$AsyncRun.run(CompletableFuture.java:1736)
	at java.base/java.util.concurrent.CompletableFuture$AsyncRun.exec(CompletableFuture.java:1728)
	at java.base/java.util.concurrent.ForkJoinTask.doExec(ForkJoinTask.java:290)
	at java.base/java.util.concurrent.ForkJoinPool$WorkQueue.topLevelExec(ForkJoinPool.java:1020)
	at java.base/java.util.concurrent.ForkJoinPool.scan(ForkJoinPool.java:1656)
	at java.base/java.util.concurrent.ForkJoinPool.runWorker(ForkJoinPool.java:1594)
	at java.base/java.util.concurrent.ForkJoinWorkerThread.run(ForkJoinWorkerThread.java:183)
Caused by: org.eclipse.lsp4j.jsonrpc.JsonRpcException: java.io.IOException: 파이프가 닫히는 중입니다
	at org.eclipse.lsp4j.jsonrpc.json.StreamMessageConsumer.consume(StreamMessageConsumer.java:72)
	at org.eclipse.lsp4e.LanguageServerWrapper.lambda$4(LanguageServerWrapper.java:260)
	at org.eclipse.lsp4j.jsonrpc.RemoteEndpoint.request(RemoteEndpoint.java:161)
	at org.eclipse.lsp4j.jsonrpc.services.EndpointProxy.invoke(EndpointProxy.java:91)
	at com.sun.proxy.$Proxy66.shutdown(Unknown Source)
	at org.eclipse.lsp4e.LanguageServerWrapper.lambda$13(LanguageServerWrapper.java:423)
	... 7 more
Caused by: java.io.IOException: 파이프가 닫히는 중입니다
	at java.base/java.io.FileOutputStream.writeBytes(Native Method)
	at java.base/java.io.FileOutputStream.write(FileOutputStream.java:354)
	at java.base/java.io.BufferedOutputStream.flushBuffer(BufferedOutputStream.java:81)
	at java.base/java.io.BufferedOutputStream.flush(BufferedOutputStream.java:142)
	at org.eclipse.lsp4j.jsonrpc.json.StreamMessageConsumer.consume(StreamMessageConsumer.java:69)
	... 12 more

!ENTRY org.springframework.tooling.ls.eclipse.commons 1 0 2025-06-19 16:52:11.231
!MESSAGE Entering DelegatingStreamConnectionProvider()

!ENTRY org.eclipse.lsp4e 4 0 2025-06-19 16:52:11.231
!MESSAGE org.eclipse.lsp4j.jsonrpc.JsonRpcException: java.io.IOException: 파이프가 닫히는 중입니다
!STACK 0
java.util.concurrent.ExecutionException: org.eclipse.lsp4j.jsonrpc.JsonRpcException: java.io.IOException: 파이프가 닫히는 중입니다
	at java.base/java.util.concurrent.CompletableFuture.reportGet(CompletableFuture.java:395)
	at java.base/java.util.concurrent.CompletableFuture.get(CompletableFuture.java:2028)
	at org.eclipse.lsp4e.LanguageServerWrapper.lambda$13(LanguageServerWrapper.java:425)
	at java.base/java.util.concurrent.CompletableFuture$AsyncRun.run(CompletableFuture.java:1736)
	at java.base/java.util.concurrent.CompletableFuture$AsyncRun.exec(CompletableFuture.java:1728)
	at java.base/java.util.concurrent.ForkJoinTask.doExec(ForkJoinTask.java:290)
	at java.base/java.util.concurrent.ForkJoinPool$WorkQueue.topLevelExec(ForkJoinPool.java:1020)
	at java.base/java.util.concurrent.ForkJoinPool.scan(ForkJoinPool.java:1656)
	at java.base/java.util.concurrent.ForkJoinPool.runWorker(ForkJoinPool.java:1594)
	at java.base/java.util.concurrent.ForkJoinWorkerThread.run(ForkJoinWorkerThread.java:183)
Caused by: org.eclipse.lsp4j.jsonrpc.JsonRpcException: java.io.IOException: 파이프가 닫히는 중입니다
	at org.eclipse.lsp4j.jsonrpc.json.StreamMessageConsumer.consume(StreamMessageConsumer.java:72)
	at org.eclipse.lsp4e.LanguageServerWrapper.lambda$4(LanguageServerWrapper.java:260)
	at org.eclipse.lsp4j.jsonrpc.RemoteEndpoint.request(RemoteEndpoint.java:161)
	at org.eclipse.lsp4j.jsonrpc.services.EndpointProxy.invoke(EndpointProxy.java:91)
	at com.sun.proxy.$Proxy66.shutdown(Unknown Source)
	at org.eclipse.lsp4e.LanguageServerWrapper.lambda$13(LanguageServerWrapper.java:423)
	... 7 more
Caused by: java.io.IOException: 파이프가 닫히는 중입니다
	at java.base/java.io.FileOutputStream.writeBytes(Native Method)
	at java.base/java.io.FileOutputStream.write(FileOutputStream.java:354)
	at java.base/java.io.BufferedOutputStream.flushBuffer(BufferedOutputStream.java:81)
	at java.base/java.io.BufferedOutputStream.flush(BufferedOutputStream.java:142)
	at org.eclipse.lsp4j.jsonrpc.json.StreamMessageConsumer.consume(StreamMessageConsumer.java:69)
	... 12 more

!ENTRY org.springframework.tooling.ls.eclipse.commons 1 0 2025-06-19 16:52:11.231
!MESSAGE Entering DelegatingStreamConnectionProvider()

!ENTRY org.eclipse.lsp4e 4 0 2025-06-19 16:52:11.232
!MESSAGE org.eclipse.lsp4j.jsonrpc.JsonRpcException: java.io.IOException: 파이프가 닫히는 중입니다
!STACK 0
java.util.concurrent.ExecutionException: org.eclipse.lsp4j.jsonrpc.JsonRpcException: java.io.IOException: 파이프가 닫히는 중입니다
	at java.base/java.util.concurrent.CompletableFuture.reportGet(CompletableFuture.java:395)
	at java.base/java.util.concurrent.CompletableFuture.get(CompletableFuture.java:2028)
	at org.eclipse.lsp4e.LanguageServerWrapper.lambda$13(LanguageServerWrapper.java:425)
	at java.base/java.util.concurrent.CompletableFuture$AsyncRun.run(CompletableFuture.java:1736)
	at java.base/java.util.concurrent.CompletableFuture$AsyncRun.exec(CompletableFuture.java:1728)
	at java.base/java.util.concurrent.ForkJoinTask.doExec(ForkJoinTask.java:290)
	at java.base/java.util.concurrent.ForkJoinPool$WorkQueue.topLevelExec(ForkJoinPool.java:1020)
	at java.base/java.util.concurrent.ForkJoinPool.scan(ForkJoinPool.java:1656)
	at java.base/java.util.concurrent.ForkJoinPool.runWorker(ForkJoinPool.java:1594)
	at java.base/java.util.concurrent.ForkJoinWorkerThread.run(ForkJoinWorkerThread.java:183)
Caused by: org.eclipse.lsp4j.jsonrpc.JsonRpcException: java.io.IOException: 파이프가 닫히는 중입니다
	at org.eclipse.lsp4j.jsonrpc.json.StreamMessageConsumer.consume(StreamMessageConsumer.java:72)
	at org.eclipse.lsp4e.LanguageServerWrapper.lambda$4(LanguageServerWrapper.java:260)
	at org.eclipse.lsp4j.jsonrpc.RemoteEndpoint.request(RemoteEndpoint.java:161)
	at org.eclipse.lsp4j.jsonrpc.services.EndpointProxy.invoke(EndpointProxy.java:91)
	at com.sun.proxy.$Proxy66.shutdown(Unknown Source)
	at org.eclipse.lsp4e.LanguageServerWrapper.lambda$13(LanguageServerWrapper.java:423)
	... 7 more
Caused by: java.io.IOException: 파이프가 닫히는 중입니다
	at java.base/java.io.FileOutputStream.writeBytes(Native Method)
	at java.base/java.io.FileOutputStream.write(FileOutputStream.java:354)
	at java.base/java.io.BufferedOutputStream.flushBuffer(BufferedOutputStream.java:81)
	at java.base/java.io.BufferedOutputStream.flush(BufferedOutputStream.java:142)
	at org.eclipse.lsp4j.jsonrpc.json.StreamMessageConsumer.consume(StreamMessageConsumer.java:69)
	... 12 more

!ENTRY org.springframework.tooling.ls.eclipse.commons 1 0 2025-06-19 16:52:11.232
!MESSAGE DelegatingStreamConnectionProvider classloader = org.eclipse.osgi.internal.loader.EquinoxClassLoader@56fdb4db[org.springframework.tooling.boot.ls:1.28.0.202109130547(id=1001)]

!ENTRY org.eclipse.jface.text 4 0 2025-06-19 16:52:11.233
!MESSAGE org.eclipse.lsp4j.jsonrpc.JsonRpcException: java.io.IOException: 파이프가 닫히는 중입니다
!STACK 0
java.util.concurrent.CompletionException: org.eclipse.lsp4j.jsonrpc.JsonRpcException: java.io.IOException: 파이프가 닫히는 중입니다
	at java.base/java.util.concurrent.CompletableFuture.encodeRelay(CompletableFuture.java:367)
	at java.base/java.util.concurrent.CompletableFuture.completeRelay(CompletableFuture.java:376)
	at java.base/java.util.concurrent.CompletableFuture$UniCompose.tryFire(CompletableFuture.java:1074)
	at java.base/java.util.concurrent.CompletableFuture.postComplete(CompletableFuture.java:506)
	at java.base/java.util.concurrent.CompletableFuture$AsyncSupply.run(CompletableFuture.java:1705)
	at java.base/java.util.concurrent.CompletableFuture$AsyncSupply.exec(CompletableFuture.java:1692)
	at java.base/java.util.concurrent.ForkJoinTask.doExec(ForkJoinTask.java:290)
	at java.base/java.util.concurrent.ForkJoinPool$WorkQueue.topLevelExec(ForkJoinPool.java:1020)
	at java.base/java.util.concurrent.ForkJoinPool.scan(ForkJoinPool.java:1656)
	at java.base/java.util.concurrent.ForkJoinPool.runWorker(ForkJoinPool.java:1594)
	at java.base/java.util.concurrent.ForkJoinWorkerThread.run(ForkJoinWorkerThread.java:183)
Caused by: org.eclipse.lsp4j.jsonrpc.JsonRpcException: java.io.IOException: 파이프가 닫히는 중입니다
	at org.eclipse.lsp4j.jsonrpc.json.StreamMessageConsumer.consume(StreamMessageConsumer.java:72)
	at org.eclipse.lsp4e.LanguageServerWrapper.lambda$4(LanguageServerWrapper.java:260)
	at org.eclipse.lsp4j.jsonrpc.RemoteEndpoint.request(RemoteEndpoint.java:161)
	at org.eclipse.lsp4j.jsonrpc.services.EndpointProxy.invoke(EndpointProxy.java:91)
	at com.sun.proxy.$Proxy66.initialize(Unknown Source)
	at org.eclipse.lsp4e.LanguageServerWrapper.lambda$8(LanguageServerWrapper.java:359)
	at java.base/java.util.concurrent.CompletableFuture$UniCompose.tryFire(CompletableFuture.java:1072)
	... 8 more
Caused by: java.io.IOException: 파이프가 닫히는 중입니다
	at java.base/java.io.FileOutputStream.writeBytes(Native Method)
	at java.base/java.io.FileOutputStream.write(FileOutputStream.java:354)
	at java.base/java.io.BufferedOutputStream.flushBuffer(BufferedOutputStream.java:81)
	at java.base/java.io.BufferedOutputStream.flush(BufferedOutputStream.java:142)
	at org.eclipse.lsp4j.jsonrpc.json.StreamMessageConsumer.consume(StreamMessageConsumer.java:69)
	... 14 more

!ENTRY org.springframework.tooling.ls.eclipse.commons 1 0 2025-06-19 16:52:11.233
!MESSAGE SpringBootLanguageServer exists!

!ENTRY org.springframework.tooling.ls.eclipse.commons 1 0 2025-06-19 16:52:11.233
!MESSAGE Entering DelegatingStreamConnectionProvider()

!ENTRY org.springframework.tooling.ls.eclipse.commons 1 0 2025-06-19 16:52:11.233
!MESSAGE DelegatingStreamConnectionProvider classloader = org.eclipse.osgi.internal.loader.EquinoxClassLoader@56fdb4db[org.springframework.tooling.boot.ls:1.28.0.202109130547(id=1001)]

!ENTRY org.eclipse.lsp4e 4 0 2025-06-19 16:52:11.233
!MESSAGE org.eclipse.lsp4j.jsonrpc.JsonRpcException: java.io.IOException: 파이프가 닫히는 중입니다
!STACK 0
java.util.concurrent.ExecutionException: org.eclipse.lsp4j.jsonrpc.JsonRpcException: java.io.IOException: 파이프가 닫히는 중입니다
	at java.base/java.util.concurrent.CompletableFuture.reportGet(CompletableFuture.java:395)
	at java.base/java.util.concurrent.CompletableFuture.get(CompletableFuture.java:2028)
	at org.eclipse.lsp4e.LanguageServerWrapper.lambda$13(LanguageServerWrapper.java:425)
	at java.base/java.util.concurrent.CompletableFuture$AsyncRun.run(CompletableFuture.java:1736)
	at java.base/java.util.concurrent.CompletableFuture$AsyncRun.exec(CompletableFuture.java:1728)
	at java.base/java.util.concurrent.ForkJoinTask.doExec(ForkJoinTask.java:290)
	at java.base/java.util.concurrent.ForkJoinPool$WorkQueue.topLevelExec(ForkJoinPool.java:1020)
	at java.base/java.util.concurrent.ForkJoinPool.scan(ForkJoinPool.java:1656)
	at java.base/java.util.concurrent.ForkJoinPool.runWorker(ForkJoinPool.java:1594)
	at java.base/java.util.concurrent.ForkJoinWorkerThread.run(ForkJoinWorkerThread.java:183)
Caused by: org.eclipse.lsp4j.jsonrpc.JsonRpcException: java.io.IOException: 파이프가 닫히는 중입니다
	at org.eclipse.lsp4j.jsonrpc.json.StreamMessageConsumer.consume(StreamMessageConsumer.java:72)
	at org.eclipse.lsp4e.LanguageServerWrapper.lambda$4(LanguageServerWrapper.java:260)
	at org.eclipse.lsp4j.jsonrpc.RemoteEndpoint.request(RemoteEndpoint.java:161)
	at org.eclipse.lsp4j.jsonrpc.services.EndpointProxy.invoke(EndpointProxy.java:91)
	at com.sun.proxy.$Proxy66.shutdown(Unknown Source)
	at org.eclipse.lsp4e.LanguageServerWrapper.lambda$13(LanguageServerWrapper.java:423)
	... 7 more
Caused by: java.io.IOException: 파이프가 닫히는 중입니다
	at java.base/java.io.FileOutputStream.writeBytes(Native Method)
	at java.base/java.io.FileOutputStream.write(FileOutputStream.java:354)
	at java.base/java.io.BufferedOutputStream.flushBuffer(BufferedOutputStream.java:81)
	at java.base/java.io.BufferedOutputStream.flush(BufferedOutputStream.java:142)
	at org.eclipse.lsp4j.jsonrpc.json.StreamMessageConsumer.consume(StreamMessageConsumer.java:69)
	... 12 more

!ENTRY org.springframework.tooling.ls.eclipse.commons 1 0 2025-06-19 16:52:11.234
!MESSAGE DelegatingStreamConnectionProvider classloader = org.eclipse.osgi.internal.loader.EquinoxClassLoader@56fdb4db[org.springframework.tooling.boot.ls:1.28.0.202109130547(id=1001)]

!ENTRY org.springframework.tooling.ls.eclipse.commons 1 0 2025-06-19 16:52:11.234
!MESSAGE Entering DelegatingStreamConnectionProvider()

!ENTRY org.springframework.tooling.ls.eclipse.commons 1 0 2025-06-19 16:52:11.234
!MESSAGE SpringBootLanguageServer exists!

!ENTRY org.springframework.tooling.ls.eclipse.commons 1 0 2025-06-19 16:52:11.234
!MESSAGE DelegatingStreamConnectionProvider classloader = org.eclipse.osgi.internal.loader.EquinoxClassLoader@56fdb4db[org.springframework.tooling.boot.ls:1.28.0.202109130547(id=1001)]

!ENTRY org.eclipse.lsp4e 4 0 2025-06-19 16:52:11.234
!MESSAGE org.eclipse.lsp4j.jsonrpc.JsonRpcException: java.io.IOException: 파이프가 닫히는 중입니다
!STACK 0
java.util.concurrent.ExecutionException: org.eclipse.lsp4j.jsonrpc.JsonRpcException: java.io.IOException: 파이프가 닫히는 중입니다
	at java.base/java.util.concurrent.CompletableFuture.reportGet(CompletableFuture.java:395)
	at java.base/java.util.concurrent.CompletableFuture.get(CompletableFuture.java:2028)
	at org.eclipse.lsp4e.LanguageServerWrapper.lambda$13(LanguageServerWrapper.java:425)
	at java.base/java.util.concurrent.CompletableFuture$AsyncRun.run(CompletableFuture.java:1736)
	at java.base/java.util.concurrent.CompletableFuture$AsyncRun.exec(CompletableFuture.java:1728)
	at java.base/java.util.concurrent.ForkJoinTask.doExec(ForkJoinTask.java:290)
	at java.base/java.util.concurrent.ForkJoinPool$WorkQueue.topLevelExec(ForkJoinPool.java:1020)
	at java.base/java.util.concurrent.ForkJoinPool.scan(ForkJoinPool.java:1656)
	at java.base/java.util.concurrent.ForkJoinPool.runWorker(ForkJoinPool.java:1594)
	at java.base/java.util.concurrent.ForkJoinWorkerThread.run(ForkJoinWorkerThread.java:183)
Caused by: org.eclipse.lsp4j.jsonrpc.JsonRpcException: java.io.IOException: 파이프가 닫히는 중입니다
	at org.eclipse.lsp4j.jsonrpc.json.StreamMessageConsumer.consume(StreamMessageConsumer.java:72)
	at org.eclipse.lsp4e.LanguageServerWrapper.lambda$4(LanguageServerWrapper.java:260)
	at org.eclipse.lsp4j.jsonrpc.RemoteEndpoint.request(RemoteEndpoint.java:161)
	at org.eclipse.lsp4j.jsonrpc.services.EndpointProxy.invoke(EndpointProxy.java:91)
	at com.sun.proxy.$Proxy66.shutdown(Unknown Source)
	at org.eclipse.lsp4e.LanguageServerWrapper.lambda$13(LanguageServerWrapper.java:423)
	... 7 more
Caused by: java.io.IOException: 파이프가 닫히는 중입니다
	at java.base/java.io.FileOutputStream.writeBytes(Native Method)
	at java.base/java.io.FileOutputStream.write(FileOutputStream.java:354)
	at java.base/java.io.BufferedOutputStream.flushBuffer(BufferedOutputStream.java:81)
	at java.base/java.io.BufferedOutputStream.flush(BufferedOutputStream.java:142)
	at org.eclipse.lsp4j.jsonrpc.json.StreamMessageConsumer.consume(StreamMessageConsumer.java:69)
	... 12 more

!ENTRY org.springframework.tooling.ls.eclipse.commons 1 0 2025-06-19 16:52:11.234
!MESSAGE DelegatingStreamConnectionProvider classloader = org.eclipse.osgi.internal.loader.EquinoxClassLoader@56fdb4db[org.springframework.tooling.boot.ls:1.28.0.202109130547(id=1001)]

!ENTRY org.springframework.tooling.ls.eclipse.commons 1 0 2025-06-19 16:52:11.236
!MESSAGE Entering DelegatingStreamConnectionProvider()

!ENTRY org.springframework.tooling.ls.eclipse.commons 1 0 2025-06-19 16:52:11.236
!MESSAGE SpringBootLanguageServer exists!

!ENTRY org.springframework.tooling.ls.eclipse.commons 1 0 2025-06-19 16:52:11.236
!MESSAGE SpringBootLanguageServer exists!

!ENTRY org.springframework.tooling.ls.eclipse.commons 1 0 2025-06-19 16:52:11.236
!MESSAGE SpringBootLanguageServer exists!

!ENTRY org.springframework.tooling.ls.eclipse.commons 1 0 2025-06-19 16:52:11.236
!MESSAGE DelegatingStreamConnectionProvider classloader = org.eclipse.osgi.internal.loader.EquinoxClassLoader@56fdb4db[org.springframework.tooling.boot.ls:1.28.0.202109130547(id=1001)]

!ENTRY org.springframework.tooling.ls.eclipse.commons 1 0 2025-06-19 16:52:11.236
!MESSAGE DelegatingStreamConnectionProvider classloader = org.eclipse.osgi.internal.loader.EquinoxClassLoader@56fdb4db[org.springframework.tooling.boot.ls:1.28.0.202109130547(id=1001)]

!ENTRY org.springframework.tooling.ls.eclipse.commons 1 0 2025-06-19 16:52:11.236
!MESSAGE Entering DelegatingStreamConnectionProvider()

!ENTRY org.springframework.tooling.ls.eclipse.commons 1 0 2025-06-19 16:52:11.236
!MESSAGE SpringBootLanguageServer exists!

!ENTRY org.springframework.tooling.ls.eclipse.commons 1 0 2025-06-19 16:52:11.237
!MESSAGE SpringBootLanguageServer exists!

!ENTRY org.springframework.tooling.ls.eclipse.commons 1 0 2025-06-19 16:52:11.237
!MESSAGE DelegatingStreamConnectionProvider classloader = org.eclipse.osgi.internal.loader.EquinoxClassLoader@56fdb4db[org.springframework.tooling.boot.ls:1.28.0.202109130547(id=1001)]

!ENTRY org.eclipse.lsp4e 4 0 2025-06-19 16:52:11.237
!MESSAGE org.eclipse.lsp4j.jsonrpc.JsonRpcException: java.io.IOException: 파이프가 닫히는 중입니다
!STACK 0
java.util.concurrent.ExecutionException: org.eclipse.lsp4j.jsonrpc.JsonRpcException: java.io.IOException: 파이프가 닫히는 중입니다
	at java.base/java.util.concurrent.CompletableFuture.reportGet(CompletableFuture.java:395)
	at java.base/java.util.concurrent.CompletableFuture.get(CompletableFuture.java:2028)
	at org.eclipse.lsp4e.LanguageServerWrapper.lambda$13(LanguageServerWrapper.java:425)
	at java.base/java.util.concurrent.CompletableFuture$AsyncRun.run(CompletableFuture.java:1736)
	at java.base/java.util.concurrent.CompletableFuture$AsyncRun.exec(CompletableFuture.java:1728)
	at java.base/java.util.concurrent.ForkJoinTask.doExec(ForkJoinTask.java:290)
	at java.base/java.util.concurrent.ForkJoinPool$WorkQueue.topLevelExec(ForkJoinPool.java:1020)
	at java.base/java.util.concurrent.ForkJoinPool.scan(ForkJoinPool.java:1656)
	at java.base/java.util.concurrent.ForkJoinPool.runWorker(ForkJoinPool.java:1594)
	at java.base/java.util.concurrent.ForkJoinWorkerThread.run(ForkJoinWorkerThread.java:183)
Caused by: org.eclipse.lsp4j.jsonrpc.JsonRpcException: java.io.IOException: 파이프가 닫히는 중입니다
	at org.eclipse.lsp4j.jsonrpc.json.StreamMessageConsumer.consume(StreamMessageConsumer.java:72)
	at org.eclipse.lsp4e.LanguageServerWrapper.lambda$4(LanguageServerWrapper.java:260)
	at org.eclipse.lsp4j.jsonrpc.RemoteEndpoint.request(RemoteEndpoint.java:161)
	at org.eclipse.lsp4j.jsonrpc.services.EndpointProxy.invoke(EndpointProxy.java:91)
	at com.sun.proxy.$Proxy66.shutdown(Unknown Source)
	at org.eclipse.lsp4e.LanguageServerWrapper.lambda$13(LanguageServerWrapper.java:423)
	... 7 more
Caused by: java.io.IOException: 파이프가 닫히는 중입니다
	at java.base/java.io.FileOutputStream.writeBytes(Native Method)
	at java.base/java.io.FileOutputStream.write(FileOutputStream.java:354)
	at java.base/java.io.BufferedOutputStream.flushBuffer(BufferedOutputStream.java:81)
	at java.base/java.io.BufferedOutputStream.flush(BufferedOutputStream.java:142)
	at org.eclipse.lsp4j.jsonrpc.json.StreamMessageConsumer.consume(StreamMessageConsumer.java:69)
	... 12 more

!ENTRY org.springframework.tooling.ls.eclipse.commons 1 0 2025-06-19 16:52:11.237
!MESSAGE SpringBootLanguageServer exists!

!ENTRY org.springframework.tooling.ls.eclipse.commons 1 0 2025-06-19 16:52:11.237
!MESSAGE SpringBootLanguageServer exists!

!ENTRY org.springframework.tooling.ls.eclipse.commons 1 0 2025-06-19 16:52:11.238
!MESSAGE DelegatingStreamConnectionProvider classloader = org.eclipse.osgi.internal.loader.EquinoxClassLoader@56fdb4db[org.springframework.tooling.boot.ls:1.28.0.202109130547(id=1001)]

!ENTRY org.eclipse.jface.text 4 0 2025-06-19 16:52:11.238
!MESSAGE org.eclipse.lsp4j.jsonrpc.JsonRpcException: java.io.IOException: 파이프가 닫히는 중입니다
!STACK 0
java.util.concurrent.CompletionException: org.eclipse.lsp4j.jsonrpc.JsonRpcException: java.io.IOException: 파이프가 닫히는 중입니다
	at java.base/java.util.concurrent.CompletableFuture.encodeRelay(CompletableFuture.java:367)
	at java.base/java.util.concurrent.CompletableFuture.completeRelay(CompletableFuture.java:376)
	at java.base/java.util.concurrent.CompletableFuture$UniCompose.tryFire(CompletableFuture.java:1074)
	at java.base/java.util.concurrent.CompletableFuture.postComplete(CompletableFuture.java:506)
	at java.base/java.util.concurrent.CompletableFuture$AsyncSupply.run(CompletableFuture.java:1705)
	at java.base/java.util.concurrent.CompletableFuture$AsyncSupply.exec(CompletableFuture.java:1692)
	at java.base/java.util.concurrent.ForkJoinTask.doExec(ForkJoinTask.java:290)
	at java.base/java.util.concurrent.ForkJoinPool$WorkQueue.topLevelExec(ForkJoinPool.java:1020)
	at java.base/java.util.concurrent.ForkJoinPool.scan(ForkJoinPool.java:1656)
	at java.base/java.util.concurrent.ForkJoinPool.runWorker(ForkJoinPool.java:1594)
	at java.base/java.util.concurrent.ForkJoinWorkerThread.run(ForkJoinWorkerThread.java:183)
Caused by: org.eclipse.lsp4j.jsonrpc.JsonRpcException: java.io.IOException: 파이프가 닫히는 중입니다
	at org.eclipse.lsp4j.jsonrpc.json.StreamMessageConsumer.consume(StreamMessageConsumer.java:72)
	at org.eclipse.lsp4e.LanguageServerWrapper.lambda$4(LanguageServerWrapper.java:260)
	at org.eclipse.lsp4j.jsonrpc.RemoteEndpoint.request(RemoteEndpoint.java:161)
	at org.eclipse.lsp4j.jsonrpc.services.EndpointProxy.invoke(EndpointProxy.java:91)
	at com.sun.proxy.$Proxy66.initialize(Unknown Source)
	at org.eclipse.lsp4e.LanguageServerWrapper.lambda$8(LanguageServerWrapper.java:359)
	at java.base/java.util.concurrent.CompletableFuture$UniCompose.tryFire(CompletableFuture.java:1072)
	... 8 more
Caused by: java.io.IOException: 파이프가 닫히는 중입니다
	at java.base/java.io.FileOutputStream.writeBytes(Native Method)
	at java.base/java.io.FileOutputStream.write(FileOutputStream.java:354)
	at java.base/java.io.BufferedOutputStream.flushBuffer(BufferedOutputStream.java:81)
	at java.base/java.io.BufferedOutputStream.flush(BufferedOutputStream.java:142)
	at org.eclipse.lsp4j.jsonrpc.json.StreamMessageConsumer.consume(StreamMessageConsumer.java:69)
	... 14 more

!ENTRY org.springframework.tooling.ls.eclipse.commons 1 0 2025-06-19 16:52:11.238
!MESSAGE SpringBootLanguageServer exists!

!ENTRY org.springframework.tooling.ls.eclipse.commons 1 0 2025-06-19 16:52:11.238
!MESSAGE Entering DelegatingStreamConnectionProvider()

!ENTRY org.eclipse.lsp4e 4 0 2025-06-19 16:52:11.238
!MESSAGE org.eclipse.lsp4j.jsonrpc.JsonRpcException: java.io.IOException: 파이프가 닫히는 중입니다
!STACK 0
java.util.concurrent.ExecutionException: org.eclipse.lsp4j.jsonrpc.JsonRpcException: java.io.IOException: 파이프가 닫히는 중입니다
	at java.base/java.util.concurrent.CompletableFuture.reportGet(CompletableFuture.java:395)
	at java.base/java.util.concurrent.CompletableFuture.get(CompletableFuture.java:2028)
	at org.eclipse.lsp4e.LanguageServerWrapper.lambda$13(LanguageServerWrapper.java:425)
	at java.base/java.util.concurrent.CompletableFuture$AsyncRun.run(CompletableFuture.java:1736)
	at java.base/java.util.concurrent.CompletableFuture$AsyncRun.exec(CompletableFuture.java:1728)
	at java.base/java.util.concurrent.ForkJoinTask.doExec(ForkJoinTask.java:290)
	at java.base/java.util.concurrent.ForkJoinPool$WorkQueue.topLevelExec(ForkJoinPool.java:1020)
	at java.base/java.util.concurrent.ForkJoinPool.scan(ForkJoinPool.java:1656)
	at java.base/java.util.concurrent.ForkJoinPool.runWorker(ForkJoinPool.java:1594)
	at java.base/java.util.concurrent.ForkJoinWorkerThread.run(ForkJoinWorkerThread.java:183)
Caused by: org.eclipse.lsp4j.jsonrpc.JsonRpcException: java.io.IOException: 파이프가 닫히는 중입니다
	at org.eclipse.lsp4j.jsonrpc.json.StreamMessageConsumer.consume(StreamMessageConsumer.java:72)
	at org.eclipse.lsp4e.LanguageServerWrapper.lambda$4(LanguageServerWrapper.java:260)
	at org.eclipse.lsp4j.jsonrpc.RemoteEndpoint.request(RemoteEndpoint.java:161)
	at org.eclipse.lsp4j.jsonrpc.services.EndpointProxy.invoke(EndpointProxy.java:91)
	at com.sun.proxy.$Proxy66.shutdown(Unknown Source)
	at org.eclipse.lsp4e.LanguageServerWrapper.lambda$13(LanguageServerWrapper.java:423)
	... 7 more
Caused by: java.io.IOException: 파이프가 닫히는 중입니다
	at java.base/java.io.FileOutputStream.writeBytes(Native Method)
	at java.base/java.io.FileOutputStream.write(FileOutputStream.java:354)
	at java.base/java.io.BufferedOutputStream.flushBuffer(BufferedOutputStream.java:81)
	at java.base/java.io.BufferedOutputStream.flush(BufferedOutputStream.java:142)
	at org.eclipse.lsp4j.jsonrpc.json.StreamMessageConsumer.consume(StreamMessageConsumer.java:69)
	... 12 more

!ENTRY org.springframework.tooling.ls.eclipse.commons 1 0 2025-06-19 16:52:11.240
!MESSAGE SpringBootLanguageServer exists!

!ENTRY org.springframework.tooling.ls.eclipse.commons 1 0 2025-06-19 16:52:11.240
!MESSAGE DelegatingStreamConnectionProvider classloader = org.eclipse.osgi.internal.loader.EquinoxClassLoader@56fdb4db[org.springframework.tooling.boot.ls:1.28.0.202109130547(id=1001)]

!ENTRY org.springframework.tooling.ls.eclipse.commons 1 0 2025-06-19 16:52:11.240
!MESSAGE SpringBootLanguageServer exists!

!ENTRY org.springframework.tooling.ls.eclipse.commons 1 0 2025-06-19 16:52:11.240
!MESSAGE SpringBootLanguageServer exists!

!ENTRY org.springframework.tooling.ls.eclipse.commons 1 0 2025-06-19 16:52:11.240
!MESSAGE SpringBootLanguageServer exists!

!ENTRY org.springframework.tooling.ls.eclipse.commons 1 0 2025-06-19 16:52:11.240
!MESSAGE Entering DelegatingStreamConnectionProvider()

!ENTRY org.eclipse.lsp4e 4 0 2025-06-19 16:52:11.241
!MESSAGE org.eclipse.lsp4j.jsonrpc.JsonRpcException: java.io.IOException: 파이프가 닫히는 중입니다
!STACK 0
java.util.concurrent.ExecutionException: org.eclipse.lsp4j.jsonrpc.JsonRpcException: java.io.IOException: 파이프가 닫히는 중입니다
	at java.base/java.util.concurrent.CompletableFuture.reportGet(CompletableFuture.java:395)
	at java.base/java.util.concurrent.CompletableFuture.get(CompletableFuture.java:2028)
	at org.eclipse.lsp4e.LanguageServerWrapper.lambda$13(LanguageServerWrapper.java:425)
	at java.base/java.util.concurrent.CompletableFuture$AsyncRun.run(CompletableFuture.java:1736)
	at java.base/java.util.concurrent.CompletableFuture$AsyncRun.exec(CompletableFuture.java:1728)
	at java.base/java.util.concurrent.ForkJoinTask.doExec(ForkJoinTask.java:290)
	at java.base/java.util.concurrent.ForkJoinPool$WorkQueue.topLevelExec(ForkJoinPool.java:1020)
	at java.base/java.util.concurrent.ForkJoinPool.scan(ForkJoinPool.java:1656)
	at java.base/java.util.concurrent.ForkJoinPool.runWorker(ForkJoinPool.java:1594)
	at java.base/java.util.concurrent.ForkJoinWorkerThread.run(ForkJoinWorkerThread.java:183)
Caused by: org.eclipse.lsp4j.jsonrpc.JsonRpcException: java.io.IOException: 파이프가 닫히는 중입니다
	at org.eclipse.lsp4j.jsonrpc.json.StreamMessageConsumer.consume(StreamMessageConsumer.java:72)
	at org.eclipse.lsp4e.LanguageServerWrapper.lambda$4(LanguageServerWrapper.java:260)
	at org.eclipse.lsp4j.jsonrpc.RemoteEndpoint.request(RemoteEndpoint.java:161)
	at org.eclipse.lsp4j.jsonrpc.services.EndpointProxy.invoke(EndpointProxy.java:91)
	at com.sun.proxy.$Proxy66.shutdown(Unknown Source)
	at org.eclipse.lsp4e.LanguageServerWrapper.lambda$13(LanguageServerWrapper.java:423)
	... 7 more
Caused by: java.io.IOException: 파이프가 닫히는 중입니다
	at java.base/java.io.FileOutputStream.writeBytes(Native Method)
	at java.base/java.io.FileOutputStream.write(FileOutputStream.java:354)
	at java.base/java.io.BufferedOutputStream.flushBuffer(BufferedOutputStream.java:81)
	at java.base/java.io.BufferedOutputStream.flush(BufferedOutputStream.java:142)
	at org.eclipse.lsp4j.jsonrpc.json.StreamMessageConsumer.consume(StreamMessageConsumer.java:69)
	... 12 more

!ENTRY org.springframework.tooling.ls.eclipse.commons 1 0 2025-06-19 16:52:11.241
!MESSAGE DelegatingStreamConnectionProvider classloader = org.eclipse.osgi.internal.loader.EquinoxClassLoader@56fdb4db[org.springframework.tooling.boot.ls:1.28.0.202109130547(id=1001)]

!ENTRY org.springframework.tooling.ls.eclipse.commons 1 0 2025-06-19 16:52:11.241
!MESSAGE Entering DelegatingStreamConnectionProvider()

!ENTRY org.springframework.tooling.ls.eclipse.commons 1 0 2025-06-19 16:52:11.241
!MESSAGE DelegatingStreamConnectionProvider classloader = org.eclipse.osgi.internal.loader.EquinoxClassLoader@56fdb4db[org.springframework.tooling.boot.ls:1.28.0.202109130547(id=1001)]

!ENTRY org.eclipse.lsp4e 4 0 2025-06-19 16:52:11.241
!MESSAGE org.eclipse.lsp4j.jsonrpc.JsonRpcException: java.io.IOException: 파이프가 닫히는 중입니다
!STACK 0
java.util.concurrent.ExecutionException: org.eclipse.lsp4j.jsonrpc.JsonRpcException: java.io.IOException: 파이프가 닫히는 중입니다
	at java.base/java.util.concurrent.CompletableFuture.reportGet(CompletableFuture.java:395)
	at java.base/java.util.concurrent.CompletableFuture.get(CompletableFuture.java:2028)
	at org.eclipse.lsp4e.LanguageServerWrapper.lambda$13(LanguageServerWrapper.java:425)
	at java.base/java.util.concurrent.CompletableFuture$AsyncRun.run(CompletableFuture.java:1736)
	at java.base/java.util.concurrent.CompletableFuture$AsyncRun.exec(CompletableFuture.java:1728)
	at java.base/java.util.concurrent.ForkJoinTask.doExec(ForkJoinTask.java:290)
	at java.base/java.util.concurrent.ForkJoinPool$WorkQueue.topLevelExec(ForkJoinPool.java:1020)
	at java.base/java.util.concurrent.ForkJoinPool.scan(ForkJoinPool.java:1656)
	at java.base/java.util.concurrent.ForkJoinPool.runWorker(ForkJoinPool.java:1594)
	at java.base/java.util.concurrent.ForkJoinWorkerThread.run(ForkJoinWorkerThread.java:183)
Caused by: org.eclipse.lsp4j.jsonrpc.JsonRpcException: java.io.IOException: 파이프가 닫히는 중입니다
	at org.eclipse.lsp4j.jsonrpc.json.StreamMessageConsumer.consume(StreamMessageConsumer.java:72)
	at org.eclipse.lsp4e.LanguageServerWrapper.lambda$4(LanguageServerWrapper.java:260)
	at org.eclipse.lsp4j.jsonrpc.RemoteEndpoint.request(RemoteEndpoint.java:161)
	at org.eclipse.lsp4j.jsonrpc.services.EndpointProxy.invoke(EndpointProxy.java:91)
	at com.sun.proxy.$Proxy66.shutdown(Unknown Source)
	at org.eclipse.lsp4e.LanguageServerWrapper.lambda$13(LanguageServerWrapper.java:423)
	... 7 more
Caused by: java.io.IOException: 파이프가 닫히는 중입니다
	at java.base/java.io.FileOutputStream.writeBytes(Native Method)
	at java.base/java.io.FileOutputStream.write(FileOutputStream.java:354)
	at java.base/java.io.BufferedOutputStream.flushBuffer(BufferedOutputStream.java:81)
	at java.base/java.io.BufferedOutputStream.flush(BufferedOutputStream.java:142)
	at org.eclipse.lsp4j.jsonrpc.json.StreamMessageConsumer.consume(StreamMessageConsumer.java:69)
	... 12 more

!ENTRY org.eclipse.lsp4e 4 0 2025-06-19 16:52:11.241
!MESSAGE org.eclipse.lsp4j.jsonrpc.JsonRpcException: java.io.IOException: 파이프가 닫히는 중입니다
!STACK 0
java.util.concurrent.ExecutionException: org.eclipse.lsp4j.jsonrpc.JsonRpcException: java.io.IOException: 파이프가 닫히는 중입니다
	at java.base/java.util.concurrent.CompletableFuture.reportGet(CompletableFuture.java:395)
	at java.base/java.util.concurrent.CompletableFuture.get(CompletableFuture.java:2028)
	at org.eclipse.lsp4e.LanguageServerWrapper.lambda$13(LanguageServerWrapper.java:425)
	at java.base/java.util.concurrent.CompletableFuture$AsyncRun.run(CompletableFuture.java:1736)
	at java.base/java.util.concurrent.CompletableFuture$AsyncRun.exec(CompletableFuture.java:1728)
	at java.base/java.util.concurrent.ForkJoinTask.doExec(ForkJoinTask.java:290)
	at java.base/java.util.concurrent.ForkJoinPool$WorkQueue.topLevelExec(ForkJoinPool.java:1020)
	at java.base/java.util.concurrent.ForkJoinPool.scan(ForkJoinPool.java:1656)
	at java.base/java.util.concurrent.ForkJoinPool.runWorker(ForkJoinPool.java:1594)
	at java.base/java.util.concurrent.ForkJoinWorkerThread.run(ForkJoinWorkerThread.java:183)
Caused by: org.eclipse.lsp4j.jsonrpc.JsonRpcException: java.io.IOException: 파이프가 닫히는 중입니다
	at org.eclipse.lsp4j.jsonrpc.json.StreamMessageConsumer.consume(StreamMessageConsumer.java:72)
	at org.eclipse.lsp4e.LanguageServerWrapper.lambda$4(LanguageServerWrapper.java:260)
	at org.eclipse.lsp4j.jsonrpc.RemoteEndpoint.request(RemoteEndpoint.java:161)
	at org.eclipse.lsp4j.jsonrpc.services.EndpointProxy.invoke(EndpointProxy.java:91)
	at com.sun.proxy.$Proxy66.shutdown(Unknown Source)
	at org.eclipse.lsp4e.LanguageServerWrapper.lambda$13(LanguageServerWrapper.java:423)
	... 7 more
Caused by: java.io.IOException: 파이프가 닫히는 중입니다
	at java.base/java.io.FileOutputStream.writeBytes(Native Method)
	at java.base/java.io.FileOutputStream.write(FileOutputStream.java:354)
	at java.base/java.io.BufferedOutputStream.flushBuffer(BufferedOutputStream.java:81)
	at java.base/java.io.BufferedOutputStream.flush(BufferedOutputStream.java:142)
	at org.eclipse.lsp4j.jsonrpc.json.StreamMessageConsumer.consume(StreamMessageConsumer.java:69)
	... 12 more

!ENTRY org.springframework.tooling.ls.eclipse.commons 1 0 2025-06-19 16:52:11.242
!MESSAGE Entering DelegatingStreamConnectionProvider()

!ENTRY org.springframework.tooling.ls.eclipse.commons 1 0 2025-06-19 16:52:11.242
!MESSAGE SpringBootLanguageServer exists!

!ENTRY org.springframework.tooling.ls.eclipse.commons 1 0 2025-06-19 16:52:11.242
!MESSAGE DelegatingStreamConnectionProvider classloader = org.eclipse.osgi.internal.loader.EquinoxClassLoader@56fdb4db[org.springframework.tooling.boot.ls:1.28.0.202109130547(id=1001)]

!ENTRY org.springframework.tooling.ls.eclipse.commons 1 0 2025-06-19 16:52:11.242
!MESSAGE SpringBootLanguageServer exists!

!ENTRY org.springframework.tooling.ls.eclipse.commons 1 0 2025-06-19 16:52:11.242
!MESSAGE SpringBootLanguageServer exists!

!ENTRY org.eclipse.lsp4e 4 0 2025-06-19 16:52:11.242
!MESSAGE org.eclipse.lsp4j.jsonrpc.JsonRpcException: java.io.IOException: 파이프가 닫히는 중입니다
!STACK 0
java.util.concurrent.ExecutionException: org.eclipse.lsp4j.jsonrpc.JsonRpcException: java.io.IOException: 파이프가 닫히는 중입니다
	at java.base/java.util.concurrent.CompletableFuture.reportGet(CompletableFuture.java:395)
	at java.base/java.util.concurrent.CompletableFuture.get(CompletableFuture.java:2028)
	at org.eclipse.lsp4e.LanguageServerWrapper.lambda$13(LanguageServerWrapper.java:425)
	at java.base/java.util.concurrent.CompletableFuture$AsyncRun.run(CompletableFuture.java:1736)
	at java.base/java.util.concurrent.CompletableFuture$AsyncRun.exec(CompletableFuture.java:1728)
	at java.base/java.util.concurrent.ForkJoinTask.doExec(ForkJoinTask.java:290)
	at java.base/java.util.concurrent.ForkJoinPool$WorkQueue.topLevelExec(ForkJoinPool.java:1020)
	at java.base/java.util.concurrent.ForkJoinPool.scan(ForkJoinPool.java:1656)
	at java.base/java.util.concurrent.ForkJoinPool.runWorker(ForkJoinPool.java:1594)
	at java.base/java.util.concurrent.ForkJoinWorkerThread.run(ForkJoinWorkerThread.java:183)
Caused by: org.eclipse.lsp4j.jsonrpc.JsonRpcException: java.io.IOException: 파이프가 닫히는 중입니다
	at org.eclipse.lsp4j.jsonrpc.json.StreamMessageConsumer.consume(StreamMessageConsumer.java:72)
	at org.eclipse.lsp4e.LanguageServerWrapper.lambda$4(LanguageServerWrapper.java:260)
	at org.eclipse.lsp4j.jsonrpc.RemoteEndpoint.request(RemoteEndpoint.java:161)
	at org.eclipse.lsp4j.jsonrpc.services.EndpointProxy.invoke(EndpointProxy.java:91)
	at com.sun.proxy.$Proxy66.shutdown(Unknown Source)
	at org.eclipse.lsp4e.LanguageServerWrapper.lambda$13(LanguageServerWrapper.java:423)
	... 7 more
Caused by: java.io.IOException: 파이프가 닫히는 중입니다
	at java.base/java.io.FileOutputStream.writeBytes(Native Method)
	at java.base/java.io.FileOutputStream.write(FileOutputStream.java:354)
	at java.base/java.io.BufferedOutputStream.flushBuffer(BufferedOutputStream.java:81)
	at java.base/java.io.BufferedOutputStream.flush(BufferedOutputStream.java:142)
	at org.eclipse.lsp4j.jsonrpc.json.StreamMessageConsumer.consume(StreamMessageConsumer.java:69)
	... 12 more

!ENTRY org.springframework.tooling.ls.eclipse.commons 1 0 2025-06-19 16:52:11.243
!MESSAGE DelegatingStreamConnectionProvider classloader = org.eclipse.osgi.internal.loader.EquinoxClassLoader@56fdb4db[org.springframework.tooling.boot.ls:1.28.0.202109130547(id=1001)]

!ENTRY org.springframework.tooling.ls.eclipse.commons 1 0 2025-06-19 16:52:11.243
!MESSAGE Entering DelegatingStreamConnectionProvider()

!ENTRY org.eclipse.lsp4e 4 0 2025-06-19 16:52:11.243
!MESSAGE org.eclipse.lsp4j.jsonrpc.JsonRpcException: java.io.IOException: 파이프가 닫히는 중입니다
!STACK 0
java.util.concurrent.ExecutionException: org.eclipse.lsp4j.jsonrpc.JsonRpcException: java.io.IOException: 파이프가 닫히는 중입니다
	at java.base/java.util.concurrent.CompletableFuture.reportGet(CompletableFuture.java:395)
	at java.base/java.util.concurrent.CompletableFuture.get(CompletableFuture.java:2028)
	at org.eclipse.lsp4e.LanguageServerWrapper.lambda$13(LanguageServerWrapper.java:425)
	at java.base/java.util.concurrent.CompletableFuture$AsyncRun.run(CompletableFuture.java:1736)
	at java.base/java.util.concurrent.CompletableFuture$AsyncRun.exec(CompletableFuture.java:1728)
	at java.base/java.util.concurrent.ForkJoinTask.doExec(ForkJoinTask.java:290)
	at java.base/java.util.concurrent.ForkJoinPool$WorkQueue.topLevelExec(ForkJoinPool.java:1020)
	at java.base/java.util.concurrent.ForkJoinPool.scan(ForkJoinPool.java:1656)
	at java.base/java.util.concurrent.ForkJoinPool.runWorker(ForkJoinPool.java:1594)
	at java.base/java.util.concurrent.ForkJoinWorkerThread.run(ForkJoinWorkerThread.java:183)
Caused by: org.eclipse.lsp4j.jsonrpc.JsonRpcException: java.io.IOException: 파이프가 닫히는 중입니다
	at org.eclipse.lsp4j.jsonrpc.json.StreamMessageConsumer.consume(StreamMessageConsumer.java:72)
	at org.eclipse.lsp4e.LanguageServerWrapper.lambda$4(LanguageServerWrapper.java:260)
	at org.eclipse.lsp4j.jsonrpc.RemoteEndpoint.request(RemoteEndpoint.java:161)
	at org.eclipse.lsp4j.jsonrpc.services.EndpointProxy.invoke(EndpointProxy.java:91)
	at com.sun.proxy.$Proxy66.shutdown(Unknown Source)
	at org.eclipse.lsp4e.LanguageServerWrapper.lambda$13(LanguageServerWrapper.java:423)
	... 7 more
Caused by: java.io.IOException: 파이프가 닫히는 중입니다
	at java.base/java.io.FileOutputStream.writeBytes(Native Method)
	at java.base/java.io.FileOutputStream.write(FileOutputStream.java:354)
	at java.base/java.io.BufferedOutputStream.flushBuffer(BufferedOutputStream.java:81)
	at java.base/java.io.BufferedOutputStream.flush(BufferedOutputStream.java:142)
	at org.eclipse.lsp4j.jsonrpc.json.StreamMessageConsumer.consume(StreamMessageConsumer.java:69)
	... 12 more

!ENTRY org.springframework.tooling.ls.eclipse.commons 1 0 2025-06-19 16:52:11.243
!MESSAGE SpringBootLanguageServer exists!

!ENTRY org.springframework.tooling.ls.eclipse.commons 1 0 2025-06-19 16:52:11.243
!MESSAGE DelegatingStreamConnectionProvider classloader = org.eclipse.osgi.internal.loader.EquinoxClassLoader@56fdb4db[org.springframework.tooling.boot.ls:1.28.0.202109130547(id=1001)]

!ENTRY org.springframework.tooling.ls.eclipse.commons 1 0 2025-06-19 16:52:11.243
!MESSAGE Entering DelegatingStreamConnectionProvider()

!ENTRY org.springframework.tooling.ls.eclipse.commons 1 0 2025-06-19 16:52:11.243
!MESSAGE SpringBootLanguageServer exists!

!ENTRY org.springframework.tooling.ls.eclipse.commons 1 0 2025-06-19 16:52:11.244
!MESSAGE DelegatingStreamConnectionProvider classloader = org.eclipse.osgi.internal.loader.EquinoxClassLoader@56fdb4db[org.springframework.tooling.boot.ls:1.28.0.202109130547(id=1001)]

!ENTRY org.springframework.tooling.ls.eclipse.commons 1 0 2025-06-19 16:52:11.244
!MESSAGE SpringBootLanguageServer exists!

!ENTRY org.eclipse.lsp4e 4 0 2025-06-19 16:52:11.245
!MESSAGE org.eclipse.lsp4j.jsonrpc.JsonRpcException: java.io.IOException: 파이프가 닫히는 중입니다
!STACK 0
java.util.concurrent.ExecutionException: org.eclipse.lsp4j.jsonrpc.JsonRpcException: java.io.IOException: 파이프가 닫히는 중입니다
	at java.base/java.util.concurrent.CompletableFuture.reportGet(CompletableFuture.java:395)
	at java.base/java.util.concurrent.CompletableFuture.get(CompletableFuture.java:2028)
	at org.eclipse.lsp4e.LanguageServerWrapper.lambda$13(LanguageServerWrapper.java:425)
	at java.base/java.util.concurrent.CompletableFuture$AsyncRun.run(CompletableFuture.java:1736)
	at java.base/java.util.concurrent.CompletableFuture$AsyncRun.exec(CompletableFuture.java:1728)
	at java.base/java.util.concurrent.ForkJoinTask.doExec(ForkJoinTask.java:290)
	at java.base/java.util.concurrent.ForkJoinPool$WorkQueue.topLevelExec(ForkJoinPool.java:1020)
	at java.base/java.util.concurrent.ForkJoinPool.scan(ForkJoinPool.java:1656)
	at java.base/java.util.concurrent.ForkJoinPool.runWorker(ForkJoinPool.java:1594)
	at java.base/java.util.concurrent.ForkJoinWorkerThread.run(ForkJoinWorkerThread.java:183)
Caused by: org.eclipse.lsp4j.jsonrpc.JsonRpcException: java.io.IOException: 파이프가 닫히는 중입니다
	at org.eclipse.lsp4j.jsonrpc.json.StreamMessageConsumer.consume(StreamMessageConsumer.java:72)
	at org.eclipse.lsp4e.LanguageServerWrapper.lambda$4(LanguageServerWrapper.java:260)
	at org.eclipse.lsp4j.jsonrpc.RemoteEndpoint.request(RemoteEndpoint.java:161)
	at org.eclipse.lsp4j.jsonrpc.services.EndpointProxy.invoke(EndpointProxy.java:91)
	at com.sun.proxy.$Proxy66.shutdown(Unknown Source)
	at org.eclipse.lsp4e.LanguageServerWrapper.lambda$13(LanguageServerWrapper.java:423)
	... 7 more
Caused by: java.io.IOException: 파이프가 닫히는 중입니다
	at java.base/java.io.FileOutputStream.writeBytes(Native Method)
	at java.base/java.io.FileOutputStream.write(FileOutputStream.java:354)
	at java.base/java.io.BufferedOutputStream.flushBuffer(BufferedOutputStream.java:81)
	at java.base/java.io.BufferedOutputStream.flush(BufferedOutputStream.java:142)
	at org.eclipse.lsp4j.jsonrpc.json.StreamMessageConsumer.consume(StreamMessageConsumer.java:69)
	... 12 more

!ENTRY org.springframework.tooling.ls.eclipse.commons 1 0 2025-06-19 16:52:11.245
!MESSAGE Entering DelegatingStreamConnectionProvider()

!ENTRY org.springframework.tooling.ls.eclipse.commons 1 0 2025-06-19 16:52:11.245
!MESSAGE DelegatingStreamConnectionProvider classloader = org.eclipse.osgi.internal.loader.EquinoxClassLoader@56fdb4db[org.springframework.tooling.boot.ls:1.28.0.202109130547(id=1001)]

!ENTRY org.springframework.tooling.ls.eclipse.commons 1 0 2025-06-19 16:52:11.245
!MESSAGE SpringBootLanguageServer exists!

!ENTRY org.eclipse.lsp4e 4 0 2025-06-19 16:52:11.246
!MESSAGE org.eclipse.lsp4j.jsonrpc.JsonRpcException: java.io.IOException: 파이프가 닫히는 중입니다
!STACK 0
java.util.concurrent.ExecutionException: org.eclipse.lsp4j.jsonrpc.JsonRpcException: java.io.IOException: 파이프가 닫히는 중입니다
	at java.base/java.util.concurrent.CompletableFuture.reportGet(CompletableFuture.java:395)
	at java.base/java.util.concurrent.CompletableFuture.get(CompletableFuture.java:2028)
	at org.eclipse.lsp4e.LanguageServerWrapper.lambda$13(LanguageServerWrapper.java:425)
	at java.base/java.util.concurrent.CompletableFuture$AsyncRun.run(CompletableFuture.java:1736)
	at java.base/java.util.concurrent.CompletableFuture$AsyncRun.exec(CompletableFuture.java:1728)
	at java.base/java.util.concurrent.ForkJoinTask.doExec(ForkJoinTask.java:290)
	at java.base/java.util.concurrent.ForkJoinPool$WorkQueue.topLevelExec(ForkJoinPool.java:1020)
	at java.base/java.util.concurrent.ForkJoinPool.scan(ForkJoinPool.java:1656)
	at java.base/java.util.concurrent.ForkJoinPool.runWorker(ForkJoinPool.java:1594)
	at java.base/java.util.concurrent.ForkJoinWorkerThread.run(ForkJoinWorkerThread.java:183)
Caused by: org.eclipse.lsp4j.jsonrpc.JsonRpcException: java.io.IOException: 파이프가 닫히는 중입니다
	at org.eclipse.lsp4j.jsonrpc.json.StreamMessageConsumer.consume(StreamMessageConsumer.java:72)
	at org.eclipse.lsp4e.LanguageServerWrapper.lambda$4(LanguageServerWrapper.java:260)
	at org.eclipse.lsp4j.jsonrpc.RemoteEndpoint.request(RemoteEndpoint.java:161)
	at org.eclipse.lsp4j.jsonrpc.services.EndpointProxy.invoke(EndpointProxy.java:91)
	at com.sun.proxy.$Proxy66.shutdown(Unknown Source)
	at org.eclipse.lsp4e.LanguageServerWrapper.lambda$13(LanguageServerWrapper.java:423)
	... 7 more
Caused by: java.io.IOException: 파이프가 닫히는 중입니다
	at java.base/java.io.FileOutputStream.writeBytes(Native Method)
	at java.base/java.io.FileOutputStream.write(FileOutputStream.java:354)
	at java.base/java.io.BufferedOutputStream.flushBuffer(BufferedOutputStream.java:81)
	at java.base/java.io.BufferedOutputStream.flush(BufferedOutputStream.java:142)
	at org.eclipse.lsp4j.jsonrpc.json.StreamMessageConsumer.consume(StreamMessageConsumer.java:69)
	... 12 more

!ENTRY org.springframework.tooling.ls.eclipse.commons 1 0 2025-06-19 16:52:11.246
!MESSAGE Entering DelegatingStreamConnectionProvider()

!ENTRY org.springframework.tooling.ls.eclipse.commons 1 0 2025-06-19 16:52:11.246
!MESSAGE DelegatingStreamConnectionProvider classloader = org.eclipse.osgi.internal.loader.EquinoxClassLoader@56fdb4db[org.springframework.tooling.boot.ls:1.28.0.202109130547(id=1001)]

!ENTRY org.eclipse.lsp4e 4 0 2025-06-19 16:52:11.247
!MESSAGE org.eclipse.lsp4j.jsonrpc.JsonRpcException: java.io.IOException: 파이프가 닫히는 중입니다
!STACK 0
java.util.concurrent.ExecutionException: org.eclipse.lsp4j.jsonrpc.JsonRpcException: java.io.IOException: 파이프가 닫히는 중입니다
	at java.base/java.util.concurrent.CompletableFuture.reportGet(CompletableFuture.java:395)
	at java.base/java.util.concurrent.CompletableFuture.get(CompletableFuture.java:2028)
	at org.eclipse.lsp4e.LanguageServerWrapper.lambda$13(LanguageServerWrapper.java:425)
	at java.base/java.util.concurrent.CompletableFuture$AsyncRun.run(CompletableFuture.java:1736)
	at java.base/java.util.concurrent.CompletableFuture$AsyncRun.exec(CompletableFuture.java:1728)
	at java.base/java.util.concurrent.ForkJoinTask.doExec(ForkJoinTask.java:290)
	at java.base/java.util.concurrent.ForkJoinPool$WorkQueue.topLevelExec(ForkJoinPool.java:1020)
	at java.base/java.util.concurrent.ForkJoinPool.scan(ForkJoinPool.java:1656)
	at java.base/java.util.concurrent.ForkJoinPool.runWorker(ForkJoinPool.java:1594)
	at java.base/java.util.concurrent.ForkJoinWorkerThread.run(ForkJoinWorkerThread.java:183)
Caused by: org.eclipse.lsp4j.jsonrpc.JsonRpcException: java.io.IOException: 파이프가 닫히는 중입니다
	at org.eclipse.lsp4j.jsonrpc.json.StreamMessageConsumer.consume(StreamMessageConsumer.java:72)
	at org.eclipse.lsp4e.LanguageServerWrapper.lambda$4(LanguageServerWrapper.java:260)
	at org.eclipse.lsp4j.jsonrpc.RemoteEndpoint.request(RemoteEndpoint.java:161)
	at org.eclipse.lsp4j.jsonrpc.services.EndpointProxy.invoke(EndpointProxy.java:91)
	at com.sun.proxy.$Proxy66.shutdown(Unknown Source)
	at org.eclipse.lsp4e.LanguageServerWrapper.lambda$13(LanguageServerWrapper.java:423)
	... 7 more
Caused by: java.io.IOException: 파이프가 닫히는 중입니다
	at java.base/java.io.FileOutputStream.writeBytes(Native Method)
	at java.base/java.io.FileOutputStream.write(FileOutputStream.java:354)
	at java.base/java.io.BufferedOutputStream.flushBuffer(BufferedOutputStream.java:81)
	at java.base/java.io.BufferedOutputStream.flush(BufferedOutputStream.java:142)
	at org.eclipse.lsp4j.jsonrpc.json.StreamMessageConsumer.consume(StreamMessageConsumer.java:69)
	... 12 more

!ENTRY org.springframework.tooling.ls.eclipse.commons 1 0 2025-06-19 16:52:11.247
!MESSAGE SpringBootLanguageServer exists!

!ENTRY org.springframework.tooling.ls.eclipse.commons 1 0 2025-06-19 16:52:11.247
!MESSAGE Entering DelegatingStreamConnectionProvider()

!ENTRY org.springframework.tooling.ls.eclipse.commons 1 0 2025-06-19 16:52:11.247
!MESSAGE DelegatingStreamConnectionProvider classloader = org.eclipse.osgi.internal.loader.EquinoxClassLoader@56fdb4db[org.springframework.tooling.boot.ls:1.28.0.202109130547(id=1001)]

!ENTRY org.springframework.tooling.ls.eclipse.commons 1 0 2025-06-19 16:52:11.248
!MESSAGE SpringBootLanguageServer exists!

!ENTRY org.eclipse.lsp4e 4 0 2025-06-19 16:52:11.248
!MESSAGE org.eclipse.lsp4j.jsonrpc.JsonRpcException: java.io.IOException: 파이프가 닫히는 중입니다
!STACK 0
java.util.concurrent.ExecutionException: org.eclipse.lsp4j.jsonrpc.JsonRpcException: java.io.IOException: 파이프가 닫히는 중입니다
	at java.base/java.util.concurrent.CompletableFuture.reportGet(CompletableFuture.java:395)
	at java.base/java.util.concurrent.CompletableFuture.get(CompletableFuture.java:2028)
	at org.eclipse.lsp4e.LanguageServerWrapper.lambda$13(LanguageServerWrapper.java:425)
	at java.base/java.util.concurrent.CompletableFuture$AsyncRun.run(CompletableFuture.java:1736)
	at java.base/java.util.concurrent.CompletableFuture$AsyncRun.exec(CompletableFuture.java:1728)
	at java.base/java.util.concurrent.ForkJoinTask.doExec(ForkJoinTask.java:290)
	at java.base/java.util.concurrent.ForkJoinPool$WorkQueue.topLevelExec(ForkJoinPool.java:1020)
	at java.base/java.util.concurrent.ForkJoinPool.scan(ForkJoinPool.java:1656)
	at java.base/java.util.concurrent.ForkJoinPool.runWorker(ForkJoinPool.java:1594)
	at java.base/java.util.concurrent.ForkJoinWorkerThread.run(ForkJoinWorkerThread.java:183)
Caused by: org.eclipse.lsp4j.jsonrpc.JsonRpcException: java.io.IOException: 파이프가 닫히는 중입니다
	at org.eclipse.lsp4j.jsonrpc.json.StreamMessageConsumer.consume(StreamMessageConsumer.java:72)
	at org.eclipse.lsp4e.LanguageServerWrapper.lambda$4(LanguageServerWrapper.java:260)
	at org.eclipse.lsp4j.jsonrpc.RemoteEndpoint.request(RemoteEndpoint.java:161)
	at org.eclipse.lsp4j.jsonrpc.services.EndpointProxy.invoke(EndpointProxy.java:91)
	at com.sun.proxy.$Proxy66.shutdown(Unknown Source)
	at org.eclipse.lsp4e.LanguageServerWrapper.lambda$13(LanguageServerWrapper.java:423)
	... 7 more
Caused by: java.io.IOException: 파이프가 닫히는 중입니다
	at java.base/java.io.FileOutputStream.writeBytes(Native Method)
	at java.base/java.io.FileOutputStream.write(FileOutputStream.java:354)
	at java.base/java.io.BufferedOutputStream.flushBuffer(BufferedOutputStream.java:81)
	at java.base/java.io.BufferedOutputStream.flush(BufferedOutputStream.java:142)
	at org.eclipse.lsp4j.jsonrpc.json.StreamMessageConsumer.consume(StreamMessageConsumer.java:69)
	... 12 more

!ENTRY org.springframework.tooling.ls.eclipse.commons 1 0 2025-06-19 16:52:11.248
!MESSAGE Entering DelegatingStreamConnectionProvider()

!ENTRY org.springframework.tooling.ls.eclipse.commons 1 0 2025-06-19 16:52:11.249
!MESSAGE DelegatingStreamConnectionProvider classloader = org.eclipse.osgi.internal.loader.EquinoxClassLoader@56fdb4db[org.springframework.tooling.boot.ls:1.28.0.202109130547(id=1001)]

!ENTRY org.springframework.tooling.ls.eclipse.commons 1 0 2025-06-19 16:52:11.249
!MESSAGE SpringBootLanguageServer exists!

!ENTRY org.eclipse.lsp4e 4 0 2025-06-19 16:52:11.249
!MESSAGE org.eclipse.lsp4j.jsonrpc.JsonRpcException: java.io.IOException: 파이프가 닫히는 중입니다
!STACK 0
java.util.concurrent.ExecutionException: org.eclipse.lsp4j.jsonrpc.JsonRpcException: java.io.IOException: 파이프가 닫히는 중입니다
	at java.base/java.util.concurrent.CompletableFuture.reportGet(CompletableFuture.java:395)
	at java.base/java.util.concurrent.CompletableFuture.get(CompletableFuture.java:2028)
	at org.eclipse.lsp4e.LanguageServerWrapper.lambda$13(LanguageServerWrapper.java:425)
	at java.base/java.util.concurrent.CompletableFuture$AsyncRun.run(CompletableFuture.java:1736)
	at java.base/java.util.concurrent.CompletableFuture$AsyncRun.exec(CompletableFuture.java:1728)
	at java.base/java.util.concurrent.ForkJoinTask.doExec(ForkJoinTask.java:290)
	at java.base/java.util.concurrent.ForkJoinPool$WorkQueue.helpAsyncBlocker(ForkJoinPool.java:1144)
	at java.base/java.util.concurrent.ForkJoinPool.helpAsyncBlocker(ForkJoinPool.java:3151)
	at java.base/java.util.concurrent.CompletableFuture.timedGet(CompletableFuture.java:1865)
	at java.base/java.util.concurrent.CompletableFuture.get(CompletableFuture.java:2027)
	at org.eclipse.lsp4e.LanguageServerWrapper.getServerCapabilities(LanguageServerWrapper.java:699)
	at org.eclipse.lsp4e.LanguageServiceAccessor.lambda$15(LanguageServiceAccessor.java:590)
	at java.base/java.util.concurrent.CompletableFuture$UniCompose.tryFire(CompletableFuture.java:1072)
	at java.base/java.util.concurrent.CompletableFuture$Completion.exec(CompletableFuture.java:479)
	at java.base/java.util.concurrent.ForkJoinTask.doExec(ForkJoinTask.java:290)
	at java.base/java.util.concurrent.ForkJoinPool$WorkQueue.topLevelExec(ForkJoinPool.java:1020)
	at java.base/java.util.concurrent.ForkJoinPool.scan(ForkJoinPool.java:1656)
	at java.base/java.util.concurrent.ForkJoinPool.runWorker(ForkJoinPool.java:1594)
	at java.base/java.util.concurrent.ForkJoinWorkerThread.run(ForkJoinWorkerThread.java:183)
Caused by: org.eclipse.lsp4j.jsonrpc.JsonRpcException: java.io.IOException: 파이프가 닫히는 중입니다
	at org.eclipse.lsp4j.jsonrpc.json.StreamMessageConsumer.consume(StreamMessageConsumer.java:72)
	at org.eclipse.lsp4e.LanguageServerWrapper.lambda$4(LanguageServerWrapper.java:260)
	at org.eclipse.lsp4j.jsonrpc.RemoteEndpoint.request(RemoteEndpoint.java:161)
	at org.eclipse.lsp4j.jsonrpc.services.EndpointProxy.invoke(EndpointProxy.java:91)
	at com.sun.proxy.$Proxy66.shutdown(Unknown Source)
	at org.eclipse.lsp4e.LanguageServerWrapper.lambda$13(LanguageServerWrapper.java:423)
	... 16 more
Caused by: java.io.IOException: 파이프가 닫히는 중입니다
	at java.base/java.io.FileOutputStream.writeBytes(Native Method)
	at java.base/java.io.FileOutputStream.write(FileOutputStream.java:354)
	at java.base/java.io.BufferedOutputStream.flushBuffer(BufferedOutputStream.java:81)
	at java.base/java.io.BufferedOutputStream.flush(BufferedOutputStream.java:142)
	at org.eclipse.lsp4j.jsonrpc.json.StreamMessageConsumer.consume(StreamMessageConsumer.java:69)
	... 21 more

!ENTRY org.eclipse.lsp4e 4 0 2025-06-19 16:52:11.250
!MESSAGE org.eclipse.lsp4j.jsonrpc.JsonRpcException: java.io.IOException: 파이프가 닫히는 중입니다
!STACK 0
java.util.concurrent.ExecutionException: org.eclipse.lsp4j.jsonrpc.JsonRpcException: java.io.IOException: 파이프가 닫히는 중입니다
	at java.base/java.util.concurrent.CompletableFuture.reportGet(CompletableFuture.java:395)
	at java.base/java.util.concurrent.CompletableFuture.get(CompletableFuture.java:2028)
	at org.eclipse.lsp4e.LanguageServerWrapper.lambda$13(LanguageServerWrapper.java:425)
	at java.base/java.util.concurrent.CompletableFuture$AsyncRun.run(CompletableFuture.java:1736)
	at java.base/java.util.concurrent.CompletableFuture$AsyncRun.exec(CompletableFuture.java:1728)
	at java.base/java.util.concurrent.ForkJoinTask.doExec(ForkJoinTask.java:290)
	at java.base/java.util.concurrent.ForkJoinPool$WorkQueue.helpAsyncBlocker(ForkJoinPool.java:1144)
	at java.base/java.util.concurrent.ForkJoinPool.helpAsyncBlocker(ForkJoinPool.java:3151)
	at java.base/java.util.concurrent.CompletableFuture.timedGet(CompletableFuture.java:1865)
	at java.base/java.util.concurrent.CompletableFuture.get(CompletableFuture.java:2027)
	at org.eclipse.lsp4e.LanguageServerWrapper.getServerCapabilities(LanguageServerWrapper.java:699)
	at org.eclipse.lsp4e.LanguageServiceAccessor.lambda$15(LanguageServiceAccessor.java:590)
	at java.base/java.util.concurrent.CompletableFuture$UniCompose.tryFire(CompletableFuture.java:1072)
	at java.base/java.util.concurrent.CompletableFuture$Completion.exec(CompletableFuture.java:479)
	at java.base/java.util.concurrent.ForkJoinTask.doExec(ForkJoinTask.java:290)
	at java.base/java.util.concurrent.ForkJoinPool$WorkQueue.topLevelExec(ForkJoinPool.java:1020)
	at java.base/java.util.concurrent.ForkJoinPool.scan(ForkJoinPool.java:1656)
	at java.base/java.util.concurrent.ForkJoinPool.runWorker(ForkJoinPool.java:1594)
	at java.base/java.util.concurrent.ForkJoinWorkerThread.run(ForkJoinWorkerThread.java:183)
Caused by: org.eclipse.lsp4j.jsonrpc.JsonRpcException: java.io.IOException: 파이프가 닫히는 중입니다
	at org.eclipse.lsp4j.jsonrpc.json.StreamMessageConsumer.consume(StreamMessageConsumer.java:72)
	at org.eclipse.lsp4e.LanguageServerWrapper.lambda$4(LanguageServerWrapper.java:260)
	at org.eclipse.lsp4j.jsonrpc.RemoteEndpoint.request(RemoteEndpoint.java:161)
	at org.eclipse.lsp4j.jsonrpc.services.EndpointProxy.invoke(EndpointProxy.java:91)
	at com.sun.proxy.$Proxy66.shutdown(Unknown Source)
	at org.eclipse.lsp4e.LanguageServerWrapper.lambda$13(LanguageServerWrapper.java:423)
	... 16 more
Caused by: java.io.IOException: 파이프가 닫히는 중입니다
	at java.base/java.io.FileOutputStream.writeBytes(Native Method)
	at java.base/java.io.FileOutputStream.write(FileOutputStream.java:354)
	at java.base/java.io.BufferedOutputStream.flushBuffer(BufferedOutputStream.java:81)
	at java.base/java.io.BufferedOutputStream.flush(BufferedOutputStream.java:142)
	at org.eclipse.lsp4j.jsonrpc.json.StreamMessageConsumer.consume(StreamMessageConsumer.java:69)
	... 21 more

!ENTRY org.springframework.tooling.ls.eclipse.commons 1 0 2025-06-19 16:52:11.251
!MESSAGE Entering DelegatingStreamConnectionProvider()

!ENTRY org.eclipse.lsp4e 4 0 2025-06-19 16:52:11.251
!MESSAGE org.eclipse.lsp4j.jsonrpc.JsonRpcException: java.io.IOException: 파이프가 닫히는 중입니다
!STACK 0
java.util.concurrent.ExecutionException: org.eclipse.lsp4j.jsonrpc.JsonRpcException: java.io.IOException: 파이프가 닫히는 중입니다
	at java.base/java.util.concurrent.CompletableFuture.reportGet(CompletableFuture.java:395)
	at java.base/java.util.concurrent.CompletableFuture.get(CompletableFuture.java:2028)
	at org.eclipse.lsp4e.LanguageServerWrapper.lambda$13(LanguageServerWrapper.java:425)
	at java.base/java.util.concurrent.CompletableFuture$AsyncRun.run(CompletableFuture.java:1736)
	at java.base/java.util.concurrent.CompletableFuture$AsyncRun.exec(CompletableFuture.java:1728)
	at java.base/java.util.concurrent.ForkJoinTask.doExec(ForkJoinTask.java:290)
	at java.base/java.util.concurrent.ForkJoinPool$WorkQueue.topLevelExec(ForkJoinPool.java:1020)
	at java.base/java.util.concurrent.ForkJoinPool.scan(ForkJoinPool.java:1656)
	at java.base/java.util.concurrent.ForkJoinPool.runWorker(ForkJoinPool.java:1594)
	at java.base/java.util.concurrent.ForkJoinWorkerThread.run(ForkJoinWorkerThread.java:183)
Caused by: org.eclipse.lsp4j.jsonrpc.JsonRpcException: java.io.IOException: 파이프가 닫히는 중입니다
	at org.eclipse.lsp4j.jsonrpc.json.StreamMessageConsumer.consume(StreamMessageConsumer.java:72)
	at org.eclipse.lsp4e.LanguageServerWrapper.lambda$4(LanguageServerWrapper.java:260)
	at org.eclipse.lsp4j.jsonrpc.RemoteEndpoint.request(RemoteEndpoint.java:161)
	at org.eclipse.lsp4j.jsonrpc.services.EndpointProxy.invoke(EndpointProxy.java:91)
	at com.sun.proxy.$Proxy66.shutdown(Unknown Source)
	at org.eclipse.lsp4e.LanguageServerWrapper.lambda$13(LanguageServerWrapper.java:423)
	... 7 more
Caused by: java.io.IOException: 파이프가 닫히는 중입니다
	at java.base/java.io.FileOutputStream.writeBytes(Native Method)
	at java.base/java.io.FileOutputStream.write(FileOutputStream.java:354)
	at java.base/java.io.BufferedOutputStream.flushBuffer(BufferedOutputStream.java:81)
	at java.base/java.io.BufferedOutputStream.flush(BufferedOutputStream.java:142)
	at org.eclipse.lsp4j.jsonrpc.json.StreamMessageConsumer.consume(StreamMessageConsumer.java:69)
	... 12 more

!ENTRY org.springframework.tooling.ls.eclipse.commons 1 0 2025-06-19 16:52:11.251
!MESSAGE DelegatingStreamConnectionProvider classloader = org.eclipse.osgi.internal.loader.EquinoxClassLoader@56fdb4db[org.springframework.tooling.boot.ls:1.28.0.202109130547(id=1001)]

!ENTRY org.springframework.tooling.ls.eclipse.commons 1 0 2025-06-19 16:52:11.251
!MESSAGE SpringBootLanguageServer exists!

!ENTRY org.springframework.tooling.ls.eclipse.commons 1 0 2025-06-19 16:52:11.251
!MESSAGE Entering DelegatingStreamConnectionProvider()

!ENTRY org.springframework.tooling.ls.eclipse.commons 1 0 2025-06-19 16:52:11.252
!MESSAGE DelegatingStreamConnectionProvider classloader = org.eclipse.osgi.internal.loader.EquinoxClassLoader@56fdb4db[org.springframework.tooling.boot.ls:1.28.0.202109130547(id=1001)]

!ENTRY org.springframework.tooling.ls.eclipse.commons 1 0 2025-06-19 16:52:11.252
!MESSAGE SpringBootLanguageServer exists!

!ENTRY org.eclipse.lsp4e 4 0 2025-06-19 16:52:11.252
!MESSAGE org.eclipse.lsp4j.jsonrpc.JsonRpcException: java.io.IOException: 파이프가 닫히는 중입니다
!STACK 0
java.util.concurrent.ExecutionException: org.eclipse.lsp4j.jsonrpc.JsonRpcException: java.io.IOException: 파이프가 닫히는 중입니다
	at java.base/java.util.concurrent.CompletableFuture.reportGet(CompletableFuture.java:395)
	at java.base/java.util.concurrent.CompletableFuture.get(CompletableFuture.java:2028)
	at org.eclipse.lsp4e.LanguageServerWrapper.lambda$13(LanguageServerWrapper.java:425)
	at java.base/java.util.concurrent.CompletableFuture$AsyncRun.run(CompletableFuture.java:1736)
	at java.base/java.util.concurrent.CompletableFuture$AsyncRun.exec(CompletableFuture.java:1728)
	at java.base/java.util.concurrent.ForkJoinTask.doExec(ForkJoinTask.java:290)
	at java.base/java.util.concurrent.ForkJoinPool$WorkQueue.topLevelExec(ForkJoinPool.java:1020)
	at java.base/java.util.concurrent.ForkJoinPool.scan(ForkJoinPool.java:1656)
	at java.base/java.util.concurrent.ForkJoinPool.runWorker(ForkJoinPool.java:1594)
	at java.base/java.util.concurrent.ForkJoinWorkerThread.run(ForkJoinWorkerThread.java:183)
Caused by: org.eclipse.lsp4j.jsonrpc.JsonRpcException: java.io.IOException: 파이프가 닫히는 중입니다
	at org.eclipse.lsp4j.jsonrpc.json.StreamMessageConsumer.consume(StreamMessageConsumer.java:72)
	at org.eclipse.lsp4e.LanguageServerWrapper.lambda$4(LanguageServerWrapper.java:260)
	at org.eclipse.lsp4j.jsonrpc.RemoteEndpoint.request(RemoteEndpoint.java:161)
	at org.eclipse.lsp4j.jsonrpc.services.EndpointProxy.invoke(EndpointProxy.java:91)
	at com.sun.proxy.$Proxy66.shutdown(Unknown Source)
	at org.eclipse.lsp4e.LanguageServerWrapper.lambda$13(LanguageServerWrapper.java:423)
	... 7 more
Caused by: java.io.IOException: 파이프가 닫히는 중입니다
	at java.base/java.io.FileOutputStream.writeBytes(Native Method)
	at java.base/java.io.FileOutputStream.write(FileOutputStream.java:354)
	at java.base/java.io.BufferedOutputStream.flushBuffer(BufferedOutputStream.java:81)
	at java.base/java.io.BufferedOutputStream.flush(BufferedOutputStream.java:142)
	at org.eclipse.lsp4j.jsonrpc.json.StreamMessageConsumer.consume(StreamMessageConsumer.java:69)
	... 12 more

!ENTRY org.springframework.tooling.ls.eclipse.commons 1 0 2025-06-19 16:52:11.253
!MESSAGE Entering DelegatingStreamConnectionProvider()

!ENTRY org.springframework.tooling.ls.eclipse.commons 1 0 2025-06-19 16:52:11.253
!MESSAGE DelegatingStreamConnectionProvider classloader = org.eclipse.osgi.internal.loader.EquinoxClassLoader@56fdb4db[org.springframework.tooling.boot.ls:1.28.0.202109130547(id=1001)]

!ENTRY org.springframework.tooling.ls.eclipse.commons 1 0 2025-06-19 16:52:11.253
!MESSAGE SpringBootLanguageServer exists!

!ENTRY org.eclipse.lsp4e 4 0 2025-06-19 16:52:11.255
!MESSAGE org.eclipse.lsp4j.jsonrpc.JsonRpcException: java.io.IOException: 파이프가 닫히는 중입니다
!STACK 0
java.util.concurrent.ExecutionException: org.eclipse.lsp4j.jsonrpc.JsonRpcException: java.io.IOException: 파이프가 닫히는 중입니다
	at java.base/java.util.concurrent.CompletableFuture.reportGet(CompletableFuture.java:395)
	at java.base/java.util.concurrent.CompletableFuture.get(CompletableFuture.java:2028)
	at org.eclipse.lsp4e.LanguageServerWrapper.lambda$13(LanguageServerWrapper.java:425)
	at java.base/java.util.concurrent.CompletableFuture$AsyncRun.run(CompletableFuture.java:1736)
	at java.base/java.util.concurrent.CompletableFuture$AsyncRun.exec(CompletableFuture.java:1728)
	at java.base/java.util.concurrent.ForkJoinTask.doExec(ForkJoinTask.java:290)
	at java.base/java.util.concurrent.ForkJoinPool$WorkQueue.topLevelExec(ForkJoinPool.java:1020)
	at java.base/java.util.concurrent.ForkJoinPool.scan(ForkJoinPool.java:1656)
	at java.base/java.util.concurrent.ForkJoinPool.runWorker(ForkJoinPool.java:1594)
	at java.base/java.util.concurrent.ForkJoinWorkerThread.run(ForkJoinWorkerThread.java:183)
Caused by: org.eclipse.lsp4j.jsonrpc.JsonRpcException: java.io.IOException: 파이프가 닫히는 중입니다
	at org.eclipse.lsp4j.jsonrpc.json.StreamMessageConsumer.consume(StreamMessageConsumer.java:72)
	at org.eclipse.lsp4e.LanguageServerWrapper.lambda$4(LanguageServerWrapper.java:260)
	at org.eclipse.lsp4j.jsonrpc.RemoteEndpoint.request(RemoteEndpoint.java:161)
	at org.eclipse.lsp4j.jsonrpc.services.EndpointProxy.invoke(EndpointProxy.java:91)
	at com.sun.proxy.$Proxy66.shutdown(Unknown Source)
	at org.eclipse.lsp4e.LanguageServerWrapper.lambda$13(LanguageServerWrapper.java:423)
	... 7 more
Caused by: java.io.IOException: 파이프가 닫히는 중입니다
	at java.base/java.io.FileOutputStream.writeBytes(Native Method)
	at java.base/java.io.FileOutputStream.write(FileOutputStream.java:354)
	at java.base/java.io.BufferedOutputStream.flushBuffer(BufferedOutputStream.java:81)
	at java.base/java.io.BufferedOutputStream.flush(BufferedOutputStream.java:142)
	at org.eclipse.lsp4j.jsonrpc.json.StreamMessageConsumer.consume(StreamMessageConsumer.java:69)
	... 12 more

!ENTRY org.springframework.tooling.ls.eclipse.commons 1 0 2025-06-19 16:52:11.256
!MESSAGE Entering DelegatingStreamConnectionProvider()

!ENTRY org.springframework.tooling.ls.eclipse.commons 1 0 2025-06-19 16:52:11.256
!MESSAGE DelegatingStreamConnectionProvider classloader = org.eclipse.osgi.internal.loader.EquinoxClassLoader@56fdb4db[org.springframework.tooling.boot.ls:1.28.0.202109130547(id=1001)]

!ENTRY org.springframework.tooling.ls.eclipse.commons 1 0 2025-06-19 16:52:11.256
!MESSAGE SpringBootLanguageServer exists!

!ENTRY org.eclipse.lsp4e 4 0 2025-06-19 16:52:11.259
!MESSAGE org.eclipse.lsp4j.jsonrpc.JsonRpcException: java.io.IOException: 파이프가 닫히는 중입니다
!STACK 0
java.util.concurrent.ExecutionException: org.eclipse.lsp4j.jsonrpc.JsonRpcException: java.io.IOException: 파이프가 닫히는 중입니다
	at java.base/java.util.concurrent.CompletableFuture.reportGet(CompletableFuture.java:395)
	at java.base/java.util.concurrent.CompletableFuture.get(CompletableFuture.java:2028)
	at org.eclipse.lsp4e.LanguageServerWrapper.lambda$13(LanguageServerWrapper.java:425)
	at java.base/java.util.concurrent.CompletableFuture$AsyncRun.run(CompletableFuture.java:1736)
	at java.base/java.util.concurrent.CompletableFuture$AsyncRun.exec(CompletableFuture.java:1728)
	at java.base/java.util.concurrent.ForkJoinTask.doExec(ForkJoinTask.java:290)
	at java.base/java.util.concurrent.ForkJoinPool$WorkQueue.topLevelExec(ForkJoinPool.java:1020)
	at java.base/java.util.concurrent.ForkJoinPool.scan(ForkJoinPool.java:1656)
	at java.base/java.util.concurrent.ForkJoinPool.runWorker(ForkJoinPool.java:1594)
	at java.base/java.util.concurrent.ForkJoinWorkerThread.run(ForkJoinWorkerThread.java:183)
Caused by: org.eclipse.lsp4j.jsonrpc.JsonRpcException: java.io.IOException: 파이프가 닫히는 중입니다
	at org.eclipse.lsp4j.jsonrpc.json.StreamMessageConsumer.consume(StreamMessageConsumer.java:72)
	at org.eclipse.lsp4e.LanguageServerWrapper.lambda$4(LanguageServerWrapper.java:260)
	at org.eclipse.lsp4j.jsonrpc.RemoteEndpoint.request(RemoteEndpoint.java:161)
	at org.eclipse.lsp4j.jsonrpc.services.EndpointProxy.invoke(EndpointProxy.java:91)
	at com.sun.proxy.$Proxy66.shutdown(Unknown Source)
	at org.eclipse.lsp4e.LanguageServerWrapper.lambda$13(LanguageServerWrapper.java:423)
	... 7 more
Caused by: java.io.IOException: 파이프가 닫히는 중입니다
	at java.base/java.io.FileOutputStream.writeBytes(Native Method)
	at java.base/java.io.FileOutputStream.write(FileOutputStream.java:354)
	at java.base/java.io.BufferedOutputStream.flushBuffer(BufferedOutputStream.java:81)
	at java.base/java.io.BufferedOutputStream.flush(BufferedOutputStream.java:142)
	at org.eclipse.lsp4j.jsonrpc.json.StreamMessageConsumer.consume(StreamMessageConsumer.java:69)
	... 12 more

!ENTRY org.springframework.tooling.ls.eclipse.commons 1 0 2025-06-19 16:52:11.259
!MESSAGE Entering DelegatingStreamConnectionProvider()

!ENTRY org.springframework.tooling.ls.eclipse.commons 1 0 2025-06-19 16:52:11.260
!MESSAGE DelegatingStreamConnectionProvider classloader = org.eclipse.osgi.internal.loader.EquinoxClassLoader@56fdb4db[org.springframework.tooling.boot.ls:1.28.0.202109130547(id=1001)]

!ENTRY org.springframework.tooling.ls.eclipse.commons 1 0 2025-06-19 16:52:11.260
!MESSAGE SpringBootLanguageServer exists!

!ENTRY org.eclipse.lsp4e 4 0 2025-06-19 16:52:11.260
!MESSAGE org.eclipse.lsp4j.jsonrpc.JsonRpcException: java.io.IOException: 파이프가 닫히는 중입니다
!STACK 0
java.util.concurrent.ExecutionException: org.eclipse.lsp4j.jsonrpc.JsonRpcException: java.io.IOException: 파이프가 닫히는 중입니다
	at java.base/java.util.concurrent.CompletableFuture.reportGet(CompletableFuture.java:395)
	at java.base/java.util.concurrent.CompletableFuture.get(CompletableFuture.java:2028)
	at org.eclipse.lsp4e.LanguageServerWrapper.lambda$13(LanguageServerWrapper.java:425)
	at java.base/java.util.concurrent.CompletableFuture$AsyncRun.run(CompletableFuture.java:1736)
	at java.base/java.util.concurrent.CompletableFuture$AsyncRun.exec(CompletableFuture.java:1728)
	at java.base/java.util.concurrent.ForkJoinTask.doExec(ForkJoinTask.java:290)
	at java.base/java.util.concurrent.ForkJoinPool$WorkQueue.topLevelExec(ForkJoinPool.java:1020)
	at java.base/java.util.concurrent.ForkJoinPool.scan(ForkJoinPool.java:1656)
	at java.base/java.util.concurrent.ForkJoinPool.runWorker(ForkJoinPool.java:1594)
	at java.base/java.util.concurrent.ForkJoinWorkerThread.run(ForkJoinWorkerThread.java:183)
Caused by: org.eclipse.lsp4j.jsonrpc.JsonRpcException: java.io.IOException: 파이프가 닫히는 중입니다
	at org.eclipse.lsp4j.jsonrpc.json.StreamMessageConsumer.consume(StreamMessageConsumer.java:72)
	at org.eclipse.lsp4e.LanguageServerWrapper.lambda$4(LanguageServerWrapper.java:260)
	at org.eclipse.lsp4j.jsonrpc.RemoteEndpoint.request(RemoteEndpoint.java:161)
	at org.eclipse.lsp4j.jsonrpc.services.EndpointProxy.invoke(EndpointProxy.java:91)
	at com.sun.proxy.$Proxy66.shutdown(Unknown Source)
	at org.eclipse.lsp4e.LanguageServerWrapper.lambda$13(LanguageServerWrapper.java:423)
	... 7 more
Caused by: java.io.IOException: 파이프가 닫히는 중입니다
	at java.base/java.io.FileOutputStream.writeBytes(Native Method)
	at java.base/java.io.FileOutputStream.write(FileOutputStream.java:354)
	at java.base/java.io.BufferedOutputStream.flushBuffer(BufferedOutputStream.java:81)
	at java.base/java.io.BufferedOutputStream.flush(BufferedOutputStream.java:142)
	at org.eclipse.lsp4j.jsonrpc.json.StreamMessageConsumer.consume(StreamMessageConsumer.java:69)
	... 12 more

!ENTRY org.springframework.tooling.ls.eclipse.commons 1 0 2025-06-19 16:52:11.261
!MESSAGE Entering DelegatingStreamConnectionProvider()

!ENTRY org.springframework.tooling.ls.eclipse.commons 1 0 2025-06-19 16:52:11.261
!MESSAGE DelegatingStreamConnectionProvider classloader = org.eclipse.osgi.internal.loader.EquinoxClassLoader@56fdb4db[org.springframework.tooling.boot.ls:1.28.0.202109130547(id=1001)]

!ENTRY org.springframework.tooling.ls.eclipse.commons 1 0 2025-06-19 16:52:11.261
!MESSAGE SpringBootLanguageServer exists!

!ENTRY org.eclipse.lsp4e 4 0 2025-06-19 16:52:11.261
!MESSAGE org.eclipse.lsp4j.jsonrpc.JsonRpcException: java.io.IOException: 파이프가 닫히는 중입니다
!STACK 0
java.util.concurrent.ExecutionException: org.eclipse.lsp4j.jsonrpc.JsonRpcException: java.io.IOException: 파이프가 닫히는 중입니다
	at java.base/java.util.concurrent.CompletableFuture.reportGet(CompletableFuture.java:395)
	at java.base/java.util.concurrent.CompletableFuture.get(CompletableFuture.java:2028)
	at org.eclipse.lsp4e.LanguageServerWrapper.lambda$13(LanguageServerWrapper.java:425)
	at java.base/java.util.concurrent.CompletableFuture$AsyncRun.run(CompletableFuture.java:1736)
	at java.base/java.util.concurrent.CompletableFuture$AsyncRun.exec(CompletableFuture.java:1728)
	at java.base/java.util.concurrent.ForkJoinTask.doExec(ForkJoinTask.java:290)
	at java.base/java.util.concurrent.ForkJoinPool$WorkQueue.topLevelExec(ForkJoinPool.java:1020)
	at java.base/java.util.concurrent.ForkJoinPool.scan(ForkJoinPool.java:1656)
	at java.base/java.util.concurrent.ForkJoinPool.runWorker(ForkJoinPool.java:1594)
	at java.base/java.util.concurrent.ForkJoinWorkerThread.run(ForkJoinWorkerThread.java:183)
Caused by: org.eclipse.lsp4j.jsonrpc.JsonRpcException: java.io.IOException: 파이프가 닫히는 중입니다
	at org.eclipse.lsp4j.jsonrpc.json.StreamMessageConsumer.consume(StreamMessageConsumer.java:72)
	at org.eclipse.lsp4e.LanguageServerWrapper.lambda$4(LanguageServerWrapper.java:260)
	at org.eclipse.lsp4j.jsonrpc.RemoteEndpoint.request(RemoteEndpoint.java:161)
	at org.eclipse.lsp4j.jsonrpc.services.EndpointProxy.invoke(EndpointProxy.java:91)
	at com.sun.proxy.$Proxy66.shutdown(Unknown Source)
	at org.eclipse.lsp4e.LanguageServerWrapper.lambda$13(LanguageServerWrapper.java:423)
	... 7 more
Caused by: java.io.IOException: 파이프가 닫히는 중입니다
	at java.base/java.io.FileOutputStream.writeBytes(Native Method)
	at java.base/java.io.FileOutputStream.write(FileOutputStream.java:354)
	at java.base/java.io.BufferedOutputStream.flushBuffer(BufferedOutputStream.java:81)
	at java.base/java.io.BufferedOutputStream.flush(BufferedOutputStream.java:142)
	at org.eclipse.lsp4j.jsonrpc.json.StreamMessageConsumer.consume(StreamMessageConsumer.java:69)
	... 12 more

!ENTRY org.springframework.tooling.ls.eclipse.commons 1 0 2025-06-19 16:52:11.262
!MESSAGE Entering DelegatingStreamConnectionProvider()

!ENTRY org.springframework.tooling.ls.eclipse.commons 1 0 2025-06-19 16:52:11.262
!MESSAGE DelegatingStreamConnectionProvider classloader = org.eclipse.osgi.internal.loader.EquinoxClassLoader@56fdb4db[org.springframework.tooling.boot.ls:1.28.0.202109130547(id=1001)]

!ENTRY org.springframework.tooling.ls.eclipse.commons 1 0 2025-06-19 16:52:11.262
!MESSAGE SpringBootLanguageServer exists!

!ENTRY org.eclipse.lsp4e 4 0 2025-06-19 16:52:11.263
!MESSAGE org.eclipse.lsp4j.jsonrpc.JsonRpcException: java.io.IOException: 파이프가 닫히는 중입니다
!STACK 0
java.util.concurrent.ExecutionException: org.eclipse.lsp4j.jsonrpc.JsonRpcException: java.io.IOException: 파이프가 닫히는 중입니다
	at java.base/java.util.concurrent.CompletableFuture.reportGet(CompletableFuture.java:395)
	at java.base/java.util.concurrent.CompletableFuture.get(CompletableFuture.java:2028)
	at org.eclipse.lsp4e.LanguageServerWrapper.lambda$13(LanguageServerWrapper.java:425)
	at java.base/java.util.concurrent.CompletableFuture$AsyncRun.run(CompletableFuture.java:1736)
	at java.base/java.util.concurrent.CompletableFuture$AsyncRun.exec(CompletableFuture.java:1728)
	at java.base/java.util.concurrent.ForkJoinTask.doExec(ForkJoinTask.java:290)
	at java.base/java.util.concurrent.ForkJoinPool$WorkQueue.topLevelExec(ForkJoinPool.java:1020)
	at java.base/java.util.concurrent.ForkJoinPool.scan(ForkJoinPool.java:1656)
	at java.base/java.util.concurrent.ForkJoinPool.runWorker(ForkJoinPool.java:1594)
	at java.base/java.util.concurrent.ForkJoinWorkerThread.run(ForkJoinWorkerThread.java:183)
Caused by: org.eclipse.lsp4j.jsonrpc.JsonRpcException: java.io.IOException: 파이프가 닫히는 중입니다
	at org.eclipse.lsp4j.jsonrpc.json.StreamMessageConsumer.consume(StreamMessageConsumer.java:72)
	at org.eclipse.lsp4e.LanguageServerWrapper.lambda$4(LanguageServerWrapper.java:260)
	at org.eclipse.lsp4j.jsonrpc.RemoteEndpoint.request(RemoteEndpoint.java:161)
	at org.eclipse.lsp4j.jsonrpc.services.EndpointProxy.invoke(EndpointProxy.java:91)
	at com.sun.proxy.$Proxy66.shutdown(Unknown Source)
	at org.eclipse.lsp4e.LanguageServerWrapper.lambda$13(LanguageServerWrapper.java:423)
	... 7 more
Caused by: java.io.IOException: 파이프가 닫히는 중입니다
	at java.base/java.io.FileOutputStream.writeBytes(Native Method)
	at java.base/java.io.FileOutputStream.write(FileOutputStream.java:354)
	at java.base/java.io.BufferedOutputStream.flushBuffer(BufferedOutputStream.java:81)
	at java.base/java.io.BufferedOutputStream.flush(BufferedOutputStream.java:142)
	at org.eclipse.lsp4j.jsonrpc.json.StreamMessageConsumer.consume(StreamMessageConsumer.java:69)
	... 12 more

!ENTRY org.springframework.tooling.ls.eclipse.commons 1 0 2025-06-19 16:52:11.263
!MESSAGE Entering DelegatingStreamConnectionProvider()

!ENTRY org.springframework.tooling.ls.eclipse.commons 1 0 2025-06-19 16:52:11.263
!MESSAGE DelegatingStreamConnectionProvider classloader = org.eclipse.osgi.internal.loader.EquinoxClassLoader@56fdb4db[org.springframework.tooling.boot.ls:1.28.0.202109130547(id=1001)]

!ENTRY org.springframework.tooling.ls.eclipse.commons 1 0 2025-06-19 16:52:11.264
!MESSAGE SpringBootLanguageServer exists!

!ENTRY org.eclipse.lsp4e 4 0 2025-06-19 16:52:11.264
!MESSAGE org.eclipse.lsp4j.jsonrpc.JsonRpcException: java.io.IOException: 파이프가 닫히는 중입니다
!STACK 0
java.util.concurrent.ExecutionException: org.eclipse.lsp4j.jsonrpc.JsonRpcException: java.io.IOException: 파이프가 닫히는 중입니다
	at java.base/java.util.concurrent.CompletableFuture.reportGet(CompletableFuture.java:395)
	at java.base/java.util.concurrent.CompletableFuture.get(CompletableFuture.java:2028)
	at org.eclipse.lsp4e.LanguageServerWrapper.lambda$13(LanguageServerWrapper.java:425)
	at java.base/java.util.concurrent.CompletableFuture$AsyncRun.run(CompletableFuture.java:1736)
	at java.base/java.util.concurrent.CompletableFuture$AsyncRun.exec(CompletableFuture.java:1728)
	at java.base/java.util.concurrent.ForkJoinTask.doExec(ForkJoinTask.java:290)
	at java.base/java.util.concurrent.ForkJoinPool$WorkQueue.topLevelExec(ForkJoinPool.java:1020)
	at java.base/java.util.concurrent.ForkJoinPool.scan(ForkJoinPool.java:1656)
	at java.base/java.util.concurrent.ForkJoinPool.runWorker(ForkJoinPool.java:1594)
	at java.base/java.util.concurrent.ForkJoinWorkerThread.run(ForkJoinWorkerThread.java:183)
Caused by: org.eclipse.lsp4j.jsonrpc.JsonRpcException: java.io.IOException: 파이프가 닫히는 중입니다
	at org.eclipse.lsp4j.jsonrpc.json.StreamMessageConsumer.consume(StreamMessageConsumer.java:72)
	at org.eclipse.lsp4e.LanguageServerWrapper.lambda$4(LanguageServerWrapper.java:260)
	at org.eclipse.lsp4j.jsonrpc.RemoteEndpoint.request(RemoteEndpoint.java:161)
	at org.eclipse.lsp4j.jsonrpc.services.EndpointProxy.invoke(EndpointProxy.java:91)
	at com.sun.proxy.$Proxy66.shutdown(Unknown Source)
	at org.eclipse.lsp4e.LanguageServerWrapper.lambda$13(LanguageServerWrapper.java:423)
	... 7 more
Caused by: java.io.IOException: 파이프가 닫히는 중입니다
	at java.base/java.io.FileOutputStream.writeBytes(Native Method)
	at java.base/java.io.FileOutputStream.write(FileOutputStream.java:354)
	at java.base/java.io.BufferedOutputStream.flushBuffer(BufferedOutputStream.java:81)
	at java.base/java.io.BufferedOutputStream.flush(BufferedOutputStream.java:142)
	at org.eclipse.lsp4j.jsonrpc.json.StreamMessageConsumer.consume(StreamMessageConsumer.java:69)
	... 12 more

!ENTRY org.springframework.tooling.ls.eclipse.commons 1 0 2025-06-19 16:52:11.265
!MESSAGE Entering DelegatingStreamConnectionProvider()

!ENTRY org.springframework.tooling.ls.eclipse.commons 1 0 2025-06-19 16:52:11.265
!MESSAGE DelegatingStreamConnectionProvider classloader = org.eclipse.osgi.internal.loader.EquinoxClassLoader@56fdb4db[org.springframework.tooling.boot.ls:1.28.0.202109130547(id=1001)]

!ENTRY org.springframework.tooling.ls.eclipse.commons 1 0 2025-06-19 16:52:11.265
!MESSAGE SpringBootLanguageServer exists!

!ENTRY org.eclipse.lsp4e 4 0 2025-06-19 16:52:11.266
!MESSAGE org.eclipse.lsp4j.jsonrpc.JsonRpcException: java.io.IOException: 파이프가 닫히는 중입니다
!STACK 0
java.util.concurrent.ExecutionException: org.eclipse.lsp4j.jsonrpc.JsonRpcException: java.io.IOException: 파이프가 닫히는 중입니다
	at java.base/java.util.concurrent.CompletableFuture.reportGet(CompletableFuture.java:395)
	at java.base/java.util.concurrent.CompletableFuture.get(CompletableFuture.java:2028)
	at org.eclipse.lsp4e.LanguageServerWrapper.getServerCapabilities(LanguageServerWrapper.java:699)
	at org.eclipse.lsp4e.LanguageServiceAccessor.lambda$15(LanguageServiceAccessor.java:590)
	at java.base/java.util.concurrent.CompletableFuture$UniCompose.tryFire(CompletableFuture.java:1072)
	at java.base/java.util.concurrent.CompletableFuture$Completion.exec(CompletableFuture.java:479)
	at java.base/java.util.concurrent.ForkJoinTask.doExec(ForkJoinTask.java:290)
	at java.base/java.util.concurrent.ForkJoinPool$WorkQueue.topLevelExec(ForkJoinPool.java:1020)
	at java.base/java.util.concurrent.ForkJoinPool.scan(ForkJoinPool.java:1656)
	at java.base/java.util.concurrent.ForkJoinPool.runWorker(ForkJoinPool.java:1594)
	at java.base/java.util.concurrent.ForkJoinWorkerThread.run(ForkJoinWorkerThread.java:183)
Caused by: org.eclipse.lsp4j.jsonrpc.JsonRpcException: java.io.IOException: 파이프가 닫히는 중입니다
	at org.eclipse.lsp4j.jsonrpc.json.StreamMessageConsumer.consume(StreamMessageConsumer.java:72)
	at org.eclipse.lsp4e.LanguageServerWrapper.lambda$4(LanguageServerWrapper.java:260)
	at org.eclipse.lsp4j.jsonrpc.RemoteEndpoint.request(RemoteEndpoint.java:161)
	at org.eclipse.lsp4j.jsonrpc.services.EndpointProxy.invoke(EndpointProxy.java:91)
	at com.sun.proxy.$Proxy66.initialize(Unknown Source)
	at org.eclipse.lsp4e.LanguageServerWrapper.lambda$8(LanguageServerWrapper.java:359)
	at java.base/java.util.concurrent.CompletableFuture$UniCompose.tryFire(CompletableFuture.java:1072)
	at java.base/java.util.concurrent.CompletableFuture.postComplete(CompletableFuture.java:506)
	at java.base/java.util.concurrent.CompletableFuture$AsyncSupply.run(CompletableFuture.java:1705)
	at java.base/java.util.concurrent.CompletableFuture$AsyncSupply.exec(CompletableFuture.java:1692)
	at java.base/java.util.concurrent.ForkJoinTask.doExec(ForkJoinTask.java:290)
	at java.base/java.util.concurrent.ForkJoinPool$WorkQueue.helpAsyncBlocker(ForkJoinPool.java:1144)
	at java.base/java.util.concurrent.ForkJoinPool.helpAsyncBlocker(ForkJoinPool.java:3151)
	at java.base/java.util.concurrent.CompletableFuture.timedGet(CompletableFuture.java:1865)
	at java.base/java.util.concurrent.CompletableFuture.get(CompletableFuture.java:2027)
	... 9 more
Caused by: java.io.IOException: 파이프가 닫히는 중입니다
	at java.base/java.io.FileOutputStream.writeBytes(Native Method)
	at java.base/java.io.FileOutputStream.write(FileOutputStream.java:354)
	at java.base/java.io.BufferedOutputStream.flushBuffer(BufferedOutputStream.java:81)
	at java.base/java.io.BufferedOutputStream.flush(BufferedOutputStream.java:142)
	at org.eclipse.lsp4j.jsonrpc.json.StreamMessageConsumer.consume(StreamMessageConsumer.java:69)
	... 23 more

!ENTRY org.eclipse.lsp4e 4 0 2025-06-19 16:52:11.266
!MESSAGE org.eclipse.lsp4j.jsonrpc.JsonRpcException: java.io.IOException: 파이프가 닫히는 중입니다
!STACK 0
java.util.concurrent.ExecutionException: org.eclipse.lsp4j.jsonrpc.JsonRpcException: java.io.IOException: 파이프가 닫히는 중입니다
	at java.base/java.util.concurrent.CompletableFuture.reportGet(CompletableFuture.java:395)
	at java.base/java.util.concurrent.CompletableFuture.get(CompletableFuture.java:2028)
	at org.eclipse.lsp4e.LanguageServerWrapper.getServerCapabilities(LanguageServerWrapper.java:699)
	at org.eclipse.lsp4e.LanguageServiceAccessor.lambda$15(LanguageServiceAccessor.java:590)
	at java.base/java.util.concurrent.CompletableFuture$UniCompose.tryFire(CompletableFuture.java:1072)
	at java.base/java.util.concurrent.CompletableFuture$Completion.exec(CompletableFuture.java:479)
	at java.base/java.util.concurrent.ForkJoinTask.doExec(ForkJoinTask.java:290)
	at java.base/java.util.concurrent.ForkJoinPool$WorkQueue.topLevelExec(ForkJoinPool.java:1020)
	at java.base/java.util.concurrent.ForkJoinPool.scan(ForkJoinPool.java:1656)
	at java.base/java.util.concurrent.ForkJoinPool.runWorker(ForkJoinPool.java:1594)
	at java.base/java.util.concurrent.ForkJoinWorkerThread.run(ForkJoinWorkerThread.java:183)
Caused by: org.eclipse.lsp4j.jsonrpc.JsonRpcException: java.io.IOException: 파이프가 닫히는 중입니다
	at org.eclipse.lsp4j.jsonrpc.json.StreamMessageConsumer.consume(StreamMessageConsumer.java:72)
	at org.eclipse.lsp4e.LanguageServerWrapper.lambda$4(LanguageServerWrapper.java:260)
	at org.eclipse.lsp4j.jsonrpc.RemoteEndpoint.request(RemoteEndpoint.java:161)
	at org.eclipse.lsp4j.jsonrpc.services.EndpointProxy.invoke(EndpointProxy.java:91)
	at com.sun.proxy.$Proxy66.initialize(Unknown Source)
	at org.eclipse.lsp4e.LanguageServerWrapper.lambda$8(LanguageServerWrapper.java:359)
	at java.base/java.util.concurrent.CompletableFuture$UniCompose.tryFire(CompletableFuture.java:1072)
	at java.base/java.util.concurrent.CompletableFuture.postComplete(CompletableFuture.java:506)
	at java.base/java.util.concurrent.CompletableFuture$AsyncSupply.run(CompletableFuture.java:1705)
	at java.base/java.util.concurrent.CompletableFuture$AsyncSupply.exec(CompletableFuture.java:1692)
	at java.base/java.util.concurrent.ForkJoinTask.doExec(ForkJoinTask.java:290)
	at java.base/java.util.concurrent.ForkJoinPool$WorkQueue.helpAsyncBlocker(ForkJoinPool.java:1144)
	at java.base/java.util.concurrent.ForkJoinPool.helpAsyncBlocker(ForkJoinPool.java:3151)
	at java.base/java.util.concurrent.CompletableFuture.timedGet(CompletableFuture.java:1865)
	at java.base/java.util.concurrent.CompletableFuture.get(CompletableFuture.java:2027)
	... 9 more
Caused by: java.io.IOException: 파이프가 닫히는 중입니다
	at java.base/java.io.FileOutputStream.writeBytes(Native Method)
	at java.base/java.io.FileOutputStream.write(FileOutputStream.java:354)
	at java.base/java.io.BufferedOutputStream.flushBuffer(BufferedOutputStream.java:81)
	at java.base/java.io.BufferedOutputStream.flush(BufferedOutputStream.java:142)
	at org.eclipse.lsp4j.jsonrpc.json.StreamMessageConsumer.consume(StreamMessageConsumer.java:69)
	... 23 more

!ENTRY org.eclipse.lsp4e 4 0 2025-06-19 16:52:11.266
!MESSAGE org.eclipse.lsp4j.jsonrpc.JsonRpcException: java.io.IOException: 파이프가 닫히는 중입니다
!STACK 0
java.util.concurrent.ExecutionException: org.eclipse.lsp4j.jsonrpc.JsonRpcException: java.io.IOException: 파이프가 닫히는 중입니다
	at java.base/java.util.concurrent.CompletableFuture.reportGet(CompletableFuture.java:395)
	at java.base/java.util.concurrent.CompletableFuture.get(CompletableFuture.java:2028)
	at org.eclipse.lsp4e.LanguageServerWrapper.getServerCapabilities(LanguageServerWrapper.java:699)
	at org.eclipse.lsp4e.LanguageServiceAccessor.lambda$15(LanguageServiceAccessor.java:590)
	at java.base/java.util.concurrent.CompletableFuture$UniCompose.tryFire(CompletableFuture.java:1072)
	at java.base/java.util.concurrent.CompletableFuture$Completion.exec(CompletableFuture.java:479)
	at java.base/java.util.concurrent.ForkJoinTask.doExec(ForkJoinTask.java:290)
	at java.base/java.util.concurrent.ForkJoinPool$WorkQueue.topLevelExec(ForkJoinPool.java:1020)
	at java.base/java.util.concurrent.ForkJoinPool.scan(ForkJoinPool.java:1656)
	at java.base/java.util.concurrent.ForkJoinPool.runWorker(ForkJoinPool.java:1594)
	at java.base/java.util.concurrent.ForkJoinWorkerThread.run(ForkJoinWorkerThread.java:183)
Caused by: org.eclipse.lsp4j.jsonrpc.JsonRpcException: java.io.IOException: 파이프가 닫히는 중입니다
	at org.eclipse.lsp4j.jsonrpc.json.StreamMessageConsumer.consume(StreamMessageConsumer.java:72)
	at org.eclipse.lsp4e.LanguageServerWrapper.lambda$4(LanguageServerWrapper.java:260)
	at org.eclipse.lsp4j.jsonrpc.RemoteEndpoint.request(RemoteEndpoint.java:161)
	at org.eclipse.lsp4j.jsonrpc.services.EndpointProxy.invoke(EndpointProxy.java:91)
	at com.sun.proxy.$Proxy66.initialize(Unknown Source)
	at org.eclipse.lsp4e.LanguageServerWrapper.lambda$8(LanguageServerWrapper.java:359)
	at java.base/java.util.concurrent.CompletableFuture$UniCompose.tryFire(CompletableFuture.java:1072)
	at java.base/java.util.concurrent.CompletableFuture.postComplete(CompletableFuture.java:506)
	at java.base/java.util.concurrent.CompletableFuture$AsyncSupply.run(CompletableFuture.java:1705)
	at java.base/java.util.concurrent.CompletableFuture$AsyncSupply.exec(CompletableFuture.java:1692)
	at java.base/java.util.concurrent.ForkJoinTask.doExec(ForkJoinTask.java:290)
	at java.base/java.util.concurrent.ForkJoinPool$WorkQueue.helpAsyncBlocker(ForkJoinPool.java:1144)
	at java.base/java.util.concurrent.ForkJoinPool.helpAsyncBlocker(ForkJoinPool.java:3151)
	at java.base/java.util.concurrent.CompletableFuture.timedGet(CompletableFuture.java:1865)
	at java.base/java.util.concurrent.CompletableFuture.get(CompletableFuture.java:2027)
	... 9 more
Caused by: java.io.IOException: 파이프가 닫히는 중입니다
	at java.base/java.io.FileOutputStream.writeBytes(Native Method)
	at java.base/java.io.FileOutputStream.write(FileOutputStream.java:354)
	at java.base/java.io.BufferedOutputStream.flushBuffer(BufferedOutputStream.java:81)
	at java.base/java.io.BufferedOutputStream.flush(BufferedOutputStream.java:142)
	at org.eclipse.lsp4j.jsonrpc.json.StreamMessageConsumer.consume(StreamMessageConsumer.java:69)
	... 23 more

!ENTRY org.springframework.tooling.ls.eclipse.commons 1 0 2025-06-19 16:52:12.280
!MESSAGE Boot LS startup time from start to initialized: 1020ms

!ENTRY org.springframework.tooling.ls.eclipse.commons 1 0 2025-06-19 16:52:12.338
!MESSAGE ClasspathListenerHandler addClasspathListener sts4.classpath.RUOZcRBOisBatched = true

!ENTRY org.springframework.tooling.ls.eclipse.commons 1 0 2025-06-19 16:52:12.338
!MESSAGE Setting up ClasspathListenerManager

!ENTRY org.springframework.tooling.ls.eclipse.commons 1 0 2025-06-19 16:52:12.338
!MESSAGE Scheduling initial event for all projects ...

!ENTRY org.springframework.tooling.ls.eclipse.commons 1 0 2025-06-19 16:52:12.338
!MESSAGE Scheduling initial event for all projects DONE

!ENTRY org.springframework.tooling.ls.eclipse.commons 1 0 2025-06-19 16:52:12.338
!MESSAGE exists = true open = true => deleted = false

!ENTRY org.springframework.tooling.ls.eclipse.commons 1 0 2025-06-19 16:52:12.338
!MESSAGE ClasspathListenerHandler addClasspathListener sts4.classpath.RUOZcRBO => OK

!ENTRY org.springframework.tooling.ls.eclipse.commons 1 0 2025-06-19 16:52:12.339
!MESSAGE classpath=57 entries

!ENTRY org.springframework.tooling.ls.eclipse.commons 1 0 2025-06-19 16:52:12.341
!MESSAGE buffering callback sts4.classpath.RUOZcRBO ServiceExam false 57

!ENTRY org.springframework.tooling.ls.eclipse.commons 1 0 2025-06-19 16:52:12.341
!MESSAGE executing callback sts4.classpath.RUOZcRBO 1 batched events

!ENTRY org.springframework.tooling.ls.eclipse.commons 1 0 2025-06-19 16:52:12.539
!MESSAGE executing callback sts4.classpath.RUOZcRBO SUCCESS [done]

!ENTRY org.eclipse.lsp4e 4 0 2025-06-19 16:52:12.542
!MESSAGE org.eclipse.lsp4j.jsonrpc.JsonRpcException: java.io.IOException: 파이프가 닫히는 중입니다
!STACK 0
java.util.concurrent.ExecutionException: org.eclipse.lsp4j.jsonrpc.JsonRpcException: java.io.IOException: 파이프가 닫히는 중입니다
	at java.base/java.util.concurrent.CompletableFuture.reportGet(CompletableFuture.java:395)
	at java.base/java.util.concurrent.CompletableFuture.get(CompletableFuture.java:2028)
	at org.eclipse.lsp4e.LanguageServerWrapper.lambda$13(LanguageServerWrapper.java:425)
	at java.base/java.util.concurrent.CompletableFuture$AsyncRun.run(CompletableFuture.java:1736)
	at java.base/java.util.concurrent.CompletableFuture$AsyncRun.exec(CompletableFuture.java:1728)
	at java.base/java.util.concurrent.ForkJoinTask.doExec(ForkJoinTask.java:290)
	at java.base/java.util.concurrent.ForkJoinPool$WorkQueue.topLevelExec(ForkJoinPool.java:1020)
	at java.base/java.util.concurrent.ForkJoinPool.scan(ForkJoinPool.java:1656)
	at java.base/java.util.concurrent.ForkJoinPool.runWorker(ForkJoinPool.java:1594)
	at java.base/java.util.concurrent.ForkJoinWorkerThread.run(ForkJoinWorkerThread.java:183)
Caused by: org.eclipse.lsp4j.jsonrpc.JsonRpcException: java.io.IOException: 파이프가 닫히는 중입니다
	at org.eclipse.lsp4j.jsonrpc.json.StreamMessageConsumer.consume(StreamMessageConsumer.java:72)
	at org.eclipse.lsp4e.LanguageServerWrapper.lambda$4(LanguageServerWrapper.java:260)
	at org.eclipse.lsp4j.jsonrpc.RemoteEndpoint.request(RemoteEndpoint.java:161)
	at org.eclipse.lsp4j.jsonrpc.services.EndpointProxy.invoke(EndpointProxy.java:91)
	at com.sun.proxy.$Proxy66.shutdown(Unknown Source)
	at org.eclipse.lsp4e.LanguageServerWrapper.lambda$13(LanguageServerWrapper.java:423)
	... 7 more
Caused by: java.io.IOException: 파이프가 닫히는 중입니다
	at java.base/java.io.FileOutputStream.writeBytes(Native Method)
	at java.base/java.io.FileOutputStream.write(FileOutputStream.java:354)
	at java.base/java.io.BufferedOutputStream.flushBuffer(BufferedOutputStream.java:81)
	at java.base/java.io.BufferedOutputStream.flush(BufferedOutputStream.java:142)
	at org.eclipse.lsp4j.jsonrpc.json.StreamMessageConsumer.consume(StreamMessageConsumer.java:69)
	... 12 more

!ENTRY org.eclipse.lsp4e 4 0 2025-06-19 16:52:12.543
!MESSAGE org.eclipse.lsp4j.jsonrpc.JsonRpcException: java.io.IOException: 파이프가 닫히는 중입니다
!STACK 0
java.util.concurrent.ExecutionException: org.eclipse.lsp4j.jsonrpc.JsonRpcException: java.io.IOException: 파이프가 닫히는 중입니다
	at java.base/java.util.concurrent.CompletableFuture.reportGet(CompletableFuture.java:395)
	at java.base/java.util.concurrent.CompletableFuture.get(CompletableFuture.java:2028)
	at org.eclipse.lsp4e.LanguageServerWrapper.lambda$13(LanguageServerWrapper.java:425)
	at java.base/java.util.concurrent.CompletableFuture$AsyncRun.run(CompletableFuture.java:1736)
	at java.base/java.util.concurrent.CompletableFuture$AsyncRun.exec(CompletableFuture.java:1728)
	at java.base/java.util.concurrent.ForkJoinTask.doExec(ForkJoinTask.java:290)
	at java.base/java.util.concurrent.ForkJoinPool$WorkQueue.topLevelExec(ForkJoinPool.java:1020)
	at java.base/java.util.concurrent.ForkJoinPool.scan(ForkJoinPool.java:1656)
	at java.base/java.util.concurrent.ForkJoinPool.runWorker(ForkJoinPool.java:1594)
	at java.base/java.util.concurrent.ForkJoinWorkerThread.run(ForkJoinWorkerThread.java:183)
Caused by: org.eclipse.lsp4j.jsonrpc.JsonRpcException: java.io.IOException: 파이프가 닫히는 중입니다
	at org.eclipse.lsp4j.jsonrpc.json.StreamMessageConsumer.consume(StreamMessageConsumer.java:72)
	at org.eclipse.lsp4e.LanguageServerWrapper.lambda$4(LanguageServerWrapper.java:260)
	at org.eclipse.lsp4j.jsonrpc.RemoteEndpoint.request(RemoteEndpoint.java:161)
	at org.eclipse.lsp4j.jsonrpc.services.EndpointProxy.invoke(EndpointProxy.java:91)
	at com.sun.proxy.$Proxy66.shutdown(Unknown Source)
	at org.eclipse.lsp4e.LanguageServerWrapper.lambda$13(LanguageServerWrapper.java:423)
	... 7 more
Caused by: java.io.IOException: 파이프가 닫히는 중입니다
	at java.base/java.io.FileOutputStream.writeBytes(Native Method)
	at java.base/java.io.FileOutputStream.write(FileOutputStream.java:354)
	at java.base/java.io.BufferedOutputStream.flushBuffer(BufferedOutputStream.java:81)
	at java.base/java.io.BufferedOutputStream.flush(BufferedOutputStream.java:142)
	at org.eclipse.lsp4j.jsonrpc.json.StreamMessageConsumer.consume(StreamMessageConsumer.java:69)
	... 12 more

!ENTRY org.eclipse.lsp4e 4 0 2025-06-19 16:52:12.543
!MESSAGE org.eclipse.lsp4j.jsonrpc.JsonRpcException: java.io.IOException: 파이프가 닫히는 중입니다
!STACK 0
java.util.concurrent.ExecutionException: org.eclipse.lsp4j.jsonrpc.JsonRpcException: java.io.IOException: 파이프가 닫히는 중입니다
	at java.base/java.util.concurrent.CompletableFuture.reportGet(CompletableFuture.java:395)
	at java.base/java.util.concurrent.CompletableFuture.get(CompletableFuture.java:2028)
	at org.eclipse.lsp4e.LanguageServerWrapper.lambda$13(LanguageServerWrapper.java:425)
	at java.base/java.util.concurrent.CompletableFuture$AsyncRun.run(CompletableFuture.java:1736)
	at java.base/java.util.concurrent.CompletableFuture$AsyncRun.exec(CompletableFuture.java:1728)
	at java.base/java.util.concurrent.ForkJoinTask.doExec(ForkJoinTask.java:290)
	at java.base/java.util.concurrent.ForkJoinPool$WorkQueue.topLevelExec(ForkJoinPool.java:1020)
	at java.base/java.util.concurrent.ForkJoinPool.scan(ForkJoinPool.java:1656)
	at java.base/java.util.concurrent.ForkJoinPool.runWorker(ForkJoinPool.java:1594)
	at java.base/java.util.concurrent.ForkJoinWorkerThread.run(ForkJoinWorkerThread.java:183)
Caused by: org.eclipse.lsp4j.jsonrpc.JsonRpcException: java.io.IOException: 파이프가 닫히는 중입니다
	at org.eclipse.lsp4j.jsonrpc.json.StreamMessageConsumer.consume(StreamMessageConsumer.java:72)
	at org.eclipse.lsp4e.LanguageServerWrapper.lambda$4(LanguageServerWrapper.java:260)
	at org.eclipse.lsp4j.jsonrpc.RemoteEndpoint.request(RemoteEndpoint.java:161)
	at org.eclipse.lsp4j.jsonrpc.services.EndpointProxy.invoke(EndpointProxy.java:91)
	at com.sun.proxy.$Proxy66.shutdown(Unknown Source)
	at org.eclipse.lsp4e.LanguageServerWrapper.lambda$13(LanguageServerWrapper.java:423)
	... 7 more
Caused by: java.io.IOException: 파이프가 닫히는 중입니다
	at java.base/java.io.FileOutputStream.writeBytes(Native Method)
	at java.base/java.io.FileOutputStream.write(FileOutputStream.java:354)
	at java.base/java.io.BufferedOutputStream.flushBuffer(BufferedOutputStream.java:81)
	at java.base/java.io.BufferedOutputStream.flush(BufferedOutputStream.java:142)
	at org.eclipse.lsp4j.jsonrpc.json.StreamMessageConsumer.consume(StreamMessageConsumer.java:69)
	... 12 more

!ENTRY org.eclipse.lsp4e 4 0 2025-06-19 16:52:12.543
!MESSAGE org.eclipse.lsp4j.jsonrpc.JsonRpcException: java.io.IOException: 파이프가 닫히는 중입니다
!STACK 0
java.util.concurrent.ExecutionException: org.eclipse.lsp4j.jsonrpc.JsonRpcException: java.io.IOException: 파이프가 닫히는 중입니다
	at java.base/java.util.concurrent.CompletableFuture.reportGet(CompletableFuture.java:395)
	at java.base/java.util.concurrent.CompletableFuture.get(CompletableFuture.java:2028)
	at org.eclipse.lsp4e.LanguageServerWrapper.lambda$13(LanguageServerWrapper.java:425)
	at java.base/java.util.concurrent.CompletableFuture$AsyncRun.run(CompletableFuture.java:1736)
	at java.base/java.util.concurrent.CompletableFuture$AsyncRun.exec(CompletableFuture.java:1728)
	at java.base/java.util.concurrent.ForkJoinTask.doExec(ForkJoinTask.java:290)
	at java.base/java.util.concurrent.ForkJoinPool$WorkQueue.topLevelExec(ForkJoinPool.java:1020)
	at java.base/java.util.concurrent.ForkJoinPool.scan(ForkJoinPool.java:1656)
	at java.base/java.util.concurrent.ForkJoinPool.runWorker(ForkJoinPool.java:1594)
	at java.base/java.util.concurrent.ForkJoinWorkerThread.run(ForkJoinWorkerThread.java:183)
Caused by: org.eclipse.lsp4j.jsonrpc.JsonRpcException: java.io.IOException: 파이프가 닫히는 중입니다
	at org.eclipse.lsp4j.jsonrpc.json.StreamMessageConsumer.consume(StreamMessageConsumer.java:72)
	at org.eclipse.lsp4e.LanguageServerWrapper.lambda$4(LanguageServerWrapper.java:260)
	at org.eclipse.lsp4j.jsonrpc.RemoteEndpoint.request(RemoteEndpoint.java:161)
	at org.eclipse.lsp4j.jsonrpc.services.EndpointProxy.invoke(EndpointProxy.java:91)
	at com.sun.proxy.$Proxy66.shutdown(Unknown Source)
	at org.eclipse.lsp4e.LanguageServerWrapper.lambda$13(LanguageServerWrapper.java:423)
	... 7 more
Caused by: java.io.IOException: 파이프가 닫히는 중입니다
	at java.base/java.io.FileOutputStream.writeBytes(Native Method)
	at java.base/java.io.FileOutputStream.write(FileOutputStream.java:354)
	at java.base/java.io.BufferedOutputStream.flushBuffer(BufferedOutputStream.java:81)
	at java.base/java.io.BufferedOutputStream.flush(BufferedOutputStream.java:142)
	at org.eclipse.lsp4j.jsonrpc.json.StreamMessageConsumer.consume(StreamMessageConsumer.java:69)
	... 12 more

!ENTRY org.eclipse.lsp4e 4 0 2025-06-19 16:52:12.544
!MESSAGE org.eclipse.lsp4j.jsonrpc.JsonRpcException: java.io.IOException: 파이프가 닫히는 중입니다
!STACK 0
java.util.concurrent.ExecutionException: org.eclipse.lsp4j.jsonrpc.JsonRpcException: java.io.IOException: 파이프가 닫히는 중입니다
	at java.base/java.util.concurrent.CompletableFuture.reportGet(CompletableFuture.java:395)
	at java.base/java.util.concurrent.CompletableFuture.get(CompletableFuture.java:2028)
	at org.eclipse.lsp4e.LanguageServerWrapper.lambda$13(LanguageServerWrapper.java:425)
	at java.base/java.util.concurrent.CompletableFuture$AsyncRun.run(CompletableFuture.java:1736)
	at java.base/java.util.concurrent.CompletableFuture$AsyncRun.exec(CompletableFuture.java:1728)
	at java.base/java.util.concurrent.ForkJoinTask.doExec(ForkJoinTask.java:290)
	at java.base/java.util.concurrent.ForkJoinPool$WorkQueue.topLevelExec(ForkJoinPool.java:1020)
	at java.base/java.util.concurrent.ForkJoinPool.scan(ForkJoinPool.java:1656)
	at java.base/java.util.concurrent.ForkJoinPool.runWorker(ForkJoinPool.java:1594)
	at java.base/java.util.concurrent.ForkJoinWorkerThread.run(ForkJoinWorkerThread.java:183)
Caused by: org.eclipse.lsp4j.jsonrpc.JsonRpcException: java.io.IOException: 파이프가 닫히는 중입니다
	at org.eclipse.lsp4j.jsonrpc.json.StreamMessageConsumer.consume(StreamMessageConsumer.java:72)
	at org.eclipse.lsp4e.LanguageServerWrapper.lambda$4(LanguageServerWrapper.java:260)
	at org.eclipse.lsp4j.jsonrpc.RemoteEndpoint.request(RemoteEndpoint.java:161)
	at org.eclipse.lsp4j.jsonrpc.services.EndpointProxy.invoke(EndpointProxy.java:91)
	at com.sun.proxy.$Proxy66.shutdown(Unknown Source)
	at org.eclipse.lsp4e.LanguageServerWrapper.lambda$13(LanguageServerWrapper.java:423)
	... 7 more
Caused by: java.io.IOException: 파이프가 닫히는 중입니다
	at java.base/java.io.FileOutputStream.writeBytes(Native Method)
	at java.base/java.io.FileOutputStream.write(FileOutputStream.java:354)
	at java.base/java.io.BufferedOutputStream.flushBuffer(BufferedOutputStream.java:81)
	at java.base/java.io.BufferedOutputStream.flush(BufferedOutputStream.java:142)
	at org.eclipse.lsp4j.jsonrpc.json.StreamMessageConsumer.consume(StreamMessageConsumer.java:69)
	... 12 more

!ENTRY org.eclipse.lsp4e 4 0 2025-06-19 16:52:12.544
!MESSAGE org.eclipse.lsp4j.jsonrpc.JsonRpcException: java.io.IOException: 파이프가 닫히는 중입니다
!STACK 0
java.util.concurrent.ExecutionException: org.eclipse.lsp4j.jsonrpc.JsonRpcException: java.io.IOException: 파이프가 닫히는 중입니다
	at java.base/java.util.concurrent.CompletableFuture.reportGet(CompletableFuture.java:395)
	at java.base/java.util.concurrent.CompletableFuture.get(CompletableFuture.java:2028)
	at org.eclipse.lsp4e.LanguageServerWrapper.lambda$13(LanguageServerWrapper.java:425)
	at java.base/java.util.concurrent.CompletableFuture$AsyncRun.run(CompletableFuture.java:1736)
	at java.base/java.util.concurrent.CompletableFuture$AsyncRun.exec(CompletableFuture.java:1728)
	at java.base/java.util.concurrent.ForkJoinTask.doExec(ForkJoinTask.java:290)
	at java.base/java.util.concurrent.ForkJoinPool$WorkQueue.topLevelExec(ForkJoinPool.java:1020)
	at java.base/java.util.concurrent.ForkJoinPool.scan(ForkJoinPool.java:1656)
	at java.base/java.util.concurrent.ForkJoinPool.runWorker(ForkJoinPool.java:1594)
	at java.base/java.util.concurrent.ForkJoinWorkerThread.run(ForkJoinWorkerThread.java:183)
Caused by: org.eclipse.lsp4j.jsonrpc.JsonRpcException: java.io.IOException: 파이프가 닫히는 중입니다
	at org.eclipse.lsp4j.jsonrpc.json.StreamMessageConsumer.consume(StreamMessageConsumer.java:72)
	at org.eclipse.lsp4e.LanguageServerWrapper.lambda$4(LanguageServerWrapper.java:260)
	at org.eclipse.lsp4j.jsonrpc.RemoteEndpoint.request(RemoteEndpoint.java:161)
	at org.eclipse.lsp4j.jsonrpc.services.EndpointProxy.invoke(EndpointProxy.java:91)
	at com.sun.proxy.$Proxy66.shutdown(Unknown Source)
	at org.eclipse.lsp4e.LanguageServerWrapper.lambda$13(LanguageServerWrapper.java:423)
	... 7 more
Caused by: java.io.IOException: 파이프가 닫히는 중입니다
	at java.base/java.io.FileOutputStream.writeBytes(Native Method)
	at java.base/java.io.FileOutputStream.write(FileOutputStream.java:354)
	at java.base/java.io.BufferedOutputStream.flushBuffer(BufferedOutputStream.java:81)
	at java.base/java.io.BufferedOutputStream.flush(BufferedOutputStream.java:142)
	at org.eclipse.lsp4j.jsonrpc.json.StreamMessageConsumer.consume(StreamMessageConsumer.java:69)
	... 12 more

!ENTRY org.springframework.tooling.ls.eclipse.commons 1 0 2025-06-19 16:52:12.544
!MESSAGE Entering DelegatingStreamConnectionProvider()

!ENTRY org.springframework.tooling.ls.eclipse.commons 1 0 2025-06-19 16:52:12.544
!MESSAGE DelegatingStreamConnectionProvider classloader = org.eclipse.osgi.internal.loader.EquinoxClassLoader@56fdb4db[org.springframework.tooling.boot.ls:1.28.0.202109130547(id=1001)]

!ENTRY org.springframework.tooling.ls.eclipse.commons 1 0 2025-06-19 16:52:12.545
!MESSAGE Entering DelegatingStreamConnectionProvider()

!ENTRY org.springframework.tooling.ls.eclipse.commons 1 0 2025-06-19 16:52:12.545
!MESSAGE Entering DelegatingStreamConnectionProvider()

!ENTRY org.eclipse.lsp4e 4 0 2025-06-19 16:52:12.545
!MESSAGE org.eclipse.lsp4j.jsonrpc.JsonRpcException: java.io.IOException: 파이프가 닫히는 중입니다
!STACK 0
java.util.concurrent.ExecutionException: org.eclipse.lsp4j.jsonrpc.JsonRpcException: java.io.IOException: 파이프가 닫히는 중입니다
	at java.base/java.util.concurrent.CompletableFuture.reportGet(CompletableFuture.java:395)
	at java.base/java.util.concurrent.CompletableFuture.get(CompletableFuture.java:2028)
	at org.eclipse.lsp4e.LanguageServerWrapper.lambda$13(LanguageServerWrapper.java:425)
	at java.base/java.util.concurrent.CompletableFuture$AsyncRun.run(CompletableFuture.java:1736)
	at java.base/java.util.concurrent.CompletableFuture$AsyncRun.exec(CompletableFuture.java:1728)
	at java.base/java.util.concurrent.ForkJoinTask.doExec(ForkJoinTask.java:290)
	at java.base/java.util.concurrent.ForkJoinPool$WorkQueue.topLevelExec(ForkJoinPool.java:1020)
	at java.base/java.util.concurrent.ForkJoinPool.scan(ForkJoinPool.java:1656)
	at java.base/java.util.concurrent.ForkJoinPool.runWorker(ForkJoinPool.java:1594)
	at java.base/java.util.concurrent.ForkJoinWorkerThread.run(ForkJoinWorkerThread.java:183)
Caused by: org.eclipse.lsp4j.jsonrpc.JsonRpcException: java.io.IOException: 파이프가 닫히는 중입니다
	at org.eclipse.lsp4j.jsonrpc.json.StreamMessageConsumer.consume(StreamMessageConsumer.java:72)
	at org.eclipse.lsp4e.LanguageServerWrapper.lambda$4(LanguageServerWrapper.java:260)
	at org.eclipse.lsp4j.jsonrpc.RemoteEndpoint.request(RemoteEndpoint.java:161)
	at org.eclipse.lsp4j.jsonrpc.services.EndpointProxy.invoke(EndpointProxy.java:91)
	at com.sun.proxy.$Proxy66.shutdown(Unknown Source)
	at org.eclipse.lsp4e.LanguageServerWrapper.lambda$13(LanguageServerWrapper.java:423)
	... 7 more
Caused by: java.io.IOException: 파이프가 닫히는 중입니다
	at java.base/java.io.FileOutputStream.writeBytes(Native Method)
	at java.base/java.io.FileOutputStream.write(FileOutputStream.java:354)
	at java.base/java.io.BufferedOutputStream.flushBuffer(BufferedOutputStream.java:81)
	at java.base/java.io.BufferedOutputStream.flush(BufferedOutputStream.java:142)
	at org.eclipse.lsp4j.jsonrpc.json.StreamMessageConsumer.consume(StreamMessageConsumer.java:69)
	... 12 more

!ENTRY org.eclipse.lsp4e 4 0 2025-06-19 16:52:12.545
!MESSAGE org.eclipse.lsp4j.jsonrpc.JsonRpcException: java.io.IOException: 파이프가 닫히는 중입니다
!STACK 0
java.util.concurrent.ExecutionException: org.eclipse.lsp4j.jsonrpc.JsonRpcException: java.io.IOException: 파이프가 닫히는 중입니다
	at java.base/java.util.concurrent.CompletableFuture.reportGet(CompletableFuture.java:395)
	at java.base/java.util.concurrent.CompletableFuture.get(CompletableFuture.java:2028)
	at org.eclipse.lsp4e.LanguageServerWrapper.lambda$13(LanguageServerWrapper.java:425)
	at java.base/java.util.concurrent.CompletableFuture$AsyncRun.run(CompletableFuture.java:1736)
	at java.base/java.util.concurrent.CompletableFuture$AsyncRun.exec(CompletableFuture.java:1728)
	at java.base/java.util.concurrent.ForkJoinTask.doExec(ForkJoinTask.java:290)
	at java.base/java.util.concurrent.ForkJoinPool$WorkQueue.topLevelExec(ForkJoinPool.java:1020)
	at java.base/java.util.concurrent.ForkJoinPool.scan(ForkJoinPool.java:1656)
	at java.base/java.util.concurrent.ForkJoinPool.runWorker(ForkJoinPool.java:1594)
	at java.base/java.util.concurrent.ForkJoinWorkerThread.run(ForkJoinWorkerThread.java:183)
Caused by: org.eclipse.lsp4j.jsonrpc.JsonRpcException: java.io.IOException: 파이프가 닫히는 중입니다
	at org.eclipse.lsp4j.jsonrpc.json.StreamMessageConsumer.consume(StreamMessageConsumer.java:72)
	at org.eclipse.lsp4e.LanguageServerWrapper.lambda$4(LanguageServerWrapper.java:260)
	at org.eclipse.lsp4j.jsonrpc.RemoteEndpoint.request(RemoteEndpoint.java:161)
	at org.eclipse.lsp4j.jsonrpc.services.EndpointProxy.invoke(EndpointProxy.java:91)
	at com.sun.proxy.$Proxy66.shutdown(Unknown Source)
	at org.eclipse.lsp4e.LanguageServerWrapper.lambda$13(LanguageServerWrapper.java:423)
	... 7 more
Caused by: java.io.IOException: 파이프가 닫히는 중입니다
	at java.base/java.io.FileOutputStream.writeBytes(Native Method)
	at java.base/java.io.FileOutputStream.write(FileOutputStream.java:354)
	at java.base/java.io.BufferedOutputStream.flushBuffer(BufferedOutputStream.java:81)
	at java.base/java.io.BufferedOutputStream.flush(BufferedOutputStream.java:142)
	at org.eclipse.lsp4j.jsonrpc.json.StreamMessageConsumer.consume(StreamMessageConsumer.java:69)
	... 12 more

!ENTRY org.springframework.tooling.ls.eclipse.commons 1 0 2025-06-19 16:52:12.545
!MESSAGE Entering DelegatingStreamConnectionProvider()

!ENTRY org.springframework.tooling.ls.eclipse.commons 1 0 2025-06-19 16:52:12.545
!MESSAGE DelegatingStreamConnectionProvider classloader = org.eclipse.osgi.internal.loader.EquinoxClassLoader@56fdb4db[org.springframework.tooling.boot.ls:1.28.0.202109130547(id=1001)]

!ENTRY org.springframework.tooling.ls.eclipse.commons 1 0 2025-06-19 16:52:12.546
!MESSAGE Entering DelegatingStreamConnectionProvider()

!ENTRY org.springframework.tooling.ls.eclipse.commons 1 0 2025-06-19 16:52:12.546
!MESSAGE Entering DelegatingStreamConnectionProvider()

!ENTRY org.eclipse.lsp4e 4 0 2025-06-19 16:52:12.546
!MESSAGE org.eclipse.lsp4j.jsonrpc.JsonRpcException: java.io.IOException: 파이프가 닫히는 중입니다
!STACK 0
java.util.concurrent.ExecutionException: org.eclipse.lsp4j.jsonrpc.JsonRpcException: java.io.IOException: 파이프가 닫히는 중입니다
	at java.base/java.util.concurrent.CompletableFuture.reportGet(CompletableFuture.java:395)
	at java.base/java.util.concurrent.CompletableFuture.get(CompletableFuture.java:2028)
	at org.eclipse.lsp4e.LanguageServerWrapper.lambda$13(LanguageServerWrapper.java:425)
	at java.base/java.util.concurrent.CompletableFuture$AsyncRun.run(CompletableFuture.java:1736)
	at java.base/java.util.concurrent.CompletableFuture$AsyncRun.exec(CompletableFuture.java:1728)
	at java.base/java.util.concurrent.ForkJoinTask.doExec(ForkJoinTask.java:290)
	at java.base/java.util.concurrent.ForkJoinPool$WorkQueue.topLevelExec(ForkJoinPool.java:1020)
	at java.base/java.util.concurrent.ForkJoinPool.scan(ForkJoinPool.java:1656)
	at java.base/java.util.concurrent.ForkJoinPool.runWorker(ForkJoinPool.java:1594)
	at java.base/java.util.concurrent.ForkJoinWorkerThread.run(ForkJoinWorkerThread.java:183)
Caused by: org.eclipse.lsp4j.jsonrpc.JsonRpcException: java.io.IOException: 파이프가 닫히는 중입니다
	at org.eclipse.lsp4j.jsonrpc.json.StreamMessageConsumer.consume(StreamMessageConsumer.java:72)
	at org.eclipse.lsp4e.LanguageServerWrapper.lambda$4(LanguageServerWrapper.java:260)
	at org.eclipse.lsp4j.jsonrpc.RemoteEndpoint.request(RemoteEndpoint.java:161)
	at org.eclipse.lsp4j.jsonrpc.services.EndpointProxy.invoke(EndpointProxy.java:91)
	at com.sun.proxy.$Proxy66.shutdown(Unknown Source)
	at org.eclipse.lsp4e.LanguageServerWrapper.lambda$13(LanguageServerWrapper.java:423)
	... 7 more
Caused by: java.io.IOException: 파이프가 닫히는 중입니다
	at java.base/java.io.FileOutputStream.writeBytes(Native Method)
	at java.base/java.io.FileOutputStream.write(FileOutputStream.java:354)
	at java.base/java.io.BufferedOutputStream.flushBuffer(BufferedOutputStream.java:81)
	at java.base/java.io.BufferedOutputStream.flush(BufferedOutputStream.java:142)
	at org.eclipse.lsp4j.jsonrpc.json.StreamMessageConsumer.consume(StreamMessageConsumer.java:69)
	... 12 more

!ENTRY org.springframework.tooling.ls.eclipse.commons 1 0 2025-06-19 16:52:12.546
!MESSAGE Entering DelegatingStreamConnectionProvider()

!ENTRY org.springframework.tooling.ls.eclipse.commons 1 0 2025-06-19 16:52:12.546
!MESSAGE Entering DelegatingStreamConnectionProvider()

!ENTRY org.eclipse.lsp4e 4 0 2025-06-19 16:52:12.547
!MESSAGE org.eclipse.lsp4j.jsonrpc.JsonRpcException: java.io.IOException: 파이프가 닫히는 중입니다
!STACK 0
java.util.concurrent.ExecutionException: org.eclipse.lsp4j.jsonrpc.JsonRpcException: java.io.IOException: 파이프가 닫히는 중입니다
	at java.base/java.util.concurrent.CompletableFuture.reportGet(CompletableFuture.java:395)
	at java.base/java.util.concurrent.CompletableFuture.get(CompletableFuture.java:2028)
	at org.eclipse.lsp4e.LanguageServerWrapper.lambda$13(LanguageServerWrapper.java:425)
	at java.base/java.util.concurrent.CompletableFuture$AsyncRun.run(CompletableFuture.java:1736)
	at java.base/java.util.concurrent.CompletableFuture$AsyncRun.exec(CompletableFuture.java:1728)
	at java.base/java.util.concurrent.ForkJoinTask.doExec(ForkJoinTask.java:290)
	at java.base/java.util.concurrent.ForkJoinPool$WorkQueue.topLevelExec(ForkJoinPool.java:1020)
	at java.base/java.util.concurrent.ForkJoinPool.scan(ForkJoinPool.java:1656)
	at java.base/java.util.concurrent.ForkJoinPool.runWorker(ForkJoinPool.java:1594)
	at java.base/java.util.concurrent.ForkJoinWorkerThread.run(ForkJoinWorkerThread.java:183)
Caused by: org.eclipse.lsp4j.jsonrpc.JsonRpcException: java.io.IOException: 파이프가 닫히는 중입니다
	at org.eclipse.lsp4j.jsonrpc.json.StreamMessageConsumer.consume(StreamMessageConsumer.java:72)
	at org.eclipse.lsp4e.LanguageServerWrapper.lambda$4(LanguageServerWrapper.java:260)
	at org.eclipse.lsp4j.jsonrpc.RemoteEndpoint.request(RemoteEndpoint.java:161)
	at org.eclipse.lsp4j.jsonrpc.services.EndpointProxy.invoke(EndpointProxy.java:91)
	at com.sun.proxy.$Proxy66.shutdown(Unknown Source)
	at org.eclipse.lsp4e.LanguageServerWrapper.lambda$13(LanguageServerWrapper.java:423)
	... 7 more
Caused by: java.io.IOException: 파이프가 닫히는 중입니다
	at java.base/java.io.FileOutputStream.writeBytes(Native Method)
	at java.base/java.io.FileOutputStream.write(FileOutputStream.java:354)
	at java.base/java.io.BufferedOutputStream.flushBuffer(BufferedOutputStream.java:81)
	at java.base/java.io.BufferedOutputStream.flush(BufferedOutputStream.java:142)
	at org.eclipse.lsp4j.jsonrpc.json.StreamMessageConsumer.consume(StreamMessageConsumer.java:69)
	... 12 more

!ENTRY org.springframework.tooling.ls.eclipse.commons 1 0 2025-06-19 16:52:12.547
!MESSAGE DelegatingStreamConnectionProvider classloader = org.eclipse.osgi.internal.loader.EquinoxClassLoader@56fdb4db[org.springframework.tooling.boot.ls:1.28.0.202109130547(id=1001)]

!ENTRY org.springframework.tooling.ls.eclipse.commons 1 0 2025-06-19 16:52:12.547
!MESSAGE Entering DelegatingStreamConnectionProvider()

!ENTRY org.springframework.tooling.ls.eclipse.commons 1 0 2025-06-19 16:52:12.547
!MESSAGE DelegatingStreamConnectionProvider classloader = org.eclipse.osgi.internal.loader.EquinoxClassLoader@56fdb4db[org.springframework.tooling.boot.ls:1.28.0.202109130547(id=1001)]

!ENTRY org.springframework.tooling.ls.eclipse.commons 1 0 2025-06-19 16:52:12.547
!MESSAGE DelegatingStreamConnectionProvider classloader = org.eclipse.osgi.internal.loader.EquinoxClassLoader@56fdb4db[org.springframework.tooling.boot.ls:1.28.0.202109130547(id=1001)]

!ENTRY org.springframework.tooling.ls.eclipse.commons 1 0 2025-06-19 16:52:12.547
!MESSAGE DelegatingStreamConnectionProvider classloader = org.eclipse.osgi.internal.loader.EquinoxClassLoader@56fdb4db[org.springframework.tooling.boot.ls:1.28.0.202109130547(id=1001)]

!ENTRY org.springframework.tooling.ls.eclipse.commons 1 0 2025-06-19 16:52:12.548
!MESSAGE SpringBootLanguageServer exists!

!ENTRY org.eclipse.lsp4e 4 0 2025-06-19 16:52:12.548
!MESSAGE org.eclipse.lsp4j.jsonrpc.JsonRpcException: java.io.IOException: 파이프가 닫히는 중입니다
!STACK 0
java.util.concurrent.ExecutionException: org.eclipse.lsp4j.jsonrpc.JsonRpcException: java.io.IOException: 파이프가 닫히는 중입니다
	at java.base/java.util.concurrent.CompletableFuture.reportGet(CompletableFuture.java:395)
	at java.base/java.util.concurrent.CompletableFuture.get(CompletableFuture.java:2028)
	at org.eclipse.lsp4e.LanguageServerWrapper.lambda$13(LanguageServerWrapper.java:425)
	at java.base/java.util.concurrent.CompletableFuture$AsyncRun.run(CompletableFuture.java:1736)
	at java.base/java.util.concurrent.CompletableFuture$AsyncRun.exec(CompletableFuture.java:1728)
	at java.base/java.util.concurrent.ForkJoinTask.doExec(ForkJoinTask.java:290)
	at java.base/java.util.concurrent.ForkJoinPool$WorkQueue.topLevelExec(ForkJoinPool.java:1020)
	at java.base/java.util.concurrent.ForkJoinPool.scan(ForkJoinPool.java:1656)
	at java.base/java.util.concurrent.ForkJoinPool.runWorker(ForkJoinPool.java:1594)
	at java.base/java.util.concurrent.ForkJoinWorkerThread.run(ForkJoinWorkerThread.java:183)
Caused by: org.eclipse.lsp4j.jsonrpc.JsonRpcException: java.io.IOException: 파이프가 닫히는 중입니다
	at org.eclipse.lsp4j.jsonrpc.json.StreamMessageConsumer.consume(StreamMessageConsumer.java:72)
	at org.eclipse.lsp4e.LanguageServerWrapper.lambda$4(LanguageServerWrapper.java:260)
	at org.eclipse.lsp4j.jsonrpc.RemoteEndpoint.request(RemoteEndpoint.java:161)
	at org.eclipse.lsp4j.jsonrpc.services.EndpointProxy.invoke(EndpointProxy.java:91)
	at com.sun.proxy.$Proxy66.shutdown(Unknown Source)
	at org.eclipse.lsp4e.LanguageServerWrapper.lambda$13(LanguageServerWrapper.java:423)
	... 7 more
Caused by: java.io.IOException: 파이프가 닫히는 중입니다
	at java.base/java.io.FileOutputStream.writeBytes(Native Method)
	at java.base/java.io.FileOutputStream.write(FileOutputStream.java:354)
	at java.base/java.io.BufferedOutputStream.flushBuffer(BufferedOutputStream.java:81)
	at java.base/java.io.BufferedOutputStream.flush(BufferedOutputStream.java:142)
	at org.eclipse.lsp4j.jsonrpc.json.StreamMessageConsumer.consume(StreamMessageConsumer.java:69)
	... 12 more

!ENTRY org.springframework.tooling.ls.eclipse.commons 1 0 2025-06-19 16:52:12.548
!MESSAGE DelegatingStreamConnectionProvider classloader = org.eclipse.osgi.internal.loader.EquinoxClassLoader@56fdb4db[org.springframework.tooling.boot.ls:1.28.0.202109130547(id=1001)]

!ENTRY org.springframework.tooling.ls.eclipse.commons 1 0 2025-06-19 16:52:12.548
!MESSAGE Entering DelegatingStreamConnectionProvider()

!ENTRY org.springframework.tooling.ls.eclipse.commons 1 0 2025-06-19 16:52:12.548
!MESSAGE DelegatingStreamConnectionProvider classloader = org.eclipse.osgi.internal.loader.EquinoxClassLoader@56fdb4db[org.springframework.tooling.boot.ls:1.28.0.202109130547(id=1001)]

!ENTRY org.springframework.tooling.ls.eclipse.commons 1 0 2025-06-19 16:52:12.548
!MESSAGE SpringBootLanguageServer exists!

!ENTRY org.springframework.tooling.ls.eclipse.commons 1 0 2025-06-19 16:52:12.548
!MESSAGE SpringBootLanguageServer exists!

!ENTRY org.eclipse.lsp4e 4 0 2025-06-19 16:52:12.549
!MESSAGE org.eclipse.lsp4j.jsonrpc.JsonRpcException: java.io.IOException: 파이프가 닫히는 중입니다
!STACK 0
java.util.concurrent.ExecutionException: org.eclipse.lsp4j.jsonrpc.JsonRpcException: java.io.IOException: 파이프가 닫히는 중입니다
	at java.base/java.util.concurrent.CompletableFuture.reportGet(CompletableFuture.java:395)
	at java.base/java.util.concurrent.CompletableFuture.get(CompletableFuture.java:2028)
	at org.eclipse.lsp4e.LanguageServerWrapper.lambda$13(LanguageServerWrapper.java:425)
	at java.base/java.util.concurrent.CompletableFuture$AsyncRun.run(CompletableFuture.java:1736)
	at java.base/java.util.concurrent.CompletableFuture$AsyncRun.exec(CompletableFuture.java:1728)
	at java.base/java.util.concurrent.ForkJoinTask.doExec(ForkJoinTask.java:290)
	at java.base/java.util.concurrent.ForkJoinPool$WorkQueue.topLevelExec(ForkJoinPool.java:1020)
	at java.base/java.util.concurrent.ForkJoinPool.scan(ForkJoinPool.java:1656)
	at java.base/java.util.concurrent.ForkJoinPool.runWorker(ForkJoinPool.java:1594)
	at java.base/java.util.concurrent.ForkJoinWorkerThread.run(ForkJoinWorkerThread.java:183)
Caused by: org.eclipse.lsp4j.jsonrpc.JsonRpcException: java.io.IOException: 파이프가 닫히는 중입니다
	at org.eclipse.lsp4j.jsonrpc.json.StreamMessageConsumer.consume(StreamMessageConsumer.java:72)
	at org.eclipse.lsp4e.LanguageServerWrapper.lambda$4(LanguageServerWrapper.java:260)
	at org.eclipse.lsp4j.jsonrpc.RemoteEndpoint.request(RemoteEndpoint.java:161)
	at org.eclipse.lsp4j.jsonrpc.services.EndpointProxy.invoke(EndpointProxy.java:91)
	at com.sun.proxy.$Proxy66.shutdown(Unknown Source)
	at org.eclipse.lsp4e.LanguageServerWrapper.lambda$13(LanguageServerWrapper.java:423)
	... 7 more
Caused by: java.io.IOException: 파이프가 닫히는 중입니다
	at java.base/java.io.FileOutputStream.writeBytes(Native Method)
	at java.base/java.io.FileOutputStream.write(FileOutputStream.java:354)
	at java.base/java.io.BufferedOutputStream.flushBuffer(BufferedOutputStream.java:81)
	at java.base/java.io.BufferedOutputStream.flush(BufferedOutputStream.java:142)
	at org.eclipse.lsp4j.jsonrpc.json.StreamMessageConsumer.consume(StreamMessageConsumer.java:69)
	... 12 more

!ENTRY org.springframework.tooling.ls.eclipse.commons 1 0 2025-06-19 16:52:12.549
!MESSAGE Entering DelegatingStreamConnectionProvider()

!ENTRY org.springframework.tooling.ls.eclipse.commons 1 0 2025-06-19 16:52:12.549
!MESSAGE DelegatingStreamConnectionProvider classloader = org.eclipse.osgi.internal.loader.EquinoxClassLoader@56fdb4db[org.springframework.tooling.boot.ls:1.28.0.202109130547(id=1001)]

!ENTRY org.springframework.tooling.ls.eclipse.commons 1 0 2025-06-19 16:52:12.549
!MESSAGE SpringBootLanguageServer exists!

!ENTRY org.springframework.tooling.ls.eclipse.commons 1 0 2025-06-19 16:52:12.549
!MESSAGE Entering DelegatingStreamConnectionProvider()

!ENTRY org.springframework.tooling.ls.eclipse.commons 1 0 2025-06-19 16:52:12.551
!MESSAGE Entering DelegatingStreamConnectionProvider()

!ENTRY org.springframework.tooling.ls.eclipse.commons 1 0 2025-06-19 16:52:12.551
!MESSAGE DelegatingStreamConnectionProvider classloader = org.eclipse.osgi.internal.loader.EquinoxClassLoader@56fdb4db[org.springframework.tooling.boot.ls:1.28.0.202109130547(id=1001)]

!ENTRY org.eclipse.lsp4e 4 0 2025-06-19 16:52:12.551
!MESSAGE org.eclipse.lsp4j.jsonrpc.JsonRpcException: java.io.IOException: 파이프가 닫히는 중입니다
!STACK 0
java.util.concurrent.ExecutionException: org.eclipse.lsp4j.jsonrpc.JsonRpcException: java.io.IOException: 파이프가 닫히는 중입니다
	at java.base/java.util.concurrent.CompletableFuture.reportGet(CompletableFuture.java:395)
	at java.base/java.util.concurrent.CompletableFuture.get(CompletableFuture.java:2028)
	at org.eclipse.lsp4e.LanguageServerWrapper.lambda$13(LanguageServerWrapper.java:425)
	at java.base/java.util.concurrent.CompletableFuture$AsyncRun.run(CompletableFuture.java:1736)
	at java.base/java.util.concurrent.CompletableFuture$AsyncRun.exec(CompletableFuture.java:1728)
	at java.base/java.util.concurrent.ForkJoinTask.doExec(ForkJoinTask.java:290)
	at java.base/java.util.concurrent.ForkJoinPool$WorkQueue.topLevelExec(ForkJoinPool.java:1020)
	at java.base/java.util.concurrent.ForkJoinPool.scan(ForkJoinPool.java:1656)
	at java.base/java.util.concurrent.ForkJoinPool.runWorker(ForkJoinPool.java:1594)
	at java.base/java.util.concurrent.ForkJoinWorkerThread.run(ForkJoinWorkerThread.java:183)
Caused by: org.eclipse.lsp4j.jsonrpc.JsonRpcException: java.io.IOException: 파이프가 닫히는 중입니다
	at org.eclipse.lsp4j.jsonrpc.json.StreamMessageConsumer.consume(StreamMessageConsumer.java:72)
	at org.eclipse.lsp4e.LanguageServerWrapper.lambda$4(LanguageServerWrapper.java:260)
	at org.eclipse.lsp4j.jsonrpc.RemoteEndpoint.request(RemoteEndpoint.java:161)
	at org.eclipse.lsp4j.jsonrpc.services.EndpointProxy.invoke(EndpointProxy.java:91)
	at com.sun.proxy.$Proxy66.shutdown(Unknown Source)
	at org.eclipse.lsp4e.LanguageServerWrapper.lambda$13(LanguageServerWrapper.java:423)
	... 7 more
Caused by: java.io.IOException: 파이프가 닫히는 중입니다
	at java.base/java.io.FileOutputStream.writeBytes(Native Method)
	at java.base/java.io.FileOutputStream.write(FileOutputStream.java:354)
	at java.base/java.io.BufferedOutputStream.flushBuffer(BufferedOutputStream.java:81)
	at java.base/java.io.BufferedOutputStream.flush(BufferedOutputStream.java:142)
	at org.eclipse.lsp4j.jsonrpc.json.StreamMessageConsumer.consume(StreamMessageConsumer.java:69)
	... 12 more

!ENTRY org.springframework.tooling.ls.eclipse.commons 1 0 2025-06-19 16:52:12.551
!MESSAGE DelegatingStreamConnectionProvider classloader = org.eclipse.osgi.internal.loader.EquinoxClassLoader@56fdb4db[org.springframework.tooling.boot.ls:1.28.0.202109130547(id=1001)]

!ENTRY org.springframework.tooling.ls.eclipse.commons 1 0 2025-06-19 16:52:12.551
!MESSAGE SpringBootLanguageServer exists!

!ENTRY org.springframework.tooling.ls.eclipse.commons 1 0 2025-06-19 16:52:12.552
!MESSAGE SpringBootLanguageServer exists!

!ENTRY org.springframework.tooling.ls.eclipse.commons 1 0 2025-06-19 16:52:12.552
!MESSAGE SpringBootLanguageServer exists!

!ENTRY org.springframework.tooling.ls.eclipse.commons 1 0 2025-06-19 16:52:12.552
!MESSAGE SpringBootLanguageServer exists!

!ENTRY org.eclipse.lsp4e 4 0 2025-06-19 16:52:12.552
!MESSAGE org.eclipse.lsp4j.jsonrpc.JsonRpcException: java.io.IOException: 파이프가 닫히는 중입니다
!STACK 0
java.util.concurrent.ExecutionException: org.eclipse.lsp4j.jsonrpc.JsonRpcException: java.io.IOException: 파이프가 닫히는 중입니다
	at java.base/java.util.concurrent.CompletableFuture.reportGet(CompletableFuture.java:395)
	at java.base/java.util.concurrent.CompletableFuture.get(CompletableFuture.java:2028)
	at org.eclipse.lsp4e.LanguageServerWrapper.lambda$13(LanguageServerWrapper.java:425)
	at java.base/java.util.concurrent.CompletableFuture$AsyncRun.run(CompletableFuture.java:1736)
	at java.base/java.util.concurrent.CompletableFuture$AsyncRun.exec(CompletableFuture.java:1728)
	at java.base/java.util.concurrent.ForkJoinTask.doExec(ForkJoinTask.java:290)
	at java.base/java.util.concurrent.ForkJoinPool$WorkQueue.topLevelExec(ForkJoinPool.java:1020)
	at java.base/java.util.concurrent.ForkJoinPool.scan(ForkJoinPool.java:1656)
	at java.base/java.util.concurrent.ForkJoinPool.runWorker(ForkJoinPool.java:1594)
	at java.base/java.util.concurrent.ForkJoinWorkerThread.run(ForkJoinWorkerThread.java:183)
Caused by: org.eclipse.lsp4j.jsonrpc.JsonRpcException: java.io.IOException: 파이프가 닫히는 중입니다
	at org.eclipse.lsp4j.jsonrpc.json.StreamMessageConsumer.consume(StreamMessageConsumer.java:72)
	at org.eclipse.lsp4e.LanguageServerWrapper.lambda$4(LanguageServerWrapper.java:260)
	at org.eclipse.lsp4j.jsonrpc.RemoteEndpoint.request(RemoteEndpoint.java:161)
	at org.eclipse.lsp4j.jsonrpc.services.EndpointProxy.invoke(EndpointProxy.java:91)
	at com.sun.proxy.$Proxy66.shutdown(Unknown Source)
	at org.eclipse.lsp4e.LanguageServerWrapper.lambda$13(LanguageServerWrapper.java:423)
	... 7 more
Caused by: java.io.IOException: 파이프가 닫히는 중입니다
	at java.base/java.io.FileOutputStream.writeBytes(Native Method)
	at java.base/java.io.FileOutputStream.write(FileOutputStream.java:354)
	at java.base/java.io.BufferedOutputStream.flushBuffer(BufferedOutputStream.java:81)
	at java.base/java.io.BufferedOutputStream.flush(BufferedOutputStream.java:142)
	at org.eclipse.lsp4j.jsonrpc.json.StreamMessageConsumer.consume(StreamMessageConsumer.java:69)
	... 12 more

!ENTRY org.springframework.tooling.ls.eclipse.commons 1 0 2025-06-19 16:52:12.553
!MESSAGE DelegatingStreamConnectionProvider classloader = org.eclipse.osgi.internal.loader.EquinoxClassLoader@56fdb4db[org.springframework.tooling.boot.ls:1.28.0.202109130547(id=1001)]

!ENTRY org.springframework.tooling.ls.eclipse.commons 1 0 2025-06-19 16:52:12.553
!MESSAGE SpringBootLanguageServer exists!

!ENTRY org.springframework.tooling.ls.eclipse.commons 1 0 2025-06-19 16:52:12.553
!MESSAGE SpringBootLanguageServer exists!

!ENTRY org.springframework.tooling.ls.eclipse.commons 1 0 2025-06-19 16:52:12.553
!MESSAGE Entering DelegatingStreamConnectionProvider()

!ENTRY org.eclipse.lsp4e 4 0 2025-06-19 16:52:12.553
!MESSAGE org.eclipse.lsp4j.jsonrpc.JsonRpcException: java.io.IOException: 파이프가 닫히는 중입니다
!STACK 0
java.util.concurrent.ExecutionException: org.eclipse.lsp4j.jsonrpc.JsonRpcException: java.io.IOException: 파이프가 닫히는 중입니다
	at java.base/java.util.concurrent.CompletableFuture.reportGet(CompletableFuture.java:395)
	at java.base/java.util.concurrent.CompletableFuture.get(CompletableFuture.java:2028)
	at org.eclipse.lsp4e.LanguageServerWrapper.lambda$13(LanguageServerWrapper.java:425)
	at java.base/java.util.concurrent.CompletableFuture$AsyncRun.run(CompletableFuture.java:1736)
	at java.base/java.util.concurrent.CompletableFuture$AsyncRun.exec(CompletableFuture.java:1728)
	at java.base/java.util.concurrent.ForkJoinTask.doExec(ForkJoinTask.java:290)
	at java.base/java.util.concurrent.ForkJoinPool$WorkQueue.topLevelExec(ForkJoinPool.java:1020)
	at java.base/java.util.concurrent.ForkJoinPool.scan(ForkJoinPool.java:1656)
	at java.base/java.util.concurrent.ForkJoinPool.runWorker(ForkJoinPool.java:1594)
	at java.base/java.util.concurrent.ForkJoinWorkerThread.run(ForkJoinWorkerThread.java:183)
Caused by: org.eclipse.lsp4j.jsonrpc.JsonRpcException: java.io.IOException: 파이프가 닫히는 중입니다
	at org.eclipse.lsp4j.jsonrpc.json.StreamMessageConsumer.consume(StreamMessageConsumer.java:72)
	at org.eclipse.lsp4e.LanguageServerWrapper.lambda$4(LanguageServerWrapper.java:260)
	at org.eclipse.lsp4j.jsonrpc.RemoteEndpoint.request(RemoteEndpoint.java:161)
	at org.eclipse.lsp4j.jsonrpc.services.EndpointProxy.invoke(EndpointProxy.java:91)
	at com.sun.proxy.$Proxy66.shutdown(Unknown Source)
	at org.eclipse.lsp4e.LanguageServerWrapper.lambda$13(LanguageServerWrapper.java:423)
	... 7 more
Caused by: java.io.IOException: 파이프가 닫히는 중입니다
	at java.base/java.io.FileOutputStream.writeBytes(Native Method)
	at java.base/java.io.FileOutputStream.write(FileOutputStream.java:354)
	at java.base/java.io.BufferedOutputStream.flushBuffer(BufferedOutputStream.java:81)
	at java.base/java.io.BufferedOutputStream.flush(BufferedOutputStream.java:142)
	at org.eclipse.lsp4j.jsonrpc.json.StreamMessageConsumer.consume(StreamMessageConsumer.java:69)
	... 12 more

!ENTRY org.springframework.tooling.ls.eclipse.commons 1 0 2025-06-19 16:52:12.553
!MESSAGE Entering DelegatingStreamConnectionProvider()

!ENTRY org.springframework.tooling.ls.eclipse.commons 1 0 2025-06-19 16:52:12.554
!MESSAGE SpringBootLanguageServer exists!

!ENTRY org.springframework.tooling.ls.eclipse.commons 1 0 2025-06-19 16:52:12.554
!MESSAGE SpringBootLanguageServer exists!

!ENTRY org.springframework.tooling.ls.eclipse.commons 1 0 2025-06-19 16:52:12.554
!MESSAGE DelegatingStreamConnectionProvider classloader = org.eclipse.osgi.internal.loader.EquinoxClassLoader@56fdb4db[org.springframework.tooling.boot.ls:1.28.0.202109130547(id=1001)]

!ENTRY org.springframework.tooling.ls.eclipse.commons 1 0 2025-06-19 16:52:12.554
!MESSAGE DelegatingStreamConnectionProvider classloader = org.eclipse.osgi.internal.loader.EquinoxClassLoader@56fdb4db[org.springframework.tooling.boot.ls:1.28.0.202109130547(id=1001)]

!ENTRY org.eclipse.lsp4e 4 0 2025-06-19 16:52:12.554
!MESSAGE org.eclipse.lsp4j.jsonrpc.JsonRpcException: java.io.IOException: 파이프가 닫히는 중입니다
!STACK 0
java.util.concurrent.ExecutionException: org.eclipse.lsp4j.jsonrpc.JsonRpcException: java.io.IOException: 파이프가 닫히는 중입니다
	at java.base/java.util.concurrent.CompletableFuture.reportGet(CompletableFuture.java:395)
	at java.base/java.util.concurrent.CompletableFuture.get(CompletableFuture.java:2028)
	at org.eclipse.lsp4e.LanguageServerWrapper.lambda$13(LanguageServerWrapper.java:425)
	at java.base/java.util.concurrent.CompletableFuture$AsyncRun.run(CompletableFuture.java:1736)
	at java.base/java.util.concurrent.CompletableFuture$AsyncRun.exec(CompletableFuture.java:1728)
	at java.base/java.util.concurrent.ForkJoinTask.doExec(ForkJoinTask.java:290)
	at java.base/java.util.concurrent.ForkJoinPool$WorkQueue.topLevelExec(ForkJoinPool.java:1020)
	at java.base/java.util.concurrent.ForkJoinPool.scan(ForkJoinPool.java:1656)
	at java.base/java.util.concurrent.ForkJoinPool.runWorker(ForkJoinPool.java:1594)
	at java.base/java.util.concurrent.ForkJoinWorkerThread.run(ForkJoinWorkerThread.java:183)
Caused by: org.eclipse.lsp4j.jsonrpc.JsonRpcException: java.io.IOException: 파이프가 닫히는 중입니다
	at org.eclipse.lsp4j.jsonrpc.json.StreamMessageConsumer.consume(StreamMessageConsumer.java:72)
	at org.eclipse.lsp4e.LanguageServerWrapper.lambda$4(LanguageServerWrapper.java:260)
	at org.eclipse.lsp4j.jsonrpc.RemoteEndpoint.request(RemoteEndpoint.java:161)
	at org.eclipse.lsp4j.jsonrpc.services.EndpointProxy.invoke(EndpointProxy.java:91)
	at com.sun.proxy.$Proxy66.shutdown(Unknown Source)
	at org.eclipse.lsp4e.LanguageServerWrapper.lambda$13(LanguageServerWrapper.java:423)
	... 7 more
Caused by: java.io.IOException: 파이프가 닫히는 중입니다
	at java.base/java.io.FileOutputStream.writeBytes(Native Method)
	at java.base/java.io.FileOutputStream.write(FileOutputStream.java:354)
	at java.base/java.io.BufferedOutputStream.flushBuffer(BufferedOutputStream.java:81)
	at java.base/java.io.BufferedOutputStream.flush(BufferedOutputStream.java:142)
	at org.eclipse.lsp4j.jsonrpc.json.StreamMessageConsumer.consume(StreamMessageConsumer.java:69)
	... 12 more

!ENTRY org.springframework.tooling.ls.eclipse.commons 1 0 2025-06-19 16:52:12.554
!MESSAGE Entering DelegatingStreamConnectionProvider()

!ENTRY org.springframework.tooling.ls.eclipse.commons 1 0 2025-06-19 16:52:12.555
!MESSAGE DelegatingStreamConnectionProvider classloader = org.eclipse.osgi.internal.loader.EquinoxClassLoader@56fdb4db[org.springframework.tooling.boot.ls:1.28.0.202109130547(id=1001)]

!ENTRY org.springframework.tooling.ls.eclipse.commons 1 0 2025-06-19 16:52:12.555
!MESSAGE Entering DelegatingStreamConnectionProvider()

!ENTRY org.springframework.tooling.ls.eclipse.commons 1 0 2025-06-19 16:52:12.555
!MESSAGE DelegatingStreamConnectionProvider classloader = org.eclipse.osgi.internal.loader.EquinoxClassLoader@56fdb4db[org.springframework.tooling.boot.ls:1.28.0.202109130547(id=1001)]

!ENTRY org.eclipse.lsp4e 4 0 2025-06-19 16:52:12.555
!MESSAGE org.eclipse.lsp4j.jsonrpc.JsonRpcException: java.io.IOException: 파이프가 닫히는 중입니다
!STACK 0
java.util.concurrent.ExecutionException: org.eclipse.lsp4j.jsonrpc.JsonRpcException: java.io.IOException: 파이프가 닫히는 중입니다
	at java.base/java.util.concurrent.CompletableFuture.reportGet(CompletableFuture.java:395)
	at java.base/java.util.concurrent.CompletableFuture.get(CompletableFuture.java:2028)
	at org.eclipse.lsp4e.LanguageServerWrapper.lambda$13(LanguageServerWrapper.java:425)
	at java.base/java.util.concurrent.CompletableFuture$AsyncRun.run(CompletableFuture.java:1736)
	at java.base/java.util.concurrent.CompletableFuture$AsyncRun.exec(CompletableFuture.java:1728)
	at java.base/java.util.concurrent.ForkJoinTask.doExec(ForkJoinTask.java:290)
	at java.base/java.util.concurrent.ForkJoinPool$WorkQueue.topLevelExec(ForkJoinPool.java:1020)
	at java.base/java.util.concurrent.ForkJoinPool.scan(ForkJoinPool.java:1656)
	at java.base/java.util.concurrent.ForkJoinPool.runWorker(ForkJoinPool.java:1594)
	at java.base/java.util.concurrent.ForkJoinWorkerThread.run(ForkJoinWorkerThread.java:183)
Caused by: org.eclipse.lsp4j.jsonrpc.JsonRpcException: java.io.IOException: 파이프가 닫히는 중입니다
	at org.eclipse.lsp4j.jsonrpc.json.StreamMessageConsumer.consume(StreamMessageConsumer.java:72)
	at org.eclipse.lsp4e.LanguageServerWrapper.lambda$4(LanguageServerWrapper.java:260)
	at org.eclipse.lsp4j.jsonrpc.RemoteEndpoint.request(RemoteEndpoint.java:161)
	at org.eclipse.lsp4j.jsonrpc.services.EndpointProxy.invoke(EndpointProxy.java:91)
	at com.sun.proxy.$Proxy66.shutdown(Unknown Source)
	at org.eclipse.lsp4e.LanguageServerWrapper.lambda$13(LanguageServerWrapper.java:423)
	... 7 more
Caused by: java.io.IOException: 파이프가 닫히는 중입니다
	at java.base/java.io.FileOutputStream.writeBytes(Native Method)
	at java.base/java.io.FileOutputStream.write(FileOutputStream.java:354)
	at java.base/java.io.BufferedOutputStream.flushBuffer(BufferedOutputStream.java:81)
	at java.base/java.io.BufferedOutputStream.flush(BufferedOutputStream.java:142)
	at org.eclipse.lsp4j.jsonrpc.json.StreamMessageConsumer.consume(StreamMessageConsumer.java:69)
	... 12 more

!ENTRY org.springframework.tooling.ls.eclipse.commons 1 0 2025-06-19 16:52:12.555
!MESSAGE SpringBootLanguageServer exists!

!ENTRY org.eclipse.lsp4e 4 0 2025-06-19 16:52:12.555
!MESSAGE org.eclipse.lsp4j.jsonrpc.JsonRpcException: java.io.IOException: 파이프가 닫히는 중입니다
!STACK 0
java.util.concurrent.ExecutionException: org.eclipse.lsp4j.jsonrpc.JsonRpcException: java.io.IOException: 파이프가 닫히는 중입니다
	at java.base/java.util.concurrent.CompletableFuture.reportGet(CompletableFuture.java:395)
	at java.base/java.util.concurrent.CompletableFuture.get(CompletableFuture.java:2028)
	at org.eclipse.lsp4e.LanguageServerWrapper.lambda$13(LanguageServerWrapper.java:425)
	at java.base/java.util.concurrent.CompletableFuture$AsyncRun.run(CompletableFuture.java:1736)
	at java.base/java.util.concurrent.CompletableFuture$AsyncRun.exec(CompletableFuture.java:1728)
	at java.base/java.util.concurrent.ForkJoinTask.doExec(ForkJoinTask.java:290)
	at java.base/java.util.concurrent.ForkJoinPool$WorkQueue.topLevelExec(ForkJoinPool.java:1020)
	at java.base/java.util.concurrent.ForkJoinPool.scan(ForkJoinPool.java:1656)
	at java.base/java.util.concurrent.ForkJoinPool.runWorker(ForkJoinPool.java:1594)
	at java.base/java.util.concurrent.ForkJoinWorkerThread.run(ForkJoinWorkerThread.java:183)
Caused by: org.eclipse.lsp4j.jsonrpc.JsonRpcException: java.io.IOException: 파이프가 닫히는 중입니다
	at org.eclipse.lsp4j.jsonrpc.json.StreamMessageConsumer.consume(StreamMessageConsumer.java:72)
	at org.eclipse.lsp4e.LanguageServerWrapper.lambda$4(LanguageServerWrapper.java:260)
	at org.eclipse.lsp4j.jsonrpc.RemoteEndpoint.request(RemoteEndpoint.java:161)
	at org.eclipse.lsp4j.jsonrpc.services.EndpointProxy.invoke(EndpointProxy.java:91)
	at com.sun.proxy.$Proxy66.shutdown(Unknown Source)
	at org.eclipse.lsp4e.LanguageServerWrapper.lambda$13(LanguageServerWrapper.java:423)
	... 7 more
Caused by: java.io.IOException: 파이프가 닫히는 중입니다
	at java.base/java.io.FileOutputStream.writeBytes(Native Method)
	at java.base/java.io.FileOutputStream.write(FileOutputStream.java:354)
	at java.base/java.io.BufferedOutputStream.flushBuffer(BufferedOutputStream.java:81)
	at java.base/java.io.BufferedOutputStream.flush(BufferedOutputStream.java:142)
	at org.eclipse.lsp4j.jsonrpc.json.StreamMessageConsumer.consume(StreamMessageConsumer.java:69)
	... 12 more

!ENTRY org.springframework.tooling.ls.eclipse.commons 1 0 2025-06-19 16:52:12.556
!MESSAGE SpringBootLanguageServer exists!

!ENTRY org.springframework.tooling.ls.eclipse.commons 1 0 2025-06-19 16:52:12.556
!MESSAGE Entering DelegatingStreamConnectionProvider()

!ENTRY org.springframework.tooling.ls.eclipse.commons 1 0 2025-06-19 16:52:12.556
!MESSAGE SpringBootLanguageServer exists!

!ENTRY org.springframework.tooling.ls.eclipse.commons 1 0 2025-06-19 16:52:12.556
!MESSAGE DelegatingStreamConnectionProvider classloader = org.eclipse.osgi.internal.loader.EquinoxClassLoader@56fdb4db[org.springframework.tooling.boot.ls:1.28.0.202109130547(id=1001)]

!ENTRY org.springframework.tooling.ls.eclipse.commons 1 0 2025-06-19 16:52:12.556
!MESSAGE SpringBootLanguageServer exists!

!ENTRY org.springframework.tooling.ls.eclipse.commons 1 0 2025-06-19 16:52:12.557
!MESSAGE SpringBootLanguageServer exists!

!ENTRY org.springframework.tooling.ls.eclipse.commons 1 0 2025-06-19 16:52:12.557
!MESSAGE DelegatingStreamConnectionProvider classloader = org.eclipse.osgi.internal.loader.EquinoxClassLoader@56fdb4db[org.springframework.tooling.boot.ls:1.28.0.202109130547(id=1001)]

!ENTRY org.springframework.tooling.ls.eclipse.commons 1 0 2025-06-19 16:52:12.557
!MESSAGE SpringBootLanguageServer exists!

!ENTRY org.eclipse.lsp4e 4 0 2025-06-19 16:52:12.557
!MESSAGE org.eclipse.lsp4j.jsonrpc.JsonRpcException: java.io.IOException: 파이프가 닫히는 중입니다
!STACK 0
java.util.concurrent.ExecutionException: org.eclipse.lsp4j.jsonrpc.JsonRpcException: java.io.IOException: 파이프가 닫히는 중입니다
	at java.base/java.util.concurrent.CompletableFuture.reportGet(CompletableFuture.java:395)
	at java.base/java.util.concurrent.CompletableFuture.get(CompletableFuture.java:2028)
	at org.eclipse.lsp4e.LanguageServerWrapper.lambda$13(LanguageServerWrapper.java:425)
	at java.base/java.util.concurrent.CompletableFuture$AsyncRun.run(CompletableFuture.java:1736)
	at java.base/java.util.concurrent.CompletableFuture$AsyncRun.exec(CompletableFuture.java:1728)
	at java.base/java.util.concurrent.ForkJoinTask.doExec(ForkJoinTask.java:290)
	at java.base/java.util.concurrent.ForkJoinPool$WorkQueue.topLevelExec(ForkJoinPool.java:1020)
	at java.base/java.util.concurrent.ForkJoinPool.scan(ForkJoinPool.java:1656)
	at java.base/java.util.concurrent.ForkJoinPool.runWorker(ForkJoinPool.java:1594)
	at java.base/java.util.concurrent.ForkJoinWorkerThread.run(ForkJoinWorkerThread.java:183)
Caused by: org.eclipse.lsp4j.jsonrpc.JsonRpcException: java.io.IOException: 파이프가 닫히는 중입니다
	at org.eclipse.lsp4j.jsonrpc.json.StreamMessageConsumer.consume(StreamMessageConsumer.java:72)
	at org.eclipse.lsp4e.LanguageServerWrapper.lambda$4(LanguageServerWrapper.java:260)
	at org.eclipse.lsp4j.jsonrpc.RemoteEndpoint.request(RemoteEndpoint.java:161)
	at org.eclipse.lsp4j.jsonrpc.services.EndpointProxy.invoke(EndpointProxy.java:91)
	at com.sun.proxy.$Proxy66.shutdown(Unknown Source)
	at org.eclipse.lsp4e.LanguageServerWrapper.lambda$13(LanguageServerWrapper.java:423)
	... 7 more
Caused by: java.io.IOException: 파이프가 닫히는 중입니다
	at java.base/java.io.FileOutputStream.writeBytes(Native Method)
	at java.base/java.io.FileOutputStream.write(FileOutputStream.java:354)
	at java.base/java.io.BufferedOutputStream.flushBuffer(BufferedOutputStream.java:81)
	at java.base/java.io.BufferedOutputStream.flush(BufferedOutputStream.java:142)
	at org.eclipse.lsp4j.jsonrpc.json.StreamMessageConsumer.consume(StreamMessageConsumer.java:69)
	... 12 more

!ENTRY org.springframework.tooling.ls.eclipse.commons 1 0 2025-06-19 16:52:12.557
!MESSAGE Entering DelegatingStreamConnectionProvider()

!ENTRY org.springframework.tooling.ls.eclipse.commons 1 0 2025-06-19 16:52:12.557
!MESSAGE DelegatingStreamConnectionProvider classloader = org.eclipse.osgi.internal.loader.EquinoxClassLoader@56fdb4db[org.springframework.tooling.boot.ls:1.28.0.202109130547(id=1001)]

!ENTRY org.springframework.tooling.ls.eclipse.commons 1 0 2025-06-19 16:52:12.557
!MESSAGE SpringBootLanguageServer exists!

!ENTRY org.eclipse.lsp4e 4 0 2025-06-19 16:52:12.563
!MESSAGE org.eclipse.lsp4j.jsonrpc.JsonRpcException: java.io.IOException: 파이프가 닫히는 중입니다
!STACK 0
java.util.concurrent.ExecutionException: org.eclipse.lsp4j.jsonrpc.JsonRpcException: java.io.IOException: 파이프가 닫히는 중입니다
	at java.base/java.util.concurrent.CompletableFuture.reportGet(CompletableFuture.java:395)
	at java.base/java.util.concurrent.CompletableFuture.get(CompletableFuture.java:2028)
	at org.eclipse.lsp4e.LanguageServerWrapper.lambda$13(LanguageServerWrapper.java:425)
	at java.base/java.util.concurrent.CompletableFuture$AsyncRun.run(CompletableFuture.java:1736)
	at java.base/java.util.concurrent.CompletableFuture$AsyncRun.exec(CompletableFuture.java:1728)
	at java.base/java.util.concurrent.ForkJoinTask.doExec(ForkJoinTask.java:290)
	at java.base/java.util.concurrent.ForkJoinPool$WorkQueue.topLevelExec(ForkJoinPool.java:1020)
	at java.base/java.util.concurrent.ForkJoinPool.scan(ForkJoinPool.java:1656)
	at java.base/java.util.concurrent.ForkJoinPool.runWorker(ForkJoinPool.java:1594)
	at java.base/java.util.concurrent.ForkJoinWorkerThread.run(ForkJoinWorkerThread.java:183)
Caused by: org.eclipse.lsp4j.jsonrpc.JsonRpcException: java.io.IOException: 파이프가 닫히는 중입니다
	at org.eclipse.lsp4j.jsonrpc.json.StreamMessageConsumer.consume(StreamMessageConsumer.java:72)
	at org.eclipse.lsp4e.LanguageServerWrapper.lambda$4(LanguageServerWrapper.java:260)
	at org.eclipse.lsp4j.jsonrpc.RemoteEndpoint.request(RemoteEndpoint.java:161)
	at org.eclipse.lsp4j.jsonrpc.services.EndpointProxy.invoke(EndpointProxy.java:91)
	at com.sun.proxy.$Proxy66.shutdown(Unknown Source)
	at org.eclipse.lsp4e.LanguageServerWrapper.lambda$13(LanguageServerWrapper.java:423)
	... 7 more
Caused by: java.io.IOException: 파이프가 닫히는 중입니다
	at java.base/java.io.FileOutputStream.writeBytes(Native Method)
	at java.base/java.io.FileOutputStream.write(FileOutputStream.java:354)
	at java.base/java.io.BufferedOutputStream.flushBuffer(BufferedOutputStream.java:81)
	at java.base/java.io.BufferedOutputStream.flush(BufferedOutputStream.java:142)
	at org.eclipse.lsp4j.jsonrpc.json.StreamMessageConsumer.consume(StreamMessageConsumer.java:69)
	... 12 more

!ENTRY org.springframework.tooling.ls.eclipse.commons 1 0 2025-06-19 16:52:12.563
!MESSAGE Entering DelegatingStreamConnectionProvider()

!ENTRY org.eclipse.lsp4e 4 0 2025-06-19 16:52:12.565
!MESSAGE org.eclipse.lsp4j.jsonrpc.JsonRpcException: java.io.IOException: 파이프가 닫히는 중입니다
!STACK 0
java.util.concurrent.ExecutionException: org.eclipse.lsp4j.jsonrpc.JsonRpcException: java.io.IOException: 파이프가 닫히는 중입니다
	at java.base/java.util.concurrent.CompletableFuture.reportGet(CompletableFuture.java:395)
	at java.base/java.util.concurrent.CompletableFuture.get(CompletableFuture.java:2028)
	at org.eclipse.lsp4e.LanguageServerWrapper.lambda$13(LanguageServerWrapper.java:425)
	at java.base/java.util.concurrent.CompletableFuture$AsyncRun.run(CompletableFuture.java:1736)
	at java.base/java.util.concurrent.CompletableFuture$AsyncRun.exec(CompletableFuture.java:1728)
	at java.base/java.util.concurrent.ForkJoinTask.doExec(ForkJoinTask.java:290)
	at java.base/java.util.concurrent.ForkJoinPool$WorkQueue.topLevelExec(ForkJoinPool.java:1020)
	at java.base/java.util.concurrent.ForkJoinPool.scan(ForkJoinPool.java:1656)
	at java.base/java.util.concurrent.ForkJoinPool.runWorker(ForkJoinPool.java:1594)
	at java.base/java.util.concurrent.ForkJoinWorkerThread.run(ForkJoinWorkerThread.java:183)
Caused by: org.eclipse.lsp4j.jsonrpc.JsonRpcException: java.io.IOException: 파이프가 닫히는 중입니다
	at org.eclipse.lsp4j.jsonrpc.json.StreamMessageConsumer.consume(StreamMessageConsumer.java:72)
	at org.eclipse.lsp4e.LanguageServerWrapper.lambda$4(LanguageServerWrapper.java:260)
	at org.eclipse.lsp4j.jsonrpc.RemoteEndpoint.request(RemoteEndpoint.java:161)
	at org.eclipse.lsp4j.jsonrpc.services.EndpointProxy.invoke(EndpointProxy.java:91)
	at com.sun.proxy.$Proxy66.shutdown(Unknown Source)
	at org.eclipse.lsp4e.LanguageServerWrapper.lambda$13(LanguageServerWrapper.java:423)
	... 7 more
Caused by: java.io.IOException: 파이프가 닫히는 중입니다
	at java.base/java.io.FileOutputStream.writeBytes(Native Method)
	at java.base/java.io.FileOutputStream.write(FileOutputStream.java:354)
	at java.base/java.io.BufferedOutputStream.flushBuffer(BufferedOutputStream.java:81)
	at java.base/java.io.BufferedOutputStream.flush(BufferedOutputStream.java:142)
	at org.eclipse.lsp4j.jsonrpc.json.StreamMessageConsumer.consume(StreamMessageConsumer.java:69)
	... 12 more

!ENTRY org.springframework.tooling.ls.eclipse.commons 1 0 2025-06-19 16:52:12.565
!MESSAGE DelegatingStreamConnectionProvider classloader = org.eclipse.osgi.internal.loader.EquinoxClassLoader@56fdb4db[org.springframework.tooling.boot.ls:1.28.0.202109130547(id=1001)]

!ENTRY org.springframework.tooling.ls.eclipse.commons 1 0 2025-06-19 16:52:12.565
!MESSAGE SpringBootLanguageServer exists!

!ENTRY org.eclipse.lsp4e 4 0 2025-06-19 16:52:12.565
!MESSAGE org.eclipse.lsp4j.jsonrpc.JsonRpcException: java.io.IOException: 파이프가 닫히는 중입니다
!STACK 0
java.util.concurrent.ExecutionException: org.eclipse.lsp4j.jsonrpc.JsonRpcException: java.io.IOException: 파이프가 닫히는 중입니다
	at java.base/java.util.concurrent.CompletableFuture.reportGet(CompletableFuture.java:395)
	at java.base/java.util.concurrent.CompletableFuture.get(CompletableFuture.java:2028)
	at org.eclipse.lsp4e.LanguageServerWrapper.lambda$13(LanguageServerWrapper.java:425)
	at java.base/java.util.concurrent.CompletableFuture$AsyncRun.run(CompletableFuture.java:1736)
	at java.base/java.util.concurrent.CompletableFuture$AsyncRun.exec(CompletableFuture.java:1728)
	at java.base/java.util.concurrent.ForkJoinTask.doExec(ForkJoinTask.java:290)
	at java.base/java.util.concurrent.ForkJoinPool$WorkQueue.topLevelExec(ForkJoinPool.java:1020)
	at java.base/java.util.concurrent.ForkJoinPool.scan(ForkJoinPool.java:1656)
	at java.base/java.util.concurrent.ForkJoinPool.runWorker(ForkJoinPool.java:1594)
	at java.base/java.util.concurrent.ForkJoinWorkerThread.run(ForkJoinWorkerThread.java:183)
Caused by: org.eclipse.lsp4j.jsonrpc.JsonRpcException: java.io.IOException: 파이프가 닫히는 중입니다
	at org.eclipse.lsp4j.jsonrpc.json.StreamMessageConsumer.consume(StreamMessageConsumer.java:72)
	at org.eclipse.lsp4e.LanguageServerWrapper.lambda$4(LanguageServerWrapper.java:260)
	at org.eclipse.lsp4j.jsonrpc.RemoteEndpoint.request(RemoteEndpoint.java:161)
	at org.eclipse.lsp4j.jsonrpc.services.EndpointProxy.invoke(EndpointProxy.java:91)
	at com.sun.proxy.$Proxy66.shutdown(Unknown Source)
	at org.eclipse.lsp4e.LanguageServerWrapper.lambda$13(LanguageServerWrapper.java:423)
	... 7 more
Caused by: java.io.IOException: 파이프가 닫히는 중입니다
	at java.base/java.io.FileOutputStream.writeBytes(Native Method)
	at java.base/java.io.FileOutputStream.write(FileOutputStream.java:354)
	at java.base/java.io.BufferedOutputStream.flushBuffer(BufferedOutputStream.java:81)
	at java.base/java.io.BufferedOutputStream.flush(BufferedOutputStream.java:142)
	at org.eclipse.lsp4j.jsonrpc.json.StreamMessageConsumer.consume(StreamMessageConsumer.java:69)
	... 12 more

!ENTRY org.springframework.tooling.ls.eclipse.commons 1 0 2025-06-19 16:52:12.566
!MESSAGE Entering DelegatingStreamConnectionProvider()

!ENTRY org.eclipse.lsp4e 4 0 2025-06-19 16:52:12.566
!MESSAGE org.eclipse.lsp4j.jsonrpc.JsonRpcException: java.io.IOException: 파이프가 닫히는 중입니다
!STACK 0
java.util.concurrent.ExecutionException: org.eclipse.lsp4j.jsonrpc.JsonRpcException: java.io.IOException: 파이프가 닫히는 중입니다
	at java.base/java.util.concurrent.CompletableFuture.reportGet(CompletableFuture.java:395)
	at java.base/java.util.concurrent.CompletableFuture.get(CompletableFuture.java:2028)
	at org.eclipse.lsp4e.LanguageServerWrapper.lambda$13(LanguageServerWrapper.java:425)
	at java.base/java.util.concurrent.CompletableFuture$AsyncRun.run(CompletableFuture.java:1736)
	at java.base/java.util.concurrent.CompletableFuture$AsyncRun.exec(CompletableFuture.java:1728)
	at java.base/java.util.concurrent.ForkJoinTask.doExec(ForkJoinTask.java:290)
	at java.base/java.util.concurrent.ForkJoinPool$WorkQueue.topLevelExec(ForkJoinPool.java:1020)
	at java.base/java.util.concurrent.ForkJoinPool.scan(ForkJoinPool.java:1656)
	at java.base/java.util.concurrent.ForkJoinPool.runWorker(ForkJoinPool.java:1594)
	at java.base/java.util.concurrent.ForkJoinWorkerThread.run(ForkJoinWorkerThread.java:183)
Caused by: org.eclipse.lsp4j.jsonrpc.JsonRpcException: java.io.IOException: 파이프가 닫히는 중입니다
	at org.eclipse.lsp4j.jsonrpc.json.StreamMessageConsumer.consume(StreamMessageConsumer.java:72)
	at org.eclipse.lsp4e.LanguageServerWrapper.lambda$4(LanguageServerWrapper.java:260)
	at org.eclipse.lsp4j.jsonrpc.RemoteEndpoint.request(RemoteEndpoint.java:161)
	at org.eclipse.lsp4j.jsonrpc.services.EndpointProxy.invoke(EndpointProxy.java:91)
	at com.sun.proxy.$Proxy66.shutdown(Unknown Source)
	at org.eclipse.lsp4e.LanguageServerWrapper.lambda$13(LanguageServerWrapper.java:423)
	... 7 more
Caused by: java.io.IOException: 파이프가 닫히는 중입니다
	at java.base/java.io.FileOutputStream.writeBytes(Native Method)
	at java.base/java.io.FileOutputStream.write(FileOutputStream.java:354)
	at java.base/java.io.BufferedOutputStream.flushBuffer(BufferedOutputStream.java:81)
	at java.base/java.io.BufferedOutputStream.flush(BufferedOutputStream.java:142)
	at org.eclipse.lsp4j.jsonrpc.json.StreamMessageConsumer.consume(StreamMessageConsumer.java:69)
	... 12 more

!ENTRY org.springframework.tooling.ls.eclipse.commons 1 0 2025-06-19 16:52:12.566
!MESSAGE DelegatingStreamConnectionProvider classloader = org.eclipse.osgi.internal.loader.EquinoxClassLoader@56fdb4db[org.springframework.tooling.boot.ls:1.28.0.202109130547(id=1001)]

!ENTRY org.springframework.tooling.ls.eclipse.commons 1 0 2025-06-19 16:52:12.566
!MESSAGE SpringBootLanguageServer exists!

!ENTRY org.springframework.tooling.ls.eclipse.commons 1 0 2025-06-19 16:52:12.566
!MESSAGE Entering DelegatingStreamConnectionProvider()

!ENTRY org.springframework.tooling.ls.eclipse.commons 1 0 2025-06-19 16:52:12.566
!MESSAGE DelegatingStreamConnectionProvider classloader = org.eclipse.osgi.internal.loader.EquinoxClassLoader@56fdb4db[org.springframework.tooling.boot.ls:1.28.0.202109130547(id=1001)]

!ENTRY org.springframework.tooling.ls.eclipse.commons 1 0 2025-06-19 16:52:12.566
!MESSAGE SpringBootLanguageServer exists!

!ENTRY org.eclipse.lsp4e 4 0 2025-06-19 16:52:12.568
!MESSAGE org.eclipse.lsp4j.jsonrpc.JsonRpcException: java.io.IOException: 파이프가 닫히는 중입니다
!STACK 0
java.util.concurrent.ExecutionException: org.eclipse.lsp4j.jsonrpc.JsonRpcException: java.io.IOException: 파이프가 닫히는 중입니다
	at java.base/java.util.concurrent.CompletableFuture.reportGet(CompletableFuture.java:395)
	at java.base/java.util.concurrent.CompletableFuture.get(CompletableFuture.java:2028)
	at org.eclipse.lsp4e.LanguageServerWrapper.lambda$13(LanguageServerWrapper.java:425)
	at java.base/java.util.concurrent.CompletableFuture$AsyncRun.run(CompletableFuture.java:1736)
	at java.base/java.util.concurrent.CompletableFuture$AsyncRun.exec(CompletableFuture.java:1728)
	at java.base/java.util.concurrent.ForkJoinTask.doExec(ForkJoinTask.java:290)
	at java.base/java.util.concurrent.ForkJoinPool$WorkQueue.topLevelExec(ForkJoinPool.java:1020)
	at java.base/java.util.concurrent.ForkJoinPool.scan(ForkJoinPool.java:1656)
	at java.base/java.util.concurrent.ForkJoinPool.runWorker(ForkJoinPool.java:1594)
	at java.base/java.util.concurrent.ForkJoinWorkerThread.run(ForkJoinWorkerThread.java:183)
Caused by: org.eclipse.lsp4j.jsonrpc.JsonRpcException: java.io.IOException: 파이프가 닫히는 중입니다
	at org.eclipse.lsp4j.jsonrpc.json.StreamMessageConsumer.consume(StreamMessageConsumer.java:72)
	at org.eclipse.lsp4e.LanguageServerWrapper.lambda$4(LanguageServerWrapper.java:260)
	at org.eclipse.lsp4j.jsonrpc.RemoteEndpoint.request(RemoteEndpoint.java:161)
	at org.eclipse.lsp4j.jsonrpc.services.EndpointProxy.invoke(EndpointProxy.java:91)
	at com.sun.proxy.$Proxy66.shutdown(Unknown Source)
	at org.eclipse.lsp4e.LanguageServerWrapper.lambda$13(LanguageServerWrapper.java:423)
	... 7 more
Caused by: java.io.IOException: 파이프가 닫히는 중입니다
	at java.base/java.io.FileOutputStream.writeBytes(Native Method)
	at java.base/java.io.FileOutputStream.write(FileOutputStream.java:354)
	at java.base/java.io.BufferedOutputStream.flushBuffer(BufferedOutputStream.java:81)
	at java.base/java.io.BufferedOutputStream.flush(BufferedOutputStream.java:142)
	at org.eclipse.lsp4j.jsonrpc.json.StreamMessageConsumer.consume(StreamMessageConsumer.java:69)
	... 12 more

!ENTRY org.springframework.tooling.ls.eclipse.commons 1 0 2025-06-19 16:52:12.568
!MESSAGE Entering DelegatingStreamConnectionProvider()

!ENTRY org.springframework.tooling.ls.eclipse.commons 1 0 2025-06-19 16:52:12.568
!MESSAGE DelegatingStreamConnectionProvider classloader = org.eclipse.osgi.internal.loader.EquinoxClassLoader@56fdb4db[org.springframework.tooling.boot.ls:1.28.0.202109130547(id=1001)]

!ENTRY org.eclipse.lsp4e 4 0 2025-06-19 16:52:12.568
!MESSAGE org.eclipse.lsp4j.jsonrpc.JsonRpcException: java.io.IOException: 파이프가 닫히는 중입니다
!STACK 0
java.util.concurrent.ExecutionException: org.eclipse.lsp4j.jsonrpc.JsonRpcException: java.io.IOException: 파이프가 닫히는 중입니다
	at java.base/java.util.concurrent.CompletableFuture.reportGet(CompletableFuture.java:395)
	at java.base/java.util.concurrent.CompletableFuture.get(CompletableFuture.java:2028)
	at org.eclipse.lsp4e.LanguageServerWrapper.lambda$13(LanguageServerWrapper.java:425)
	at java.base/java.util.concurrent.CompletableFuture$AsyncRun.run(CompletableFuture.java:1736)
	at java.base/java.util.concurrent.CompletableFuture$AsyncRun.exec(CompletableFuture.java:1728)
	at java.base/java.util.concurrent.ForkJoinTask.doExec(ForkJoinTask.java:290)
	at java.base/java.util.concurrent.ForkJoinPool$WorkQueue.topLevelExec(ForkJoinPool.java:1020)
	at java.base/java.util.concurrent.ForkJoinPool.scan(ForkJoinPool.java:1656)
	at java.base/java.util.concurrent.ForkJoinPool.runWorker(ForkJoinPool.java:1594)
	at java.base/java.util.concurrent.ForkJoinWorkerThread.run(ForkJoinWorkerThread.java:183)
Caused by: org.eclipse.lsp4j.jsonrpc.JsonRpcException: java.io.IOException: 파이프가 닫히는 중입니다
	at org.eclipse.lsp4j.jsonrpc.json.StreamMessageConsumer.consume(StreamMessageConsumer.java:72)
	at org.eclipse.lsp4e.LanguageServerWrapper.lambda$4(LanguageServerWrapper.java:260)
	at org.eclipse.lsp4j.jsonrpc.RemoteEndpoint.request(RemoteEndpoint.java:161)
	at org.eclipse.lsp4j.jsonrpc.services.EndpointProxy.invoke(EndpointProxy.java:91)
	at com.sun.proxy.$Proxy66.shutdown(Unknown Source)
	at org.eclipse.lsp4e.LanguageServerWrapper.lambda$13(LanguageServerWrapper.java:423)
	... 7 more
Caused by: java.io.IOException: 파이프가 닫히는 중입니다
	at java.base/java.io.FileOutputStream.writeBytes(Native Method)
	at java.base/java.io.FileOutputStream.write(FileOutputStream.java:354)
	at java.base/java.io.BufferedOutputStream.flushBuffer(BufferedOutputStream.java:81)
	at java.base/java.io.BufferedOutputStream.flush(BufferedOutputStream.java:142)
	at org.eclipse.lsp4j.jsonrpc.json.StreamMessageConsumer.consume(StreamMessageConsumer.java:69)
	... 12 more

!ENTRY org.springframework.tooling.ls.eclipse.commons 1 0 2025-06-19 16:52:12.569
!MESSAGE SpringBootLanguageServer exists!

!ENTRY org.springframework.tooling.ls.eclipse.commons 1 0 2025-06-19 16:52:12.569
!MESSAGE Entering DelegatingStreamConnectionProvider()

!ENTRY org.springframework.tooling.ls.eclipse.commons 1 0 2025-06-19 16:52:12.569
!MESSAGE DelegatingStreamConnectionProvider classloader = org.eclipse.osgi.internal.loader.EquinoxClassLoader@56fdb4db[org.springframework.tooling.boot.ls:1.28.0.202109130547(id=1001)]

!ENTRY org.springframework.tooling.ls.eclipse.commons 1 0 2025-06-19 16:52:12.569
!MESSAGE SpringBootLanguageServer exists!

!ENTRY org.eclipse.lsp4e 4 0 2025-06-19 16:52:12.570
!MESSAGE org.eclipse.lsp4j.jsonrpc.JsonRpcException: java.io.IOException: 파이프가 닫히는 중입니다
!STACK 0
java.util.concurrent.ExecutionException: org.eclipse.lsp4j.jsonrpc.JsonRpcException: java.io.IOException: 파이프가 닫히는 중입니다
	at java.base/java.util.concurrent.CompletableFuture.reportGet(CompletableFuture.java:395)
	at java.base/java.util.concurrent.CompletableFuture.get(CompletableFuture.java:2028)
	at org.eclipse.lsp4e.LanguageServerWrapper.lambda$13(LanguageServerWrapper.java:425)
	at java.base/java.util.concurrent.CompletableFuture$AsyncRun.run(CompletableFuture.java:1736)
	at java.base/java.util.concurrent.CompletableFuture$AsyncRun.exec(CompletableFuture.java:1728)
	at java.base/java.util.concurrent.ForkJoinTask.doExec(ForkJoinTask.java:290)
	at java.base/java.util.concurrent.ForkJoinPool$WorkQueue.topLevelExec(ForkJoinPool.java:1020)
	at java.base/java.util.concurrent.ForkJoinPool.scan(ForkJoinPool.java:1656)
	at java.base/java.util.concurrent.ForkJoinPool.runWorker(ForkJoinPool.java:1594)
	at java.base/java.util.concurrent.ForkJoinWorkerThread.run(ForkJoinWorkerThread.java:183)
Caused by: org.eclipse.lsp4j.jsonrpc.JsonRpcException: java.io.IOException: 파이프가 닫히는 중입니다
	at org.eclipse.lsp4j.jsonrpc.json.StreamMessageConsumer.consume(StreamMessageConsumer.java:72)
	at org.eclipse.lsp4e.LanguageServerWrapper.lambda$4(LanguageServerWrapper.java:260)
	at org.eclipse.lsp4j.jsonrpc.RemoteEndpoint.request(RemoteEndpoint.java:161)
	at org.eclipse.lsp4j.jsonrpc.services.EndpointProxy.invoke(EndpointProxy.java:91)
	at com.sun.proxy.$Proxy66.shutdown(Unknown Source)
	at org.eclipse.lsp4e.LanguageServerWrapper.lambda$13(LanguageServerWrapper.java:423)
	... 7 more
Caused by: java.io.IOException: 파이프가 닫히는 중입니다
	at java.base/java.io.FileOutputStream.writeBytes(Native Method)
	at java.base/java.io.FileOutputStream.write(FileOutputStream.java:354)
	at java.base/java.io.BufferedOutputStream.flushBuffer(BufferedOutputStream.java:81)
	at java.base/java.io.BufferedOutputStream.flush(BufferedOutputStream.java:142)
	at org.eclipse.lsp4j.jsonrpc.json.StreamMessageConsumer.consume(StreamMessageConsumer.java:69)
	... 12 more

!ENTRY org.springframework.tooling.ls.eclipse.commons 1 0 2025-06-19 16:52:12.570
!MESSAGE Entering DelegatingStreamConnectionProvider()

!ENTRY org.springframework.tooling.ls.eclipse.commons 1 0 2025-06-19 16:52:12.570
!MESSAGE DelegatingStreamConnectionProvider classloader = org.eclipse.osgi.internal.loader.EquinoxClassLoader@56fdb4db[org.springframework.tooling.boot.ls:1.28.0.202109130547(id=1001)]

!ENTRY org.springframework.tooling.ls.eclipse.commons 1 0 2025-06-19 16:52:12.570
!MESSAGE SpringBootLanguageServer exists!

!ENTRY org.eclipse.lsp4e 4 0 2025-06-19 16:52:12.570
!MESSAGE org.eclipse.lsp4j.jsonrpc.JsonRpcException: java.io.IOException: 파이프가 닫히는 중입니다
!STACK 0
java.util.concurrent.ExecutionException: org.eclipse.lsp4j.jsonrpc.JsonRpcException: java.io.IOException: 파이프가 닫히는 중입니다
	at java.base/java.util.concurrent.CompletableFuture.reportGet(CompletableFuture.java:395)
	at java.base/java.util.concurrent.CompletableFuture.get(CompletableFuture.java:2028)
	at org.eclipse.lsp4e.LanguageServerWrapper.lambda$13(LanguageServerWrapper.java:425)
	at java.base/java.util.concurrent.CompletableFuture$AsyncRun.run(CompletableFuture.java:1736)
	at java.base/java.util.concurrent.CompletableFuture$AsyncRun.exec(CompletableFuture.java:1728)
	at java.base/java.util.concurrent.ForkJoinTask.doExec(ForkJoinTask.java:290)
	at java.base/java.util.concurrent.ForkJoinPool$WorkQueue.topLevelExec(ForkJoinPool.java:1020)
	at java.base/java.util.concurrent.ForkJoinPool.scan(ForkJoinPool.java:1656)
	at java.base/java.util.concurrent.ForkJoinPool.runWorker(ForkJoinPool.java:1594)
	at java.base/java.util.concurrent.ForkJoinWorkerThread.run(ForkJoinWorkerThread.java:183)
Caused by: org.eclipse.lsp4j.jsonrpc.JsonRpcException: java.io.IOException: 파이프가 닫히는 중입니다
	at org.eclipse.lsp4j.jsonrpc.json.StreamMessageConsumer.consume(StreamMessageConsumer.java:72)
	at org.eclipse.lsp4e.LanguageServerWrapper.lambda$4(LanguageServerWrapper.java:260)
	at org.eclipse.lsp4j.jsonrpc.RemoteEndpoint.request(RemoteEndpoint.java:161)
	at org.eclipse.lsp4j.jsonrpc.services.EndpointProxy.invoke(EndpointProxy.java:91)
	at com.sun.proxy.$Proxy66.shutdown(Unknown Source)
	at org.eclipse.lsp4e.LanguageServerWrapper.lambda$13(LanguageServerWrapper.java:423)
	... 7 more
Caused by: java.io.IOException: 파이프가 닫히는 중입니다
	at java.base/java.io.FileOutputStream.writeBytes(Native Method)
	at java.base/java.io.FileOutputStream.write(FileOutputStream.java:354)
	at java.base/java.io.BufferedOutputStream.flushBuffer(BufferedOutputStream.java:81)
	at java.base/java.io.BufferedOutputStream.flush(BufferedOutputStream.java:142)
	at org.eclipse.lsp4j.jsonrpc.json.StreamMessageConsumer.consume(StreamMessageConsumer.java:69)
	... 12 more

!ENTRY org.springframework.tooling.ls.eclipse.commons 1 0 2025-06-19 16:52:12.571
!MESSAGE Entering DelegatingStreamConnectionProvider()

!ENTRY org.springframework.tooling.ls.eclipse.commons 1 0 2025-06-19 16:52:12.571
!MESSAGE DelegatingStreamConnectionProvider classloader = org.eclipse.osgi.internal.loader.EquinoxClassLoader@56fdb4db[org.springframework.tooling.boot.ls:1.28.0.202109130547(id=1001)]

!ENTRY org.springframework.tooling.ls.eclipse.commons 1 0 2025-06-19 16:52:12.571
!MESSAGE SpringBootLanguageServer exists!

!ENTRY org.springframework.tooling.ls.eclipse.commons 1 0 2025-06-19 16:52:13.578
!MESSAGE Boot LS startup time from start to initialized: 1009ms

!ENTRY org.springframework.tooling.ls.eclipse.commons 1 0 2025-06-19 16:52:13.639
!MESSAGE ClasspathListenerHandler addClasspathListener sts4.classpath.lyhoAyDfisBatched = true

!ENTRY org.springframework.tooling.ls.eclipse.commons 1 0 2025-06-19 16:52:13.639
!MESSAGE Setting up ClasspathListenerManager

!ENTRY org.springframework.tooling.ls.eclipse.commons 1 0 2025-06-19 16:52:13.641
!MESSAGE Scheduling initial event for all projects ...

!ENTRY org.springframework.tooling.ls.eclipse.commons 1 0 2025-06-19 16:52:13.641
!MESSAGE Scheduling initial event for all projects DONE

!ENTRY org.springframework.tooling.ls.eclipse.commons 1 0 2025-06-19 16:52:13.641
!MESSAGE exists = true open = true => deleted = false

!ENTRY org.springframework.tooling.ls.eclipse.commons 1 0 2025-06-19 16:52:13.641
!MESSAGE ClasspathListenerHandler addClasspathListener sts4.classpath.lyhoAyDf => OK

!ENTRY org.springframework.tooling.ls.eclipse.commons 1 0 2025-06-19 16:52:13.642
!MESSAGE classpath=57 entries

!ENTRY org.springframework.tooling.ls.eclipse.commons 1 0 2025-06-19 16:52:13.642
!MESSAGE buffering callback sts4.classpath.lyhoAyDf ServiceExam false 57

!ENTRY org.springframework.tooling.ls.eclipse.commons 1 0 2025-06-19 16:52:13.642
!MESSAGE executing callback sts4.classpath.lyhoAyDf 1 batched events

!ENTRY org.springframework.tooling.ls.eclipse.commons 1 0 2025-06-19 16:52:13.840
!MESSAGE executing callback sts4.classpath.lyhoAyDf SUCCESS [done]

!ENTRY org.eclipse.lsp4e 4 0 2025-06-19 16:52:13.843
!MESSAGE org.eclipse.lsp4j.jsonrpc.JsonRpcException: java.io.IOException: 파이프가 닫히는 중입니다
!STACK 0
java.util.concurrent.ExecutionException: org.eclipse.lsp4j.jsonrpc.JsonRpcException: java.io.IOException: 파이프가 닫히는 중입니다
	at java.base/java.util.concurrent.CompletableFuture.reportGet(CompletableFuture.java:395)
	at java.base/java.util.concurrent.CompletableFuture.get(CompletableFuture.java:2028)
	at org.eclipse.lsp4e.LanguageServerWrapper.lambda$13(LanguageServerWrapper.java:425)
	at java.base/java.util.concurrent.CompletableFuture$AsyncRun.run(CompletableFuture.java:1736)
	at java.base/java.util.concurrent.CompletableFuture$AsyncRun.exec(CompletableFuture.java:1728)
	at java.base/java.util.concurrent.ForkJoinTask.doExec(ForkJoinTask.java:290)
	at java.base/java.util.concurrent.ForkJoinPool$WorkQueue.topLevelExec(ForkJoinPool.java:1020)
	at java.base/java.util.concurrent.ForkJoinPool.scan(ForkJoinPool.java:1656)
	at java.base/java.util.concurrent.ForkJoinPool.runWorker(ForkJoinPool.java:1594)
	at java.base/java.util.concurrent.ForkJoinWorkerThread.run(ForkJoinWorkerThread.java:183)
Caused by: org.eclipse.lsp4j.jsonrpc.JsonRpcException: java.io.IOException: 파이프가 닫히는 중입니다
	at org.eclipse.lsp4j.jsonrpc.json.StreamMessageConsumer.consume(StreamMessageConsumer.java:72)
	at org.eclipse.lsp4e.LanguageServerWrapper.lambda$4(LanguageServerWrapper.java:260)
	at org.eclipse.lsp4j.jsonrpc.RemoteEndpoint.request(RemoteEndpoint.java:161)
	at org.eclipse.lsp4j.jsonrpc.services.EndpointProxy.invoke(EndpointProxy.java:91)
	at com.sun.proxy.$Proxy66.shutdown(Unknown Source)
	at org.eclipse.lsp4e.LanguageServerWrapper.lambda$13(LanguageServerWrapper.java:423)
	... 7 more
Caused by: java.io.IOException: 파이프가 닫히는 중입니다
	at java.base/java.io.FileOutputStream.writeBytes(Native Method)
	at java.base/java.io.FileOutputStream.write(FileOutputStream.java:354)
	at java.base/java.io.BufferedOutputStream.flushBuffer(BufferedOutputStream.java:81)
	at java.base/java.io.BufferedOutputStream.flush(BufferedOutputStream.java:142)
	at org.eclipse.lsp4j.jsonrpc.json.StreamMessageConsumer.consume(StreamMessageConsumer.java:69)
	... 12 more

!ENTRY org.eclipse.lsp4e 4 0 2025-06-19 16:52:13.844
!MESSAGE org.eclipse.lsp4j.jsonrpc.JsonRpcException: java.io.IOException: 파이프가 닫히는 중입니다
!STACK 0
java.util.concurrent.ExecutionException: org.eclipse.lsp4j.jsonrpc.JsonRpcException: java.io.IOException: 파이프가 닫히는 중입니다
	at java.base/java.util.concurrent.CompletableFuture.reportGet(CompletableFuture.java:395)
	at java.base/java.util.concurrent.CompletableFuture.get(CompletableFuture.java:2028)
	at org.eclipse.lsp4e.LanguageServerWrapper.lambda$13(LanguageServerWrapper.java:425)
	at java.base/java.util.concurrent.CompletableFuture$AsyncRun.run(CompletableFuture.java:1736)
	at java.base/java.util.concurrent.CompletableFuture$AsyncRun.exec(CompletableFuture.java:1728)
	at java.base/java.util.concurrent.ForkJoinTask.doExec(ForkJoinTask.java:290)
	at java.base/java.util.concurrent.ForkJoinPool$WorkQueue.topLevelExec(ForkJoinPool.java:1020)
	at java.base/java.util.concurrent.ForkJoinPool.scan(ForkJoinPool.java:1656)
	at java.base/java.util.concurrent.ForkJoinPool.runWorker(ForkJoinPool.java:1594)
	at java.base/java.util.concurrent.ForkJoinWorkerThread.run(ForkJoinWorkerThread.java:183)
Caused by: org.eclipse.lsp4j.jsonrpc.JsonRpcException: java.io.IOException: 파이프가 닫히는 중입니다
	at org.eclipse.lsp4j.jsonrpc.json.StreamMessageConsumer.consume(StreamMessageConsumer.java:72)
	at org.eclipse.lsp4e.LanguageServerWrapper.lambda$4(LanguageServerWrapper.java:260)
	at org.eclipse.lsp4j.jsonrpc.RemoteEndpoint.request(RemoteEndpoint.java:161)
	at org.eclipse.lsp4j.jsonrpc.services.EndpointProxy.invoke(EndpointProxy.java:91)
	at com.sun.proxy.$Proxy66.shutdown(Unknown Source)
	at org.eclipse.lsp4e.LanguageServerWrapper.lambda$13(LanguageServerWrapper.java:423)
	... 7 more
Caused by: java.io.IOException: 파이프가 닫히는 중입니다
	at java.base/java.io.FileOutputStream.writeBytes(Native Method)
	at java.base/java.io.FileOutputStream.write(FileOutputStream.java:354)
	at java.base/java.io.BufferedOutputStream.flushBuffer(BufferedOutputStream.java:81)
	at java.base/java.io.BufferedOutputStream.flush(BufferedOutputStream.java:142)
	at org.eclipse.lsp4j.jsonrpc.json.StreamMessageConsumer.consume(StreamMessageConsumer.java:69)
	... 12 more

!ENTRY org.eclipse.lsp4e 4 0 2025-06-19 16:52:13.844
!MESSAGE org.eclipse.lsp4j.jsonrpc.JsonRpcException: java.io.IOException: 파이프가 닫히는 중입니다
!STACK 0
java.util.concurrent.ExecutionException: org.eclipse.lsp4j.jsonrpc.JsonRpcException: java.io.IOException: 파이프가 닫히는 중입니다
	at java.base/java.util.concurrent.CompletableFuture.reportGet(CompletableFuture.java:395)
	at java.base/java.util.concurrent.CompletableFuture.get(CompletableFuture.java:2028)
	at org.eclipse.lsp4e.LanguageServerWrapper.lambda$13(LanguageServerWrapper.java:425)
	at java.base/java.util.concurrent.CompletableFuture$AsyncRun.run(CompletableFuture.java:1736)
	at java.base/java.util.concurrent.CompletableFuture$AsyncRun.exec(CompletableFuture.java:1728)
	at java.base/java.util.concurrent.ForkJoinTask.doExec(ForkJoinTask.java:290)
	at java.base/java.util.concurrent.ForkJoinPool$WorkQueue.topLevelExec(ForkJoinPool.java:1020)
	at java.base/java.util.concurrent.ForkJoinPool.scan(ForkJoinPool.java:1656)
	at java.base/java.util.concurrent.ForkJoinPool.runWorker(ForkJoinPool.java:1594)
	at java.base/java.util.concurrent.ForkJoinWorkerThread.run(ForkJoinWorkerThread.java:183)
Caused by: org.eclipse.lsp4j.jsonrpc.JsonRpcException: java.io.IOException: 파이프가 닫히는 중입니다
	at org.eclipse.lsp4j.jsonrpc.json.StreamMessageConsumer.consume(StreamMessageConsumer.java:72)
	at org.eclipse.lsp4e.LanguageServerWrapper.lambda$4(LanguageServerWrapper.java:260)
	at org.eclipse.lsp4j.jsonrpc.RemoteEndpoint.request(RemoteEndpoint.java:161)
	at org.eclipse.lsp4j.jsonrpc.services.EndpointProxy.invoke(EndpointProxy.java:91)
	at com.sun.proxy.$Proxy66.shutdown(Unknown Source)
	at org.eclipse.lsp4e.LanguageServerWrapper.lambda$13(LanguageServerWrapper.java:423)
	... 7 more
Caused by: java.io.IOException: 파이프가 닫히는 중입니다
	at java.base/java.io.FileOutputStream.writeBytes(Native Method)
	at java.base/java.io.FileOutputStream.write(FileOutputStream.java:354)
	at java.base/java.io.BufferedOutputStream.flushBuffer(BufferedOutputStream.java:81)
	at java.base/java.io.BufferedOutputStream.flush(BufferedOutputStream.java:142)
	at org.eclipse.lsp4j.jsonrpc.json.StreamMessageConsumer.consume(StreamMessageConsumer.java:69)
	... 12 more

!ENTRY org.eclipse.lsp4e 4 0 2025-06-19 16:52:13.844
!MESSAGE org.eclipse.lsp4j.jsonrpc.JsonRpcException: java.io.IOException: 파이프가 닫히는 중입니다
!STACK 0
java.util.concurrent.ExecutionException: org.eclipse.lsp4j.jsonrpc.JsonRpcException: java.io.IOException: 파이프가 닫히는 중입니다
	at java.base/java.util.concurrent.CompletableFuture.reportGet(CompletableFuture.java:395)
	at java.base/java.util.concurrent.CompletableFuture.get(CompletableFuture.java:2028)
	at org.eclipse.lsp4e.LanguageServerWrapper.lambda$13(LanguageServerWrapper.java:425)
	at java.base/java.util.concurrent.CompletableFuture$AsyncRun.run(CompletableFuture.java:1736)
	at java.base/java.util.concurrent.CompletableFuture$AsyncRun.exec(CompletableFuture.java:1728)
	at java.base/java.util.concurrent.ForkJoinTask.doExec(ForkJoinTask.java:290)
	at java.base/java.util.concurrent.ForkJoinPool$WorkQueue.topLevelExec(ForkJoinPool.java:1020)
	at java.base/java.util.concurrent.ForkJoinPool.scan(ForkJoinPool.java:1656)
	at java.base/java.util.concurrent.ForkJoinPool.runWorker(ForkJoinPool.java:1594)
	at java.base/java.util.concurrent.ForkJoinWorkerThread.run(ForkJoinWorkerThread.java:183)
Caused by: org.eclipse.lsp4j.jsonrpc.JsonRpcException: java.io.IOException: 파이프가 닫히는 중입니다
	at org.eclipse.lsp4j.jsonrpc.json.StreamMessageConsumer.consume(StreamMessageConsumer.java:72)
	at org.eclipse.lsp4e.LanguageServerWrapper.lambda$4(LanguageServerWrapper.java:260)
	at org.eclipse.lsp4j.jsonrpc.RemoteEndpoint.request(RemoteEndpoint.java:161)
	at org.eclipse.lsp4j.jsonrpc.services.EndpointProxy.invoke(EndpointProxy.java:91)
	at com.sun.proxy.$Proxy66.shutdown(Unknown Source)
	at org.eclipse.lsp4e.LanguageServerWrapper.lambda$13(LanguageServerWrapper.java:423)
	... 7 more
Caused by: java.io.IOException: 파이프가 닫히는 중입니다
	at java.base/java.io.FileOutputStream.writeBytes(Native Method)
	at java.base/java.io.FileOutputStream.write(FileOutputStream.java:354)
	at java.base/java.io.BufferedOutputStream.flushBuffer(BufferedOutputStream.java:81)
	at java.base/java.io.BufferedOutputStream.flush(BufferedOutputStream.java:142)
	at org.eclipse.lsp4j.jsonrpc.json.StreamMessageConsumer.consume(StreamMessageConsumer.java:69)
	... 12 more

!ENTRY org.springframework.tooling.ls.eclipse.commons 1 0 2025-06-19 16:52:13.844
!MESSAGE Entering DelegatingStreamConnectionProvider()

!ENTRY org.springframework.tooling.ls.eclipse.commons 1 0 2025-06-19 16:52:13.845
!MESSAGE Entering DelegatingStreamConnectionProvider()

!ENTRY org.eclipse.lsp4e 4 0 2025-06-19 16:52:13.845
!MESSAGE org.eclipse.lsp4j.jsonrpc.JsonRpcException: java.io.IOException: 파이프가 닫히는 중입니다
!STACK 0
java.util.concurrent.ExecutionException: org.eclipse.lsp4j.jsonrpc.JsonRpcException: java.io.IOException: 파이프가 닫히는 중입니다
	at java.base/java.util.concurrent.CompletableFuture.reportGet(CompletableFuture.java:395)
	at java.base/java.util.concurrent.CompletableFuture.get(CompletableFuture.java:2028)
	at org.eclipse.lsp4e.LanguageServerWrapper.lambda$13(LanguageServerWrapper.java:425)
	at java.base/java.util.concurrent.CompletableFuture$AsyncRun.run(CompletableFuture.java:1736)
	at java.base/java.util.concurrent.CompletableFuture$AsyncRun.exec(CompletableFuture.java:1728)
	at java.base/java.util.concurrent.ForkJoinTask.doExec(ForkJoinTask.java:290)
	at java.base/java.util.concurrent.ForkJoinPool$WorkQueue.topLevelExec(ForkJoinPool.java:1020)
	at java.base/java.util.concurrent.ForkJoinPool.scan(ForkJoinPool.java:1656)
	at java.base/java.util.concurrent.ForkJoinPool.runWorker(ForkJoinPool.java:1594)
	at java.base/java.util.concurrent.ForkJoinWorkerThread.run(ForkJoinWorkerThread.java:183)
Caused by: org.eclipse.lsp4j.jsonrpc.JsonRpcException: java.io.IOException: 파이프가 닫히는 중입니다
	at org.eclipse.lsp4j.jsonrpc.json.StreamMessageConsumer.consume(StreamMessageConsumer.java:72)
	at org.eclipse.lsp4e.LanguageServerWrapper.lambda$4(LanguageServerWrapper.java:260)
	at org.eclipse.lsp4j.jsonrpc.RemoteEndpoint.request(RemoteEndpoint.java:161)
	at org.eclipse.lsp4j.jsonrpc.services.EndpointProxy.invoke(EndpointProxy.java:91)
	at com.sun.proxy.$Proxy66.shutdown(Unknown Source)
	at org.eclipse.lsp4e.LanguageServerWrapper.lambda$13(LanguageServerWrapper.java:423)
	... 7 more
Caused by: java.io.IOException: 파이프가 닫히는 중입니다
	at java.base/java.io.FileOutputStream.writeBytes(Native Method)
	at java.base/java.io.FileOutputStream.write(FileOutputStream.java:354)
	at java.base/java.io.BufferedOutputStream.flushBuffer(BufferedOutputStream.java:81)
	at java.base/java.io.BufferedOutputStream.flush(BufferedOutputStream.java:142)
	at org.eclipse.lsp4j.jsonrpc.json.StreamMessageConsumer.consume(StreamMessageConsumer.java:69)
	... 12 more

!ENTRY org.springframework.tooling.ls.eclipse.commons 1 0 2025-06-19 16:52:13.845
!MESSAGE Entering DelegatingStreamConnectionProvider()

!ENTRY org.eclipse.lsp4e 4 0 2025-06-19 16:52:13.845
!MESSAGE java.util.concurrent.CancellationException
!STACK 0
java.util.concurrent.ExecutionException: java.util.concurrent.CancellationException
	at java.base/java.util.concurrent.CompletableFuture.reportGet(CompletableFuture.java:395)
	at java.base/java.util.concurrent.CompletableFuture.get(CompletableFuture.java:2028)
	at org.eclipse.lsp4e.LanguageServerWrapper.getServerCapabilities(LanguageServerWrapper.java:699)
	at org.eclipse.lsp4e.LanguageServiceAccessor.lambda$15(LanguageServiceAccessor.java:590)
	at java.base/java.util.concurrent.CompletableFuture$UniCompose.tryFire(CompletableFuture.java:1072)
	at java.base/java.util.concurrent.CompletableFuture$Completion.exec(CompletableFuture.java:479)
	at java.base/java.util.concurrent.ForkJoinTask.doExec(ForkJoinTask.java:290)
	at java.base/java.util.concurrent.ForkJoinPool$WorkQueue.topLevelExec(ForkJoinPool.java:1020)
	at java.base/java.util.concurrent.ForkJoinPool.scan(ForkJoinPool.java:1656)
	at java.base/java.util.concurrent.ForkJoinPool.runWorker(ForkJoinPool.java:1594)
	at java.base/java.util.concurrent.ForkJoinWorkerThread.run(ForkJoinWorkerThread.java:183)
Caused by: java.util.concurrent.CancellationException
	at java.base/java.util.concurrent.CompletableFuture.cancel(CompletableFuture.java:2402)
	at org.eclipse.lsp4e.LanguageServerWrapper.stop(LanguageServerWrapper.java:410)
	at org.eclipse.lsp4e.LanguageServerWrapper.start(LanguageServerWrapper.java:212)
	at org.eclipse.lsp4e.LanguageServerWrapper.getInitializedServer(LanguageServerWrapper.java:667)
	at org.eclipse.lsp4e.LanguageServiceAccessor.lambda$14(LanguageServiceAccessor.java:589)
	at java.base/java.util.stream.ReferencePipeline$3$1.accept(ReferencePipeline.java:195)
	at java.base/java.util.Iterator.forEachRemaining(Iterator.java:133)
	at java.base/java.util.Spliterators$IteratorSpliterator.forEachRemaining(Spliterators.java:1801)
	at java.base/java.util.stream.AbstractPipeline.copyInto(AbstractPipeline.java:484)
	at java.base/java.util.stream.AbstractPipeline.wrapAndCopyInto(AbstractPipeline.java:474)
	at java.base/java.util.stream.AbstractPipeline.evaluate(AbstractPipeline.java:550)
	at java.base/java.util.stream.AbstractPipeline.evaluateToArrayNode(AbstractPipeline.java:260)
	at java.base/java.util.stream.ReferencePipeline.toArray(ReferencePipeline.java:517)
	at org.eclipse.lsp4e.LanguageServiceAccessor.getLanguageServers(LanguageServiceAccessor.java:602)
	at org.eclipse.lsp4e.operations.codelens.CodeLensProvider.provideCodeMinings(CodeLensProvider.java:41)
	at org.eclipse.lsp4e.operations.codelens.CodeLensProvider.provideCodeMinings(CodeLensProvider.java:73)
	at org.eclipse.jface.internal.text.codemining.CodeMiningManager.lambda$2(CodeMiningManager.java:189)
	at java.base/java.util.stream.ReferencePipeline$3$1.accept(ReferencePipeline.java:195)
	at java.base/java.util.Spliterators$ArraySpliterator.forEachRemaining(Spliterators.java:948)
	at java.base/java.util.stream.AbstractPipeline.copyInto(AbstractPipeline.java:484)
	at java.base/java.util.stream.AbstractPipeline.wrapAndCopyInto(AbstractPipeline.java:474)
	at java.base/java.util.stream.ReduceOps$ReduceOp.evaluateSequential(ReduceOps.java:913)
	at java.base/java.util.stream.AbstractPipeline.evaluate(AbstractPipeline.java:234)
	at java.base/java.util.stream.ReferencePipeline.collect(ReferencePipeline.java:578)
	at org.eclipse.jface.internal.text.codemining.CodeMiningManager.getCodeMinings(CodeMiningManager.java:195)
	at org.eclipse.jface.internal.text.codemining.CodeMiningManager.updateCodeMinings(CodeMiningManager.java:140)
	at org.eclipse.jface.internal.text.codemining.CodeMiningManager.run(CodeMiningManager.java:129)
	at org.eclipse.jface.text.source.SourceViewer.updateCodeMinings(SourceViewer.java:1313)
	at org.springframework.tooling.ls.eclipse.commons.STS4LanguageClientImpl.lambda$9(STS4LanguageClientImpl.java:409)
	at org.springframework.tooling.jdt.ls.commons.classpath.ReusableClasspathListenerHandler$CallbackJob.lambda$0(ReusableClasspathListenerHandler.java:77)
	at java.base/java.lang.Iterable.forEach(Iterable.java:75)
	at org.springframework.tooling.jdt.ls.commons.classpath.ReusableClasspathListenerHandler$CallbackJob.run(ReusableClasspathListenerHandler.java:77)
	at org.eclipse.core.internal.jobs.Worker.run(Worker.java:63)

!ENTRY org.eclipse.lsp4e 4 0 2025-06-19 16:52:13.846
!MESSAGE java.util.concurrent.CancellationException
!STACK 0
java.util.concurrent.ExecutionException: java.util.concurrent.CancellationException
	at java.base/java.util.concurrent.CompletableFuture.reportGet(CompletableFuture.java:395)
	at java.base/java.util.concurrent.CompletableFuture.get(CompletableFuture.java:2028)
	at org.eclipse.lsp4e.LanguageServerWrapper.getServerCapabilities(LanguageServerWrapper.java:699)
	at org.eclipse.lsp4e.LanguageServiceAccessor.lambda$15(LanguageServiceAccessor.java:590)
	at java.base/java.util.concurrent.CompletableFuture$UniCompose.tryFire(CompletableFuture.java:1072)
	at java.base/java.util.concurrent.CompletableFuture$Completion.exec(CompletableFuture.java:479)
	at java.base/java.util.concurrent.ForkJoinTask.doExec(ForkJoinTask.java:290)
	at java.base/java.util.concurrent.ForkJoinPool$WorkQueue.topLevelExec(ForkJoinPool.java:1020)
	at java.base/java.util.concurrent.ForkJoinPool.scan(ForkJoinPool.java:1656)
	at java.base/java.util.concurrent.ForkJoinPool.runWorker(ForkJoinPool.java:1594)
	at java.base/java.util.concurrent.ForkJoinWorkerThread.run(ForkJoinWorkerThread.java:183)
Caused by: java.util.concurrent.CancellationException
	at java.base/java.util.concurrent.CompletableFuture.cancel(CompletableFuture.java:2402)
	at org.eclipse.lsp4e.LanguageServerWrapper.stop(LanguageServerWrapper.java:410)
	at org.eclipse.lsp4e.LanguageServerWrapper.start(LanguageServerWrapper.java:212)
	at org.eclipse.lsp4e.LanguageServerWrapper.getInitializedServer(LanguageServerWrapper.java:667)
	at org.eclipse.lsp4e.LanguageServiceAccessor.lambda$14(LanguageServiceAccessor.java:589)
	at java.base/java.util.stream.ReferencePipeline$3$1.accept(ReferencePipeline.java:195)
	at java.base/java.util.Iterator.forEachRemaining(Iterator.java:133)
	at java.base/java.util.Spliterators$IteratorSpliterator.forEachRemaining(Spliterators.java:1801)
	at java.base/java.util.stream.AbstractPipeline.copyInto(AbstractPipeline.java:484)
	at java.base/java.util.stream.AbstractPipeline.wrapAndCopyInto(AbstractPipeline.java:474)
	at java.base/java.util.stream.AbstractPipeline.evaluate(AbstractPipeline.java:550)
	at java.base/java.util.stream.AbstractPipeline.evaluateToArrayNode(AbstractPipeline.java:260)
	at java.base/java.util.stream.ReferencePipeline.toArray(ReferencePipeline.java:517)
	at org.eclipse.lsp4e.LanguageServiceAccessor.getLanguageServers(LanguageServiceAccessor.java:602)
	at org.eclipse.lsp4e.operations.codelens.CodeLensProvider.provideCodeMinings(CodeLensProvider.java:41)
	at org.eclipse.lsp4e.operations.codelens.CodeLensProvider.provideCodeMinings(CodeLensProvider.java:73)
	at org.eclipse.jface.internal.text.codemining.CodeMiningManager.lambda$2(CodeMiningManager.java:189)
	at java.base/java.util.stream.ReferencePipeline$3$1.accept(ReferencePipeline.java:195)
	at java.base/java.util.Spliterators$ArraySpliterator.forEachRemaining(Spliterators.java:948)
	at java.base/java.util.stream.AbstractPipeline.copyInto(AbstractPipeline.java:484)
	at java.base/java.util.stream.AbstractPipeline.wrapAndCopyInto(AbstractPipeline.java:474)
	at java.base/java.util.stream.ReduceOps$ReduceOp.evaluateSequential(ReduceOps.java:913)
	at java.base/java.util.stream.AbstractPipeline.evaluate(AbstractPipeline.java:234)
	at java.base/java.util.stream.ReferencePipeline.collect(ReferencePipeline.java:578)
	at org.eclipse.jface.internal.text.codemining.CodeMiningManager.getCodeMinings(CodeMiningManager.java:195)
	at org.eclipse.jface.internal.text.codemining.CodeMiningManager.updateCodeMinings(CodeMiningManager.java:140)
	at org.eclipse.jface.internal.text.codemining.CodeMiningManager.run(CodeMiningManager.java:129)
	at org.eclipse.jface.text.source.SourceViewer.updateCodeMinings(SourceViewer.java:1313)
	at org.springframework.tooling.ls.eclipse.commons.STS4LanguageClientImpl.lambda$9(STS4LanguageClientImpl.java:409)
	at org.springframework.tooling.jdt.ls.commons.classpath.ReusableClasspathListenerHandler$CallbackJob.lambda$0(ReusableClasspathListenerHandler.java:77)
	at java.base/java.lang.Iterable.forEach(Iterable.java:75)
	at org.springframework.tooling.jdt.ls.commons.classpath.ReusableClasspathListenerHandler$CallbackJob.run(ReusableClasspathListenerHandler.java:77)
	at org.eclipse.core.internal.jobs.Worker.run(Worker.java:63)

!ENTRY org.eclipse.jface.text 4 0 2025-06-19 16:52:13.846
!MESSAGE org.eclipse.lsp4j.jsonrpc.JsonRpcException: java.io.IOException: 파이프가 닫히는 중입니다
!STACK 0
java.util.concurrent.CompletionException: org.eclipse.lsp4j.jsonrpc.JsonRpcException: java.io.IOException: 파이프가 닫히는 중입니다
	at java.base/java.util.concurrent.CompletableFuture.encodeRelay(CompletableFuture.java:367)
	at java.base/java.util.concurrent.CompletableFuture.completeRelay(CompletableFuture.java:376)
	at java.base/java.util.concurrent.CompletableFuture$UniCompose.tryFire(CompletableFuture.java:1074)
	at java.base/java.util.concurrent.CompletableFuture.postComplete(CompletableFuture.java:506)
	at java.base/java.util.concurrent.CompletableFuture$AsyncSupply.run(CompletableFuture.java:1705)
	at java.base/java.util.concurrent.CompletableFuture$AsyncSupply.exec(CompletableFuture.java:1692)
	at java.base/java.util.concurrent.ForkJoinTask.doExec(ForkJoinTask.java:290)
	at java.base/java.util.concurrent.ForkJoinPool$WorkQueue.topLevelExec(ForkJoinPool.java:1020)
	at java.base/java.util.concurrent.ForkJoinPool.scan(ForkJoinPool.java:1656)
	at java.base/java.util.concurrent.ForkJoinPool.runWorker(ForkJoinPool.java:1594)
	at java.base/java.util.concurrent.ForkJoinWorkerThread.run(ForkJoinWorkerThread.java:183)
Caused by: org.eclipse.lsp4j.jsonrpc.JsonRpcException: java.io.IOException: 파이프가 닫히는 중입니다
	at org.eclipse.lsp4j.jsonrpc.json.StreamMessageConsumer.consume(StreamMessageConsumer.java:72)
	at org.eclipse.lsp4e.LanguageServerWrapper.lambda$4(LanguageServerWrapper.java:260)
	at org.eclipse.lsp4j.jsonrpc.RemoteEndpoint.request(RemoteEndpoint.java:161)
	at org.eclipse.lsp4j.jsonrpc.services.EndpointProxy.invoke(EndpointProxy.java:91)
	at com.sun.proxy.$Proxy66.initialize(Unknown Source)
	at org.eclipse.lsp4e.LanguageServerWrapper.lambda$8(LanguageServerWrapper.java:359)
	at java.base/java.util.concurrent.CompletableFuture$UniCompose.tryFire(CompletableFuture.java:1072)
	... 8 more
Caused by: java.io.IOException: 파이프가 닫히는 중입니다
	at java.base/java.io.FileOutputStream.writeBytes(Native Method)
	at java.base/java.io.FileOutputStream.write(FileOutputStream.java:354)
	at java.base/java.io.BufferedOutputStream.flushBuffer(BufferedOutputStream.java:81)
	at java.base/java.io.BufferedOutputStream.flush(BufferedOutputStream.java:142)
	at org.eclipse.lsp4j.jsonrpc.json.StreamMessageConsumer.consume(StreamMessageConsumer.java:69)
	... 14 more

!ENTRY org.springframework.tooling.ls.eclipse.commons 1 0 2025-06-19 16:52:13.846
!MESSAGE Entering DelegatingStreamConnectionProvider()

!ENTRY org.eclipse.lsp4e 4 0 2025-06-19 16:52:13.847
!MESSAGE java.util.concurrent.CancellationException
!STACK 0
java.util.concurrent.ExecutionException: java.util.concurrent.CancellationException
	at java.base/java.util.concurrent.CompletableFuture.reportGet(CompletableFuture.java:395)
	at java.base/java.util.concurrent.CompletableFuture.get(CompletableFuture.java:2028)
	at org.eclipse.lsp4e.LanguageServerWrapper.getServerCapabilities(LanguageServerWrapper.java:699)
	at org.eclipse.lsp4e.LanguageServiceAccessor.lambda$15(LanguageServiceAccessor.java:590)
	at java.base/java.util.concurrent.CompletableFuture$UniCompose.tryFire(CompletableFuture.java:1072)
	at java.base/java.util.concurrent.CompletableFuture$Completion.exec(CompletableFuture.java:479)
	at java.base/java.util.concurrent.ForkJoinTask.doExec(ForkJoinTask.java:290)
	at java.base/java.util.concurrent.ForkJoinPool$WorkQueue.topLevelExec(ForkJoinPool.java:1020)
	at java.base/java.util.concurrent.ForkJoinPool.scan(ForkJoinPool.java:1656)
	at java.base/java.util.concurrent.ForkJoinPool.runWorker(ForkJoinPool.java:1594)
	at java.base/java.util.concurrent.ForkJoinWorkerThread.run(ForkJoinWorkerThread.java:183)
Caused by: java.util.concurrent.CancellationException
	at java.base/java.util.concurrent.CompletableFuture.cancel(CompletableFuture.java:2402)
	at org.eclipse.lsp4e.LanguageServerWrapper.stop(LanguageServerWrapper.java:410)
	at org.eclipse.lsp4e.LanguageServerWrapper.start(LanguageServerWrapper.java:212)
	at org.eclipse.lsp4e.LanguageServerWrapper.getInitializedServer(LanguageServerWrapper.java:667)
	at org.eclipse.lsp4e.LanguageServiceAccessor.lambda$14(LanguageServiceAccessor.java:589)
	at java.base/java.util.stream.ReferencePipeline$3$1.accept(ReferencePipeline.java:195)
	at java.base/java.util.Iterator.forEachRemaining(Iterator.java:133)
	at java.base/java.util.Spliterators$IteratorSpliterator.forEachRemaining(Spliterators.java:1801)
	at java.base/java.util.stream.AbstractPipeline.copyInto(AbstractPipeline.java:484)
	at java.base/java.util.stream.AbstractPipeline.wrapAndCopyInto(AbstractPipeline.java:474)
	at java.base/java.util.stream.AbstractPipeline.evaluate(AbstractPipeline.java:550)
	at java.base/java.util.stream.AbstractPipeline.evaluateToArrayNode(AbstractPipeline.java:260)
	at java.base/java.util.stream.ReferencePipeline.toArray(ReferencePipeline.java:517)
	at org.eclipse.lsp4e.LanguageServiceAccessor.getLanguageServers(LanguageServiceAccessor.java:602)
	at org.eclipse.lsp4e.operations.codelens.CodeLensProvider.provideCodeMinings(CodeLensProvider.java:41)
	at org.eclipse.lsp4e.operations.codelens.CodeLensProvider.provideCodeMinings(CodeLensProvider.java:73)
	at org.eclipse.jface.internal.text.codemining.CodeMiningManager.lambda$2(CodeMiningManager.java:189)
	at java.base/java.util.stream.ReferencePipeline$3$1.accept(ReferencePipeline.java:195)
	at java.base/java.util.Spliterators$ArraySpliterator.forEachRemaining(Spliterators.java:948)
	at java.base/java.util.stream.AbstractPipeline.copyInto(AbstractPipeline.java:484)
	at java.base/java.util.stream.AbstractPipeline.wrapAndCopyInto(AbstractPipeline.java:474)
	at java.base/java.util.stream.ReduceOps$ReduceOp.evaluateSequential(ReduceOps.java:913)
	at java.base/java.util.stream.AbstractPipeline.evaluate(AbstractPipeline.java:234)
	at java.base/java.util.stream.ReferencePipeline.collect(ReferencePipeline.java:578)
	at org.eclipse.jface.internal.text.codemining.CodeMiningManager.getCodeMinings(CodeMiningManager.java:195)
	at org.eclipse.jface.internal.text.codemining.CodeMiningManager.updateCodeMinings(CodeMiningManager.java:140)
	at org.eclipse.jface.internal.text.codemining.CodeMiningManager.run(CodeMiningManager.java:129)
	at org.eclipse.jface.text.source.SourceViewer.updateCodeMinings(SourceViewer.java:1313)
	at org.springframework.tooling.ls.eclipse.commons.STS4LanguageClientImpl.lambda$9(STS4LanguageClientImpl.java:409)
	at org.springframework.tooling.jdt.ls.commons.classpath.ReusableClasspathListenerHandler$CallbackJob.lambda$0(ReusableClasspathListenerHandler.java:77)
	at java.base/java.lang.Iterable.forEach(Iterable.java:75)
	at org.springframework.tooling.jdt.ls.commons.classpath.ReusableClasspathListenerHandler$CallbackJob.run(ReusableClasspathListenerHandler.java:77)
	at org.eclipse.core.internal.jobs.Worker.run(Worker.java:63)

!ENTRY org.eclipse.lsp4e 4 0 2025-06-19 16:52:13.847
!MESSAGE java.util.concurrent.CancellationException
!STACK 0
java.util.concurrent.ExecutionException: java.util.concurrent.CancellationException
	at java.base/java.util.concurrent.CompletableFuture.reportGet(CompletableFuture.java:395)
	at java.base/java.util.concurrent.CompletableFuture.get(CompletableFuture.java:2028)
	at org.eclipse.lsp4e.LanguageServerWrapper.getServerCapabilities(LanguageServerWrapper.java:699)
	at org.eclipse.lsp4e.LanguageServiceAccessor.lambda$15(LanguageServiceAccessor.java:590)
	at java.base/java.util.concurrent.CompletableFuture$UniCompose.tryFire(CompletableFuture.java:1072)
	at java.base/java.util.concurrent.CompletableFuture$Completion.exec(CompletableFuture.java:479)
	at java.base/java.util.concurrent.ForkJoinTask.doExec(ForkJoinTask.java:290)
	at java.base/java.util.concurrent.ForkJoinPool$WorkQueue.topLevelExec(ForkJoinPool.java:1020)
	at java.base/java.util.concurrent.ForkJoinPool.scan(ForkJoinPool.java:1656)
	at java.base/java.util.concurrent.ForkJoinPool.runWorker(ForkJoinPool.java:1594)
	at java.base/java.util.concurrent.ForkJoinWorkerThread.run(ForkJoinWorkerThread.java:183)
Caused by: java.util.concurrent.CancellationException
	at java.base/java.util.concurrent.CompletableFuture.cancel(CompletableFuture.java:2402)
	at org.eclipse.lsp4e.LanguageServerWrapper.stop(LanguageServerWrapper.java:410)
	at org.eclipse.lsp4e.LanguageServerWrapper.start(LanguageServerWrapper.java:212)
	at org.eclipse.lsp4e.LanguageServerWrapper.getInitializedServer(LanguageServerWrapper.java:667)
	at org.eclipse.lsp4e.LanguageServiceAccessor.lambda$14(LanguageServiceAccessor.java:589)
	at java.base/java.util.stream.ReferencePipeline$3$1.accept(ReferencePipeline.java:195)
	at java.base/java.util.Iterator.forEachRemaining(Iterator.java:133)
	at java.base/java.util.Spliterators$IteratorSpliterator.forEachRemaining(Spliterators.java:1801)
	at java.base/java.util.stream.AbstractPipeline.copyInto(AbstractPipeline.java:484)
	at java.base/java.util.stream.AbstractPipeline.wrapAndCopyInto(AbstractPipeline.java:474)
	at java.base/java.util.stream.AbstractPipeline.evaluate(AbstractPipeline.java:550)
	at java.base/java.util.stream.AbstractPipeline.evaluateToArrayNode(AbstractPipeline.java:260)
	at java.base/java.util.stream.ReferencePipeline.toArray(ReferencePipeline.java:517)
	at org.eclipse.lsp4e.LanguageServiceAccessor.getLanguageServers(LanguageServiceAccessor.java:602)
	at org.eclipse.lsp4e.operations.codelens.CodeLensProvider.provideCodeMinings(CodeLensProvider.java:41)
	at org.eclipse.lsp4e.operations.codelens.CodeLensProvider.provideCodeMinings(CodeLensProvider.java:73)
	at org.eclipse.jface.internal.text.codemining.CodeMiningManager.lambda$2(CodeMiningManager.java:189)
	at java.base/java.util.stream.ReferencePipeline$3$1.accept(ReferencePipeline.java:195)
	at java.base/java.util.Spliterators$ArraySpliterator.forEachRemaining(Spliterators.java:948)
	at java.base/java.util.stream.AbstractPipeline.copyInto(AbstractPipeline.java:484)
	at java.base/java.util.stream.AbstractPipeline.wrapAndCopyInto(AbstractPipeline.java:474)
	at java.base/java.util.stream.ReduceOps$ReduceOp.evaluateSequential(ReduceOps.java:913)
	at java.base/java.util.stream.AbstractPipeline.evaluate(AbstractPipeline.java:234)
	at java.base/java.util.stream.ReferencePipeline.collect(ReferencePipeline.java:578)
	at org.eclipse.jface.internal.text.codemining.CodeMiningManager.getCodeMinings(CodeMiningManager.java:195)
	at org.eclipse.jface.internal.text.codemining.CodeMiningManager.updateCodeMinings(CodeMiningManager.java:140)
	at org.eclipse.jface.internal.text.codemining.CodeMiningManager.run(CodeMiningManager.java:129)
	at org.eclipse.jface.text.source.SourceViewer.updateCodeMinings(SourceViewer.java:1313)
	at org.springframework.tooling.ls.eclipse.commons.STS4LanguageClientImpl.lambda$9(STS4LanguageClientImpl.java:409)
	at org.springframework.tooling.jdt.ls.commons.classpath.ReusableClasspathListenerHandler$CallbackJob.lambda$0(ReusableClasspathListenerHandler.java:77)
	at java.base/java.lang.Iterable.forEach(Iterable.java:75)
	at org.springframework.tooling.jdt.ls.commons.classpath.ReusableClasspathListenerHandler$CallbackJob.run(ReusableClasspathListenerHandler.java:77)
	at org.eclipse.core.internal.jobs.Worker.run(Worker.java:63)

!ENTRY org.eclipse.lsp4e 4 0 2025-06-19 16:52:13.847
!MESSAGE org.eclipse.lsp4j.jsonrpc.JsonRpcException: java.io.IOException: 파이프가 닫히는 중입니다
!STACK 0
java.util.concurrent.ExecutionException: org.eclipse.lsp4j.jsonrpc.JsonRpcException: java.io.IOException: 파이프가 닫히는 중입니다
	at java.base/java.util.concurrent.CompletableFuture.reportGet(CompletableFuture.java:395)
	at java.base/java.util.concurrent.CompletableFuture.get(CompletableFuture.java:2028)
	at org.eclipse.lsp4e.LanguageServerWrapper.lambda$13(LanguageServerWrapper.java:425)
	at java.base/java.util.concurrent.CompletableFuture$AsyncRun.run(CompletableFuture.java:1736)
	at java.base/java.util.concurrent.CompletableFuture$AsyncRun.exec(CompletableFuture.java:1728)
	at java.base/java.util.concurrent.ForkJoinTask.doExec(ForkJoinTask.java:290)
	at java.base/java.util.concurrent.ForkJoinPool$WorkQueue.topLevelExec(ForkJoinPool.java:1020)
	at java.base/java.util.concurrent.ForkJoinPool.scan(ForkJoinPool.java:1656)
	at java.base/java.util.concurrent.ForkJoinPool.runWorker(ForkJoinPool.java:1594)
	at java.base/java.util.concurrent.ForkJoinWorkerThread.run(ForkJoinWorkerThread.java:183)
Caused by: org.eclipse.lsp4j.jsonrpc.JsonRpcException: java.io.IOException: 파이프가 닫히는 중입니다
	at org.eclipse.lsp4j.jsonrpc.json.StreamMessageConsumer.consume(StreamMessageConsumer.java:72)
	at org.eclipse.lsp4e.LanguageServerWrapper.lambda$4(LanguageServerWrapper.java:260)
	at org.eclipse.lsp4j.jsonrpc.RemoteEndpoint.request(RemoteEndpoint.java:161)
	at org.eclipse.lsp4j.jsonrpc.services.EndpointProxy.invoke(EndpointProxy.java:91)
	at com.sun.proxy.$Proxy66.shutdown(Unknown Source)
	at org.eclipse.lsp4e.LanguageServerWrapper.lambda$13(LanguageServerWrapper.java:423)
	... 7 more
Caused by: java.io.IOException: 파이프가 닫히는 중입니다
	at java.base/java.io.FileOutputStream.writeBytes(Native Method)
	at java.base/java.io.FileOutputStream.write(FileOutputStream.java:354)
	at java.base/java.io.BufferedOutputStream.flushBuffer(BufferedOutputStream.java:81)
	at java.base/java.io.BufferedOutputStream.flush(BufferedOutputStream.java:142)
	at org.eclipse.lsp4j.jsonrpc.json.StreamMessageConsumer.consume(StreamMessageConsumer.java:69)
	... 12 more

!ENTRY org.springframework.tooling.ls.eclipse.commons 1 0 2025-06-19 16:52:13.847
!MESSAGE Entering DelegatingStreamConnectionProvider()

!ENTRY org.springframework.tooling.ls.eclipse.commons 1 0 2025-06-19 16:52:13.847
!MESSAGE Entering DelegatingStreamConnectionProvider()

!ENTRY org.eclipse.lsp4e 4 0 2025-06-19 16:52:13.847
!MESSAGE org.eclipse.lsp4j.jsonrpc.JsonRpcException: java.io.IOException: 파이프가 닫히는 중입니다
!STACK 0
java.util.concurrent.ExecutionException: org.eclipse.lsp4j.jsonrpc.JsonRpcException: java.io.IOException: 파이프가 닫히는 중입니다
	at java.base/java.util.concurrent.CompletableFuture.reportGet(CompletableFuture.java:395)
	at java.base/java.util.concurrent.CompletableFuture.get(CompletableFuture.java:2028)
	at org.eclipse.lsp4e.LanguageServerWrapper.lambda$13(LanguageServerWrapper.java:425)
	at java.base/java.util.concurrent.CompletableFuture$AsyncRun.run(CompletableFuture.java:1736)
	at java.base/java.util.concurrent.CompletableFuture$AsyncRun.exec(CompletableFuture.java:1728)
	at java.base/java.util.concurrent.ForkJoinTask.doExec(ForkJoinTask.java:290)
	at java.base/java.util.concurrent.ForkJoinPool$WorkQueue.topLevelExec(ForkJoinPool.java:1020)
	at java.base/java.util.concurrent.ForkJoinPool.scan(ForkJoinPool.java:1656)
	at java.base/java.util.concurrent.ForkJoinPool.runWorker(ForkJoinPool.java:1594)
	at java.base/java.util.concurrent.ForkJoinWorkerThread.run(ForkJoinWorkerThread.java:183)
Caused by: org.eclipse.lsp4j.jsonrpc.JsonRpcException: java.io.IOException: 파이프가 닫히는 중입니다
	at org.eclipse.lsp4j.jsonrpc.json.StreamMessageConsumer.consume(StreamMessageConsumer.java:72)
	at org.eclipse.lsp4e.LanguageServerWrapper.lambda$4(LanguageServerWrapper.java:260)
	at org.eclipse.lsp4j.jsonrpc.RemoteEndpoint.request(RemoteEndpoint.java:161)
	at org.eclipse.lsp4j.jsonrpc.services.EndpointProxy.invoke(EndpointProxy.java:91)
	at com.sun.proxy.$Proxy66.shutdown(Unknown Source)
	at org.eclipse.lsp4e.LanguageServerWrapper.lambda$13(LanguageServerWrapper.java:423)
	... 7 more
Caused by: java.io.IOException: 파이프가 닫히는 중입니다
	at java.base/java.io.FileOutputStream.writeBytes(Native Method)
	at java.base/java.io.FileOutputStream.write(FileOutputStream.java:354)
	at java.base/java.io.BufferedOutputStream.flushBuffer(BufferedOutputStream.java:81)
	at java.base/java.io.BufferedOutputStream.flush(BufferedOutputStream.java:142)
	at org.eclipse.lsp4j.jsonrpc.json.StreamMessageConsumer.consume(StreamMessageConsumer.java:69)
	... 12 more

!ENTRY org.springframework.tooling.ls.eclipse.commons 1 0 2025-06-19 16:52:13.849
!MESSAGE DelegatingStreamConnectionProvider classloader = org.eclipse.osgi.internal.loader.EquinoxClassLoader@56fdb4db[org.springframework.tooling.boot.ls:1.28.0.202109130547(id=1001)]

!ENTRY org.eclipse.jface.text 4 0 2025-06-19 16:52:13.849
!MESSAGE org.eclipse.lsp4j.jsonrpc.JsonRpcException: java.io.IOException: 파이프가 닫히는 중입니다
!STACK 0
java.util.concurrent.CompletionException: org.eclipse.lsp4j.jsonrpc.JsonRpcException: java.io.IOException: 파이프가 닫히는 중입니다
	at java.base/java.util.concurrent.CompletableFuture.encodeRelay(CompletableFuture.java:367)
	at java.base/java.util.concurrent.CompletableFuture.completeRelay(CompletableFuture.java:376)
	at java.base/java.util.concurrent.CompletableFuture$UniCompose.tryFire(CompletableFuture.java:1074)
	at java.base/java.util.concurrent.CompletableFuture.postComplete(CompletableFuture.java:506)
	at java.base/java.util.concurrent.CompletableFuture$AsyncSupply.run(CompletableFuture.java:1705)
	at java.base/java.util.concurrent.CompletableFuture$AsyncSupply.exec(CompletableFuture.java:1692)
	at java.base/java.util.concurrent.ForkJoinTask.doExec(ForkJoinTask.java:290)
	at java.base/java.util.concurrent.ForkJoinPool$WorkQueue.topLevelExec(ForkJoinPool.java:1020)
	at java.base/java.util.concurrent.ForkJoinPool.scan(ForkJoinPool.java:1656)
	at java.base/java.util.concurrent.ForkJoinPool.runWorker(ForkJoinPool.java:1594)
	at java.base/java.util.concurrent.ForkJoinWorkerThread.run(ForkJoinWorkerThread.java:183)
Caused by: org.eclipse.lsp4j.jsonrpc.JsonRpcException: java.io.IOException: 파이프가 닫히는 중입니다
	at org.eclipse.lsp4j.jsonrpc.json.StreamMessageConsumer.consume(StreamMessageConsumer.java:72)
	at org.eclipse.lsp4e.LanguageServerWrapper.lambda$4(LanguageServerWrapper.java:260)
	at org.eclipse.lsp4j.jsonrpc.RemoteEndpoint.request(RemoteEndpoint.java:161)
	at org.eclipse.lsp4j.jsonrpc.services.EndpointProxy.invoke(EndpointProxy.java:91)
	at com.sun.proxy.$Proxy66.initialize(Unknown Source)
	at org.eclipse.lsp4e.LanguageServerWrapper.lambda$8(LanguageServerWrapper.java:359)
	at java.base/java.util.concurrent.CompletableFuture$UniCompose.tryFire(CompletableFuture.java:1072)
	... 8 more
Caused by: java.io.IOException: 파이프가 닫히는 중입니다
	at java.base/java.io.FileOutputStream.writeBytes(Native Method)
	at java.base/java.io.FileOutputStream.write(FileOutputStream.java:354)
	at java.base/java.io.BufferedOutputStream.flushBuffer(BufferedOutputStream.java:81)
	at java.base/java.io.BufferedOutputStream.flush(BufferedOutputStream.java:142)
	at org.eclipse.lsp4j.jsonrpc.json.StreamMessageConsumer.consume(StreamMessageConsumer.java:69)
	... 14 more

!ENTRY org.springframework.tooling.ls.eclipse.commons 1 0 2025-06-19 16:52:13.849
!MESSAGE Entering DelegatingStreamConnectionProvider()

!ENTRY org.eclipse.lsp4e 4 0 2025-06-19 16:52:13.849
!MESSAGE org.eclipse.lsp4j.jsonrpc.JsonRpcException: java.io.IOException: 파이프가 닫히는 중입니다
!STACK 0
java.util.concurrent.ExecutionException: org.eclipse.lsp4j.jsonrpc.JsonRpcException: java.io.IOException: 파이프가 닫히는 중입니다
	at java.base/java.util.concurrent.CompletableFuture.reportGet(CompletableFuture.java:395)
	at java.base/java.util.concurrent.CompletableFuture.get(CompletableFuture.java:2028)
	at org.eclipse.lsp4e.LanguageServerWrapper.lambda$13(LanguageServerWrapper.java:425)
	at java.base/java.util.concurrent.CompletableFuture$AsyncRun.run(CompletableFuture.java:1736)
	at java.base/java.util.concurrent.CompletableFuture$AsyncRun.exec(CompletableFuture.java:1728)
	at java.base/java.util.concurrent.ForkJoinTask.doExec(ForkJoinTask.java:290)
	at java.base/java.util.concurrent.ForkJoinPool$WorkQueue.topLevelExec(ForkJoinPool.java:1020)
	at java.base/java.util.concurrent.ForkJoinPool.scan(ForkJoinPool.java:1656)
	at java.base/java.util.concurrent.ForkJoinPool.runWorker(ForkJoinPool.java:1594)
	at java.base/java.util.concurrent.ForkJoinWorkerThread.run(ForkJoinWorkerThread.java:183)
Caused by: org.eclipse.lsp4j.jsonrpc.JsonRpcException: java.io.IOException: 파이프가 닫히는 중입니다
	at org.eclipse.lsp4j.jsonrpc.json.StreamMessageConsumer.consume(StreamMessageConsumer.java:72)
	at org.eclipse.lsp4e.LanguageServerWrapper.lambda$4(LanguageServerWrapper.java:260)
	at org.eclipse.lsp4j.jsonrpc.RemoteEndpoint.request(RemoteEndpoint.java:161)
	at org.eclipse.lsp4j.jsonrpc.services.EndpointProxy.invoke(EndpointProxy.java:91)
	at com.sun.proxy.$Proxy66.shutdown(Unknown Source)
	at org.eclipse.lsp4e.LanguageServerWrapper.lambda$13(LanguageServerWrapper.java:423)
	... 7 more
Caused by: java.io.IOException: 파이프가 닫히는 중입니다
	at java.base/java.io.FileOutputStream.writeBytes(Native Method)
	at java.base/java.io.FileOutputStream.write(FileOutputStream.java:354)
	at java.base/java.io.BufferedOutputStream.flushBuffer(BufferedOutputStream.java:81)
	at java.base/java.io.BufferedOutputStream.flush(BufferedOutputStream.java:142)
	at org.eclipse.lsp4j.jsonrpc.json.StreamMessageConsumer.consume(StreamMessageConsumer.java:69)
	... 12 more

!ENTRY org.springframework.tooling.ls.eclipse.commons 1 0 2025-06-19 16:52:13.849
!MESSAGE DelegatingStreamConnectionProvider classloader = org.eclipse.osgi.internal.loader.EquinoxClassLoader@56fdb4db[org.springframework.tooling.boot.ls:1.28.0.202109130547(id=1001)]

!ENTRY org.springframework.tooling.ls.eclipse.commons 1 0 2025-06-19 16:52:13.849
!MESSAGE Entering DelegatingStreamConnectionProvider()

!ENTRY org.springframework.tooling.ls.eclipse.commons 1 0 2025-06-19 16:52:13.849
!MESSAGE DelegatingStreamConnectionProvider classloader = org.eclipse.osgi.internal.loader.EquinoxClassLoader@56fdb4db[org.springframework.tooling.boot.ls:1.28.0.202109130547(id=1001)]

!ENTRY org.springframework.tooling.ls.eclipse.commons 1 0 2025-06-19 16:52:13.849
!MESSAGE DelegatingStreamConnectionProvider classloader = org.eclipse.osgi.internal.loader.EquinoxClassLoader@56fdb4db[org.springframework.tooling.boot.ls:1.28.0.202109130547(id=1001)]

!ENTRY org.eclipse.lsp4e 4 0 2025-06-19 16:52:13.850
!MESSAGE org.eclipse.lsp4j.jsonrpc.JsonRpcException: java.io.IOException: 파이프가 닫히는 중입니다
!STACK 0
java.util.concurrent.ExecutionException: org.eclipse.lsp4j.jsonrpc.JsonRpcException: java.io.IOException: 파이프가 닫히는 중입니다
	at java.base/java.util.concurrent.CompletableFuture.reportGet(CompletableFuture.java:395)
	at java.base/java.util.concurrent.CompletableFuture.get(CompletableFuture.java:2028)
	at org.eclipse.lsp4e.LanguageServerWrapper.lambda$13(LanguageServerWrapper.java:425)
	at java.base/java.util.concurrent.CompletableFuture$AsyncRun.run(CompletableFuture.java:1736)
	at java.base/java.util.concurrent.CompletableFuture$AsyncRun.exec(CompletableFuture.java:1728)
	at java.base/java.util.concurrent.ForkJoinTask.doExec(ForkJoinTask.java:290)
	at java.base/java.util.concurrent.ForkJoinPool$WorkQueue.topLevelExec(ForkJoinPool.java:1020)
	at java.base/java.util.concurrent.ForkJoinPool.scan(ForkJoinPool.java:1656)
	at java.base/java.util.concurrent.ForkJoinPool.runWorker(ForkJoinPool.java:1594)
	at java.base/java.util.concurrent.ForkJoinWorkerThread.run(ForkJoinWorkerThread.java:183)
Caused by: org.eclipse.lsp4j.jsonrpc.JsonRpcException: java.io.IOException: 파이프가 닫히는 중입니다
	at org.eclipse.lsp4j.jsonrpc.json.StreamMessageConsumer.consume(StreamMessageConsumer.java:72)
	at org.eclipse.lsp4e.LanguageServerWrapper.lambda$4(LanguageServerWrapper.java:260)
	at org.eclipse.lsp4j.jsonrpc.RemoteEndpoint.request(RemoteEndpoint.java:161)
	at org.eclipse.lsp4j.jsonrpc.services.EndpointProxy.invoke(EndpointProxy.java:91)
	at com.sun.proxy.$Proxy66.shutdown(Unknown Source)
	at org.eclipse.lsp4e.LanguageServerWrapper.lambda$13(LanguageServerWrapper.java:423)
	... 7 more
Caused by: java.io.IOException: 파이프가 닫히는 중입니다
	at java.base/java.io.FileOutputStream.writeBytes(Native Method)
	at java.base/java.io.FileOutputStream.write(FileOutputStream.java:354)
	at java.base/java.io.BufferedOutputStream.flushBuffer(BufferedOutputStream.java:81)
	at java.base/java.io.BufferedOutputStream.flush(BufferedOutputStream.java:142)
	at org.eclipse.lsp4j.jsonrpc.json.StreamMessageConsumer.consume(StreamMessageConsumer.java:69)
	... 12 more

!ENTRY org.springframework.tooling.ls.eclipse.commons 1 0 2025-06-19 16:52:13.850
!MESSAGE Entering DelegatingStreamConnectionProvider()

!ENTRY org.eclipse.lsp4e 4 0 2025-06-19 16:52:13.850
!MESSAGE org.eclipse.lsp4j.jsonrpc.JsonRpcException: java.io.IOException: 파이프가 닫히는 중입니다
!STACK 0
java.util.concurrent.ExecutionException: org.eclipse.lsp4j.jsonrpc.JsonRpcException: java.io.IOException: 파이프가 닫히는 중입니다
	at java.base/java.util.concurrent.CompletableFuture.reportGet(CompletableFuture.java:395)
	at java.base/java.util.concurrent.CompletableFuture.get(CompletableFuture.java:2028)
	at org.eclipse.lsp4e.LanguageServerWrapper.lambda$13(LanguageServerWrapper.java:425)
	at java.base/java.util.concurrent.CompletableFuture$AsyncRun.run(CompletableFuture.java:1736)
	at java.base/java.util.concurrent.CompletableFuture$AsyncRun.exec(CompletableFuture.java:1728)
	at java.base/java.util.concurrent.ForkJoinTask.doExec(ForkJoinTask.java:290)
	at java.base/java.util.concurrent.ForkJoinPool$WorkQueue.topLevelExec(ForkJoinPool.java:1020)
	at java.base/java.util.concurrent.ForkJoinPool.scan(ForkJoinPool.java:1656)
	at java.base/java.util.concurrent.ForkJoinPool.runWorker(ForkJoinPool.java:1594)
	at java.base/java.util.concurrent.ForkJoinWorkerThread.run(ForkJoinWorkerThread.java:183)
Caused by: org.eclipse.lsp4j.jsonrpc.JsonRpcException: java.io.IOException: 파이프가 닫히는 중입니다
	at org.eclipse.lsp4j.jsonrpc.json.StreamMessageConsumer.consume(StreamMessageConsumer.java:72)
	at org.eclipse.lsp4e.LanguageServerWrapper.lambda$4(LanguageServerWrapper.java:260)
	at org.eclipse.lsp4j.jsonrpc.RemoteEndpoint.request(RemoteEndpoint.java:161)
	at org.eclipse.lsp4j.jsonrpc.services.EndpointProxy.invoke(EndpointProxy.java:91)
	at com.sun.proxy.$Proxy66.shutdown(Unknown Source)
	at org.eclipse.lsp4e.LanguageServerWrapper.lambda$13(LanguageServerWrapper.java:423)
	... 7 more
Caused by: java.io.IOException: 파이프가 닫히는 중입니다
	at java.base/java.io.FileOutputStream.writeBytes(Native Method)
	at java.base/java.io.FileOutputStream.write(FileOutputStream.java:354)
	at java.base/java.io.BufferedOutputStream.flushBuffer(BufferedOutputStream.java:81)
	at java.base/java.io.BufferedOutputStream.flush(BufferedOutputStream.java:142)
	at org.eclipse.lsp4j.jsonrpc.json.StreamMessageConsumer.consume(StreamMessageConsumer.java:69)
	... 12 more

!ENTRY org.springframework.tooling.ls.eclipse.commons 1 0 2025-06-19 16:52:13.850
!MESSAGE Entering DelegatingStreamConnectionProvider()

!ENTRY org.springframework.tooling.ls.eclipse.commons 1 0 2025-06-19 16:52:13.850
!MESSAGE Entering DelegatingStreamConnectionProvider()

!ENTRY org.springframework.tooling.ls.eclipse.commons 1 0 2025-06-19 16:52:13.850
!MESSAGE DelegatingStreamConnectionProvider classloader = org.eclipse.osgi.internal.loader.EquinoxClassLoader@56fdb4db[org.springframework.tooling.boot.ls:1.28.0.202109130547(id=1001)]

!ENTRY org.springframework.tooling.ls.eclipse.commons 1 0 2025-06-19 16:52:13.850
!MESSAGE SpringBootLanguageServer exists!

!ENTRY org.springframework.tooling.ls.eclipse.commons 1 0 2025-06-19 16:52:13.850
!MESSAGE SpringBootLanguageServer exists!

!ENTRY org.springframework.tooling.ls.eclipse.commons 1 0 2025-06-19 16:52:13.851
!MESSAGE DelegatingStreamConnectionProvider classloader = org.eclipse.osgi.internal.loader.EquinoxClassLoader@56fdb4db[org.springframework.tooling.boot.ls:1.28.0.202109130547(id=1001)]

!ENTRY org.springframework.tooling.ls.eclipse.commons 1 0 2025-06-19 16:52:13.851
!MESSAGE SpringBootLanguageServer exists!

!ENTRY org.eclipse.lsp4e 4 0 2025-06-19 16:52:13.851
!MESSAGE org.eclipse.lsp4j.jsonrpc.JsonRpcException: java.io.IOException: 파이프가 닫히는 중입니다
!STACK 0
java.util.concurrent.ExecutionException: org.eclipse.lsp4j.jsonrpc.JsonRpcException: java.io.IOException: 파이프가 닫히는 중입니다
	at java.base/java.util.concurrent.CompletableFuture.reportGet(CompletableFuture.java:395)
	at java.base/java.util.concurrent.CompletableFuture.get(CompletableFuture.java:2028)
	at org.eclipse.lsp4e.LanguageServerWrapper.lambda$13(LanguageServerWrapper.java:425)
	at java.base/java.util.concurrent.CompletableFuture$AsyncRun.run(CompletableFuture.java:1736)
	at java.base/java.util.concurrent.CompletableFuture$AsyncRun.exec(CompletableFuture.java:1728)
	at java.base/java.util.concurrent.ForkJoinTask.doExec(ForkJoinTask.java:290)
	at java.base/java.util.concurrent.ForkJoinPool$WorkQueue.topLevelExec(ForkJoinPool.java:1020)
	at java.base/java.util.concurrent.ForkJoinPool.scan(ForkJoinPool.java:1656)
	at java.base/java.util.concurrent.ForkJoinPool.runWorker(ForkJoinPool.java:1594)
	at java.base/java.util.concurrent.ForkJoinWorkerThread.run(ForkJoinWorkerThread.java:183)
Caused by: org.eclipse.lsp4j.jsonrpc.JsonRpcException: java.io.IOException: 파이프가 닫히는 중입니다
	at org.eclipse.lsp4j.jsonrpc.json.StreamMessageConsumer.consume(StreamMessageConsumer.java:72)
	at org.eclipse.lsp4e.LanguageServerWrapper.lambda$4(LanguageServerWrapper.java:260)
	at org.eclipse.lsp4j.jsonrpc.RemoteEndpoint.request(RemoteEndpoint.java:161)
	at org.eclipse.lsp4j.jsonrpc.services.EndpointProxy.invoke(EndpointProxy.java:91)
	at com.sun.proxy.$Proxy66.shutdown(Unknown Source)
	at org.eclipse.lsp4e.LanguageServerWrapper.lambda$13(LanguageServerWrapper.java:423)
	... 7 more
Caused by: java.io.IOException: 파이프가 닫히는 중입니다
	at java.base/java.io.FileOutputStream.writeBytes(Native Method)
	at java.base/java.io.FileOutputStream.write(FileOutputStream.java:354)
	at java.base/java.io.BufferedOutputStream.flushBuffer(BufferedOutputStream.java:81)
	at java.base/java.io.BufferedOutputStream.flush(BufferedOutputStream.java:142)
	at org.eclipse.lsp4j.jsonrpc.json.StreamMessageConsumer.consume(StreamMessageConsumer.java:69)
	... 12 more

!ENTRY org.springframework.tooling.ls.eclipse.commons 1 0 2025-06-19 16:52:13.851
!MESSAGE SpringBootLanguageServer exists!

!ENTRY org.springframework.tooling.ls.eclipse.commons 1 0 2025-06-19 16:52:13.851
!MESSAGE DelegatingStreamConnectionProvider classloader = org.eclipse.osgi.internal.loader.EquinoxClassLoader@56fdb4db[org.springframework.tooling.boot.ls:1.28.0.202109130547(id=1001)]

!ENTRY org.eclipse.jface.text 4 0 2025-06-19 16:52:13.852
!MESSAGE org.eclipse.lsp4j.jsonrpc.JsonRpcException: java.io.IOException: 파이프가 닫히는 중입니다
!STACK 0
java.util.concurrent.CompletionException: org.eclipse.lsp4j.jsonrpc.JsonRpcException: java.io.IOException: 파이프가 닫히는 중입니다
	at java.base/java.util.concurrent.CompletableFuture.encodeRelay(CompletableFuture.java:367)
	at java.base/java.util.concurrent.CompletableFuture.completeRelay(CompletableFuture.java:376)
	at java.base/java.util.concurrent.CompletableFuture$UniCompose.tryFire(CompletableFuture.java:1074)
	at java.base/java.util.concurrent.CompletableFuture.postComplete(CompletableFuture.java:506)
	at java.base/java.util.concurrent.CompletableFuture$AsyncSupply.run(CompletableFuture.java:1705)
	at java.base/java.util.concurrent.CompletableFuture$AsyncSupply.exec(CompletableFuture.java:1692)
	at java.base/java.util.concurrent.ForkJoinTask.doExec(ForkJoinTask.java:290)
	at java.base/java.util.concurrent.ForkJoinPool$WorkQueue.topLevelExec(ForkJoinPool.java:1020)
	at java.base/java.util.concurrent.ForkJoinPool.scan(ForkJoinPool.java:1656)
	at java.base/java.util.concurrent.ForkJoinPool.runWorker(ForkJoinPool.java:1594)
	at java.base/java.util.concurrent.ForkJoinWorkerThread.run(ForkJoinWorkerThread.java:183)
Caused by: org.eclipse.lsp4j.jsonrpc.JsonRpcException: java.io.IOException: 파이프가 닫히는 중입니다
	at org.eclipse.lsp4j.jsonrpc.json.StreamMessageConsumer.consume(StreamMessageConsumer.java:72)
	at org.eclipse.lsp4e.LanguageServerWrapper.lambda$4(LanguageServerWrapper.java:260)
	at org.eclipse.lsp4j.jsonrpc.RemoteEndpoint.request(RemoteEndpoint.java:161)
	at org.eclipse.lsp4j.jsonrpc.services.EndpointProxy.invoke(EndpointProxy.java:91)
	at com.sun.proxy.$Proxy66.initialize(Unknown Source)
	at org.eclipse.lsp4e.LanguageServerWrapper.lambda$8(LanguageServerWrapper.java:359)
	at java.base/java.util.concurrent.CompletableFuture$UniCompose.tryFire(CompletableFuture.java:1072)
	... 8 more
Caused by: java.io.IOException: 파이프가 닫히는 중입니다
	at java.base/java.io.FileOutputStream.writeBytes(Native Method)
	at java.base/java.io.FileOutputStream.write(FileOutputStream.java:354)
	at java.base/java.io.BufferedOutputStream.flushBuffer(BufferedOutputStream.java:81)
	at java.base/java.io.BufferedOutputStream.flush(BufferedOutputStream.java:142)
	at org.eclipse.lsp4j.jsonrpc.json.StreamMessageConsumer.consume(StreamMessageConsumer.java:69)
	... 14 more

!ENTRY org.springframework.tooling.ls.eclipse.commons 1 0 2025-06-19 16:52:13.852
!MESSAGE Entering DelegatingStreamConnectionProvider()

!ENTRY org.springframework.tooling.ls.eclipse.commons 1 0 2025-06-19 16:52:13.852
!MESSAGE SpringBootLanguageServer exists!

!ENTRY org.springframework.tooling.ls.eclipse.commons 1 0 2025-06-19 16:52:13.852
!MESSAGE DelegatingStreamConnectionProvider classloader = org.eclipse.osgi.internal.loader.EquinoxClassLoader@56fdb4db[org.springframework.tooling.boot.ls:1.28.0.202109130547(id=1001)]

!ENTRY org.eclipse.lsp4e 4 0 2025-06-19 16:52:13.853
!MESSAGE org.eclipse.lsp4j.jsonrpc.JsonRpcException: java.io.IOException: 파이프가 닫히는 중입니다
!STACK 0
java.util.concurrent.ExecutionException: org.eclipse.lsp4j.jsonrpc.JsonRpcException: java.io.IOException: 파이프가 닫히는 중입니다
	at java.base/java.util.concurrent.CompletableFuture.reportGet(CompletableFuture.java:395)
	at java.base/java.util.concurrent.CompletableFuture.get(CompletableFuture.java:2028)
	at org.eclipse.lsp4e.LanguageServerWrapper.lambda$13(LanguageServerWrapper.java:425)
	at java.base/java.util.concurrent.CompletableFuture$AsyncRun.run(CompletableFuture.java:1736)
	at java.base/java.util.concurrent.CompletableFuture$AsyncRun.exec(CompletableFuture.java:1728)
	at java.base/java.util.concurrent.ForkJoinTask.doExec(ForkJoinTask.java:290)
	at java.base/java.util.concurrent.ForkJoinPool$WorkQueue.topLevelExec(ForkJoinPool.java:1020)
	at java.base/java.util.concurrent.ForkJoinPool.scan(ForkJoinPool.java:1656)
	at java.base/java.util.concurrent.ForkJoinPool.runWorker(ForkJoinPool.java:1594)
	at java.base/java.util.concurrent.ForkJoinWorkerThread.run(ForkJoinWorkerThread.java:183)
Caused by: org.eclipse.lsp4j.jsonrpc.JsonRpcException: java.io.IOException: 파이프가 닫히는 중입니다
	at org.eclipse.lsp4j.jsonrpc.json.StreamMessageConsumer.consume(StreamMessageConsumer.java:72)
	at org.eclipse.lsp4e.LanguageServerWrapper.lambda$4(LanguageServerWrapper.java:260)
	at org.eclipse.lsp4j.jsonrpc.RemoteEndpoint.request(RemoteEndpoint.java:161)
	at org.eclipse.lsp4j.jsonrpc.services.EndpointProxy.invoke(EndpointProxy.java:91)
	at com.sun.proxy.$Proxy66.shutdown(Unknown Source)
	at org.eclipse.lsp4e.LanguageServerWrapper.lambda$13(LanguageServerWrapper.java:423)
	... 7 more
Caused by: java.io.IOException: 파이프가 닫히는 중입니다
	at java.base/java.io.FileOutputStream.writeBytes(Native Method)
	at java.base/java.io.FileOutputStream.write(FileOutputStream.java:354)
	at java.base/java.io.BufferedOutputStream.flushBuffer(BufferedOutputStream.java:81)
	at java.base/java.io.BufferedOutputStream.flush(BufferedOutputStream.java:142)
	at org.eclipse.lsp4j.jsonrpc.json.StreamMessageConsumer.consume(StreamMessageConsumer.java:69)
	... 12 more

!ENTRY org.springframework.tooling.ls.eclipse.commons 1 0 2025-06-19 16:52:13.853
!MESSAGE DelegatingStreamConnectionProvider classloader = org.eclipse.osgi.internal.loader.EquinoxClassLoader@56fdb4db[org.springframework.tooling.boot.ls:1.28.0.202109130547(id=1001)]

!ENTRY org.eclipse.lsp4e 4 0 2025-06-19 16:52:13.853
!MESSAGE org.eclipse.lsp4j.jsonrpc.JsonRpcException: java.io.IOException: 파이프가 닫히는 중입니다
!STACK 0
java.util.concurrent.ExecutionException: org.eclipse.lsp4j.jsonrpc.JsonRpcException: java.io.IOException: 파이프가 닫히는 중입니다
	at java.base/java.util.concurrent.CompletableFuture.reportGet(CompletableFuture.java:395)
	at java.base/java.util.concurrent.CompletableFuture.get(CompletableFuture.java:2028)
	at org.eclipse.lsp4e.LanguageServerWrapper.lambda$13(LanguageServerWrapper.java:425)
	at java.base/java.util.concurrent.CompletableFuture$AsyncRun.run(CompletableFuture.java:1736)
	at java.base/java.util.concurrent.CompletableFuture$AsyncRun.exec(CompletableFuture.java:1728)
	at java.base/java.util.concurrent.ForkJoinTask.doExec(ForkJoinTask.java:290)
	at java.base/java.util.concurrent.ForkJoinPool$WorkQueue.topLevelExec(ForkJoinPool.java:1020)
	at java.base/java.util.concurrent.ForkJoinPool.scan(ForkJoinPool.java:1656)
	at java.base/java.util.concurrent.ForkJoinPool.runWorker(ForkJoinPool.java:1594)
	at java.base/java.util.concurrent.ForkJoinWorkerThread.run(ForkJoinWorkerThread.java:183)
Caused by: org.eclipse.lsp4j.jsonrpc.JsonRpcException: java.io.IOException: 파이프가 닫히는 중입니다
	at org.eclipse.lsp4j.jsonrpc.json.StreamMessageConsumer.consume(StreamMessageConsumer.java:72)
	at org.eclipse.lsp4e.LanguageServerWrapper.lambda$4(LanguageServerWrapper.java:260)
	at org.eclipse.lsp4j.jsonrpc.RemoteEndpoint.request(RemoteEndpoint.java:161)
	at org.eclipse.lsp4j.jsonrpc.services.EndpointProxy.invoke(EndpointProxy.java:91)
	at com.sun.proxy.$Proxy66.shutdown(Unknown Source)
	at org.eclipse.lsp4e.LanguageServerWrapper.lambda$13(LanguageServerWrapper.java:423)
	... 7 more
Caused by: java.io.IOException: 파이프가 닫히는 중입니다
	at java.base/java.io.FileOutputStream.writeBytes(Native Method)
	at java.base/java.io.FileOutputStream.write(FileOutputStream.java:354)
	at java.base/java.io.BufferedOutputStream.flushBuffer(BufferedOutputStream.java:81)
	at java.base/java.io.BufferedOutputStream.flush(BufferedOutputStream.java:142)
	at org.eclipse.lsp4j.jsonrpc.json.StreamMessageConsumer.consume(StreamMessageConsumer.java:69)
	... 12 more

!ENTRY org.springframework.tooling.ls.eclipse.commons 1 0 2025-06-19 16:52:13.854
!MESSAGE SpringBootLanguageServer exists!

!ENTRY org.springframework.tooling.ls.eclipse.commons 1 0 2025-06-19 16:52:13.854
!MESSAGE DelegatingStreamConnectionProvider classloader = org.eclipse.osgi.internal.loader.EquinoxClassLoader@56fdb4db[org.springframework.tooling.boot.ls:1.28.0.202109130547(id=1001)]

!ENTRY org.springframework.tooling.ls.eclipse.commons 1 0 2025-06-19 16:52:13.854
!MESSAGE SpringBootLanguageServer exists!

!ENTRY org.eclipse.jface.text 4 0 2025-06-19 16:52:13.854
!MESSAGE org.eclipse.lsp4j.jsonrpc.JsonRpcException: java.io.IOException: 파이프가 닫히는 중입니다
!STACK 0
java.util.concurrent.CompletionException: org.eclipse.lsp4j.jsonrpc.JsonRpcException: java.io.IOException: 파이프가 닫히는 중입니다
	at java.base/java.util.concurrent.CompletableFuture.encodeRelay(CompletableFuture.java:367)
	at java.base/java.util.concurrent.CompletableFuture.completeRelay(CompletableFuture.java:376)
	at java.base/java.util.concurrent.CompletableFuture$UniCompose.tryFire(CompletableFuture.java:1074)
	at java.base/java.util.concurrent.CompletableFuture.postComplete(CompletableFuture.java:506)
	at java.base/java.util.concurrent.CompletableFuture$AsyncSupply.run(CompletableFuture.java:1705)
	at java.base/java.util.concurrent.CompletableFuture$AsyncSupply.exec(CompletableFuture.java:1692)
	at java.base/java.util.concurrent.ForkJoinTask.doExec(ForkJoinTask.java:290)
	at java.base/java.util.concurrent.ForkJoinPool$WorkQueue.topLevelExec(ForkJoinPool.java:1020)
	at java.base/java.util.concurrent.ForkJoinPool.scan(ForkJoinPool.java:1656)
	at java.base/java.util.concurrent.ForkJoinPool.runWorker(ForkJoinPool.java:1594)
	at java.base/java.util.concurrent.ForkJoinWorkerThread.run(ForkJoinWorkerThread.java:183)
Caused by: org.eclipse.lsp4j.jsonrpc.JsonRpcException: java.io.IOException: 파이프가 닫히는 중입니다
	at org.eclipse.lsp4j.jsonrpc.json.StreamMessageConsumer.consume(StreamMessageConsumer.java:72)
	at org.eclipse.lsp4e.LanguageServerWrapper.lambda$4(LanguageServerWrapper.java:260)
	at org.eclipse.lsp4j.jsonrpc.RemoteEndpoint.request(RemoteEndpoint.java:161)
	at org.eclipse.lsp4j.jsonrpc.services.EndpointProxy.invoke(EndpointProxy.java:91)
	at com.sun.proxy.$Proxy66.initialize(Unknown Source)
	at org.eclipse.lsp4e.LanguageServerWrapper.lambda$8(LanguageServerWrapper.java:359)
	at java.base/java.util.concurrent.CompletableFuture$UniCompose.tryFire(CompletableFuture.java:1072)
	... 8 more
Caused by: java.io.IOException: 파이프가 닫히는 중입니다
	at java.base/java.io.FileOutputStream.writeBytes(Native Method)
	at java.base/java.io.FileOutputStream.write(FileOutputStream.java:354)
	at java.base/java.io.BufferedOutputStream.flushBuffer(BufferedOutputStream.java:81)
	at java.base/java.io.BufferedOutputStream.flush(BufferedOutputStream.java:142)
	at org.eclipse.lsp4j.jsonrpc.json.StreamMessageConsumer.consume(StreamMessageConsumer.java:69)
	... 14 more

!ENTRY org.springframework.tooling.ls.eclipse.commons 1 0 2025-06-19 16:52:13.855
!MESSAGE SpringBootLanguageServer exists!

!ENTRY org.springframework.tooling.ls.eclipse.commons 1 0 2025-06-19 16:52:13.855
!MESSAGE Entering DelegatingStreamConnectionProvider()

!ENTRY org.springframework.tooling.ls.eclipse.commons 1 0 2025-06-19 16:52:13.855
!MESSAGE SpringBootLanguageServer exists!

!ENTRY org.springframework.tooling.ls.eclipse.commons 1 0 2025-06-19 16:52:13.855
!MESSAGE DelegatingStreamConnectionProvider classloader = org.eclipse.osgi.internal.loader.EquinoxClassLoader@56fdb4db[org.springframework.tooling.boot.ls:1.28.0.202109130547(id=1001)]

!ENTRY org.eclipse.lsp4e 4 0 2025-06-19 16:52:13.855
!MESSAGE org.eclipse.lsp4j.jsonrpc.JsonRpcException: java.io.IOException: 파이프가 닫히는 중입니다
!STACK 0
java.util.concurrent.ExecutionException: org.eclipse.lsp4j.jsonrpc.JsonRpcException: java.io.IOException: 파이프가 닫히는 중입니다
	at java.base/java.util.concurrent.CompletableFuture.reportGet(CompletableFuture.java:395)
	at java.base/java.util.concurrent.CompletableFuture.get(CompletableFuture.java:2028)
	at org.eclipse.lsp4e.LanguageServerWrapper.lambda$13(LanguageServerWrapper.java:425)
	at java.base/java.util.concurrent.CompletableFuture$AsyncRun.run(CompletableFuture.java:1736)
	at java.base/java.util.concurrent.CompletableFuture$AsyncRun.exec(CompletableFuture.java:1728)
	at java.base/java.util.concurrent.ForkJoinTask.doExec(ForkJoinTask.java:290)
	at java.base/java.util.concurrent.ForkJoinPool$WorkQueue.topLevelExec(ForkJoinPool.java:1020)
	at java.base/java.util.concurrent.ForkJoinPool.scan(ForkJoinPool.java:1656)
	at java.base/java.util.concurrent.ForkJoinPool.runWorker(ForkJoinPool.java:1594)
	at java.base/java.util.concurrent.ForkJoinWorkerThread.run(ForkJoinWorkerThread.java:183)
Caused by: org.eclipse.lsp4j.jsonrpc.JsonRpcException: java.io.IOException: 파이프가 닫히는 중입니다
	at org.eclipse.lsp4j.jsonrpc.json.StreamMessageConsumer.consume(StreamMessageConsumer.java:72)
	at org.eclipse.lsp4e.LanguageServerWrapper.lambda$4(LanguageServerWrapper.java:260)
	at org.eclipse.lsp4j.jsonrpc.RemoteEndpoint.request(RemoteEndpoint.java:161)
	at org.eclipse.lsp4j.jsonrpc.services.EndpointProxy.invoke(EndpointProxy.java:91)
	at com.sun.proxy.$Proxy66.shutdown(Unknown Source)
	at org.eclipse.lsp4e.LanguageServerWrapper.lambda$13(LanguageServerWrapper.java:423)
	... 7 more
Caused by: java.io.IOException: 파이프가 닫히는 중입니다
	at java.base/java.io.FileOutputStream.writeBytes(Native Method)
	at java.base/java.io.FileOutputStream.write(FileOutputStream.java:354)
	at java.base/java.io.BufferedOutputStream.flushBuffer(BufferedOutputStream.java:81)
	at java.base/java.io.BufferedOutputStream.flush(BufferedOutputStream.java:142)
	at org.eclipse.lsp4j.jsonrpc.json.StreamMessageConsumer.consume(StreamMessageConsumer.java:69)
	... 12 more

!ENTRY org.springframework.tooling.ls.eclipse.commons 1 0 2025-06-19 16:52:13.857
!MESSAGE DelegatingStreamConnectionProvider classloader = org.eclipse.osgi.internal.loader.EquinoxClassLoader@56fdb4db[org.springframework.tooling.boot.ls:1.28.0.202109130547(id=1001)]

!ENTRY org.springframework.tooling.ls.eclipse.commons 1 0 2025-06-19 16:52:13.857
!MESSAGE SpringBootLanguageServer exists!

!ENTRY org.springframework.tooling.ls.eclipse.commons 1 0 2025-06-19 16:52:13.857
!MESSAGE DelegatingStreamConnectionProvider classloader = org.eclipse.osgi.internal.loader.EquinoxClassLoader@56fdb4db[org.springframework.tooling.boot.ls:1.28.0.202109130547(id=1001)]

!ENTRY org.eclipse.lsp4e 4 0 2025-06-19 16:52:13.857
!MESSAGE org.eclipse.lsp4j.jsonrpc.JsonRpcException: java.io.IOException: 파이프가 닫히는 중입니다
!STACK 0
java.util.concurrent.ExecutionException: org.eclipse.lsp4j.jsonrpc.JsonRpcException: java.io.IOException: 파이프가 닫히는 중입니다
	at java.base/java.util.concurrent.CompletableFuture.reportGet(CompletableFuture.java:395)
	at java.base/java.util.concurrent.CompletableFuture.get(CompletableFuture.java:2028)
	at org.eclipse.lsp4e.LanguageServerWrapper.lambda$13(LanguageServerWrapper.java:425)
	at java.base/java.util.concurrent.CompletableFuture$AsyncRun.run(CompletableFuture.java:1736)
	at java.base/java.util.concurrent.CompletableFuture$AsyncRun.exec(CompletableFuture.java:1728)
	at java.base/java.util.concurrent.ForkJoinTask.doExec(ForkJoinTask.java:290)
	at java.base/java.util.concurrent.ForkJoinPool$WorkQueue.topLevelExec(ForkJoinPool.java:1020)
	at java.base/java.util.concurrent.ForkJoinPool.scan(ForkJoinPool.java:1656)
	at java.base/java.util.concurrent.ForkJoinPool.runWorker(ForkJoinPool.java:1594)
	at java.base/java.util.concurrent.ForkJoinWorkerThread.run(ForkJoinWorkerThread.java:183)
Caused by: org.eclipse.lsp4j.jsonrpc.JsonRpcException: java.io.IOException: 파이프가 닫히는 중입니다
	at org.eclipse.lsp4j.jsonrpc.json.StreamMessageConsumer.consume(StreamMessageConsumer.java:72)
	at org.eclipse.lsp4e.LanguageServerWrapper.lambda$4(LanguageServerWrapper.java:260)
	at org.eclipse.lsp4j.jsonrpc.RemoteEndpoint.request(RemoteEndpoint.java:161)
	at org.eclipse.lsp4j.jsonrpc.services.EndpointProxy.invoke(EndpointProxy.java:91)
	at com.sun.proxy.$Proxy66.shutdown(Unknown Source)
	at org.eclipse.lsp4e.LanguageServerWrapper.lambda$13(LanguageServerWrapper.java:423)
	... 7 more
Caused by: java.io.IOException: 파이프가 닫히는 중입니다
	at java.base/java.io.FileOutputStream.writeBytes(Native Method)
	at java.base/java.io.FileOutputStream.write(FileOutputStream.java:354)
	at java.base/java.io.BufferedOutputStream.flushBuffer(BufferedOutputStream.java:81)
	at java.base/java.io.BufferedOutputStream.flush(BufferedOutputStream.java:142)
	at org.eclipse.lsp4j.jsonrpc.json.StreamMessageConsumer.consume(StreamMessageConsumer.java:69)
	... 12 more

!ENTRY org.eclipse.jface.text 4 0 2025-06-19 16:52:13.858
!MESSAGE org.eclipse.lsp4j.jsonrpc.JsonRpcException: java.io.IOException: 파이프가 닫히는 중입니다
!STACK 0
java.util.concurrent.CompletionException: org.eclipse.lsp4j.jsonrpc.JsonRpcException: java.io.IOException: 파이프가 닫히는 중입니다
	at java.base/java.util.concurrent.CompletableFuture.encodeRelay(CompletableFuture.java:367)
	at java.base/java.util.concurrent.CompletableFuture.completeRelay(CompletableFuture.java:376)
	at java.base/java.util.concurrent.CompletableFuture$UniCompose.tryFire(CompletableFuture.java:1074)
	at java.base/java.util.concurrent.CompletableFuture.postComplete(CompletableFuture.java:506)
	at java.base/java.util.concurrent.CompletableFuture$AsyncSupply.run(CompletableFuture.java:1705)
	at java.base/java.util.concurrent.CompletableFuture$AsyncSupply.exec(CompletableFuture.java:1692)
	at java.base/java.util.concurrent.ForkJoinTask.doExec(ForkJoinTask.java:290)
	at java.base/java.util.concurrent.ForkJoinPool$WorkQueue.topLevelExec(ForkJoinPool.java:1020)
	at java.base/java.util.concurrent.ForkJoinPool.scan(ForkJoinPool.java:1656)
	at java.base/java.util.concurrent.ForkJoinPool.runWorker(ForkJoinPool.java:1594)
	at java.base/java.util.concurrent.ForkJoinWorkerThread.run(ForkJoinWorkerThread.java:183)
Caused by: org.eclipse.lsp4j.jsonrpc.JsonRpcException: java.io.IOException: 파이프가 닫히는 중입니다
	at org.eclipse.lsp4j.jsonrpc.json.StreamMessageConsumer.consume(StreamMessageConsumer.java:72)
	at org.eclipse.lsp4e.LanguageServerWrapper.lambda$4(LanguageServerWrapper.java:260)
	at org.eclipse.lsp4j.jsonrpc.RemoteEndpoint.request(RemoteEndpoint.java:161)
	at org.eclipse.lsp4j.jsonrpc.services.EndpointProxy.invoke(EndpointProxy.java:91)
	at com.sun.proxy.$Proxy66.initialize(Unknown Source)
	at org.eclipse.lsp4e.LanguageServerWrapper.lambda$8(LanguageServerWrapper.java:359)
	at java.base/java.util.concurrent.CompletableFuture$UniCompose.tryFire(CompletableFuture.java:1072)
	... 8 more
Caused by: java.io.IOException: 파이프가 닫히는 중입니다
	at java.base/java.io.FileOutputStream.writeBytes(Native Method)
	at java.base/java.io.FileOutputStream.write(FileOutputStream.java:354)
	at java.base/java.io.BufferedOutputStream.flushBuffer(BufferedOutputStream.java:81)
	at java.base/java.io.BufferedOutputStream.flush(BufferedOutputStream.java:142)
	at org.eclipse.lsp4j.jsonrpc.json.StreamMessageConsumer.consume(StreamMessageConsumer.java:69)
	... 14 more

!ENTRY org.springframework.tooling.ls.eclipse.commons 1 0 2025-06-19 16:52:13.858
!MESSAGE Entering DelegatingStreamConnectionProvider()

!ENTRY org.springframework.tooling.ls.eclipse.commons 1 0 2025-06-19 16:52:13.858
!MESSAGE Entering DelegatingStreamConnectionProvider()

!ENTRY org.springframework.tooling.ls.eclipse.commons 1 0 2025-06-19 16:52:13.858
!MESSAGE SpringBootLanguageServer exists!

!ENTRY org.springframework.tooling.ls.eclipse.commons 1 0 2025-06-19 16:52:13.858
!MESSAGE DelegatingStreamConnectionProvider classloader = org.eclipse.osgi.internal.loader.EquinoxClassLoader@56fdb4db[org.springframework.tooling.boot.ls:1.28.0.202109130547(id=1001)]

!ENTRY org.springframework.tooling.ls.eclipse.commons 1 0 2025-06-19 16:52:13.858
!MESSAGE DelegatingStreamConnectionProvider classloader = org.eclipse.osgi.internal.loader.EquinoxClassLoader@56fdb4db[org.springframework.tooling.boot.ls:1.28.0.202109130547(id=1001)]

!ENTRY org.eclipse.jface.text 4 0 2025-06-19 16:52:13.858
!MESSAGE org.eclipse.lsp4j.jsonrpc.JsonRpcException: java.io.IOException: 파이프가 닫히는 중입니다
!STACK 0
java.util.concurrent.CompletionException: org.eclipse.lsp4j.jsonrpc.JsonRpcException: java.io.IOException: 파이프가 닫히는 중입니다
	at java.base/java.util.concurrent.CompletableFuture.encodeRelay(CompletableFuture.java:367)
	at java.base/java.util.concurrent.CompletableFuture.completeRelay(CompletableFuture.java:376)
	at java.base/java.util.concurrent.CompletableFuture$UniCompose.tryFire(CompletableFuture.java:1074)
	at java.base/java.util.concurrent.CompletableFuture.postComplete(CompletableFuture.java:506)
	at java.base/java.util.concurrent.CompletableFuture$AsyncSupply.run(CompletableFuture.java:1705)
	at java.base/java.util.concurrent.CompletableFuture$AsyncSupply.exec(CompletableFuture.java:1692)
	at java.base/java.util.concurrent.ForkJoinTask.doExec(ForkJoinTask.java:290)
	at java.base/java.util.concurrent.ForkJoinPool$WorkQueue.topLevelExec(ForkJoinPool.java:1020)
	at java.base/java.util.concurrent.ForkJoinPool.scan(ForkJoinPool.java:1656)
	at java.base/java.util.concurrent.ForkJoinPool.runWorker(ForkJoinPool.java:1594)
	at java.base/java.util.concurrent.ForkJoinWorkerThread.run(ForkJoinWorkerThread.java:183)
Caused by: org.eclipse.lsp4j.jsonrpc.JsonRpcException: java.io.IOException: 파이프가 닫히는 중입니다
	at org.eclipse.lsp4j.jsonrpc.json.StreamMessageConsumer.consume(StreamMessageConsumer.java:72)
	at org.eclipse.lsp4e.LanguageServerWrapper.lambda$4(LanguageServerWrapper.java:260)
	at org.eclipse.lsp4j.jsonrpc.RemoteEndpoint.request(RemoteEndpoint.java:161)
	at org.eclipse.lsp4j.jsonrpc.services.EndpointProxy.invoke(EndpointProxy.java:91)
	at com.sun.proxy.$Proxy66.initialize(Unknown Source)
	at org.eclipse.lsp4e.LanguageServerWrapper.lambda$8(LanguageServerWrapper.java:359)
	at java.base/java.util.concurrent.CompletableFuture$UniCompose.tryFire(CompletableFuture.java:1072)
	... 8 more
Caused by: java.io.IOException: 파이프가 닫히는 중입니다
	at java.base/java.io.FileOutputStream.writeBytes(Native Method)
	at java.base/java.io.FileOutputStream.write(FileOutputStream.java:354)
	at java.base/java.io.BufferedOutputStream.flushBuffer(BufferedOutputStream.java:81)
	at java.base/java.io.BufferedOutputStream.flush(BufferedOutputStream.java:142)
	at org.eclipse.lsp4j.jsonrpc.json.StreamMessageConsumer.consume(StreamMessageConsumer.java:69)
	... 14 more

!ENTRY org.eclipse.lsp4e 4 0 2025-06-19 16:52:13.859
!MESSAGE org.eclipse.lsp4j.jsonrpc.JsonRpcException: java.io.IOException: 파이프가 닫히는 중입니다
!STACK 0
java.util.concurrent.ExecutionException: org.eclipse.lsp4j.jsonrpc.JsonRpcException: java.io.IOException: 파이프가 닫히는 중입니다
	at java.base/java.util.concurrent.CompletableFuture.reportGet(CompletableFuture.java:395)
	at java.base/java.util.concurrent.CompletableFuture.get(CompletableFuture.java:2028)
	at org.eclipse.lsp4e.LanguageServerWrapper.lambda$13(LanguageServerWrapper.java:425)
	at java.base/java.util.concurrent.CompletableFuture$AsyncRun.run(CompletableFuture.java:1736)
	at java.base/java.util.concurrent.CompletableFuture$AsyncRun.exec(CompletableFuture.java:1728)
	at java.base/java.util.concurrent.ForkJoinTask.doExec(ForkJoinTask.java:290)
	at java.base/java.util.concurrent.ForkJoinPool$WorkQueue.topLevelExec(ForkJoinPool.java:1020)
	at java.base/java.util.concurrent.ForkJoinPool.scan(ForkJoinPool.java:1656)
	at java.base/java.util.concurrent.ForkJoinPool.runWorker(ForkJoinPool.java:1594)
	at java.base/java.util.concurrent.ForkJoinWorkerThread.run(ForkJoinWorkerThread.java:183)
Caused by: org.eclipse.lsp4j.jsonrpc.JsonRpcException: java.io.IOException: 파이프가 닫히는 중입니다
	at org.eclipse.lsp4j.jsonrpc.json.StreamMessageConsumer.consume(StreamMessageConsumer.java:72)
	at org.eclipse.lsp4e.LanguageServerWrapper.lambda$4(LanguageServerWrapper.java:260)
	at org.eclipse.lsp4j.jsonrpc.RemoteEndpoint.request(RemoteEndpoint.java:161)
	at org.eclipse.lsp4j.jsonrpc.services.EndpointProxy.invoke(EndpointProxy.java:91)
	at com.sun.proxy.$Proxy66.shutdown(Unknown Source)
	at org.eclipse.lsp4e.LanguageServerWrapper.lambda$13(LanguageServerWrapper.java:423)
	... 7 more
Caused by: java.io.IOException: 파이프가 닫히는 중입니다
	at java.base/java.io.FileOutputStream.writeBytes(Native Method)
	at java.base/java.io.FileOutputStream.write(FileOutputStream.java:354)
	at java.base/java.io.BufferedOutputStream.flushBuffer(BufferedOutputStream.java:81)
	at java.base/java.io.BufferedOutputStream.flush(BufferedOutputStream.java:142)
	at org.eclipse.lsp4j.jsonrpc.json.StreamMessageConsumer.consume(StreamMessageConsumer.java:69)
	... 12 more

!ENTRY org.springframework.tooling.ls.eclipse.commons 1 0 2025-06-19 16:52:13.859
!MESSAGE SpringBootLanguageServer exists!

!ENTRY org.springframework.tooling.ls.eclipse.commons 1 0 2025-06-19 16:52:13.859
!MESSAGE Entering DelegatingStreamConnectionProvider()

!ENTRY org.springframework.tooling.ls.eclipse.commons 1 0 2025-06-19 16:52:13.859
!MESSAGE SpringBootLanguageServer exists!

!ENTRY org.springframework.tooling.ls.eclipse.commons 1 0 2025-06-19 16:52:13.859
!MESSAGE DelegatingStreamConnectionProvider classloader = org.eclipse.osgi.internal.loader.EquinoxClassLoader@56fdb4db[org.springframework.tooling.boot.ls:1.28.0.202109130547(id=1001)]

!ENTRY org.springframework.tooling.ls.eclipse.commons 1 0 2025-06-19 16:52:13.860
!MESSAGE Entering DelegatingStreamConnectionProvider()

!ENTRY org.eclipse.lsp4e 4 0 2025-06-19 16:52:13.860
!MESSAGE org.eclipse.lsp4j.jsonrpc.JsonRpcException: java.io.IOException: 파이프가 닫히는 중입니다
!STACK 0
java.util.concurrent.ExecutionException: org.eclipse.lsp4j.jsonrpc.JsonRpcException: java.io.IOException: 파이프가 닫히는 중입니다
	at java.base/java.util.concurrent.CompletableFuture.reportGet(CompletableFuture.java:395)
	at java.base/java.util.concurrent.CompletableFuture.get(CompletableFuture.java:2028)
	at org.eclipse.lsp4e.LanguageServerWrapper.lambda$13(LanguageServerWrapper.java:425)
	at java.base/java.util.concurrent.CompletableFuture$AsyncRun.run(CompletableFuture.java:1736)
	at java.base/java.util.concurrent.CompletableFuture$AsyncRun.exec(CompletableFuture.java:1728)
	at java.base/java.util.concurrent.ForkJoinTask.doExec(ForkJoinTask.java:290)
	at java.base/java.util.concurrent.ForkJoinPool$WorkQueue.topLevelExec(ForkJoinPool.java:1020)
	at java.base/java.util.concurrent.ForkJoinPool.scan(ForkJoinPool.java:1656)
	at java.base/java.util.concurrent.ForkJoinPool.runWorker(ForkJoinPool.java:1594)
	at java.base/java.util.concurrent.ForkJoinWorkerThread.run(ForkJoinWorkerThread.java:183)
Caused by: org.eclipse.lsp4j.jsonrpc.JsonRpcException: java.io.IOException: 파이프가 닫히는 중입니다
	at org.eclipse.lsp4j.jsonrpc.json.StreamMessageConsumer.consume(StreamMessageConsumer.java:72)
	at org.eclipse.lsp4e.LanguageServerWrapper.lambda$4(LanguageServerWrapper.java:260)
	at org.eclipse.lsp4j.jsonrpc.RemoteEndpoint.request(RemoteEndpoint.java:161)
	at org.eclipse.lsp4j.jsonrpc.services.EndpointProxy.invoke(EndpointProxy.java:91)
	at com.sun.proxy.$Proxy66.shutdown(Unknown Source)
	at org.eclipse.lsp4e.LanguageServerWrapper.lambda$13(LanguageServerWrapper.java:423)
	... 7 more
Caused by: java.io.IOException: 파이프가 닫히는 중입니다
	at java.base/java.io.FileOutputStream.writeBytes(Native Method)
	at java.base/java.io.FileOutputStream.write(FileOutputStream.java:354)
	at java.base/java.io.BufferedOutputStream.flushBuffer(BufferedOutputStream.java:81)
	at java.base/java.io.BufferedOutputStream.flush(BufferedOutputStream.java:142)
	at org.eclipse.lsp4j.jsonrpc.json.StreamMessageConsumer.consume(StreamMessageConsumer.java:69)
	... 12 more

!ENTRY org.eclipse.jface.text 4 0 2025-06-19 16:52:13.860
!MESSAGE org.eclipse.lsp4j.jsonrpc.JsonRpcException: java.io.IOException: 파이프가 닫히는 중입니다
!STACK 0
java.util.concurrent.CompletionException: org.eclipse.lsp4j.jsonrpc.JsonRpcException: java.io.IOException: 파이프가 닫히는 중입니다
	at java.base/java.util.concurrent.CompletableFuture.encodeRelay(CompletableFuture.java:367)
	at java.base/java.util.concurrent.CompletableFuture.completeRelay(CompletableFuture.java:376)
	at java.base/java.util.concurrent.CompletableFuture$UniCompose.tryFire(CompletableFuture.java:1074)
	at java.base/java.util.concurrent.CompletableFuture.postComplete(CompletableFuture.java:506)
	at java.base/java.util.concurrent.CompletableFuture$AsyncSupply.run(CompletableFuture.java:1705)
	at java.base/java.util.concurrent.CompletableFuture$AsyncSupply.exec(CompletableFuture.java:1692)
	at java.base/java.util.concurrent.ForkJoinTask.doExec(ForkJoinTask.java:290)
	at java.base/java.util.concurrent.ForkJoinPool$WorkQueue.topLevelExec(ForkJoinPool.java:1020)
	at java.base/java.util.concurrent.ForkJoinPool.scan(ForkJoinPool.java:1656)
	at java.base/java.util.concurrent.ForkJoinPool.runWorker(ForkJoinPool.java:1594)
	at java.base/java.util.concurrent.ForkJoinWorkerThread.run(ForkJoinWorkerThread.java:183)
Caused by: org.eclipse.lsp4j.jsonrpc.JsonRpcException: java.io.IOException: 파이프가 닫히는 중입니다
	at org.eclipse.lsp4j.jsonrpc.json.StreamMessageConsumer.consume(StreamMessageConsumer.java:72)
	at org.eclipse.lsp4e.LanguageServerWrapper.lambda$4(LanguageServerWrapper.java:260)
	at org.eclipse.lsp4j.jsonrpc.RemoteEndpoint.request(RemoteEndpoint.java:161)
	at org.eclipse.lsp4j.jsonrpc.services.EndpointProxy.invoke(EndpointProxy.java:91)
	at com.sun.proxy.$Proxy66.initialize(Unknown Source)
	at org.eclipse.lsp4e.LanguageServerWrapper.lambda$8(LanguageServerWrapper.java:359)
	at java.base/java.util.concurrent.CompletableFuture$UniCompose.tryFire(CompletableFuture.java:1072)
	... 8 more
Caused by: java.io.IOException: 파이프가 닫히는 중입니다
	at java.base/java.io.FileOutputStream.writeBytes(Native Method)
	at java.base/java.io.FileOutputStream.write(FileOutputStream.java:354)
	at java.base/java.io.BufferedOutputStream.flushBuffer(BufferedOutputStream.java:81)
	at java.base/java.io.BufferedOutputStream.flush(BufferedOutputStream.java:142)
	at org.eclipse.lsp4j.jsonrpc.json.StreamMessageConsumer.consume(StreamMessageConsumer.java:69)
	... 14 more

!ENTRY org.springframework.tooling.ls.eclipse.commons 1 0 2025-06-19 16:52:13.860
!MESSAGE SpringBootLanguageServer exists!

!ENTRY org.springframework.tooling.ls.eclipse.commons 1 0 2025-06-19 16:52:13.860
!MESSAGE SpringBootLanguageServer exists!

!ENTRY org.eclipse.jface.text 4 0 2025-06-19 16:52:13.860
!MESSAGE org.eclipse.lsp4j.jsonrpc.JsonRpcException: java.io.IOException: 파이프가 닫히는 중입니다
!STACK 0
java.util.concurrent.CompletionException: org.eclipse.lsp4j.jsonrpc.JsonRpcException: java.io.IOException: 파이프가 닫히는 중입니다
	at java.base/java.util.concurrent.CompletableFuture.encodeRelay(CompletableFuture.java:367)
	at java.base/java.util.concurrent.CompletableFuture.completeRelay(CompletableFuture.java:376)
	at java.base/java.util.concurrent.CompletableFuture$UniCompose.tryFire(CompletableFuture.java:1074)
	at java.base/java.util.concurrent.CompletableFuture.postComplete(CompletableFuture.java:506)
	at java.base/java.util.concurrent.CompletableFuture$AsyncSupply.run(CompletableFuture.java:1705)
	at java.base/java.util.concurrent.CompletableFuture$AsyncSupply.exec(CompletableFuture.java:1692)
	at java.base/java.util.concurrent.ForkJoinTask.doExec(ForkJoinTask.java:290)
	at java.base/java.util.concurrent.ForkJoinPool$WorkQueue.topLevelExec(ForkJoinPool.java:1020)
	at java.base/java.util.concurrent.ForkJoinPool.scan(ForkJoinPool.java:1656)
	at java.base/java.util.concurrent.ForkJoinPool.runWorker(ForkJoinPool.java:1594)
	at java.base/java.util.concurrent.ForkJoinWorkerThread.run(ForkJoinWorkerThread.java:183)
Caused by: org.eclipse.lsp4j.jsonrpc.JsonRpcException: java.io.IOException: 파이프가 닫히는 중입니다
	at org.eclipse.lsp4j.jsonrpc.json.StreamMessageConsumer.consume(StreamMessageConsumer.java:72)
	at org.eclipse.lsp4e.LanguageServerWrapper.lambda$4(LanguageServerWrapper.java:260)
	at org.eclipse.lsp4j.jsonrpc.RemoteEndpoint.request(RemoteEndpoint.java:161)
	at org.eclipse.lsp4j.jsonrpc.services.EndpointProxy.invoke(EndpointProxy.java:91)
	at com.sun.proxy.$Proxy66.initialize(Unknown Source)
	at org.eclipse.lsp4e.LanguageServerWrapper.lambda$8(LanguageServerWrapper.java:359)
	at java.base/java.util.concurrent.CompletableFuture$UniCompose.tryFire(CompletableFuture.java:1072)
	... 8 more
Caused by: java.io.IOException: 파이프가 닫히는 중입니다
	at java.base/java.io.FileOutputStream.writeBytes(Native Method)
	at java.base/java.io.FileOutputStream.write(FileOutputStream.java:354)
	at java.base/java.io.BufferedOutputStream.flushBuffer(BufferedOutputStream.java:81)
	at java.base/java.io.BufferedOutputStream.flush(BufferedOutputStream.java:142)
	at org.eclipse.lsp4j.jsonrpc.json.StreamMessageConsumer.consume(StreamMessageConsumer.java:69)
	... 14 more

!ENTRY org.springframework.tooling.ls.eclipse.commons 1 0 2025-06-19 16:52:13.860
!MESSAGE Entering DelegatingStreamConnectionProvider()

!ENTRY org.eclipse.lsp4e 4 0 2025-06-19 16:52:13.860
!MESSAGE org.eclipse.lsp4j.jsonrpc.JsonRpcException: java.io.IOException: 파이프가 닫히는 중입니다
!STACK 0
java.util.concurrent.ExecutionException: org.eclipse.lsp4j.jsonrpc.JsonRpcException: java.io.IOException: 파이프가 닫히는 중입니다
	at java.base/java.util.concurrent.CompletableFuture.reportGet(CompletableFuture.java:395)
	at java.base/java.util.concurrent.CompletableFuture.get(CompletableFuture.java:2028)
	at org.eclipse.lsp4e.LanguageServerWrapper.lambda$13(LanguageServerWrapper.java:425)
	at java.base/java.util.concurrent.CompletableFuture$AsyncRun.run(CompletableFuture.java:1736)
	at java.base/java.util.concurrent.CompletableFuture$AsyncRun.exec(CompletableFuture.java:1728)
	at java.base/java.util.concurrent.ForkJoinTask.doExec(ForkJoinTask.java:290)
	at java.base/java.util.concurrent.ForkJoinPool$WorkQueue.topLevelExec(ForkJoinPool.java:1020)
	at java.base/java.util.concurrent.ForkJoinPool.scan(ForkJoinPool.java:1656)
	at java.base/java.util.concurrent.ForkJoinPool.runWorker(ForkJoinPool.java:1594)
	at java.base/java.util.concurrent.ForkJoinWorkerThread.run(ForkJoinWorkerThread.java:183)
Caused by: org.eclipse.lsp4j.jsonrpc.JsonRpcException: java.io.IOException: 파이프가 닫히는 중입니다
	at org.eclipse.lsp4j.jsonrpc.json.StreamMessageConsumer.consume(StreamMessageConsumer.java:72)
	at org.eclipse.lsp4e.LanguageServerWrapper.lambda$4(LanguageServerWrapper.java:260)
	at org.eclipse.lsp4j.jsonrpc.RemoteEndpoint.request(RemoteEndpoint.java:161)
	at org.eclipse.lsp4j.jsonrpc.services.EndpointProxy.invoke(EndpointProxy.java:91)
	at com.sun.proxy.$Proxy66.shutdown(Unknown Source)
	at org.eclipse.lsp4e.LanguageServerWrapper.lambda$13(LanguageServerWrapper.java:423)
	... 7 more
Caused by: java.io.IOException: 파이프가 닫히는 중입니다
	at java.base/java.io.FileOutputStream.writeBytes(Native Method)
	at java.base/java.io.FileOutputStream.write(FileOutputStream.java:354)
	at java.base/java.io.BufferedOutputStream.flushBuffer(BufferedOutputStream.java:81)
	at java.base/java.io.BufferedOutputStream.flush(BufferedOutputStream.java:142)
	at org.eclipse.lsp4j.jsonrpc.json.StreamMessageConsumer.consume(StreamMessageConsumer.java:69)
	... 12 more

!ENTRY org.springframework.tooling.ls.eclipse.commons 1 0 2025-06-19 16:52:13.861
!MESSAGE DelegatingStreamConnectionProvider classloader = org.eclipse.osgi.internal.loader.EquinoxClassLoader@56fdb4db[org.springframework.tooling.boot.ls:1.28.0.202109130547(id=1001)]

!ENTRY org.springframework.tooling.ls.eclipse.commons 1 0 2025-06-19 16:52:13.861
!MESSAGE SpringBootLanguageServer exists!

!ENTRY org.eclipse.lsp4e 4 0 2025-06-19 16:52:13.861
!MESSAGE org.eclipse.lsp4j.jsonrpc.JsonRpcException: java.io.IOException: 파이프가 닫히는 중입니다
!STACK 0
java.util.concurrent.ExecutionException: org.eclipse.lsp4j.jsonrpc.JsonRpcException: java.io.IOException: 파이프가 닫히는 중입니다
	at java.base/java.util.concurrent.CompletableFuture.reportGet(CompletableFuture.java:395)
	at java.base/java.util.concurrent.CompletableFuture.get(CompletableFuture.java:2028)
	at org.eclipse.lsp4e.LanguageServerWrapper.lambda$13(LanguageServerWrapper.java:425)
	at java.base/java.util.concurrent.CompletableFuture$AsyncRun.run(CompletableFuture.java:1736)
	at java.base/java.util.concurrent.CompletableFuture$AsyncRun.exec(CompletableFuture.java:1728)
	at java.base/java.util.concurrent.ForkJoinTask.doExec(ForkJoinTask.java:290)
	at java.base/java.util.concurrent.ForkJoinPool$WorkQueue.topLevelExec(ForkJoinPool.java:1020)
	at java.base/java.util.concurrent.ForkJoinPool.scan(ForkJoinPool.java:1656)
	at java.base/java.util.concurrent.ForkJoinPool.runWorker(ForkJoinPool.java:1594)
	at java.base/java.util.concurrent.ForkJoinWorkerThread.run(ForkJoinWorkerThread.java:183)
Caused by: org.eclipse.lsp4j.jsonrpc.JsonRpcException: java.io.IOException: 파이프가 닫히는 중입니다
	at org.eclipse.lsp4j.jsonrpc.json.StreamMessageConsumer.consume(StreamMessageConsumer.java:72)
	at org.eclipse.lsp4e.LanguageServerWrapper.lambda$4(LanguageServerWrapper.java:260)
	at org.eclipse.lsp4j.jsonrpc.RemoteEndpoint.request(RemoteEndpoint.java:161)
	at org.eclipse.lsp4j.jsonrpc.services.EndpointProxy.invoke(EndpointProxy.java:91)
	at com.sun.proxy.$Proxy66.shutdown(Unknown Source)
	at org.eclipse.lsp4e.LanguageServerWrapper.lambda$13(LanguageServerWrapper.java:423)
	... 7 more
Caused by: java.io.IOException: 파이프가 닫히는 중입니다
	at java.base/java.io.FileOutputStream.writeBytes(Native Method)
	at java.base/java.io.FileOutputStream.write(FileOutputStream.java:354)
	at java.base/java.io.BufferedOutputStream.flushBuffer(BufferedOutputStream.java:81)
	at java.base/java.io.BufferedOutputStream.flush(BufferedOutputStream.java:142)
	at org.eclipse.lsp4j.jsonrpc.json.StreamMessageConsumer.consume(StreamMessageConsumer.java:69)
	... 12 more

!ENTRY org.springframework.tooling.ls.eclipse.commons 1 0 2025-06-19 16:52:13.861
!MESSAGE SpringBootLanguageServer exists!

!ENTRY org.springframework.tooling.ls.eclipse.commons 1 0 2025-06-19 16:52:13.861
!MESSAGE DelegatingStreamConnectionProvider classloader = org.eclipse.osgi.internal.loader.EquinoxClassLoader@56fdb4db[org.springframework.tooling.boot.ls:1.28.0.202109130547(id=1001)]

!ENTRY org.springframework.tooling.ls.eclipse.commons 1 0 2025-06-19 16:52:13.861
!MESSAGE Entering DelegatingStreamConnectionProvider()

!ENTRY org.springframework.tooling.ls.eclipse.commons 1 0 2025-06-19 16:52:13.862
!MESSAGE SpringBootLanguageServer exists!

!ENTRY org.springframework.tooling.ls.eclipse.commons 1 0 2025-06-19 16:52:13.862
!MESSAGE DelegatingStreamConnectionProvider classloader = org.eclipse.osgi.internal.loader.EquinoxClassLoader@56fdb4db[org.springframework.tooling.boot.ls:1.28.0.202109130547(id=1001)]

!ENTRY org.springframework.tooling.ls.eclipse.commons 1 0 2025-06-19 16:52:13.862
!MESSAGE SpringBootLanguageServer exists!

!ENTRY org.springframework.tooling.ls.eclipse.commons 1 0 2025-06-19 16:52:13.862
!MESSAGE Entering DelegatingStreamConnectionProvider()

!ENTRY org.eclipse.lsp4e 4 0 2025-06-19 16:52:13.862
!MESSAGE org.eclipse.lsp4j.jsonrpc.JsonRpcException: java.io.IOException: 파이프가 닫히는 중입니다
!STACK 0
java.util.concurrent.ExecutionException: org.eclipse.lsp4j.jsonrpc.JsonRpcException: java.io.IOException: 파이프가 닫히는 중입니다
	at java.base/java.util.concurrent.CompletableFuture.reportGet(CompletableFuture.java:395)
	at java.base/java.util.concurrent.CompletableFuture.get(CompletableFuture.java:2028)
	at org.eclipse.lsp4e.LanguageServerWrapper.lambda$13(LanguageServerWrapper.java:425)
	at java.base/java.util.concurrent.CompletableFuture$AsyncRun.run(CompletableFuture.java:1736)
	at java.base/java.util.concurrent.CompletableFuture$AsyncRun.exec(CompletableFuture.java:1728)
	at java.base/java.util.concurrent.ForkJoinTask.doExec(ForkJoinTask.java:290)
	at java.base/java.util.concurrent.ForkJoinPool$WorkQueue.topLevelExec(ForkJoinPool.java:1020)
	at java.base/java.util.concurrent.ForkJoinPool.scan(ForkJoinPool.java:1656)
	at java.base/java.util.concurrent.ForkJoinPool.runWorker(ForkJoinPool.java:1594)
	at java.base/java.util.concurrent.ForkJoinWorkerThread.run(ForkJoinWorkerThread.java:183)
Caused by: org.eclipse.lsp4j.jsonrpc.JsonRpcException: java.io.IOException: 파이프가 닫히는 중입니다
	at org.eclipse.lsp4j.jsonrpc.json.StreamMessageConsumer.consume(StreamMessageConsumer.java:72)
	at org.eclipse.lsp4e.LanguageServerWrapper.lambda$4(LanguageServerWrapper.java:260)
	at org.eclipse.lsp4j.jsonrpc.RemoteEndpoint.request(RemoteEndpoint.java:161)
	at org.eclipse.lsp4j.jsonrpc.services.EndpointProxy.invoke(EndpointProxy.java:91)
	at com.sun.proxy.$Proxy66.shutdown(Unknown Source)
	at org.eclipse.lsp4e.LanguageServerWrapper.lambda$13(LanguageServerWrapper.java:423)
	... 7 more
Caused by: java.io.IOException: 파이프가 닫히는 중입니다
	at java.base/java.io.FileOutputStream.writeBytes(Native Method)
	at java.base/java.io.FileOutputStream.write(FileOutputStream.java:354)
	at java.base/java.io.BufferedOutputStream.flushBuffer(BufferedOutputStream.java:81)
	at java.base/java.io.BufferedOutputStream.flush(BufferedOutputStream.java:142)
	at org.eclipse.lsp4j.jsonrpc.json.StreamMessageConsumer.consume(StreamMessageConsumer.java:69)
	... 12 more

!ENTRY org.springframework.tooling.ls.eclipse.commons 1 0 2025-06-19 16:52:13.864
!MESSAGE DelegatingStreamConnectionProvider classloader = org.eclipse.osgi.internal.loader.EquinoxClassLoader@56fdb4db[org.springframework.tooling.boot.ls:1.28.0.202109130547(id=1001)]

!ENTRY org.eclipse.lsp4e 4 0 2025-06-19 16:52:13.864
!MESSAGE org.eclipse.lsp4j.jsonrpc.JsonRpcException: java.io.IOException: 파이프가 닫히는 중입니다
!STACK 0
java.util.concurrent.ExecutionException: org.eclipse.lsp4j.jsonrpc.JsonRpcException: java.io.IOException: 파이프가 닫히는 중입니다
	at java.base/java.util.concurrent.CompletableFuture.reportGet(CompletableFuture.java:395)
	at java.base/java.util.concurrent.CompletableFuture.get(CompletableFuture.java:2028)
	at org.eclipse.lsp4e.LanguageServerWrapper.lambda$13(LanguageServerWrapper.java:425)
	at java.base/java.util.concurrent.CompletableFuture$AsyncRun.run(CompletableFuture.java:1736)
	at java.base/java.util.concurrent.CompletableFuture$AsyncRun.exec(CompletableFuture.java:1728)
	at java.base/java.util.concurrent.ForkJoinTask.doExec(ForkJoinTask.java:290)
	at java.base/java.util.concurrent.ForkJoinPool$WorkQueue.topLevelExec(ForkJoinPool.java:1020)
	at java.base/java.util.concurrent.ForkJoinPool.scan(ForkJoinPool.java:1656)
	at java.base/java.util.concurrent.ForkJoinPool.runWorker(ForkJoinPool.java:1594)
	at java.base/java.util.concurrent.ForkJoinWorkerThread.run(ForkJoinWorkerThread.java:183)
Caused by: org.eclipse.lsp4j.jsonrpc.JsonRpcException: java.io.IOException: 파이프가 닫히는 중입니다
	at org.eclipse.lsp4j.jsonrpc.json.StreamMessageConsumer.consume(StreamMessageConsumer.java:72)
	at org.eclipse.lsp4e.LanguageServerWrapper.lambda$4(LanguageServerWrapper.java:260)
	at org.eclipse.lsp4j.jsonrpc.RemoteEndpoint.request(RemoteEndpoint.java:161)
	at org.eclipse.lsp4j.jsonrpc.services.EndpointProxy.invoke(EndpointProxy.java:91)
	at com.sun.proxy.$Proxy66.shutdown(Unknown Source)
	at org.eclipse.lsp4e.LanguageServerWrapper.lambda$13(LanguageServerWrapper.java:423)
	... 7 more
Caused by: java.io.IOException: 파이프가 닫히는 중입니다
	at java.base/java.io.FileOutputStream.writeBytes(Native Method)
	at java.base/java.io.FileOutputStream.write(FileOutputStream.java:354)
	at java.base/java.io.BufferedOutputStream.flushBuffer(BufferedOutputStream.java:81)
	at java.base/java.io.BufferedOutputStream.flush(BufferedOutputStream.java:142)
	at org.eclipse.lsp4j.jsonrpc.json.StreamMessageConsumer.consume(StreamMessageConsumer.java:69)
	... 12 more

!ENTRY org.springframework.tooling.ls.eclipse.commons 1 0 2025-06-19 16:52:13.864
!MESSAGE SpringBootLanguageServer exists!

!ENTRY org.eclipse.lsp4e 4 0 2025-06-19 16:52:13.864
!MESSAGE org.eclipse.lsp4j.jsonrpc.JsonRpcException: java.io.IOException: 파이프가 닫히는 중입니다
!STACK 0
java.util.concurrent.ExecutionException: org.eclipse.lsp4j.jsonrpc.JsonRpcException: java.io.IOException: 파이프가 닫히는 중입니다
	at java.base/java.util.concurrent.CompletableFuture.reportGet(CompletableFuture.java:395)
	at java.base/java.util.concurrent.CompletableFuture.get(CompletableFuture.java:2028)
	at org.eclipse.lsp4e.LanguageServerWrapper.lambda$13(LanguageServerWrapper.java:425)
	at java.base/java.util.concurrent.CompletableFuture$AsyncRun.run(CompletableFuture.java:1736)
	at java.base/java.util.concurrent.CompletableFuture$AsyncRun.exec(CompletableFuture.java:1728)
	at java.base/java.util.concurrent.ForkJoinTask.doExec(ForkJoinTask.java:290)
	at java.base/java.util.concurrent.ForkJoinPool$WorkQueue.topLevelExec(ForkJoinPool.java:1020)
	at java.base/java.util.concurrent.ForkJoinPool.scan(ForkJoinPool.java:1656)
	at java.base/java.util.concurrent.ForkJoinPool.runWorker(ForkJoinPool.java:1594)
	at java.base/java.util.concurrent.ForkJoinWorkerThread.run(ForkJoinWorkerThread.java:183)
Caused by: org.eclipse.lsp4j.jsonrpc.JsonRpcException: java.io.IOException: 파이프가 닫히는 중입니다
	at org.eclipse.lsp4j.jsonrpc.json.StreamMessageConsumer.consume(StreamMessageConsumer.java:72)
	at org.eclipse.lsp4e.LanguageServerWrapper.lambda$4(LanguageServerWrapper.java:260)
	at org.eclipse.lsp4j.jsonrpc.RemoteEndpoint.request(RemoteEndpoint.java:161)
	at org.eclipse.lsp4j.jsonrpc.services.EndpointProxy.invoke(EndpointProxy.java:91)
	at com.sun.proxy.$Proxy66.shutdown(Unknown Source)
	at org.eclipse.lsp4e.LanguageServerWrapper.lambda$13(LanguageServerWrapper.java:423)
	... 7 more
Caused by: java.io.IOException: 파이프가 닫히는 중입니다
	at java.base/java.io.FileOutputStream.writeBytes(Native Method)
	at java.base/java.io.FileOutputStream.write(FileOutputStream.java:354)
	at java.base/java.io.BufferedOutputStream.flushBuffer(BufferedOutputStream.java:81)
	at java.base/java.io.BufferedOutputStream.flush(BufferedOutputStream.java:142)
	at org.eclipse.lsp4j.jsonrpc.json.StreamMessageConsumer.consume(StreamMessageConsumer.java:69)
	... 12 more

!ENTRY org.springframework.tooling.ls.eclipse.commons 1 0 2025-06-19 16:52:13.864
!MESSAGE Entering DelegatingStreamConnectionProvider()

!ENTRY org.springframework.tooling.ls.eclipse.commons 1 0 2025-06-19 16:52:13.864
!MESSAGE DelegatingStreamConnectionProvider classloader = org.eclipse.osgi.internal.loader.EquinoxClassLoader@56fdb4db[org.springframework.tooling.boot.ls:1.28.0.202109130547(id=1001)]

!ENTRY org.springframework.tooling.ls.eclipse.commons 1 0 2025-06-19 16:52:13.865
!MESSAGE Entering DelegatingStreamConnectionProvider()

!ENTRY org.springframework.tooling.ls.eclipse.commons 1 0 2025-06-19 16:52:13.865
!MESSAGE SpringBootLanguageServer exists!

!ENTRY org.springframework.tooling.ls.eclipse.commons 1 0 2025-06-19 16:52:13.865
!MESSAGE DelegatingStreamConnectionProvider classloader = org.eclipse.osgi.internal.loader.EquinoxClassLoader@56fdb4db[org.springframework.tooling.boot.ls:1.28.0.202109130547(id=1001)]

!ENTRY org.eclipse.lsp4e 4 0 2025-06-19 16:52:13.865
!MESSAGE org.eclipse.lsp4j.jsonrpc.JsonRpcException: java.io.IOException: 파이프가 닫히는 중입니다
!STACK 0
java.util.concurrent.ExecutionException: org.eclipse.lsp4j.jsonrpc.JsonRpcException: java.io.IOException: 파이프가 닫히는 중입니다
	at java.base/java.util.concurrent.CompletableFuture.reportGet(CompletableFuture.java:395)
	at java.base/java.util.concurrent.CompletableFuture.get(CompletableFuture.java:2028)
	at org.eclipse.lsp4e.LanguageServerWrapper.lambda$13(LanguageServerWrapper.java:425)
	at java.base/java.util.concurrent.CompletableFuture$AsyncRun.run(CompletableFuture.java:1736)
	at java.base/java.util.concurrent.CompletableFuture$AsyncRun.exec(CompletableFuture.java:1728)
	at java.base/java.util.concurrent.ForkJoinTask.doExec(ForkJoinTask.java:290)
	at java.base/java.util.concurrent.ForkJoinPool$WorkQueue.topLevelExec(ForkJoinPool.java:1020)
	at java.base/java.util.concurrent.ForkJoinPool.scan(ForkJoinPool.java:1656)
	at java.base/java.util.concurrent.ForkJoinPool.runWorker(ForkJoinPool.java:1594)
	at java.base/java.util.concurrent.ForkJoinWorkerThread.run(ForkJoinWorkerThread.java:183)
Caused by: org.eclipse.lsp4j.jsonrpc.JsonRpcException: java.io.IOException: 파이프가 닫히는 중입니다
	at org.eclipse.lsp4j.jsonrpc.json.StreamMessageConsumer.consume(StreamMessageConsumer.java:72)
	at org.eclipse.lsp4e.LanguageServerWrapper.lambda$4(LanguageServerWrapper.java:260)
	at org.eclipse.lsp4j.jsonrpc.RemoteEndpoint.request(RemoteEndpoint.java:161)
	at org.eclipse.lsp4j.jsonrpc.services.EndpointProxy.invoke(EndpointProxy.java:91)
	at com.sun.proxy.$Proxy66.shutdown(Unknown Source)
	at org.eclipse.lsp4e.LanguageServerWrapper.lambda$13(LanguageServerWrapper.java:423)
	... 7 more
Caused by: java.io.IOException: 파이프가 닫히는 중입니다
	at java.base/java.io.FileOutputStream.writeBytes(Native Method)
	at java.base/java.io.FileOutputStream.write(FileOutputStream.java:354)
	at java.base/java.io.BufferedOutputStream.flushBuffer(BufferedOutputStream.java:81)
	at java.base/java.io.BufferedOutputStream.flush(BufferedOutputStream.java:142)
	at org.eclipse.lsp4j.jsonrpc.json.StreamMessageConsumer.consume(StreamMessageConsumer.java:69)
	... 12 more

!ENTRY org.springframework.tooling.ls.eclipse.commons 1 0 2025-06-19 16:52:13.865
!MESSAGE SpringBootLanguageServer exists!

!ENTRY org.springframework.tooling.ls.eclipse.commons 1 0 2025-06-19 16:52:13.865
!MESSAGE Entering DelegatingStreamConnectionProvider()

!ENTRY org.springframework.tooling.ls.eclipse.commons 1 0 2025-06-19 16:52:13.866
!MESSAGE DelegatingStreamConnectionProvider classloader = org.eclipse.osgi.internal.loader.EquinoxClassLoader@56fdb4db[org.springframework.tooling.boot.ls:1.28.0.202109130547(id=1001)]

!ENTRY org.springframework.tooling.ls.eclipse.commons 1 0 2025-06-19 16:52:13.866
!MESSAGE SpringBootLanguageServer exists!

!ENTRY org.eclipse.lsp4e 4 0 2025-06-19 16:52:13.867
!MESSAGE org.eclipse.lsp4j.jsonrpc.JsonRpcException: java.io.IOException: 파이프가 닫히는 중입니다
!STACK 0
java.util.concurrent.ExecutionException: org.eclipse.lsp4j.jsonrpc.JsonRpcException: java.io.IOException: 파이프가 닫히는 중입니다
	at java.base/java.util.concurrent.CompletableFuture.reportGet(CompletableFuture.java:395)
	at java.base/java.util.concurrent.CompletableFuture.get(CompletableFuture.java:2028)
	at org.eclipse.lsp4e.LanguageServerWrapper.lambda$13(LanguageServerWrapper.java:425)
	at java.base/java.util.concurrent.CompletableFuture$AsyncRun.run(CompletableFuture.java:1736)
	at java.base/java.util.concurrent.CompletableFuture$AsyncRun.exec(CompletableFuture.java:1728)
	at java.base/java.util.concurrent.ForkJoinTask.doExec(ForkJoinTask.java:290)
	at java.base/java.util.concurrent.ForkJoinPool$WorkQueue.topLevelExec(ForkJoinPool.java:1020)
	at java.base/java.util.concurrent.ForkJoinPool.scan(ForkJoinPool.java:1656)
	at java.base/java.util.concurrent.ForkJoinPool.runWorker(ForkJoinPool.java:1594)
	at java.base/java.util.concurrent.ForkJoinWorkerThread.run(ForkJoinWorkerThread.java:183)
Caused by: org.eclipse.lsp4j.jsonrpc.JsonRpcException: java.io.IOException: 파이프가 닫히는 중입니다
	at org.eclipse.lsp4j.jsonrpc.json.StreamMessageConsumer.consume(StreamMessageConsumer.java:72)
	at org.eclipse.lsp4e.LanguageServerWrapper.lambda$4(LanguageServerWrapper.java:260)
	at org.eclipse.lsp4j.jsonrpc.RemoteEndpoint.request(RemoteEndpoint.java:161)
	at org.eclipse.lsp4j.jsonrpc.services.EndpointProxy.invoke(EndpointProxy.java:91)
	at com.sun.proxy.$Proxy66.shutdown(Unknown Source)
	at org.eclipse.lsp4e.LanguageServerWrapper.lambda$13(LanguageServerWrapper.java:423)
	... 7 more
Caused by: java.io.IOException: 파이프가 닫히는 중입니다
	at java.base/java.io.FileOutputStream.writeBytes(Native Method)
	at java.base/java.io.FileOutputStream.write(FileOutputStream.java:354)
	at java.base/java.io.BufferedOutputStream.flushBuffer(BufferedOutputStream.java:81)
	at java.base/java.io.BufferedOutputStream.flush(BufferedOutputStream.java:142)
	at org.eclipse.lsp4j.jsonrpc.json.StreamMessageConsumer.consume(StreamMessageConsumer.java:69)
	... 12 more

!ENTRY org.springframework.tooling.ls.eclipse.commons 1 0 2025-06-19 16:52:13.867
!MESSAGE Entering DelegatingStreamConnectionProvider()

!ENTRY org.springframework.tooling.ls.eclipse.commons 1 0 2025-06-19 16:52:13.867
!MESSAGE DelegatingStreamConnectionProvider classloader = org.eclipse.osgi.internal.loader.EquinoxClassLoader@56fdb4db[org.springframework.tooling.boot.ls:1.28.0.202109130547(id=1001)]

!ENTRY org.springframework.tooling.ls.eclipse.commons 1 0 2025-06-19 16:52:13.867
!MESSAGE SpringBootLanguageServer exists!

!ENTRY org.eclipse.lsp4e 4 0 2025-06-19 16:52:13.867
!MESSAGE org.eclipse.lsp4j.jsonrpc.JsonRpcException: java.io.IOException: 파이프가 닫히는 중입니다
!STACK 0
java.util.concurrent.ExecutionException: org.eclipse.lsp4j.jsonrpc.JsonRpcException: java.io.IOException: 파이프가 닫히는 중입니다
	at java.base/java.util.concurrent.CompletableFuture.reportGet(CompletableFuture.java:395)
	at java.base/java.util.concurrent.CompletableFuture.get(CompletableFuture.java:2028)
	at org.eclipse.lsp4e.LanguageServerWrapper.lambda$13(LanguageServerWrapper.java:425)
	at java.base/java.util.concurrent.CompletableFuture$AsyncRun.run(CompletableFuture.java:1736)
	at java.base/java.util.concurrent.CompletableFuture$AsyncRun.exec(CompletableFuture.java:1728)
	at java.base/java.util.concurrent.ForkJoinTask.doExec(ForkJoinTask.java:290)
	at java.base/java.util.concurrent.ForkJoinPool$WorkQueue.topLevelExec(ForkJoinPool.java:1020)
	at java.base/java.util.concurrent.ForkJoinPool.scan(ForkJoinPool.java:1656)
	at java.base/java.util.concurrent.ForkJoinPool.runWorker(ForkJoinPool.java:1594)
	at java.base/java.util.concurrent.ForkJoinWorkerThread.run(ForkJoinWorkerThread.java:183)
Caused by: org.eclipse.lsp4j.jsonrpc.JsonRpcException: java.io.IOException: 파이프가 닫히는 중입니다
	at org.eclipse.lsp4j.jsonrpc.json.StreamMessageConsumer.consume(StreamMessageConsumer.java:72)
	at org.eclipse.lsp4e.LanguageServerWrapper.lambda$4(LanguageServerWrapper.java:260)
	at org.eclipse.lsp4j.jsonrpc.RemoteEndpoint.request(RemoteEndpoint.java:161)
	at org.eclipse.lsp4j.jsonrpc.services.EndpointProxy.invoke(EndpointProxy.java:91)
	at com.sun.proxy.$Proxy66.shutdown(Unknown Source)
	at org.eclipse.lsp4e.LanguageServerWrapper.lambda$13(LanguageServerWrapper.java:423)
	... 7 more
Caused by: java.io.IOException: 파이프가 닫히는 중입니다
	at java.base/java.io.FileOutputStream.writeBytes(Native Method)
	at java.base/java.io.FileOutputStream.write(FileOutputStream.java:354)
	at java.base/java.io.BufferedOutputStream.flushBuffer(BufferedOutputStream.java:81)
	at java.base/java.io.BufferedOutputStream.flush(BufferedOutputStream.java:142)
	at org.eclipse.lsp4j.jsonrpc.json.StreamMessageConsumer.consume(StreamMessageConsumer.java:69)
	... 12 more

!ENTRY org.springframework.tooling.ls.eclipse.commons 1 0 2025-06-19 16:52:13.868
!MESSAGE Entering DelegatingStreamConnectionProvider()

!ENTRY org.springframework.tooling.ls.eclipse.commons 1 0 2025-06-19 16:52:13.868
!MESSAGE DelegatingStreamConnectionProvider classloader = org.eclipse.osgi.internal.loader.EquinoxClassLoader@56fdb4db[org.springframework.tooling.boot.ls:1.28.0.202109130547(id=1001)]

!ENTRY org.springframework.tooling.ls.eclipse.commons 1 0 2025-06-19 16:52:13.868
!MESSAGE SpringBootLanguageServer exists!

!ENTRY org.eclipse.lsp4e 4 0 2025-06-19 16:52:13.869
!MESSAGE org.eclipse.lsp4j.jsonrpc.JsonRpcException: java.io.IOException: 파이프가 닫히는 중입니다
!STACK 0
java.util.concurrent.ExecutionException: org.eclipse.lsp4j.jsonrpc.JsonRpcException: java.io.IOException: 파이프가 닫히는 중입니다
	at java.base/java.util.concurrent.CompletableFuture.reportGet(CompletableFuture.java:395)
	at java.base/java.util.concurrent.CompletableFuture.get(CompletableFuture.java:2028)
	at org.eclipse.lsp4e.LanguageServerWrapper.lambda$13(LanguageServerWrapper.java:425)
	at java.base/java.util.concurrent.CompletableFuture$AsyncRun.run(CompletableFuture.java:1736)
	at java.base/java.util.concurrent.CompletableFuture$AsyncRun.exec(CompletableFuture.java:1728)
	at java.base/java.util.concurrent.ForkJoinTask.doExec(ForkJoinTask.java:290)
	at java.base/java.util.concurrent.ForkJoinPool$WorkQueue.topLevelExec(ForkJoinPool.java:1020)
	at java.base/java.util.concurrent.ForkJoinPool.scan(ForkJoinPool.java:1656)
	at java.base/java.util.concurrent.ForkJoinPool.runWorker(ForkJoinPool.java:1594)
	at java.base/java.util.concurrent.ForkJoinWorkerThread.run(ForkJoinWorkerThread.java:183)
Caused by: org.eclipse.lsp4j.jsonrpc.JsonRpcException: java.io.IOException: 파이프가 닫히는 중입니다
	at org.eclipse.lsp4j.jsonrpc.json.StreamMessageConsumer.consume(StreamMessageConsumer.java:72)
	at org.eclipse.lsp4e.LanguageServerWrapper.lambda$4(LanguageServerWrapper.java:260)
	at org.eclipse.lsp4j.jsonrpc.RemoteEndpoint.request(RemoteEndpoint.java:161)
	at org.eclipse.lsp4j.jsonrpc.services.EndpointProxy.invoke(EndpointProxy.java:91)
	at com.sun.proxy.$Proxy66.shutdown(Unknown Source)
	at org.eclipse.lsp4e.LanguageServerWrapper.lambda$13(LanguageServerWrapper.java:423)
	... 7 more
Caused by: java.io.IOException: 파이프가 닫히는 중입니다
	at java.base/java.io.FileOutputStream.writeBytes(Native Method)
	at java.base/java.io.FileOutputStream.write(FileOutputStream.java:354)
	at java.base/java.io.BufferedOutputStream.flushBuffer(BufferedOutputStream.java:81)
	at java.base/java.io.BufferedOutputStream.flush(BufferedOutputStream.java:142)
	at org.eclipse.lsp4j.jsonrpc.json.StreamMessageConsumer.consume(StreamMessageConsumer.java:69)
	... 12 more

!ENTRY org.springframework.tooling.ls.eclipse.commons 1 0 2025-06-19 16:52:13.869
!MESSAGE Entering DelegatingStreamConnectionProvider()

!ENTRY org.springframework.tooling.ls.eclipse.commons 1 0 2025-06-19 16:52:13.869
!MESSAGE DelegatingStreamConnectionProvider classloader = org.eclipse.osgi.internal.loader.EquinoxClassLoader@56fdb4db[org.springframework.tooling.boot.ls:1.28.0.202109130547(id=1001)]

!ENTRY org.springframework.tooling.ls.eclipse.commons 1 0 2025-06-19 16:52:13.869
!MESSAGE SpringBootLanguageServer exists!

!ENTRY org.eclipse.lsp4e 4 0 2025-06-19 16:52:13.871
!MESSAGE org.eclipse.lsp4j.jsonrpc.JsonRpcException: java.io.IOException: 파이프가 닫히는 중입니다
!STACK 0
java.util.concurrent.ExecutionException: org.eclipse.lsp4j.jsonrpc.JsonRpcException: java.io.IOException: 파이프가 닫히는 중입니다
	at java.base/java.util.concurrent.CompletableFuture.reportGet(CompletableFuture.java:395)
	at java.base/java.util.concurrent.CompletableFuture.get(CompletableFuture.java:2028)
	at org.eclipse.lsp4e.LanguageServerWrapper.lambda$13(LanguageServerWrapper.java:425)
	at java.base/java.util.concurrent.CompletableFuture$AsyncRun.run(CompletableFuture.java:1736)
	at java.base/java.util.concurrent.CompletableFuture$AsyncRun.exec(CompletableFuture.java:1728)
	at java.base/java.util.concurrent.ForkJoinTask.doExec(ForkJoinTask.java:290)
	at java.base/java.util.concurrent.ForkJoinPool$WorkQueue.topLevelExec(ForkJoinPool.java:1020)
	at java.base/java.util.concurrent.ForkJoinPool.scan(ForkJoinPool.java:1656)
	at java.base/java.util.concurrent.ForkJoinPool.runWorker(ForkJoinPool.java:1594)
	at java.base/java.util.concurrent.ForkJoinWorkerThread.run(ForkJoinWorkerThread.java:183)
Caused by: org.eclipse.lsp4j.jsonrpc.JsonRpcException: java.io.IOException: 파이프가 닫히는 중입니다
	at org.eclipse.lsp4j.jsonrpc.json.StreamMessageConsumer.consume(StreamMessageConsumer.java:72)
	at org.eclipse.lsp4e.LanguageServerWrapper.lambda$4(LanguageServerWrapper.java:260)
	at org.eclipse.lsp4j.jsonrpc.RemoteEndpoint.request(RemoteEndpoint.java:161)
	at org.eclipse.lsp4j.jsonrpc.services.EndpointProxy.invoke(EndpointProxy.java:91)
	at com.sun.proxy.$Proxy66.shutdown(Unknown Source)
	at org.eclipse.lsp4e.LanguageServerWrapper.lambda$13(LanguageServerWrapper.java:423)
	... 7 more
Caused by: java.io.IOException: 파이프가 닫히는 중입니다
	at java.base/java.io.FileOutputStream.writeBytes(Native Method)
	at java.base/java.io.FileOutputStream.write(FileOutputStream.java:354)
	at java.base/java.io.BufferedOutputStream.flushBuffer(BufferedOutputStream.java:81)
	at java.base/java.io.BufferedOutputStream.flush(BufferedOutputStream.java:142)
	at org.eclipse.lsp4j.jsonrpc.json.StreamMessageConsumer.consume(StreamMessageConsumer.java:69)
	... 12 more

!ENTRY org.springframework.tooling.ls.eclipse.commons 1 0 2025-06-19 16:52:13.872
!MESSAGE Entering DelegatingStreamConnectionProvider()

!ENTRY org.springframework.tooling.ls.eclipse.commons 1 0 2025-06-19 16:52:13.872
!MESSAGE DelegatingStreamConnectionProvider classloader = org.eclipse.osgi.internal.loader.EquinoxClassLoader@56fdb4db[org.springframework.tooling.boot.ls:1.28.0.202109130547(id=1001)]

!ENTRY org.springframework.tooling.ls.eclipse.commons 1 0 2025-06-19 16:52:13.872
!MESSAGE SpringBootLanguageServer exists!

!ENTRY org.eclipse.lsp4e 4 0 2025-06-19 16:52:13.872
!MESSAGE org.eclipse.lsp4j.jsonrpc.JsonRpcException: java.io.IOException: 파이프가 닫히는 중입니다
!STACK 0
java.util.concurrent.ExecutionException: org.eclipse.lsp4j.jsonrpc.JsonRpcException: java.io.IOException: 파이프가 닫히는 중입니다
	at java.base/java.util.concurrent.CompletableFuture.reportGet(CompletableFuture.java:395)
	at java.base/java.util.concurrent.CompletableFuture.get(CompletableFuture.java:2028)
	at org.eclipse.lsp4e.LanguageServerWrapper.lambda$13(LanguageServerWrapper.java:425)
	at java.base/java.util.concurrent.CompletableFuture$AsyncRun.run(CompletableFuture.java:1736)
	at java.base/java.util.concurrent.CompletableFuture$AsyncRun.exec(CompletableFuture.java:1728)
	at java.base/java.util.concurrent.ForkJoinTask.doExec(ForkJoinTask.java:290)
	at java.base/java.util.concurrent.ForkJoinPool$WorkQueue.topLevelExec(ForkJoinPool.java:1020)
	at java.base/java.util.concurrent.ForkJoinPool.scan(ForkJoinPool.java:1656)
	at java.base/java.util.concurrent.ForkJoinPool.runWorker(ForkJoinPool.java:1594)
	at java.base/java.util.concurrent.ForkJoinWorkerThread.run(ForkJoinWorkerThread.java:183)
Caused by: org.eclipse.lsp4j.jsonrpc.JsonRpcException: java.io.IOException: 파이프가 닫히는 중입니다
	at org.eclipse.lsp4j.jsonrpc.json.StreamMessageConsumer.consume(StreamMessageConsumer.java:72)
	at org.eclipse.lsp4e.LanguageServerWrapper.lambda$4(LanguageServerWrapper.java:260)
	at org.eclipse.lsp4j.jsonrpc.RemoteEndpoint.request(RemoteEndpoint.java:161)
	at org.eclipse.lsp4j.jsonrpc.services.EndpointProxy.invoke(EndpointProxy.java:91)
	at com.sun.proxy.$Proxy66.shutdown(Unknown Source)
	at org.eclipse.lsp4e.LanguageServerWrapper.lambda$13(LanguageServerWrapper.java:423)
	... 7 more
Caused by: java.io.IOException: 파이프가 닫히는 중입니다
	at java.base/java.io.FileOutputStream.writeBytes(Native Method)
	at java.base/java.io.FileOutputStream.write(FileOutputStream.java:354)
	at java.base/java.io.BufferedOutputStream.flushBuffer(BufferedOutputStream.java:81)
	at java.base/java.io.BufferedOutputStream.flush(BufferedOutputStream.java:142)
	at org.eclipse.lsp4j.jsonrpc.json.StreamMessageConsumer.consume(StreamMessageConsumer.java:69)
	... 12 more

!ENTRY org.springframework.tooling.ls.eclipse.commons 1 0 2025-06-19 16:52:13.873
!MESSAGE Entering DelegatingStreamConnectionProvider()

!ENTRY org.springframework.tooling.ls.eclipse.commons 1 0 2025-06-19 16:52:13.873
!MESSAGE DelegatingStreamConnectionProvider classloader = org.eclipse.osgi.internal.loader.EquinoxClassLoader@56fdb4db[org.springframework.tooling.boot.ls:1.28.0.202109130547(id=1001)]

!ENTRY org.springframework.tooling.ls.eclipse.commons 1 0 2025-06-19 16:52:13.873
!MESSAGE SpringBootLanguageServer exists!

!ENTRY org.eclipse.lsp4e 4 0 2025-06-19 16:52:13.873
!MESSAGE org.eclipse.lsp4j.jsonrpc.JsonRpcException: java.io.IOException: 파이프가 닫히는 중입니다
!STACK 0
java.util.concurrent.ExecutionException: org.eclipse.lsp4j.jsonrpc.JsonRpcException: java.io.IOException: 파이프가 닫히는 중입니다
	at java.base/java.util.concurrent.CompletableFuture.reportGet(CompletableFuture.java:395)
	at java.base/java.util.concurrent.CompletableFuture.get(CompletableFuture.java:2028)
	at org.eclipse.lsp4e.LanguageServerWrapper.lambda$13(LanguageServerWrapper.java:425)
	at java.base/java.util.concurrent.CompletableFuture$AsyncRun.run(CompletableFuture.java:1736)
	at java.base/java.util.concurrent.CompletableFuture$AsyncRun.exec(CompletableFuture.java:1728)
	at java.base/java.util.concurrent.ForkJoinTask.doExec(ForkJoinTask.java:290)
	at java.base/java.util.concurrent.ForkJoinPool$WorkQueue.topLevelExec(ForkJoinPool.java:1020)
	at java.base/java.util.concurrent.ForkJoinPool.scan(ForkJoinPool.java:1656)
	at java.base/java.util.concurrent.ForkJoinPool.runWorker(ForkJoinPool.java:1594)
	at java.base/java.util.concurrent.ForkJoinWorkerThread.run(ForkJoinWorkerThread.java:183)
Caused by: org.eclipse.lsp4j.jsonrpc.JsonRpcException: java.io.IOException: 파이프가 닫히는 중입니다
	at org.eclipse.lsp4j.jsonrpc.json.StreamMessageConsumer.consume(StreamMessageConsumer.java:72)
	at org.eclipse.lsp4e.LanguageServerWrapper.lambda$4(LanguageServerWrapper.java:260)
	at org.eclipse.lsp4j.jsonrpc.RemoteEndpoint.request(RemoteEndpoint.java:161)
	at org.eclipse.lsp4j.jsonrpc.services.EndpointProxy.invoke(EndpointProxy.java:91)
	at com.sun.proxy.$Proxy66.shutdown(Unknown Source)
	at org.eclipse.lsp4e.LanguageServerWrapper.lambda$13(LanguageServerWrapper.java:423)
	... 7 more
Caused by: java.io.IOException: 파이프가 닫히는 중입니다
	at java.base/java.io.FileOutputStream.writeBytes(Native Method)
	at java.base/java.io.FileOutputStream.write(FileOutputStream.java:354)
	at java.base/java.io.BufferedOutputStream.flushBuffer(BufferedOutputStream.java:81)
	at java.base/java.io.BufferedOutputStream.flush(BufferedOutputStream.java:142)
	at org.eclipse.lsp4j.jsonrpc.json.StreamMessageConsumer.consume(StreamMessageConsumer.java:69)
	... 12 more

!ENTRY org.springframework.tooling.ls.eclipse.commons 1 0 2025-06-19 16:52:13.873
!MESSAGE Entering DelegatingStreamConnectionProvider()

!ENTRY org.springframework.tooling.ls.eclipse.commons 1 0 2025-06-19 16:52:13.874
!MESSAGE DelegatingStreamConnectionProvider classloader = org.eclipse.osgi.internal.loader.EquinoxClassLoader@56fdb4db[org.springframework.tooling.boot.ls:1.28.0.202109130547(id=1001)]

!ENTRY org.springframework.tooling.ls.eclipse.commons 1 0 2025-06-19 16:52:13.874
!MESSAGE SpringBootLanguageServer exists!

!ENTRY org.eclipse.lsp4e 4 0 2025-06-19 16:52:13.874
!MESSAGE org.eclipse.lsp4j.jsonrpc.JsonRpcException: java.io.IOException: 파이프가 닫히는 중입니다
!STACK 0
java.util.concurrent.ExecutionException: org.eclipse.lsp4j.jsonrpc.JsonRpcException: java.io.IOException: 파이프가 닫히는 중입니다
	at java.base/java.util.concurrent.CompletableFuture.reportGet(CompletableFuture.java:395)
	at java.base/java.util.concurrent.CompletableFuture.get(CompletableFuture.java:2028)
	at org.eclipse.lsp4e.LanguageServerWrapper.lambda$13(LanguageServerWrapper.java:425)
	at java.base/java.util.concurrent.CompletableFuture$AsyncRun.run(CompletableFuture.java:1736)
	at java.base/java.util.concurrent.CompletableFuture$AsyncRun.exec(CompletableFuture.java:1728)
	at java.base/java.util.concurrent.ForkJoinTask.doExec(ForkJoinTask.java:290)
	at java.base/java.util.concurrent.ForkJoinPool$WorkQueue.topLevelExec(ForkJoinPool.java:1020)
	at java.base/java.util.concurrent.ForkJoinPool.scan(ForkJoinPool.java:1656)
	at java.base/java.util.concurrent.ForkJoinPool.runWorker(ForkJoinPool.java:1594)
	at java.base/java.util.concurrent.ForkJoinWorkerThread.run(ForkJoinWorkerThread.java:183)
Caused by: org.eclipse.lsp4j.jsonrpc.JsonRpcException: java.io.IOException: 파이프가 닫히는 중입니다
	at org.eclipse.lsp4j.jsonrpc.json.StreamMessageConsumer.consume(StreamMessageConsumer.java:72)
	at org.eclipse.lsp4e.LanguageServerWrapper.lambda$4(LanguageServerWrapper.java:260)
	at org.eclipse.lsp4j.jsonrpc.RemoteEndpoint.request(RemoteEndpoint.java:161)
	at org.eclipse.lsp4j.jsonrpc.services.EndpointProxy.invoke(EndpointProxy.java:91)
	at com.sun.proxy.$Proxy66.shutdown(Unknown Source)
	at org.eclipse.lsp4e.LanguageServerWrapper.lambda$13(LanguageServerWrapper.java:423)
	... 7 more
Caused by: java.io.IOException: 파이프가 닫히는 중입니다
	at java.base/java.io.FileOutputStream.writeBytes(Native Method)
	at java.base/java.io.FileOutputStream.write(FileOutputStream.java:354)
	at java.base/java.io.BufferedOutputStream.flushBuffer(BufferedOutputStream.java:81)
	at java.base/java.io.BufferedOutputStream.flush(BufferedOutputStream.java:142)
	at org.eclipse.lsp4j.jsonrpc.json.StreamMessageConsumer.consume(StreamMessageConsumer.java:69)
	... 12 more

!ENTRY org.springframework.tooling.ls.eclipse.commons 1 0 2025-06-19 16:52:13.875
!MESSAGE Entering DelegatingStreamConnectionProvider()

!ENTRY org.springframework.tooling.ls.eclipse.commons 1 0 2025-06-19 16:52:13.875
!MESSAGE DelegatingStreamConnectionProvider classloader = org.eclipse.osgi.internal.loader.EquinoxClassLoader@56fdb4db[org.springframework.tooling.boot.ls:1.28.0.202109130547(id=1001)]

!ENTRY org.springframework.tooling.ls.eclipse.commons 1 0 2025-06-19 16:52:13.875
!MESSAGE SpringBootLanguageServer exists!

!ENTRY org.eclipse.lsp4e 4 0 2025-06-19 16:52:13.875
!MESSAGE org.eclipse.lsp4j.jsonrpc.JsonRpcException: java.io.IOException: 파이프가 닫히는 중입니다
!STACK 0
java.util.concurrent.ExecutionException: org.eclipse.lsp4j.jsonrpc.JsonRpcException: java.io.IOException: 파이프가 닫히는 중입니다
	at java.base/java.util.concurrent.CompletableFuture.reportGet(CompletableFuture.java:395)
	at java.base/java.util.concurrent.CompletableFuture.get(CompletableFuture.java:2028)
	at org.eclipse.lsp4e.LanguageServerWrapper.lambda$13(LanguageServerWrapper.java:425)
	at java.base/java.util.concurrent.CompletableFuture$AsyncRun.run(CompletableFuture.java:1736)
	at java.base/java.util.concurrent.CompletableFuture$AsyncRun.exec(CompletableFuture.java:1728)
	at java.base/java.util.concurrent.ForkJoinTask.doExec(ForkJoinTask.java:290)
	at java.base/java.util.concurrent.ForkJoinPool$WorkQueue.topLevelExec(ForkJoinPool.java:1020)
	at java.base/java.util.concurrent.ForkJoinPool.scan(ForkJoinPool.java:1656)
	at java.base/java.util.concurrent.ForkJoinPool.runWorker(ForkJoinPool.java:1594)
	at java.base/java.util.concurrent.ForkJoinWorkerThread.run(ForkJoinWorkerThread.java:183)
Caused by: org.eclipse.lsp4j.jsonrpc.JsonRpcException: java.io.IOException: 파이프가 닫히는 중입니다
	at org.eclipse.lsp4j.jsonrpc.json.StreamMessageConsumer.consume(StreamMessageConsumer.java:72)
	at org.eclipse.lsp4e.LanguageServerWrapper.lambda$4(LanguageServerWrapper.java:260)
	at org.eclipse.lsp4j.jsonrpc.RemoteEndpoint.request(RemoteEndpoint.java:161)
	at org.eclipse.lsp4j.jsonrpc.services.EndpointProxy.invoke(EndpointProxy.java:91)
	at com.sun.proxy.$Proxy66.shutdown(Unknown Source)
	at org.eclipse.lsp4e.LanguageServerWrapper.lambda$13(LanguageServerWrapper.java:423)
	... 7 more
Caused by: java.io.IOException: 파이프가 닫히는 중입니다
	at java.base/java.io.FileOutputStream.writeBytes(Native Method)
	at java.base/java.io.FileOutputStream.write(FileOutputStream.java:354)
	at java.base/java.io.BufferedOutputStream.flushBuffer(BufferedOutputStream.java:81)
	at java.base/java.io.BufferedOutputStream.flush(BufferedOutputStream.java:142)
	at org.eclipse.lsp4j.jsonrpc.json.StreamMessageConsumer.consume(StreamMessageConsumer.java:69)
	... 12 more

!ENTRY org.springframework.tooling.ls.eclipse.commons 1 0 2025-06-19 16:52:13.876
!MESSAGE Entering DelegatingStreamConnectionProvider()

!ENTRY org.springframework.tooling.ls.eclipse.commons 1 0 2025-06-19 16:52:13.876
!MESSAGE DelegatingStreamConnectionProvider classloader = org.eclipse.osgi.internal.loader.EquinoxClassLoader@56fdb4db[org.springframework.tooling.boot.ls:1.28.0.202109130547(id=1001)]

!ENTRY org.springframework.tooling.ls.eclipse.commons 1 0 2025-06-19 16:52:13.876
!MESSAGE SpringBootLanguageServer exists!

!ENTRY org.eclipse.lsp4e 4 0 2025-06-19 16:52:13.879
!MESSAGE org.eclipse.lsp4j.jsonrpc.JsonRpcException: java.io.IOException: 파이프가 닫히는 중입니다
!STACK 0
java.util.concurrent.ExecutionException: org.eclipse.lsp4j.jsonrpc.JsonRpcException: java.io.IOException: 파이프가 닫히는 중입니다
	at java.base/java.util.concurrent.CompletableFuture.reportGet(CompletableFuture.java:395)
	at java.base/java.util.concurrent.CompletableFuture.get(CompletableFuture.java:2028)
	at org.eclipse.lsp4e.LanguageServerWrapper.lambda$13(LanguageServerWrapper.java:425)
	at java.base/java.util.concurrent.CompletableFuture$AsyncRun.run(CompletableFuture.java:1736)
	at java.base/java.util.concurrent.CompletableFuture$AsyncRun.exec(CompletableFuture.java:1728)
	at java.base/java.util.concurrent.ForkJoinTask.doExec(ForkJoinTask.java:290)
	at java.base/java.util.concurrent.ForkJoinPool$WorkQueue.topLevelExec(ForkJoinPool.java:1020)
	at java.base/java.util.concurrent.ForkJoinPool.scan(ForkJoinPool.java:1656)
	at java.base/java.util.concurrent.ForkJoinPool.runWorker(ForkJoinPool.java:1594)
	at java.base/java.util.concurrent.ForkJoinWorkerThread.run(ForkJoinWorkerThread.java:183)
Caused by: org.eclipse.lsp4j.jsonrpc.JsonRpcException: java.io.IOException: 파이프가 닫히는 중입니다
	at org.eclipse.lsp4j.jsonrpc.json.StreamMessageConsumer.consume(StreamMessageConsumer.java:72)
	at org.eclipse.lsp4e.LanguageServerWrapper.lambda$4(LanguageServerWrapper.java:260)
	at org.eclipse.lsp4j.jsonrpc.RemoteEndpoint.request(RemoteEndpoint.java:161)
	at org.eclipse.lsp4j.jsonrpc.services.EndpointProxy.invoke(EndpointProxy.java:91)
	at com.sun.proxy.$Proxy66.shutdown(Unknown Source)
	at org.eclipse.lsp4e.LanguageServerWrapper.lambda$13(LanguageServerWrapper.java:423)
	... 7 more
Caused by: java.io.IOException: 파이프가 닫히는 중입니다
	at java.base/java.io.FileOutputStream.writeBytes(Native Method)
	at java.base/java.io.FileOutputStream.write(FileOutputStream.java:354)
	at java.base/java.io.BufferedOutputStream.flushBuffer(BufferedOutputStream.java:81)
	at java.base/java.io.BufferedOutputStream.flush(BufferedOutputStream.java:142)
	at org.eclipse.lsp4j.jsonrpc.json.StreamMessageConsumer.consume(StreamMessageConsumer.java:69)
	... 12 more

!ENTRY org.springframework.tooling.ls.eclipse.commons 1 0 2025-06-19 16:52:13.879
!MESSAGE Entering DelegatingStreamConnectionProvider()

!ENTRY org.springframework.tooling.ls.eclipse.commons 1 0 2025-06-19 16:52:13.879
!MESSAGE DelegatingStreamConnectionProvider classloader = org.eclipse.osgi.internal.loader.EquinoxClassLoader@56fdb4db[org.springframework.tooling.boot.ls:1.28.0.202109130547(id=1001)]

!ENTRY org.springframework.tooling.ls.eclipse.commons 1 0 2025-06-19 16:52:13.880
!MESSAGE SpringBootLanguageServer exists!

!ENTRY org.eclipse.lsp4e 4 0 2025-06-19 16:52:13.881
!MESSAGE org.eclipse.lsp4j.jsonrpc.JsonRpcException: java.io.IOException: 파이프가 닫히는 중입니다
!STACK 0
java.util.concurrent.ExecutionException: org.eclipse.lsp4j.jsonrpc.JsonRpcException: java.io.IOException: 파이프가 닫히는 중입니다
	at java.base/java.util.concurrent.CompletableFuture.reportGet(CompletableFuture.java:395)
	at java.base/java.util.concurrent.CompletableFuture.get(CompletableFuture.java:2028)
	at org.eclipse.lsp4e.LanguageServerWrapper.lambda$13(LanguageServerWrapper.java:425)
	at java.base/java.util.concurrent.CompletableFuture$AsyncRun.run(CompletableFuture.java:1736)
	at java.base/java.util.concurrent.CompletableFuture$AsyncRun.exec(CompletableFuture.java:1728)
	at java.base/java.util.concurrent.ForkJoinTask.doExec(ForkJoinTask.java:290)
	at java.base/java.util.concurrent.ForkJoinPool$WorkQueue.topLevelExec(ForkJoinPool.java:1020)
	at java.base/java.util.concurrent.ForkJoinPool.scan(ForkJoinPool.java:1656)
	at java.base/java.util.concurrent.ForkJoinPool.runWorker(ForkJoinPool.java:1594)
	at java.base/java.util.concurrent.ForkJoinWorkerThread.run(ForkJoinWorkerThread.java:183)
Caused by: org.eclipse.lsp4j.jsonrpc.JsonRpcException: java.io.IOException: 파이프가 닫히는 중입니다
	at org.eclipse.lsp4j.jsonrpc.json.StreamMessageConsumer.consume(StreamMessageConsumer.java:72)
	at org.eclipse.lsp4e.LanguageServerWrapper.lambda$4(LanguageServerWrapper.java:260)
	at org.eclipse.lsp4j.jsonrpc.RemoteEndpoint.request(RemoteEndpoint.java:161)
	at org.eclipse.lsp4j.jsonrpc.services.EndpointProxy.invoke(EndpointProxy.java:91)
	at com.sun.proxy.$Proxy66.shutdown(Unknown Source)
	at org.eclipse.lsp4e.LanguageServerWrapper.lambda$13(LanguageServerWrapper.java:423)
	... 7 more
Caused by: java.io.IOException: 파이프가 닫히는 중입니다
	at java.base/java.io.FileOutputStream.writeBytes(Native Method)
	at java.base/java.io.FileOutputStream.write(FileOutputStream.java:354)
	at java.base/java.io.BufferedOutputStream.flushBuffer(BufferedOutputStream.java:81)
	at java.base/java.io.BufferedOutputStream.flush(BufferedOutputStream.java:142)
	at org.eclipse.lsp4j.jsonrpc.json.StreamMessageConsumer.consume(StreamMessageConsumer.java:69)
	... 12 more

!ENTRY org.springframework.tooling.ls.eclipse.commons 1 0 2025-06-19 16:52:13.882
!MESSAGE Entering DelegatingStreamConnectionProvider()

!ENTRY org.springframework.tooling.ls.eclipse.commons 1 0 2025-06-19 16:52:13.882
!MESSAGE DelegatingStreamConnectionProvider classloader = org.eclipse.osgi.internal.loader.EquinoxClassLoader@56fdb4db[org.springframework.tooling.boot.ls:1.28.0.202109130547(id=1001)]

!ENTRY org.springframework.tooling.ls.eclipse.commons 1 0 2025-06-19 16:52:13.882
!MESSAGE SpringBootLanguageServer exists!

!ENTRY org.eclipse.lsp4e 4 0 2025-06-19 16:52:13.882
!MESSAGE org.eclipse.lsp4j.jsonrpc.JsonRpcException: java.io.IOException: 파이프가 닫히는 중입니다
!STACK 0
java.util.concurrent.ExecutionException: org.eclipse.lsp4j.jsonrpc.JsonRpcException: java.io.IOException: 파이프가 닫히는 중입니다
	at java.base/java.util.concurrent.CompletableFuture.reportGet(CompletableFuture.java:395)
	at java.base/java.util.concurrent.CompletableFuture.get(CompletableFuture.java:2028)
	at org.eclipse.lsp4e.LanguageServerWrapper.lambda$13(LanguageServerWrapper.java:425)
	at java.base/java.util.concurrent.CompletableFuture$AsyncRun.run(CompletableFuture.java:1736)
	at java.base/java.util.concurrent.CompletableFuture$AsyncRun.exec(CompletableFuture.java:1728)
	at java.base/java.util.concurrent.ForkJoinTask.doExec(ForkJoinTask.java:290)
	at java.base/java.util.concurrent.ForkJoinPool$WorkQueue.topLevelExec(ForkJoinPool.java:1020)
	at java.base/java.util.concurrent.ForkJoinPool.scan(ForkJoinPool.java:1656)
	at java.base/java.util.concurrent.ForkJoinPool.runWorker(ForkJoinPool.java:1594)
	at java.base/java.util.concurrent.ForkJoinWorkerThread.run(ForkJoinWorkerThread.java:183)
Caused by: org.eclipse.lsp4j.jsonrpc.JsonRpcException: java.io.IOException: 파이프가 닫히는 중입니다
	at org.eclipse.lsp4j.jsonrpc.json.StreamMessageConsumer.consume(StreamMessageConsumer.java:72)
	at org.eclipse.lsp4e.LanguageServerWrapper.lambda$4(LanguageServerWrapper.java:260)
	at org.eclipse.lsp4j.jsonrpc.RemoteEndpoint.request(RemoteEndpoint.java:161)
	at org.eclipse.lsp4j.jsonrpc.services.EndpointProxy.invoke(EndpointProxy.java:91)
	at com.sun.proxy.$Proxy66.shutdown(Unknown Source)
	at org.eclipse.lsp4e.LanguageServerWrapper.lambda$13(LanguageServerWrapper.java:423)
	... 7 more
Caused by: java.io.IOException: 파이프가 닫히는 중입니다
	at java.base/java.io.FileOutputStream.writeBytes(Native Method)
	at java.base/java.io.FileOutputStream.write(FileOutputStream.java:354)
	at java.base/java.io.BufferedOutputStream.flushBuffer(BufferedOutputStream.java:81)
	at java.base/java.io.BufferedOutputStream.flush(BufferedOutputStream.java:142)
	at org.eclipse.lsp4j.jsonrpc.json.StreamMessageConsumer.consume(StreamMessageConsumer.java:69)
	... 12 more

!ENTRY org.springframework.tooling.ls.eclipse.commons 1 0 2025-06-19 16:52:13.882
!MESSAGE Entering DelegatingStreamConnectionProvider()

!ENTRY org.springframework.tooling.ls.eclipse.commons 1 0 2025-06-19 16:52:13.883
!MESSAGE DelegatingStreamConnectionProvider classloader = org.eclipse.osgi.internal.loader.EquinoxClassLoader@56fdb4db[org.springframework.tooling.boot.ls:1.28.0.202109130547(id=1001)]

!ENTRY org.springframework.tooling.ls.eclipse.commons 1 0 2025-06-19 16:52:13.883
!MESSAGE SpringBootLanguageServer exists!

!ENTRY org.eclipse.lsp4e 4 0 2025-06-19 16:52:13.884
!MESSAGE org.eclipse.lsp4j.jsonrpc.JsonRpcException: java.io.IOException: 파이프가 닫히는 중입니다
!STACK 0
java.util.concurrent.ExecutionException: org.eclipse.lsp4j.jsonrpc.JsonRpcException: java.io.IOException: 파이프가 닫히는 중입니다
	at java.base/java.util.concurrent.CompletableFuture.reportGet(CompletableFuture.java:395)
	at java.base/java.util.concurrent.CompletableFuture.get(CompletableFuture.java:2028)
	at org.eclipse.lsp4e.LanguageServerWrapper.lambda$13(LanguageServerWrapper.java:425)
	at java.base/java.util.concurrent.CompletableFuture$AsyncRun.run(CompletableFuture.java:1736)
	at java.base/java.util.concurrent.CompletableFuture$AsyncRun.exec(CompletableFuture.java:1728)
	at java.base/java.util.concurrent.ForkJoinTask.doExec(ForkJoinTask.java:290)
	at java.base/java.util.concurrent.ForkJoinPool$WorkQueue.topLevelExec(ForkJoinPool.java:1020)
	at java.base/java.util.concurrent.ForkJoinPool.scan(ForkJoinPool.java:1656)
	at java.base/java.util.concurrent.ForkJoinPool.runWorker(ForkJoinPool.java:1594)
	at java.base/java.util.concurrent.ForkJoinWorkerThread.run(ForkJoinWorkerThread.java:183)
Caused by: org.eclipse.lsp4j.jsonrpc.JsonRpcException: java.io.IOException: 파이프가 닫히는 중입니다
	at org.eclipse.lsp4j.jsonrpc.json.StreamMessageConsumer.consume(StreamMessageConsumer.java:72)
	at org.eclipse.lsp4e.LanguageServerWrapper.lambda$4(LanguageServerWrapper.java:260)
	at org.eclipse.lsp4j.jsonrpc.RemoteEndpoint.request(RemoteEndpoint.java:161)
	at org.eclipse.lsp4j.jsonrpc.services.EndpointProxy.invoke(EndpointProxy.java:91)
	at com.sun.proxy.$Proxy66.shutdown(Unknown Source)
	at org.eclipse.lsp4e.LanguageServerWrapper.lambda$13(LanguageServerWrapper.java:423)
	... 7 more
Caused by: java.io.IOException: 파이프가 닫히는 중입니다
	at java.base/java.io.FileOutputStream.writeBytes(Native Method)
	at java.base/java.io.FileOutputStream.write(FileOutputStream.java:354)
	at java.base/java.io.BufferedOutputStream.flushBuffer(BufferedOutputStream.java:81)
	at java.base/java.io.BufferedOutputStream.flush(BufferedOutputStream.java:142)
	at org.eclipse.lsp4j.jsonrpc.json.StreamMessageConsumer.consume(StreamMessageConsumer.java:69)
	... 12 more

!ENTRY org.eclipse.lsp4e 4 0 2025-06-19 16:52:13.885
!MESSAGE org.eclipse.lsp4j.jsonrpc.JsonRpcException: java.io.IOException: 파이프가 닫히는 중입니다
!STACK 0
java.util.concurrent.ExecutionException: org.eclipse.lsp4j.jsonrpc.JsonRpcException: java.io.IOException: 파이프가 닫히는 중입니다
	at java.base/java.util.concurrent.CompletableFuture.reportGet(CompletableFuture.java:395)
	at java.base/java.util.concurrent.CompletableFuture.get(CompletableFuture.java:2028)
	at org.eclipse.lsp4e.LanguageServerWrapper.lambda$13(LanguageServerWrapper.java:425)
	at java.base/java.util.concurrent.CompletableFuture$AsyncRun.run(CompletableFuture.java:1736)
	at java.base/java.util.concurrent.CompletableFuture$AsyncRun.exec(CompletableFuture.java:1728)
	at java.base/java.util.concurrent.ForkJoinTask.doExec(ForkJoinTask.java:290)
	at java.base/java.util.concurrent.ForkJoinPool$WorkQueue.topLevelExec(ForkJoinPool.java:1020)
	at java.base/java.util.concurrent.ForkJoinPool.scan(ForkJoinPool.java:1656)
	at java.base/java.util.concurrent.ForkJoinPool.runWorker(ForkJoinPool.java:1594)
	at java.base/java.util.concurrent.ForkJoinWorkerThread.run(ForkJoinWorkerThread.java:183)
Caused by: org.eclipse.lsp4j.jsonrpc.JsonRpcException: java.io.IOException: 파이프가 닫히는 중입니다
	at org.eclipse.lsp4j.jsonrpc.json.StreamMessageConsumer.consume(StreamMessageConsumer.java:72)
	at org.eclipse.lsp4e.LanguageServerWrapper.lambda$4(LanguageServerWrapper.java:260)
	at org.eclipse.lsp4j.jsonrpc.RemoteEndpoint.request(RemoteEndpoint.java:161)
	at org.eclipse.lsp4j.jsonrpc.services.EndpointProxy.invoke(EndpointProxy.java:91)
	at com.sun.proxy.$Proxy66.shutdown(Unknown Source)
	at org.eclipse.lsp4e.LanguageServerWrapper.lambda$13(LanguageServerWrapper.java:423)
	... 7 more
Caused by: java.io.IOException: 파이프가 닫히는 중입니다
	at java.base/java.io.FileOutputStream.writeBytes(Native Method)
	at java.base/java.io.FileOutputStream.write(FileOutputStream.java:354)
	at java.base/java.io.BufferedOutputStream.flushBuffer(BufferedOutputStream.java:81)
	at java.base/java.io.BufferedOutputStream.flush(BufferedOutputStream.java:142)
	at org.eclipse.lsp4j.jsonrpc.json.StreamMessageConsumer.consume(StreamMessageConsumer.java:69)
	... 12 more

!ENTRY org.springframework.tooling.ls.eclipse.commons 1 0 2025-06-19 16:52:13.885
!MESSAGE Entering DelegatingStreamConnectionProvider()

!ENTRY org.eclipse.lsp4e 4 0 2025-06-19 16:52:13.885
!MESSAGE org.eclipse.lsp4j.jsonrpc.JsonRpcException: java.io.IOException: 파이프가 닫히는 중입니다
!STACK 0
java.util.concurrent.ExecutionException: org.eclipse.lsp4j.jsonrpc.JsonRpcException: java.io.IOException: 파이프가 닫히는 중입니다
	at java.base/java.util.concurrent.CompletableFuture.reportGet(CompletableFuture.java:395)
	at java.base/java.util.concurrent.CompletableFuture.get(CompletableFuture.java:2028)
	at org.eclipse.lsp4e.LanguageServerWrapper.lambda$13(LanguageServerWrapper.java:425)
	at java.base/java.util.concurrent.CompletableFuture$AsyncRun.run(CompletableFuture.java:1736)
	at java.base/java.util.concurrent.CompletableFuture$AsyncRun.exec(CompletableFuture.java:1728)
	at java.base/java.util.concurrent.ForkJoinTask.doExec(ForkJoinTask.java:290)
	at java.base/java.util.concurrent.ForkJoinPool$WorkQueue.topLevelExec(ForkJoinPool.java:1020)
	at java.base/java.util.concurrent.ForkJoinPool.scan(ForkJoinPool.java:1656)
	at java.base/java.util.concurrent.ForkJoinPool.runWorker(ForkJoinPool.java:1594)
	at java.base/java.util.concurrent.ForkJoinWorkerThread.run(ForkJoinWorkerThread.java:183)
Caused by: org.eclipse.lsp4j.jsonrpc.JsonRpcException: java.io.IOException: 파이프가 닫히는 중입니다
	at org.eclipse.lsp4j.jsonrpc.json.StreamMessageConsumer.consume(StreamMessageConsumer.java:72)
	at org.eclipse.lsp4e.LanguageServerWrapper.lambda$4(LanguageServerWrapper.java:260)
	at org.eclipse.lsp4j.jsonrpc.RemoteEndpoint.request(RemoteEndpoint.java:161)
	at org.eclipse.lsp4j.jsonrpc.services.EndpointProxy.invoke(EndpointProxy.java:91)
	at com.sun.proxy.$Proxy66.shutdown(Unknown Source)
	at org.eclipse.lsp4e.LanguageServerWrapper.lambda$13(LanguageServerWrapper.java:423)
	... 7 more
Caused by: java.io.IOException: 파이프가 닫히는 중입니다
	at java.base/java.io.FileOutputStream.writeBytes(Native Method)
	at java.base/java.io.FileOutputStream.write(FileOutputStream.java:354)
	at java.base/java.io.BufferedOutputStream.flushBuffer(BufferedOutputStream.java:81)
	at java.base/java.io.BufferedOutputStream.flush(BufferedOutputStream.java:142)
	at org.eclipse.lsp4j.jsonrpc.json.StreamMessageConsumer.consume(StreamMessageConsumer.java:69)
	... 12 more

!ENTRY org.springframework.tooling.ls.eclipse.commons 1 0 2025-06-19 16:52:13.885
!MESSAGE DelegatingStreamConnectionProvider classloader = org.eclipse.osgi.internal.loader.EquinoxClassLoader@56fdb4db[org.springframework.tooling.boot.ls:1.28.0.202109130547(id=1001)]

!ENTRY org.springframework.tooling.ls.eclipse.commons 1 0 2025-06-19 16:52:13.886
!MESSAGE Entering DelegatingStreamConnectionProvider()

!ENTRY org.springframework.tooling.ls.eclipse.commons 1 0 2025-06-19 16:52:13.886
!MESSAGE SpringBootLanguageServer exists!

!ENTRY org.springframework.tooling.ls.eclipse.commons 1 0 2025-06-19 16:52:13.886
!MESSAGE DelegatingStreamConnectionProvider classloader = org.eclipse.osgi.internal.loader.EquinoxClassLoader@56fdb4db[org.springframework.tooling.boot.ls:1.28.0.202109130547(id=1001)]

!ENTRY org.springframework.tooling.ls.eclipse.commons 1 0 2025-06-19 16:52:13.886
!MESSAGE SpringBootLanguageServer exists!

!ENTRY org.springframework.tooling.ls.eclipse.commons 1 0 2025-06-19 16:52:14.884
!MESSAGE Boot LS startup time from start to initialized: 998ms

!ENTRY org.springframework.tooling.ls.eclipse.commons 1 0 2025-06-19 16:52:14.939
!MESSAGE ClasspathListenerHandler addClasspathListener sts4.classpath.jKYzWBgmisBatched = true

!ENTRY org.springframework.tooling.ls.eclipse.commons 1 0 2025-06-19 16:52:14.939
!MESSAGE Setting up ClasspathListenerManager

!ENTRY org.springframework.tooling.ls.eclipse.commons 1 0 2025-06-19 16:52:14.939
!MESSAGE Scheduling initial event for all projects ...

!ENTRY org.springframework.tooling.ls.eclipse.commons 1 0 2025-06-19 16:52:14.939
!MESSAGE Scheduling initial event for all projects DONE

!ENTRY org.springframework.tooling.ls.eclipse.commons 1 0 2025-06-19 16:52:14.940
!MESSAGE ClasspathListenerHandler addClasspathListener sts4.classpath.jKYzWBgm => OK

!ENTRY org.springframework.tooling.ls.eclipse.commons 1 0 2025-06-19 16:52:14.940
!MESSAGE exists = true open = true => deleted = false

!ENTRY org.springframework.tooling.ls.eclipse.commons 1 0 2025-06-19 16:52:14.941
!MESSAGE classpath=57 entries

!ENTRY org.springframework.tooling.ls.eclipse.commons 1 0 2025-06-19 16:52:14.942
!MESSAGE buffering callback sts4.classpath.jKYzWBgm ServiceExam false 57

!ENTRY org.springframework.tooling.ls.eclipse.commons 1 0 2025-06-19 16:52:14.942
!MESSAGE executing callback sts4.classpath.jKYzWBgm 1 batched events

!ENTRY org.springframework.tooling.ls.eclipse.commons 1 0 2025-06-19 16:52:15.140
!MESSAGE executing callback sts4.classpath.jKYzWBgm SUCCESS [done]

!ENTRY org.eclipse.lsp4e 4 0 2025-06-19 16:52:15.142
!MESSAGE org.eclipse.lsp4j.jsonrpc.JsonRpcException: java.io.IOException: 파이프가 닫히는 중입니다
!STACK 0
java.util.concurrent.ExecutionException: org.eclipse.lsp4j.jsonrpc.JsonRpcException: java.io.IOException: 파이프가 닫히는 중입니다
	at java.base/java.util.concurrent.CompletableFuture.reportGet(CompletableFuture.java:395)
	at java.base/java.util.concurrent.CompletableFuture.get(CompletableFuture.java:2028)
	at org.eclipse.lsp4e.LanguageServerWrapper.lambda$13(LanguageServerWrapper.java:425)
	at java.base/java.util.concurrent.CompletableFuture$AsyncRun.run(CompletableFuture.java:1736)
	at java.base/java.util.concurrent.CompletableFuture$AsyncRun.exec(CompletableFuture.java:1728)
	at java.base/java.util.concurrent.ForkJoinTask.doExec(ForkJoinTask.java:290)
	at java.base/java.util.concurrent.ForkJoinPool$WorkQueue.topLevelExec(ForkJoinPool.java:1020)
	at java.base/java.util.concurrent.ForkJoinPool.scan(ForkJoinPool.java:1656)
	at java.base/java.util.concurrent.ForkJoinPool.runWorker(ForkJoinPool.java:1594)
	at java.base/java.util.concurrent.ForkJoinWorkerThread.run(ForkJoinWorkerThread.java:183)
Caused by: org.eclipse.lsp4j.jsonrpc.JsonRpcException: java.io.IOException: 파이프가 닫히는 중입니다
	at org.eclipse.lsp4j.jsonrpc.json.StreamMessageConsumer.consume(StreamMessageConsumer.java:72)
	at org.eclipse.lsp4e.LanguageServerWrapper.lambda$4(LanguageServerWrapper.java:260)
	at org.eclipse.lsp4j.jsonrpc.RemoteEndpoint.request(RemoteEndpoint.java:161)
	at org.eclipse.lsp4j.jsonrpc.services.EndpointProxy.invoke(EndpointProxy.java:91)
	at com.sun.proxy.$Proxy66.shutdown(Unknown Source)
	at org.eclipse.lsp4e.LanguageServerWrapper.lambda$13(LanguageServerWrapper.java:423)
	... 7 more
Caused by: java.io.IOException: 파이프가 닫히는 중입니다
	at java.base/java.io.FileOutputStream.writeBytes(Native Method)
	at java.base/java.io.FileOutputStream.write(FileOutputStream.java:354)
	at java.base/java.io.BufferedOutputStream.flushBuffer(BufferedOutputStream.java:81)
	at java.base/java.io.BufferedOutputStream.flush(BufferedOutputStream.java:142)
	at org.eclipse.lsp4j.jsonrpc.json.StreamMessageConsumer.consume(StreamMessageConsumer.java:69)
	... 12 more

!ENTRY org.eclipse.lsp4e 4 0 2025-06-19 16:52:15.143
!MESSAGE org.eclipse.lsp4j.jsonrpc.JsonRpcException: java.io.IOException: 파이프가 닫히는 중입니다
!STACK 0
java.util.concurrent.ExecutionException: org.eclipse.lsp4j.jsonrpc.JsonRpcException: java.io.IOException: 파이프가 닫히는 중입니다
	at java.base/java.util.concurrent.CompletableFuture.reportGet(CompletableFuture.java:395)
	at java.base/java.util.concurrent.CompletableFuture.get(CompletableFuture.java:2028)
	at org.eclipse.lsp4e.LanguageServerWrapper.lambda$13(LanguageServerWrapper.java:425)
	at java.base/java.util.concurrent.CompletableFuture$AsyncRun.run(CompletableFuture.java:1736)
	at java.base/java.util.concurrent.CompletableFuture$AsyncRun.exec(CompletableFuture.java:1728)
	at java.base/java.util.concurrent.ForkJoinTask.doExec(ForkJoinTask.java:290)
	at java.base/java.util.concurrent.ForkJoinPool$WorkQueue.topLevelExec(ForkJoinPool.java:1020)
	at java.base/java.util.concurrent.ForkJoinPool.scan(ForkJoinPool.java:1656)
	at java.base/java.util.concurrent.ForkJoinPool.runWorker(ForkJoinPool.java:1594)
	at java.base/java.util.concurrent.ForkJoinWorkerThread.run(ForkJoinWorkerThread.java:183)
Caused by: org.eclipse.lsp4j.jsonrpc.JsonRpcException: java.io.IOException: 파이프가 닫히는 중입니다
	at org.eclipse.lsp4j.jsonrpc.json.StreamMessageConsumer.consume(StreamMessageConsumer.java:72)
	at org.eclipse.lsp4e.LanguageServerWrapper.lambda$4(LanguageServerWrapper.java:260)
	at org.eclipse.lsp4j.jsonrpc.RemoteEndpoint.request(RemoteEndpoint.java:161)
	at org.eclipse.lsp4j.jsonrpc.services.EndpointProxy.invoke(EndpointProxy.java:91)
	at com.sun.proxy.$Proxy66.shutdown(Unknown Source)
	at org.eclipse.lsp4e.LanguageServerWrapper.lambda$13(LanguageServerWrapper.java:423)
	... 7 more
Caused by: java.io.IOException: 파이프가 닫히는 중입니다
	at java.base/java.io.FileOutputStream.writeBytes(Native Method)
	at java.base/java.io.FileOutputStream.write(FileOutputStream.java:354)
	at java.base/java.io.BufferedOutputStream.flushBuffer(BufferedOutputStream.java:81)
	at java.base/java.io.BufferedOutputStream.flush(BufferedOutputStream.java:142)
	at org.eclipse.lsp4j.jsonrpc.json.StreamMessageConsumer.consume(StreamMessageConsumer.java:69)
	... 12 more
