!SESSION 2025-06-20 14:23:24.882 -----------------------------------------------
eclipse.buildId=4.19.0.I20210303-1800
java.version=11.0.27
java.vendor=Azul Systems, Inc.
BootLoader constants: OS=win32, ARCH=x86_64, WS=win32, NL=ko_KR
Framework arguments:  -product org.eclipse.epp.package.jee.product
Command-line arguments:  -os win32 -ws win32 -arch x86_64 -product org.eclipse.epp.package.jee.product

This is a continuation of log file C:\Work\06_Service\.metadata\.bak_9.log
Created Time: 2025-06-20 15:21:56.053

!ENTRY org.eclipse.jface.text 4 0 2025-06-20 15:21:56.053
!MESSAGE org.eclipse.lsp4j.jsonrpc.JsonRpcException: java.io.IOException: 파이프가 닫히는 중입니다
!STACK 0
java.util.concurrent.CompletionException: org.eclipse.lsp4j.jsonrpc.JsonRpcException: java.io.IOException: 파이프가 닫히는 중입니다
	at java.base/java.util.concurrent.CompletableFuture.encodeThrowable(CompletableFuture.java:331)
	at java.base/java.util.concurrent.CompletableFuture.uniAcceptNow(CompletableFuture.java:743)
	at java.base/java.util.concurrent.CompletableFuture.uniAcceptStage(CompletableFuture.java:731)
	at java.base/java.util.concurrent.CompletableFuture.thenAcceptAsync(CompletableFuture.java:2118)
	at org.eclipse.lsp4e.operations.codelens.CodeLensProvider.lambda$2(CodeLensProvider.java:44)
	at java.base/java.util.stream.ReferencePipeline$3$1.accept(ReferencePipeline.java:195)
	at java.base/java.util.ArrayList$ArrayListSpliterator.forEachRemaining(ArrayList.java:1655)
	at java.base/java.util.stream.AbstractPipeline.copyInto(AbstractPipeline.java:484)
	at java.base/java.util.stream.AbstractPipeline.wrapAndCopyInto(AbstractPipeline.java:474)
	at java.base/java.util.stream.AbstractPipeline.evaluate(AbstractPipeline.java:550)
	at java.base/java.util.stream.AbstractPipeline.evaluateToArrayNode(AbstractPipeline.java:260)
	at java.base/java.util.stream.ReferencePipeline.toArray(ReferencePipeline.java:517)
	at org.eclipse.lsp4e.operations.codelens.CodeLensProvider.lambda$1(CodeLensProvider.java:52)
	at java.base/java.util.concurrent.CompletableFuture$UniCompose.tryFire(CompletableFuture.java:1072)
	at java.base/java.util.concurrent.CompletableFuture$Completion.exec(CompletableFuture.java:479)
	at java.base/java.util.concurrent.ForkJoinTask.doExec(ForkJoinTask.java:290)
	at java.base/java.util.concurrent.ForkJoinPool$WorkQueue.topLevelExec(ForkJoinPool.java:1020)
	at java.base/java.util.concurrent.ForkJoinPool.scan(ForkJoinPool.java:1656)
	at java.base/java.util.concurrent.ForkJoinPool.runWorker(ForkJoinPool.java:1594)
	at java.base/java.util.concurrent.ForkJoinWorkerThread.run(ForkJoinWorkerThread.java:183)
Caused by: org.eclipse.lsp4j.jsonrpc.JsonRpcException: java.io.IOException: 파이프가 닫히는 중입니다
	at org.eclipse.lsp4j.jsonrpc.json.StreamMessageConsumer.consume(StreamMessageConsumer.java:72)
	at org.eclipse.lsp4e.LanguageServerWrapper.lambda$4(LanguageServerWrapper.java:260)
	at org.eclipse.lsp4j.jsonrpc.RemoteEndpoint.request(RemoteEndpoint.java:161)
	at org.eclipse.lsp4j.jsonrpc.services.EndpointProxy.invoke(EndpointProxy.java:91)
	at com.sun.proxy.$Proxy66.codeLens(Unknown Source)
	at org.eclipse.lsp4e.operations.codelens.CodeLensProvider.lambda$2(CodeLensProvider.java:43)
	... 15 more
Caused by: java.io.IOException: 파이프가 닫히는 중입니다
	at java.base/java.io.FileOutputStream.writeBytes(Native Method)
	at java.base/java.io.FileOutputStream.write(FileOutputStream.java:354)
	at java.base/java.io.BufferedOutputStream.flushBuffer(BufferedOutputStream.java:81)
	at java.base/java.io.BufferedOutputStream.flush(BufferedOutputStream.java:142)
	at org.eclipse.lsp4j.jsonrpc.json.StreamMessageConsumer.consume(StreamMessageConsumer.java:69)
	... 20 more

!ENTRY org.eclipse.jface.text 4 0 2025-06-20 15:21:56.055
!MESSAGE org.eclipse.lsp4j.jsonrpc.JsonRpcException: java.io.IOException: 파이프가 닫히는 중입니다
!STACK 0
java.util.concurrent.CompletionException: org.eclipse.lsp4j.jsonrpc.JsonRpcException: java.io.IOException: 파이프가 닫히는 중입니다
	at java.base/java.util.concurrent.CompletableFuture.encodeThrowable(CompletableFuture.java:331)
	at java.base/java.util.concurrent.CompletableFuture.uniAcceptNow(CompletableFuture.java:743)
	at java.base/java.util.concurrent.CompletableFuture.uniAcceptStage(CompletableFuture.java:731)
	at java.base/java.util.concurrent.CompletableFuture.thenAcceptAsync(CompletableFuture.java:2118)
	at org.eclipse.lsp4e.operations.codelens.CodeLensProvider.lambda$2(CodeLensProvider.java:44)
	at java.base/java.util.stream.ReferencePipeline$3$1.accept(ReferencePipeline.java:195)
	at java.base/java.util.ArrayList$ArrayListSpliterator.forEachRemaining(ArrayList.java:1655)
	at java.base/java.util.stream.AbstractPipeline.copyInto(AbstractPipeline.java:484)
	at java.base/java.util.stream.AbstractPipeline.wrapAndCopyInto(AbstractPipeline.java:474)
	at java.base/java.util.stream.AbstractPipeline.evaluate(AbstractPipeline.java:550)
	at java.base/java.util.stream.AbstractPipeline.evaluateToArrayNode(AbstractPipeline.java:260)
	at java.base/java.util.stream.ReferencePipeline.toArray(ReferencePipeline.java:517)
	at org.eclipse.lsp4e.operations.codelens.CodeLensProvider.lambda$1(CodeLensProvider.java:52)
	at java.base/java.util.concurrent.CompletableFuture$UniCompose.tryFire(CompletableFuture.java:1072)
	at java.base/java.util.concurrent.CompletableFuture$Completion.exec(CompletableFuture.java:479)
	at java.base/java.util.concurrent.ForkJoinTask.doExec(ForkJoinTask.java:290)
	at java.base/java.util.concurrent.ForkJoinPool$WorkQueue.topLevelExec(ForkJoinPool.java:1020)
	at java.base/java.util.concurrent.ForkJoinPool.scan(ForkJoinPool.java:1656)
	at java.base/java.util.concurrent.ForkJoinPool.runWorker(ForkJoinPool.java:1594)
	at java.base/java.util.concurrent.ForkJoinWorkerThread.run(ForkJoinWorkerThread.java:183)
Caused by: org.eclipse.lsp4j.jsonrpc.JsonRpcException: java.io.IOException: 파이프가 닫히는 중입니다
	at org.eclipse.lsp4j.jsonrpc.json.StreamMessageConsumer.consume(StreamMessageConsumer.java:72)
	at org.eclipse.lsp4e.LanguageServerWrapper.lambda$4(LanguageServerWrapper.java:260)
	at org.eclipse.lsp4j.jsonrpc.RemoteEndpoint.request(RemoteEndpoint.java:161)
	at org.eclipse.lsp4j.jsonrpc.services.EndpointProxy.invoke(EndpointProxy.java:91)
	at com.sun.proxy.$Proxy66.codeLens(Unknown Source)
	at org.eclipse.lsp4e.operations.codelens.CodeLensProvider.lambda$2(CodeLensProvider.java:43)
	... 15 more
Caused by: java.io.IOException: 파이프가 닫히는 중입니다
	at java.base/java.io.FileOutputStream.writeBytes(Native Method)
	at java.base/java.io.FileOutputStream.write(FileOutputStream.java:354)
	at java.base/java.io.BufferedOutputStream.flushBuffer(BufferedOutputStream.java:81)
	at java.base/java.io.BufferedOutputStream.flush(BufferedOutputStream.java:142)
	at org.eclipse.lsp4j.jsonrpc.json.StreamMessageConsumer.consume(StreamMessageConsumer.java:69)
	... 20 more

!ENTRY org.eclipse.jface.text 4 0 2025-06-20 15:21:56.055
!MESSAGE org.eclipse.lsp4j.jsonrpc.JsonRpcException: java.io.IOException: 파이프가 닫히는 중입니다
!STACK 0
java.util.concurrent.CompletionException: org.eclipse.lsp4j.jsonrpc.JsonRpcException: java.io.IOException: 파이프가 닫히는 중입니다
	at java.base/java.util.concurrent.CompletableFuture.encodeThrowable(CompletableFuture.java:331)
	at java.base/java.util.concurrent.CompletableFuture.uniAcceptNow(CompletableFuture.java:743)
	at java.base/java.util.concurrent.CompletableFuture.uniAcceptStage(CompletableFuture.java:731)
	at java.base/java.util.concurrent.CompletableFuture.thenAcceptAsync(CompletableFuture.java:2118)
	at org.eclipse.lsp4e.operations.codelens.CodeLensProvider.lambda$2(CodeLensProvider.java:44)
	at java.base/java.util.stream.ReferencePipeline$3$1.accept(ReferencePipeline.java:195)
	at java.base/java.util.ArrayList$ArrayListSpliterator.forEachRemaining(ArrayList.java:1655)
	at java.base/java.util.stream.AbstractPipeline.copyInto(AbstractPipeline.java:484)
	at java.base/java.util.stream.AbstractPipeline.wrapAndCopyInto(AbstractPipeline.java:474)
	at java.base/java.util.stream.AbstractPipeline.evaluate(AbstractPipeline.java:550)
	at java.base/java.util.stream.AbstractPipeline.evaluateToArrayNode(AbstractPipeline.java:260)
	at java.base/java.util.stream.ReferencePipeline.toArray(ReferencePipeline.java:517)
	at org.eclipse.lsp4e.operations.codelens.CodeLensProvider.lambda$1(CodeLensProvider.java:52)
	at java.base/java.util.concurrent.CompletableFuture$UniCompose.tryFire(CompletableFuture.java:1072)
	at java.base/java.util.concurrent.CompletableFuture$Completion.exec(CompletableFuture.java:479)
	at java.base/java.util.concurrent.ForkJoinTask.doExec(ForkJoinTask.java:290)
	at java.base/java.util.concurrent.ForkJoinPool$WorkQueue.topLevelExec(ForkJoinPool.java:1020)
	at java.base/java.util.concurrent.ForkJoinPool.scan(ForkJoinPool.java:1656)
	at java.base/java.util.concurrent.ForkJoinPool.runWorker(ForkJoinPool.java:1594)
	at java.base/java.util.concurrent.ForkJoinWorkerThread.run(ForkJoinWorkerThread.java:183)
Caused by: org.eclipse.lsp4j.jsonrpc.JsonRpcException: java.io.IOException: 파이프가 닫히는 중입니다
	at org.eclipse.lsp4j.jsonrpc.json.StreamMessageConsumer.consume(StreamMessageConsumer.java:72)
	at org.eclipse.lsp4e.LanguageServerWrapper.lambda$4(LanguageServerWrapper.java:260)
	at org.eclipse.lsp4j.jsonrpc.RemoteEndpoint.request(RemoteEndpoint.java:161)
	at org.eclipse.lsp4j.jsonrpc.services.EndpointProxy.invoke(EndpointProxy.java:91)
	at com.sun.proxy.$Proxy66.codeLens(Unknown Source)
	at org.eclipse.lsp4e.operations.codelens.CodeLensProvider.lambda$2(CodeLensProvider.java:43)
	... 15 more
Caused by: java.io.IOException: 파이프가 닫히는 중입니다
	at java.base/java.io.FileOutputStream.writeBytes(Native Method)
	at java.base/java.io.FileOutputStream.write(FileOutputStream.java:354)
	at java.base/java.io.BufferedOutputStream.flushBuffer(BufferedOutputStream.java:81)
	at java.base/java.io.BufferedOutputStream.flush(BufferedOutputStream.java:142)
	at org.eclipse.lsp4j.jsonrpc.json.StreamMessageConsumer.consume(StreamMessageConsumer.java:69)
	... 20 more

!ENTRY org.springframework.tooling.ls.eclipse.commons 1 0 2025-06-20 15:21:56.077
!MESSAGE ClasspathListenerHandler addClasspathListener sts4.classpath.zgxtxMjSisBatched = true

!ENTRY org.springframework.tooling.ls.eclipse.commons 1 0 2025-06-20 15:21:56.077
!MESSAGE Setting up ClasspathListenerManager

!ENTRY org.springframework.tooling.ls.eclipse.commons 1 0 2025-06-20 15:21:56.077
!MESSAGE Scheduling initial event for all projects ...

!ENTRY org.springframework.tooling.ls.eclipse.commons 1 0 2025-06-20 15:21:56.078
!MESSAGE Scheduling initial event for all projects DONE

!ENTRY org.springframework.tooling.ls.eclipse.commons 1 0 2025-06-20 15:21:56.078
!MESSAGE ClasspathListenerHandler addClasspathListener sts4.classpath.zgxtxMjS => OK

!ENTRY org.springframework.tooling.ls.eclipse.commons 1 0 2025-06-20 15:21:56.078
!MESSAGE exists = true open = true => deleted = false

!ENTRY org.springframework.tooling.ls.eclipse.commons 1 0 2025-06-20 15:21:56.080
!MESSAGE classpath=57 entries

!ENTRY org.springframework.tooling.ls.eclipse.commons 1 0 2025-06-20 15:21:56.081
!MESSAGE buffering callback sts4.classpath.zgxtxMjS ServiceExam false 57

!ENTRY org.springframework.tooling.ls.eclipse.commons 1 0 2025-06-20 15:21:56.081
!MESSAGE executing callback sts4.classpath.zgxtxMjS 1 batched events

!ENTRY org.springframework.tooling.ls.eclipse.commons 1 0 2025-06-20 15:21:56.279
!MESSAGE executing callback sts4.classpath.zgxtxMjS SUCCESS [done]

!ENTRY org.eclipse.lsp4e 4 0 2025-06-20 15:21:56.280
!MESSAGE org.eclipse.lsp4j.jsonrpc.JsonRpcException: java.io.IOException: 파이프가 닫히는 중입니다
!STACK 0
java.util.concurrent.ExecutionException: org.eclipse.lsp4j.jsonrpc.JsonRpcException: java.io.IOException: 파이프가 닫히는 중입니다
	at java.base/java.util.concurrent.CompletableFuture.reportGet(CompletableFuture.java:395)
	at java.base/java.util.concurrent.CompletableFuture.get(CompletableFuture.java:2028)
	at org.eclipse.lsp4e.LanguageServerWrapper.lambda$13(LanguageServerWrapper.java:425)
	at java.base/java.util.concurrent.CompletableFuture$AsyncRun.run(CompletableFuture.java:1736)
	at java.base/java.util.concurrent.CompletableFuture$AsyncRun.exec(CompletableFuture.java:1728)
	at java.base/java.util.concurrent.ForkJoinTask.doExec(ForkJoinTask.java:290)
	at java.base/java.util.concurrent.ForkJoinPool$WorkQueue.topLevelExec(ForkJoinPool.java:1020)
	at java.base/java.util.concurrent.ForkJoinPool.scan(ForkJoinPool.java:1656)
	at java.base/java.util.concurrent.ForkJoinPool.runWorker(ForkJoinPool.java:1594)
	at java.base/java.util.concurrent.ForkJoinWorkerThread.run(ForkJoinWorkerThread.java:183)
Caused by: org.eclipse.lsp4j.jsonrpc.JsonRpcException: java.io.IOException: 파이프가 닫히는 중입니다
	at org.eclipse.lsp4j.jsonrpc.json.StreamMessageConsumer.consume(StreamMessageConsumer.java:72)
	at org.eclipse.lsp4e.LanguageServerWrapper.lambda$4(LanguageServerWrapper.java:260)
	at org.eclipse.lsp4j.jsonrpc.RemoteEndpoint.request(RemoteEndpoint.java:161)
	at org.eclipse.lsp4j.jsonrpc.services.EndpointProxy.invoke(EndpointProxy.java:91)
	at com.sun.proxy.$Proxy68.shutdown(Unknown Source)
	at org.eclipse.lsp4e.LanguageServerWrapper.lambda$13(LanguageServerWrapper.java:423)
	... 7 more
Caused by: java.io.IOException: 파이프가 닫히는 중입니다
	at java.base/java.io.FileOutputStream.writeBytes(Native Method)
	at java.base/java.io.FileOutputStream.write(FileOutputStream.java:354)
	at java.base/java.io.BufferedOutputStream.flushBuffer(BufferedOutputStream.java:81)
	at java.base/java.io.BufferedOutputStream.flush(BufferedOutputStream.java:142)
	at org.eclipse.lsp4j.jsonrpc.json.StreamMessageConsumer.consume(StreamMessageConsumer.java:69)
	... 12 more

!ENTRY org.eclipse.lsp4e 4 0 2025-06-20 15:21:56.281
!MESSAGE org.eclipse.lsp4j.jsonrpc.JsonRpcException: java.io.IOException: 파이프가 닫히는 중입니다
!STACK 0
java.util.concurrent.ExecutionException: org.eclipse.lsp4j.jsonrpc.JsonRpcException: java.io.IOException: 파이프가 닫히는 중입니다
	at java.base/java.util.concurrent.CompletableFuture.reportGet(CompletableFuture.java:395)
	at java.base/java.util.concurrent.CompletableFuture.get(CompletableFuture.java:2028)
	at org.eclipse.lsp4e.LanguageServerWrapper.lambda$13(LanguageServerWrapper.java:425)
	at java.base/java.util.concurrent.CompletableFuture$AsyncRun.run(CompletableFuture.java:1736)
	at java.base/java.util.concurrent.CompletableFuture$AsyncRun.exec(CompletableFuture.java:1728)
	at java.base/java.util.concurrent.ForkJoinTask.doExec(ForkJoinTask.java:290)
	at java.base/java.util.concurrent.ForkJoinPool$WorkQueue.topLevelExec(ForkJoinPool.java:1020)
	at java.base/java.util.concurrent.ForkJoinPool.scan(ForkJoinPool.java:1656)
	at java.base/java.util.concurrent.ForkJoinPool.runWorker(ForkJoinPool.java:1594)
	at java.base/java.util.concurrent.ForkJoinWorkerThread.run(ForkJoinWorkerThread.java:183)
Caused by: org.eclipse.lsp4j.jsonrpc.JsonRpcException: java.io.IOException: 파이프가 닫히는 중입니다
	at org.eclipse.lsp4j.jsonrpc.json.StreamMessageConsumer.consume(StreamMessageConsumer.java:72)
	at org.eclipse.lsp4e.LanguageServerWrapper.lambda$4(LanguageServerWrapper.java:260)
	at org.eclipse.lsp4j.jsonrpc.RemoteEndpoint.request(RemoteEndpoint.java:161)
	at org.eclipse.lsp4j.jsonrpc.services.EndpointProxy.invoke(EndpointProxy.java:91)
	at com.sun.proxy.$Proxy68.shutdown(Unknown Source)
	at org.eclipse.lsp4e.LanguageServerWrapper.lambda$13(LanguageServerWrapper.java:423)
	... 7 more
Caused by: java.io.IOException: 파이프가 닫히는 중입니다
	at java.base/java.io.FileOutputStream.writeBytes(Native Method)
	at java.base/java.io.FileOutputStream.write(FileOutputStream.java:354)
	at java.base/java.io.BufferedOutputStream.flushBuffer(BufferedOutputStream.java:81)
	at java.base/java.io.BufferedOutputStream.flush(BufferedOutputStream.java:142)
	at org.eclipse.lsp4j.jsonrpc.json.StreamMessageConsumer.consume(StreamMessageConsumer.java:69)
	... 12 more

!ENTRY org.springframework.tooling.ls.eclipse.commons 1 0 2025-06-20 15:21:56.281
!MESSAGE Entering DelegatingStreamConnectionProvider()

!ENTRY org.springframework.tooling.ls.eclipse.commons 1 0 2025-06-20 15:21:56.281
!MESSAGE DelegatingStreamConnectionProvider classloader = org.eclipse.osgi.internal.loader.EquinoxClassLoader@580cb668[org.springframework.tooling.boot.ls:1.28.0.202109130547(id=1001)]

!ENTRY org.springframework.tooling.ls.eclipse.commons 1 0 2025-06-20 15:21:56.282
!MESSAGE SpringBootLanguageServer exists!

!ENTRY org.springframework.tooling.ls.eclipse.commons 1 0 2025-06-20 15:21:57.299
!MESSAGE Boot LS startup time from start to initialized: 1016ms

!ENTRY org.eclipse.jface.text 4 0 2025-06-20 15:21:57.332
!MESSAGE org.eclipse.lsp4j.jsonrpc.JsonRpcException: java.io.IOException: 파이프가 닫히는 중입니다
!STACK 0
java.util.concurrent.CompletionException: org.eclipse.lsp4j.jsonrpc.JsonRpcException: java.io.IOException: 파이프가 닫히는 중입니다
	at java.base/java.util.concurrent.CompletableFuture.encodeThrowable(CompletableFuture.java:331)
	at java.base/java.util.concurrent.CompletableFuture.uniAcceptNow(CompletableFuture.java:743)
	at java.base/java.util.concurrent.CompletableFuture.uniAcceptStage(CompletableFuture.java:731)
	at java.base/java.util.concurrent.CompletableFuture.thenAcceptAsync(CompletableFuture.java:2118)
	at org.eclipse.lsp4e.operations.codelens.CodeLensProvider.lambda$2(CodeLensProvider.java:44)
	at java.base/java.util.stream.ReferencePipeline$3$1.accept(ReferencePipeline.java:195)
	at java.base/java.util.ArrayList$ArrayListSpliterator.forEachRemaining(ArrayList.java:1655)
	at java.base/java.util.stream.AbstractPipeline.copyInto(AbstractPipeline.java:484)
	at java.base/java.util.stream.AbstractPipeline.wrapAndCopyInto(AbstractPipeline.java:474)
	at java.base/java.util.stream.AbstractPipeline.evaluate(AbstractPipeline.java:550)
	at java.base/java.util.stream.AbstractPipeline.evaluateToArrayNode(AbstractPipeline.java:260)
	at java.base/java.util.stream.ReferencePipeline.toArray(ReferencePipeline.java:517)
	at org.eclipse.lsp4e.operations.codelens.CodeLensProvider.lambda$1(CodeLensProvider.java:52)
	at java.base/java.util.concurrent.CompletableFuture$UniCompose.tryFire(CompletableFuture.java:1072)
	at java.base/java.util.concurrent.CompletableFuture$Completion.exec(CompletableFuture.java:479)
	at java.base/java.util.concurrent.ForkJoinTask.doExec(ForkJoinTask.java:290)
	at java.base/java.util.concurrent.ForkJoinPool$WorkQueue.topLevelExec(ForkJoinPool.java:1020)
	at java.base/java.util.concurrent.ForkJoinPool.scan(ForkJoinPool.java:1656)
	at java.base/java.util.concurrent.ForkJoinPool.runWorker(ForkJoinPool.java:1594)
	at java.base/java.util.concurrent.ForkJoinWorkerThread.run(ForkJoinWorkerThread.java:183)
Caused by: org.eclipse.lsp4j.jsonrpc.JsonRpcException: java.io.IOException: 파이프가 닫히는 중입니다
	at org.eclipse.lsp4j.jsonrpc.json.StreamMessageConsumer.consume(StreamMessageConsumer.java:72)
	at org.eclipse.lsp4e.LanguageServerWrapper.lambda$4(LanguageServerWrapper.java:260)
	at org.eclipse.lsp4j.jsonrpc.RemoteEndpoint.request(RemoteEndpoint.java:161)
	at org.eclipse.lsp4j.jsonrpc.services.EndpointProxy.invoke(EndpointProxy.java:91)
	at com.sun.proxy.$Proxy66.codeLens(Unknown Source)
	at org.eclipse.lsp4e.operations.codelens.CodeLensProvider.lambda$2(CodeLensProvider.java:43)
	... 15 more
Caused by: java.io.IOException: 파이프가 닫히는 중입니다
	at java.base/java.io.FileOutputStream.writeBytes(Native Method)
	at java.base/java.io.FileOutputStream.write(FileOutputStream.java:354)
	at java.base/java.io.BufferedOutputStream.flushBuffer(BufferedOutputStream.java:81)
	at java.base/java.io.BufferedOutputStream.flush(BufferedOutputStream.java:142)
	at org.eclipse.lsp4j.jsonrpc.json.StreamMessageConsumer.consume(StreamMessageConsumer.java:69)
	... 20 more

!ENTRY org.eclipse.jface.text 4 0 2025-06-20 15:21:57.335
!MESSAGE org.eclipse.lsp4j.jsonrpc.JsonRpcException: java.io.IOException: 파이프가 닫히는 중입니다
!STACK 0
java.util.concurrent.CompletionException: org.eclipse.lsp4j.jsonrpc.JsonRpcException: java.io.IOException: 파이프가 닫히는 중입니다
	at java.base/java.util.concurrent.CompletableFuture.encodeThrowable(CompletableFuture.java:331)
	at java.base/java.util.concurrent.CompletableFuture.uniAcceptNow(CompletableFuture.java:743)
	at java.base/java.util.concurrent.CompletableFuture.uniAcceptStage(CompletableFuture.java:731)
	at java.base/java.util.concurrent.CompletableFuture.thenAcceptAsync(CompletableFuture.java:2118)
	at org.eclipse.lsp4e.operations.codelens.CodeLensProvider.lambda$2(CodeLensProvider.java:44)
	at java.base/java.util.stream.ReferencePipeline$3$1.accept(ReferencePipeline.java:195)
	at java.base/java.util.ArrayList$ArrayListSpliterator.forEachRemaining(ArrayList.java:1655)
	at java.base/java.util.stream.AbstractPipeline.copyInto(AbstractPipeline.java:484)
	at java.base/java.util.stream.AbstractPipeline.wrapAndCopyInto(AbstractPipeline.java:474)
	at java.base/java.util.stream.AbstractPipeline.evaluate(AbstractPipeline.java:550)
	at java.base/java.util.stream.AbstractPipeline.evaluateToArrayNode(AbstractPipeline.java:260)
	at java.base/java.util.stream.ReferencePipeline.toArray(ReferencePipeline.java:517)
	at org.eclipse.lsp4e.operations.codelens.CodeLensProvider.lambda$1(CodeLensProvider.java:52)
	at java.base/java.util.concurrent.CompletableFuture$UniCompose.tryFire(CompletableFuture.java:1072)
	at java.base/java.util.concurrent.CompletableFuture$Completion.exec(CompletableFuture.java:479)
	at java.base/java.util.concurrent.ForkJoinTask.doExec(ForkJoinTask.java:290)
	at java.base/java.util.concurrent.ForkJoinPool$WorkQueue.topLevelExec(ForkJoinPool.java:1020)
	at java.base/java.util.concurrent.ForkJoinPool.scan(ForkJoinPool.java:1656)
	at java.base/java.util.concurrent.ForkJoinPool.runWorker(ForkJoinPool.java:1594)
	at java.base/java.util.concurrent.ForkJoinWorkerThread.run(ForkJoinWorkerThread.java:183)
Caused by: org.eclipse.lsp4j.jsonrpc.JsonRpcException: java.io.IOException: 파이프가 닫히는 중입니다
	at org.eclipse.lsp4j.jsonrpc.json.StreamMessageConsumer.consume(StreamMessageConsumer.java:72)
	at org.eclipse.lsp4e.LanguageServerWrapper.lambda$4(LanguageServerWrapper.java:260)
	at org.eclipse.lsp4j.jsonrpc.RemoteEndpoint.request(RemoteEndpoint.java:161)
	at org.eclipse.lsp4j.jsonrpc.services.EndpointProxy.invoke(EndpointProxy.java:91)
	at com.sun.proxy.$Proxy66.codeLens(Unknown Source)
	at org.eclipse.lsp4e.operations.codelens.CodeLensProvider.lambda$2(CodeLensProvider.java:43)
	... 15 more
Caused by: java.io.IOException: 파이프가 닫히는 중입니다
	at java.base/java.io.FileOutputStream.writeBytes(Native Method)
	at java.base/java.io.FileOutputStream.write(FileOutputStream.java:354)
	at java.base/java.io.BufferedOutputStream.flushBuffer(BufferedOutputStream.java:81)
	at java.base/java.io.BufferedOutputStream.flush(BufferedOutputStream.java:142)
	at org.eclipse.lsp4j.jsonrpc.json.StreamMessageConsumer.consume(StreamMessageConsumer.java:69)
	... 20 more

!ENTRY org.eclipse.jface.text 4 0 2025-06-20 15:21:57.335
!MESSAGE org.eclipse.lsp4j.jsonrpc.JsonRpcException: java.io.IOException: 파이프가 닫히는 중입니다
!STACK 0
java.util.concurrent.CompletionException: org.eclipse.lsp4j.jsonrpc.JsonRpcException: java.io.IOException: 파이프가 닫히는 중입니다
	at java.base/java.util.concurrent.CompletableFuture.encodeThrowable(CompletableFuture.java:331)
	at java.base/java.util.concurrent.CompletableFuture.uniAcceptNow(CompletableFuture.java:743)
	at java.base/java.util.concurrent.CompletableFuture.uniAcceptStage(CompletableFuture.java:731)
	at java.base/java.util.concurrent.CompletableFuture.thenAcceptAsync(CompletableFuture.java:2118)
	at org.eclipse.lsp4e.operations.codelens.CodeLensProvider.lambda$2(CodeLensProvider.java:44)
	at java.base/java.util.stream.ReferencePipeline$3$1.accept(ReferencePipeline.java:195)
	at java.base/java.util.ArrayList$ArrayListSpliterator.forEachRemaining(ArrayList.java:1655)
	at java.base/java.util.stream.AbstractPipeline.copyInto(AbstractPipeline.java:484)
	at java.base/java.util.stream.AbstractPipeline.wrapAndCopyInto(AbstractPipeline.java:474)
	at java.base/java.util.stream.AbstractPipeline.evaluate(AbstractPipeline.java:550)
	at java.base/java.util.stream.AbstractPipeline.evaluateToArrayNode(AbstractPipeline.java:260)
	at java.base/java.util.stream.ReferencePipeline.toArray(ReferencePipeline.java:517)
	at org.eclipse.lsp4e.operations.codelens.CodeLensProvider.lambda$1(CodeLensProvider.java:52)
	at java.base/java.util.concurrent.CompletableFuture$UniCompose.tryFire(CompletableFuture.java:1072)
	at java.base/java.util.concurrent.CompletableFuture$Completion.exec(CompletableFuture.java:479)
	at java.base/java.util.concurrent.ForkJoinTask.doExec(ForkJoinTask.java:290)
	at java.base/java.util.concurrent.ForkJoinPool$WorkQueue.topLevelExec(ForkJoinPool.java:1020)
	at java.base/java.util.concurrent.ForkJoinPool.scan(ForkJoinPool.java:1656)
	at java.base/java.util.concurrent.ForkJoinPool.runWorker(ForkJoinPool.java:1594)
	at java.base/java.util.concurrent.ForkJoinWorkerThread.run(ForkJoinWorkerThread.java:183)
Caused by: org.eclipse.lsp4j.jsonrpc.JsonRpcException: java.io.IOException: 파이프가 닫히는 중입니다
	at org.eclipse.lsp4j.jsonrpc.json.StreamMessageConsumer.consume(StreamMessageConsumer.java:72)
	at org.eclipse.lsp4e.LanguageServerWrapper.lambda$4(LanguageServerWrapper.java:260)
	at org.eclipse.lsp4j.jsonrpc.RemoteEndpoint.request(RemoteEndpoint.java:161)
	at org.eclipse.lsp4j.jsonrpc.services.EndpointProxy.invoke(EndpointProxy.java:91)
	at com.sun.proxy.$Proxy66.codeLens(Unknown Source)
	at org.eclipse.lsp4e.operations.codelens.CodeLensProvider.lambda$2(CodeLensProvider.java:43)
	... 15 more
Caused by: java.io.IOException: 파이프가 닫히는 중입니다
	at java.base/java.io.FileOutputStream.writeBytes(Native Method)
	at java.base/java.io.FileOutputStream.write(FileOutputStream.java:354)
	at java.base/java.io.BufferedOutputStream.flushBuffer(BufferedOutputStream.java:81)
	at java.base/java.io.BufferedOutputStream.flush(BufferedOutputStream.java:142)
	at org.eclipse.lsp4j.jsonrpc.json.StreamMessageConsumer.consume(StreamMessageConsumer.java:69)
	... 20 more

!ENTRY org.eclipse.jface.text 4 0 2025-06-20 15:21:57.335
!MESSAGE org.eclipse.lsp4j.jsonrpc.JsonRpcException: java.io.IOException: 파이프가 닫히는 중입니다
!STACK 0
java.util.concurrent.CompletionException: org.eclipse.lsp4j.jsonrpc.JsonRpcException: java.io.IOException: 파이프가 닫히는 중입니다
	at java.base/java.util.concurrent.CompletableFuture.encodeThrowable(CompletableFuture.java:331)
	at java.base/java.util.concurrent.CompletableFuture.uniAcceptNow(CompletableFuture.java:743)
	at java.base/java.util.concurrent.CompletableFuture.uniAcceptStage(CompletableFuture.java:731)
	at java.base/java.util.concurrent.CompletableFuture.thenAcceptAsync(CompletableFuture.java:2118)
	at org.eclipse.lsp4e.operations.codelens.CodeLensProvider.lambda$2(CodeLensProvider.java:44)
	at java.base/java.util.stream.ReferencePipeline$3$1.accept(ReferencePipeline.java:195)
	at java.base/java.util.ArrayList$ArrayListSpliterator.forEachRemaining(ArrayList.java:1655)
	at java.base/java.util.stream.AbstractPipeline.copyInto(AbstractPipeline.java:484)
	at java.base/java.util.stream.AbstractPipeline.wrapAndCopyInto(AbstractPipeline.java:474)
	at java.base/java.util.stream.AbstractPipeline.evaluate(AbstractPipeline.java:550)
	at java.base/java.util.stream.AbstractPipeline.evaluateToArrayNode(AbstractPipeline.java:260)
	at java.base/java.util.stream.ReferencePipeline.toArray(ReferencePipeline.java:517)
	at org.eclipse.lsp4e.operations.codelens.CodeLensProvider.lambda$1(CodeLensProvider.java:52)
	at java.base/java.util.concurrent.CompletableFuture$UniCompose.tryFire(CompletableFuture.java:1072)
	at java.base/java.util.concurrent.CompletableFuture$Completion.exec(CompletableFuture.java:479)
	at java.base/java.util.concurrent.ForkJoinTask.doExec(ForkJoinTask.java:290)
	at java.base/java.util.concurrent.ForkJoinPool$WorkQueue.topLevelExec(ForkJoinPool.java:1020)
	at java.base/java.util.concurrent.ForkJoinPool.scan(ForkJoinPool.java:1656)
	at java.base/java.util.concurrent.ForkJoinPool.runWorker(ForkJoinPool.java:1594)
	at java.base/java.util.concurrent.ForkJoinWorkerThread.run(ForkJoinWorkerThread.java:183)
Caused by: org.eclipse.lsp4j.jsonrpc.JsonRpcException: java.io.IOException: 파이프가 닫히는 중입니다
	at org.eclipse.lsp4j.jsonrpc.json.StreamMessageConsumer.consume(StreamMessageConsumer.java:72)
	at org.eclipse.lsp4e.LanguageServerWrapper.lambda$4(LanguageServerWrapper.java:260)
	at org.eclipse.lsp4j.jsonrpc.RemoteEndpoint.request(RemoteEndpoint.java:161)
	at org.eclipse.lsp4j.jsonrpc.services.EndpointProxy.invoke(EndpointProxy.java:91)
	at com.sun.proxy.$Proxy66.codeLens(Unknown Source)
	at org.eclipse.lsp4e.operations.codelens.CodeLensProvider.lambda$2(CodeLensProvider.java:43)
	... 15 more
Caused by: java.io.IOException: 파이프가 닫히는 중입니다
	at java.base/java.io.FileOutputStream.writeBytes(Native Method)
	at java.base/java.io.FileOutputStream.write(FileOutputStream.java:354)
	at java.base/java.io.BufferedOutputStream.flushBuffer(BufferedOutputStream.java:81)
	at java.base/java.io.BufferedOutputStream.flush(BufferedOutputStream.java:142)
	at org.eclipse.lsp4j.jsonrpc.json.StreamMessageConsumer.consume(StreamMessageConsumer.java:69)
	... 20 more

!ENTRY org.springframework.tooling.ls.eclipse.commons 1 0 2025-06-20 15:21:57.363
!MESSAGE ClasspathListenerHandler addClasspathListener sts4.classpath.qFtYgKeWisBatched = true

!ENTRY org.springframework.tooling.ls.eclipse.commons 1 0 2025-06-20 15:21:57.363
!MESSAGE Setting up ClasspathListenerManager

!ENTRY org.springframework.tooling.ls.eclipse.commons 1 0 2025-06-20 15:21:57.363
!MESSAGE Scheduling initial event for all projects ...

!ENTRY org.springframework.tooling.ls.eclipse.commons 1 0 2025-06-20 15:21:57.363
!MESSAGE Scheduling initial event for all projects DONE

!ENTRY org.springframework.tooling.ls.eclipse.commons 1 0 2025-06-20 15:21:57.363
!MESSAGE exists = true open = true => deleted = false

!ENTRY org.springframework.tooling.ls.eclipse.commons 1 0 2025-06-20 15:21:57.363
!MESSAGE ClasspathListenerHandler addClasspathListener sts4.classpath.qFtYgKeW => OK

!ENTRY org.springframework.tooling.ls.eclipse.commons 1 0 2025-06-20 15:21:57.364
!MESSAGE classpath=57 entries

!ENTRY org.springframework.tooling.ls.eclipse.commons 1 0 2025-06-20 15:21:57.365
!MESSAGE buffering callback sts4.classpath.qFtYgKeW ServiceExam false 57

!ENTRY org.springframework.tooling.ls.eclipse.commons 1 0 2025-06-20 15:21:57.365
!MESSAGE executing callback sts4.classpath.qFtYgKeW 1 batched events

!ENTRY org.springframework.tooling.ls.eclipse.commons 1 0 2025-06-20 15:21:57.562
!MESSAGE executing callback sts4.classpath.qFtYgKeW SUCCESS [done]

!ENTRY org.springframework.tooling.ls.eclipse.commons 1 0 2025-06-20 15:21:57.563
!MESSAGE Entering DelegatingStreamConnectionProvider()

!ENTRY org.eclipse.lsp4e 4 0 2025-06-20 15:21:57.563
!MESSAGE org.eclipse.lsp4j.jsonrpc.JsonRpcException: java.io.IOException: 파이프가 닫히는 중입니다
!STACK 0
java.util.concurrent.ExecutionException: org.eclipse.lsp4j.jsonrpc.JsonRpcException: java.io.IOException: 파이프가 닫히는 중입니다
	at java.base/java.util.concurrent.CompletableFuture.reportGet(CompletableFuture.java:395)
	at java.base/java.util.concurrent.CompletableFuture.get(CompletableFuture.java:2028)
	at org.eclipse.lsp4e.LanguageServerWrapper.lambda$13(LanguageServerWrapper.java:425)
	at java.base/java.util.concurrent.CompletableFuture$AsyncRun.run(CompletableFuture.java:1736)
	at java.base/java.util.concurrent.CompletableFuture$AsyncRun.exec(CompletableFuture.java:1728)
	at java.base/java.util.concurrent.ForkJoinTask.doExec(ForkJoinTask.java:290)
	at java.base/java.util.concurrent.ForkJoinPool$WorkQueue.topLevelExec(ForkJoinPool.java:1020)
	at java.base/java.util.concurrent.ForkJoinPool.scan(ForkJoinPool.java:1656)
	at java.base/java.util.concurrent.ForkJoinPool.runWorker(ForkJoinPool.java:1594)
	at java.base/java.util.concurrent.ForkJoinWorkerThread.run(ForkJoinWorkerThread.java:183)
Caused by: org.eclipse.lsp4j.jsonrpc.JsonRpcException: java.io.IOException: 파이프가 닫히는 중입니다
	at org.eclipse.lsp4j.jsonrpc.json.StreamMessageConsumer.consume(StreamMessageConsumer.java:72)
	at org.eclipse.lsp4e.LanguageServerWrapper.lambda$4(LanguageServerWrapper.java:260)
	at org.eclipse.lsp4j.jsonrpc.RemoteEndpoint.request(RemoteEndpoint.java:161)
	at org.eclipse.lsp4j.jsonrpc.services.EndpointProxy.invoke(EndpointProxy.java:91)
	at com.sun.proxy.$Proxy68.shutdown(Unknown Source)
	at org.eclipse.lsp4e.LanguageServerWrapper.lambda$13(LanguageServerWrapper.java:423)
	... 7 more
Caused by: java.io.IOException: 파이프가 닫히는 중입니다
	at java.base/java.io.FileOutputStream.writeBytes(Native Method)
	at java.base/java.io.FileOutputStream.write(FileOutputStream.java:354)
	at java.base/java.io.BufferedOutputStream.flushBuffer(BufferedOutputStream.java:81)
	at java.base/java.io.BufferedOutputStream.flush(BufferedOutputStream.java:142)
	at org.eclipse.lsp4j.jsonrpc.json.StreamMessageConsumer.consume(StreamMessageConsumer.java:69)
	... 12 more

!ENTRY org.eclipse.lsp4e 4 0 2025-06-20 15:21:57.564
!MESSAGE org.eclipse.lsp4j.jsonrpc.JsonRpcException: java.io.IOException: 파이프가 닫히는 중입니다
!STACK 0
java.util.concurrent.ExecutionException: org.eclipse.lsp4j.jsonrpc.JsonRpcException: java.io.IOException: 파이프가 닫히는 중입니다
	at java.base/java.util.concurrent.CompletableFuture.reportGet(CompletableFuture.java:395)
	at java.base/java.util.concurrent.CompletableFuture.get(CompletableFuture.java:2028)
	at org.eclipse.lsp4e.LanguageServerWrapper.lambda$13(LanguageServerWrapper.java:425)
	at java.base/java.util.concurrent.CompletableFuture$AsyncRun.run(CompletableFuture.java:1736)
	at java.base/java.util.concurrent.CompletableFuture$AsyncRun.exec(CompletableFuture.java:1728)
	at java.base/java.util.concurrent.ForkJoinTask.doExec(ForkJoinTask.java:290)
	at java.base/java.util.concurrent.ForkJoinPool$WorkQueue.topLevelExec(ForkJoinPool.java:1020)
	at java.base/java.util.concurrent.ForkJoinPool.scan(ForkJoinPool.java:1656)
	at java.base/java.util.concurrent.ForkJoinPool.runWorker(ForkJoinPool.java:1594)
	at java.base/java.util.concurrent.ForkJoinWorkerThread.run(ForkJoinWorkerThread.java:183)
Caused by: org.eclipse.lsp4j.jsonrpc.JsonRpcException: java.io.IOException: 파이프가 닫히는 중입니다
	at org.eclipse.lsp4j.jsonrpc.json.StreamMessageConsumer.consume(StreamMessageConsumer.java:72)
	at org.eclipse.lsp4e.LanguageServerWrapper.lambda$4(LanguageServerWrapper.java:260)
	at org.eclipse.lsp4j.jsonrpc.RemoteEndpoint.request(RemoteEndpoint.java:161)
	at org.eclipse.lsp4j.jsonrpc.services.EndpointProxy.invoke(EndpointProxy.java:91)
	at com.sun.proxy.$Proxy68.shutdown(Unknown Source)
	at org.eclipse.lsp4e.LanguageServerWrapper.lambda$13(LanguageServerWrapper.java:423)
	... 7 more
Caused by: java.io.IOException: 파이프가 닫히는 중입니다
	at java.base/java.io.FileOutputStream.writeBytes(Native Method)
	at java.base/java.io.FileOutputStream.write(FileOutputStream.java:354)
	at java.base/java.io.BufferedOutputStream.flushBuffer(BufferedOutputStream.java:81)
	at java.base/java.io.BufferedOutputStream.flush(BufferedOutputStream.java:142)
	at org.eclipse.lsp4j.jsonrpc.json.StreamMessageConsumer.consume(StreamMessageConsumer.java:69)
	... 12 more

!ENTRY org.springframework.tooling.ls.eclipse.commons 1 0 2025-06-20 15:21:57.564
!MESSAGE DelegatingStreamConnectionProvider classloader = org.eclipse.osgi.internal.loader.EquinoxClassLoader@580cb668[org.springframework.tooling.boot.ls:1.28.0.202109130547(id=1001)]

!ENTRY org.springframework.tooling.ls.eclipse.commons 1 0 2025-06-20 15:21:57.564
!MESSAGE SpringBootLanguageServer exists!

!ENTRY org.springframework.tooling.ls.eclipse.commons 1 0 2025-06-20 15:21:58.613
!MESSAGE Boot LS startup time from start to initialized: 1049ms

!ENTRY org.eclipse.jface.text 4 0 2025-06-20 15:21:58.641
!MESSAGE org.eclipse.lsp4j.jsonrpc.JsonRpcException: java.io.IOException: 파이프가 닫히는 중입니다
!STACK 0
java.util.concurrent.CompletionException: org.eclipse.lsp4j.jsonrpc.JsonRpcException: java.io.IOException: 파이프가 닫히는 중입니다
	at java.base/java.util.concurrent.CompletableFuture.encodeThrowable(CompletableFuture.java:331)
	at java.base/java.util.concurrent.CompletableFuture.uniAcceptNow(CompletableFuture.java:743)
	at java.base/java.util.concurrent.CompletableFuture.uniAcceptStage(CompletableFuture.java:731)
	at java.base/java.util.concurrent.CompletableFuture.thenAcceptAsync(CompletableFuture.java:2118)
	at org.eclipse.lsp4e.operations.codelens.CodeLensProvider.lambda$2(CodeLensProvider.java:44)
	at java.base/java.util.stream.ReferencePipeline$3$1.accept(ReferencePipeline.java:195)
	at java.base/java.util.ArrayList$ArrayListSpliterator.forEachRemaining(ArrayList.java:1655)
	at java.base/java.util.stream.AbstractPipeline.copyInto(AbstractPipeline.java:484)
	at java.base/java.util.stream.AbstractPipeline.wrapAndCopyInto(AbstractPipeline.java:474)
	at java.base/java.util.stream.AbstractPipeline.evaluate(AbstractPipeline.java:550)
	at java.base/java.util.stream.AbstractPipeline.evaluateToArrayNode(AbstractPipeline.java:260)
	at java.base/java.util.stream.ReferencePipeline.toArray(ReferencePipeline.java:517)
	at org.eclipse.lsp4e.operations.codelens.CodeLensProvider.lambda$1(CodeLensProvider.java:52)
	at java.base/java.util.concurrent.CompletableFuture$UniCompose.tryFire(CompletableFuture.java:1072)
	at java.base/java.util.concurrent.CompletableFuture$Completion.exec(CompletableFuture.java:479)
	at java.base/java.util.concurrent.ForkJoinTask.doExec(ForkJoinTask.java:290)
	at java.base/java.util.concurrent.ForkJoinPool$WorkQueue.topLevelExec(ForkJoinPool.java:1020)
	at java.base/java.util.concurrent.ForkJoinPool.scan(ForkJoinPool.java:1656)
	at java.base/java.util.concurrent.ForkJoinPool.runWorker(ForkJoinPool.java:1594)
	at java.base/java.util.concurrent.ForkJoinWorkerThread.run(ForkJoinWorkerThread.java:183)
Caused by: org.eclipse.lsp4j.jsonrpc.JsonRpcException: java.io.IOException: 파이프가 닫히는 중입니다
	at org.eclipse.lsp4j.jsonrpc.json.StreamMessageConsumer.consume(StreamMessageConsumer.java:72)
	at org.eclipse.lsp4e.LanguageServerWrapper.lambda$4(LanguageServerWrapper.java:260)
	at org.eclipse.lsp4j.jsonrpc.RemoteEndpoint.request(RemoteEndpoint.java:161)
	at org.eclipse.lsp4j.jsonrpc.services.EndpointProxy.invoke(EndpointProxy.java:91)
	at com.sun.proxy.$Proxy66.codeLens(Unknown Source)
	at org.eclipse.lsp4e.operations.codelens.CodeLensProvider.lambda$2(CodeLensProvider.java:43)
	... 15 more
Caused by: java.io.IOException: 파이프가 닫히는 중입니다
	at java.base/java.io.FileOutputStream.writeBytes(Native Method)
	at java.base/java.io.FileOutputStream.write(FileOutputStream.java:354)
	at java.base/java.io.BufferedOutputStream.flushBuffer(BufferedOutputStream.java:81)
	at java.base/java.io.BufferedOutputStream.flush(BufferedOutputStream.java:142)
	at org.eclipse.lsp4j.jsonrpc.json.StreamMessageConsumer.consume(StreamMessageConsumer.java:69)
	... 20 more

!ENTRY org.eclipse.jface.text 4 0 2025-06-20 15:21:58.642
!MESSAGE org.eclipse.lsp4j.jsonrpc.JsonRpcException: java.io.IOException: 파이프가 닫히는 중입니다
!STACK 0
java.util.concurrent.CompletionException: org.eclipse.lsp4j.jsonrpc.JsonRpcException: java.io.IOException: 파이프가 닫히는 중입니다
	at java.base/java.util.concurrent.CompletableFuture.encodeThrowable(CompletableFuture.java:331)
	at java.base/java.util.concurrent.CompletableFuture.uniAcceptNow(CompletableFuture.java:743)
	at java.base/java.util.concurrent.CompletableFuture.uniAcceptStage(CompletableFuture.java:731)
	at java.base/java.util.concurrent.CompletableFuture.thenAcceptAsync(CompletableFuture.java:2118)
	at org.eclipse.lsp4e.operations.codelens.CodeLensProvider.lambda$2(CodeLensProvider.java:44)
	at java.base/java.util.stream.ReferencePipeline$3$1.accept(ReferencePipeline.java:195)
	at java.base/java.util.ArrayList$ArrayListSpliterator.forEachRemaining(ArrayList.java:1655)
	at java.base/java.util.stream.AbstractPipeline.copyInto(AbstractPipeline.java:484)
	at java.base/java.util.stream.AbstractPipeline.wrapAndCopyInto(AbstractPipeline.java:474)
	at java.base/java.util.stream.AbstractPipeline.evaluate(AbstractPipeline.java:550)
	at java.base/java.util.stream.AbstractPipeline.evaluateToArrayNode(AbstractPipeline.java:260)
	at java.base/java.util.stream.ReferencePipeline.toArray(ReferencePipeline.java:517)
	at org.eclipse.lsp4e.operations.codelens.CodeLensProvider.lambda$1(CodeLensProvider.java:52)
	at java.base/java.util.concurrent.CompletableFuture$UniCompose.tryFire(CompletableFuture.java:1072)
	at java.base/java.util.concurrent.CompletableFuture$Completion.exec(CompletableFuture.java:479)
	at java.base/java.util.concurrent.ForkJoinTask.doExec(ForkJoinTask.java:290)
	at java.base/java.util.concurrent.ForkJoinPool$WorkQueue.topLevelExec(ForkJoinPool.java:1020)
	at java.base/java.util.concurrent.ForkJoinPool.scan(ForkJoinPool.java:1656)
	at java.base/java.util.concurrent.ForkJoinPool.runWorker(ForkJoinPool.java:1594)
	at java.base/java.util.concurrent.ForkJoinWorkerThread.run(ForkJoinWorkerThread.java:183)
Caused by: org.eclipse.lsp4j.jsonrpc.JsonRpcException: java.io.IOException: 파이프가 닫히는 중입니다
	at org.eclipse.lsp4j.jsonrpc.json.StreamMessageConsumer.consume(StreamMessageConsumer.java:72)
	at org.eclipse.lsp4e.LanguageServerWrapper.lambda$4(LanguageServerWrapper.java:260)
	at org.eclipse.lsp4j.jsonrpc.RemoteEndpoint.request(RemoteEndpoint.java:161)
	at org.eclipse.lsp4j.jsonrpc.services.EndpointProxy.invoke(EndpointProxy.java:91)
	at com.sun.proxy.$Proxy66.codeLens(Unknown Source)
	at org.eclipse.lsp4e.operations.codelens.CodeLensProvider.lambda$2(CodeLensProvider.java:43)
	... 15 more
Caused by: java.io.IOException: 파이프가 닫히는 중입니다
	at java.base/java.io.FileOutputStream.writeBytes(Native Method)
	at java.base/java.io.FileOutputStream.write(FileOutputStream.java:354)
	at java.base/java.io.BufferedOutputStream.flushBuffer(BufferedOutputStream.java:81)
	at java.base/java.io.BufferedOutputStream.flush(BufferedOutputStream.java:142)
	at org.eclipse.lsp4j.jsonrpc.json.StreamMessageConsumer.consume(StreamMessageConsumer.java:69)
	... 20 more

!ENTRY org.eclipse.jface.text 4 0 2025-06-20 15:21:58.642
!MESSAGE org.eclipse.lsp4j.jsonrpc.JsonRpcException: java.io.IOException: 파이프가 닫히는 중입니다
!STACK 0
java.util.concurrent.CompletionException: org.eclipse.lsp4j.jsonrpc.JsonRpcException: java.io.IOException: 파이프가 닫히는 중입니다
	at java.base/java.util.concurrent.CompletableFuture.encodeThrowable(CompletableFuture.java:331)
	at java.base/java.util.concurrent.CompletableFuture.uniAcceptNow(CompletableFuture.java:743)
	at java.base/java.util.concurrent.CompletableFuture.uniAcceptStage(CompletableFuture.java:731)
	at java.base/java.util.concurrent.CompletableFuture.thenAcceptAsync(CompletableFuture.java:2118)
	at org.eclipse.lsp4e.operations.codelens.CodeLensProvider.lambda$2(CodeLensProvider.java:44)
	at java.base/java.util.stream.ReferencePipeline$3$1.accept(ReferencePipeline.java:195)
	at java.base/java.util.ArrayList$ArrayListSpliterator.forEachRemaining(ArrayList.java:1655)
	at java.base/java.util.stream.AbstractPipeline.copyInto(AbstractPipeline.java:484)
	at java.base/java.util.stream.AbstractPipeline.wrapAndCopyInto(AbstractPipeline.java:474)
	at java.base/java.util.stream.AbstractPipeline.evaluate(AbstractPipeline.java:550)
	at java.base/java.util.stream.AbstractPipeline.evaluateToArrayNode(AbstractPipeline.java:260)
	at java.base/java.util.stream.ReferencePipeline.toArray(ReferencePipeline.java:517)
	at org.eclipse.lsp4e.operations.codelens.CodeLensProvider.lambda$1(CodeLensProvider.java:52)
	at java.base/java.util.concurrent.CompletableFuture$UniCompose.tryFire(CompletableFuture.java:1072)
	at java.base/java.util.concurrent.CompletableFuture$Completion.exec(CompletableFuture.java:479)
	at java.base/java.util.concurrent.ForkJoinTask.doExec(ForkJoinTask.java:290)
	at java.base/java.util.concurrent.ForkJoinPool$WorkQueue.topLevelExec(ForkJoinPool.java:1020)
	at java.base/java.util.concurrent.ForkJoinPool.scan(ForkJoinPool.java:1656)
	at java.base/java.util.concurrent.ForkJoinPool.runWorker(ForkJoinPool.java:1594)
	at java.base/java.util.concurrent.ForkJoinWorkerThread.run(ForkJoinWorkerThread.java:183)
Caused by: org.eclipse.lsp4j.jsonrpc.JsonRpcException: java.io.IOException: 파이프가 닫히는 중입니다
	at org.eclipse.lsp4j.jsonrpc.json.StreamMessageConsumer.consume(StreamMessageConsumer.java:72)
	at org.eclipse.lsp4e.LanguageServerWrapper.lambda$4(LanguageServerWrapper.java:260)
	at org.eclipse.lsp4j.jsonrpc.RemoteEndpoint.request(RemoteEndpoint.java:161)
	at org.eclipse.lsp4j.jsonrpc.services.EndpointProxy.invoke(EndpointProxy.java:91)
	at com.sun.proxy.$Proxy66.codeLens(Unknown Source)
	at org.eclipse.lsp4e.operations.codelens.CodeLensProvider.lambda$2(CodeLensProvider.java:43)
	... 15 more
Caused by: java.io.IOException: 파이프가 닫히는 중입니다
	at java.base/java.io.FileOutputStream.writeBytes(Native Method)
	at java.base/java.io.FileOutputStream.write(FileOutputStream.java:354)
	at java.base/java.io.BufferedOutputStream.flushBuffer(BufferedOutputStream.java:81)
	at java.base/java.io.BufferedOutputStream.flush(BufferedOutputStream.java:142)
	at org.eclipse.lsp4j.jsonrpc.json.StreamMessageConsumer.consume(StreamMessageConsumer.java:69)
	... 20 more

!ENTRY org.eclipse.jface.text 4 0 2025-06-20 15:21:58.642
!MESSAGE org.eclipse.lsp4j.jsonrpc.JsonRpcException: java.io.IOException: 파이프가 닫히는 중입니다
!STACK 0
java.util.concurrent.CompletionException: org.eclipse.lsp4j.jsonrpc.JsonRpcException: java.io.IOException: 파이프가 닫히는 중입니다
	at java.base/java.util.concurrent.CompletableFuture.encodeThrowable(CompletableFuture.java:331)
	at java.base/java.util.concurrent.CompletableFuture.uniAcceptNow(CompletableFuture.java:743)
	at java.base/java.util.concurrent.CompletableFuture.uniAcceptStage(CompletableFuture.java:731)
	at java.base/java.util.concurrent.CompletableFuture.thenAcceptAsync(CompletableFuture.java:2118)
	at org.eclipse.lsp4e.operations.codelens.CodeLensProvider.lambda$2(CodeLensProvider.java:44)
	at java.base/java.util.stream.ReferencePipeline$3$1.accept(ReferencePipeline.java:195)
	at java.base/java.util.ArrayList$ArrayListSpliterator.forEachRemaining(ArrayList.java:1655)
	at java.base/java.util.stream.AbstractPipeline.copyInto(AbstractPipeline.java:484)
	at java.base/java.util.stream.AbstractPipeline.wrapAndCopyInto(AbstractPipeline.java:474)
	at java.base/java.util.stream.AbstractPipeline.evaluate(AbstractPipeline.java:550)
	at java.base/java.util.stream.AbstractPipeline.evaluateToArrayNode(AbstractPipeline.java:260)
	at java.base/java.util.stream.ReferencePipeline.toArray(ReferencePipeline.java:517)
	at org.eclipse.lsp4e.operations.codelens.CodeLensProvider.lambda$1(CodeLensProvider.java:52)
	at java.base/java.util.concurrent.CompletableFuture$UniCompose.tryFire(CompletableFuture.java:1072)
	at java.base/java.util.concurrent.CompletableFuture$Completion.exec(CompletableFuture.java:479)
	at java.base/java.util.concurrent.ForkJoinTask.doExec(ForkJoinTask.java:290)
	at java.base/java.util.concurrent.ForkJoinPool$WorkQueue.topLevelExec(ForkJoinPool.java:1020)
	at java.base/java.util.concurrent.ForkJoinPool.scan(ForkJoinPool.java:1656)
	at java.base/java.util.concurrent.ForkJoinPool.runWorker(ForkJoinPool.java:1594)
	at java.base/java.util.concurrent.ForkJoinWorkerThread.run(ForkJoinWorkerThread.java:183)
Caused by: org.eclipse.lsp4j.jsonrpc.JsonRpcException: java.io.IOException: 파이프가 닫히는 중입니다
	at org.eclipse.lsp4j.jsonrpc.json.StreamMessageConsumer.consume(StreamMessageConsumer.java:72)
	at org.eclipse.lsp4e.LanguageServerWrapper.lambda$4(LanguageServerWrapper.java:260)
	at org.eclipse.lsp4j.jsonrpc.RemoteEndpoint.request(RemoteEndpoint.java:161)
	at org.eclipse.lsp4j.jsonrpc.services.EndpointProxy.invoke(EndpointProxy.java:91)
	at com.sun.proxy.$Proxy66.codeLens(Unknown Source)
	at org.eclipse.lsp4e.operations.codelens.CodeLensProvider.lambda$2(CodeLensProvider.java:43)
	... 15 more
Caused by: java.io.IOException: 파이프가 닫히는 중입니다
	at java.base/java.io.FileOutputStream.writeBytes(Native Method)
	at java.base/java.io.FileOutputStream.write(FileOutputStream.java:354)
	at java.base/java.io.BufferedOutputStream.flushBuffer(BufferedOutputStream.java:81)
	at java.base/java.io.BufferedOutputStream.flush(BufferedOutputStream.java:142)
	at org.eclipse.lsp4j.jsonrpc.json.StreamMessageConsumer.consume(StreamMessageConsumer.java:69)
	... 20 more

!ENTRY org.springframework.tooling.ls.eclipse.commons 1 0 2025-06-20 15:21:58.672
!MESSAGE ClasspathListenerHandler addClasspathListener sts4.classpath.CnPPHYIeisBatched = true

!ENTRY org.springframework.tooling.ls.eclipse.commons 1 0 2025-06-20 15:21:58.672
!MESSAGE Setting up ClasspathListenerManager

!ENTRY org.springframework.tooling.ls.eclipse.commons 1 0 2025-06-20 15:21:58.672
!MESSAGE Scheduling initial event for all projects ...

!ENTRY org.springframework.tooling.ls.eclipse.commons 1 0 2025-06-20 15:21:58.672
!MESSAGE Scheduling initial event for all projects DONE

!ENTRY org.springframework.tooling.ls.eclipse.commons 1 0 2025-06-20 15:21:58.672
!MESSAGE exists = true open = true => deleted = false

!ENTRY org.springframework.tooling.ls.eclipse.commons 1 0 2025-06-20 15:21:58.672
!MESSAGE ClasspathListenerHandler addClasspathListener sts4.classpath.CnPPHYIe => OK

!ENTRY org.springframework.tooling.ls.eclipse.commons 1 0 2025-06-20 15:21:58.674
!MESSAGE classpath=57 entries

!ENTRY org.springframework.tooling.ls.eclipse.commons 1 0 2025-06-20 15:21:58.675
!MESSAGE buffering callback sts4.classpath.CnPPHYIe ServiceExam false 57

!ENTRY org.springframework.tooling.ls.eclipse.commons 1 0 2025-06-20 15:21:58.675
!MESSAGE executing callback sts4.classpath.CnPPHYIe 1 batched events

!ENTRY org.springframework.tooling.ls.eclipse.commons 1 0 2025-06-20 15:21:58.885
!MESSAGE executing callback sts4.classpath.CnPPHYIe SUCCESS [done]

!ENTRY org.eclipse.lsp4e 4 0 2025-06-20 15:21:58.886
!MESSAGE org.eclipse.lsp4j.jsonrpc.JsonRpcException: java.io.IOException: 파이프가 닫히는 중입니다
!STACK 0
java.util.concurrent.ExecutionException: org.eclipse.lsp4j.jsonrpc.JsonRpcException: java.io.IOException: 파이프가 닫히는 중입니다
	at java.base/java.util.concurrent.CompletableFuture.reportGet(CompletableFuture.java:395)
	at java.base/java.util.concurrent.CompletableFuture.get(CompletableFuture.java:2028)
	at org.eclipse.lsp4e.LanguageServerWrapper.lambda$13(LanguageServerWrapper.java:425)
	at java.base/java.util.concurrent.CompletableFuture$AsyncRun.run(CompletableFuture.java:1736)
	at java.base/java.util.concurrent.CompletableFuture$AsyncRun.exec(CompletableFuture.java:1728)
	at java.base/java.util.concurrent.ForkJoinTask.doExec(ForkJoinTask.java:290)
	at java.base/java.util.concurrent.ForkJoinPool$WorkQueue.topLevelExec(ForkJoinPool.java:1020)
	at java.base/java.util.concurrent.ForkJoinPool.scan(ForkJoinPool.java:1656)
	at java.base/java.util.concurrent.ForkJoinPool.runWorker(ForkJoinPool.java:1594)
	at java.base/java.util.concurrent.ForkJoinWorkerThread.run(ForkJoinWorkerThread.java:183)
Caused by: org.eclipse.lsp4j.jsonrpc.JsonRpcException: java.io.IOException: 파이프가 닫히는 중입니다
	at org.eclipse.lsp4j.jsonrpc.json.StreamMessageConsumer.consume(StreamMessageConsumer.java:72)
	at org.eclipse.lsp4e.LanguageServerWrapper.lambda$4(LanguageServerWrapper.java:260)
	at org.eclipse.lsp4j.jsonrpc.RemoteEndpoint.request(RemoteEndpoint.java:161)
	at org.eclipse.lsp4j.jsonrpc.services.EndpointProxy.invoke(EndpointProxy.java:91)
	at com.sun.proxy.$Proxy68.shutdown(Unknown Source)
	at org.eclipse.lsp4e.LanguageServerWrapper.lambda$13(LanguageServerWrapper.java:423)
	... 7 more
Caused by: java.io.IOException: 파이프가 닫히는 중입니다
	at java.base/java.io.FileOutputStream.writeBytes(Native Method)
	at java.base/java.io.FileOutputStream.write(FileOutputStream.java:354)
	at java.base/java.io.BufferedOutputStream.flushBuffer(BufferedOutputStream.java:81)
	at java.base/java.io.BufferedOutputStream.flush(BufferedOutputStream.java:142)
	at org.eclipse.lsp4j.jsonrpc.json.StreamMessageConsumer.consume(StreamMessageConsumer.java:69)
	... 12 more

!ENTRY org.springframework.tooling.ls.eclipse.commons 1 0 2025-06-20 15:21:58.886
!MESSAGE Entering DelegatingStreamConnectionProvider()

!ENTRY org.eclipse.lsp4e 4 0 2025-06-20 15:21:58.886
!MESSAGE org.eclipse.lsp4j.jsonrpc.JsonRpcException: java.io.IOException: 파이프가 닫히는 중입니다
!STACK 0
java.util.concurrent.ExecutionException: org.eclipse.lsp4j.jsonrpc.JsonRpcException: java.io.IOException: 파이프가 닫히는 중입니다
	at java.base/java.util.concurrent.CompletableFuture.reportGet(CompletableFuture.java:395)
	at java.base/java.util.concurrent.CompletableFuture.get(CompletableFuture.java:2028)
	at org.eclipse.lsp4e.LanguageServerWrapper.lambda$13(LanguageServerWrapper.java:425)
	at java.base/java.util.concurrent.CompletableFuture$AsyncRun.run(CompletableFuture.java:1736)
	at java.base/java.util.concurrent.CompletableFuture$AsyncRun.exec(CompletableFuture.java:1728)
	at java.base/java.util.concurrent.ForkJoinTask.doExec(ForkJoinTask.java:290)
	at java.base/java.util.concurrent.ForkJoinPool$WorkQueue.topLevelExec(ForkJoinPool.java:1020)
	at java.base/java.util.concurrent.ForkJoinPool.scan(ForkJoinPool.java:1656)
	at java.base/java.util.concurrent.ForkJoinPool.runWorker(ForkJoinPool.java:1594)
	at java.base/java.util.concurrent.ForkJoinWorkerThread.run(ForkJoinWorkerThread.java:183)
Caused by: org.eclipse.lsp4j.jsonrpc.JsonRpcException: java.io.IOException: 파이프가 닫히는 중입니다
	at org.eclipse.lsp4j.jsonrpc.json.StreamMessageConsumer.consume(StreamMessageConsumer.java:72)
	at org.eclipse.lsp4e.LanguageServerWrapper.lambda$4(LanguageServerWrapper.java:260)
	at org.eclipse.lsp4j.jsonrpc.RemoteEndpoint.request(RemoteEndpoint.java:161)
	at org.eclipse.lsp4j.jsonrpc.services.EndpointProxy.invoke(EndpointProxy.java:91)
	at com.sun.proxy.$Proxy68.shutdown(Unknown Source)
	at org.eclipse.lsp4e.LanguageServerWrapper.lambda$13(LanguageServerWrapper.java:423)
	... 7 more
Caused by: java.io.IOException: 파이프가 닫히는 중입니다
	at java.base/java.io.FileOutputStream.writeBytes(Native Method)
	at java.base/java.io.FileOutputStream.write(FileOutputStream.java:354)
	at java.base/java.io.BufferedOutputStream.flushBuffer(BufferedOutputStream.java:81)
	at java.base/java.io.BufferedOutputStream.flush(BufferedOutputStream.java:142)
	at org.eclipse.lsp4j.jsonrpc.json.StreamMessageConsumer.consume(StreamMessageConsumer.java:69)
	... 12 more

!ENTRY org.springframework.tooling.ls.eclipse.commons 1 0 2025-06-20 15:21:58.886
!MESSAGE DelegatingStreamConnectionProvider classloader = org.eclipse.osgi.internal.loader.EquinoxClassLoader@580cb668[org.springframework.tooling.boot.ls:1.28.0.202109130547(id=1001)]

!ENTRY org.springframework.tooling.ls.eclipse.commons 1 0 2025-06-20 15:21:58.886
!MESSAGE SpringBootLanguageServer exists!

!ENTRY org.eclipse.m2e.logback.appender 2 0 2025-06-20 15:21:59.731
!MESSAGE Using platform encoding (UTF-8 actually) to copy filtered resources, i.e. build is platform dependent!

!ENTRY org.eclipse.m2e.logback.appender 2 0 2025-06-20 15:21:59.732
!MESSAGE Using platform encoding (UTF-8 actually) to copy filtered resources, i.e. build is platform dependent!

!ENTRY org.springframework.tooling.ls.eclipse.commons 1 0 2025-06-20 15:21:59.931
!MESSAGE Boot LS startup time from start to initialized: 1045ms

!ENTRY org.eclipse.jface.text 4 0 2025-06-20 15:21:59.955
!MESSAGE org.eclipse.lsp4j.jsonrpc.JsonRpcException: java.io.IOException: 파이프가 닫히는 중입니다
!STACK 0
java.util.concurrent.CompletionException: org.eclipse.lsp4j.jsonrpc.JsonRpcException: java.io.IOException: 파이프가 닫히는 중입니다
	at java.base/java.util.concurrent.CompletableFuture.encodeThrowable(CompletableFuture.java:331)
	at java.base/java.util.concurrent.CompletableFuture.uniAcceptNow(CompletableFuture.java:743)
	at java.base/java.util.concurrent.CompletableFuture.uniAcceptStage(CompletableFuture.java:731)
	at java.base/java.util.concurrent.CompletableFuture.thenAcceptAsync(CompletableFuture.java:2118)
	at org.eclipse.lsp4e.operations.codelens.CodeLensProvider.lambda$2(CodeLensProvider.java:44)
	at java.base/java.util.stream.ReferencePipeline$3$1.accept(ReferencePipeline.java:195)
	at java.base/java.util.ArrayList$ArrayListSpliterator.forEachRemaining(ArrayList.java:1655)
	at java.base/java.util.stream.AbstractPipeline.copyInto(AbstractPipeline.java:484)
	at java.base/java.util.stream.AbstractPipeline.wrapAndCopyInto(AbstractPipeline.java:474)
	at java.base/java.util.stream.AbstractPipeline.evaluate(AbstractPipeline.java:550)
	at java.base/java.util.stream.AbstractPipeline.evaluateToArrayNode(AbstractPipeline.java:260)
	at java.base/java.util.stream.ReferencePipeline.toArray(ReferencePipeline.java:517)
	at org.eclipse.lsp4e.operations.codelens.CodeLensProvider.lambda$1(CodeLensProvider.java:52)
	at java.base/java.util.concurrent.CompletableFuture$UniCompose.tryFire(CompletableFuture.java:1072)
	at java.base/java.util.concurrent.CompletableFuture$Completion.exec(CompletableFuture.java:479)
	at java.base/java.util.concurrent.ForkJoinTask.doExec(ForkJoinTask.java:290)
	at java.base/java.util.concurrent.ForkJoinPool$WorkQueue.topLevelExec(ForkJoinPool.java:1020)
	at java.base/java.util.concurrent.ForkJoinPool.scan(ForkJoinPool.java:1656)
	at java.base/java.util.concurrent.ForkJoinPool.runWorker(ForkJoinPool.java:1594)
	at java.base/java.util.concurrent.ForkJoinWorkerThread.run(ForkJoinWorkerThread.java:183)
Caused by: org.eclipse.lsp4j.jsonrpc.JsonRpcException: java.io.IOException: 파이프가 닫히는 중입니다
	at org.eclipse.lsp4j.jsonrpc.json.StreamMessageConsumer.consume(StreamMessageConsumer.java:72)
	at org.eclipse.lsp4e.LanguageServerWrapper.lambda$4(LanguageServerWrapper.java:260)
	at org.eclipse.lsp4j.jsonrpc.RemoteEndpoint.request(RemoteEndpoint.java:161)
	at org.eclipse.lsp4j.jsonrpc.services.EndpointProxy.invoke(EndpointProxy.java:91)
	at com.sun.proxy.$Proxy66.codeLens(Unknown Source)
	at org.eclipse.lsp4e.operations.codelens.CodeLensProvider.lambda$2(CodeLensProvider.java:43)
	... 15 more
Caused by: java.io.IOException: 파이프가 닫히는 중입니다
	at java.base/java.io.FileOutputStream.writeBytes(Native Method)
	at java.base/java.io.FileOutputStream.write(FileOutputStream.java:354)
	at java.base/java.io.BufferedOutputStream.flushBuffer(BufferedOutputStream.java:81)
	at java.base/java.io.BufferedOutputStream.flush(BufferedOutputStream.java:142)
	at org.eclipse.lsp4j.jsonrpc.json.StreamMessageConsumer.consume(StreamMessageConsumer.java:69)
	... 20 more

!ENTRY org.eclipse.jface.text 4 0 2025-06-20 15:21:59.955
!MESSAGE org.eclipse.lsp4j.jsonrpc.JsonRpcException: java.io.IOException: 파이프가 닫히는 중입니다
!STACK 0
java.util.concurrent.CompletionException: org.eclipse.lsp4j.jsonrpc.JsonRpcException: java.io.IOException: 파이프가 닫히는 중입니다
	at java.base/java.util.concurrent.CompletableFuture.encodeThrowable(CompletableFuture.java:331)
	at java.base/java.util.concurrent.CompletableFuture.uniAcceptNow(CompletableFuture.java:743)
	at java.base/java.util.concurrent.CompletableFuture.uniAcceptStage(CompletableFuture.java:731)
	at java.base/java.util.concurrent.CompletableFuture.thenAcceptAsync(CompletableFuture.java:2118)
	at org.eclipse.lsp4e.operations.codelens.CodeLensProvider.lambda$2(CodeLensProvider.java:44)
	at java.base/java.util.stream.ReferencePipeline$3$1.accept(ReferencePipeline.java:195)
	at java.base/java.util.ArrayList$ArrayListSpliterator.forEachRemaining(ArrayList.java:1655)
	at java.base/java.util.stream.AbstractPipeline.copyInto(AbstractPipeline.java:484)
	at java.base/java.util.stream.AbstractPipeline.wrapAndCopyInto(AbstractPipeline.java:474)
	at java.base/java.util.stream.AbstractPipeline.evaluate(AbstractPipeline.java:550)
	at java.base/java.util.stream.AbstractPipeline.evaluateToArrayNode(AbstractPipeline.java:260)
	at java.base/java.util.stream.ReferencePipeline.toArray(ReferencePipeline.java:517)
	at org.eclipse.lsp4e.operations.codelens.CodeLensProvider.lambda$1(CodeLensProvider.java:52)
	at java.base/java.util.concurrent.CompletableFuture$UniCompose.tryFire(CompletableFuture.java:1072)
	at java.base/java.util.concurrent.CompletableFuture$Completion.exec(CompletableFuture.java:479)
	at java.base/java.util.concurrent.ForkJoinTask.doExec(ForkJoinTask.java:290)
	at java.base/java.util.concurrent.ForkJoinPool$WorkQueue.topLevelExec(ForkJoinPool.java:1020)
	at java.base/java.util.concurrent.ForkJoinPool.scan(ForkJoinPool.java:1656)
	at java.base/java.util.concurrent.ForkJoinPool.runWorker(ForkJoinPool.java:1594)
	at java.base/java.util.concurrent.ForkJoinWorkerThread.run(ForkJoinWorkerThread.java:183)
Caused by: org.eclipse.lsp4j.jsonrpc.JsonRpcException: java.io.IOException: 파이프가 닫히는 중입니다
	at org.eclipse.lsp4j.jsonrpc.json.StreamMessageConsumer.consume(StreamMessageConsumer.java:72)
	at org.eclipse.lsp4e.LanguageServerWrapper.lambda$4(LanguageServerWrapper.java:260)
	at org.eclipse.lsp4j.jsonrpc.RemoteEndpoint.request(RemoteEndpoint.java:161)
	at org.eclipse.lsp4j.jsonrpc.services.EndpointProxy.invoke(EndpointProxy.java:91)
	at com.sun.proxy.$Proxy66.codeLens(Unknown Source)
	at org.eclipse.lsp4e.operations.codelens.CodeLensProvider.lambda$2(CodeLensProvider.java:43)
	... 15 more
Caused by: java.io.IOException: 파이프가 닫히는 중입니다
	at java.base/java.io.FileOutputStream.writeBytes(Native Method)
	at java.base/java.io.FileOutputStream.write(FileOutputStream.java:354)
	at java.base/java.io.BufferedOutputStream.flushBuffer(BufferedOutputStream.java:81)
	at java.base/java.io.BufferedOutputStream.flush(BufferedOutputStream.java:142)
	at org.eclipse.lsp4j.jsonrpc.json.StreamMessageConsumer.consume(StreamMessageConsumer.java:69)
	... 20 more

!ENTRY org.eclipse.jface.text 4 0 2025-06-20 15:21:59.955
!MESSAGE org.eclipse.lsp4j.jsonrpc.JsonRpcException: java.io.IOException: 파이프가 닫히는 중입니다
!STACK 0
java.util.concurrent.CompletionException: org.eclipse.lsp4j.jsonrpc.JsonRpcException: java.io.IOException: 파이프가 닫히는 중입니다
	at java.base/java.util.concurrent.CompletableFuture.encodeThrowable(CompletableFuture.java:331)
	at java.base/java.util.concurrent.CompletableFuture.uniAcceptNow(CompletableFuture.java:743)
	at java.base/java.util.concurrent.CompletableFuture.uniAcceptStage(CompletableFuture.java:731)
	at java.base/java.util.concurrent.CompletableFuture.thenAcceptAsync(CompletableFuture.java:2118)
	at org.eclipse.lsp4e.operations.codelens.CodeLensProvider.lambda$2(CodeLensProvider.java:44)
	at java.base/java.util.stream.ReferencePipeline$3$1.accept(ReferencePipeline.java:195)
	at java.base/java.util.ArrayList$ArrayListSpliterator.forEachRemaining(ArrayList.java:1655)
	at java.base/java.util.stream.AbstractPipeline.copyInto(AbstractPipeline.java:484)
	at java.base/java.util.stream.AbstractPipeline.wrapAndCopyInto(AbstractPipeline.java:474)
	at java.base/java.util.stream.AbstractPipeline.evaluate(AbstractPipeline.java:550)
	at java.base/java.util.stream.AbstractPipeline.evaluateToArrayNode(AbstractPipeline.java:260)
	at java.base/java.util.stream.ReferencePipeline.toArray(ReferencePipeline.java:517)
	at org.eclipse.lsp4e.operations.codelens.CodeLensProvider.lambda$1(CodeLensProvider.java:52)
	at java.base/java.util.concurrent.CompletableFuture$UniCompose.tryFire(CompletableFuture.java:1072)
	at java.base/java.util.concurrent.CompletableFuture$Completion.exec(CompletableFuture.java:479)
	at java.base/java.util.concurrent.ForkJoinTask.doExec(ForkJoinTask.java:290)
	at java.base/java.util.concurrent.ForkJoinPool$WorkQueue.topLevelExec(ForkJoinPool.java:1020)
	at java.base/java.util.concurrent.ForkJoinPool.scan(ForkJoinPool.java:1656)
	at java.base/java.util.concurrent.ForkJoinPool.runWorker(ForkJoinPool.java:1594)
	at java.base/java.util.concurrent.ForkJoinWorkerThread.run(ForkJoinWorkerThread.java:183)
Caused by: org.eclipse.lsp4j.jsonrpc.JsonRpcException: java.io.IOException: 파이프가 닫히는 중입니다
	at org.eclipse.lsp4j.jsonrpc.json.StreamMessageConsumer.consume(StreamMessageConsumer.java:72)
	at org.eclipse.lsp4e.LanguageServerWrapper.lambda$4(LanguageServerWrapper.java:260)
	at org.eclipse.lsp4j.jsonrpc.RemoteEndpoint.request(RemoteEndpoint.java:161)
	at org.eclipse.lsp4j.jsonrpc.services.EndpointProxy.invoke(EndpointProxy.java:91)
	at com.sun.proxy.$Proxy66.codeLens(Unknown Source)
	at org.eclipse.lsp4e.operations.codelens.CodeLensProvider.lambda$2(CodeLensProvider.java:43)
	... 15 more
Caused by: java.io.IOException: 파이프가 닫히는 중입니다
	at java.base/java.io.FileOutputStream.writeBytes(Native Method)
	at java.base/java.io.FileOutputStream.write(FileOutputStream.java:354)
	at java.base/java.io.BufferedOutputStream.flushBuffer(BufferedOutputStream.java:81)
	at java.base/java.io.BufferedOutputStream.flush(BufferedOutputStream.java:142)
	at org.eclipse.lsp4j.jsonrpc.json.StreamMessageConsumer.consume(StreamMessageConsumer.java:69)
	... 20 more

!ENTRY org.eclipse.jface.text 4 0 2025-06-20 15:21:59.956
!MESSAGE org.eclipse.lsp4j.jsonrpc.JsonRpcException: java.io.IOException: 파이프가 닫히는 중입니다
!STACK 0
java.util.concurrent.CompletionException: org.eclipse.lsp4j.jsonrpc.JsonRpcException: java.io.IOException: 파이프가 닫히는 중입니다
	at java.base/java.util.concurrent.CompletableFuture.encodeThrowable(CompletableFuture.java:331)
	at java.base/java.util.concurrent.CompletableFuture.uniAcceptNow(CompletableFuture.java:743)
	at java.base/java.util.concurrent.CompletableFuture.uniAcceptStage(CompletableFuture.java:731)
	at java.base/java.util.concurrent.CompletableFuture.thenAcceptAsync(CompletableFuture.java:2118)
	at org.eclipse.lsp4e.operations.codelens.CodeLensProvider.lambda$2(CodeLensProvider.java:44)
	at java.base/java.util.stream.ReferencePipeline$3$1.accept(ReferencePipeline.java:195)
	at java.base/java.util.ArrayList$ArrayListSpliterator.forEachRemaining(ArrayList.java:1655)
	at java.base/java.util.stream.AbstractPipeline.copyInto(AbstractPipeline.java:484)
	at java.base/java.util.stream.AbstractPipeline.wrapAndCopyInto(AbstractPipeline.java:474)
	at java.base/java.util.stream.AbstractPipeline.evaluate(AbstractPipeline.java:550)
	at java.base/java.util.stream.AbstractPipeline.evaluateToArrayNode(AbstractPipeline.java:260)
	at java.base/java.util.stream.ReferencePipeline.toArray(ReferencePipeline.java:517)
	at org.eclipse.lsp4e.operations.codelens.CodeLensProvider.lambda$1(CodeLensProvider.java:52)
	at java.base/java.util.concurrent.CompletableFuture$UniCompose.tryFire(CompletableFuture.java:1072)
	at java.base/java.util.concurrent.CompletableFuture$Completion.exec(CompletableFuture.java:479)
	at java.base/java.util.concurrent.ForkJoinTask.doExec(ForkJoinTask.java:290)
	at java.base/java.util.concurrent.ForkJoinPool$WorkQueue.topLevelExec(ForkJoinPool.java:1020)
	at java.base/java.util.concurrent.ForkJoinPool.scan(ForkJoinPool.java:1656)
	at java.base/java.util.concurrent.ForkJoinPool.runWorker(ForkJoinPool.java:1594)
	at java.base/java.util.concurrent.ForkJoinWorkerThread.run(ForkJoinWorkerThread.java:183)
Caused by: org.eclipse.lsp4j.jsonrpc.JsonRpcException: java.io.IOException: 파이프가 닫히는 중입니다
	at org.eclipse.lsp4j.jsonrpc.json.StreamMessageConsumer.consume(StreamMessageConsumer.java:72)
	at org.eclipse.lsp4e.LanguageServerWrapper.lambda$4(LanguageServerWrapper.java:260)
	at org.eclipse.lsp4j.jsonrpc.RemoteEndpoint.request(RemoteEndpoint.java:161)
	at org.eclipse.lsp4j.jsonrpc.services.EndpointProxy.invoke(EndpointProxy.java:91)
	at com.sun.proxy.$Proxy66.codeLens(Unknown Source)
	at org.eclipse.lsp4e.operations.codelens.CodeLensProvider.lambda$2(CodeLensProvider.java:43)
	... 15 more
Caused by: java.io.IOException: 파이프가 닫히는 중입니다
	at java.base/java.io.FileOutputStream.writeBytes(Native Method)
	at java.base/java.io.FileOutputStream.write(FileOutputStream.java:354)
	at java.base/java.io.BufferedOutputStream.flushBuffer(BufferedOutputStream.java:81)
	at java.base/java.io.BufferedOutputStream.flush(BufferedOutputStream.java:142)
	at org.eclipse.lsp4j.jsonrpc.json.StreamMessageConsumer.consume(StreamMessageConsumer.java:69)
	... 20 more

!ENTRY org.springframework.tooling.ls.eclipse.commons 1 0 2025-06-20 15:21:59.988
!MESSAGE ClasspathListenerHandler addClasspathListener sts4.classpath.QEvDnFvkisBatched = true

!ENTRY org.springframework.tooling.ls.eclipse.commons 1 0 2025-06-20 15:21:59.989
!MESSAGE Setting up ClasspathListenerManager

!ENTRY org.springframework.tooling.ls.eclipse.commons 1 0 2025-06-20 15:21:59.989
!MESSAGE Scheduling initial event for all projects ...

!ENTRY org.springframework.tooling.ls.eclipse.commons 1 0 2025-06-20 15:21:59.989
!MESSAGE Scheduling initial event for all projects DONE

!ENTRY org.springframework.tooling.ls.eclipse.commons 1 0 2025-06-20 15:21:59.989
!MESSAGE exists = true open = true => deleted = false

!ENTRY org.springframework.tooling.ls.eclipse.commons 1 0 2025-06-20 15:21:59.989
!MESSAGE ClasspathListenerHandler addClasspathListener sts4.classpath.QEvDnFvk => OK

!ENTRY org.springframework.tooling.ls.eclipse.commons 1 0 2025-06-20 15:21:59.990
!MESSAGE classpath=57 entries

!ENTRY org.springframework.tooling.ls.eclipse.commons 1 0 2025-06-20 15:21:59.992
!MESSAGE buffering callback sts4.classpath.QEvDnFvk ServiceExam false 57

!ENTRY org.springframework.tooling.ls.eclipse.commons 1 0 2025-06-20 15:21:59.992
!MESSAGE executing callback sts4.classpath.QEvDnFvk 1 batched events

!ENTRY org.springframework.tooling.ls.eclipse.commons 1 0 2025-06-20 15:22:00.212
!MESSAGE executing callback sts4.classpath.QEvDnFvk SUCCESS [done]

!ENTRY org.eclipse.lsp4e 4 0 2025-06-20 15:22:00.212
!MESSAGE org.eclipse.lsp4j.jsonrpc.JsonRpcException: java.io.IOException: 파이프가 닫히는 중입니다
!STACK 0
java.util.concurrent.ExecutionException: org.eclipse.lsp4j.jsonrpc.JsonRpcException: java.io.IOException: 파이프가 닫히는 중입니다
	at java.base/java.util.concurrent.CompletableFuture.reportGet(CompletableFuture.java:395)
	at java.base/java.util.concurrent.CompletableFuture.get(CompletableFuture.java:2028)
	at org.eclipse.lsp4e.LanguageServerWrapper.lambda$13(LanguageServerWrapper.java:425)
	at java.base/java.util.concurrent.CompletableFuture$AsyncRun.run(CompletableFuture.java:1736)
	at java.base/java.util.concurrent.CompletableFuture$AsyncRun.exec(CompletableFuture.java:1728)
	at java.base/java.util.concurrent.ForkJoinTask.doExec(ForkJoinTask.java:290)
	at java.base/java.util.concurrent.ForkJoinPool$WorkQueue.topLevelExec(ForkJoinPool.java:1020)
	at java.base/java.util.concurrent.ForkJoinPool.scan(ForkJoinPool.java:1656)
	at java.base/java.util.concurrent.ForkJoinPool.runWorker(ForkJoinPool.java:1594)
	at java.base/java.util.concurrent.ForkJoinWorkerThread.run(ForkJoinWorkerThread.java:183)
Caused by: org.eclipse.lsp4j.jsonrpc.JsonRpcException: java.io.IOException: 파이프가 닫히는 중입니다
	at org.eclipse.lsp4j.jsonrpc.json.StreamMessageConsumer.consume(StreamMessageConsumer.java:72)
	at org.eclipse.lsp4e.LanguageServerWrapper.lambda$4(LanguageServerWrapper.java:260)
	at org.eclipse.lsp4j.jsonrpc.RemoteEndpoint.request(RemoteEndpoint.java:161)
	at org.eclipse.lsp4j.jsonrpc.services.EndpointProxy.invoke(EndpointProxy.java:91)
	at com.sun.proxy.$Proxy68.shutdown(Unknown Source)
	at org.eclipse.lsp4e.LanguageServerWrapper.lambda$13(LanguageServerWrapper.java:423)
	... 7 more
Caused by: java.io.IOException: 파이프가 닫히는 중입니다
	at java.base/java.io.FileOutputStream.writeBytes(Native Method)
	at java.base/java.io.FileOutputStream.write(FileOutputStream.java:354)
	at java.base/java.io.BufferedOutputStream.flushBuffer(BufferedOutputStream.java:81)
	at java.base/java.io.BufferedOutputStream.flush(BufferedOutputStream.java:142)
	at org.eclipse.lsp4j.jsonrpc.json.StreamMessageConsumer.consume(StreamMessageConsumer.java:69)
	... 12 more

!ENTRY org.eclipse.lsp4e 4 0 2025-06-20 15:22:00.213
!MESSAGE org.eclipse.lsp4j.jsonrpc.JsonRpcException: java.io.IOException: 파이프가 닫히는 중입니다
!STACK 0
java.util.concurrent.ExecutionException: org.eclipse.lsp4j.jsonrpc.JsonRpcException: java.io.IOException: 파이프가 닫히는 중입니다
	at java.base/java.util.concurrent.CompletableFuture.reportGet(CompletableFuture.java:395)
	at java.base/java.util.concurrent.CompletableFuture.get(CompletableFuture.java:2028)
	at org.eclipse.lsp4e.LanguageServerWrapper.lambda$13(LanguageServerWrapper.java:425)
	at java.base/java.util.concurrent.CompletableFuture$AsyncRun.run(CompletableFuture.java:1736)
	at java.base/java.util.concurrent.CompletableFuture$AsyncRun.exec(CompletableFuture.java:1728)
	at java.base/java.util.concurrent.ForkJoinTask.doExec(ForkJoinTask.java:290)
	at java.base/java.util.concurrent.ForkJoinPool$WorkQueue.topLevelExec(ForkJoinPool.java:1020)
	at java.base/java.util.concurrent.ForkJoinPool.scan(ForkJoinPool.java:1656)
	at java.base/java.util.concurrent.ForkJoinPool.runWorker(ForkJoinPool.java:1594)
	at java.base/java.util.concurrent.ForkJoinWorkerThread.run(ForkJoinWorkerThread.java:183)
Caused by: org.eclipse.lsp4j.jsonrpc.JsonRpcException: java.io.IOException: 파이프가 닫히는 중입니다
	at org.eclipse.lsp4j.jsonrpc.json.StreamMessageConsumer.consume(StreamMessageConsumer.java:72)
	at org.eclipse.lsp4e.LanguageServerWrapper.lambda$4(LanguageServerWrapper.java:260)
	at org.eclipse.lsp4j.jsonrpc.RemoteEndpoint.request(RemoteEndpoint.java:161)
	at org.eclipse.lsp4j.jsonrpc.services.EndpointProxy.invoke(EndpointProxy.java:91)
	at com.sun.proxy.$Proxy68.shutdown(Unknown Source)
	at org.eclipse.lsp4e.LanguageServerWrapper.lambda$13(LanguageServerWrapper.java:423)
	... 7 more
Caused by: java.io.IOException: 파이프가 닫히는 중입니다
	at java.base/java.io.FileOutputStream.writeBytes(Native Method)
	at java.base/java.io.FileOutputStream.write(FileOutputStream.java:354)
	at java.base/java.io.BufferedOutputStream.flushBuffer(BufferedOutputStream.java:81)
	at java.base/java.io.BufferedOutputStream.flush(BufferedOutputStream.java:142)
	at org.eclipse.lsp4j.jsonrpc.json.StreamMessageConsumer.consume(StreamMessageConsumer.java:69)
	... 12 more

!ENTRY org.springframework.tooling.ls.eclipse.commons 1 0 2025-06-20 15:22:00.213
!MESSAGE Entering DelegatingStreamConnectionProvider()

!ENTRY org.springframework.tooling.ls.eclipse.commons 1 0 2025-06-20 15:22:00.214
!MESSAGE DelegatingStreamConnectionProvider classloader = org.eclipse.osgi.internal.loader.EquinoxClassLoader@580cb668[org.springframework.tooling.boot.ls:1.28.0.202109130547(id=1001)]

!ENTRY org.springframework.tooling.ls.eclipse.commons 1 0 2025-06-20 15:22:00.214
!MESSAGE SpringBootLanguageServer exists!

!ENTRY org.springframework.tooling.ls.eclipse.commons 1 0 2025-06-20 15:22:01.255
!MESSAGE Boot LS startup time from start to initialized: 1040ms

!ENTRY org.eclipse.jface.text 4 0 2025-06-20 15:22:01.287
!MESSAGE org.eclipse.lsp4j.jsonrpc.JsonRpcException: java.io.IOException: 파이프가 닫히는 중입니다
!STACK 0
java.util.concurrent.CompletionException: org.eclipse.lsp4j.jsonrpc.JsonRpcException: java.io.IOException: 파이프가 닫히는 중입니다
	at java.base/java.util.concurrent.CompletableFuture.encodeThrowable(CompletableFuture.java:331)
	at java.base/java.util.concurrent.CompletableFuture.uniAcceptNow(CompletableFuture.java:743)
	at java.base/java.util.concurrent.CompletableFuture.uniAcceptStage(CompletableFuture.java:731)
	at java.base/java.util.concurrent.CompletableFuture.thenAcceptAsync(CompletableFuture.java:2118)
	at org.eclipse.lsp4e.operations.codelens.CodeLensProvider.lambda$2(CodeLensProvider.java:44)
	at java.base/java.util.stream.ReferencePipeline$3$1.accept(ReferencePipeline.java:195)
	at java.base/java.util.ArrayList$ArrayListSpliterator.forEachRemaining(ArrayList.java:1655)
	at java.base/java.util.stream.AbstractPipeline.copyInto(AbstractPipeline.java:484)
	at java.base/java.util.stream.AbstractPipeline.wrapAndCopyInto(AbstractPipeline.java:474)
	at java.base/java.util.stream.AbstractPipeline.evaluate(AbstractPipeline.java:550)
	at java.base/java.util.stream.AbstractPipeline.evaluateToArrayNode(AbstractPipeline.java:260)
	at java.base/java.util.stream.ReferencePipeline.toArray(ReferencePipeline.java:517)
	at org.eclipse.lsp4e.operations.codelens.CodeLensProvider.lambda$1(CodeLensProvider.java:52)
	at java.base/java.util.concurrent.CompletableFuture$UniCompose.tryFire(CompletableFuture.java:1072)
	at java.base/java.util.concurrent.CompletableFuture$Completion.exec(CompletableFuture.java:479)
	at java.base/java.util.concurrent.ForkJoinTask.doExec(ForkJoinTask.java:290)
	at java.base/java.util.concurrent.ForkJoinPool$WorkQueue.topLevelExec(ForkJoinPool.java:1020)
	at java.base/java.util.concurrent.ForkJoinPool.scan(ForkJoinPool.java:1656)
	at java.base/java.util.concurrent.ForkJoinPool.runWorker(ForkJoinPool.java:1594)
	at java.base/java.util.concurrent.ForkJoinWorkerThread.run(ForkJoinWorkerThread.java:183)
Caused by: org.eclipse.lsp4j.jsonrpc.JsonRpcException: java.io.IOException: 파이프가 닫히는 중입니다
	at org.eclipse.lsp4j.jsonrpc.json.StreamMessageConsumer.consume(StreamMessageConsumer.java:72)
	at org.eclipse.lsp4e.LanguageServerWrapper.lambda$4(LanguageServerWrapper.java:260)
	at org.eclipse.lsp4j.jsonrpc.RemoteEndpoint.request(RemoteEndpoint.java:161)
	at org.eclipse.lsp4j.jsonrpc.services.EndpointProxy.invoke(EndpointProxy.java:91)
	at com.sun.proxy.$Proxy66.codeLens(Unknown Source)
	at org.eclipse.lsp4e.operations.codelens.CodeLensProvider.lambda$2(CodeLensProvider.java:43)
	... 15 more
Caused by: java.io.IOException: 파이프가 닫히는 중입니다
	at java.base/java.io.FileOutputStream.writeBytes(Native Method)
	at java.base/java.io.FileOutputStream.write(FileOutputStream.java:354)
	at java.base/java.io.BufferedOutputStream.flushBuffer(BufferedOutputStream.java:81)
	at java.base/java.io.BufferedOutputStream.flush(BufferedOutputStream.java:142)
	at org.eclipse.lsp4j.jsonrpc.json.StreamMessageConsumer.consume(StreamMessageConsumer.java:69)
	... 20 more

!ENTRY org.eclipse.jface.text 4 0 2025-06-20 15:22:01.290
!MESSAGE org.eclipse.lsp4j.jsonrpc.JsonRpcException: java.io.IOException: 파이프가 닫히는 중입니다
!STACK 0
java.util.concurrent.CompletionException: org.eclipse.lsp4j.jsonrpc.JsonRpcException: java.io.IOException: 파이프가 닫히는 중입니다
	at java.base/java.util.concurrent.CompletableFuture.encodeThrowable(CompletableFuture.java:331)
	at java.base/java.util.concurrent.CompletableFuture.uniAcceptNow(CompletableFuture.java:743)
	at java.base/java.util.concurrent.CompletableFuture.uniAcceptStage(CompletableFuture.java:731)
	at java.base/java.util.concurrent.CompletableFuture.thenAcceptAsync(CompletableFuture.java:2118)
	at org.eclipse.lsp4e.operations.codelens.CodeLensProvider.lambda$2(CodeLensProvider.java:44)
	at java.base/java.util.stream.ReferencePipeline$3$1.accept(ReferencePipeline.java:195)
	at java.base/java.util.ArrayList$ArrayListSpliterator.forEachRemaining(ArrayList.java:1655)
	at java.base/java.util.stream.AbstractPipeline.copyInto(AbstractPipeline.java:484)
	at java.base/java.util.stream.AbstractPipeline.wrapAndCopyInto(AbstractPipeline.java:474)
	at java.base/java.util.stream.AbstractPipeline.evaluate(AbstractPipeline.java:550)
	at java.base/java.util.stream.AbstractPipeline.evaluateToArrayNode(AbstractPipeline.java:260)
	at java.base/java.util.stream.ReferencePipeline.toArray(ReferencePipeline.java:517)
	at org.eclipse.lsp4e.operations.codelens.CodeLensProvider.lambda$1(CodeLensProvider.java:52)
	at java.base/java.util.concurrent.CompletableFuture$UniCompose.tryFire(CompletableFuture.java:1072)
	at java.base/java.util.concurrent.CompletableFuture$Completion.exec(CompletableFuture.java:479)
	at java.base/java.util.concurrent.ForkJoinTask.doExec(ForkJoinTask.java:290)
	at java.base/java.util.concurrent.ForkJoinPool$WorkQueue.topLevelExec(ForkJoinPool.java:1020)
	at java.base/java.util.concurrent.ForkJoinPool.scan(ForkJoinPool.java:1656)
	at java.base/java.util.concurrent.ForkJoinPool.runWorker(ForkJoinPool.java:1594)
	at java.base/java.util.concurrent.ForkJoinWorkerThread.run(ForkJoinWorkerThread.java:183)
Caused by: org.eclipse.lsp4j.jsonrpc.JsonRpcException: java.io.IOException: 파이프가 닫히는 중입니다
	at org.eclipse.lsp4j.jsonrpc.json.StreamMessageConsumer.consume(StreamMessageConsumer.java:72)
	at org.eclipse.lsp4e.LanguageServerWrapper.lambda$4(LanguageServerWrapper.java:260)
	at org.eclipse.lsp4j.jsonrpc.RemoteEndpoint.request(RemoteEndpoint.java:161)
	at org.eclipse.lsp4j.jsonrpc.services.EndpointProxy.invoke(EndpointProxy.java:91)
	at com.sun.proxy.$Proxy66.codeLens(Unknown Source)
	at org.eclipse.lsp4e.operations.codelens.CodeLensProvider.lambda$2(CodeLensProvider.java:43)
	... 15 more
Caused by: java.io.IOException: 파이프가 닫히는 중입니다
	at java.base/java.io.FileOutputStream.writeBytes(Native Method)
	at java.base/java.io.FileOutputStream.write(FileOutputStream.java:354)
	at java.base/java.io.BufferedOutputStream.flushBuffer(BufferedOutputStream.java:81)
	at java.base/java.io.BufferedOutputStream.flush(BufferedOutputStream.java:142)
	at org.eclipse.lsp4j.jsonrpc.json.StreamMessageConsumer.consume(StreamMessageConsumer.java:69)
	... 20 more

!ENTRY org.eclipse.jface.text 4 0 2025-06-20 15:22:01.290
!MESSAGE org.eclipse.lsp4j.jsonrpc.JsonRpcException: java.io.IOException: 파이프가 닫히는 중입니다
!STACK 0
java.util.concurrent.CompletionException: org.eclipse.lsp4j.jsonrpc.JsonRpcException: java.io.IOException: 파이프가 닫히는 중입니다
	at java.base/java.util.concurrent.CompletableFuture.encodeThrowable(CompletableFuture.java:331)
	at java.base/java.util.concurrent.CompletableFuture.uniAcceptNow(CompletableFuture.java:743)
	at java.base/java.util.concurrent.CompletableFuture.uniAcceptStage(CompletableFuture.java:731)
	at java.base/java.util.concurrent.CompletableFuture.thenAcceptAsync(CompletableFuture.java:2118)
	at org.eclipse.lsp4e.operations.codelens.CodeLensProvider.lambda$2(CodeLensProvider.java:44)
	at java.base/java.util.stream.ReferencePipeline$3$1.accept(ReferencePipeline.java:195)
	at java.base/java.util.ArrayList$ArrayListSpliterator.forEachRemaining(ArrayList.java:1655)
	at java.base/java.util.stream.AbstractPipeline.copyInto(AbstractPipeline.java:484)
	at java.base/java.util.stream.AbstractPipeline.wrapAndCopyInto(AbstractPipeline.java:474)
	at java.base/java.util.stream.AbstractPipeline.evaluate(AbstractPipeline.java:550)
	at java.base/java.util.stream.AbstractPipeline.evaluateToArrayNode(AbstractPipeline.java:260)
	at java.base/java.util.stream.ReferencePipeline.toArray(ReferencePipeline.java:517)
	at org.eclipse.lsp4e.operations.codelens.CodeLensProvider.lambda$1(CodeLensProvider.java:52)
	at java.base/java.util.concurrent.CompletableFuture$UniCompose.tryFire(CompletableFuture.java:1072)
	at java.base/java.util.concurrent.CompletableFuture$Completion.exec(CompletableFuture.java:479)
	at java.base/java.util.concurrent.ForkJoinTask.doExec(ForkJoinTask.java:290)
	at java.base/java.util.concurrent.ForkJoinPool$WorkQueue.topLevelExec(ForkJoinPool.java:1020)
	at java.base/java.util.concurrent.ForkJoinPool.scan(ForkJoinPool.java:1656)
	at java.base/java.util.concurrent.ForkJoinPool.runWorker(ForkJoinPool.java:1594)
	at java.base/java.util.concurrent.ForkJoinWorkerThread.run(ForkJoinWorkerThread.java:183)
Caused by: org.eclipse.lsp4j.jsonrpc.JsonRpcException: java.io.IOException: 파이프가 닫히는 중입니다
	at org.eclipse.lsp4j.jsonrpc.json.StreamMessageConsumer.consume(StreamMessageConsumer.java:72)
	at org.eclipse.lsp4e.LanguageServerWrapper.lambda$4(LanguageServerWrapper.java:260)
	at org.eclipse.lsp4j.jsonrpc.RemoteEndpoint.request(RemoteEndpoint.java:161)
	at org.eclipse.lsp4j.jsonrpc.services.EndpointProxy.invoke(EndpointProxy.java:91)
	at com.sun.proxy.$Proxy66.codeLens(Unknown Source)
	at org.eclipse.lsp4e.operations.codelens.CodeLensProvider.lambda$2(CodeLensProvider.java:43)
	... 15 more
Caused by: java.io.IOException: 파이프가 닫히는 중입니다
	at java.base/java.io.FileOutputStream.writeBytes(Native Method)
	at java.base/java.io.FileOutputStream.write(FileOutputStream.java:354)
	at java.base/java.io.BufferedOutputStream.flushBuffer(BufferedOutputStream.java:81)
	at java.base/java.io.BufferedOutputStream.flush(BufferedOutputStream.java:142)
	at org.eclipse.lsp4j.jsonrpc.json.StreamMessageConsumer.consume(StreamMessageConsumer.java:69)
	... 20 more

!ENTRY org.eclipse.jface.text 4 0 2025-06-20 15:22:01.290
!MESSAGE org.eclipse.lsp4j.jsonrpc.JsonRpcException: java.io.IOException: 파이프가 닫히는 중입니다
!STACK 0
java.util.concurrent.CompletionException: org.eclipse.lsp4j.jsonrpc.JsonRpcException: java.io.IOException: 파이프가 닫히는 중입니다
	at java.base/java.util.concurrent.CompletableFuture.encodeThrowable(CompletableFuture.java:331)
	at java.base/java.util.concurrent.CompletableFuture.uniAcceptNow(CompletableFuture.java:743)
	at java.base/java.util.concurrent.CompletableFuture.uniAcceptStage(CompletableFuture.java:731)
	at java.base/java.util.concurrent.CompletableFuture.thenAcceptAsync(CompletableFuture.java:2118)
	at org.eclipse.lsp4e.operations.codelens.CodeLensProvider.lambda$2(CodeLensProvider.java:44)
	at java.base/java.util.stream.ReferencePipeline$3$1.accept(ReferencePipeline.java:195)
	at java.base/java.util.ArrayList$ArrayListSpliterator.forEachRemaining(ArrayList.java:1655)
	at java.base/java.util.stream.AbstractPipeline.copyInto(AbstractPipeline.java:484)
	at java.base/java.util.stream.AbstractPipeline.wrapAndCopyInto(AbstractPipeline.java:474)
	at java.base/java.util.stream.AbstractPipeline.evaluate(AbstractPipeline.java:550)
	at java.base/java.util.stream.AbstractPipeline.evaluateToArrayNode(AbstractPipeline.java:260)
	at java.base/java.util.stream.ReferencePipeline.toArray(ReferencePipeline.java:517)
	at org.eclipse.lsp4e.operations.codelens.CodeLensProvider.lambda$1(CodeLensProvider.java:52)
	at java.base/java.util.concurrent.CompletableFuture$UniCompose.tryFire(CompletableFuture.java:1072)
	at java.base/java.util.concurrent.CompletableFuture$Completion.exec(CompletableFuture.java:479)
	at java.base/java.util.concurrent.ForkJoinTask.doExec(ForkJoinTask.java:290)
	at java.base/java.util.concurrent.ForkJoinPool$WorkQueue.topLevelExec(ForkJoinPool.java:1020)
	at java.base/java.util.concurrent.ForkJoinPool.scan(ForkJoinPool.java:1656)
	at java.base/java.util.concurrent.ForkJoinPool.runWorker(ForkJoinPool.java:1594)
	at java.base/java.util.concurrent.ForkJoinWorkerThread.run(ForkJoinWorkerThread.java:183)
Caused by: org.eclipse.lsp4j.jsonrpc.JsonRpcException: java.io.IOException: 파이프가 닫히는 중입니다
	at org.eclipse.lsp4j.jsonrpc.json.StreamMessageConsumer.consume(StreamMessageConsumer.java:72)
	at org.eclipse.lsp4e.LanguageServerWrapper.lambda$4(LanguageServerWrapper.java:260)
	at org.eclipse.lsp4j.jsonrpc.RemoteEndpoint.request(RemoteEndpoint.java:161)
	at org.eclipse.lsp4j.jsonrpc.services.EndpointProxy.invoke(EndpointProxy.java:91)
	at com.sun.proxy.$Proxy66.codeLens(Unknown Source)
	at org.eclipse.lsp4e.operations.codelens.CodeLensProvider.lambda$2(CodeLensProvider.java:43)
	... 15 more
Caused by: java.io.IOException: 파이프가 닫히는 중입니다
	at java.base/java.io.FileOutputStream.writeBytes(Native Method)
	at java.base/java.io.FileOutputStream.write(FileOutputStream.java:354)
	at java.base/java.io.BufferedOutputStream.flushBuffer(BufferedOutputStream.java:81)
	at java.base/java.io.BufferedOutputStream.flush(BufferedOutputStream.java:142)
	at org.eclipse.lsp4j.jsonrpc.json.StreamMessageConsumer.consume(StreamMessageConsumer.java:69)
	... 20 more

!ENTRY org.springframework.tooling.ls.eclipse.commons 1 0 2025-06-20 15:22:01.318
!MESSAGE ClasspathListenerHandler addClasspathListener sts4.classpath.OGZTezjeisBatched = true

!ENTRY org.springframework.tooling.ls.eclipse.commons 1 0 2025-06-20 15:22:01.318
!MESSAGE Setting up ClasspathListenerManager

!ENTRY org.springframework.tooling.ls.eclipse.commons 1 0 2025-06-20 15:22:01.318
!MESSAGE Scheduling initial event for all projects ...

!ENTRY org.springframework.tooling.ls.eclipse.commons 1 0 2025-06-20 15:22:01.319
!MESSAGE Scheduling initial event for all projects DONE

!ENTRY org.springframework.tooling.ls.eclipse.commons 1 0 2025-06-20 15:22:01.319
!MESSAGE ClasspathListenerHandler addClasspathListener sts4.classpath.OGZTezje => OK

!ENTRY org.springframework.tooling.ls.eclipse.commons 1 0 2025-06-20 15:22:01.319
!MESSAGE exists = true open = true => deleted = false

!ENTRY org.springframework.tooling.ls.eclipse.commons 1 0 2025-06-20 15:22:01.321
!MESSAGE classpath=57 entries

!ENTRY org.springframework.tooling.ls.eclipse.commons 1 0 2025-06-20 15:22:01.322
!MESSAGE buffering callback sts4.classpath.OGZTezje ServiceExam false 57

!ENTRY org.springframework.tooling.ls.eclipse.commons 1 0 2025-06-20 15:22:01.322
!MESSAGE executing callback sts4.classpath.OGZTezje 1 batched events

!ENTRY org.springframework.tooling.ls.eclipse.commons 1 0 2025-06-20 15:22:01.519
!MESSAGE executing callback sts4.classpath.OGZTezje SUCCESS [done]

!ENTRY org.eclipse.lsp4e 4 0 2025-06-20 15:22:01.520
!MESSAGE org.eclipse.lsp4j.jsonrpc.JsonRpcException: java.io.IOException: 파이프가 닫히는 중입니다
!STACK 0
java.util.concurrent.ExecutionException: org.eclipse.lsp4j.jsonrpc.JsonRpcException: java.io.IOException: 파이프가 닫히는 중입니다
	at java.base/java.util.concurrent.CompletableFuture.reportGet(CompletableFuture.java:395)
	at java.base/java.util.concurrent.CompletableFuture.get(CompletableFuture.java:2028)
	at org.eclipse.lsp4e.LanguageServerWrapper.lambda$13(LanguageServerWrapper.java:425)
	at java.base/java.util.concurrent.CompletableFuture$AsyncRun.run(CompletableFuture.java:1736)
	at java.base/java.util.concurrent.CompletableFuture$AsyncRun.exec(CompletableFuture.java:1728)
	at java.base/java.util.concurrent.ForkJoinTask.doExec(ForkJoinTask.java:290)
	at java.base/java.util.concurrent.ForkJoinPool$WorkQueue.topLevelExec(ForkJoinPool.java:1020)
	at java.base/java.util.concurrent.ForkJoinPool.scan(ForkJoinPool.java:1656)
	at java.base/java.util.concurrent.ForkJoinPool.runWorker(ForkJoinPool.java:1594)
	at java.base/java.util.concurrent.ForkJoinWorkerThread.run(ForkJoinWorkerThread.java:183)
Caused by: org.eclipse.lsp4j.jsonrpc.JsonRpcException: java.io.IOException: 파이프가 닫히는 중입니다
	at org.eclipse.lsp4j.jsonrpc.json.StreamMessageConsumer.consume(StreamMessageConsumer.java:72)
	at org.eclipse.lsp4e.LanguageServerWrapper.lambda$4(LanguageServerWrapper.java:260)
	at org.eclipse.lsp4j.jsonrpc.RemoteEndpoint.request(RemoteEndpoint.java:161)
	at org.eclipse.lsp4j.jsonrpc.services.EndpointProxy.invoke(EndpointProxy.java:91)
	at com.sun.proxy.$Proxy68.shutdown(Unknown Source)
	at org.eclipse.lsp4e.LanguageServerWrapper.lambda$13(LanguageServerWrapper.java:423)
	... 7 more
Caused by: java.io.IOException: 파이프가 닫히는 중입니다
	at java.base/java.io.FileOutputStream.writeBytes(Native Method)
	at java.base/java.io.FileOutputStream.write(FileOutputStream.java:354)
	at java.base/java.io.BufferedOutputStream.flushBuffer(BufferedOutputStream.java:81)
	at java.base/java.io.BufferedOutputStream.flush(BufferedOutputStream.java:142)
	at org.eclipse.lsp4j.jsonrpc.json.StreamMessageConsumer.consume(StreamMessageConsumer.java:69)
	... 12 more

!ENTRY org.eclipse.lsp4e 4 0 2025-06-20 15:22:01.520
!MESSAGE org.eclipse.lsp4j.jsonrpc.JsonRpcException: java.io.IOException: 파이프가 닫히는 중입니다
!STACK 0
java.util.concurrent.ExecutionException: org.eclipse.lsp4j.jsonrpc.JsonRpcException: java.io.IOException: 파이프가 닫히는 중입니다
	at java.base/java.util.concurrent.CompletableFuture.reportGet(CompletableFuture.java:395)
	at java.base/java.util.concurrent.CompletableFuture.get(CompletableFuture.java:2028)
	at org.eclipse.lsp4e.LanguageServerWrapper.lambda$13(LanguageServerWrapper.java:425)
	at java.base/java.util.concurrent.CompletableFuture$AsyncRun.run(CompletableFuture.java:1736)
	at java.base/java.util.concurrent.CompletableFuture$AsyncRun.exec(CompletableFuture.java:1728)
	at java.base/java.util.concurrent.ForkJoinTask.doExec(ForkJoinTask.java:290)
	at java.base/java.util.concurrent.ForkJoinPool$WorkQueue.topLevelExec(ForkJoinPool.java:1020)
	at java.base/java.util.concurrent.ForkJoinPool.scan(ForkJoinPool.java:1656)
	at java.base/java.util.concurrent.ForkJoinPool.runWorker(ForkJoinPool.java:1594)
	at java.base/java.util.concurrent.ForkJoinWorkerThread.run(ForkJoinWorkerThread.java:183)
Caused by: org.eclipse.lsp4j.jsonrpc.JsonRpcException: java.io.IOException: 파이프가 닫히는 중입니다
	at org.eclipse.lsp4j.jsonrpc.json.StreamMessageConsumer.consume(StreamMessageConsumer.java:72)
	at org.eclipse.lsp4e.LanguageServerWrapper.lambda$4(LanguageServerWrapper.java:260)
	at org.eclipse.lsp4j.jsonrpc.RemoteEndpoint.request(RemoteEndpoint.java:161)
	at org.eclipse.lsp4j.jsonrpc.services.EndpointProxy.invoke(EndpointProxy.java:91)
	at com.sun.proxy.$Proxy68.shutdown(Unknown Source)
	at org.eclipse.lsp4e.LanguageServerWrapper.lambda$13(LanguageServerWrapper.java:423)
	... 7 more
Caused by: java.io.IOException: 파이프가 닫히는 중입니다
	at java.base/java.io.FileOutputStream.writeBytes(Native Method)
	at java.base/java.io.FileOutputStream.write(FileOutputStream.java:354)
	at java.base/java.io.BufferedOutputStream.flushBuffer(BufferedOutputStream.java:81)
	at java.base/java.io.BufferedOutputStream.flush(BufferedOutputStream.java:142)
	at org.eclipse.lsp4j.jsonrpc.json.StreamMessageConsumer.consume(StreamMessageConsumer.java:69)
	... 12 more

!ENTRY org.springframework.tooling.ls.eclipse.commons 1 0 2025-06-20 15:22:01.520
!MESSAGE Entering DelegatingStreamConnectionProvider()

!ENTRY org.springframework.tooling.ls.eclipse.commons 1 0 2025-06-20 15:22:01.522
!MESSAGE DelegatingStreamConnectionProvider classloader = org.eclipse.osgi.internal.loader.EquinoxClassLoader@580cb668[org.springframework.tooling.boot.ls:1.28.0.202109130547(id=1001)]

!ENTRY org.springframework.tooling.ls.eclipse.commons 1 0 2025-06-20 15:22:01.522
!MESSAGE SpringBootLanguageServer exists!

!ENTRY org.springframework.tooling.ls.eclipse.commons 1 0 2025-06-20 15:22:02.548
!MESSAGE Boot LS startup time from start to initialized: 1026ms

!ENTRY org.eclipse.jface.text 4 0 2025-06-20 15:22:02.577
!MESSAGE org.eclipse.lsp4j.jsonrpc.JsonRpcException: java.io.IOException: 파이프가 닫히는 중입니다
!STACK 0
java.util.concurrent.CompletionException: org.eclipse.lsp4j.jsonrpc.JsonRpcException: java.io.IOException: 파이프가 닫히는 중입니다
	at java.base/java.util.concurrent.CompletableFuture.encodeThrowable(CompletableFuture.java:331)
	at java.base/java.util.concurrent.CompletableFuture.uniAcceptNow(CompletableFuture.java:743)
	at java.base/java.util.concurrent.CompletableFuture.uniAcceptStage(CompletableFuture.java:731)
	at java.base/java.util.concurrent.CompletableFuture.thenAcceptAsync(CompletableFuture.java:2118)
	at org.eclipse.lsp4e.operations.codelens.CodeLensProvider.lambda$2(CodeLensProvider.java:44)
	at java.base/java.util.stream.ReferencePipeline$3$1.accept(ReferencePipeline.java:195)
	at java.base/java.util.ArrayList$ArrayListSpliterator.forEachRemaining(ArrayList.java:1655)
	at java.base/java.util.stream.AbstractPipeline.copyInto(AbstractPipeline.java:484)
	at java.base/java.util.stream.AbstractPipeline.wrapAndCopyInto(AbstractPipeline.java:474)
	at java.base/java.util.stream.AbstractPipeline.evaluate(AbstractPipeline.java:550)
	at java.base/java.util.stream.AbstractPipeline.evaluateToArrayNode(AbstractPipeline.java:260)
	at java.base/java.util.stream.ReferencePipeline.toArray(ReferencePipeline.java:517)
	at org.eclipse.lsp4e.operations.codelens.CodeLensProvider.lambda$1(CodeLensProvider.java:52)
	at java.base/java.util.concurrent.CompletableFuture$UniCompose.tryFire(CompletableFuture.java:1072)
	at java.base/java.util.concurrent.CompletableFuture$Completion.exec(CompletableFuture.java:479)
	at java.base/java.util.concurrent.ForkJoinTask.doExec(ForkJoinTask.java:290)
	at java.base/java.util.concurrent.ForkJoinPool$WorkQueue.topLevelExec(ForkJoinPool.java:1020)
	at java.base/java.util.concurrent.ForkJoinPool.scan(ForkJoinPool.java:1656)
	at java.base/java.util.concurrent.ForkJoinPool.runWorker(ForkJoinPool.java:1594)
	at java.base/java.util.concurrent.ForkJoinWorkerThread.run(ForkJoinWorkerThread.java:183)
Caused by: org.eclipse.lsp4j.jsonrpc.JsonRpcException: java.io.IOException: 파이프가 닫히는 중입니다
	at org.eclipse.lsp4j.jsonrpc.json.StreamMessageConsumer.consume(StreamMessageConsumer.java:72)
	at org.eclipse.lsp4e.LanguageServerWrapper.lambda$4(LanguageServerWrapper.java:260)
	at org.eclipse.lsp4j.jsonrpc.RemoteEndpoint.request(RemoteEndpoint.java:161)
	at org.eclipse.lsp4j.jsonrpc.services.EndpointProxy.invoke(EndpointProxy.java:91)
	at com.sun.proxy.$Proxy66.codeLens(Unknown Source)
	at org.eclipse.lsp4e.operations.codelens.CodeLensProvider.lambda$2(CodeLensProvider.java:43)
	... 15 more
Caused by: java.io.IOException: 파이프가 닫히는 중입니다
	at java.base/java.io.FileOutputStream.writeBytes(Native Method)
	at java.base/java.io.FileOutputStream.write(FileOutputStream.java:354)
	at java.base/java.io.BufferedOutputStream.flushBuffer(BufferedOutputStream.java:81)
	at java.base/java.io.BufferedOutputStream.flush(BufferedOutputStream.java:142)
	at org.eclipse.lsp4j.jsonrpc.json.StreamMessageConsumer.consume(StreamMessageConsumer.java:69)
	... 20 more

!ENTRY org.eclipse.jface.text 4 0 2025-06-20 15:22:02.578
!MESSAGE org.eclipse.lsp4j.jsonrpc.JsonRpcException: java.io.IOException: 파이프가 닫히는 중입니다
!STACK 0
java.util.concurrent.CompletionException: org.eclipse.lsp4j.jsonrpc.JsonRpcException: java.io.IOException: 파이프가 닫히는 중입니다
	at java.base/java.util.concurrent.CompletableFuture.encodeThrowable(CompletableFuture.java:331)
	at java.base/java.util.concurrent.CompletableFuture.uniAcceptNow(CompletableFuture.java:743)
	at java.base/java.util.concurrent.CompletableFuture.uniAcceptStage(CompletableFuture.java:731)
	at java.base/java.util.concurrent.CompletableFuture.thenAcceptAsync(CompletableFuture.java:2118)
	at org.eclipse.lsp4e.operations.codelens.CodeLensProvider.lambda$2(CodeLensProvider.java:44)
	at java.base/java.util.stream.ReferencePipeline$3$1.accept(ReferencePipeline.java:195)
	at java.base/java.util.ArrayList$ArrayListSpliterator.forEachRemaining(ArrayList.java:1655)
	at java.base/java.util.stream.AbstractPipeline.copyInto(AbstractPipeline.java:484)
	at java.base/java.util.stream.AbstractPipeline.wrapAndCopyInto(AbstractPipeline.java:474)
	at java.base/java.util.stream.AbstractPipeline.evaluate(AbstractPipeline.java:550)
	at java.base/java.util.stream.AbstractPipeline.evaluateToArrayNode(AbstractPipeline.java:260)
	at java.base/java.util.stream.ReferencePipeline.toArray(ReferencePipeline.java:517)
	at org.eclipse.lsp4e.operations.codelens.CodeLensProvider.lambda$1(CodeLensProvider.java:52)
	at java.base/java.util.concurrent.CompletableFuture$UniCompose.tryFire(CompletableFuture.java:1072)
	at java.base/java.util.concurrent.CompletableFuture$Completion.exec(CompletableFuture.java:479)
	at java.base/java.util.concurrent.ForkJoinTask.doExec(ForkJoinTask.java:290)
	at java.base/java.util.concurrent.ForkJoinPool$WorkQueue.topLevelExec(ForkJoinPool.java:1020)
	at java.base/java.util.concurrent.ForkJoinPool.scan(ForkJoinPool.java:1656)
	at java.base/java.util.concurrent.ForkJoinPool.runWorker(ForkJoinPool.java:1594)
	at java.base/java.util.concurrent.ForkJoinWorkerThread.run(ForkJoinWorkerThread.java:183)
Caused by: org.eclipse.lsp4j.jsonrpc.JsonRpcException: java.io.IOException: 파이프가 닫히는 중입니다
	at org.eclipse.lsp4j.jsonrpc.json.StreamMessageConsumer.consume(StreamMessageConsumer.java:72)
	at org.eclipse.lsp4e.LanguageServerWrapper.lambda$4(LanguageServerWrapper.java:260)
	at org.eclipse.lsp4j.jsonrpc.RemoteEndpoint.request(RemoteEndpoint.java:161)
	at org.eclipse.lsp4j.jsonrpc.services.EndpointProxy.invoke(EndpointProxy.java:91)
	at com.sun.proxy.$Proxy66.codeLens(Unknown Source)
	at org.eclipse.lsp4e.operations.codelens.CodeLensProvider.lambda$2(CodeLensProvider.java:43)
	... 15 more
Caused by: java.io.IOException: 파이프가 닫히는 중입니다
	at java.base/java.io.FileOutputStream.writeBytes(Native Method)
	at java.base/java.io.FileOutputStream.write(FileOutputStream.java:354)
	at java.base/java.io.BufferedOutputStream.flushBuffer(BufferedOutputStream.java:81)
	at java.base/java.io.BufferedOutputStream.flush(BufferedOutputStream.java:142)
	at org.eclipse.lsp4j.jsonrpc.json.StreamMessageConsumer.consume(StreamMessageConsumer.java:69)
	... 20 more

!ENTRY org.eclipse.jface.text 4 0 2025-06-20 15:22:02.578
!MESSAGE org.eclipse.lsp4j.jsonrpc.JsonRpcException: java.io.IOException: 파이프가 닫히는 중입니다
!STACK 0
java.util.concurrent.CompletionException: org.eclipse.lsp4j.jsonrpc.JsonRpcException: java.io.IOException: 파이프가 닫히는 중입니다
	at java.base/java.util.concurrent.CompletableFuture.encodeThrowable(CompletableFuture.java:331)
	at java.base/java.util.concurrent.CompletableFuture.uniAcceptNow(CompletableFuture.java:743)
	at java.base/java.util.concurrent.CompletableFuture.uniAcceptStage(CompletableFuture.java:731)
	at java.base/java.util.concurrent.CompletableFuture.thenAcceptAsync(CompletableFuture.java:2118)
	at org.eclipse.lsp4e.operations.codelens.CodeLensProvider.lambda$2(CodeLensProvider.java:44)
	at java.base/java.util.stream.ReferencePipeline$3$1.accept(ReferencePipeline.java:195)
	at java.base/java.util.ArrayList$ArrayListSpliterator.forEachRemaining(ArrayList.java:1655)
	at java.base/java.util.stream.AbstractPipeline.copyInto(AbstractPipeline.java:484)
	at java.base/java.util.stream.AbstractPipeline.wrapAndCopyInto(AbstractPipeline.java:474)
	at java.base/java.util.stream.AbstractPipeline.evaluate(AbstractPipeline.java:550)
	at java.base/java.util.stream.AbstractPipeline.evaluateToArrayNode(AbstractPipeline.java:260)
	at java.base/java.util.stream.ReferencePipeline.toArray(ReferencePipeline.java:517)
	at org.eclipse.lsp4e.operations.codelens.CodeLensProvider.lambda$1(CodeLensProvider.java:52)
	at java.base/java.util.concurrent.CompletableFuture$UniCompose.tryFire(CompletableFuture.java:1072)
	at java.base/java.util.concurrent.CompletableFuture$Completion.exec(CompletableFuture.java:479)
	at java.base/java.util.concurrent.ForkJoinTask.doExec(ForkJoinTask.java:290)
	at java.base/java.util.concurrent.ForkJoinPool$WorkQueue.topLevelExec(ForkJoinPool.java:1020)
	at java.base/java.util.concurrent.ForkJoinPool.scan(ForkJoinPool.java:1656)
	at java.base/java.util.concurrent.ForkJoinPool.runWorker(ForkJoinPool.java:1594)
	at java.base/java.util.concurrent.ForkJoinWorkerThread.run(ForkJoinWorkerThread.java:183)
Caused by: org.eclipse.lsp4j.jsonrpc.JsonRpcException: java.io.IOException: 파이프가 닫히는 중입니다
	at org.eclipse.lsp4j.jsonrpc.json.StreamMessageConsumer.consume(StreamMessageConsumer.java:72)
	at org.eclipse.lsp4e.LanguageServerWrapper.lambda$4(LanguageServerWrapper.java:260)
	at org.eclipse.lsp4j.jsonrpc.RemoteEndpoint.request(RemoteEndpoint.java:161)
	at org.eclipse.lsp4j.jsonrpc.services.EndpointProxy.invoke(EndpointProxy.java:91)
	at com.sun.proxy.$Proxy66.codeLens(Unknown Source)
	at org.eclipse.lsp4e.operations.codelens.CodeLensProvider.lambda$2(CodeLensProvider.java:43)
	... 15 more
Caused by: java.io.IOException: 파이프가 닫히는 중입니다
	at java.base/java.io.FileOutputStream.writeBytes(Native Method)
	at java.base/java.io.FileOutputStream.write(FileOutputStream.java:354)
	at java.base/java.io.BufferedOutputStream.flushBuffer(BufferedOutputStream.java:81)
	at java.base/java.io.BufferedOutputStream.flush(BufferedOutputStream.java:142)
	at org.eclipse.lsp4j.jsonrpc.json.StreamMessageConsumer.consume(StreamMessageConsumer.java:69)
	... 20 more

!ENTRY org.eclipse.jface.text 4 0 2025-06-20 15:22:02.579
!MESSAGE org.eclipse.lsp4j.jsonrpc.JsonRpcException: java.io.IOException: 파이프가 닫히는 중입니다
!STACK 0
java.util.concurrent.CompletionException: org.eclipse.lsp4j.jsonrpc.JsonRpcException: java.io.IOException: 파이프가 닫히는 중입니다
	at java.base/java.util.concurrent.CompletableFuture.encodeThrowable(CompletableFuture.java:331)
	at java.base/java.util.concurrent.CompletableFuture.uniAcceptNow(CompletableFuture.java:743)
	at java.base/java.util.concurrent.CompletableFuture.uniAcceptStage(CompletableFuture.java:731)
	at java.base/java.util.concurrent.CompletableFuture.thenAcceptAsync(CompletableFuture.java:2118)
	at org.eclipse.lsp4e.operations.codelens.CodeLensProvider.lambda$2(CodeLensProvider.java:44)
	at java.base/java.util.stream.ReferencePipeline$3$1.accept(ReferencePipeline.java:195)
	at java.base/java.util.ArrayList$ArrayListSpliterator.forEachRemaining(ArrayList.java:1655)
	at java.base/java.util.stream.AbstractPipeline.copyInto(AbstractPipeline.java:484)
	at java.base/java.util.stream.AbstractPipeline.wrapAndCopyInto(AbstractPipeline.java:474)
	at java.base/java.util.stream.AbstractPipeline.evaluate(AbstractPipeline.java:550)
	at java.base/java.util.stream.AbstractPipeline.evaluateToArrayNode(AbstractPipeline.java:260)
	at java.base/java.util.stream.ReferencePipeline.toArray(ReferencePipeline.java:517)
	at org.eclipse.lsp4e.operations.codelens.CodeLensProvider.lambda$1(CodeLensProvider.java:52)
	at java.base/java.util.concurrent.CompletableFuture$UniCompose.tryFire(CompletableFuture.java:1072)
	at java.base/java.util.concurrent.CompletableFuture$Completion.exec(CompletableFuture.java:479)
	at java.base/java.util.concurrent.ForkJoinTask.doExec(ForkJoinTask.java:290)
	at java.base/java.util.concurrent.ForkJoinPool$WorkQueue.topLevelExec(ForkJoinPool.java:1020)
	at java.base/java.util.concurrent.ForkJoinPool.scan(ForkJoinPool.java:1656)
	at java.base/java.util.concurrent.ForkJoinPool.runWorker(ForkJoinPool.java:1594)
	at java.base/java.util.concurrent.ForkJoinWorkerThread.run(ForkJoinWorkerThread.java:183)
Caused by: org.eclipse.lsp4j.jsonrpc.JsonRpcException: java.io.IOException: 파이프가 닫히는 중입니다
	at org.eclipse.lsp4j.jsonrpc.json.StreamMessageConsumer.consume(StreamMessageConsumer.java:72)
	at org.eclipse.lsp4e.LanguageServerWrapper.lambda$4(LanguageServerWrapper.java:260)
	at org.eclipse.lsp4j.jsonrpc.RemoteEndpoint.request(RemoteEndpoint.java:161)
	at org.eclipse.lsp4j.jsonrpc.services.EndpointProxy.invoke(EndpointProxy.java:91)
	at com.sun.proxy.$Proxy66.codeLens(Unknown Source)
	at org.eclipse.lsp4e.operations.codelens.CodeLensProvider.lambda$2(CodeLensProvider.java:43)
	... 15 more
Caused by: java.io.IOException: 파이프가 닫히는 중입니다
	at java.base/java.io.FileOutputStream.writeBytes(Native Method)
	at java.base/java.io.FileOutputStream.write(FileOutputStream.java:354)
	at java.base/java.io.BufferedOutputStream.flushBuffer(BufferedOutputStream.java:81)
	at java.base/java.io.BufferedOutputStream.flush(BufferedOutputStream.java:142)
	at org.eclipse.lsp4j.jsonrpc.json.StreamMessageConsumer.consume(StreamMessageConsumer.java:69)
	... 20 more

!ENTRY org.springframework.tooling.ls.eclipse.commons 1 0 2025-06-20 15:22:02.605
!MESSAGE ClasspathListenerHandler addClasspathListener sts4.classpath.qkpZNoxBisBatched = true

!ENTRY org.springframework.tooling.ls.eclipse.commons 1 0 2025-06-20 15:22:02.605
!MESSAGE Setting up ClasspathListenerManager

!ENTRY org.springframework.tooling.ls.eclipse.commons 1 0 2025-06-20 15:22:02.605
!MESSAGE Scheduling initial event for all projects ...

!ENTRY org.springframework.tooling.ls.eclipse.commons 1 0 2025-06-20 15:22:02.606
!MESSAGE Scheduling initial event for all projects DONE

!ENTRY org.springframework.tooling.ls.eclipse.commons 1 0 2025-06-20 15:22:02.606
!MESSAGE exists = true open = true => deleted = false

!ENTRY org.springframework.tooling.ls.eclipse.commons 1 0 2025-06-20 15:22:02.606
!MESSAGE ClasspathListenerHandler addClasspathListener sts4.classpath.qkpZNoxB => OK

!ENTRY org.springframework.tooling.ls.eclipse.commons 1 0 2025-06-20 15:22:02.608
!MESSAGE classpath=57 entries

!ENTRY org.springframework.tooling.ls.eclipse.commons 1 0 2025-06-20 15:22:02.609
!MESSAGE buffering callback sts4.classpath.qkpZNoxB ServiceExam false 57

!ENTRY org.springframework.tooling.ls.eclipse.commons 1 0 2025-06-20 15:22:02.609
!MESSAGE executing callback sts4.classpath.qkpZNoxB 1 batched events

!ENTRY org.springframework.tooling.ls.eclipse.commons 1 0 2025-06-20 15:22:02.813
!MESSAGE executing callback sts4.classpath.qkpZNoxB SUCCESS [done]

!ENTRY org.eclipse.lsp4e 4 0 2025-06-20 15:22:02.814
!MESSAGE org.eclipse.lsp4j.jsonrpc.JsonRpcException: java.io.IOException: 파이프가 닫히는 중입니다
!STACK 0
java.util.concurrent.ExecutionException: org.eclipse.lsp4j.jsonrpc.JsonRpcException: java.io.IOException: 파이프가 닫히는 중입니다
	at java.base/java.util.concurrent.CompletableFuture.reportGet(CompletableFuture.java:395)
	at java.base/java.util.concurrent.CompletableFuture.get(CompletableFuture.java:2028)
	at org.eclipse.lsp4e.LanguageServerWrapper.lambda$13(LanguageServerWrapper.java:425)
	at java.base/java.util.concurrent.CompletableFuture$AsyncRun.run(CompletableFuture.java:1736)
	at java.base/java.util.concurrent.CompletableFuture$AsyncRun.exec(CompletableFuture.java:1728)
	at java.base/java.util.concurrent.ForkJoinTask.doExec(ForkJoinTask.java:290)
	at java.base/java.util.concurrent.ForkJoinPool$WorkQueue.topLevelExec(ForkJoinPool.java:1020)
	at java.base/java.util.concurrent.ForkJoinPool.scan(ForkJoinPool.java:1656)
	at java.base/java.util.concurrent.ForkJoinPool.runWorker(ForkJoinPool.java:1594)
	at java.base/java.util.concurrent.ForkJoinWorkerThread.run(ForkJoinWorkerThread.java:183)
Caused by: org.eclipse.lsp4j.jsonrpc.JsonRpcException: java.io.IOException: 파이프가 닫히는 중입니다
	at org.eclipse.lsp4j.jsonrpc.json.StreamMessageConsumer.consume(StreamMessageConsumer.java:72)
	at org.eclipse.lsp4e.LanguageServerWrapper.lambda$4(LanguageServerWrapper.java:260)
	at org.eclipse.lsp4j.jsonrpc.RemoteEndpoint.request(RemoteEndpoint.java:161)
	at org.eclipse.lsp4j.jsonrpc.services.EndpointProxy.invoke(EndpointProxy.java:91)
	at com.sun.proxy.$Proxy68.shutdown(Unknown Source)
	at org.eclipse.lsp4e.LanguageServerWrapper.lambda$13(LanguageServerWrapper.java:423)
	... 7 more
Caused by: java.io.IOException: 파이프가 닫히는 중입니다
	at java.base/java.io.FileOutputStream.writeBytes(Native Method)
	at java.base/java.io.FileOutputStream.write(FileOutputStream.java:354)
	at java.base/java.io.BufferedOutputStream.flushBuffer(BufferedOutputStream.java:81)
	at java.base/java.io.BufferedOutputStream.flush(BufferedOutputStream.java:142)
	at org.eclipse.lsp4j.jsonrpc.json.StreamMessageConsumer.consume(StreamMessageConsumer.java:69)
	... 12 more

!ENTRY org.eclipse.lsp4e 4 0 2025-06-20 15:22:02.815
!MESSAGE org.eclipse.lsp4j.jsonrpc.JsonRpcException: java.io.IOException: 파이프가 닫히는 중입니다
!STACK 0
java.util.concurrent.ExecutionException: org.eclipse.lsp4j.jsonrpc.JsonRpcException: java.io.IOException: 파이프가 닫히는 중입니다
	at java.base/java.util.concurrent.CompletableFuture.reportGet(CompletableFuture.java:395)
	at java.base/java.util.concurrent.CompletableFuture.get(CompletableFuture.java:2028)
	at org.eclipse.lsp4e.LanguageServerWrapper.lambda$13(LanguageServerWrapper.java:425)
	at java.base/java.util.concurrent.CompletableFuture$AsyncRun.run(CompletableFuture.java:1736)
	at java.base/java.util.concurrent.CompletableFuture$AsyncRun.exec(CompletableFuture.java:1728)
	at java.base/java.util.concurrent.ForkJoinTask.doExec(ForkJoinTask.java:290)
	at java.base/java.util.concurrent.ForkJoinPool$WorkQueue.topLevelExec(ForkJoinPool.java:1020)
	at java.base/java.util.concurrent.ForkJoinPool.scan(ForkJoinPool.java:1656)
	at java.base/java.util.concurrent.ForkJoinPool.runWorker(ForkJoinPool.java:1594)
	at java.base/java.util.concurrent.ForkJoinWorkerThread.run(ForkJoinWorkerThread.java:183)
Caused by: org.eclipse.lsp4j.jsonrpc.JsonRpcException: java.io.IOException: 파이프가 닫히는 중입니다
	at org.eclipse.lsp4j.jsonrpc.json.StreamMessageConsumer.consume(StreamMessageConsumer.java:72)
	at org.eclipse.lsp4e.LanguageServerWrapper.lambda$4(LanguageServerWrapper.java:260)
	at org.eclipse.lsp4j.jsonrpc.RemoteEndpoint.request(RemoteEndpoint.java:161)
	at org.eclipse.lsp4j.jsonrpc.services.EndpointProxy.invoke(EndpointProxy.java:91)
	at com.sun.proxy.$Proxy68.shutdown(Unknown Source)
	at org.eclipse.lsp4e.LanguageServerWrapper.lambda$13(LanguageServerWrapper.java:423)
	... 7 more
Caused by: java.io.IOException: 파이프가 닫히는 중입니다
	at java.base/java.io.FileOutputStream.writeBytes(Native Method)
	at java.base/java.io.FileOutputStream.write(FileOutputStream.java:354)
	at java.base/java.io.BufferedOutputStream.flushBuffer(BufferedOutputStream.java:81)
	at java.base/java.io.BufferedOutputStream.flush(BufferedOutputStream.java:142)
	at org.eclipse.lsp4j.jsonrpc.json.StreamMessageConsumer.consume(StreamMessageConsumer.java:69)
	... 12 more

!ENTRY org.springframework.tooling.ls.eclipse.commons 1 0 2025-06-20 15:22:02.815
!MESSAGE Entering DelegatingStreamConnectionProvider()

!ENTRY org.springframework.tooling.ls.eclipse.commons 1 0 2025-06-20 15:22:02.815
!MESSAGE DelegatingStreamConnectionProvider classloader = org.eclipse.osgi.internal.loader.EquinoxClassLoader@580cb668[org.springframework.tooling.boot.ls:1.28.0.202109130547(id=1001)]

!ENTRY org.springframework.tooling.ls.eclipse.commons 1 0 2025-06-20 15:22:02.815
!MESSAGE SpringBootLanguageServer exists!

!ENTRY org.springframework.tooling.ls.eclipse.commons 1 0 2025-06-20 15:22:03.811
!MESSAGE Boot LS startup time from start to initialized: 994ms

!ENTRY org.eclipse.jface.text 4 0 2025-06-20 15:22:03.844
!MESSAGE org.eclipse.lsp4j.jsonrpc.JsonRpcException: java.io.IOException: 파이프가 닫히는 중입니다
!STACK 0
java.util.concurrent.CompletionException: org.eclipse.lsp4j.jsonrpc.JsonRpcException: java.io.IOException: 파이프가 닫히는 중입니다
	at java.base/java.util.concurrent.CompletableFuture.encodeThrowable(CompletableFuture.java:331)
	at java.base/java.util.concurrent.CompletableFuture.uniAcceptNow(CompletableFuture.java:743)
	at java.base/java.util.concurrent.CompletableFuture.uniAcceptStage(CompletableFuture.java:731)
	at java.base/java.util.concurrent.CompletableFuture.thenAcceptAsync(CompletableFuture.java:2118)
	at org.eclipse.lsp4e.operations.codelens.CodeLensProvider.lambda$2(CodeLensProvider.java:44)
	at java.base/java.util.stream.ReferencePipeline$3$1.accept(ReferencePipeline.java:195)
	at java.base/java.util.ArrayList$ArrayListSpliterator.forEachRemaining(ArrayList.java:1655)
	at java.base/java.util.stream.AbstractPipeline.copyInto(AbstractPipeline.java:484)
	at java.base/java.util.stream.AbstractPipeline.wrapAndCopyInto(AbstractPipeline.java:474)
	at java.base/java.util.stream.AbstractPipeline.evaluate(AbstractPipeline.java:550)
	at java.base/java.util.stream.AbstractPipeline.evaluateToArrayNode(AbstractPipeline.java:260)
	at java.base/java.util.stream.ReferencePipeline.toArray(ReferencePipeline.java:517)
	at org.eclipse.lsp4e.operations.codelens.CodeLensProvider.lambda$1(CodeLensProvider.java:52)
	at java.base/java.util.concurrent.CompletableFuture$UniCompose.tryFire(CompletableFuture.java:1072)
	at java.base/java.util.concurrent.CompletableFuture$Completion.exec(CompletableFuture.java:479)
	at java.base/java.util.concurrent.ForkJoinTask.doExec(ForkJoinTask.java:290)
	at java.base/java.util.concurrent.ForkJoinPool$WorkQueue.topLevelExec(ForkJoinPool.java:1020)
	at java.base/java.util.concurrent.ForkJoinPool.scan(ForkJoinPool.java:1656)
	at java.base/java.util.concurrent.ForkJoinPool.runWorker(ForkJoinPool.java:1594)
	at java.base/java.util.concurrent.ForkJoinWorkerThread.run(ForkJoinWorkerThread.java:183)
Caused by: org.eclipse.lsp4j.jsonrpc.JsonRpcException: java.io.IOException: 파이프가 닫히는 중입니다
	at org.eclipse.lsp4j.jsonrpc.json.StreamMessageConsumer.consume(StreamMessageConsumer.java:72)
	at org.eclipse.lsp4e.LanguageServerWrapper.lambda$4(LanguageServerWrapper.java:260)
	at org.eclipse.lsp4j.jsonrpc.RemoteEndpoint.request(RemoteEndpoint.java:161)
	at org.eclipse.lsp4j.jsonrpc.services.EndpointProxy.invoke(EndpointProxy.java:91)
	at com.sun.proxy.$Proxy66.codeLens(Unknown Source)
	at org.eclipse.lsp4e.operations.codelens.CodeLensProvider.lambda$2(CodeLensProvider.java:43)
	... 15 more
Caused by: java.io.IOException: 파이프가 닫히는 중입니다
	at java.base/java.io.FileOutputStream.writeBytes(Native Method)
	at java.base/java.io.FileOutputStream.write(FileOutputStream.java:354)
	at java.base/java.io.BufferedOutputStream.flushBuffer(BufferedOutputStream.java:81)
	at java.base/java.io.BufferedOutputStream.flush(BufferedOutputStream.java:142)
	at org.eclipse.lsp4j.jsonrpc.json.StreamMessageConsumer.consume(StreamMessageConsumer.java:69)
	... 20 more

!ENTRY org.eclipse.jface.text 4 0 2025-06-20 15:22:03.844
!MESSAGE org.eclipse.lsp4j.jsonrpc.JsonRpcException: java.io.IOException: 파이프가 닫히는 중입니다
!STACK 0
java.util.concurrent.CompletionException: org.eclipse.lsp4j.jsonrpc.JsonRpcException: java.io.IOException: 파이프가 닫히는 중입니다
	at java.base/java.util.concurrent.CompletableFuture.encodeThrowable(CompletableFuture.java:331)
	at java.base/java.util.concurrent.CompletableFuture.uniAcceptNow(CompletableFuture.java:743)
	at java.base/java.util.concurrent.CompletableFuture.uniAcceptStage(CompletableFuture.java:731)
	at java.base/java.util.concurrent.CompletableFuture.thenAcceptAsync(CompletableFuture.java:2118)
	at org.eclipse.lsp4e.operations.codelens.CodeLensProvider.lambda$2(CodeLensProvider.java:44)
	at java.base/java.util.stream.ReferencePipeline$3$1.accept(ReferencePipeline.java:195)
	at java.base/java.util.ArrayList$ArrayListSpliterator.forEachRemaining(ArrayList.java:1655)
	at java.base/java.util.stream.AbstractPipeline.copyInto(AbstractPipeline.java:484)
	at java.base/java.util.stream.AbstractPipeline.wrapAndCopyInto(AbstractPipeline.java:474)
	at java.base/java.util.stream.AbstractPipeline.evaluate(AbstractPipeline.java:550)
	at java.base/java.util.stream.AbstractPipeline.evaluateToArrayNode(AbstractPipeline.java:260)
	at java.base/java.util.stream.ReferencePipeline.toArray(ReferencePipeline.java:517)
	at org.eclipse.lsp4e.operations.codelens.CodeLensProvider.lambda$1(CodeLensProvider.java:52)
	at java.base/java.util.concurrent.CompletableFuture$UniCompose.tryFire(CompletableFuture.java:1072)
	at java.base/java.util.concurrent.CompletableFuture$Completion.exec(CompletableFuture.java:479)
	at java.base/java.util.concurrent.ForkJoinTask.doExec(ForkJoinTask.java:290)
	at java.base/java.util.concurrent.ForkJoinPool$WorkQueue.topLevelExec(ForkJoinPool.java:1020)
	at java.base/java.util.concurrent.ForkJoinPool.scan(ForkJoinPool.java:1656)
	at java.base/java.util.concurrent.ForkJoinPool.runWorker(ForkJoinPool.java:1594)
	at java.base/java.util.concurrent.ForkJoinWorkerThread.run(ForkJoinWorkerThread.java:183)
Caused by: org.eclipse.lsp4j.jsonrpc.JsonRpcException: java.io.IOException: 파이프가 닫히는 중입니다
	at org.eclipse.lsp4j.jsonrpc.json.StreamMessageConsumer.consume(StreamMessageConsumer.java:72)
	at org.eclipse.lsp4e.LanguageServerWrapper.lambda$4(LanguageServerWrapper.java:260)
	at org.eclipse.lsp4j.jsonrpc.RemoteEndpoint.request(RemoteEndpoint.java:161)
	at org.eclipse.lsp4j.jsonrpc.services.EndpointProxy.invoke(EndpointProxy.java:91)
	at com.sun.proxy.$Proxy66.codeLens(Unknown Source)
	at org.eclipse.lsp4e.operations.codelens.CodeLensProvider.lambda$2(CodeLensProvider.java:43)
	... 15 more
Caused by: java.io.IOException: 파이프가 닫히는 중입니다
	at java.base/java.io.FileOutputStream.writeBytes(Native Method)
	at java.base/java.io.FileOutputStream.write(FileOutputStream.java:354)
	at java.base/java.io.BufferedOutputStream.flushBuffer(BufferedOutputStream.java:81)
	at java.base/java.io.BufferedOutputStream.flush(BufferedOutputStream.java:142)
	at org.eclipse.lsp4j.jsonrpc.json.StreamMessageConsumer.consume(StreamMessageConsumer.java:69)
	... 20 more

!ENTRY org.eclipse.jface.text 4 0 2025-06-20 15:22:03.844
!MESSAGE org.eclipse.lsp4j.jsonrpc.JsonRpcException: java.io.IOException: 파이프가 닫히는 중입니다
!STACK 0
java.util.concurrent.CompletionException: org.eclipse.lsp4j.jsonrpc.JsonRpcException: java.io.IOException: 파이프가 닫히는 중입니다
	at java.base/java.util.concurrent.CompletableFuture.encodeThrowable(CompletableFuture.java:331)
	at java.base/java.util.concurrent.CompletableFuture.uniAcceptNow(CompletableFuture.java:743)
	at java.base/java.util.concurrent.CompletableFuture.uniAcceptStage(CompletableFuture.java:731)
	at java.base/java.util.concurrent.CompletableFuture.thenAcceptAsync(CompletableFuture.java:2118)
	at org.eclipse.lsp4e.operations.codelens.CodeLensProvider.lambda$2(CodeLensProvider.java:44)
	at java.base/java.util.stream.ReferencePipeline$3$1.accept(ReferencePipeline.java:195)
	at java.base/java.util.ArrayList$ArrayListSpliterator.forEachRemaining(ArrayList.java:1655)
	at java.base/java.util.stream.AbstractPipeline.copyInto(AbstractPipeline.java:484)
	at java.base/java.util.stream.AbstractPipeline.wrapAndCopyInto(AbstractPipeline.java:474)
	at java.base/java.util.stream.AbstractPipeline.evaluate(AbstractPipeline.java:550)
	at java.base/java.util.stream.AbstractPipeline.evaluateToArrayNode(AbstractPipeline.java:260)
	at java.base/java.util.stream.ReferencePipeline.toArray(ReferencePipeline.java:517)
	at org.eclipse.lsp4e.operations.codelens.CodeLensProvider.lambda$1(CodeLensProvider.java:52)
	at java.base/java.util.concurrent.CompletableFuture$UniCompose.tryFire(CompletableFuture.java:1072)
	at java.base/java.util.concurrent.CompletableFuture$Completion.exec(CompletableFuture.java:479)
	at java.base/java.util.concurrent.ForkJoinTask.doExec(ForkJoinTask.java:290)
	at java.base/java.util.concurrent.ForkJoinPool$WorkQueue.topLevelExec(ForkJoinPool.java:1020)
	at java.base/java.util.concurrent.ForkJoinPool.scan(ForkJoinPool.java:1656)
	at java.base/java.util.concurrent.ForkJoinPool.runWorker(ForkJoinPool.java:1594)
	at java.base/java.util.concurrent.ForkJoinWorkerThread.run(ForkJoinWorkerThread.java:183)
Caused by: org.eclipse.lsp4j.jsonrpc.JsonRpcException: java.io.IOException: 파이프가 닫히는 중입니다
	at org.eclipse.lsp4j.jsonrpc.json.StreamMessageConsumer.consume(StreamMessageConsumer.java:72)
	at org.eclipse.lsp4e.LanguageServerWrapper.lambda$4(LanguageServerWrapper.java:260)
	at org.eclipse.lsp4j.jsonrpc.RemoteEndpoint.request(RemoteEndpoint.java:161)
	at org.eclipse.lsp4j.jsonrpc.services.EndpointProxy.invoke(EndpointProxy.java:91)
	at com.sun.proxy.$Proxy66.codeLens(Unknown Source)
	at org.eclipse.lsp4e.operations.codelens.CodeLensProvider.lambda$2(CodeLensProvider.java:43)
	... 15 more
Caused by: java.io.IOException: 파이프가 닫히는 중입니다
	at java.base/java.io.FileOutputStream.writeBytes(Native Method)
	at java.base/java.io.FileOutputStream.write(FileOutputStream.java:354)
	at java.base/java.io.BufferedOutputStream.flushBuffer(BufferedOutputStream.java:81)
	at java.base/java.io.BufferedOutputStream.flush(BufferedOutputStream.java:142)
	at org.eclipse.lsp4j.jsonrpc.json.StreamMessageConsumer.consume(StreamMessageConsumer.java:69)
	... 20 more

!ENTRY org.eclipse.jface.text 4 0 2025-06-20 15:22:03.846
!MESSAGE org.eclipse.lsp4j.jsonrpc.JsonRpcException: java.io.IOException: 파이프가 닫히는 중입니다
!STACK 0
java.util.concurrent.CompletionException: org.eclipse.lsp4j.jsonrpc.JsonRpcException: java.io.IOException: 파이프가 닫히는 중입니다
	at java.base/java.util.concurrent.CompletableFuture.encodeThrowable(CompletableFuture.java:331)
	at java.base/java.util.concurrent.CompletableFuture.uniAcceptNow(CompletableFuture.java:743)
	at java.base/java.util.concurrent.CompletableFuture.uniAcceptStage(CompletableFuture.java:731)
	at java.base/java.util.concurrent.CompletableFuture.thenAcceptAsync(CompletableFuture.java:2118)
	at org.eclipse.lsp4e.operations.codelens.CodeLensProvider.lambda$2(CodeLensProvider.java:44)
	at java.base/java.util.stream.ReferencePipeline$3$1.accept(ReferencePipeline.java:195)
	at java.base/java.util.ArrayList$ArrayListSpliterator.forEachRemaining(ArrayList.java:1655)
	at java.base/java.util.stream.AbstractPipeline.copyInto(AbstractPipeline.java:484)
	at java.base/java.util.stream.AbstractPipeline.wrapAndCopyInto(AbstractPipeline.java:474)
	at java.base/java.util.stream.AbstractPipeline.evaluate(AbstractPipeline.java:550)
	at java.base/java.util.stream.AbstractPipeline.evaluateToArrayNode(AbstractPipeline.java:260)
	at java.base/java.util.stream.ReferencePipeline.toArray(ReferencePipeline.java:517)
	at org.eclipse.lsp4e.operations.codelens.CodeLensProvider.lambda$1(CodeLensProvider.java:52)
	at java.base/java.util.concurrent.CompletableFuture$UniCompose.tryFire(CompletableFuture.java:1072)
	at java.base/java.util.concurrent.CompletableFuture$Completion.exec(CompletableFuture.java:479)
	at java.base/java.util.concurrent.ForkJoinTask.doExec(ForkJoinTask.java:290)
	at java.base/java.util.concurrent.ForkJoinPool$WorkQueue.topLevelExec(ForkJoinPool.java:1020)
	at java.base/java.util.concurrent.ForkJoinPool.scan(ForkJoinPool.java:1656)
	at java.base/java.util.concurrent.ForkJoinPool.runWorker(ForkJoinPool.java:1594)
	at java.base/java.util.concurrent.ForkJoinWorkerThread.run(ForkJoinWorkerThread.java:183)
Caused by: org.eclipse.lsp4j.jsonrpc.JsonRpcException: java.io.IOException: 파이프가 닫히는 중입니다
	at org.eclipse.lsp4j.jsonrpc.json.StreamMessageConsumer.consume(StreamMessageConsumer.java:72)
	at org.eclipse.lsp4e.LanguageServerWrapper.lambda$4(LanguageServerWrapper.java:260)
	at org.eclipse.lsp4j.jsonrpc.RemoteEndpoint.request(RemoteEndpoint.java:161)
	at org.eclipse.lsp4j.jsonrpc.services.EndpointProxy.invoke(EndpointProxy.java:91)
	at com.sun.proxy.$Proxy66.codeLens(Unknown Source)
	at org.eclipse.lsp4e.operations.codelens.CodeLensProvider.lambda$2(CodeLensProvider.java:43)
	... 15 more
Caused by: java.io.IOException: 파이프가 닫히는 중입니다
	at java.base/java.io.FileOutputStream.writeBytes(Native Method)
	at java.base/java.io.FileOutputStream.write(FileOutputStream.java:354)
	at java.base/java.io.BufferedOutputStream.flushBuffer(BufferedOutputStream.java:81)
	at java.base/java.io.BufferedOutputStream.flush(BufferedOutputStream.java:142)
	at org.eclipse.lsp4j.jsonrpc.json.StreamMessageConsumer.consume(StreamMessageConsumer.java:69)
	... 20 more

!ENTRY org.springframework.tooling.ls.eclipse.commons 1 0 2025-06-20 15:22:03.871
!MESSAGE ClasspathListenerHandler addClasspathListener sts4.classpath.YLKeTjdxisBatched = true

!ENTRY org.springframework.tooling.ls.eclipse.commons 1 0 2025-06-20 15:22:03.871
!MESSAGE Setting up ClasspathListenerManager

!ENTRY org.springframework.tooling.ls.eclipse.commons 1 0 2025-06-20 15:22:03.871
!MESSAGE Scheduling initial event for all projects ...

!ENTRY org.springframework.tooling.ls.eclipse.commons 1 0 2025-06-20 15:22:03.871
!MESSAGE Scheduling initial event for all projects DONE

!ENTRY org.springframework.tooling.ls.eclipse.commons 1 0 2025-06-20 15:22:03.871
!MESSAGE exists = true open = true => deleted = false

!ENTRY org.springframework.tooling.ls.eclipse.commons 1 0 2025-06-20 15:22:03.871
!MESSAGE ClasspathListenerHandler addClasspathListener sts4.classpath.YLKeTjdx => OK

!ENTRY org.springframework.tooling.ls.eclipse.commons 1 0 2025-06-20 15:22:03.872
!MESSAGE classpath=57 entries

!ENTRY org.springframework.tooling.ls.eclipse.commons 1 0 2025-06-20 15:22:03.873
!MESSAGE buffering callback sts4.classpath.YLKeTjdx ServiceExam false 57

!ENTRY org.springframework.tooling.ls.eclipse.commons 1 0 2025-06-20 15:22:03.873
!MESSAGE executing callback sts4.classpath.YLKeTjdx 1 batched events

!ENTRY org.springframework.tooling.ls.eclipse.commons 1 0 2025-06-20 15:22:04.070
!MESSAGE executing callback sts4.classpath.YLKeTjdx SUCCESS [done]

!ENTRY org.eclipse.lsp4e 4 0 2025-06-20 15:22:04.071
!MESSAGE org.eclipse.lsp4j.jsonrpc.JsonRpcException: java.io.IOException: 파이프가 닫히는 중입니다
!STACK 0
java.util.concurrent.ExecutionException: org.eclipse.lsp4j.jsonrpc.JsonRpcException: java.io.IOException: 파이프가 닫히는 중입니다
	at java.base/java.util.concurrent.CompletableFuture.reportGet(CompletableFuture.java:395)
	at java.base/java.util.concurrent.CompletableFuture.get(CompletableFuture.java:2028)
	at org.eclipse.lsp4e.LanguageServerWrapper.lambda$13(LanguageServerWrapper.java:425)
	at java.base/java.util.concurrent.CompletableFuture$AsyncRun.run(CompletableFuture.java:1736)
	at java.base/java.util.concurrent.CompletableFuture$AsyncRun.exec(CompletableFuture.java:1728)
	at java.base/java.util.concurrent.ForkJoinTask.doExec(ForkJoinTask.java:290)
	at java.base/java.util.concurrent.ForkJoinPool$WorkQueue.topLevelExec(ForkJoinPool.java:1020)
	at java.base/java.util.concurrent.ForkJoinPool.scan(ForkJoinPool.java:1656)
	at java.base/java.util.concurrent.ForkJoinPool.runWorker(ForkJoinPool.java:1594)
	at java.base/java.util.concurrent.ForkJoinWorkerThread.run(ForkJoinWorkerThread.java:183)
Caused by: org.eclipse.lsp4j.jsonrpc.JsonRpcException: java.io.IOException: 파이프가 닫히는 중입니다
	at org.eclipse.lsp4j.jsonrpc.json.StreamMessageConsumer.consume(StreamMessageConsumer.java:72)
	at org.eclipse.lsp4e.LanguageServerWrapper.lambda$4(LanguageServerWrapper.java:260)
	at org.eclipse.lsp4j.jsonrpc.RemoteEndpoint.request(RemoteEndpoint.java:161)
	at org.eclipse.lsp4j.jsonrpc.services.EndpointProxy.invoke(EndpointProxy.java:91)
	at com.sun.proxy.$Proxy68.shutdown(Unknown Source)
	at org.eclipse.lsp4e.LanguageServerWrapper.lambda$13(LanguageServerWrapper.java:423)
	... 7 more
Caused by: java.io.IOException: 파이프가 닫히는 중입니다
	at java.base/java.io.FileOutputStream.writeBytes(Native Method)
	at java.base/java.io.FileOutputStream.write(FileOutputStream.java:354)
	at java.base/java.io.BufferedOutputStream.flushBuffer(BufferedOutputStream.java:81)
	at java.base/java.io.BufferedOutputStream.flush(BufferedOutputStream.java:142)
	at org.eclipse.lsp4j.jsonrpc.json.StreamMessageConsumer.consume(StreamMessageConsumer.java:69)
	... 12 more

!ENTRY org.eclipse.lsp4e 4 0 2025-06-20 15:22:04.072
!MESSAGE org.eclipse.lsp4j.jsonrpc.JsonRpcException: java.io.IOException: 파이프가 닫히는 중입니다
!STACK 0
java.util.concurrent.ExecutionException: org.eclipse.lsp4j.jsonrpc.JsonRpcException: java.io.IOException: 파이프가 닫히는 중입니다
	at java.base/java.util.concurrent.CompletableFuture.reportGet(CompletableFuture.java:395)
	at java.base/java.util.concurrent.CompletableFuture.get(CompletableFuture.java:2028)
	at org.eclipse.lsp4e.LanguageServerWrapper.lambda$13(LanguageServerWrapper.java:425)
	at java.base/java.util.concurrent.CompletableFuture$AsyncRun.run(CompletableFuture.java:1736)
	at java.base/java.util.concurrent.CompletableFuture$AsyncRun.exec(CompletableFuture.java:1728)
	at java.base/java.util.concurrent.ForkJoinTask.doExec(ForkJoinTask.java:290)
	at java.base/java.util.concurrent.ForkJoinPool$WorkQueue.topLevelExec(ForkJoinPool.java:1020)
	at java.base/java.util.concurrent.ForkJoinPool.scan(ForkJoinPool.java:1656)
	at java.base/java.util.concurrent.ForkJoinPool.runWorker(ForkJoinPool.java:1594)
	at java.base/java.util.concurrent.ForkJoinWorkerThread.run(ForkJoinWorkerThread.java:183)
Caused by: org.eclipse.lsp4j.jsonrpc.JsonRpcException: java.io.IOException: 파이프가 닫히는 중입니다
	at org.eclipse.lsp4j.jsonrpc.json.StreamMessageConsumer.consume(StreamMessageConsumer.java:72)
	at org.eclipse.lsp4e.LanguageServerWrapper.lambda$4(LanguageServerWrapper.java:260)
	at org.eclipse.lsp4j.jsonrpc.RemoteEndpoint.request(RemoteEndpoint.java:161)
	at org.eclipse.lsp4j.jsonrpc.services.EndpointProxy.invoke(EndpointProxy.java:91)
	at com.sun.proxy.$Proxy68.shutdown(Unknown Source)
	at org.eclipse.lsp4e.LanguageServerWrapper.lambda$13(LanguageServerWrapper.java:423)
	... 7 more
Caused by: java.io.IOException: 파이프가 닫히는 중입니다
	at java.base/java.io.FileOutputStream.writeBytes(Native Method)
	at java.base/java.io.FileOutputStream.write(FileOutputStream.java:354)
	at java.base/java.io.BufferedOutputStream.flushBuffer(BufferedOutputStream.java:81)
	at java.base/java.io.BufferedOutputStream.flush(BufferedOutputStream.java:142)
	at org.eclipse.lsp4j.jsonrpc.json.StreamMessageConsumer.consume(StreamMessageConsumer.java:69)
	... 12 more

!ENTRY org.springframework.tooling.ls.eclipse.commons 1 0 2025-06-20 15:22:04.072
!MESSAGE Entering DelegatingStreamConnectionProvider()

!ENTRY org.springframework.tooling.ls.eclipse.commons 1 0 2025-06-20 15:22:04.072
!MESSAGE DelegatingStreamConnectionProvider classloader = org.eclipse.osgi.internal.loader.EquinoxClassLoader@580cb668[org.springframework.tooling.boot.ls:1.28.0.202109130547(id=1001)]

!ENTRY org.springframework.tooling.ls.eclipse.commons 1 0 2025-06-20 15:22:04.073
!MESSAGE SpringBootLanguageServer exists!

!ENTRY org.springframework.tooling.ls.eclipse.commons 1 0 2025-06-20 15:22:05.087
!MESSAGE Boot LS startup time from start to initialized: 1013ms

!ENTRY org.eclipse.jface.text 4 0 2025-06-20 15:22:05.121
!MESSAGE org.eclipse.lsp4j.jsonrpc.JsonRpcException: java.io.IOException: 파이프가 닫히는 중입니다
!STACK 0
java.util.concurrent.CompletionException: org.eclipse.lsp4j.jsonrpc.JsonRpcException: java.io.IOException: 파이프가 닫히는 중입니다
	at java.base/java.util.concurrent.CompletableFuture.encodeThrowable(CompletableFuture.java:331)
	at java.base/java.util.concurrent.CompletableFuture.uniAcceptNow(CompletableFuture.java:743)
	at java.base/java.util.concurrent.CompletableFuture.uniAcceptStage(CompletableFuture.java:731)
	at java.base/java.util.concurrent.CompletableFuture.thenAcceptAsync(CompletableFuture.java:2118)
	at org.eclipse.lsp4e.operations.codelens.CodeLensProvider.lambda$2(CodeLensProvider.java:44)
	at java.base/java.util.stream.ReferencePipeline$3$1.accept(ReferencePipeline.java:195)
	at java.base/java.util.ArrayList$ArrayListSpliterator.forEachRemaining(ArrayList.java:1655)
	at java.base/java.util.stream.AbstractPipeline.copyInto(AbstractPipeline.java:484)
	at java.base/java.util.stream.AbstractPipeline.wrapAndCopyInto(AbstractPipeline.java:474)
	at java.base/java.util.stream.AbstractPipeline.evaluate(AbstractPipeline.java:550)
	at java.base/java.util.stream.AbstractPipeline.evaluateToArrayNode(AbstractPipeline.java:260)
	at java.base/java.util.stream.ReferencePipeline.toArray(ReferencePipeline.java:517)
	at org.eclipse.lsp4e.operations.codelens.CodeLensProvider.lambda$1(CodeLensProvider.java:52)
	at java.base/java.util.concurrent.CompletableFuture$UniCompose.tryFire(CompletableFuture.java:1072)
	at java.base/java.util.concurrent.CompletableFuture$Completion.exec(CompletableFuture.java:479)
	at java.base/java.util.concurrent.ForkJoinTask.doExec(ForkJoinTask.java:290)
	at java.base/java.util.concurrent.ForkJoinPool$WorkQueue.topLevelExec(ForkJoinPool.java:1020)
	at java.base/java.util.concurrent.ForkJoinPool.scan(ForkJoinPool.java:1656)
	at java.base/java.util.concurrent.ForkJoinPool.runWorker(ForkJoinPool.java:1594)
	at java.base/java.util.concurrent.ForkJoinWorkerThread.run(ForkJoinWorkerThread.java:183)
Caused by: org.eclipse.lsp4j.jsonrpc.JsonRpcException: java.io.IOException: 파이프가 닫히는 중입니다
	at org.eclipse.lsp4j.jsonrpc.json.StreamMessageConsumer.consume(StreamMessageConsumer.java:72)
	at org.eclipse.lsp4e.LanguageServerWrapper.lambda$4(LanguageServerWrapper.java:260)
	at org.eclipse.lsp4j.jsonrpc.RemoteEndpoint.request(RemoteEndpoint.java:161)
	at org.eclipse.lsp4j.jsonrpc.services.EndpointProxy.invoke(EndpointProxy.java:91)
	at com.sun.proxy.$Proxy66.codeLens(Unknown Source)
	at org.eclipse.lsp4e.operations.codelens.CodeLensProvider.lambda$2(CodeLensProvider.java:43)
	... 15 more
Caused by: java.io.IOException: 파이프가 닫히는 중입니다
	at java.base/java.io.FileOutputStream.writeBytes(Native Method)
	at java.base/java.io.FileOutputStream.write(FileOutputStream.java:354)
	at java.base/java.io.BufferedOutputStream.flushBuffer(BufferedOutputStream.java:81)
	at java.base/java.io.BufferedOutputStream.flush(BufferedOutputStream.java:142)
	at org.eclipse.lsp4j.jsonrpc.json.StreamMessageConsumer.consume(StreamMessageConsumer.java:69)
	... 20 more

!ENTRY org.eclipse.jface.text 4 0 2025-06-20 15:22:05.121
!MESSAGE org.eclipse.lsp4j.jsonrpc.JsonRpcException: java.io.IOException: 파이프가 닫히는 중입니다
!STACK 0
java.util.concurrent.CompletionException: org.eclipse.lsp4j.jsonrpc.JsonRpcException: java.io.IOException: 파이프가 닫히는 중입니다
	at java.base/java.util.concurrent.CompletableFuture.encodeThrowable(CompletableFuture.java:331)
	at java.base/java.util.concurrent.CompletableFuture.uniAcceptNow(CompletableFuture.java:743)
	at java.base/java.util.concurrent.CompletableFuture.uniAcceptStage(CompletableFuture.java:731)
	at java.base/java.util.concurrent.CompletableFuture.thenAcceptAsync(CompletableFuture.java:2118)
	at org.eclipse.lsp4e.operations.codelens.CodeLensProvider.lambda$2(CodeLensProvider.java:44)
	at java.base/java.util.stream.ReferencePipeline$3$1.accept(ReferencePipeline.java:195)
	at java.base/java.util.ArrayList$ArrayListSpliterator.forEachRemaining(ArrayList.java:1655)
	at java.base/java.util.stream.AbstractPipeline.copyInto(AbstractPipeline.java:484)
	at java.base/java.util.stream.AbstractPipeline.wrapAndCopyInto(AbstractPipeline.java:474)
	at java.base/java.util.stream.AbstractPipeline.evaluate(AbstractPipeline.java:550)
	at java.base/java.util.stream.AbstractPipeline.evaluateToArrayNode(AbstractPipeline.java:260)
	at java.base/java.util.stream.ReferencePipeline.toArray(ReferencePipeline.java:517)
	at org.eclipse.lsp4e.operations.codelens.CodeLensProvider.lambda$1(CodeLensProvider.java:52)
	at java.base/java.util.concurrent.CompletableFuture$UniCompose.tryFire(CompletableFuture.java:1072)
	at java.base/java.util.concurrent.CompletableFuture$Completion.exec(CompletableFuture.java:479)
	at java.base/java.util.concurrent.ForkJoinTask.doExec(ForkJoinTask.java:290)
	at java.base/java.util.concurrent.ForkJoinPool$WorkQueue.topLevelExec(ForkJoinPool.java:1020)
	at java.base/java.util.concurrent.ForkJoinPool.scan(ForkJoinPool.java:1656)
	at java.base/java.util.concurrent.ForkJoinPool.runWorker(ForkJoinPool.java:1594)
	at java.base/java.util.concurrent.ForkJoinWorkerThread.run(ForkJoinWorkerThread.java:183)
Caused by: org.eclipse.lsp4j.jsonrpc.JsonRpcException: java.io.IOException: 파이프가 닫히는 중입니다
	at org.eclipse.lsp4j.jsonrpc.json.StreamMessageConsumer.consume(StreamMessageConsumer.java:72)
	at org.eclipse.lsp4e.LanguageServerWrapper.lambda$4(LanguageServerWrapper.java:260)
	at org.eclipse.lsp4j.jsonrpc.RemoteEndpoint.request(RemoteEndpoint.java:161)
	at org.eclipse.lsp4j.jsonrpc.services.EndpointProxy.invoke(EndpointProxy.java:91)
	at com.sun.proxy.$Proxy66.codeLens(Unknown Source)
	at org.eclipse.lsp4e.operations.codelens.CodeLensProvider.lambda$2(CodeLensProvider.java:43)
	... 15 more
Caused by: java.io.IOException: 파이프가 닫히는 중입니다
	at java.base/java.io.FileOutputStream.writeBytes(Native Method)
	at java.base/java.io.FileOutputStream.write(FileOutputStream.java:354)
	at java.base/java.io.BufferedOutputStream.flushBuffer(BufferedOutputStream.java:81)
	at java.base/java.io.BufferedOutputStream.flush(BufferedOutputStream.java:142)
	at org.eclipse.lsp4j.jsonrpc.json.StreamMessageConsumer.consume(StreamMessageConsumer.java:69)
	... 20 more

!ENTRY org.eclipse.jface.text 4 0 2025-06-20 15:22:05.122
!MESSAGE org.eclipse.lsp4j.jsonrpc.JsonRpcException: java.io.IOException: 파이프가 닫히는 중입니다
!STACK 0
java.util.concurrent.CompletionException: org.eclipse.lsp4j.jsonrpc.JsonRpcException: java.io.IOException: 파이프가 닫히는 중입니다
	at java.base/java.util.concurrent.CompletableFuture.encodeThrowable(CompletableFuture.java:331)
	at java.base/java.util.concurrent.CompletableFuture.uniAcceptNow(CompletableFuture.java:743)
	at java.base/java.util.concurrent.CompletableFuture.uniAcceptStage(CompletableFuture.java:731)
	at java.base/java.util.concurrent.CompletableFuture.thenAcceptAsync(CompletableFuture.java:2118)
	at org.eclipse.lsp4e.operations.codelens.CodeLensProvider.lambda$2(CodeLensProvider.java:44)
	at java.base/java.util.stream.ReferencePipeline$3$1.accept(ReferencePipeline.java:195)
	at java.base/java.util.ArrayList$ArrayListSpliterator.forEachRemaining(ArrayList.java:1655)
	at java.base/java.util.stream.AbstractPipeline.copyInto(AbstractPipeline.java:484)
	at java.base/java.util.stream.AbstractPipeline.wrapAndCopyInto(AbstractPipeline.java:474)
	at java.base/java.util.stream.AbstractPipeline.evaluate(AbstractPipeline.java:550)
	at java.base/java.util.stream.AbstractPipeline.evaluateToArrayNode(AbstractPipeline.java:260)
	at java.base/java.util.stream.ReferencePipeline.toArray(ReferencePipeline.java:517)
	at org.eclipse.lsp4e.operations.codelens.CodeLensProvider.lambda$1(CodeLensProvider.java:52)
	at java.base/java.util.concurrent.CompletableFuture$UniCompose.tryFire(CompletableFuture.java:1072)
	at java.base/java.util.concurrent.CompletableFuture$Completion.exec(CompletableFuture.java:479)
	at java.base/java.util.concurrent.ForkJoinTask.doExec(ForkJoinTask.java:290)
	at java.base/java.util.concurrent.ForkJoinPool$WorkQueue.topLevelExec(ForkJoinPool.java:1020)
	at java.base/java.util.concurrent.ForkJoinPool.scan(ForkJoinPool.java:1656)
	at java.base/java.util.concurrent.ForkJoinPool.runWorker(ForkJoinPool.java:1594)
	at java.base/java.util.concurrent.ForkJoinWorkerThread.run(ForkJoinWorkerThread.java:183)
Caused by: org.eclipse.lsp4j.jsonrpc.JsonRpcException: java.io.IOException: 파이프가 닫히는 중입니다
	at org.eclipse.lsp4j.jsonrpc.json.StreamMessageConsumer.consume(StreamMessageConsumer.java:72)
	at org.eclipse.lsp4e.LanguageServerWrapper.lambda$4(LanguageServerWrapper.java:260)
	at org.eclipse.lsp4j.jsonrpc.RemoteEndpoint.request(RemoteEndpoint.java:161)
	at org.eclipse.lsp4j.jsonrpc.services.EndpointProxy.invoke(EndpointProxy.java:91)
	at com.sun.proxy.$Proxy66.codeLens(Unknown Source)
	at org.eclipse.lsp4e.operations.codelens.CodeLensProvider.lambda$2(CodeLensProvider.java:43)
	... 15 more
Caused by: java.io.IOException: 파이프가 닫히는 중입니다
	at java.base/java.io.FileOutputStream.writeBytes(Native Method)
	at java.base/java.io.FileOutputStream.write(FileOutputStream.java:354)
	at java.base/java.io.BufferedOutputStream.flushBuffer(BufferedOutputStream.java:81)
	at java.base/java.io.BufferedOutputStream.flush(BufferedOutputStream.java:142)
	at org.eclipse.lsp4j.jsonrpc.json.StreamMessageConsumer.consume(StreamMessageConsumer.java:69)
	... 20 more

!ENTRY org.eclipse.jface.text 4 0 2025-06-20 15:22:05.122
!MESSAGE org.eclipse.lsp4j.jsonrpc.JsonRpcException: java.io.IOException: 파이프가 닫히는 중입니다
!STACK 0
java.util.concurrent.CompletionException: org.eclipse.lsp4j.jsonrpc.JsonRpcException: java.io.IOException: 파이프가 닫히는 중입니다
	at java.base/java.util.concurrent.CompletableFuture.encodeThrowable(CompletableFuture.java:331)
	at java.base/java.util.concurrent.CompletableFuture.uniAcceptNow(CompletableFuture.java:743)
	at java.base/java.util.concurrent.CompletableFuture.uniAcceptStage(CompletableFuture.java:731)
	at java.base/java.util.concurrent.CompletableFuture.thenAcceptAsync(CompletableFuture.java:2118)
	at org.eclipse.lsp4e.operations.codelens.CodeLensProvider.lambda$2(CodeLensProvider.java:44)
	at java.base/java.util.stream.ReferencePipeline$3$1.accept(ReferencePipeline.java:195)
	at java.base/java.util.ArrayList$ArrayListSpliterator.forEachRemaining(ArrayList.java:1655)
	at java.base/java.util.stream.AbstractPipeline.copyInto(AbstractPipeline.java:484)
	at java.base/java.util.stream.AbstractPipeline.wrapAndCopyInto(AbstractPipeline.java:474)
	at java.base/java.util.stream.AbstractPipeline.evaluate(AbstractPipeline.java:550)
	at java.base/java.util.stream.AbstractPipeline.evaluateToArrayNode(AbstractPipeline.java:260)
	at java.base/java.util.stream.ReferencePipeline.toArray(ReferencePipeline.java:517)
	at org.eclipse.lsp4e.operations.codelens.CodeLensProvider.lambda$1(CodeLensProvider.java:52)
	at java.base/java.util.concurrent.CompletableFuture$UniCompose.tryFire(CompletableFuture.java:1072)
	at java.base/java.util.concurrent.CompletableFuture$Completion.exec(CompletableFuture.java:479)
	at java.base/java.util.concurrent.ForkJoinTask.doExec(ForkJoinTask.java:290)
	at java.base/java.util.concurrent.ForkJoinPool$WorkQueue.topLevelExec(ForkJoinPool.java:1020)
	at java.base/java.util.concurrent.ForkJoinPool.scan(ForkJoinPool.java:1656)
	at java.base/java.util.concurrent.ForkJoinPool.runWorker(ForkJoinPool.java:1594)
	at java.base/java.util.concurrent.ForkJoinWorkerThread.run(ForkJoinWorkerThread.java:183)
Caused by: org.eclipse.lsp4j.jsonrpc.JsonRpcException: java.io.IOException: 파이프가 닫히는 중입니다
	at org.eclipse.lsp4j.jsonrpc.json.StreamMessageConsumer.consume(StreamMessageConsumer.java:72)
	at org.eclipse.lsp4e.LanguageServerWrapper.lambda$4(LanguageServerWrapper.java:260)
	at org.eclipse.lsp4j.jsonrpc.RemoteEndpoint.request(RemoteEndpoint.java:161)
	at org.eclipse.lsp4j.jsonrpc.services.EndpointProxy.invoke(EndpointProxy.java:91)
	at com.sun.proxy.$Proxy66.codeLens(Unknown Source)
	at org.eclipse.lsp4e.operations.codelens.CodeLensProvider.lambda$2(CodeLensProvider.java:43)
	... 15 more
Caused by: java.io.IOException: 파이프가 닫히는 중입니다
	at java.base/java.io.FileOutputStream.writeBytes(Native Method)
	at java.base/java.io.FileOutputStream.write(FileOutputStream.java:354)
	at java.base/java.io.BufferedOutputStream.flushBuffer(BufferedOutputStream.java:81)
	at java.base/java.io.BufferedOutputStream.flush(BufferedOutputStream.java:142)
	at org.eclipse.lsp4j.jsonrpc.json.StreamMessageConsumer.consume(StreamMessageConsumer.java:69)
	... 20 more

!ENTRY org.springframework.tooling.ls.eclipse.commons 1 0 2025-06-20 15:22:05.149
!MESSAGE ClasspathListenerHandler addClasspathListener sts4.classpath.qbacHtRsisBatched = true

!ENTRY org.springframework.tooling.ls.eclipse.commons 1 0 2025-06-20 15:22:05.149
!MESSAGE Setting up ClasspathListenerManager

!ENTRY org.springframework.tooling.ls.eclipse.commons 1 0 2025-06-20 15:22:05.149
!MESSAGE Scheduling initial event for all projects ...

!ENTRY org.springframework.tooling.ls.eclipse.commons 1 0 2025-06-20 15:22:05.149
!MESSAGE Scheduling initial event for all projects DONE

!ENTRY org.springframework.tooling.ls.eclipse.commons 1 0 2025-06-20 15:22:05.149
!MESSAGE exists = true open = true => deleted = false

!ENTRY org.springframework.tooling.ls.eclipse.commons 1 0 2025-06-20 15:22:05.149
!MESSAGE ClasspathListenerHandler addClasspathListener sts4.classpath.qbacHtRs => OK

!ENTRY org.springframework.tooling.ls.eclipse.commons 1 0 2025-06-20 15:22:05.150
!MESSAGE classpath=57 entries

!ENTRY org.springframework.tooling.ls.eclipse.commons 1 0 2025-06-20 15:22:05.151
!MESSAGE buffering callback sts4.classpath.qbacHtRs ServiceExam false 57

!ENTRY org.springframework.tooling.ls.eclipse.commons 1 0 2025-06-20 15:22:05.151
!MESSAGE executing callback sts4.classpath.qbacHtRs 1 batched events

!ENTRY org.springframework.tooling.ls.eclipse.commons 1 0 2025-06-20 15:22:05.345
!MESSAGE executing callback sts4.classpath.qbacHtRs SUCCESS [done]

!ENTRY org.springframework.tooling.ls.eclipse.commons 1 0 2025-06-20 15:22:05.346
!MESSAGE Entering DelegatingStreamConnectionProvider()

!ENTRY org.eclipse.lsp4e 4 0 2025-06-20 15:22:05.346
!MESSAGE org.eclipse.lsp4j.jsonrpc.JsonRpcException: java.io.IOException: 파이프가 닫히는 중입니다
!STACK 0
java.util.concurrent.ExecutionException: org.eclipse.lsp4j.jsonrpc.JsonRpcException: java.io.IOException: 파이프가 닫히는 중입니다
	at java.base/java.util.concurrent.CompletableFuture.reportGet(CompletableFuture.java:395)
	at java.base/java.util.concurrent.CompletableFuture.get(CompletableFuture.java:2028)
	at org.eclipse.lsp4e.LanguageServerWrapper.lambda$13(LanguageServerWrapper.java:425)
	at java.base/java.util.concurrent.CompletableFuture$AsyncRun.run(CompletableFuture.java:1736)
	at java.base/java.util.concurrent.CompletableFuture$AsyncRun.exec(CompletableFuture.java:1728)
	at java.base/java.util.concurrent.ForkJoinTask.doExec(ForkJoinTask.java:290)
	at java.base/java.util.concurrent.ForkJoinPool$WorkQueue.topLevelExec(ForkJoinPool.java:1020)
	at java.base/java.util.concurrent.ForkJoinPool.scan(ForkJoinPool.java:1656)
	at java.base/java.util.concurrent.ForkJoinPool.runWorker(ForkJoinPool.java:1594)
	at java.base/java.util.concurrent.ForkJoinWorkerThread.run(ForkJoinWorkerThread.java:183)
Caused by: org.eclipse.lsp4j.jsonrpc.JsonRpcException: java.io.IOException: 파이프가 닫히는 중입니다
	at org.eclipse.lsp4j.jsonrpc.json.StreamMessageConsumer.consume(StreamMessageConsumer.java:72)
	at org.eclipse.lsp4e.LanguageServerWrapper.lambda$4(LanguageServerWrapper.java:260)
	at org.eclipse.lsp4j.jsonrpc.RemoteEndpoint.request(RemoteEndpoint.java:161)
	at org.eclipse.lsp4j.jsonrpc.services.EndpointProxy.invoke(EndpointProxy.java:91)
	at com.sun.proxy.$Proxy68.shutdown(Unknown Source)
	at org.eclipse.lsp4e.LanguageServerWrapper.lambda$13(LanguageServerWrapper.java:423)
	... 7 more
Caused by: java.io.IOException: 파이프가 닫히는 중입니다
	at java.base/java.io.FileOutputStream.writeBytes(Native Method)
	at java.base/java.io.FileOutputStream.write(FileOutputStream.java:354)
	at java.base/java.io.BufferedOutputStream.flushBuffer(BufferedOutputStream.java:81)
	at java.base/java.io.BufferedOutputStream.flush(BufferedOutputStream.java:142)
	at org.eclipse.lsp4j.jsonrpc.json.StreamMessageConsumer.consume(StreamMessageConsumer.java:69)
	... 12 more

!ENTRY org.eclipse.lsp4e 4 0 2025-06-20 15:22:05.348
!MESSAGE org.eclipse.lsp4j.jsonrpc.JsonRpcException: java.io.IOException: 파이프가 닫히는 중입니다
!STACK 0
java.util.concurrent.ExecutionException: org.eclipse.lsp4j.jsonrpc.JsonRpcException: java.io.IOException: 파이프가 닫히는 중입니다
	at java.base/java.util.concurrent.CompletableFuture.reportGet(CompletableFuture.java:395)
	at java.base/java.util.concurrent.CompletableFuture.get(CompletableFuture.java:2028)
	at org.eclipse.lsp4e.LanguageServerWrapper.lambda$13(LanguageServerWrapper.java:425)
	at java.base/java.util.concurrent.CompletableFuture$AsyncRun.run(CompletableFuture.java:1736)
	at java.base/java.util.concurrent.CompletableFuture$AsyncRun.exec(CompletableFuture.java:1728)
	at java.base/java.util.concurrent.ForkJoinTask.doExec(ForkJoinTask.java:290)
	at java.base/java.util.concurrent.ForkJoinPool$WorkQueue.topLevelExec(ForkJoinPool.java:1020)
	at java.base/java.util.concurrent.ForkJoinPool.scan(ForkJoinPool.java:1656)
	at java.base/java.util.concurrent.ForkJoinPool.runWorker(ForkJoinPool.java:1594)
	at java.base/java.util.concurrent.ForkJoinWorkerThread.run(ForkJoinWorkerThread.java:183)
Caused by: org.eclipse.lsp4j.jsonrpc.JsonRpcException: java.io.IOException: 파이프가 닫히는 중입니다
	at org.eclipse.lsp4j.jsonrpc.json.StreamMessageConsumer.consume(StreamMessageConsumer.java:72)
	at org.eclipse.lsp4e.LanguageServerWrapper.lambda$4(LanguageServerWrapper.java:260)
	at org.eclipse.lsp4j.jsonrpc.RemoteEndpoint.request(RemoteEndpoint.java:161)
	at org.eclipse.lsp4j.jsonrpc.services.EndpointProxy.invoke(EndpointProxy.java:91)
	at com.sun.proxy.$Proxy68.shutdown(Unknown Source)
	at org.eclipse.lsp4e.LanguageServerWrapper.lambda$13(LanguageServerWrapper.java:423)
	... 7 more
Caused by: java.io.IOException: 파이프가 닫히는 중입니다
	at java.base/java.io.FileOutputStream.writeBytes(Native Method)
	at java.base/java.io.FileOutputStream.write(FileOutputStream.java:354)
	at java.base/java.io.BufferedOutputStream.flushBuffer(BufferedOutputStream.java:81)
	at java.base/java.io.BufferedOutputStream.flush(BufferedOutputStream.java:142)
	at org.eclipse.lsp4j.jsonrpc.json.StreamMessageConsumer.consume(StreamMessageConsumer.java:69)
	... 12 more

!ENTRY org.springframework.tooling.ls.eclipse.commons 1 0 2025-06-20 15:22:05.348
!MESSAGE DelegatingStreamConnectionProvider classloader = org.eclipse.osgi.internal.loader.EquinoxClassLoader@580cb668[org.springframework.tooling.boot.ls:1.28.0.202109130547(id=1001)]

!ENTRY org.springframework.tooling.ls.eclipse.commons 1 0 2025-06-20 15:22:05.348
!MESSAGE SpringBootLanguageServer exists!

!ENTRY org.springframework.tooling.ls.eclipse.commons 1 0 2025-06-20 15:22:06.351
!MESSAGE Boot LS startup time from start to initialized: 1002ms

!ENTRY org.eclipse.jface.text 4 0 2025-06-20 15:22:06.377
!MESSAGE org.eclipse.lsp4j.jsonrpc.JsonRpcException: java.io.IOException: 파이프가 닫히는 중입니다
!STACK 0
java.util.concurrent.CompletionException: org.eclipse.lsp4j.jsonrpc.JsonRpcException: java.io.IOException: 파이프가 닫히는 중입니다
	at java.base/java.util.concurrent.CompletableFuture.encodeThrowable(CompletableFuture.java:331)
	at java.base/java.util.concurrent.CompletableFuture.uniAcceptNow(CompletableFuture.java:743)
	at java.base/java.util.concurrent.CompletableFuture.uniAcceptStage(CompletableFuture.java:731)
	at java.base/java.util.concurrent.CompletableFuture.thenAcceptAsync(CompletableFuture.java:2118)
	at org.eclipse.lsp4e.operations.codelens.CodeLensProvider.lambda$2(CodeLensProvider.java:44)
	at java.base/java.util.stream.ReferencePipeline$3$1.accept(ReferencePipeline.java:195)
	at java.base/java.util.ArrayList$ArrayListSpliterator.forEachRemaining(ArrayList.java:1655)
	at java.base/java.util.stream.AbstractPipeline.copyInto(AbstractPipeline.java:484)
	at java.base/java.util.stream.AbstractPipeline.wrapAndCopyInto(AbstractPipeline.java:474)
	at java.base/java.util.stream.AbstractPipeline.evaluate(AbstractPipeline.java:550)
	at java.base/java.util.stream.AbstractPipeline.evaluateToArrayNode(AbstractPipeline.java:260)
	at java.base/java.util.stream.ReferencePipeline.toArray(ReferencePipeline.java:517)
	at org.eclipse.lsp4e.operations.codelens.CodeLensProvider.lambda$1(CodeLensProvider.java:52)
	at java.base/java.util.concurrent.CompletableFuture$UniCompose.tryFire(CompletableFuture.java:1072)
	at java.base/java.util.concurrent.CompletableFuture$Completion.exec(CompletableFuture.java:479)
	at java.base/java.util.concurrent.ForkJoinTask.doExec(ForkJoinTask.java:290)
	at java.base/java.util.concurrent.ForkJoinPool$WorkQueue.topLevelExec(ForkJoinPool.java:1020)
	at java.base/java.util.concurrent.ForkJoinPool.scan(ForkJoinPool.java:1656)
	at java.base/java.util.concurrent.ForkJoinPool.runWorker(ForkJoinPool.java:1594)
	at java.base/java.util.concurrent.ForkJoinWorkerThread.run(ForkJoinWorkerThread.java:183)
Caused by: org.eclipse.lsp4j.jsonrpc.JsonRpcException: java.io.IOException: 파이프가 닫히는 중입니다
	at org.eclipse.lsp4j.jsonrpc.json.StreamMessageConsumer.consume(StreamMessageConsumer.java:72)
	at org.eclipse.lsp4e.LanguageServerWrapper.lambda$4(LanguageServerWrapper.java:260)
	at org.eclipse.lsp4j.jsonrpc.RemoteEndpoint.request(RemoteEndpoint.java:161)
	at org.eclipse.lsp4j.jsonrpc.services.EndpointProxy.invoke(EndpointProxy.java:91)
	at com.sun.proxy.$Proxy66.codeLens(Unknown Source)
	at org.eclipse.lsp4e.operations.codelens.CodeLensProvider.lambda$2(CodeLensProvider.java:43)
	... 15 more
Caused by: java.io.IOException: 파이프가 닫히는 중입니다
	at java.base/java.io.FileOutputStream.writeBytes(Native Method)
	at java.base/java.io.FileOutputStream.write(FileOutputStream.java:354)
	at java.base/java.io.BufferedOutputStream.flushBuffer(BufferedOutputStream.java:81)
	at java.base/java.io.BufferedOutputStream.flush(BufferedOutputStream.java:142)
	at org.eclipse.lsp4j.jsonrpc.json.StreamMessageConsumer.consume(StreamMessageConsumer.java:69)
	... 20 more

!ENTRY org.eclipse.jface.text 4 0 2025-06-20 15:22:06.378
!MESSAGE org.eclipse.lsp4j.jsonrpc.JsonRpcException: java.io.IOException: 파이프가 닫히는 중입니다
!STACK 0
java.util.concurrent.CompletionException: org.eclipse.lsp4j.jsonrpc.JsonRpcException: java.io.IOException: 파이프가 닫히는 중입니다
	at java.base/java.util.concurrent.CompletableFuture.encodeThrowable(CompletableFuture.java:331)
	at java.base/java.util.concurrent.CompletableFuture.uniAcceptNow(CompletableFuture.java:743)
	at java.base/java.util.concurrent.CompletableFuture.uniAcceptStage(CompletableFuture.java:731)
	at java.base/java.util.concurrent.CompletableFuture.thenAcceptAsync(CompletableFuture.java:2118)
	at org.eclipse.lsp4e.operations.codelens.CodeLensProvider.lambda$2(CodeLensProvider.java:44)
	at java.base/java.util.stream.ReferencePipeline$3$1.accept(ReferencePipeline.java:195)
	at java.base/java.util.ArrayList$ArrayListSpliterator.forEachRemaining(ArrayList.java:1655)
	at java.base/java.util.stream.AbstractPipeline.copyInto(AbstractPipeline.java:484)
	at java.base/java.util.stream.AbstractPipeline.wrapAndCopyInto(AbstractPipeline.java:474)
	at java.base/java.util.stream.AbstractPipeline.evaluate(AbstractPipeline.java:550)
	at java.base/java.util.stream.AbstractPipeline.evaluateToArrayNode(AbstractPipeline.java:260)
	at java.base/java.util.stream.ReferencePipeline.toArray(ReferencePipeline.java:517)
	at org.eclipse.lsp4e.operations.codelens.CodeLensProvider.lambda$1(CodeLensProvider.java:52)
	at java.base/java.util.concurrent.CompletableFuture$UniCompose.tryFire(CompletableFuture.java:1072)
	at java.base/java.util.concurrent.CompletableFuture$Completion.exec(CompletableFuture.java:479)
	at java.base/java.util.concurrent.ForkJoinTask.doExec(ForkJoinTask.java:290)
	at java.base/java.util.concurrent.ForkJoinPool$WorkQueue.topLevelExec(ForkJoinPool.java:1020)
	at java.base/java.util.concurrent.ForkJoinPool.scan(ForkJoinPool.java:1656)
	at java.base/java.util.concurrent.ForkJoinPool.runWorker(ForkJoinPool.java:1594)
	at java.base/java.util.concurrent.ForkJoinWorkerThread.run(ForkJoinWorkerThread.java:183)
Caused by: org.eclipse.lsp4j.jsonrpc.JsonRpcException: java.io.IOException: 파이프가 닫히는 중입니다
	at org.eclipse.lsp4j.jsonrpc.json.StreamMessageConsumer.consume(StreamMessageConsumer.java:72)
	at org.eclipse.lsp4e.LanguageServerWrapper.lambda$4(LanguageServerWrapper.java:260)
	at org.eclipse.lsp4j.jsonrpc.RemoteEndpoint.request(RemoteEndpoint.java:161)
	at org.eclipse.lsp4j.jsonrpc.services.EndpointProxy.invoke(EndpointProxy.java:91)
	at com.sun.proxy.$Proxy66.codeLens(Unknown Source)
	at org.eclipse.lsp4e.operations.codelens.CodeLensProvider.lambda$2(CodeLensProvider.java:43)
	... 15 more
Caused by: java.io.IOException: 파이프가 닫히는 중입니다
	at java.base/java.io.FileOutputStream.writeBytes(Native Method)
	at java.base/java.io.FileOutputStream.write(FileOutputStream.java:354)
	at java.base/java.io.BufferedOutputStream.flushBuffer(BufferedOutputStream.java:81)
	at java.base/java.io.BufferedOutputStream.flush(BufferedOutputStream.java:142)
	at org.eclipse.lsp4j.jsonrpc.json.StreamMessageConsumer.consume(StreamMessageConsumer.java:69)
	... 20 more

!ENTRY org.eclipse.jface.text 4 0 2025-06-20 15:22:06.378
!MESSAGE org.eclipse.lsp4j.jsonrpc.JsonRpcException: java.io.IOException: 파이프가 닫히는 중입니다
!STACK 0
java.util.concurrent.CompletionException: org.eclipse.lsp4j.jsonrpc.JsonRpcException: java.io.IOException: 파이프가 닫히는 중입니다
	at java.base/java.util.concurrent.CompletableFuture.encodeThrowable(CompletableFuture.java:331)
	at java.base/java.util.concurrent.CompletableFuture.uniAcceptNow(CompletableFuture.java:743)
	at java.base/java.util.concurrent.CompletableFuture.uniAcceptStage(CompletableFuture.java:731)
	at java.base/java.util.concurrent.CompletableFuture.thenAcceptAsync(CompletableFuture.java:2118)
	at org.eclipse.lsp4e.operations.codelens.CodeLensProvider.lambda$2(CodeLensProvider.java:44)
	at java.base/java.util.stream.ReferencePipeline$3$1.accept(ReferencePipeline.java:195)
	at java.base/java.util.ArrayList$ArrayListSpliterator.forEachRemaining(ArrayList.java:1655)
	at java.base/java.util.stream.AbstractPipeline.copyInto(AbstractPipeline.java:484)
	at java.base/java.util.stream.AbstractPipeline.wrapAndCopyInto(AbstractPipeline.java:474)
	at java.base/java.util.stream.AbstractPipeline.evaluate(AbstractPipeline.java:550)
	at java.base/java.util.stream.AbstractPipeline.evaluateToArrayNode(AbstractPipeline.java:260)
	at java.base/java.util.stream.ReferencePipeline.toArray(ReferencePipeline.java:517)
	at org.eclipse.lsp4e.operations.codelens.CodeLensProvider.lambda$1(CodeLensProvider.java:52)
	at java.base/java.util.concurrent.CompletableFuture$UniCompose.tryFire(CompletableFuture.java:1072)
	at java.base/java.util.concurrent.CompletableFuture$Completion.exec(CompletableFuture.java:479)
	at java.base/java.util.concurrent.ForkJoinTask.doExec(ForkJoinTask.java:290)
	at java.base/java.util.concurrent.ForkJoinPool$WorkQueue.topLevelExec(ForkJoinPool.java:1020)
	at java.base/java.util.concurrent.ForkJoinPool.scan(ForkJoinPool.java:1656)
	at java.base/java.util.concurrent.ForkJoinPool.runWorker(ForkJoinPool.java:1594)
	at java.base/java.util.concurrent.ForkJoinWorkerThread.run(ForkJoinWorkerThread.java:183)
Caused by: org.eclipse.lsp4j.jsonrpc.JsonRpcException: java.io.IOException: 파이프가 닫히는 중입니다
	at org.eclipse.lsp4j.jsonrpc.json.StreamMessageConsumer.consume(StreamMessageConsumer.java:72)
	at org.eclipse.lsp4e.LanguageServerWrapper.lambda$4(LanguageServerWrapper.java:260)
	at org.eclipse.lsp4j.jsonrpc.RemoteEndpoint.request(RemoteEndpoint.java:161)
	at org.eclipse.lsp4j.jsonrpc.services.EndpointProxy.invoke(EndpointProxy.java:91)
	at com.sun.proxy.$Proxy66.codeLens(Unknown Source)
	at org.eclipse.lsp4e.operations.codelens.CodeLensProvider.lambda$2(CodeLensProvider.java:43)
	... 15 more
Caused by: java.io.IOException: 파이프가 닫히는 중입니다
	at java.base/java.io.FileOutputStream.writeBytes(Native Method)
	at java.base/java.io.FileOutputStream.write(FileOutputStream.java:354)
	at java.base/java.io.BufferedOutputStream.flushBuffer(BufferedOutputStream.java:81)
	at java.base/java.io.BufferedOutputStream.flush(BufferedOutputStream.java:142)
	at org.eclipse.lsp4j.jsonrpc.json.StreamMessageConsumer.consume(StreamMessageConsumer.java:69)
	... 20 more

!ENTRY org.eclipse.jface.text 4 0 2025-06-20 15:22:06.380
!MESSAGE org.eclipse.lsp4j.jsonrpc.JsonRpcException: java.io.IOException: 파이프가 닫히는 중입니다
!STACK 0
java.util.concurrent.CompletionException: org.eclipse.lsp4j.jsonrpc.JsonRpcException: java.io.IOException: 파이프가 닫히는 중입니다
	at java.base/java.util.concurrent.CompletableFuture.encodeThrowable(CompletableFuture.java:331)
	at java.base/java.util.concurrent.CompletableFuture.uniAcceptNow(CompletableFuture.java:743)
	at java.base/java.util.concurrent.CompletableFuture.uniAcceptStage(CompletableFuture.java:731)
	at java.base/java.util.concurrent.CompletableFuture.thenAcceptAsync(CompletableFuture.java:2118)
	at org.eclipse.lsp4e.operations.codelens.CodeLensProvider.lambda$2(CodeLensProvider.java:44)
	at java.base/java.util.stream.ReferencePipeline$3$1.accept(ReferencePipeline.java:195)
	at java.base/java.util.ArrayList$ArrayListSpliterator.forEachRemaining(ArrayList.java:1655)
	at java.base/java.util.stream.AbstractPipeline.copyInto(AbstractPipeline.java:484)
	at java.base/java.util.stream.AbstractPipeline.wrapAndCopyInto(AbstractPipeline.java:474)
	at java.base/java.util.stream.AbstractPipeline.evaluate(AbstractPipeline.java:550)
	at java.base/java.util.stream.AbstractPipeline.evaluateToArrayNode(AbstractPipeline.java:260)
	at java.base/java.util.stream.ReferencePipeline.toArray(ReferencePipeline.java:517)
	at org.eclipse.lsp4e.operations.codelens.CodeLensProvider.lambda$1(CodeLensProvider.java:52)
	at java.base/java.util.concurrent.CompletableFuture$UniCompose.tryFire(CompletableFuture.java:1072)
	at java.base/java.util.concurrent.CompletableFuture$Completion.exec(CompletableFuture.java:479)
	at java.base/java.util.concurrent.ForkJoinTask.doExec(ForkJoinTask.java:290)
	at java.base/java.util.concurrent.ForkJoinPool$WorkQueue.topLevelExec(ForkJoinPool.java:1020)
	at java.base/java.util.concurrent.ForkJoinPool.scan(ForkJoinPool.java:1656)
	at java.base/java.util.concurrent.ForkJoinPool.runWorker(ForkJoinPool.java:1594)
	at java.base/java.util.concurrent.ForkJoinWorkerThread.run(ForkJoinWorkerThread.java:183)
Caused by: org.eclipse.lsp4j.jsonrpc.JsonRpcException: java.io.IOException: 파이프가 닫히는 중입니다
	at org.eclipse.lsp4j.jsonrpc.json.StreamMessageConsumer.consume(StreamMessageConsumer.java:72)
	at org.eclipse.lsp4e.LanguageServerWrapper.lambda$4(LanguageServerWrapper.java:260)
	at org.eclipse.lsp4j.jsonrpc.RemoteEndpoint.request(RemoteEndpoint.java:161)
	at org.eclipse.lsp4j.jsonrpc.services.EndpointProxy.invoke(EndpointProxy.java:91)
	at com.sun.proxy.$Proxy66.codeLens(Unknown Source)
	at org.eclipse.lsp4e.operations.codelens.CodeLensProvider.lambda$2(CodeLensProvider.java:43)
	... 15 more
Caused by: java.io.IOException: 파이프가 닫히는 중입니다
	at java.base/java.io.FileOutputStream.writeBytes(Native Method)
	at java.base/java.io.FileOutputStream.write(FileOutputStream.java:354)
	at java.base/java.io.BufferedOutputStream.flushBuffer(BufferedOutputStream.java:81)
	at java.base/java.io.BufferedOutputStream.flush(BufferedOutputStream.java:142)
	at org.eclipse.lsp4j.jsonrpc.json.StreamMessageConsumer.consume(StreamMessageConsumer.java:69)
	... 20 more

!ENTRY org.springframework.tooling.ls.eclipse.commons 1 0 2025-06-20 15:22:06.403
!MESSAGE ClasspathListenerHandler addClasspathListener sts4.classpath.lRKqWDeZisBatched = true

!ENTRY org.springframework.tooling.ls.eclipse.commons 1 0 2025-06-20 15:22:06.404
!MESSAGE Setting up ClasspathListenerManager

!ENTRY org.springframework.tooling.ls.eclipse.commons 1 0 2025-06-20 15:22:06.404
!MESSAGE Scheduling initial event for all projects ...

!ENTRY org.springframework.tooling.ls.eclipse.commons 1 0 2025-06-20 15:22:06.404
!MESSAGE Scheduling initial event for all projects DONE

!ENTRY org.springframework.tooling.ls.eclipse.commons 1 0 2025-06-20 15:22:06.404
!MESSAGE ClasspathListenerHandler addClasspathListener sts4.classpath.lRKqWDeZ => OK

!ENTRY org.springframework.tooling.ls.eclipse.commons 1 0 2025-06-20 15:22:06.404
!MESSAGE exists = true open = true => deleted = false

!ENTRY org.springframework.tooling.ls.eclipse.commons 1 0 2025-06-20 15:22:06.406
!MESSAGE classpath=57 entries

!ENTRY org.springframework.tooling.ls.eclipse.commons 1 0 2025-06-20 15:22:06.407
!MESSAGE buffering callback sts4.classpath.lRKqWDeZ ServiceExam false 57

!ENTRY org.springframework.tooling.ls.eclipse.commons 1 0 2025-06-20 15:22:06.407
!MESSAGE executing callback sts4.classpath.lRKqWDeZ 1 batched events

!ENTRY org.springframework.tooling.ls.eclipse.commons 1 0 2025-06-20 15:22:06.607
!MESSAGE executing callback sts4.classpath.lRKqWDeZ SUCCESS [done]

!ENTRY org.eclipse.lsp4e 4 0 2025-06-20 15:22:06.608
!MESSAGE org.eclipse.lsp4j.jsonrpc.JsonRpcException: java.io.IOException: 파이프가 닫히는 중입니다
!STACK 0
java.util.concurrent.ExecutionException: org.eclipse.lsp4j.jsonrpc.JsonRpcException: java.io.IOException: 파이프가 닫히는 중입니다
	at java.base/java.util.concurrent.CompletableFuture.reportGet(CompletableFuture.java:395)
	at java.base/java.util.concurrent.CompletableFuture.get(CompletableFuture.java:2028)
	at org.eclipse.lsp4e.LanguageServerWrapper.lambda$13(LanguageServerWrapper.java:425)
	at java.base/java.util.concurrent.CompletableFuture$AsyncRun.run(CompletableFuture.java:1736)
	at java.base/java.util.concurrent.CompletableFuture$AsyncRun.exec(CompletableFuture.java:1728)
	at java.base/java.util.concurrent.ForkJoinTask.doExec(ForkJoinTask.java:290)
	at java.base/java.util.concurrent.ForkJoinPool$WorkQueue.topLevelExec(ForkJoinPool.java:1020)
	at java.base/java.util.concurrent.ForkJoinPool.scan(ForkJoinPool.java:1656)
	at java.base/java.util.concurrent.ForkJoinPool.runWorker(ForkJoinPool.java:1594)
	at java.base/java.util.concurrent.ForkJoinWorkerThread.run(ForkJoinWorkerThread.java:183)
Caused by: org.eclipse.lsp4j.jsonrpc.JsonRpcException: java.io.IOException: 파이프가 닫히는 중입니다
	at org.eclipse.lsp4j.jsonrpc.json.StreamMessageConsumer.consume(StreamMessageConsumer.java:72)
	at org.eclipse.lsp4e.LanguageServerWrapper.lambda$4(LanguageServerWrapper.java:260)
	at org.eclipse.lsp4j.jsonrpc.RemoteEndpoint.request(RemoteEndpoint.java:161)
	at org.eclipse.lsp4j.jsonrpc.services.EndpointProxy.invoke(EndpointProxy.java:91)
	at com.sun.proxy.$Proxy68.shutdown(Unknown Source)
	at org.eclipse.lsp4e.LanguageServerWrapper.lambda$13(LanguageServerWrapper.java:423)
	... 7 more
Caused by: java.io.IOException: 파이프가 닫히는 중입니다
	at java.base/java.io.FileOutputStream.writeBytes(Native Method)
	at java.base/java.io.FileOutputStream.write(FileOutputStream.java:354)
	at java.base/java.io.BufferedOutputStream.flushBuffer(BufferedOutputStream.java:81)
	at java.base/java.io.BufferedOutputStream.flush(BufferedOutputStream.java:142)
	at org.eclipse.lsp4j.jsonrpc.json.StreamMessageConsumer.consume(StreamMessageConsumer.java:69)
	... 12 more

!ENTRY org.springframework.tooling.ls.eclipse.commons 1 0 2025-06-20 15:22:06.608
!MESSAGE Entering DelegatingStreamConnectionProvider()

!ENTRY org.eclipse.lsp4e 4 0 2025-06-20 15:22:06.609
!MESSAGE org.eclipse.lsp4j.jsonrpc.JsonRpcException: java.io.IOException: 파이프가 닫히는 중입니다
!STACK 0
java.util.concurrent.ExecutionException: org.eclipse.lsp4j.jsonrpc.JsonRpcException: java.io.IOException: 파이프가 닫히는 중입니다
	at java.base/java.util.concurrent.CompletableFuture.reportGet(CompletableFuture.java:395)
	at java.base/java.util.concurrent.CompletableFuture.get(CompletableFuture.java:2028)
	at org.eclipse.lsp4e.LanguageServerWrapper.lambda$13(LanguageServerWrapper.java:425)
	at java.base/java.util.concurrent.CompletableFuture$AsyncRun.run(CompletableFuture.java:1736)
	at java.base/java.util.concurrent.CompletableFuture$AsyncRun.exec(CompletableFuture.java:1728)
	at java.base/java.util.concurrent.ForkJoinTask.doExec(ForkJoinTask.java:290)
	at java.base/java.util.concurrent.ForkJoinPool$WorkQueue.topLevelExec(ForkJoinPool.java:1020)
	at java.base/java.util.concurrent.ForkJoinPool.scan(ForkJoinPool.java:1656)
	at java.base/java.util.concurrent.ForkJoinPool.runWorker(ForkJoinPool.java:1594)
	at java.base/java.util.concurrent.ForkJoinWorkerThread.run(ForkJoinWorkerThread.java:183)
Caused by: org.eclipse.lsp4j.jsonrpc.JsonRpcException: java.io.IOException: 파이프가 닫히는 중입니다
	at org.eclipse.lsp4j.jsonrpc.json.StreamMessageConsumer.consume(StreamMessageConsumer.java:72)
	at org.eclipse.lsp4e.LanguageServerWrapper.lambda$4(LanguageServerWrapper.java:260)
	at org.eclipse.lsp4j.jsonrpc.RemoteEndpoint.request(RemoteEndpoint.java:161)
	at org.eclipse.lsp4j.jsonrpc.services.EndpointProxy.invoke(EndpointProxy.java:91)
	at com.sun.proxy.$Proxy68.shutdown(Unknown Source)
	at org.eclipse.lsp4e.LanguageServerWrapper.lambda$13(LanguageServerWrapper.java:423)
	... 7 more
Caused by: java.io.IOException: 파이프가 닫히는 중입니다
	at java.base/java.io.FileOutputStream.writeBytes(Native Method)
	at java.base/java.io.FileOutputStream.write(FileOutputStream.java:354)
	at java.base/java.io.BufferedOutputStream.flushBuffer(BufferedOutputStream.java:81)
	at java.base/java.io.BufferedOutputStream.flush(BufferedOutputStream.java:142)
	at org.eclipse.lsp4j.jsonrpc.json.StreamMessageConsumer.consume(StreamMessageConsumer.java:69)
	... 12 more

!ENTRY org.springframework.tooling.ls.eclipse.commons 1 0 2025-06-20 15:22:06.609
!MESSAGE DelegatingStreamConnectionProvider classloader = org.eclipse.osgi.internal.loader.EquinoxClassLoader@580cb668[org.springframework.tooling.boot.ls:1.28.0.202109130547(id=1001)]

!ENTRY org.springframework.tooling.ls.eclipse.commons 1 0 2025-06-20 15:22:06.609
!MESSAGE SpringBootLanguageServer exists!

!ENTRY org.springframework.tooling.ls.eclipse.commons 1 0 2025-06-20 15:22:07.621
!MESSAGE Boot LS startup time from start to initialized: 1010ms

!ENTRY org.eclipse.jface.text 4 0 2025-06-20 15:22:07.646
!MESSAGE org.eclipse.lsp4j.jsonrpc.JsonRpcException: java.io.IOException: 파이프가 닫히는 중입니다
!STACK 0
java.util.concurrent.CompletionException: org.eclipse.lsp4j.jsonrpc.JsonRpcException: java.io.IOException: 파이프가 닫히는 중입니다
	at java.base/java.util.concurrent.CompletableFuture.encodeThrowable(CompletableFuture.java:331)
	at java.base/java.util.concurrent.CompletableFuture.uniAcceptNow(CompletableFuture.java:743)
	at java.base/java.util.concurrent.CompletableFuture.uniAcceptStage(CompletableFuture.java:731)
	at java.base/java.util.concurrent.CompletableFuture.thenAcceptAsync(CompletableFuture.java:2118)
	at org.eclipse.lsp4e.operations.codelens.CodeLensProvider.lambda$2(CodeLensProvider.java:44)
	at java.base/java.util.stream.ReferencePipeline$3$1.accept(ReferencePipeline.java:195)
	at java.base/java.util.ArrayList$ArrayListSpliterator.forEachRemaining(ArrayList.java:1655)
	at java.base/java.util.stream.AbstractPipeline.copyInto(AbstractPipeline.java:484)
	at java.base/java.util.stream.AbstractPipeline.wrapAndCopyInto(AbstractPipeline.java:474)
	at java.base/java.util.stream.AbstractPipeline.evaluate(AbstractPipeline.java:550)
	at java.base/java.util.stream.AbstractPipeline.evaluateToArrayNode(AbstractPipeline.java:260)
	at java.base/java.util.stream.ReferencePipeline.toArray(ReferencePipeline.java:517)
	at org.eclipse.lsp4e.operations.codelens.CodeLensProvider.lambda$1(CodeLensProvider.java:52)
	at java.base/java.util.concurrent.CompletableFuture$UniCompose.tryFire(CompletableFuture.java:1072)
	at java.base/java.util.concurrent.CompletableFuture$Completion.exec(CompletableFuture.java:479)
	at java.base/java.util.concurrent.ForkJoinTask.doExec(ForkJoinTask.java:290)
	at java.base/java.util.concurrent.ForkJoinPool$WorkQueue.topLevelExec(ForkJoinPool.java:1020)
	at java.base/java.util.concurrent.ForkJoinPool.scan(ForkJoinPool.java:1656)
	at java.base/java.util.concurrent.ForkJoinPool.runWorker(ForkJoinPool.java:1594)
	at java.base/java.util.concurrent.ForkJoinWorkerThread.run(ForkJoinWorkerThread.java:183)
Caused by: org.eclipse.lsp4j.jsonrpc.JsonRpcException: java.io.IOException: 파이프가 닫히는 중입니다
	at org.eclipse.lsp4j.jsonrpc.json.StreamMessageConsumer.consume(StreamMessageConsumer.java:72)
	at org.eclipse.lsp4e.LanguageServerWrapper.lambda$4(LanguageServerWrapper.java:260)
	at org.eclipse.lsp4j.jsonrpc.RemoteEndpoint.request(RemoteEndpoint.java:161)
	at org.eclipse.lsp4j.jsonrpc.services.EndpointProxy.invoke(EndpointProxy.java:91)
	at com.sun.proxy.$Proxy66.codeLens(Unknown Source)
	at org.eclipse.lsp4e.operations.codelens.CodeLensProvider.lambda$2(CodeLensProvider.java:43)
	... 15 more
Caused by: java.io.IOException: 파이프가 닫히는 중입니다
	at java.base/java.io.FileOutputStream.writeBytes(Native Method)
	at java.base/java.io.FileOutputStream.write(FileOutputStream.java:354)
	at java.base/java.io.BufferedOutputStream.flushBuffer(BufferedOutputStream.java:81)
	at java.base/java.io.BufferedOutputStream.flush(BufferedOutputStream.java:142)
	at org.eclipse.lsp4j.jsonrpc.json.StreamMessageConsumer.consume(StreamMessageConsumer.java:69)
	... 20 more

!ENTRY org.eclipse.jface.text 4 0 2025-06-20 15:22:07.647
!MESSAGE org.eclipse.lsp4j.jsonrpc.JsonRpcException: java.io.IOException: 파이프가 닫히는 중입니다
!STACK 0
java.util.concurrent.CompletionException: org.eclipse.lsp4j.jsonrpc.JsonRpcException: java.io.IOException: 파이프가 닫히는 중입니다
	at java.base/java.util.concurrent.CompletableFuture.encodeThrowable(CompletableFuture.java:331)
	at java.base/java.util.concurrent.CompletableFuture.uniAcceptNow(CompletableFuture.java:743)
	at java.base/java.util.concurrent.CompletableFuture.uniAcceptStage(CompletableFuture.java:731)
	at java.base/java.util.concurrent.CompletableFuture.thenAcceptAsync(CompletableFuture.java:2118)
	at org.eclipse.lsp4e.operations.codelens.CodeLensProvider.lambda$2(CodeLensProvider.java:44)
	at java.base/java.util.stream.ReferencePipeline$3$1.accept(ReferencePipeline.java:195)
	at java.base/java.util.ArrayList$ArrayListSpliterator.forEachRemaining(ArrayList.java:1655)
	at java.base/java.util.stream.AbstractPipeline.copyInto(AbstractPipeline.java:484)
	at java.base/java.util.stream.AbstractPipeline.wrapAndCopyInto(AbstractPipeline.java:474)
	at java.base/java.util.stream.AbstractPipeline.evaluate(AbstractPipeline.java:550)
	at java.base/java.util.stream.AbstractPipeline.evaluateToArrayNode(AbstractPipeline.java:260)
	at java.base/java.util.stream.ReferencePipeline.toArray(ReferencePipeline.java:517)
	at org.eclipse.lsp4e.operations.codelens.CodeLensProvider.lambda$1(CodeLensProvider.java:52)
	at java.base/java.util.concurrent.CompletableFuture$UniCompose.tryFire(CompletableFuture.java:1072)
	at java.base/java.util.concurrent.CompletableFuture$Completion.exec(CompletableFuture.java:479)
	at java.base/java.util.concurrent.ForkJoinTask.doExec(ForkJoinTask.java:290)
	at java.base/java.util.concurrent.ForkJoinPool$WorkQueue.topLevelExec(ForkJoinPool.java:1020)
	at java.base/java.util.concurrent.ForkJoinPool.scan(ForkJoinPool.java:1656)
	at java.base/java.util.concurrent.ForkJoinPool.runWorker(ForkJoinPool.java:1594)
	at java.base/java.util.concurrent.ForkJoinWorkerThread.run(ForkJoinWorkerThread.java:183)
Caused by: org.eclipse.lsp4j.jsonrpc.JsonRpcException: java.io.IOException: 파이프가 닫히는 중입니다
	at org.eclipse.lsp4j.jsonrpc.json.StreamMessageConsumer.consume(StreamMessageConsumer.java:72)
	at org.eclipse.lsp4e.LanguageServerWrapper.lambda$4(LanguageServerWrapper.java:260)
	at org.eclipse.lsp4j.jsonrpc.RemoteEndpoint.request(RemoteEndpoint.java:161)
	at org.eclipse.lsp4j.jsonrpc.services.EndpointProxy.invoke(EndpointProxy.java:91)
	at com.sun.proxy.$Proxy66.codeLens(Unknown Source)
	at org.eclipse.lsp4e.operations.codelens.CodeLensProvider.lambda$2(CodeLensProvider.java:43)
	... 15 more
Caused by: java.io.IOException: 파이프가 닫히는 중입니다
	at java.base/java.io.FileOutputStream.writeBytes(Native Method)
	at java.base/java.io.FileOutputStream.write(FileOutputStream.java:354)
	at java.base/java.io.BufferedOutputStream.flushBuffer(BufferedOutputStream.java:81)
	at java.base/java.io.BufferedOutputStream.flush(BufferedOutputStream.java:142)
	at org.eclipse.lsp4j.jsonrpc.json.StreamMessageConsumer.consume(StreamMessageConsumer.java:69)
	... 20 more

!ENTRY org.eclipse.jface.text 4 0 2025-06-20 15:22:07.647
!MESSAGE org.eclipse.lsp4j.jsonrpc.JsonRpcException: java.io.IOException: 파이프가 닫히는 중입니다
!STACK 0
java.util.concurrent.CompletionException: org.eclipse.lsp4j.jsonrpc.JsonRpcException: java.io.IOException: 파이프가 닫히는 중입니다
	at java.base/java.util.concurrent.CompletableFuture.encodeThrowable(CompletableFuture.java:331)
	at java.base/java.util.concurrent.CompletableFuture.uniAcceptNow(CompletableFuture.java:743)
	at java.base/java.util.concurrent.CompletableFuture.uniAcceptStage(CompletableFuture.java:731)
	at java.base/java.util.concurrent.CompletableFuture.thenAcceptAsync(CompletableFuture.java:2118)
	at org.eclipse.lsp4e.operations.codelens.CodeLensProvider.lambda$2(CodeLensProvider.java:44)
	at java.base/java.util.stream.ReferencePipeline$3$1.accept(ReferencePipeline.java:195)
	at java.base/java.util.ArrayList$ArrayListSpliterator.forEachRemaining(ArrayList.java:1655)
	at java.base/java.util.stream.AbstractPipeline.copyInto(AbstractPipeline.java:484)
	at java.base/java.util.stream.AbstractPipeline.wrapAndCopyInto(AbstractPipeline.java:474)
	at java.base/java.util.stream.AbstractPipeline.evaluate(AbstractPipeline.java:550)
	at java.base/java.util.stream.AbstractPipeline.evaluateToArrayNode(AbstractPipeline.java:260)
	at java.base/java.util.stream.ReferencePipeline.toArray(ReferencePipeline.java:517)
	at org.eclipse.lsp4e.operations.codelens.CodeLensProvider.lambda$1(CodeLensProvider.java:52)
	at java.base/java.util.concurrent.CompletableFuture$UniCompose.tryFire(CompletableFuture.java:1072)
	at java.base/java.util.concurrent.CompletableFuture$Completion.exec(CompletableFuture.java:479)
	at java.base/java.util.concurrent.ForkJoinTask.doExec(ForkJoinTask.java:290)
	at java.base/java.util.concurrent.ForkJoinPool$WorkQueue.topLevelExec(ForkJoinPool.java:1020)
	at java.base/java.util.concurrent.ForkJoinPool.scan(ForkJoinPool.java:1656)
	at java.base/java.util.concurrent.ForkJoinPool.runWorker(ForkJoinPool.java:1594)
	at java.base/java.util.concurrent.ForkJoinWorkerThread.run(ForkJoinWorkerThread.java:183)
Caused by: org.eclipse.lsp4j.jsonrpc.JsonRpcException: java.io.IOException: 파이프가 닫히는 중입니다
	at org.eclipse.lsp4j.jsonrpc.json.StreamMessageConsumer.consume(StreamMessageConsumer.java:72)
	at org.eclipse.lsp4e.LanguageServerWrapper.lambda$4(LanguageServerWrapper.java:260)
	at org.eclipse.lsp4j.jsonrpc.RemoteEndpoint.request(RemoteEndpoint.java:161)
	at org.eclipse.lsp4j.jsonrpc.services.EndpointProxy.invoke(EndpointProxy.java:91)
	at com.sun.proxy.$Proxy66.codeLens(Unknown Source)
	at org.eclipse.lsp4e.operations.codelens.CodeLensProvider.lambda$2(CodeLensProvider.java:43)
	... 15 more
Caused by: java.io.IOException: 파이프가 닫히는 중입니다
	at java.base/java.io.FileOutputStream.writeBytes(Native Method)
	at java.base/java.io.FileOutputStream.write(FileOutputStream.java:354)
	at java.base/java.io.BufferedOutputStream.flushBuffer(BufferedOutputStream.java:81)
	at java.base/java.io.BufferedOutputStream.flush(BufferedOutputStream.java:142)
	at org.eclipse.lsp4j.jsonrpc.json.StreamMessageConsumer.consume(StreamMessageConsumer.java:69)
	... 20 more

!ENTRY org.eclipse.jface.text 4 0 2025-06-20 15:22:07.651
!MESSAGE org.eclipse.lsp4j.jsonrpc.JsonRpcException: java.io.IOException: 파이프가 닫히는 중입니다
!STACK 0
java.util.concurrent.CompletionException: org.eclipse.lsp4j.jsonrpc.JsonRpcException: java.io.IOException: 파이프가 닫히는 중입니다
	at java.base/java.util.concurrent.CompletableFuture.encodeThrowable(CompletableFuture.java:331)
	at java.base/java.util.concurrent.CompletableFuture.uniAcceptNow(CompletableFuture.java:743)
	at java.base/java.util.concurrent.CompletableFuture.uniAcceptStage(CompletableFuture.java:731)
	at java.base/java.util.concurrent.CompletableFuture.thenAcceptAsync(CompletableFuture.java:2118)
	at org.eclipse.lsp4e.operations.codelens.CodeLensProvider.lambda$2(CodeLensProvider.java:44)
	at java.base/java.util.stream.ReferencePipeline$3$1.accept(ReferencePipeline.java:195)
	at java.base/java.util.ArrayList$ArrayListSpliterator.forEachRemaining(ArrayList.java:1655)
	at java.base/java.util.stream.AbstractPipeline.copyInto(AbstractPipeline.java:484)
	at java.base/java.util.stream.AbstractPipeline.wrapAndCopyInto(AbstractPipeline.java:474)
	at java.base/java.util.stream.AbstractPipeline.evaluate(AbstractPipeline.java:550)
	at java.base/java.util.stream.AbstractPipeline.evaluateToArrayNode(AbstractPipeline.java:260)
	at java.base/java.util.stream.ReferencePipeline.toArray(ReferencePipeline.java:517)
	at org.eclipse.lsp4e.operations.codelens.CodeLensProvider.lambda$1(CodeLensProvider.java:52)
	at java.base/java.util.concurrent.CompletableFuture$UniCompose.tryFire(CompletableFuture.java:1072)
	at java.base/java.util.concurrent.CompletableFuture$Completion.exec(CompletableFuture.java:479)
	at java.base/java.util.concurrent.ForkJoinTask.doExec(ForkJoinTask.java:290)
	at java.base/java.util.concurrent.ForkJoinPool$WorkQueue.topLevelExec(ForkJoinPool.java:1020)
	at java.base/java.util.concurrent.ForkJoinPool.scan(ForkJoinPool.java:1656)
	at java.base/java.util.concurrent.ForkJoinPool.runWorker(ForkJoinPool.java:1594)
	at java.base/java.util.concurrent.ForkJoinWorkerThread.run(ForkJoinWorkerThread.java:183)
Caused by: org.eclipse.lsp4j.jsonrpc.JsonRpcException: java.io.IOException: 파이프가 닫히는 중입니다
	at org.eclipse.lsp4j.jsonrpc.json.StreamMessageConsumer.consume(StreamMessageConsumer.java:72)
	at org.eclipse.lsp4e.LanguageServerWrapper.lambda$4(LanguageServerWrapper.java:260)
	at org.eclipse.lsp4j.jsonrpc.RemoteEndpoint.request(RemoteEndpoint.java:161)
	at org.eclipse.lsp4j.jsonrpc.services.EndpointProxy.invoke(EndpointProxy.java:91)
	at com.sun.proxy.$Proxy66.codeLens(Unknown Source)
	at org.eclipse.lsp4e.operations.codelens.CodeLensProvider.lambda$2(CodeLensProvider.java:43)
	... 15 more
Caused by: java.io.IOException: 파이프가 닫히는 중입니다
	at java.base/java.io.FileOutputStream.writeBytes(Native Method)
	at java.base/java.io.FileOutputStream.write(FileOutputStream.java:354)
	at java.base/java.io.BufferedOutputStream.flushBuffer(BufferedOutputStream.java:81)
	at java.base/java.io.BufferedOutputStream.flush(BufferedOutputStream.java:142)
	at org.eclipse.lsp4j.jsonrpc.json.StreamMessageConsumer.consume(StreamMessageConsumer.java:69)
	... 20 more

!ENTRY org.springframework.tooling.ls.eclipse.commons 1 0 2025-06-20 15:22:07.678
!MESSAGE ClasspathListenerHandler addClasspathListener sts4.classpath.UQOcAYoMisBatched = true

!ENTRY org.springframework.tooling.ls.eclipse.commons 1 0 2025-06-20 15:22:07.678
!MESSAGE Setting up ClasspathListenerManager

!ENTRY org.springframework.tooling.ls.eclipse.commons 1 0 2025-06-20 15:22:07.678
!MESSAGE Scheduling initial event for all projects ...

!ENTRY org.springframework.tooling.ls.eclipse.commons 1 0 2025-06-20 15:22:07.678
!MESSAGE Scheduling initial event for all projects DONE

!ENTRY org.springframework.tooling.ls.eclipse.commons 1 0 2025-06-20 15:22:07.679
!MESSAGE ClasspathListenerHandler addClasspathListener sts4.classpath.UQOcAYoM => OK

!ENTRY org.springframework.tooling.ls.eclipse.commons 1 0 2025-06-20 15:22:07.679
!MESSAGE exists = true open = true => deleted = false

!ENTRY org.springframework.tooling.ls.eclipse.commons 1 0 2025-06-20 15:22:07.681
!MESSAGE classpath=57 entries

!ENTRY org.springframework.tooling.ls.eclipse.commons 1 0 2025-06-20 15:22:07.682
!MESSAGE buffering callback sts4.classpath.UQOcAYoM ServiceExam false 57

!ENTRY org.springframework.tooling.ls.eclipse.commons 1 0 2025-06-20 15:22:07.682
!MESSAGE executing callback sts4.classpath.UQOcAYoM 1 batched events

!ENTRY org.springframework.tooling.ls.eclipse.commons 1 0 2025-06-20 15:22:07.879
!MESSAGE executing callback sts4.classpath.UQOcAYoM SUCCESS [done]

!ENTRY org.eclipse.lsp4e 4 0 2025-06-20 15:22:07.880
!MESSAGE org.eclipse.lsp4j.jsonrpc.JsonRpcException: java.io.IOException: 파이프가 닫히는 중입니다
!STACK 0
java.util.concurrent.ExecutionException: org.eclipse.lsp4j.jsonrpc.JsonRpcException: java.io.IOException: 파이프가 닫히는 중입니다
	at java.base/java.util.concurrent.CompletableFuture.reportGet(CompletableFuture.java:395)
	at java.base/java.util.concurrent.CompletableFuture.get(CompletableFuture.java:2028)
	at org.eclipse.lsp4e.LanguageServerWrapper.lambda$13(LanguageServerWrapper.java:425)
	at java.base/java.util.concurrent.CompletableFuture$AsyncRun.run(CompletableFuture.java:1736)
	at java.base/java.util.concurrent.CompletableFuture$AsyncRun.exec(CompletableFuture.java:1728)
	at java.base/java.util.concurrent.ForkJoinTask.doExec(ForkJoinTask.java:290)
	at java.base/java.util.concurrent.ForkJoinPool$WorkQueue.topLevelExec(ForkJoinPool.java:1020)
	at java.base/java.util.concurrent.ForkJoinPool.scan(ForkJoinPool.java:1656)
	at java.base/java.util.concurrent.ForkJoinPool.runWorker(ForkJoinPool.java:1594)
	at java.base/java.util.concurrent.ForkJoinWorkerThread.run(ForkJoinWorkerThread.java:183)
Caused by: org.eclipse.lsp4j.jsonrpc.JsonRpcException: java.io.IOException: 파이프가 닫히는 중입니다
	at org.eclipse.lsp4j.jsonrpc.json.StreamMessageConsumer.consume(StreamMessageConsumer.java:72)
	at org.eclipse.lsp4e.LanguageServerWrapper.lambda$4(LanguageServerWrapper.java:260)
	at org.eclipse.lsp4j.jsonrpc.RemoteEndpoint.request(RemoteEndpoint.java:161)
	at org.eclipse.lsp4j.jsonrpc.services.EndpointProxy.invoke(EndpointProxy.java:91)
	at com.sun.proxy.$Proxy68.shutdown(Unknown Source)
	at org.eclipse.lsp4e.LanguageServerWrapper.lambda$13(LanguageServerWrapper.java:423)
	... 7 more
Caused by: java.io.IOException: 파이프가 닫히는 중입니다
	at java.base/java.io.FileOutputStream.writeBytes(Native Method)
	at java.base/java.io.FileOutputStream.write(FileOutputStream.java:354)
	at java.base/java.io.BufferedOutputStream.flushBuffer(BufferedOutputStream.java:81)
	at java.base/java.io.BufferedOutputStream.flush(BufferedOutputStream.java:142)
	at org.eclipse.lsp4j.jsonrpc.json.StreamMessageConsumer.consume(StreamMessageConsumer.java:69)
	... 12 more

!ENTRY org.eclipse.lsp4e 4 0 2025-06-20 15:22:07.881
!MESSAGE org.eclipse.lsp4j.jsonrpc.JsonRpcException: java.io.IOException: 파이프가 닫히는 중입니다
!STACK 0
java.util.concurrent.ExecutionException: org.eclipse.lsp4j.jsonrpc.JsonRpcException: java.io.IOException: 파이프가 닫히는 중입니다
	at java.base/java.util.concurrent.CompletableFuture.reportGet(CompletableFuture.java:395)
	at java.base/java.util.concurrent.CompletableFuture.get(CompletableFuture.java:2028)
	at org.eclipse.lsp4e.LanguageServerWrapper.lambda$13(LanguageServerWrapper.java:425)
	at java.base/java.util.concurrent.CompletableFuture$AsyncRun.run(CompletableFuture.java:1736)
	at java.base/java.util.concurrent.CompletableFuture$AsyncRun.exec(CompletableFuture.java:1728)
	at java.base/java.util.concurrent.ForkJoinTask.doExec(ForkJoinTask.java:290)
	at java.base/java.util.concurrent.ForkJoinPool$WorkQueue.topLevelExec(ForkJoinPool.java:1020)
	at java.base/java.util.concurrent.ForkJoinPool.scan(ForkJoinPool.java:1656)
	at java.base/java.util.concurrent.ForkJoinPool.runWorker(ForkJoinPool.java:1594)
	at java.base/java.util.concurrent.ForkJoinWorkerThread.run(ForkJoinWorkerThread.java:183)
Caused by: org.eclipse.lsp4j.jsonrpc.JsonRpcException: java.io.IOException: 파이프가 닫히는 중입니다
	at org.eclipse.lsp4j.jsonrpc.json.StreamMessageConsumer.consume(StreamMessageConsumer.java:72)
	at org.eclipse.lsp4e.LanguageServerWrapper.lambda$4(LanguageServerWrapper.java:260)
	at org.eclipse.lsp4j.jsonrpc.RemoteEndpoint.request(RemoteEndpoint.java:161)
	at org.eclipse.lsp4j.jsonrpc.services.EndpointProxy.invoke(EndpointProxy.java:91)
	at com.sun.proxy.$Proxy68.shutdown(Unknown Source)
	at org.eclipse.lsp4e.LanguageServerWrapper.lambda$13(LanguageServerWrapper.java:423)
	... 7 more
Caused by: java.io.IOException: 파이프가 닫히는 중입니다
	at java.base/java.io.FileOutputStream.writeBytes(Native Method)
	at java.base/java.io.FileOutputStream.write(FileOutputStream.java:354)
	at java.base/java.io.BufferedOutputStream.flushBuffer(BufferedOutputStream.java:81)
	at java.base/java.io.BufferedOutputStream.flush(BufferedOutputStream.java:142)
	at org.eclipse.lsp4j.jsonrpc.json.StreamMessageConsumer.consume(StreamMessageConsumer.java:69)
	... 12 more

!ENTRY org.springframework.tooling.ls.eclipse.commons 1 0 2025-06-20 15:22:07.881
!MESSAGE Entering DelegatingStreamConnectionProvider()

!ENTRY org.springframework.tooling.ls.eclipse.commons 1 0 2025-06-20 15:22:07.882
!MESSAGE DelegatingStreamConnectionProvider classloader = org.eclipse.osgi.internal.loader.EquinoxClassLoader@580cb668[org.springframework.tooling.boot.ls:1.28.0.202109130547(id=1001)]

!ENTRY org.springframework.tooling.ls.eclipse.commons 1 0 2025-06-20 15:22:07.882
!MESSAGE SpringBootLanguageServer exists!

!ENTRY org.springframework.tooling.ls.eclipse.commons 1 0 2025-06-20 15:22:08.911
!MESSAGE Boot LS startup time from start to initialized: 1027ms

!ENTRY org.eclipse.jface.text 4 0 2025-06-20 15:22:08.945
!MESSAGE org.eclipse.lsp4j.jsonrpc.JsonRpcException: java.io.IOException: 파이프가 닫히는 중입니다
!STACK 0
java.util.concurrent.CompletionException: org.eclipse.lsp4j.jsonrpc.JsonRpcException: java.io.IOException: 파이프가 닫히는 중입니다
	at java.base/java.util.concurrent.CompletableFuture.encodeThrowable(CompletableFuture.java:331)
	at java.base/java.util.concurrent.CompletableFuture.uniAcceptNow(CompletableFuture.java:743)
	at java.base/java.util.concurrent.CompletableFuture.uniAcceptStage(CompletableFuture.java:731)
	at java.base/java.util.concurrent.CompletableFuture.thenAcceptAsync(CompletableFuture.java:2118)
	at org.eclipse.lsp4e.operations.codelens.CodeLensProvider.lambda$2(CodeLensProvider.java:44)
	at java.base/java.util.stream.ReferencePipeline$3$1.accept(ReferencePipeline.java:195)
	at java.base/java.util.ArrayList$ArrayListSpliterator.forEachRemaining(ArrayList.java:1655)
	at java.base/java.util.stream.AbstractPipeline.copyInto(AbstractPipeline.java:484)
	at java.base/java.util.stream.AbstractPipeline.wrapAndCopyInto(AbstractPipeline.java:474)
	at java.base/java.util.stream.AbstractPipeline.evaluate(AbstractPipeline.java:550)
	at java.base/java.util.stream.AbstractPipeline.evaluateToArrayNode(AbstractPipeline.java:260)
	at java.base/java.util.stream.ReferencePipeline.toArray(ReferencePipeline.java:517)
	at org.eclipse.lsp4e.operations.codelens.CodeLensProvider.lambda$1(CodeLensProvider.java:52)
	at java.base/java.util.concurrent.CompletableFuture$UniCompose.tryFire(CompletableFuture.java:1072)
	at java.base/java.util.concurrent.CompletableFuture$Completion.exec(CompletableFuture.java:479)
	at java.base/java.util.concurrent.ForkJoinTask.doExec(ForkJoinTask.java:290)
	at java.base/java.util.concurrent.ForkJoinPool$WorkQueue.topLevelExec(ForkJoinPool.java:1020)
	at java.base/java.util.concurrent.ForkJoinPool.scan(ForkJoinPool.java:1656)
	at java.base/java.util.concurrent.ForkJoinPool.runWorker(ForkJoinPool.java:1594)
	at java.base/java.util.concurrent.ForkJoinWorkerThread.run(ForkJoinWorkerThread.java:183)
Caused by: org.eclipse.lsp4j.jsonrpc.JsonRpcException: java.io.IOException: 파이프가 닫히는 중입니다
	at org.eclipse.lsp4j.jsonrpc.json.StreamMessageConsumer.consume(StreamMessageConsumer.java:72)
	at org.eclipse.lsp4e.LanguageServerWrapper.lambda$4(LanguageServerWrapper.java:260)
	at org.eclipse.lsp4j.jsonrpc.RemoteEndpoint.request(RemoteEndpoint.java:161)
	at org.eclipse.lsp4j.jsonrpc.services.EndpointProxy.invoke(EndpointProxy.java:91)
	at com.sun.proxy.$Proxy66.codeLens(Unknown Source)
	at org.eclipse.lsp4e.operations.codelens.CodeLensProvider.lambda$2(CodeLensProvider.java:43)
	... 15 more
Caused by: java.io.IOException: 파이프가 닫히는 중입니다
	at java.base/java.io.FileOutputStream.writeBytes(Native Method)
	at java.base/java.io.FileOutputStream.write(FileOutputStream.java:354)
	at java.base/java.io.BufferedOutputStream.flushBuffer(BufferedOutputStream.java:81)
	at java.base/java.io.BufferedOutputStream.flush(BufferedOutputStream.java:142)
	at org.eclipse.lsp4j.jsonrpc.json.StreamMessageConsumer.consume(StreamMessageConsumer.java:69)
	... 20 more

!ENTRY org.eclipse.jface.text 4 0 2025-06-20 15:22:08.945
!MESSAGE org.eclipse.lsp4j.jsonrpc.JsonRpcException: java.io.IOException: 파이프가 닫히는 중입니다
!STACK 0
java.util.concurrent.CompletionException: org.eclipse.lsp4j.jsonrpc.JsonRpcException: java.io.IOException: 파이프가 닫히는 중입니다
	at java.base/java.util.concurrent.CompletableFuture.encodeThrowable(CompletableFuture.java:331)
	at java.base/java.util.concurrent.CompletableFuture.uniAcceptNow(CompletableFuture.java:743)
	at java.base/java.util.concurrent.CompletableFuture.uniAcceptStage(CompletableFuture.java:731)
	at java.base/java.util.concurrent.CompletableFuture.thenAcceptAsync(CompletableFuture.java:2118)
	at org.eclipse.lsp4e.operations.codelens.CodeLensProvider.lambda$2(CodeLensProvider.java:44)
	at java.base/java.util.stream.ReferencePipeline$3$1.accept(ReferencePipeline.java:195)
	at java.base/java.util.ArrayList$ArrayListSpliterator.forEachRemaining(ArrayList.java:1655)
	at java.base/java.util.stream.AbstractPipeline.copyInto(AbstractPipeline.java:484)
	at java.base/java.util.stream.AbstractPipeline.wrapAndCopyInto(AbstractPipeline.java:474)
	at java.base/java.util.stream.AbstractPipeline.evaluate(AbstractPipeline.java:550)
	at java.base/java.util.stream.AbstractPipeline.evaluateToArrayNode(AbstractPipeline.java:260)
	at java.base/java.util.stream.ReferencePipeline.toArray(ReferencePipeline.java:517)
	at org.eclipse.lsp4e.operations.codelens.CodeLensProvider.lambda$1(CodeLensProvider.java:52)
	at java.base/java.util.concurrent.CompletableFuture$UniCompose.tryFire(CompletableFuture.java:1072)
	at java.base/java.util.concurrent.CompletableFuture$Completion.exec(CompletableFuture.java:479)
	at java.base/java.util.concurrent.ForkJoinTask.doExec(ForkJoinTask.java:290)
	at java.base/java.util.concurrent.ForkJoinPool$WorkQueue.topLevelExec(ForkJoinPool.java:1020)
	at java.base/java.util.concurrent.ForkJoinPool.scan(ForkJoinPool.java:1656)
	at java.base/java.util.concurrent.ForkJoinPool.runWorker(ForkJoinPool.java:1594)
	at java.base/java.util.concurrent.ForkJoinWorkerThread.run(ForkJoinWorkerThread.java:183)
Caused by: org.eclipse.lsp4j.jsonrpc.JsonRpcException: java.io.IOException: 파이프가 닫히는 중입니다
	at org.eclipse.lsp4j.jsonrpc.json.StreamMessageConsumer.consume(StreamMessageConsumer.java:72)
	at org.eclipse.lsp4e.LanguageServerWrapper.lambda$4(LanguageServerWrapper.java:260)
	at org.eclipse.lsp4j.jsonrpc.RemoteEndpoint.request(RemoteEndpoint.java:161)
	at org.eclipse.lsp4j.jsonrpc.services.EndpointProxy.invoke(EndpointProxy.java:91)
	at com.sun.proxy.$Proxy66.codeLens(Unknown Source)
	at org.eclipse.lsp4e.operations.codelens.CodeLensProvider.lambda$2(CodeLensProvider.java:43)
	... 15 more
Caused by: java.io.IOException: 파이프가 닫히는 중입니다
	at java.base/java.io.FileOutputStream.writeBytes(Native Method)
	at java.base/java.io.FileOutputStream.write(FileOutputStream.java:354)
	at java.base/java.io.BufferedOutputStream.flushBuffer(BufferedOutputStream.java:81)
	at java.base/java.io.BufferedOutputStream.flush(BufferedOutputStream.java:142)
	at org.eclipse.lsp4j.jsonrpc.json.StreamMessageConsumer.consume(StreamMessageConsumer.java:69)
	... 20 more

!ENTRY org.eclipse.jface.text 4 0 2025-06-20 15:22:08.957
!MESSAGE org.eclipse.lsp4j.jsonrpc.JsonRpcException: java.io.IOException: 파이프가 닫히는 중입니다
!STACK 0
java.util.concurrent.CompletionException: org.eclipse.lsp4j.jsonrpc.JsonRpcException: java.io.IOException: 파이프가 닫히는 중입니다
	at java.base/java.util.concurrent.CompletableFuture.encodeThrowable(CompletableFuture.java:331)
	at java.base/java.util.concurrent.CompletableFuture.uniAcceptNow(CompletableFuture.java:743)
	at java.base/java.util.concurrent.CompletableFuture.uniAcceptStage(CompletableFuture.java:731)
	at java.base/java.util.concurrent.CompletableFuture.thenAcceptAsync(CompletableFuture.java:2118)
	at org.eclipse.lsp4e.operations.codelens.CodeLensProvider.lambda$2(CodeLensProvider.java:44)
	at java.base/java.util.stream.ReferencePipeline$3$1.accept(ReferencePipeline.java:195)
	at java.base/java.util.ArrayList$ArrayListSpliterator.forEachRemaining(ArrayList.java:1655)
	at java.base/java.util.stream.AbstractPipeline.copyInto(AbstractPipeline.java:484)
	at java.base/java.util.stream.AbstractPipeline.wrapAndCopyInto(AbstractPipeline.java:474)
	at java.base/java.util.stream.AbstractPipeline.evaluate(AbstractPipeline.java:550)
	at java.base/java.util.stream.AbstractPipeline.evaluateToArrayNode(AbstractPipeline.java:260)
	at java.base/java.util.stream.ReferencePipeline.toArray(ReferencePipeline.java:517)
	at org.eclipse.lsp4e.operations.codelens.CodeLensProvider.lambda$1(CodeLensProvider.java:52)
	at java.base/java.util.concurrent.CompletableFuture$UniCompose.tryFire(CompletableFuture.java:1072)
	at java.base/java.util.concurrent.CompletableFuture$Completion.exec(CompletableFuture.java:479)
	at java.base/java.util.concurrent.ForkJoinTask.doExec(ForkJoinTask.java:290)
	at java.base/java.util.concurrent.ForkJoinPool$WorkQueue.topLevelExec(ForkJoinPool.java:1020)
	at java.base/java.util.concurrent.ForkJoinPool.scan(ForkJoinPool.java:1656)
	at java.base/java.util.concurrent.ForkJoinPool.runWorker(ForkJoinPool.java:1594)
	at java.base/java.util.concurrent.ForkJoinWorkerThread.run(ForkJoinWorkerThread.java:183)
Caused by: org.eclipse.lsp4j.jsonrpc.JsonRpcException: java.io.IOException: 파이프가 닫히는 중입니다
	at org.eclipse.lsp4j.jsonrpc.json.StreamMessageConsumer.consume(StreamMessageConsumer.java:72)
	at org.eclipse.lsp4e.LanguageServerWrapper.lambda$4(LanguageServerWrapper.java:260)
	at org.eclipse.lsp4j.jsonrpc.RemoteEndpoint.request(RemoteEndpoint.java:161)
	at org.eclipse.lsp4j.jsonrpc.services.EndpointProxy.invoke(EndpointProxy.java:91)
	at com.sun.proxy.$Proxy66.codeLens(Unknown Source)
	at org.eclipse.lsp4e.operations.codelens.CodeLensProvider.lambda$2(CodeLensProvider.java:43)
	... 15 more
Caused by: java.io.IOException: 파이프가 닫히는 중입니다
	at java.base/java.io.FileOutputStream.writeBytes(Native Method)
	at java.base/java.io.FileOutputStream.write(FileOutputStream.java:354)
	at java.base/java.io.BufferedOutputStream.flushBuffer(BufferedOutputStream.java:81)
	at java.base/java.io.BufferedOutputStream.flush(BufferedOutputStream.java:142)
	at org.eclipse.lsp4j.jsonrpc.json.StreamMessageConsumer.consume(StreamMessageConsumer.java:69)
	... 20 more

!ENTRY org.eclipse.jface.text 4 0 2025-06-20 15:22:08.957
!MESSAGE org.eclipse.lsp4j.jsonrpc.JsonRpcException: java.io.IOException: 파이프가 닫히는 중입니다
!STACK 0
java.util.concurrent.CompletionException: org.eclipse.lsp4j.jsonrpc.JsonRpcException: java.io.IOException: 파이프가 닫히는 중입니다
	at java.base/java.util.concurrent.CompletableFuture.encodeThrowable(CompletableFuture.java:331)
	at java.base/java.util.concurrent.CompletableFuture.uniAcceptNow(CompletableFuture.java:743)
	at java.base/java.util.concurrent.CompletableFuture.uniAcceptStage(CompletableFuture.java:731)
	at java.base/java.util.concurrent.CompletableFuture.thenAcceptAsync(CompletableFuture.java:2118)
	at org.eclipse.lsp4e.operations.codelens.CodeLensProvider.lambda$2(CodeLensProvider.java:44)
	at java.base/java.util.stream.ReferencePipeline$3$1.accept(ReferencePipeline.java:195)
	at java.base/java.util.ArrayList$ArrayListSpliterator.forEachRemaining(ArrayList.java:1655)
	at java.base/java.util.stream.AbstractPipeline.copyInto(AbstractPipeline.java:484)
	at java.base/java.util.stream.AbstractPipeline.wrapAndCopyInto(AbstractPipeline.java:474)
	at java.base/java.util.stream.AbstractPipeline.evaluate(AbstractPipeline.java:550)
	at java.base/java.util.stream.AbstractPipeline.evaluateToArrayNode(AbstractPipeline.java:260)
	at java.base/java.util.stream.ReferencePipeline.toArray(ReferencePipeline.java:517)
	at org.eclipse.lsp4e.operations.codelens.CodeLensProvider.lambda$1(CodeLensProvider.java:52)
	at java.base/java.util.concurrent.CompletableFuture$UniCompose.tryFire(CompletableFuture.java:1072)
	at java.base/java.util.concurrent.CompletableFuture$Completion.exec(CompletableFuture.java:479)
	at java.base/java.util.concurrent.ForkJoinTask.doExec(ForkJoinTask.java:290)
	at java.base/java.util.concurrent.ForkJoinPool$WorkQueue.topLevelExec(ForkJoinPool.java:1020)
	at java.base/java.util.concurrent.ForkJoinPool.scan(ForkJoinPool.java:1656)
	at java.base/java.util.concurrent.ForkJoinPool.runWorker(ForkJoinPool.java:1594)
	at java.base/java.util.concurrent.ForkJoinWorkerThread.run(ForkJoinWorkerThread.java:183)
Caused by: org.eclipse.lsp4j.jsonrpc.JsonRpcException: java.io.IOException: 파이프가 닫히는 중입니다
	at org.eclipse.lsp4j.jsonrpc.json.StreamMessageConsumer.consume(StreamMessageConsumer.java:72)
	at org.eclipse.lsp4e.LanguageServerWrapper.lambda$4(LanguageServerWrapper.java:260)
	at org.eclipse.lsp4j.jsonrpc.RemoteEndpoint.request(RemoteEndpoint.java:161)
	at org.eclipse.lsp4j.jsonrpc.services.EndpointProxy.invoke(EndpointProxy.java:91)
	at com.sun.proxy.$Proxy66.codeLens(Unknown Source)
	at org.eclipse.lsp4e.operations.codelens.CodeLensProvider.lambda$2(CodeLensProvider.java:43)
	... 15 more
Caused by: java.io.IOException: 파이프가 닫히는 중입니다
	at java.base/java.io.FileOutputStream.writeBytes(Native Method)
	at java.base/java.io.FileOutputStream.write(FileOutputStream.java:354)
	at java.base/java.io.BufferedOutputStream.flushBuffer(BufferedOutputStream.java:81)
	at java.base/java.io.BufferedOutputStream.flush(BufferedOutputStream.java:142)
	at org.eclipse.lsp4j.jsonrpc.json.StreamMessageConsumer.consume(StreamMessageConsumer.java:69)
	... 20 more

!ENTRY org.springframework.tooling.ls.eclipse.commons 1 0 2025-06-20 15:22:08.972
!MESSAGE ClasspathListenerHandler addClasspathListener sts4.classpath.nSbocJDKisBatched = true

!ENTRY org.springframework.tooling.ls.eclipse.commons 1 0 2025-06-20 15:22:08.972
!MESSAGE Setting up ClasspathListenerManager

!ENTRY org.springframework.tooling.ls.eclipse.commons 1 0 2025-06-20 15:22:08.973
!MESSAGE Scheduling initial event for all projects ...

!ENTRY org.springframework.tooling.ls.eclipse.commons 1 0 2025-06-20 15:22:08.973
!MESSAGE Scheduling initial event for all projects DONE

!ENTRY org.springframework.tooling.ls.eclipse.commons 1 0 2025-06-20 15:22:08.973
!MESSAGE exists = true open = true => deleted = false

!ENTRY org.springframework.tooling.ls.eclipse.commons 1 0 2025-06-20 15:22:08.973
!MESSAGE ClasspathListenerHandler addClasspathListener sts4.classpath.nSbocJDK => OK

!ENTRY org.springframework.tooling.ls.eclipse.commons 1 0 2025-06-20 15:22:08.976
!MESSAGE classpath=57 entries

!ENTRY org.springframework.tooling.ls.eclipse.commons 1 0 2025-06-20 15:22:08.976
!MESSAGE buffering callback sts4.classpath.nSbocJDK ServiceExam false 57

!ENTRY org.springframework.tooling.ls.eclipse.commons 1 0 2025-06-20 15:22:08.977
!MESSAGE executing callback sts4.classpath.nSbocJDK 1 batched events

!ENTRY org.springframework.tooling.ls.eclipse.commons 1 0 2025-06-20 15:22:09.193
!MESSAGE executing callback sts4.classpath.nSbocJDK SUCCESS [done]

!ENTRY org.springframework.tooling.ls.eclipse.commons 1 0 2025-06-20 15:22:09.194
!MESSAGE Entering DelegatingStreamConnectionProvider()

!ENTRY org.eclipse.lsp4e 4 0 2025-06-20 15:22:09.194
!MESSAGE org.eclipse.lsp4j.jsonrpc.JsonRpcException: java.io.IOException: 파이프가 닫히는 중입니다
!STACK 0
java.util.concurrent.ExecutionException: org.eclipse.lsp4j.jsonrpc.JsonRpcException: java.io.IOException: 파이프가 닫히는 중입니다
	at java.base/java.util.concurrent.CompletableFuture.reportGet(CompletableFuture.java:395)
	at java.base/java.util.concurrent.CompletableFuture.get(CompletableFuture.java:2028)
	at org.eclipse.lsp4e.LanguageServerWrapper.lambda$13(LanguageServerWrapper.java:425)
	at java.base/java.util.concurrent.CompletableFuture$AsyncRun.run(CompletableFuture.java:1736)
	at java.base/java.util.concurrent.CompletableFuture$AsyncRun.exec(CompletableFuture.java:1728)
	at java.base/java.util.concurrent.ForkJoinTask.doExec(ForkJoinTask.java:290)
	at java.base/java.util.concurrent.ForkJoinPool$WorkQueue.topLevelExec(ForkJoinPool.java:1020)
	at java.base/java.util.concurrent.ForkJoinPool.scan(ForkJoinPool.java:1656)
	at java.base/java.util.concurrent.ForkJoinPool.runWorker(ForkJoinPool.java:1594)
	at java.base/java.util.concurrent.ForkJoinWorkerThread.run(ForkJoinWorkerThread.java:183)
Caused by: org.eclipse.lsp4j.jsonrpc.JsonRpcException: java.io.IOException: 파이프가 닫히는 중입니다
	at org.eclipse.lsp4j.jsonrpc.json.StreamMessageConsumer.consume(StreamMessageConsumer.java:72)
	at org.eclipse.lsp4e.LanguageServerWrapper.lambda$4(LanguageServerWrapper.java:260)
	at org.eclipse.lsp4j.jsonrpc.RemoteEndpoint.request(RemoteEndpoint.java:161)
	at org.eclipse.lsp4j.jsonrpc.services.EndpointProxy.invoke(EndpointProxy.java:91)
	at com.sun.proxy.$Proxy68.shutdown(Unknown Source)
	at org.eclipse.lsp4e.LanguageServerWrapper.lambda$13(LanguageServerWrapper.java:423)
	... 7 more
Caused by: java.io.IOException: 파이프가 닫히는 중입니다
	at java.base/java.io.FileOutputStream.writeBytes(Native Method)
	at java.base/java.io.FileOutputStream.write(FileOutputStream.java:354)
	at java.base/java.io.BufferedOutputStream.flushBuffer(BufferedOutputStream.java:81)
	at java.base/java.io.BufferedOutputStream.flush(BufferedOutputStream.java:142)
	at org.eclipse.lsp4j.jsonrpc.json.StreamMessageConsumer.consume(StreamMessageConsumer.java:69)
	... 12 more

!ENTRY org.eclipse.lsp4e 4 0 2025-06-20 15:22:09.194
!MESSAGE org.eclipse.lsp4j.jsonrpc.JsonRpcException: java.io.IOException: 파이프가 닫히는 중입니다
!STACK 0
java.util.concurrent.ExecutionException: org.eclipse.lsp4j.jsonrpc.JsonRpcException: java.io.IOException: 파이프가 닫히는 중입니다
	at java.base/java.util.concurrent.CompletableFuture.reportGet(CompletableFuture.java:395)
	at java.base/java.util.concurrent.CompletableFuture.get(CompletableFuture.java:2028)
	at org.eclipse.lsp4e.LanguageServerWrapper.lambda$13(LanguageServerWrapper.java:425)
	at java.base/java.util.concurrent.CompletableFuture$AsyncRun.run(CompletableFuture.java:1736)
	at java.base/java.util.concurrent.CompletableFuture$AsyncRun.exec(CompletableFuture.java:1728)
	at java.base/java.util.concurrent.ForkJoinTask.doExec(ForkJoinTask.java:290)
	at java.base/java.util.concurrent.ForkJoinPool$WorkQueue.topLevelExec(ForkJoinPool.java:1020)
	at java.base/java.util.concurrent.ForkJoinPool.scan(ForkJoinPool.java:1656)
	at java.base/java.util.concurrent.ForkJoinPool.runWorker(ForkJoinPool.java:1594)
	at java.base/java.util.concurrent.ForkJoinWorkerThread.run(ForkJoinWorkerThread.java:183)
Caused by: org.eclipse.lsp4j.jsonrpc.JsonRpcException: java.io.IOException: 파이프가 닫히는 중입니다
	at org.eclipse.lsp4j.jsonrpc.json.StreamMessageConsumer.consume(StreamMessageConsumer.java:72)
	at org.eclipse.lsp4e.LanguageServerWrapper.lambda$4(LanguageServerWrapper.java:260)
	at org.eclipse.lsp4j.jsonrpc.RemoteEndpoint.request(RemoteEndpoint.java:161)
	at org.eclipse.lsp4j.jsonrpc.services.EndpointProxy.invoke(EndpointProxy.java:91)
	at com.sun.proxy.$Proxy68.shutdown(Unknown Source)
	at org.eclipse.lsp4e.LanguageServerWrapper.lambda$13(LanguageServerWrapper.java:423)
	... 7 more
Caused by: java.io.IOException: 파이프가 닫히는 중입니다
	at java.base/java.io.FileOutputStream.writeBytes(Native Method)
	at java.base/java.io.FileOutputStream.write(FileOutputStream.java:354)
	at java.base/java.io.BufferedOutputStream.flushBuffer(BufferedOutputStream.java:81)
	at java.base/java.io.BufferedOutputStream.flush(BufferedOutputStream.java:142)
	at org.eclipse.lsp4j.jsonrpc.json.StreamMessageConsumer.consume(StreamMessageConsumer.java:69)
	... 12 more

!ENTRY org.springframework.tooling.ls.eclipse.commons 1 0 2025-06-20 15:22:09.194
!MESSAGE DelegatingStreamConnectionProvider classloader = org.eclipse.osgi.internal.loader.EquinoxClassLoader@580cb668[org.springframework.tooling.boot.ls:1.28.0.202109130547(id=1001)]

!ENTRY org.springframework.tooling.ls.eclipse.commons 1 0 2025-06-20 15:22:09.194
!MESSAGE SpringBootLanguageServer exists!

!ENTRY org.springframework.tooling.ls.eclipse.commons 1 0 2025-06-20 15:22:10.240
!MESSAGE Boot LS startup time from start to initialized: 1045ms

!ENTRY org.eclipse.jface.text 4 0 2025-06-20 15:22:10.270
!MESSAGE org.eclipse.lsp4j.jsonrpc.JsonRpcException: java.io.IOException: 파이프가 닫히는 중입니다
!STACK 0
java.util.concurrent.CompletionException: org.eclipse.lsp4j.jsonrpc.JsonRpcException: java.io.IOException: 파이프가 닫히는 중입니다
	at java.base/java.util.concurrent.CompletableFuture.encodeThrowable(CompletableFuture.java:331)
	at java.base/java.util.concurrent.CompletableFuture.uniAcceptNow(CompletableFuture.java:743)
	at java.base/java.util.concurrent.CompletableFuture.uniAcceptStage(CompletableFuture.java:731)
	at java.base/java.util.concurrent.CompletableFuture.thenAcceptAsync(CompletableFuture.java:2118)
	at org.eclipse.lsp4e.operations.codelens.CodeLensProvider.lambda$2(CodeLensProvider.java:44)
	at java.base/java.util.stream.ReferencePipeline$3$1.accept(ReferencePipeline.java:195)
	at java.base/java.util.ArrayList$ArrayListSpliterator.forEachRemaining(ArrayList.java:1655)
	at java.base/java.util.stream.AbstractPipeline.copyInto(AbstractPipeline.java:484)
	at java.base/java.util.stream.AbstractPipeline.wrapAndCopyInto(AbstractPipeline.java:474)
	at java.base/java.util.stream.AbstractPipeline.evaluate(AbstractPipeline.java:550)
	at java.base/java.util.stream.AbstractPipeline.evaluateToArrayNode(AbstractPipeline.java:260)
	at java.base/java.util.stream.ReferencePipeline.toArray(ReferencePipeline.java:517)
	at org.eclipse.lsp4e.operations.codelens.CodeLensProvider.lambda$1(CodeLensProvider.java:52)
	at java.base/java.util.concurrent.CompletableFuture$UniCompose.tryFire(CompletableFuture.java:1072)
	at java.base/java.util.concurrent.CompletableFuture$Completion.exec(CompletableFuture.java:479)
	at java.base/java.util.concurrent.ForkJoinTask.doExec(ForkJoinTask.java:290)
	at java.base/java.util.concurrent.ForkJoinPool$WorkQueue.topLevelExec(ForkJoinPool.java:1020)
	at java.base/java.util.concurrent.ForkJoinPool.scan(ForkJoinPool.java:1656)
	at java.base/java.util.concurrent.ForkJoinPool.runWorker(ForkJoinPool.java:1594)
	at java.base/java.util.concurrent.ForkJoinWorkerThread.run(ForkJoinWorkerThread.java:183)
Caused by: org.eclipse.lsp4j.jsonrpc.JsonRpcException: java.io.IOException: 파이프가 닫히는 중입니다
	at org.eclipse.lsp4j.jsonrpc.json.StreamMessageConsumer.consume(StreamMessageConsumer.java:72)
	at org.eclipse.lsp4e.LanguageServerWrapper.lambda$4(LanguageServerWrapper.java:260)
	at org.eclipse.lsp4j.jsonrpc.RemoteEndpoint.request(RemoteEndpoint.java:161)
	at org.eclipse.lsp4j.jsonrpc.services.EndpointProxy.invoke(EndpointProxy.java:91)
	at com.sun.proxy.$Proxy66.codeLens(Unknown Source)
	at org.eclipse.lsp4e.operations.codelens.CodeLensProvider.lambda$2(CodeLensProvider.java:43)
	... 15 more
Caused by: java.io.IOException: 파이프가 닫히는 중입니다
	at java.base/java.io.FileOutputStream.writeBytes(Native Method)
	at java.base/java.io.FileOutputStream.write(FileOutputStream.java:354)
	at java.base/java.io.BufferedOutputStream.flushBuffer(BufferedOutputStream.java:81)
	at java.base/java.io.BufferedOutputStream.flush(BufferedOutputStream.java:142)
	at org.eclipse.lsp4j.jsonrpc.json.StreamMessageConsumer.consume(StreamMessageConsumer.java:69)
	... 20 more

!ENTRY org.eclipse.jface.text 4 0 2025-06-20 15:22:10.270
!MESSAGE org.eclipse.lsp4j.jsonrpc.JsonRpcException: java.io.IOException: 파이프가 닫히는 중입니다
!STACK 0
java.util.concurrent.CompletionException: org.eclipse.lsp4j.jsonrpc.JsonRpcException: java.io.IOException: 파이프가 닫히는 중입니다
	at java.base/java.util.concurrent.CompletableFuture.encodeThrowable(CompletableFuture.java:331)
	at java.base/java.util.concurrent.CompletableFuture.uniAcceptNow(CompletableFuture.java:743)
	at java.base/java.util.concurrent.CompletableFuture.uniAcceptStage(CompletableFuture.java:731)
	at java.base/java.util.concurrent.CompletableFuture.thenAcceptAsync(CompletableFuture.java:2118)
	at org.eclipse.lsp4e.operations.codelens.CodeLensProvider.lambda$2(CodeLensProvider.java:44)
	at java.base/java.util.stream.ReferencePipeline$3$1.accept(ReferencePipeline.java:195)
	at java.base/java.util.ArrayList$ArrayListSpliterator.forEachRemaining(ArrayList.java:1655)
	at java.base/java.util.stream.AbstractPipeline.copyInto(AbstractPipeline.java:484)
	at java.base/java.util.stream.AbstractPipeline.wrapAndCopyInto(AbstractPipeline.java:474)
	at java.base/java.util.stream.AbstractPipeline.evaluate(AbstractPipeline.java:550)
	at java.base/java.util.stream.AbstractPipeline.evaluateToArrayNode(AbstractPipeline.java:260)
	at java.base/java.util.stream.ReferencePipeline.toArray(ReferencePipeline.java:517)
	at org.eclipse.lsp4e.operations.codelens.CodeLensProvider.lambda$1(CodeLensProvider.java:52)
	at java.base/java.util.concurrent.CompletableFuture$UniCompose.tryFire(CompletableFuture.java:1072)
	at java.base/java.util.concurrent.CompletableFuture$Completion.exec(CompletableFuture.java:479)
	at java.base/java.util.concurrent.ForkJoinTask.doExec(ForkJoinTask.java:290)
	at java.base/java.util.concurrent.ForkJoinPool$WorkQueue.topLevelExec(ForkJoinPool.java:1020)
	at java.base/java.util.concurrent.ForkJoinPool.scan(ForkJoinPool.java:1656)
	at java.base/java.util.concurrent.ForkJoinPool.runWorker(ForkJoinPool.java:1594)
	at java.base/java.util.concurrent.ForkJoinWorkerThread.run(ForkJoinWorkerThread.java:183)
Caused by: org.eclipse.lsp4j.jsonrpc.JsonRpcException: java.io.IOException: 파이프가 닫히는 중입니다
	at org.eclipse.lsp4j.jsonrpc.json.StreamMessageConsumer.consume(StreamMessageConsumer.java:72)
	at org.eclipse.lsp4e.LanguageServerWrapper.lambda$4(LanguageServerWrapper.java:260)
	at org.eclipse.lsp4j.jsonrpc.RemoteEndpoint.request(RemoteEndpoint.java:161)
	at org.eclipse.lsp4j.jsonrpc.services.EndpointProxy.invoke(EndpointProxy.java:91)
	at com.sun.proxy.$Proxy66.codeLens(Unknown Source)
	at org.eclipse.lsp4e.operations.codelens.CodeLensProvider.lambda$2(CodeLensProvider.java:43)
	... 15 more
Caused by: java.io.IOException: 파이프가 닫히는 중입니다
	at java.base/java.io.FileOutputStream.writeBytes(Native Method)
	at java.base/java.io.FileOutputStream.write(FileOutputStream.java:354)
	at java.base/java.io.BufferedOutputStream.flushBuffer(BufferedOutputStream.java:81)
	at java.base/java.io.BufferedOutputStream.flush(BufferedOutputStream.java:142)
	at org.eclipse.lsp4j.jsonrpc.json.StreamMessageConsumer.consume(StreamMessageConsumer.java:69)
	... 20 more

!ENTRY org.eclipse.jface.text 4 0 2025-06-20 15:22:10.270
!MESSAGE org.eclipse.lsp4j.jsonrpc.JsonRpcException: java.io.IOException: 파이프가 닫히는 중입니다
!STACK 0
java.util.concurrent.CompletionException: org.eclipse.lsp4j.jsonrpc.JsonRpcException: java.io.IOException: 파이프가 닫히는 중입니다
	at java.base/java.util.concurrent.CompletableFuture.encodeThrowable(CompletableFuture.java:331)
	at java.base/java.util.concurrent.CompletableFuture.uniAcceptNow(CompletableFuture.java:743)
	at java.base/java.util.concurrent.CompletableFuture.uniAcceptStage(CompletableFuture.java:731)
	at java.base/java.util.concurrent.CompletableFuture.thenAcceptAsync(CompletableFuture.java:2118)
	at org.eclipse.lsp4e.operations.codelens.CodeLensProvider.lambda$2(CodeLensProvider.java:44)
	at java.base/java.util.stream.ReferencePipeline$3$1.accept(ReferencePipeline.java:195)
	at java.base/java.util.ArrayList$ArrayListSpliterator.forEachRemaining(ArrayList.java:1655)
	at java.base/java.util.stream.AbstractPipeline.copyInto(AbstractPipeline.java:484)
	at java.base/java.util.stream.AbstractPipeline.wrapAndCopyInto(AbstractPipeline.java:474)
	at java.base/java.util.stream.AbstractPipeline.evaluate(AbstractPipeline.java:550)
	at java.base/java.util.stream.AbstractPipeline.evaluateToArrayNode(AbstractPipeline.java:260)
	at java.base/java.util.stream.ReferencePipeline.toArray(ReferencePipeline.java:517)
	at org.eclipse.lsp4e.operations.codelens.CodeLensProvider.lambda$1(CodeLensProvider.java:52)
	at java.base/java.util.concurrent.CompletableFuture$UniCompose.tryFire(CompletableFuture.java:1072)
	at java.base/java.util.concurrent.CompletableFuture$Completion.exec(CompletableFuture.java:479)
	at java.base/java.util.concurrent.ForkJoinTask.doExec(ForkJoinTask.java:290)
	at java.base/java.util.concurrent.ForkJoinPool$WorkQueue.topLevelExec(ForkJoinPool.java:1020)
	at java.base/java.util.concurrent.ForkJoinPool.scan(ForkJoinPool.java:1656)
	at java.base/java.util.concurrent.ForkJoinPool.runWorker(ForkJoinPool.java:1594)
	at java.base/java.util.concurrent.ForkJoinWorkerThread.run(ForkJoinWorkerThread.java:183)
Caused by: org.eclipse.lsp4j.jsonrpc.JsonRpcException: java.io.IOException: 파이프가 닫히는 중입니다
	at org.eclipse.lsp4j.jsonrpc.json.StreamMessageConsumer.consume(StreamMessageConsumer.java:72)
	at org.eclipse.lsp4e.LanguageServerWrapper.lambda$4(LanguageServerWrapper.java:260)
	at org.eclipse.lsp4j.jsonrpc.RemoteEndpoint.request(RemoteEndpoint.java:161)
	at org.eclipse.lsp4j.jsonrpc.services.EndpointProxy.invoke(EndpointProxy.java:91)
	at com.sun.proxy.$Proxy66.codeLens(Unknown Source)
	at org.eclipse.lsp4e.operations.codelens.CodeLensProvider.lambda$2(CodeLensProvider.java:43)
	... 15 more
Caused by: java.io.IOException: 파이프가 닫히는 중입니다
	at java.base/java.io.FileOutputStream.writeBytes(Native Method)
	at java.base/java.io.FileOutputStream.write(FileOutputStream.java:354)
	at java.base/java.io.BufferedOutputStream.flushBuffer(BufferedOutputStream.java:81)
	at java.base/java.io.BufferedOutputStream.flush(BufferedOutputStream.java:142)
	at org.eclipse.lsp4j.jsonrpc.json.StreamMessageConsumer.consume(StreamMessageConsumer.java:69)
	... 20 more

!ENTRY org.eclipse.jface.text 4 0 2025-06-20 15:22:10.271
!MESSAGE org.eclipse.lsp4j.jsonrpc.JsonRpcException: java.io.IOException: 파이프가 닫히는 중입니다
!STACK 0
java.util.concurrent.CompletionException: org.eclipse.lsp4j.jsonrpc.JsonRpcException: java.io.IOException: 파이프가 닫히는 중입니다
	at java.base/java.util.concurrent.CompletableFuture.encodeThrowable(CompletableFuture.java:331)
	at java.base/java.util.concurrent.CompletableFuture.uniAcceptNow(CompletableFuture.java:743)
	at java.base/java.util.concurrent.CompletableFuture.uniAcceptStage(CompletableFuture.java:731)
	at java.base/java.util.concurrent.CompletableFuture.thenAcceptAsync(CompletableFuture.java:2118)
	at org.eclipse.lsp4e.operations.codelens.CodeLensProvider.lambda$2(CodeLensProvider.java:44)
	at java.base/java.util.stream.ReferencePipeline$3$1.accept(ReferencePipeline.java:195)
	at java.base/java.util.ArrayList$ArrayListSpliterator.forEachRemaining(ArrayList.java:1655)
	at java.base/java.util.stream.AbstractPipeline.copyInto(AbstractPipeline.java:484)
	at java.base/java.util.stream.AbstractPipeline.wrapAndCopyInto(AbstractPipeline.java:474)
	at java.base/java.util.stream.AbstractPipeline.evaluate(AbstractPipeline.java:550)
	at java.base/java.util.stream.AbstractPipeline.evaluateToArrayNode(AbstractPipeline.java:260)
	at java.base/java.util.stream.ReferencePipeline.toArray(ReferencePipeline.java:517)
	at org.eclipse.lsp4e.operations.codelens.CodeLensProvider.lambda$1(CodeLensProvider.java:52)
	at java.base/java.util.concurrent.CompletableFuture$UniCompose.tryFire(CompletableFuture.java:1072)
	at java.base/java.util.concurrent.CompletableFuture$Completion.exec(CompletableFuture.java:479)
	at java.base/java.util.concurrent.ForkJoinTask.doExec(ForkJoinTask.java:290)
	at java.base/java.util.concurrent.ForkJoinPool$WorkQueue.topLevelExec(ForkJoinPool.java:1020)
	at java.base/java.util.concurrent.ForkJoinPool.scan(ForkJoinPool.java:1656)
	at java.base/java.util.concurrent.ForkJoinPool.runWorker(ForkJoinPool.java:1594)
	at java.base/java.util.concurrent.ForkJoinWorkerThread.run(ForkJoinWorkerThread.java:183)
Caused by: org.eclipse.lsp4j.jsonrpc.JsonRpcException: java.io.IOException: 파이프가 닫히는 중입니다
	at org.eclipse.lsp4j.jsonrpc.json.StreamMessageConsumer.consume(StreamMessageConsumer.java:72)
	at org.eclipse.lsp4e.LanguageServerWrapper.lambda$4(LanguageServerWrapper.java:260)
	at org.eclipse.lsp4j.jsonrpc.RemoteEndpoint.request(RemoteEndpoint.java:161)
	at org.eclipse.lsp4j.jsonrpc.services.EndpointProxy.invoke(EndpointProxy.java:91)
	at com.sun.proxy.$Proxy66.codeLens(Unknown Source)
	at org.eclipse.lsp4e.operations.codelens.CodeLensProvider.lambda$2(CodeLensProvider.java:43)
	... 15 more
Caused by: java.io.IOException: 파이프가 닫히는 중입니다
	at java.base/java.io.FileOutputStream.writeBytes(Native Method)
	at java.base/java.io.FileOutputStream.write(FileOutputStream.java:354)
	at java.base/java.io.BufferedOutputStream.flushBuffer(BufferedOutputStream.java:81)
	at java.base/java.io.BufferedOutputStream.flush(BufferedOutputStream.java:142)
	at org.eclipse.lsp4j.jsonrpc.json.StreamMessageConsumer.consume(StreamMessageConsumer.java:69)
	... 20 more

!ENTRY org.springframework.tooling.ls.eclipse.commons 1 0 2025-06-20 15:22:10.297
!MESSAGE ClasspathListenerHandler addClasspathListener sts4.classpath.ZiGIwiONisBatched = true

!ENTRY org.springframework.tooling.ls.eclipse.commons 1 0 2025-06-20 15:22:10.297
!MESSAGE Setting up ClasspathListenerManager

!ENTRY org.springframework.tooling.ls.eclipse.commons 1 0 2025-06-20 15:22:10.297
!MESSAGE Scheduling initial event for all projects ...

!ENTRY org.springframework.tooling.ls.eclipse.commons 1 0 2025-06-20 15:22:10.297
!MESSAGE Scheduling initial event for all projects DONE

!ENTRY org.springframework.tooling.ls.eclipse.commons 1 0 2025-06-20 15:22:10.297
!MESSAGE exists = true open = true => deleted = false

!ENTRY org.springframework.tooling.ls.eclipse.commons 1 0 2025-06-20 15:22:10.297
!MESSAGE ClasspathListenerHandler addClasspathListener sts4.classpath.ZiGIwiON => OK

!ENTRY org.springframework.tooling.ls.eclipse.commons 1 0 2025-06-20 15:22:10.298
!MESSAGE classpath=57 entries

!ENTRY org.springframework.tooling.ls.eclipse.commons 1 0 2025-06-20 15:22:10.299
!MESSAGE buffering callback sts4.classpath.ZiGIwiON ServiceExam false 57

!ENTRY org.springframework.tooling.ls.eclipse.commons 1 0 2025-06-20 15:22:10.299
!MESSAGE executing callback sts4.classpath.ZiGIwiON 1 batched events

!ENTRY org.springframework.tooling.ls.eclipse.commons 1 0 2025-06-20 15:22:10.500
!MESSAGE executing callback sts4.classpath.ZiGIwiON SUCCESS [done]

!ENTRY org.eclipse.lsp4e 4 0 2025-06-20 15:22:10.501
!MESSAGE org.eclipse.lsp4j.jsonrpc.JsonRpcException: java.io.IOException: 파이프가 닫히는 중입니다
!STACK 0
java.util.concurrent.ExecutionException: org.eclipse.lsp4j.jsonrpc.JsonRpcException: java.io.IOException: 파이프가 닫히는 중입니다
	at java.base/java.util.concurrent.CompletableFuture.reportGet(CompletableFuture.java:395)
	at java.base/java.util.concurrent.CompletableFuture.get(CompletableFuture.java:2028)
	at org.eclipse.lsp4e.LanguageServerWrapper.lambda$13(LanguageServerWrapper.java:425)
	at java.base/java.util.concurrent.CompletableFuture$AsyncRun.run(CompletableFuture.java:1736)
	at java.base/java.util.concurrent.CompletableFuture$AsyncRun.exec(CompletableFuture.java:1728)
	at java.base/java.util.concurrent.ForkJoinTask.doExec(ForkJoinTask.java:290)
	at java.base/java.util.concurrent.ForkJoinPool$WorkQueue.topLevelExec(ForkJoinPool.java:1020)
	at java.base/java.util.concurrent.ForkJoinPool.scan(ForkJoinPool.java:1656)
	at java.base/java.util.concurrent.ForkJoinPool.runWorker(ForkJoinPool.java:1594)
	at java.base/java.util.concurrent.ForkJoinWorkerThread.run(ForkJoinWorkerThread.java:183)
Caused by: org.eclipse.lsp4j.jsonrpc.JsonRpcException: java.io.IOException: 파이프가 닫히는 중입니다
	at org.eclipse.lsp4j.jsonrpc.json.StreamMessageConsumer.consume(StreamMessageConsumer.java:72)
	at org.eclipse.lsp4e.LanguageServerWrapper.lambda$4(LanguageServerWrapper.java:260)
	at org.eclipse.lsp4j.jsonrpc.RemoteEndpoint.request(RemoteEndpoint.java:161)
	at org.eclipse.lsp4j.jsonrpc.services.EndpointProxy.invoke(EndpointProxy.java:91)
	at com.sun.proxy.$Proxy68.shutdown(Unknown Source)
	at org.eclipse.lsp4e.LanguageServerWrapper.lambda$13(LanguageServerWrapper.java:423)
	... 7 more
Caused by: java.io.IOException: 파이프가 닫히는 중입니다
	at java.base/java.io.FileOutputStream.writeBytes(Native Method)
	at java.base/java.io.FileOutputStream.write(FileOutputStream.java:354)
	at java.base/java.io.BufferedOutputStream.flushBuffer(BufferedOutputStream.java:81)
	at java.base/java.io.BufferedOutputStream.flush(BufferedOutputStream.java:142)
	at org.eclipse.lsp4j.jsonrpc.json.StreamMessageConsumer.consume(StreamMessageConsumer.java:69)
	... 12 more

!ENTRY org.springframework.tooling.ls.eclipse.commons 1 0 2025-06-20 15:22:10.501
!MESSAGE Entering DelegatingStreamConnectionProvider()

!ENTRY org.springframework.tooling.ls.eclipse.commons 1 0 2025-06-20 15:22:10.501
!MESSAGE DelegatingStreamConnectionProvider classloader = org.eclipse.osgi.internal.loader.EquinoxClassLoader@580cb668[org.springframework.tooling.boot.ls:1.28.0.202109130547(id=1001)]

!ENTRY org.eclipse.lsp4e 4 0 2025-06-20 15:22:10.502
!MESSAGE org.eclipse.lsp4j.jsonrpc.JsonRpcException: java.io.IOException: 파이프가 닫히는 중입니다
!STACK 0
java.util.concurrent.ExecutionException: org.eclipse.lsp4j.jsonrpc.JsonRpcException: java.io.IOException: 파이프가 닫히는 중입니다
	at java.base/java.util.concurrent.CompletableFuture.reportGet(CompletableFuture.java:395)
	at java.base/java.util.concurrent.CompletableFuture.get(CompletableFuture.java:2028)
	at org.eclipse.lsp4e.LanguageServerWrapper.lambda$13(LanguageServerWrapper.java:425)
	at java.base/java.util.concurrent.CompletableFuture$AsyncRun.run(CompletableFuture.java:1736)
	at java.base/java.util.concurrent.CompletableFuture$AsyncRun.exec(CompletableFuture.java:1728)
	at java.base/java.util.concurrent.ForkJoinTask.doExec(ForkJoinTask.java:290)
	at java.base/java.util.concurrent.ForkJoinPool$WorkQueue.topLevelExec(ForkJoinPool.java:1020)
	at java.base/java.util.concurrent.ForkJoinPool.scan(ForkJoinPool.java:1656)
	at java.base/java.util.concurrent.ForkJoinPool.runWorker(ForkJoinPool.java:1594)
	at java.base/java.util.concurrent.ForkJoinWorkerThread.run(ForkJoinWorkerThread.java:183)
Caused by: org.eclipse.lsp4j.jsonrpc.JsonRpcException: java.io.IOException: 파이프가 닫히는 중입니다
	at org.eclipse.lsp4j.jsonrpc.json.StreamMessageConsumer.consume(StreamMessageConsumer.java:72)
	at org.eclipse.lsp4e.LanguageServerWrapper.lambda$4(LanguageServerWrapper.java:260)
	at org.eclipse.lsp4j.jsonrpc.RemoteEndpoint.request(RemoteEndpoint.java:161)
	at org.eclipse.lsp4j.jsonrpc.services.EndpointProxy.invoke(EndpointProxy.java:91)
	at com.sun.proxy.$Proxy68.shutdown(Unknown Source)
	at org.eclipse.lsp4e.LanguageServerWrapper.lambda$13(LanguageServerWrapper.java:423)
	... 7 more
Caused by: java.io.IOException: 파이프가 닫히는 중입니다
	at java.base/java.io.FileOutputStream.writeBytes(Native Method)
	at java.base/java.io.FileOutputStream.write(FileOutputStream.java:354)
	at java.base/java.io.BufferedOutputStream.flushBuffer(BufferedOutputStream.java:81)
	at java.base/java.io.BufferedOutputStream.flush(BufferedOutputStream.java:142)
	at org.eclipse.lsp4j.jsonrpc.json.StreamMessageConsumer.consume(StreamMessageConsumer.java:69)
	... 12 more

!ENTRY org.springframework.tooling.ls.eclipse.commons 1 0 2025-06-20 15:22:10.502
!MESSAGE SpringBootLanguageServer exists!

!ENTRY org.springframework.tooling.ls.eclipse.commons 1 0 2025-06-20 15:22:11.515
!MESSAGE Boot LS startup time from start to initialized: 1013ms

!ENTRY org.eclipse.jface.text 4 0 2025-06-20 15:22:11.544
!MESSAGE org.eclipse.lsp4j.jsonrpc.JsonRpcException: java.io.IOException: 파이프가 닫히는 중입니다
!STACK 0
java.util.concurrent.CompletionException: org.eclipse.lsp4j.jsonrpc.JsonRpcException: java.io.IOException: 파이프가 닫히는 중입니다
	at java.base/java.util.concurrent.CompletableFuture.encodeThrowable(CompletableFuture.java:331)
	at java.base/java.util.concurrent.CompletableFuture.uniAcceptNow(CompletableFuture.java:743)
	at java.base/java.util.concurrent.CompletableFuture.uniAcceptStage(CompletableFuture.java:731)
	at java.base/java.util.concurrent.CompletableFuture.thenAcceptAsync(CompletableFuture.java:2118)
	at org.eclipse.lsp4e.operations.codelens.CodeLensProvider.lambda$2(CodeLensProvider.java:44)
	at java.base/java.util.stream.ReferencePipeline$3$1.accept(ReferencePipeline.java:195)
	at java.base/java.util.ArrayList$ArrayListSpliterator.forEachRemaining(ArrayList.java:1655)
	at java.base/java.util.stream.AbstractPipeline.copyInto(AbstractPipeline.java:484)
	at java.base/java.util.stream.AbstractPipeline.wrapAndCopyInto(AbstractPipeline.java:474)
	at java.base/java.util.stream.AbstractPipeline.evaluate(AbstractPipeline.java:550)
	at java.base/java.util.stream.AbstractPipeline.evaluateToArrayNode(AbstractPipeline.java:260)
	at java.base/java.util.stream.ReferencePipeline.toArray(ReferencePipeline.java:517)
	at org.eclipse.lsp4e.operations.codelens.CodeLensProvider.lambda$1(CodeLensProvider.java:52)
	at java.base/java.util.concurrent.CompletableFuture$UniCompose.tryFire(CompletableFuture.java:1072)
	at java.base/java.util.concurrent.CompletableFuture$Completion.exec(CompletableFuture.java:479)
	at java.base/java.util.concurrent.ForkJoinTask.doExec(ForkJoinTask.java:290)
	at java.base/java.util.concurrent.ForkJoinPool$WorkQueue.topLevelExec(ForkJoinPool.java:1020)
	at java.base/java.util.concurrent.ForkJoinPool.scan(ForkJoinPool.java:1656)
	at java.base/java.util.concurrent.ForkJoinPool.runWorker(ForkJoinPool.java:1594)
	at java.base/java.util.concurrent.ForkJoinWorkerThread.run(ForkJoinWorkerThread.java:183)
Caused by: org.eclipse.lsp4j.jsonrpc.JsonRpcException: java.io.IOException: 파이프가 닫히는 중입니다
	at org.eclipse.lsp4j.jsonrpc.json.StreamMessageConsumer.consume(StreamMessageConsumer.java:72)
	at org.eclipse.lsp4e.LanguageServerWrapper.lambda$4(LanguageServerWrapper.java:260)
	at org.eclipse.lsp4j.jsonrpc.RemoteEndpoint.request(RemoteEndpoint.java:161)
	at org.eclipse.lsp4j.jsonrpc.services.EndpointProxy.invoke(EndpointProxy.java:91)
	at com.sun.proxy.$Proxy66.codeLens(Unknown Source)
	at org.eclipse.lsp4e.operations.codelens.CodeLensProvider.lambda$2(CodeLensProvider.java:43)
	... 15 more
Caused by: java.io.IOException: 파이프가 닫히는 중입니다
	at java.base/java.io.FileOutputStream.writeBytes(Native Method)
	at java.base/java.io.FileOutputStream.write(FileOutputStream.java:354)
	at java.base/java.io.BufferedOutputStream.flushBuffer(BufferedOutputStream.java:81)
	at java.base/java.io.BufferedOutputStream.flush(BufferedOutputStream.java:142)
	at org.eclipse.lsp4j.jsonrpc.json.StreamMessageConsumer.consume(StreamMessageConsumer.java:69)
	... 20 more

!ENTRY org.eclipse.jface.text 4 0 2025-06-20 15:22:11.544
!MESSAGE org.eclipse.lsp4j.jsonrpc.JsonRpcException: java.io.IOException: 파이프가 닫히는 중입니다
!STACK 0
java.util.concurrent.CompletionException: org.eclipse.lsp4j.jsonrpc.JsonRpcException: java.io.IOException: 파이프가 닫히는 중입니다
	at java.base/java.util.concurrent.CompletableFuture.encodeThrowable(CompletableFuture.java:331)
	at java.base/java.util.concurrent.CompletableFuture.uniAcceptNow(CompletableFuture.java:743)
	at java.base/java.util.concurrent.CompletableFuture.uniAcceptStage(CompletableFuture.java:731)
	at java.base/java.util.concurrent.CompletableFuture.thenAcceptAsync(CompletableFuture.java:2118)
	at org.eclipse.lsp4e.operations.codelens.CodeLensProvider.lambda$2(CodeLensProvider.java:44)
	at java.base/java.util.stream.ReferencePipeline$3$1.accept(ReferencePipeline.java:195)
	at java.base/java.util.ArrayList$ArrayListSpliterator.forEachRemaining(ArrayList.java:1655)
	at java.base/java.util.stream.AbstractPipeline.copyInto(AbstractPipeline.java:484)
	at java.base/java.util.stream.AbstractPipeline.wrapAndCopyInto(AbstractPipeline.java:474)
	at java.base/java.util.stream.AbstractPipeline.evaluate(AbstractPipeline.java:550)
	at java.base/java.util.stream.AbstractPipeline.evaluateToArrayNode(AbstractPipeline.java:260)
	at java.base/java.util.stream.ReferencePipeline.toArray(ReferencePipeline.java:517)
	at org.eclipse.lsp4e.operations.codelens.CodeLensProvider.lambda$1(CodeLensProvider.java:52)
	at java.base/java.util.concurrent.CompletableFuture$UniCompose.tryFire(CompletableFuture.java:1072)
	at java.base/java.util.concurrent.CompletableFuture$Completion.exec(CompletableFuture.java:479)
	at java.base/java.util.concurrent.ForkJoinTask.doExec(ForkJoinTask.java:290)
	at java.base/java.util.concurrent.ForkJoinPool$WorkQueue.topLevelExec(ForkJoinPool.java:1020)
	at java.base/java.util.concurrent.ForkJoinPool.scan(ForkJoinPool.java:1656)
	at java.base/java.util.concurrent.ForkJoinPool.runWorker(ForkJoinPool.java:1594)
	at java.base/java.util.concurrent.ForkJoinWorkerThread.run(ForkJoinWorkerThread.java:183)
Caused by: org.eclipse.lsp4j.jsonrpc.JsonRpcException: java.io.IOException: 파이프가 닫히는 중입니다
	at org.eclipse.lsp4j.jsonrpc.json.StreamMessageConsumer.consume(StreamMessageConsumer.java:72)
	at org.eclipse.lsp4e.LanguageServerWrapper.lambda$4(LanguageServerWrapper.java:260)
	at org.eclipse.lsp4j.jsonrpc.RemoteEndpoint.request(RemoteEndpoint.java:161)
	at org.eclipse.lsp4j.jsonrpc.services.EndpointProxy.invoke(EndpointProxy.java:91)
	at com.sun.proxy.$Proxy66.codeLens(Unknown Source)
	at org.eclipse.lsp4e.operations.codelens.CodeLensProvider.lambda$2(CodeLensProvider.java:43)
	... 15 more
Caused by: java.io.IOException: 파이프가 닫히는 중입니다
	at java.base/java.io.FileOutputStream.writeBytes(Native Method)
	at java.base/java.io.FileOutputStream.write(FileOutputStream.java:354)
	at java.base/java.io.BufferedOutputStream.flushBuffer(BufferedOutputStream.java:81)
	at java.base/java.io.BufferedOutputStream.flush(BufferedOutputStream.java:142)
	at org.eclipse.lsp4j.jsonrpc.json.StreamMessageConsumer.consume(StreamMessageConsumer.java:69)
	... 20 more

!ENTRY org.eclipse.jface.text 4 0 2025-06-20 15:22:11.545
!MESSAGE org.eclipse.lsp4j.jsonrpc.JsonRpcException: java.io.IOException: 파이프가 닫히는 중입니다
!STACK 0
java.util.concurrent.CompletionException: org.eclipse.lsp4j.jsonrpc.JsonRpcException: java.io.IOException: 파이프가 닫히는 중입니다
	at java.base/java.util.concurrent.CompletableFuture.encodeThrowable(CompletableFuture.java:331)
	at java.base/java.util.concurrent.CompletableFuture.uniAcceptNow(CompletableFuture.java:743)
	at java.base/java.util.concurrent.CompletableFuture.uniAcceptStage(CompletableFuture.java:731)
	at java.base/java.util.concurrent.CompletableFuture.thenAcceptAsync(CompletableFuture.java:2118)
	at org.eclipse.lsp4e.operations.codelens.CodeLensProvider.lambda$2(CodeLensProvider.java:44)
	at java.base/java.util.stream.ReferencePipeline$3$1.accept(ReferencePipeline.java:195)
	at java.base/java.util.ArrayList$ArrayListSpliterator.forEachRemaining(ArrayList.java:1655)
	at java.base/java.util.stream.AbstractPipeline.copyInto(AbstractPipeline.java:484)
	at java.base/java.util.stream.AbstractPipeline.wrapAndCopyInto(AbstractPipeline.java:474)
	at java.base/java.util.stream.AbstractPipeline.evaluate(AbstractPipeline.java:550)
	at java.base/java.util.stream.AbstractPipeline.evaluateToArrayNode(AbstractPipeline.java:260)
	at java.base/java.util.stream.ReferencePipeline.toArray(ReferencePipeline.java:517)
	at org.eclipse.lsp4e.operations.codelens.CodeLensProvider.lambda$1(CodeLensProvider.java:52)
	at java.base/java.util.concurrent.CompletableFuture$UniCompose.tryFire(CompletableFuture.java:1072)
	at java.base/java.util.concurrent.CompletableFuture$Completion.exec(CompletableFuture.java:479)
	at java.base/java.util.concurrent.ForkJoinTask.doExec(ForkJoinTask.java:290)
	at java.base/java.util.concurrent.ForkJoinPool$WorkQueue.topLevelExec(ForkJoinPool.java:1020)
	at java.base/java.util.concurrent.ForkJoinPool.scan(ForkJoinPool.java:1656)
	at java.base/java.util.concurrent.ForkJoinPool.runWorker(ForkJoinPool.java:1594)
	at java.base/java.util.concurrent.ForkJoinWorkerThread.run(ForkJoinWorkerThread.java:183)
Caused by: org.eclipse.lsp4j.jsonrpc.JsonRpcException: java.io.IOException: 파이프가 닫히는 중입니다
	at org.eclipse.lsp4j.jsonrpc.json.StreamMessageConsumer.consume(StreamMessageConsumer.java:72)
	at org.eclipse.lsp4e.LanguageServerWrapper.lambda$4(LanguageServerWrapper.java:260)
	at org.eclipse.lsp4j.jsonrpc.RemoteEndpoint.request(RemoteEndpoint.java:161)
	at org.eclipse.lsp4j.jsonrpc.services.EndpointProxy.invoke(EndpointProxy.java:91)
	at com.sun.proxy.$Proxy66.codeLens(Unknown Source)
	at org.eclipse.lsp4e.operations.codelens.CodeLensProvider.lambda$2(CodeLensProvider.java:43)
	... 15 more
Caused by: java.io.IOException: 파이프가 닫히는 중입니다
	at java.base/java.io.FileOutputStream.writeBytes(Native Method)
	at java.base/java.io.FileOutputStream.write(FileOutputStream.java:354)
	at java.base/java.io.BufferedOutputStream.flushBuffer(BufferedOutputStream.java:81)
	at java.base/java.io.BufferedOutputStream.flush(BufferedOutputStream.java:142)
	at org.eclipse.lsp4j.jsonrpc.json.StreamMessageConsumer.consume(StreamMessageConsumer.java:69)
	... 20 more

!ENTRY org.eclipse.jface.text 4 0 2025-06-20 15:22:11.545
!MESSAGE org.eclipse.lsp4j.jsonrpc.JsonRpcException: java.io.IOException: 파이프가 닫히는 중입니다
!STACK 0
java.util.concurrent.CompletionException: org.eclipse.lsp4j.jsonrpc.JsonRpcException: java.io.IOException: 파이프가 닫히는 중입니다
	at java.base/java.util.concurrent.CompletableFuture.encodeThrowable(CompletableFuture.java:331)
	at java.base/java.util.concurrent.CompletableFuture.uniAcceptNow(CompletableFuture.java:743)
	at java.base/java.util.concurrent.CompletableFuture.uniAcceptStage(CompletableFuture.java:731)
	at java.base/java.util.concurrent.CompletableFuture.thenAcceptAsync(CompletableFuture.java:2118)
	at org.eclipse.lsp4e.operations.codelens.CodeLensProvider.lambda$2(CodeLensProvider.java:44)
	at java.base/java.util.stream.ReferencePipeline$3$1.accept(ReferencePipeline.java:195)
	at java.base/java.util.ArrayList$ArrayListSpliterator.forEachRemaining(ArrayList.java:1655)
	at java.base/java.util.stream.AbstractPipeline.copyInto(AbstractPipeline.java:484)
	at java.base/java.util.stream.AbstractPipeline.wrapAndCopyInto(AbstractPipeline.java:474)
	at java.base/java.util.stream.AbstractPipeline.evaluate(AbstractPipeline.java:550)
	at java.base/java.util.stream.AbstractPipeline.evaluateToArrayNode(AbstractPipeline.java:260)
	at java.base/java.util.stream.ReferencePipeline.toArray(ReferencePipeline.java:517)
	at org.eclipse.lsp4e.operations.codelens.CodeLensProvider.lambda$1(CodeLensProvider.java:52)
	at java.base/java.util.concurrent.CompletableFuture$UniCompose.tryFire(CompletableFuture.java:1072)
	at java.base/java.util.concurrent.CompletableFuture$Completion.exec(CompletableFuture.java:479)
	at java.base/java.util.concurrent.ForkJoinTask.doExec(ForkJoinTask.java:290)
	at java.base/java.util.concurrent.ForkJoinPool$WorkQueue.topLevelExec(ForkJoinPool.java:1020)
	at java.base/java.util.concurrent.ForkJoinPool.scan(ForkJoinPool.java:1656)
	at java.base/java.util.concurrent.ForkJoinPool.runWorker(ForkJoinPool.java:1594)
	at java.base/java.util.concurrent.ForkJoinWorkerThread.run(ForkJoinWorkerThread.java:183)
Caused by: org.eclipse.lsp4j.jsonrpc.JsonRpcException: java.io.IOException: 파이프가 닫히는 중입니다
	at org.eclipse.lsp4j.jsonrpc.json.StreamMessageConsumer.consume(StreamMessageConsumer.java:72)
	at org.eclipse.lsp4e.LanguageServerWrapper.lambda$4(LanguageServerWrapper.java:260)
	at org.eclipse.lsp4j.jsonrpc.RemoteEndpoint.request(RemoteEndpoint.java:161)
	at org.eclipse.lsp4j.jsonrpc.services.EndpointProxy.invoke(EndpointProxy.java:91)
	at com.sun.proxy.$Proxy66.codeLens(Unknown Source)
	at org.eclipse.lsp4e.operations.codelens.CodeLensProvider.lambda$2(CodeLensProvider.java:43)
	... 15 more
Caused by: java.io.IOException: 파이프가 닫히는 중입니다
	at java.base/java.io.FileOutputStream.writeBytes(Native Method)
	at java.base/java.io.FileOutputStream.write(FileOutputStream.java:354)
	at java.base/java.io.BufferedOutputStream.flushBuffer(BufferedOutputStream.java:81)
	at java.base/java.io.BufferedOutputStream.flush(BufferedOutputStream.java:142)
	at org.eclipse.lsp4j.jsonrpc.json.StreamMessageConsumer.consume(StreamMessageConsumer.java:69)
	... 20 more

!ENTRY org.springframework.tooling.ls.eclipse.commons 1 0 2025-06-20 15:22:11.572
!MESSAGE ClasspathListenerHandler addClasspathListener sts4.classpath.vcxNMqFdisBatched = true

!ENTRY org.springframework.tooling.ls.eclipse.commons 1 0 2025-06-20 15:22:11.572
!MESSAGE Setting up ClasspathListenerManager

!ENTRY org.springframework.tooling.ls.eclipse.commons 1 0 2025-06-20 15:22:11.572
!MESSAGE Scheduling initial event for all projects ...

!ENTRY org.springframework.tooling.ls.eclipse.commons 1 0 2025-06-20 15:22:11.572
!MESSAGE Scheduling initial event for all projects DONE

!ENTRY org.springframework.tooling.ls.eclipse.commons 1 0 2025-06-20 15:22:11.572
!MESSAGE exists = true open = true => deleted = false

!ENTRY org.springframework.tooling.ls.eclipse.commons 1 0 2025-06-20 15:22:11.572
!MESSAGE ClasspathListenerHandler addClasspathListener sts4.classpath.vcxNMqFd => OK

!ENTRY org.springframework.tooling.ls.eclipse.commons 1 0 2025-06-20 15:22:11.574
!MESSAGE classpath=57 entries

!ENTRY org.springframework.tooling.ls.eclipse.commons 1 0 2025-06-20 15:22:11.574
!MESSAGE buffering callback sts4.classpath.vcxNMqFd ServiceExam false 57

!ENTRY org.springframework.tooling.ls.eclipse.commons 1 0 2025-06-20 15:22:11.575
!MESSAGE executing callback sts4.classpath.vcxNMqFd 1 batched events

!ENTRY org.springframework.tooling.ls.eclipse.commons 1 0 2025-06-20 15:22:11.776
!MESSAGE executing callback sts4.classpath.vcxNMqFd SUCCESS [done]

!ENTRY org.eclipse.lsp4e 4 0 2025-06-20 15:22:11.776
!MESSAGE org.eclipse.lsp4j.jsonrpc.JsonRpcException: java.io.IOException: 파이프가 닫히는 중입니다
!STACK 0
java.util.concurrent.ExecutionException: org.eclipse.lsp4j.jsonrpc.JsonRpcException: java.io.IOException: 파이프가 닫히는 중입니다
	at java.base/java.util.concurrent.CompletableFuture.reportGet(CompletableFuture.java:395)
	at java.base/java.util.concurrent.CompletableFuture.get(CompletableFuture.java:2028)
	at org.eclipse.lsp4e.LanguageServerWrapper.lambda$13(LanguageServerWrapper.java:425)
	at java.base/java.util.concurrent.CompletableFuture$AsyncRun.run(CompletableFuture.java:1736)
	at java.base/java.util.concurrent.CompletableFuture$AsyncRun.exec(CompletableFuture.java:1728)
	at java.base/java.util.concurrent.ForkJoinTask.doExec(ForkJoinTask.java:290)
	at java.base/java.util.concurrent.ForkJoinPool$WorkQueue.topLevelExec(ForkJoinPool.java:1020)
	at java.base/java.util.concurrent.ForkJoinPool.scan(ForkJoinPool.java:1656)
	at java.base/java.util.concurrent.ForkJoinPool.runWorker(ForkJoinPool.java:1594)
	at java.base/java.util.concurrent.ForkJoinWorkerThread.run(ForkJoinWorkerThread.java:183)
Caused by: org.eclipse.lsp4j.jsonrpc.JsonRpcException: java.io.IOException: 파이프가 닫히는 중입니다
	at org.eclipse.lsp4j.jsonrpc.json.StreamMessageConsumer.consume(StreamMessageConsumer.java:72)
	at org.eclipse.lsp4e.LanguageServerWrapper.lambda$4(LanguageServerWrapper.java:260)
	at org.eclipse.lsp4j.jsonrpc.RemoteEndpoint.request(RemoteEndpoint.java:161)
	at org.eclipse.lsp4j.jsonrpc.services.EndpointProxy.invoke(EndpointProxy.java:91)
	at com.sun.proxy.$Proxy68.shutdown(Unknown Source)
	at org.eclipse.lsp4e.LanguageServerWrapper.lambda$13(LanguageServerWrapper.java:423)
	... 7 more
Caused by: java.io.IOException: 파이프가 닫히는 중입니다
	at java.base/java.io.FileOutputStream.writeBytes(Native Method)
	at java.base/java.io.FileOutputStream.write(FileOutputStream.java:354)
	at java.base/java.io.BufferedOutputStream.flushBuffer(BufferedOutputStream.java:81)
	at java.base/java.io.BufferedOutputStream.flush(BufferedOutputStream.java:142)
	at org.eclipse.lsp4j.jsonrpc.json.StreamMessageConsumer.consume(StreamMessageConsumer.java:69)
	... 12 more

!ENTRY org.springframework.tooling.ls.eclipse.commons 1 0 2025-06-20 15:22:11.778
!MESSAGE Entering DelegatingStreamConnectionProvider()

!ENTRY org.eclipse.lsp4e 4 0 2025-06-20 15:22:11.778
!MESSAGE org.eclipse.lsp4j.jsonrpc.JsonRpcException: java.io.IOException: 파이프가 닫히는 중입니다
!STACK 0
java.util.concurrent.ExecutionException: org.eclipse.lsp4j.jsonrpc.JsonRpcException: java.io.IOException: 파이프가 닫히는 중입니다
	at java.base/java.util.concurrent.CompletableFuture.reportGet(CompletableFuture.java:395)
	at java.base/java.util.concurrent.CompletableFuture.get(CompletableFuture.java:2028)
	at org.eclipse.lsp4e.LanguageServerWrapper.lambda$13(LanguageServerWrapper.java:425)
	at java.base/java.util.concurrent.CompletableFuture$AsyncRun.run(CompletableFuture.java:1736)
	at java.base/java.util.concurrent.CompletableFuture$AsyncRun.exec(CompletableFuture.java:1728)
	at java.base/java.util.concurrent.ForkJoinTask.doExec(ForkJoinTask.java:290)
	at java.base/java.util.concurrent.ForkJoinPool$WorkQueue.topLevelExec(ForkJoinPool.java:1020)
	at java.base/java.util.concurrent.ForkJoinPool.scan(ForkJoinPool.java:1656)
	at java.base/java.util.concurrent.ForkJoinPool.runWorker(ForkJoinPool.java:1594)
	at java.base/java.util.concurrent.ForkJoinWorkerThread.run(ForkJoinWorkerThread.java:183)
Caused by: org.eclipse.lsp4j.jsonrpc.JsonRpcException: java.io.IOException: 파이프가 닫히는 중입니다
	at org.eclipse.lsp4j.jsonrpc.json.StreamMessageConsumer.consume(StreamMessageConsumer.java:72)
	at org.eclipse.lsp4e.LanguageServerWrapper.lambda$4(LanguageServerWrapper.java:260)
	at org.eclipse.lsp4j.jsonrpc.RemoteEndpoint.request(RemoteEndpoint.java:161)
	at org.eclipse.lsp4j.jsonrpc.services.EndpointProxy.invoke(EndpointProxy.java:91)
	at com.sun.proxy.$Proxy68.shutdown(Unknown Source)
	at org.eclipse.lsp4e.LanguageServerWrapper.lambda$13(LanguageServerWrapper.java:423)
	... 7 more
Caused by: java.io.IOException: 파이프가 닫히는 중입니다
	at java.base/java.io.FileOutputStream.writeBytes(Native Method)
	at java.base/java.io.FileOutputStream.write(FileOutputStream.java:354)
	at java.base/java.io.BufferedOutputStream.flushBuffer(BufferedOutputStream.java:81)
	at java.base/java.io.BufferedOutputStream.flush(BufferedOutputStream.java:142)
	at org.eclipse.lsp4j.jsonrpc.json.StreamMessageConsumer.consume(StreamMessageConsumer.java:69)
	... 12 more

!ENTRY org.springframework.tooling.ls.eclipse.commons 1 0 2025-06-20 15:22:11.778
!MESSAGE DelegatingStreamConnectionProvider classloader = org.eclipse.osgi.internal.loader.EquinoxClassLoader@580cb668[org.springframework.tooling.boot.ls:1.28.0.202109130547(id=1001)]

!ENTRY org.springframework.tooling.ls.eclipse.commons 1 0 2025-06-20 15:22:11.778
!MESSAGE SpringBootLanguageServer exists!

!ENTRY org.springframework.tooling.ls.eclipse.commons 1 0 2025-06-20 15:22:12.808
!MESSAGE Boot LS startup time from start to initialized: 1030ms

!ENTRY org.eclipse.jface.text 4 0 2025-06-20 15:22:12.840
!MESSAGE org.eclipse.lsp4j.jsonrpc.JsonRpcException: java.io.IOException: 파이프가 닫히는 중입니다
!STACK 0
java.util.concurrent.CompletionException: org.eclipse.lsp4j.jsonrpc.JsonRpcException: java.io.IOException: 파이프가 닫히는 중입니다
	at java.base/java.util.concurrent.CompletableFuture.encodeThrowable(CompletableFuture.java:331)
	at java.base/java.util.concurrent.CompletableFuture.uniAcceptNow(CompletableFuture.java:743)
	at java.base/java.util.concurrent.CompletableFuture.uniAcceptStage(CompletableFuture.java:731)
	at java.base/java.util.concurrent.CompletableFuture.thenAcceptAsync(CompletableFuture.java:2118)
	at org.eclipse.lsp4e.operations.codelens.CodeLensProvider.lambda$2(CodeLensProvider.java:44)
	at java.base/java.util.stream.ReferencePipeline$3$1.accept(ReferencePipeline.java:195)
	at java.base/java.util.ArrayList$ArrayListSpliterator.forEachRemaining(ArrayList.java:1655)
	at java.base/java.util.stream.AbstractPipeline.copyInto(AbstractPipeline.java:484)
	at java.base/java.util.stream.AbstractPipeline.wrapAndCopyInto(AbstractPipeline.java:474)
	at java.base/java.util.stream.AbstractPipeline.evaluate(AbstractPipeline.java:550)
	at java.base/java.util.stream.AbstractPipeline.evaluateToArrayNode(AbstractPipeline.java:260)
	at java.base/java.util.stream.ReferencePipeline.toArray(ReferencePipeline.java:517)
	at org.eclipse.lsp4e.operations.codelens.CodeLensProvider.lambda$1(CodeLensProvider.java:52)
	at java.base/java.util.concurrent.CompletableFuture$UniCompose.tryFire(CompletableFuture.java:1072)
	at java.base/java.util.concurrent.CompletableFuture$Completion.exec(CompletableFuture.java:479)
	at java.base/java.util.concurrent.ForkJoinTask.doExec(ForkJoinTask.java:290)
	at java.base/java.util.concurrent.ForkJoinPool$WorkQueue.topLevelExec(ForkJoinPool.java:1020)
	at java.base/java.util.concurrent.ForkJoinPool.scan(ForkJoinPool.java:1656)
	at java.base/java.util.concurrent.ForkJoinPool.runWorker(ForkJoinPool.java:1594)
	at java.base/java.util.concurrent.ForkJoinWorkerThread.run(ForkJoinWorkerThread.java:183)
Caused by: org.eclipse.lsp4j.jsonrpc.JsonRpcException: java.io.IOException: 파이프가 닫히는 중입니다
	at org.eclipse.lsp4j.jsonrpc.json.StreamMessageConsumer.consume(StreamMessageConsumer.java:72)
	at org.eclipse.lsp4e.LanguageServerWrapper.lambda$4(LanguageServerWrapper.java:260)
	at org.eclipse.lsp4j.jsonrpc.RemoteEndpoint.request(RemoteEndpoint.java:161)
	at org.eclipse.lsp4j.jsonrpc.services.EndpointProxy.invoke(EndpointProxy.java:91)
	at com.sun.proxy.$Proxy66.codeLens(Unknown Source)
	at org.eclipse.lsp4e.operations.codelens.CodeLensProvider.lambda$2(CodeLensProvider.java:43)
	... 15 more
Caused by: java.io.IOException: 파이프가 닫히는 중입니다
	at java.base/java.io.FileOutputStream.writeBytes(Native Method)
	at java.base/java.io.FileOutputStream.write(FileOutputStream.java:354)
	at java.base/java.io.BufferedOutputStream.flushBuffer(BufferedOutputStream.java:81)
	at java.base/java.io.BufferedOutputStream.flush(BufferedOutputStream.java:142)
	at org.eclipse.lsp4j.jsonrpc.json.StreamMessageConsumer.consume(StreamMessageConsumer.java:69)
	... 20 more

!ENTRY org.eclipse.jface.text 4 0 2025-06-20 15:22:12.840
!MESSAGE org.eclipse.lsp4j.jsonrpc.JsonRpcException: java.io.IOException: 파이프가 닫히는 중입니다
!STACK 0
java.util.concurrent.CompletionException: org.eclipse.lsp4j.jsonrpc.JsonRpcException: java.io.IOException: 파이프가 닫히는 중입니다
	at java.base/java.util.concurrent.CompletableFuture.encodeThrowable(CompletableFuture.java:331)
	at java.base/java.util.concurrent.CompletableFuture.uniAcceptNow(CompletableFuture.java:743)
	at java.base/java.util.concurrent.CompletableFuture.uniAcceptStage(CompletableFuture.java:731)
	at java.base/java.util.concurrent.CompletableFuture.thenAcceptAsync(CompletableFuture.java:2118)
	at org.eclipse.lsp4e.operations.codelens.CodeLensProvider.lambda$2(CodeLensProvider.java:44)
	at java.base/java.util.stream.ReferencePipeline$3$1.accept(ReferencePipeline.java:195)
	at java.base/java.util.ArrayList$ArrayListSpliterator.forEachRemaining(ArrayList.java:1655)
	at java.base/java.util.stream.AbstractPipeline.copyInto(AbstractPipeline.java:484)
	at java.base/java.util.stream.AbstractPipeline.wrapAndCopyInto(AbstractPipeline.java:474)
	at java.base/java.util.stream.AbstractPipeline.evaluate(AbstractPipeline.java:550)
	at java.base/java.util.stream.AbstractPipeline.evaluateToArrayNode(AbstractPipeline.java:260)
	at java.base/java.util.stream.ReferencePipeline.toArray(ReferencePipeline.java:517)
	at org.eclipse.lsp4e.operations.codelens.CodeLensProvider.lambda$1(CodeLensProvider.java:52)
	at java.base/java.util.concurrent.CompletableFuture$UniCompose.tryFire(CompletableFuture.java:1072)
	at java.base/java.util.concurrent.CompletableFuture$Completion.exec(CompletableFuture.java:479)
	at java.base/java.util.concurrent.ForkJoinTask.doExec(ForkJoinTask.java:290)
	at java.base/java.util.concurrent.ForkJoinPool$WorkQueue.topLevelExec(ForkJoinPool.java:1020)
	at java.base/java.util.concurrent.ForkJoinPool.scan(ForkJoinPool.java:1656)
	at java.base/java.util.concurrent.ForkJoinPool.runWorker(ForkJoinPool.java:1594)
	at java.base/java.util.concurrent.ForkJoinWorkerThread.run(ForkJoinWorkerThread.java:183)
Caused by: org.eclipse.lsp4j.jsonrpc.JsonRpcException: java.io.IOException: 파이프가 닫히는 중입니다
	at org.eclipse.lsp4j.jsonrpc.json.StreamMessageConsumer.consume(StreamMessageConsumer.java:72)
	at org.eclipse.lsp4e.LanguageServerWrapper.lambda$4(LanguageServerWrapper.java:260)
	at org.eclipse.lsp4j.jsonrpc.RemoteEndpoint.request(RemoteEndpoint.java:161)
	at org.eclipse.lsp4j.jsonrpc.services.EndpointProxy.invoke(EndpointProxy.java:91)
	at com.sun.proxy.$Proxy66.codeLens(Unknown Source)
	at org.eclipse.lsp4e.operations.codelens.CodeLensProvider.lambda$2(CodeLensProvider.java:43)
	... 15 more
Caused by: java.io.IOException: 파이프가 닫히는 중입니다
	at java.base/java.io.FileOutputStream.writeBytes(Native Method)
	at java.base/java.io.FileOutputStream.write(FileOutputStream.java:354)
	at java.base/java.io.BufferedOutputStream.flushBuffer(BufferedOutputStream.java:81)
	at java.base/java.io.BufferedOutputStream.flush(BufferedOutputStream.java:142)
	at org.eclipse.lsp4j.jsonrpc.json.StreamMessageConsumer.consume(StreamMessageConsumer.java:69)
	... 20 more

!ENTRY org.eclipse.jface.text 4 0 2025-06-20 15:22:12.842
!MESSAGE org.eclipse.lsp4j.jsonrpc.JsonRpcException: java.io.IOException: 파이프가 닫히는 중입니다
!STACK 0
java.util.concurrent.CompletionException: org.eclipse.lsp4j.jsonrpc.JsonRpcException: java.io.IOException: 파이프가 닫히는 중입니다
	at java.base/java.util.concurrent.CompletableFuture.encodeThrowable(CompletableFuture.java:331)
	at java.base/java.util.concurrent.CompletableFuture.uniAcceptNow(CompletableFuture.java:743)
	at java.base/java.util.concurrent.CompletableFuture.uniAcceptStage(CompletableFuture.java:731)
	at java.base/java.util.concurrent.CompletableFuture.thenAcceptAsync(CompletableFuture.java:2118)
	at org.eclipse.lsp4e.operations.codelens.CodeLensProvider.lambda$2(CodeLensProvider.java:44)
	at java.base/java.util.stream.ReferencePipeline$3$1.accept(ReferencePipeline.java:195)
	at java.base/java.util.ArrayList$ArrayListSpliterator.forEachRemaining(ArrayList.java:1655)
	at java.base/java.util.stream.AbstractPipeline.copyInto(AbstractPipeline.java:484)
	at java.base/java.util.stream.AbstractPipeline.wrapAndCopyInto(AbstractPipeline.java:474)
	at java.base/java.util.stream.AbstractPipeline.evaluate(AbstractPipeline.java:550)
	at java.base/java.util.stream.AbstractPipeline.evaluateToArrayNode(AbstractPipeline.java:260)
	at java.base/java.util.stream.ReferencePipeline.toArray(ReferencePipeline.java:517)
	at org.eclipse.lsp4e.operations.codelens.CodeLensProvider.lambda$1(CodeLensProvider.java:52)
	at java.base/java.util.concurrent.CompletableFuture$UniCompose.tryFire(CompletableFuture.java:1072)
	at java.base/java.util.concurrent.CompletableFuture$Completion.exec(CompletableFuture.java:479)
	at java.base/java.util.concurrent.ForkJoinTask.doExec(ForkJoinTask.java:290)
	at java.base/java.util.concurrent.ForkJoinPool$WorkQueue.topLevelExec(ForkJoinPool.java:1020)
	at java.base/java.util.concurrent.ForkJoinPool.scan(ForkJoinPool.java:1656)
	at java.base/java.util.concurrent.ForkJoinPool.runWorker(ForkJoinPool.java:1594)
	at java.base/java.util.concurrent.ForkJoinWorkerThread.run(ForkJoinWorkerThread.java:183)
Caused by: org.eclipse.lsp4j.jsonrpc.JsonRpcException: java.io.IOException: 파이프가 닫히는 중입니다
	at org.eclipse.lsp4j.jsonrpc.json.StreamMessageConsumer.consume(StreamMessageConsumer.java:72)
	at org.eclipse.lsp4e.LanguageServerWrapper.lambda$4(LanguageServerWrapper.java:260)
	at org.eclipse.lsp4j.jsonrpc.RemoteEndpoint.request(RemoteEndpoint.java:161)
	at org.eclipse.lsp4j.jsonrpc.services.EndpointProxy.invoke(EndpointProxy.java:91)
	at com.sun.proxy.$Proxy66.codeLens(Unknown Source)
	at org.eclipse.lsp4e.operations.codelens.CodeLensProvider.lambda$2(CodeLensProvider.java:43)
	... 15 more
Caused by: java.io.IOException: 파이프가 닫히는 중입니다
	at java.base/java.io.FileOutputStream.writeBytes(Native Method)
	at java.base/java.io.FileOutputStream.write(FileOutputStream.java:354)
	at java.base/java.io.BufferedOutputStream.flushBuffer(BufferedOutputStream.java:81)
	at java.base/java.io.BufferedOutputStream.flush(BufferedOutputStream.java:142)
	at org.eclipse.lsp4j.jsonrpc.json.StreamMessageConsumer.consume(StreamMessageConsumer.java:69)
	... 20 more

!ENTRY org.eclipse.jface.text 4 0 2025-06-20 15:22:12.842
!MESSAGE org.eclipse.lsp4j.jsonrpc.JsonRpcException: java.io.IOException: 파이프가 닫히는 중입니다
!STACK 0
java.util.concurrent.CompletionException: org.eclipse.lsp4j.jsonrpc.JsonRpcException: java.io.IOException: 파이프가 닫히는 중입니다
	at java.base/java.util.concurrent.CompletableFuture.encodeThrowable(CompletableFuture.java:331)
	at java.base/java.util.concurrent.CompletableFuture.uniAcceptNow(CompletableFuture.java:743)
	at java.base/java.util.concurrent.CompletableFuture.uniAcceptStage(CompletableFuture.java:731)
	at java.base/java.util.concurrent.CompletableFuture.thenAcceptAsync(CompletableFuture.java:2118)
	at org.eclipse.lsp4e.operations.codelens.CodeLensProvider.lambda$2(CodeLensProvider.java:44)
	at java.base/java.util.stream.ReferencePipeline$3$1.accept(ReferencePipeline.java:195)
	at java.base/java.util.ArrayList$ArrayListSpliterator.forEachRemaining(ArrayList.java:1655)
	at java.base/java.util.stream.AbstractPipeline.copyInto(AbstractPipeline.java:484)
	at java.base/java.util.stream.AbstractPipeline.wrapAndCopyInto(AbstractPipeline.java:474)
	at java.base/java.util.stream.AbstractPipeline.evaluate(AbstractPipeline.java:550)
	at java.base/java.util.stream.AbstractPipeline.evaluateToArrayNode(AbstractPipeline.java:260)
	at java.base/java.util.stream.ReferencePipeline.toArray(ReferencePipeline.java:517)
	at org.eclipse.lsp4e.operations.codelens.CodeLensProvider.lambda$1(CodeLensProvider.java:52)
	at java.base/java.util.concurrent.CompletableFuture$UniCompose.tryFire(CompletableFuture.java:1072)
	at java.base/java.util.concurrent.CompletableFuture$Completion.exec(CompletableFuture.java:479)
	at java.base/java.util.concurrent.ForkJoinTask.doExec(ForkJoinTask.java:290)
	at java.base/java.util.concurrent.ForkJoinPool$WorkQueue.topLevelExec(ForkJoinPool.java:1020)
	at java.base/java.util.concurrent.ForkJoinPool.scan(ForkJoinPool.java:1656)
	at java.base/java.util.concurrent.ForkJoinPool.runWorker(ForkJoinPool.java:1594)
	at java.base/java.util.concurrent.ForkJoinWorkerThread.run(ForkJoinWorkerThread.java:183)
Caused by: org.eclipse.lsp4j.jsonrpc.JsonRpcException: java.io.IOException: 파이프가 닫히는 중입니다
	at org.eclipse.lsp4j.jsonrpc.json.StreamMessageConsumer.consume(StreamMessageConsumer.java:72)
	at org.eclipse.lsp4e.LanguageServerWrapper.lambda$4(LanguageServerWrapper.java:260)
	at org.eclipse.lsp4j.jsonrpc.RemoteEndpoint.request(RemoteEndpoint.java:161)
	at org.eclipse.lsp4j.jsonrpc.services.EndpointProxy.invoke(EndpointProxy.java:91)
	at com.sun.proxy.$Proxy66.codeLens(Unknown Source)
	at org.eclipse.lsp4e.operations.codelens.CodeLensProvider.lambda$2(CodeLensProvider.java:43)
	... 15 more
Caused by: java.io.IOException: 파이프가 닫히는 중입니다
	at java.base/java.io.FileOutputStream.writeBytes(Native Method)
	at java.base/java.io.FileOutputStream.write(FileOutputStream.java:354)
	at java.base/java.io.BufferedOutputStream.flushBuffer(BufferedOutputStream.java:81)
	at java.base/java.io.BufferedOutputStream.flush(BufferedOutputStream.java:142)
	at org.eclipse.lsp4j.jsonrpc.json.StreamMessageConsumer.consume(StreamMessageConsumer.java:69)
	... 20 more

!ENTRY org.springframework.tooling.ls.eclipse.commons 1 0 2025-06-20 15:22:12.869
!MESSAGE ClasspathListenerHandler addClasspathListener sts4.classpath.fyEymwyAisBatched = true

!ENTRY org.springframework.tooling.ls.eclipse.commons 1 0 2025-06-20 15:22:12.869
!MESSAGE Setting up ClasspathListenerManager

!ENTRY org.springframework.tooling.ls.eclipse.commons 1 0 2025-06-20 15:22:12.869
!MESSAGE Scheduling initial event for all projects ...

!ENTRY org.springframework.tooling.ls.eclipse.commons 1 0 2025-06-20 15:22:12.869
!MESSAGE Scheduling initial event for all projects DONE

!ENTRY org.springframework.tooling.ls.eclipse.commons 1 0 2025-06-20 15:22:12.869
!MESSAGE exists = true open = true => deleted = false

!ENTRY org.springframework.tooling.ls.eclipse.commons 1 0 2025-06-20 15:22:12.869
!MESSAGE ClasspathListenerHandler addClasspathListener sts4.classpath.fyEymwyA => OK

!ENTRY org.springframework.tooling.ls.eclipse.commons 1 0 2025-06-20 15:22:12.870
!MESSAGE classpath=57 entries

!ENTRY org.springframework.tooling.ls.eclipse.commons 1 0 2025-06-20 15:22:12.871
!MESSAGE buffering callback sts4.classpath.fyEymwyA ServiceExam false 57

!ENTRY org.springframework.tooling.ls.eclipse.commons 1 0 2025-06-20 15:22:12.871
!MESSAGE executing callback sts4.classpath.fyEymwyA 1 batched events

!ENTRY org.springframework.tooling.ls.eclipse.commons 1 0 2025-06-20 15:22:13.075
!MESSAGE executing callback sts4.classpath.fyEymwyA SUCCESS [done]

!ENTRY org.springframework.tooling.ls.eclipse.commons 1 0 2025-06-20 15:22:13.076
!MESSAGE Entering DelegatingStreamConnectionProvider()

!ENTRY org.eclipse.lsp4e 4 0 2025-06-20 15:22:13.076
!MESSAGE org.eclipse.lsp4j.jsonrpc.JsonRpcException: java.io.IOException: 파이프가 닫히는 중입니다
!STACK 0
java.util.concurrent.ExecutionException: org.eclipse.lsp4j.jsonrpc.JsonRpcException: java.io.IOException: 파이프가 닫히는 중입니다
	at java.base/java.util.concurrent.CompletableFuture.reportGet(CompletableFuture.java:395)
	at java.base/java.util.concurrent.CompletableFuture.get(CompletableFuture.java:2028)
	at org.eclipse.lsp4e.LanguageServerWrapper.lambda$13(LanguageServerWrapper.java:425)
	at java.base/java.util.concurrent.CompletableFuture$AsyncRun.run(CompletableFuture.java:1736)
	at java.base/java.util.concurrent.CompletableFuture$AsyncRun.exec(CompletableFuture.java:1728)
	at java.base/java.util.concurrent.ForkJoinTask.doExec(ForkJoinTask.java:290)
	at java.base/java.util.concurrent.ForkJoinPool$WorkQueue.topLevelExec(ForkJoinPool.java:1020)
	at java.base/java.util.concurrent.ForkJoinPool.scan(ForkJoinPool.java:1656)
	at java.base/java.util.concurrent.ForkJoinPool.runWorker(ForkJoinPool.java:1594)
	at java.base/java.util.concurrent.ForkJoinWorkerThread.run(ForkJoinWorkerThread.java:183)
Caused by: org.eclipse.lsp4j.jsonrpc.JsonRpcException: java.io.IOException: 파이프가 닫히는 중입니다
	at org.eclipse.lsp4j.jsonrpc.json.StreamMessageConsumer.consume(StreamMessageConsumer.java:72)
	at org.eclipse.lsp4e.LanguageServerWrapper.lambda$4(LanguageServerWrapper.java:260)
	at org.eclipse.lsp4j.jsonrpc.RemoteEndpoint.request(RemoteEndpoint.java:161)
	at org.eclipse.lsp4j.jsonrpc.services.EndpointProxy.invoke(EndpointProxy.java:91)
	at com.sun.proxy.$Proxy68.shutdown(Unknown Source)
	at org.eclipse.lsp4e.LanguageServerWrapper.lambda$13(LanguageServerWrapper.java:423)
	... 7 more
Caused by: java.io.IOException: 파이프가 닫히는 중입니다
	at java.base/java.io.FileOutputStream.writeBytes(Native Method)
	at java.base/java.io.FileOutputStream.write(FileOutputStream.java:354)
	at java.base/java.io.BufferedOutputStream.flushBuffer(BufferedOutputStream.java:81)
	at java.base/java.io.BufferedOutputStream.flush(BufferedOutputStream.java:142)
	at org.eclipse.lsp4j.jsonrpc.json.StreamMessageConsumer.consume(StreamMessageConsumer.java:69)
	... 12 more

!ENTRY org.eclipse.lsp4e 4 0 2025-06-20 15:22:13.077
!MESSAGE org.eclipse.lsp4j.jsonrpc.JsonRpcException: java.io.IOException: 파이프가 닫히는 중입니다
!STACK 0
java.util.concurrent.ExecutionException: org.eclipse.lsp4j.jsonrpc.JsonRpcException: java.io.IOException: 파이프가 닫히는 중입니다
	at java.base/java.util.concurrent.CompletableFuture.reportGet(CompletableFuture.java:395)
	at java.base/java.util.concurrent.CompletableFuture.get(CompletableFuture.java:2028)
	at org.eclipse.lsp4e.LanguageServerWrapper.lambda$13(LanguageServerWrapper.java:425)
	at java.base/java.util.concurrent.CompletableFuture$AsyncRun.run(CompletableFuture.java:1736)
	at java.base/java.util.concurrent.CompletableFuture$AsyncRun.exec(CompletableFuture.java:1728)
	at java.base/java.util.concurrent.ForkJoinTask.doExec(ForkJoinTask.java:290)
	at java.base/java.util.concurrent.ForkJoinPool$WorkQueue.topLevelExec(ForkJoinPool.java:1020)
	at java.base/java.util.concurrent.ForkJoinPool.scan(ForkJoinPool.java:1656)
	at java.base/java.util.concurrent.ForkJoinPool.runWorker(ForkJoinPool.java:1594)
	at java.base/java.util.concurrent.ForkJoinWorkerThread.run(ForkJoinWorkerThread.java:183)
Caused by: org.eclipse.lsp4j.jsonrpc.JsonRpcException: java.io.IOException: 파이프가 닫히는 중입니다
	at org.eclipse.lsp4j.jsonrpc.json.StreamMessageConsumer.consume(StreamMessageConsumer.java:72)
	at org.eclipse.lsp4e.LanguageServerWrapper.lambda$4(LanguageServerWrapper.java:260)
	at org.eclipse.lsp4j.jsonrpc.RemoteEndpoint.request(RemoteEndpoint.java:161)
	at org.eclipse.lsp4j.jsonrpc.services.EndpointProxy.invoke(EndpointProxy.java:91)
	at com.sun.proxy.$Proxy68.shutdown(Unknown Source)
	at org.eclipse.lsp4e.LanguageServerWrapper.lambda$13(LanguageServerWrapper.java:423)
	... 7 more
Caused by: java.io.IOException: 파이프가 닫히는 중입니다
	at java.base/java.io.FileOutputStream.writeBytes(Native Method)
	at java.base/java.io.FileOutputStream.write(FileOutputStream.java:354)
	at java.base/java.io.BufferedOutputStream.flushBuffer(BufferedOutputStream.java:81)
	at java.base/java.io.BufferedOutputStream.flush(BufferedOutputStream.java:142)
	at org.eclipse.lsp4j.jsonrpc.json.StreamMessageConsumer.consume(StreamMessageConsumer.java:69)
	... 12 more

!ENTRY org.springframework.tooling.ls.eclipse.commons 1 0 2025-06-20 15:22:13.077
!MESSAGE DelegatingStreamConnectionProvider classloader = org.eclipse.osgi.internal.loader.EquinoxClassLoader@580cb668[org.springframework.tooling.boot.ls:1.28.0.202109130547(id=1001)]

!ENTRY org.springframework.tooling.ls.eclipse.commons 1 0 2025-06-20 15:22:13.077
!MESSAGE SpringBootLanguageServer exists!

!ENTRY org.springframework.tooling.ls.eclipse.commons 1 0 2025-06-20 15:22:14.124
!MESSAGE Boot LS startup time from start to initialized: 1047ms

!ENTRY org.eclipse.jface.text 4 0 2025-06-20 15:22:14.154
!MESSAGE org.eclipse.lsp4j.jsonrpc.JsonRpcException: java.io.IOException: 파이프가 닫히는 중입니다
!STACK 0
java.util.concurrent.CompletionException: org.eclipse.lsp4j.jsonrpc.JsonRpcException: java.io.IOException: 파이프가 닫히는 중입니다
	at java.base/java.util.concurrent.CompletableFuture.encodeThrowable(CompletableFuture.java:331)
	at java.base/java.util.concurrent.CompletableFuture.uniAcceptNow(CompletableFuture.java:743)
	at java.base/java.util.concurrent.CompletableFuture.uniAcceptStage(CompletableFuture.java:731)
	at java.base/java.util.concurrent.CompletableFuture.thenAcceptAsync(CompletableFuture.java:2118)
	at org.eclipse.lsp4e.operations.codelens.CodeLensProvider.lambda$2(CodeLensProvider.java:44)
	at java.base/java.util.stream.ReferencePipeline$3$1.accept(ReferencePipeline.java:195)
	at java.base/java.util.ArrayList$ArrayListSpliterator.forEachRemaining(ArrayList.java:1655)
	at java.base/java.util.stream.AbstractPipeline.copyInto(AbstractPipeline.java:484)
	at java.base/java.util.stream.AbstractPipeline.wrapAndCopyInto(AbstractPipeline.java:474)
	at java.base/java.util.stream.AbstractPipeline.evaluate(AbstractPipeline.java:550)
	at java.base/java.util.stream.AbstractPipeline.evaluateToArrayNode(AbstractPipeline.java:260)
	at java.base/java.util.stream.ReferencePipeline.toArray(ReferencePipeline.java:517)
	at org.eclipse.lsp4e.operations.codelens.CodeLensProvider.lambda$1(CodeLensProvider.java:52)
	at java.base/java.util.concurrent.CompletableFuture$UniCompose.tryFire(CompletableFuture.java:1072)
	at java.base/java.util.concurrent.CompletableFuture$Completion.exec(CompletableFuture.java:479)
	at java.base/java.util.concurrent.ForkJoinTask.doExec(ForkJoinTask.java:290)
	at java.base/java.util.concurrent.ForkJoinPool$WorkQueue.topLevelExec(ForkJoinPool.java:1020)
	at java.base/java.util.concurrent.ForkJoinPool.scan(ForkJoinPool.java:1656)
	at java.base/java.util.concurrent.ForkJoinPool.runWorker(ForkJoinPool.java:1594)
	at java.base/java.util.concurrent.ForkJoinWorkerThread.run(ForkJoinWorkerThread.java:183)
Caused by: org.eclipse.lsp4j.jsonrpc.JsonRpcException: java.io.IOException: 파이프가 닫히는 중입니다
	at org.eclipse.lsp4j.jsonrpc.json.StreamMessageConsumer.consume(StreamMessageConsumer.java:72)
	at org.eclipse.lsp4e.LanguageServerWrapper.lambda$4(LanguageServerWrapper.java:260)
	at org.eclipse.lsp4j.jsonrpc.RemoteEndpoint.request(RemoteEndpoint.java:161)
	at org.eclipse.lsp4j.jsonrpc.services.EndpointProxy.invoke(EndpointProxy.java:91)
	at com.sun.proxy.$Proxy66.codeLens(Unknown Source)
	at org.eclipse.lsp4e.operations.codelens.CodeLensProvider.lambda$2(CodeLensProvider.java:43)
	... 15 more
Caused by: java.io.IOException: 파이프가 닫히는 중입니다
	at java.base/java.io.FileOutputStream.writeBytes(Native Method)
	at java.base/java.io.FileOutputStream.write(FileOutputStream.java:354)
	at java.base/java.io.BufferedOutputStream.flushBuffer(BufferedOutputStream.java:81)
	at java.base/java.io.BufferedOutputStream.flush(BufferedOutputStream.java:142)
	at org.eclipse.lsp4j.jsonrpc.json.StreamMessageConsumer.consume(StreamMessageConsumer.java:69)
	... 20 more

!ENTRY org.eclipse.jface.text 4 0 2025-06-20 15:22:14.154
!MESSAGE org.eclipse.lsp4j.jsonrpc.JsonRpcException: java.io.IOException: 파이프가 닫히는 중입니다
!STACK 0
java.util.concurrent.CompletionException: org.eclipse.lsp4j.jsonrpc.JsonRpcException: java.io.IOException: 파이프가 닫히는 중입니다
	at java.base/java.util.concurrent.CompletableFuture.encodeThrowable(CompletableFuture.java:331)
	at java.base/java.util.concurrent.CompletableFuture.uniAcceptNow(CompletableFuture.java:743)
	at java.base/java.util.concurrent.CompletableFuture.uniAcceptStage(CompletableFuture.java:731)
	at java.base/java.util.concurrent.CompletableFuture.thenAcceptAsync(CompletableFuture.java:2118)
	at org.eclipse.lsp4e.operations.codelens.CodeLensProvider.lambda$2(CodeLensProvider.java:44)
	at java.base/java.util.stream.ReferencePipeline$3$1.accept(ReferencePipeline.java:195)
	at java.base/java.util.ArrayList$ArrayListSpliterator.forEachRemaining(ArrayList.java:1655)
	at java.base/java.util.stream.AbstractPipeline.copyInto(AbstractPipeline.java:484)
	at java.base/java.util.stream.AbstractPipeline.wrapAndCopyInto(AbstractPipeline.java:474)
	at java.base/java.util.stream.AbstractPipeline.evaluate(AbstractPipeline.java:550)
	at java.base/java.util.stream.AbstractPipeline.evaluateToArrayNode(AbstractPipeline.java:260)
	at java.base/java.util.stream.ReferencePipeline.toArray(ReferencePipeline.java:517)
	at org.eclipse.lsp4e.operations.codelens.CodeLensProvider.lambda$1(CodeLensProvider.java:52)
	at java.base/java.util.concurrent.CompletableFuture$UniCompose.tryFire(CompletableFuture.java:1072)
	at java.base/java.util.concurrent.CompletableFuture$Completion.exec(CompletableFuture.java:479)
	at java.base/java.util.concurrent.ForkJoinTask.doExec(ForkJoinTask.java:290)
	at java.base/java.util.concurrent.ForkJoinPool$WorkQueue.topLevelExec(ForkJoinPool.java:1020)
	at java.base/java.util.concurrent.ForkJoinPool.scan(ForkJoinPool.java:1656)
	at java.base/java.util.concurrent.ForkJoinPool.runWorker(ForkJoinPool.java:1594)
	at java.base/java.util.concurrent.ForkJoinWorkerThread.run(ForkJoinWorkerThread.java:183)
Caused by: org.eclipse.lsp4j.jsonrpc.JsonRpcException: java.io.IOException: 파이프가 닫히는 중입니다
	at org.eclipse.lsp4j.jsonrpc.json.StreamMessageConsumer.consume(StreamMessageConsumer.java:72)
	at org.eclipse.lsp4e.LanguageServerWrapper.lambda$4(LanguageServerWrapper.java:260)
	at org.eclipse.lsp4j.jsonrpc.RemoteEndpoint.request(RemoteEndpoint.java:161)
	at org.eclipse.lsp4j.jsonrpc.services.EndpointProxy.invoke(EndpointProxy.java:91)
	at com.sun.proxy.$Proxy66.codeLens(Unknown Source)
	at org.eclipse.lsp4e.operations.codelens.CodeLensProvider.lambda$2(CodeLensProvider.java:43)
	... 15 more
Caused by: java.io.IOException: 파이프가 닫히는 중입니다
	at java.base/java.io.FileOutputStream.writeBytes(Native Method)
	at java.base/java.io.FileOutputStream.write(FileOutputStream.java:354)
	at java.base/java.io.BufferedOutputStream.flushBuffer(BufferedOutputStream.java:81)
	at java.base/java.io.BufferedOutputStream.flush(BufferedOutputStream.java:142)
	at org.eclipse.lsp4j.jsonrpc.json.StreamMessageConsumer.consume(StreamMessageConsumer.java:69)
	... 20 more

!ENTRY org.eclipse.jface.text 4 0 2025-06-20 15:22:14.155
!MESSAGE org.eclipse.lsp4j.jsonrpc.JsonRpcException: java.io.IOException: 파이프가 닫히는 중입니다
!STACK 0
java.util.concurrent.CompletionException: org.eclipse.lsp4j.jsonrpc.JsonRpcException: java.io.IOException: 파이프가 닫히는 중입니다
	at java.base/java.util.concurrent.CompletableFuture.encodeThrowable(CompletableFuture.java:331)
	at java.base/java.util.concurrent.CompletableFuture.uniAcceptNow(CompletableFuture.java:743)
	at java.base/java.util.concurrent.CompletableFuture.uniAcceptStage(CompletableFuture.java:731)
	at java.base/java.util.concurrent.CompletableFuture.thenAcceptAsync(CompletableFuture.java:2118)
	at org.eclipse.lsp4e.operations.codelens.CodeLensProvider.lambda$2(CodeLensProvider.java:44)
	at java.base/java.util.stream.ReferencePipeline$3$1.accept(ReferencePipeline.java:195)
	at java.base/java.util.ArrayList$ArrayListSpliterator.forEachRemaining(ArrayList.java:1655)
	at java.base/java.util.stream.AbstractPipeline.copyInto(AbstractPipeline.java:484)
	at java.base/java.util.stream.AbstractPipeline.wrapAndCopyInto(AbstractPipeline.java:474)
	at java.base/java.util.stream.AbstractPipeline.evaluate(AbstractPipeline.java:550)
	at java.base/java.util.stream.AbstractPipeline.evaluateToArrayNode(AbstractPipeline.java:260)
	at java.base/java.util.stream.ReferencePipeline.toArray(ReferencePipeline.java:517)
	at org.eclipse.lsp4e.operations.codelens.CodeLensProvider.lambda$1(CodeLensProvider.java:52)
	at java.base/java.util.concurrent.CompletableFuture$UniCompose.tryFire(CompletableFuture.java:1072)
	at java.base/java.util.concurrent.CompletableFuture$Completion.exec(CompletableFuture.java:479)
	at java.base/java.util.concurrent.ForkJoinTask.doExec(ForkJoinTask.java:290)
	at java.base/java.util.concurrent.ForkJoinPool$WorkQueue.topLevelExec(ForkJoinPool.java:1020)
	at java.base/java.util.concurrent.ForkJoinPool.scan(ForkJoinPool.java:1656)
	at java.base/java.util.concurrent.ForkJoinPool.runWorker(ForkJoinPool.java:1594)
	at java.base/java.util.concurrent.ForkJoinWorkerThread.run(ForkJoinWorkerThread.java:183)
Caused by: org.eclipse.lsp4j.jsonrpc.JsonRpcException: java.io.IOException: 파이프가 닫히는 중입니다
	at org.eclipse.lsp4j.jsonrpc.json.StreamMessageConsumer.consume(StreamMessageConsumer.java:72)
	at org.eclipse.lsp4e.LanguageServerWrapper.lambda$4(LanguageServerWrapper.java:260)
	at org.eclipse.lsp4j.jsonrpc.RemoteEndpoint.request(RemoteEndpoint.java:161)
	at org.eclipse.lsp4j.jsonrpc.services.EndpointProxy.invoke(EndpointProxy.java:91)
	at com.sun.proxy.$Proxy66.codeLens(Unknown Source)
	at org.eclipse.lsp4e.operations.codelens.CodeLensProvider.lambda$2(CodeLensProvider.java:43)
	... 15 more
Caused by: java.io.IOException: 파이프가 닫히는 중입니다
	at java.base/java.io.FileOutputStream.writeBytes(Native Method)
	at java.base/java.io.FileOutputStream.write(FileOutputStream.java:354)
	at java.base/java.io.BufferedOutputStream.flushBuffer(BufferedOutputStream.java:81)
	at java.base/java.io.BufferedOutputStream.flush(BufferedOutputStream.java:142)
	at org.eclipse.lsp4j.jsonrpc.json.StreamMessageConsumer.consume(StreamMessageConsumer.java:69)
	... 20 more

!ENTRY org.eclipse.jface.text 4 0 2025-06-20 15:22:14.155
!MESSAGE org.eclipse.lsp4j.jsonrpc.JsonRpcException: java.io.IOException: 파이프가 닫히는 중입니다
!STACK 0
java.util.concurrent.CompletionException: org.eclipse.lsp4j.jsonrpc.JsonRpcException: java.io.IOException: 파이프가 닫히는 중입니다
	at java.base/java.util.concurrent.CompletableFuture.encodeThrowable(CompletableFuture.java:331)
	at java.base/java.util.concurrent.CompletableFuture.uniAcceptNow(CompletableFuture.java:743)
	at java.base/java.util.concurrent.CompletableFuture.uniAcceptStage(CompletableFuture.java:731)
	at java.base/java.util.concurrent.CompletableFuture.thenAcceptAsync(CompletableFuture.java:2118)
	at org.eclipse.lsp4e.operations.codelens.CodeLensProvider.lambda$2(CodeLensProvider.java:44)
	at java.base/java.util.stream.ReferencePipeline$3$1.accept(ReferencePipeline.java:195)
	at java.base/java.util.ArrayList$ArrayListSpliterator.forEachRemaining(ArrayList.java:1655)
	at java.base/java.util.stream.AbstractPipeline.copyInto(AbstractPipeline.java:484)
	at java.base/java.util.stream.AbstractPipeline.wrapAndCopyInto(AbstractPipeline.java:474)
	at java.base/java.util.stream.AbstractPipeline.evaluate(AbstractPipeline.java:550)
	at java.base/java.util.stream.AbstractPipeline.evaluateToArrayNode(AbstractPipeline.java:260)
	at java.base/java.util.stream.ReferencePipeline.toArray(ReferencePipeline.java:517)
	at org.eclipse.lsp4e.operations.codelens.CodeLensProvider.lambda$1(CodeLensProvider.java:52)
	at java.base/java.util.concurrent.CompletableFuture$UniCompose.tryFire(CompletableFuture.java:1072)
	at java.base/java.util.concurrent.CompletableFuture$Completion.exec(CompletableFuture.java:479)
	at java.base/java.util.concurrent.ForkJoinTask.doExec(ForkJoinTask.java:290)
	at java.base/java.util.concurrent.ForkJoinPool$WorkQueue.topLevelExec(ForkJoinPool.java:1020)
	at java.base/java.util.concurrent.ForkJoinPool.scan(ForkJoinPool.java:1656)
	at java.base/java.util.concurrent.ForkJoinPool.runWorker(ForkJoinPool.java:1594)
	at java.base/java.util.concurrent.ForkJoinWorkerThread.run(ForkJoinWorkerThread.java:183)
Caused by: org.eclipse.lsp4j.jsonrpc.JsonRpcException: java.io.IOException: 파이프가 닫히는 중입니다
	at org.eclipse.lsp4j.jsonrpc.json.StreamMessageConsumer.consume(StreamMessageConsumer.java:72)
	at org.eclipse.lsp4e.LanguageServerWrapper.lambda$4(LanguageServerWrapper.java:260)
	at org.eclipse.lsp4j.jsonrpc.RemoteEndpoint.request(RemoteEndpoint.java:161)
	at org.eclipse.lsp4j.jsonrpc.services.EndpointProxy.invoke(EndpointProxy.java:91)
	at com.sun.proxy.$Proxy66.codeLens(Unknown Source)
	at org.eclipse.lsp4e.operations.codelens.CodeLensProvider.lambda$2(CodeLensProvider.java:43)
	... 15 more
Caused by: java.io.IOException: 파이프가 닫히는 중입니다
	at java.base/java.io.FileOutputStream.writeBytes(Native Method)
	at java.base/java.io.FileOutputStream.write(FileOutputStream.java:354)
	at java.base/java.io.BufferedOutputStream.flushBuffer(BufferedOutputStream.java:81)
	at java.base/java.io.BufferedOutputStream.flush(BufferedOutputStream.java:142)
	at org.eclipse.lsp4j.jsonrpc.json.StreamMessageConsumer.consume(StreamMessageConsumer.java:69)
	... 20 more

!ENTRY org.springframework.tooling.ls.eclipse.commons 1 0 2025-06-20 15:22:14.181
!MESSAGE ClasspathListenerHandler addClasspathListener sts4.classpath.dWzbtgZVisBatched = true

!ENTRY org.springframework.tooling.ls.eclipse.commons 1 0 2025-06-20 15:22:14.182
!MESSAGE Setting up ClasspathListenerManager

!ENTRY org.springframework.tooling.ls.eclipse.commons 1 0 2025-06-20 15:22:14.182
!MESSAGE Scheduling initial event for all projects ...

!ENTRY org.springframework.tooling.ls.eclipse.commons 1 0 2025-06-20 15:22:14.182
!MESSAGE Scheduling initial event for all projects DONE

!ENTRY org.springframework.tooling.ls.eclipse.commons 1 0 2025-06-20 15:22:14.182
!MESSAGE exists = true open = true => deleted = false

!ENTRY org.springframework.tooling.ls.eclipse.commons 1 0 2025-06-20 15:22:14.182
!MESSAGE ClasspathListenerHandler addClasspathListener sts4.classpath.dWzbtgZV => OK

!ENTRY org.springframework.tooling.ls.eclipse.commons 1 0 2025-06-20 15:22:14.183
!MESSAGE classpath=57 entries

!ENTRY org.springframework.tooling.ls.eclipse.commons 1 0 2025-06-20 15:22:14.185
!MESSAGE buffering callback sts4.classpath.dWzbtgZV ServiceExam false 57

!ENTRY org.springframework.tooling.ls.eclipse.commons 1 0 2025-06-20 15:22:14.185
!MESSAGE executing callback sts4.classpath.dWzbtgZV 1 batched events

!ENTRY org.springframework.tooling.ls.eclipse.commons 1 0 2025-06-20 15:22:14.391
!MESSAGE executing callback sts4.classpath.dWzbtgZV SUCCESS [done]

!ENTRY org.eclipse.lsp4e 4 0 2025-06-20 15:22:14.392
!MESSAGE org.eclipse.lsp4j.jsonrpc.JsonRpcException: java.io.IOException: 파이프가 닫히는 중입니다
!STACK 0
java.util.concurrent.ExecutionException: org.eclipse.lsp4j.jsonrpc.JsonRpcException: java.io.IOException: 파이프가 닫히는 중입니다
	at java.base/java.util.concurrent.CompletableFuture.reportGet(CompletableFuture.java:395)
	at java.base/java.util.concurrent.CompletableFuture.get(CompletableFuture.java:2028)
	at org.eclipse.lsp4e.LanguageServerWrapper.lambda$13(LanguageServerWrapper.java:425)
	at java.base/java.util.concurrent.CompletableFuture$AsyncRun.run(CompletableFuture.java:1736)
	at java.base/java.util.concurrent.CompletableFuture$AsyncRun.exec(CompletableFuture.java:1728)
	at java.base/java.util.concurrent.ForkJoinTask.doExec(ForkJoinTask.java:290)
	at java.base/java.util.concurrent.ForkJoinPool$WorkQueue.topLevelExec(ForkJoinPool.java:1020)
	at java.base/java.util.concurrent.ForkJoinPool.scan(ForkJoinPool.java:1656)
	at java.base/java.util.concurrent.ForkJoinPool.runWorker(ForkJoinPool.java:1594)
	at java.base/java.util.concurrent.ForkJoinWorkerThread.run(ForkJoinWorkerThread.java:183)
Caused by: org.eclipse.lsp4j.jsonrpc.JsonRpcException: java.io.IOException: 파이프가 닫히는 중입니다
	at org.eclipse.lsp4j.jsonrpc.json.StreamMessageConsumer.consume(StreamMessageConsumer.java:72)
	at org.eclipse.lsp4e.LanguageServerWrapper.lambda$4(LanguageServerWrapper.java:260)
	at org.eclipse.lsp4j.jsonrpc.RemoteEndpoint.request(RemoteEndpoint.java:161)
	at org.eclipse.lsp4j.jsonrpc.services.EndpointProxy.invoke(EndpointProxy.java:91)
	at com.sun.proxy.$Proxy68.shutdown(Unknown Source)
	at org.eclipse.lsp4e.LanguageServerWrapper.lambda$13(LanguageServerWrapper.java:423)
	... 7 more
Caused by: java.io.IOException: 파이프가 닫히는 중입니다
	at java.base/java.io.FileOutputStream.writeBytes(Native Method)
	at java.base/java.io.FileOutputStream.write(FileOutputStream.java:354)
	at java.base/java.io.BufferedOutputStream.flushBuffer(BufferedOutputStream.java:81)
	at java.base/java.io.BufferedOutputStream.flush(BufferedOutputStream.java:142)
	at org.eclipse.lsp4j.jsonrpc.json.StreamMessageConsumer.consume(StreamMessageConsumer.java:69)
	... 12 more

!ENTRY org.eclipse.lsp4e 4 0 2025-06-20 15:22:14.392
!MESSAGE org.eclipse.lsp4j.jsonrpc.JsonRpcException: java.io.IOException: 파이프가 닫히는 중입니다
!STACK 0
java.util.concurrent.ExecutionException: org.eclipse.lsp4j.jsonrpc.JsonRpcException: java.io.IOException: 파이프가 닫히는 중입니다
	at java.base/java.util.concurrent.CompletableFuture.reportGet(CompletableFuture.java:395)
	at java.base/java.util.concurrent.CompletableFuture.get(CompletableFuture.java:2028)
	at org.eclipse.lsp4e.LanguageServerWrapper.lambda$13(LanguageServerWrapper.java:425)
	at java.base/java.util.concurrent.CompletableFuture$AsyncRun.run(CompletableFuture.java:1736)
	at java.base/java.util.concurrent.CompletableFuture$AsyncRun.exec(CompletableFuture.java:1728)
	at java.base/java.util.concurrent.ForkJoinTask.doExec(ForkJoinTask.java:290)
	at java.base/java.util.concurrent.ForkJoinPool$WorkQueue.topLevelExec(ForkJoinPool.java:1020)
	at java.base/java.util.concurrent.ForkJoinPool.scan(ForkJoinPool.java:1656)
	at java.base/java.util.concurrent.ForkJoinPool.runWorker(ForkJoinPool.java:1594)
	at java.base/java.util.concurrent.ForkJoinWorkerThread.run(ForkJoinWorkerThread.java:183)
Caused by: org.eclipse.lsp4j.jsonrpc.JsonRpcException: java.io.IOException: 파이프가 닫히는 중입니다
	at org.eclipse.lsp4j.jsonrpc.json.StreamMessageConsumer.consume(StreamMessageConsumer.java:72)
	at org.eclipse.lsp4e.LanguageServerWrapper.lambda$4(LanguageServerWrapper.java:260)
	at org.eclipse.lsp4j.jsonrpc.RemoteEndpoint.request(RemoteEndpoint.java:161)
	at org.eclipse.lsp4j.jsonrpc.services.EndpointProxy.invoke(EndpointProxy.java:91)
	at com.sun.proxy.$Proxy68.shutdown(Unknown Source)
	at org.eclipse.lsp4e.LanguageServerWrapper.lambda$13(LanguageServerWrapper.java:423)
	... 7 more
Caused by: java.io.IOException: 파이프가 닫히는 중입니다
	at java.base/java.io.FileOutputStream.writeBytes(Native Method)
	at java.base/java.io.FileOutputStream.write(FileOutputStream.java:354)
	at java.base/java.io.BufferedOutputStream.flushBuffer(BufferedOutputStream.java:81)
	at java.base/java.io.BufferedOutputStream.flush(BufferedOutputStream.java:142)
	at org.eclipse.lsp4j.jsonrpc.json.StreamMessageConsumer.consume(StreamMessageConsumer.java:69)
	... 12 more

!ENTRY org.springframework.tooling.ls.eclipse.commons 1 0 2025-06-20 15:22:14.392
!MESSAGE Entering DelegatingStreamConnectionProvider()

!ENTRY org.springframework.tooling.ls.eclipse.commons 1 0 2025-06-20 15:22:14.392
!MESSAGE DelegatingStreamConnectionProvider classloader = org.eclipse.osgi.internal.loader.EquinoxClassLoader@580cb668[org.springframework.tooling.boot.ls:1.28.0.202109130547(id=1001)]

!ENTRY org.springframework.tooling.ls.eclipse.commons 1 0 2025-06-20 15:22:14.392
!MESSAGE SpringBootLanguageServer exists!

!ENTRY org.springframework.tooling.ls.eclipse.commons 1 0 2025-06-20 15:22:15.426
!MESSAGE Boot LS startup time from start to initialized: 1033ms

!ENTRY org.eclipse.jface.text 4 0 2025-06-20 15:22:15.457
!MESSAGE org.eclipse.lsp4j.jsonrpc.JsonRpcException: java.io.IOException: 파이프가 닫히는 중입니다
!STACK 0
java.util.concurrent.CompletionException: org.eclipse.lsp4j.jsonrpc.JsonRpcException: java.io.IOException: 파이프가 닫히는 중입니다
	at java.base/java.util.concurrent.CompletableFuture.encodeThrowable(CompletableFuture.java:331)
	at java.base/java.util.concurrent.CompletableFuture.uniAcceptNow(CompletableFuture.java:743)
	at java.base/java.util.concurrent.CompletableFuture.uniAcceptStage(CompletableFuture.java:731)
	at java.base/java.util.concurrent.CompletableFuture.thenAcceptAsync(CompletableFuture.java:2118)
	at org.eclipse.lsp4e.operations.codelens.CodeLensProvider.lambda$2(CodeLensProvider.java:44)
	at java.base/java.util.stream.ReferencePipeline$3$1.accept(ReferencePipeline.java:195)
	at java.base/java.util.ArrayList$ArrayListSpliterator.forEachRemaining(ArrayList.java:1655)
	at java.base/java.util.stream.AbstractPipeline.copyInto(AbstractPipeline.java:484)
	at java.base/java.util.stream.AbstractPipeline.wrapAndCopyInto(AbstractPipeline.java:474)
	at java.base/java.util.stream.AbstractPipeline.evaluate(AbstractPipeline.java:550)
	at java.base/java.util.stream.AbstractPipeline.evaluateToArrayNode(AbstractPipeline.java:260)
	at java.base/java.util.stream.ReferencePipeline.toArray(ReferencePipeline.java:517)
	at org.eclipse.lsp4e.operations.codelens.CodeLensProvider.lambda$1(CodeLensProvider.java:52)
	at java.base/java.util.concurrent.CompletableFuture$UniCompose.tryFire(CompletableFuture.java:1072)
	at java.base/java.util.concurrent.CompletableFuture$Completion.exec(CompletableFuture.java:479)
	at java.base/java.util.concurrent.ForkJoinTask.doExec(ForkJoinTask.java:290)
	at java.base/java.util.concurrent.ForkJoinPool$WorkQueue.topLevelExec(ForkJoinPool.java:1020)
	at java.base/java.util.concurrent.ForkJoinPool.scan(ForkJoinPool.java:1656)
	at java.base/java.util.concurrent.ForkJoinPool.runWorker(ForkJoinPool.java:1594)
	at java.base/java.util.concurrent.ForkJoinWorkerThread.run(ForkJoinWorkerThread.java:183)
Caused by: org.eclipse.lsp4j.jsonrpc.JsonRpcException: java.io.IOException: 파이프가 닫히는 중입니다
	at org.eclipse.lsp4j.jsonrpc.json.StreamMessageConsumer.consume(StreamMessageConsumer.java:72)
	at org.eclipse.lsp4e.LanguageServerWrapper.lambda$4(LanguageServerWrapper.java:260)
	at org.eclipse.lsp4j.jsonrpc.RemoteEndpoint.request(RemoteEndpoint.java:161)
	at org.eclipse.lsp4j.jsonrpc.services.EndpointProxy.invoke(EndpointProxy.java:91)
	at com.sun.proxy.$Proxy66.codeLens(Unknown Source)
	at org.eclipse.lsp4e.operations.codelens.CodeLensProvider.lambda$2(CodeLensProvider.java:43)
	... 15 more
Caused by: java.io.IOException: 파이프가 닫히는 중입니다
	at java.base/java.io.FileOutputStream.writeBytes(Native Method)
	at java.base/java.io.FileOutputStream.write(FileOutputStream.java:354)
	at java.base/java.io.BufferedOutputStream.flushBuffer(BufferedOutputStream.java:81)
	at java.base/java.io.BufferedOutputStream.flush(BufferedOutputStream.java:142)
	at org.eclipse.lsp4j.jsonrpc.json.StreamMessageConsumer.consume(StreamMessageConsumer.java:69)
	... 20 more

!ENTRY org.eclipse.jface.text 4 0 2025-06-20 15:22:15.457
!MESSAGE org.eclipse.lsp4j.jsonrpc.JsonRpcException: java.io.IOException: 파이프가 닫히는 중입니다
!STACK 0
java.util.concurrent.CompletionException: org.eclipse.lsp4j.jsonrpc.JsonRpcException: java.io.IOException: 파이프가 닫히는 중입니다
	at java.base/java.util.concurrent.CompletableFuture.encodeThrowable(CompletableFuture.java:331)
	at java.base/java.util.concurrent.CompletableFuture.uniAcceptNow(CompletableFuture.java:743)
	at java.base/java.util.concurrent.CompletableFuture.uniAcceptStage(CompletableFuture.java:731)
	at java.base/java.util.concurrent.CompletableFuture.thenAcceptAsync(CompletableFuture.java:2118)
	at org.eclipse.lsp4e.operations.codelens.CodeLensProvider.lambda$2(CodeLensProvider.java:44)
	at java.base/java.util.stream.ReferencePipeline$3$1.accept(ReferencePipeline.java:195)
	at java.base/java.util.ArrayList$ArrayListSpliterator.forEachRemaining(ArrayList.java:1655)
	at java.base/java.util.stream.AbstractPipeline.copyInto(AbstractPipeline.java:484)
	at java.base/java.util.stream.AbstractPipeline.wrapAndCopyInto(AbstractPipeline.java:474)
	at java.base/java.util.stream.AbstractPipeline.evaluate(AbstractPipeline.java:550)
	at java.base/java.util.stream.AbstractPipeline.evaluateToArrayNode(AbstractPipeline.java:260)
	at java.base/java.util.stream.ReferencePipeline.toArray(ReferencePipeline.java:517)
	at org.eclipse.lsp4e.operations.codelens.CodeLensProvider.lambda$1(CodeLensProvider.java:52)
	at java.base/java.util.concurrent.CompletableFuture$UniCompose.tryFire(CompletableFuture.java:1072)
	at java.base/java.util.concurrent.CompletableFuture$Completion.exec(CompletableFuture.java:479)
	at java.base/java.util.concurrent.ForkJoinTask.doExec(ForkJoinTask.java:290)
	at java.base/java.util.concurrent.ForkJoinPool$WorkQueue.topLevelExec(ForkJoinPool.java:1020)
	at java.base/java.util.concurrent.ForkJoinPool.scan(ForkJoinPool.java:1656)
	at java.base/java.util.concurrent.ForkJoinPool.runWorker(ForkJoinPool.java:1594)
	at java.base/java.util.concurrent.ForkJoinWorkerThread.run(ForkJoinWorkerThread.java:183)
Caused by: org.eclipse.lsp4j.jsonrpc.JsonRpcException: java.io.IOException: 파이프가 닫히는 중입니다
	at org.eclipse.lsp4j.jsonrpc.json.StreamMessageConsumer.consume(StreamMessageConsumer.java:72)
	at org.eclipse.lsp4e.LanguageServerWrapper.lambda$4(LanguageServerWrapper.java:260)
	at org.eclipse.lsp4j.jsonrpc.RemoteEndpoint.request(RemoteEndpoint.java:161)
	at org.eclipse.lsp4j.jsonrpc.services.EndpointProxy.invoke(EndpointProxy.java:91)
	at com.sun.proxy.$Proxy66.codeLens(Unknown Source)
	at org.eclipse.lsp4e.operations.codelens.CodeLensProvider.lambda$2(CodeLensProvider.java:43)
	... 15 more
Caused by: java.io.IOException: 파이프가 닫히는 중입니다
	at java.base/java.io.FileOutputStream.writeBytes(Native Method)
	at java.base/java.io.FileOutputStream.write(FileOutputStream.java:354)
	at java.base/java.io.BufferedOutputStream.flushBuffer(BufferedOutputStream.java:81)
	at java.base/java.io.BufferedOutputStream.flush(BufferedOutputStream.java:142)
	at org.eclipse.lsp4j.jsonrpc.json.StreamMessageConsumer.consume(StreamMessageConsumer.java:69)
	... 20 more

!ENTRY org.eclipse.jface.text 4 0 2025-06-20 15:22:15.458
!MESSAGE org.eclipse.lsp4j.jsonrpc.JsonRpcException: java.io.IOException: 파이프가 닫히는 중입니다
!STACK 0
java.util.concurrent.CompletionException: org.eclipse.lsp4j.jsonrpc.JsonRpcException: java.io.IOException: 파이프가 닫히는 중입니다
	at java.base/java.util.concurrent.CompletableFuture.encodeThrowable(CompletableFuture.java:331)
	at java.base/java.util.concurrent.CompletableFuture.uniAcceptNow(CompletableFuture.java:743)
	at java.base/java.util.concurrent.CompletableFuture.uniAcceptStage(CompletableFuture.java:731)
	at java.base/java.util.concurrent.CompletableFuture.thenAcceptAsync(CompletableFuture.java:2118)
	at org.eclipse.lsp4e.operations.codelens.CodeLensProvider.lambda$2(CodeLensProvider.java:44)
	at java.base/java.util.stream.ReferencePipeline$3$1.accept(ReferencePipeline.java:195)
	at java.base/java.util.ArrayList$ArrayListSpliterator.forEachRemaining(ArrayList.java:1655)
	at java.base/java.util.stream.AbstractPipeline.copyInto(AbstractPipeline.java:484)
	at java.base/java.util.stream.AbstractPipeline.wrapAndCopyInto(AbstractPipeline.java:474)
	at java.base/java.util.stream.AbstractPipeline.evaluate(AbstractPipeline.java:550)
	at java.base/java.util.stream.AbstractPipeline.evaluateToArrayNode(AbstractPipeline.java:260)
	at java.base/java.util.stream.ReferencePipeline.toArray(ReferencePipeline.java:517)
	at org.eclipse.lsp4e.operations.codelens.CodeLensProvider.lambda$1(CodeLensProvider.java:52)
	at java.base/java.util.concurrent.CompletableFuture$UniCompose.tryFire(CompletableFuture.java:1072)
	at java.base/java.util.concurrent.CompletableFuture$Completion.exec(CompletableFuture.java:479)
	at java.base/java.util.concurrent.ForkJoinTask.doExec(ForkJoinTask.java:290)
	at java.base/java.util.concurrent.ForkJoinPool$WorkQueue.topLevelExec(ForkJoinPool.java:1020)
	at java.base/java.util.concurrent.ForkJoinPool.scan(ForkJoinPool.java:1656)
	at java.base/java.util.concurrent.ForkJoinPool.runWorker(ForkJoinPool.java:1594)
	at java.base/java.util.concurrent.ForkJoinWorkerThread.run(ForkJoinWorkerThread.java:183)
Caused by: org.eclipse.lsp4j.jsonrpc.JsonRpcException: java.io.IOException: 파이프가 닫히는 중입니다
	at org.eclipse.lsp4j.jsonrpc.json.StreamMessageConsumer.consume(StreamMessageConsumer.java:72)
	at org.eclipse.lsp4e.LanguageServerWrapper.lambda$4(LanguageServerWrapper.java:260)
	at org.eclipse.lsp4j.jsonrpc.RemoteEndpoint.request(RemoteEndpoint.java:161)
	at org.eclipse.lsp4j.jsonrpc.services.EndpointProxy.invoke(EndpointProxy.java:91)
	at com.sun.proxy.$Proxy66.codeLens(Unknown Source)
	at org.eclipse.lsp4e.operations.codelens.CodeLensProvider.lambda$2(CodeLensProvider.java:43)
	... 15 more
Caused by: java.io.IOException: 파이프가 닫히는 중입니다
	at java.base/java.io.FileOutputStream.writeBytes(Native Method)
	at java.base/java.io.FileOutputStream.write(FileOutputStream.java:354)
	at java.base/java.io.BufferedOutputStream.flushBuffer(BufferedOutputStream.java:81)
	at java.base/java.io.BufferedOutputStream.flush(BufferedOutputStream.java:142)
	at org.eclipse.lsp4j.jsonrpc.json.StreamMessageConsumer.consume(StreamMessageConsumer.java:69)
	... 20 more

!ENTRY org.eclipse.jface.text 4 0 2025-06-20 15:22:15.458
!MESSAGE org.eclipse.lsp4j.jsonrpc.JsonRpcException: java.io.IOException: 파이프가 닫히는 중입니다
!STACK 0
java.util.concurrent.CompletionException: org.eclipse.lsp4j.jsonrpc.JsonRpcException: java.io.IOException: 파이프가 닫히는 중입니다
	at java.base/java.util.concurrent.CompletableFuture.encodeThrowable(CompletableFuture.java:331)
	at java.base/java.util.concurrent.CompletableFuture.uniAcceptNow(CompletableFuture.java:743)
	at java.base/java.util.concurrent.CompletableFuture.uniAcceptStage(CompletableFuture.java:731)
	at java.base/java.util.concurrent.CompletableFuture.thenAcceptAsync(CompletableFuture.java:2118)
	at org.eclipse.lsp4e.operations.codelens.CodeLensProvider.lambda$2(CodeLensProvider.java:44)
	at java.base/java.util.stream.ReferencePipeline$3$1.accept(ReferencePipeline.java:195)
	at java.base/java.util.ArrayList$ArrayListSpliterator.forEachRemaining(ArrayList.java:1655)
	at java.base/java.util.stream.AbstractPipeline.copyInto(AbstractPipeline.java:484)
	at java.base/java.util.stream.AbstractPipeline.wrapAndCopyInto(AbstractPipeline.java:474)
	at java.base/java.util.stream.AbstractPipeline.evaluate(AbstractPipeline.java:550)
	at java.base/java.util.stream.AbstractPipeline.evaluateToArrayNode(AbstractPipeline.java:260)
	at java.base/java.util.stream.ReferencePipeline.toArray(ReferencePipeline.java:517)
	at org.eclipse.lsp4e.operations.codelens.CodeLensProvider.lambda$1(CodeLensProvider.java:52)
	at java.base/java.util.concurrent.CompletableFuture$UniCompose.tryFire(CompletableFuture.java:1072)
	at java.base/java.util.concurrent.CompletableFuture$Completion.exec(CompletableFuture.java:479)
	at java.base/java.util.concurrent.ForkJoinTask.doExec(ForkJoinTask.java:290)
	at java.base/java.util.concurrent.ForkJoinPool$WorkQueue.topLevelExec(ForkJoinPool.java:1020)
	at java.base/java.util.concurrent.ForkJoinPool.scan(ForkJoinPool.java:1656)
	at java.base/java.util.concurrent.ForkJoinPool.runWorker(ForkJoinPool.java:1594)
	at java.base/java.util.concurrent.ForkJoinWorkerThread.run(ForkJoinWorkerThread.java:183)
Caused by: org.eclipse.lsp4j.jsonrpc.JsonRpcException: java.io.IOException: 파이프가 닫히는 중입니다
	at org.eclipse.lsp4j.jsonrpc.json.StreamMessageConsumer.consume(StreamMessageConsumer.java:72)
	at org.eclipse.lsp4e.LanguageServerWrapper.lambda$4(LanguageServerWrapper.java:260)
	at org.eclipse.lsp4j.jsonrpc.RemoteEndpoint.request(RemoteEndpoint.java:161)
	at org.eclipse.lsp4j.jsonrpc.services.EndpointProxy.invoke(EndpointProxy.java:91)
	at com.sun.proxy.$Proxy66.codeLens(Unknown Source)
	at org.eclipse.lsp4e.operations.codelens.CodeLensProvider.lambda$2(CodeLensProvider.java:43)
	... 15 more
Caused by: java.io.IOException: 파이프가 닫히는 중입니다
	at java.base/java.io.FileOutputStream.writeBytes(Native Method)
	at java.base/java.io.FileOutputStream.write(FileOutputStream.java:354)
	at java.base/java.io.BufferedOutputStream.flushBuffer(BufferedOutputStream.java:81)
	at java.base/java.io.BufferedOutputStream.flush(BufferedOutputStream.java:142)
	at org.eclipse.lsp4j.jsonrpc.json.StreamMessageConsumer.consume(StreamMessageConsumer.java:69)
	... 20 more

!ENTRY org.springframework.tooling.ls.eclipse.commons 1 0 2025-06-20 15:22:15.486
!MESSAGE ClasspathListenerHandler addClasspathListener sts4.classpath.NiGRXjJsisBatched = true

!ENTRY org.springframework.tooling.ls.eclipse.commons 1 0 2025-06-20 15:22:15.486
!MESSAGE Setting up ClasspathListenerManager

!ENTRY org.springframework.tooling.ls.eclipse.commons 1 0 2025-06-20 15:22:15.486
!MESSAGE Scheduling initial event for all projects ...

!ENTRY org.springframework.tooling.ls.eclipse.commons 1 0 2025-06-20 15:22:15.486
!MESSAGE Scheduling initial event for all projects DONE

!ENTRY org.springframework.tooling.ls.eclipse.commons 1 0 2025-06-20 15:22:15.487
!MESSAGE exists = true open = true => deleted = false

!ENTRY org.springframework.tooling.ls.eclipse.commons 1 0 2025-06-20 15:22:15.487
!MESSAGE ClasspathListenerHandler addClasspathListener sts4.classpath.NiGRXjJs => OK

!ENTRY org.springframework.tooling.ls.eclipse.commons 1 0 2025-06-20 15:22:15.488
!MESSAGE classpath=57 entries

!ENTRY org.springframework.tooling.ls.eclipse.commons 1 0 2025-06-20 15:22:15.488
!MESSAGE buffering callback sts4.classpath.NiGRXjJs ServiceExam false 57

!ENTRY org.springframework.tooling.ls.eclipse.commons 1 0 2025-06-20 15:22:15.488
!MESSAGE executing callback sts4.classpath.NiGRXjJs 1 batched events

!ENTRY org.springframework.tooling.ls.eclipse.commons 1 0 2025-06-20 15:22:15.686
!MESSAGE executing callback sts4.classpath.NiGRXjJs SUCCESS [done]

!ENTRY org.springframework.tooling.ls.eclipse.commons 1 0 2025-06-20 15:22:15.687
!MESSAGE Entering DelegatingStreamConnectionProvider()

!ENTRY org.eclipse.lsp4e 4 0 2025-06-20 15:22:15.687
!MESSAGE org.eclipse.lsp4j.jsonrpc.JsonRpcException: java.io.IOException: 파이프가 닫히는 중입니다
!STACK 0
java.util.concurrent.ExecutionException: org.eclipse.lsp4j.jsonrpc.JsonRpcException: java.io.IOException: 파이프가 닫히는 중입니다
	at java.base/java.util.concurrent.CompletableFuture.reportGet(CompletableFuture.java:395)
	at java.base/java.util.concurrent.CompletableFuture.get(CompletableFuture.java:2028)
	at org.eclipse.lsp4e.LanguageServerWrapper.lambda$13(LanguageServerWrapper.java:425)
	at java.base/java.util.concurrent.CompletableFuture$AsyncRun.run(CompletableFuture.java:1736)
	at java.base/java.util.concurrent.CompletableFuture$AsyncRun.exec(CompletableFuture.java:1728)
	at java.base/java.util.concurrent.ForkJoinTask.doExec(ForkJoinTask.java:290)
	at java.base/java.util.concurrent.ForkJoinPool$WorkQueue.topLevelExec(ForkJoinPool.java:1020)
	at java.base/java.util.concurrent.ForkJoinPool.scan(ForkJoinPool.java:1656)
	at java.base/java.util.concurrent.ForkJoinPool.runWorker(ForkJoinPool.java:1594)
	at java.base/java.util.concurrent.ForkJoinWorkerThread.run(ForkJoinWorkerThread.java:183)
Caused by: org.eclipse.lsp4j.jsonrpc.JsonRpcException: java.io.IOException: 파이프가 닫히는 중입니다
	at org.eclipse.lsp4j.jsonrpc.json.StreamMessageConsumer.consume(StreamMessageConsumer.java:72)
	at org.eclipse.lsp4e.LanguageServerWrapper.lambda$4(LanguageServerWrapper.java:260)
	at org.eclipse.lsp4j.jsonrpc.RemoteEndpoint.request(RemoteEndpoint.java:161)
	at org.eclipse.lsp4j.jsonrpc.services.EndpointProxy.invoke(EndpointProxy.java:91)
	at com.sun.proxy.$Proxy68.shutdown(Unknown Source)
	at org.eclipse.lsp4e.LanguageServerWrapper.lambda$13(LanguageServerWrapper.java:423)
	... 7 more
Caused by: java.io.IOException: 파이프가 닫히는 중입니다
	at java.base/java.io.FileOutputStream.writeBytes(Native Method)
	at java.base/java.io.FileOutputStream.write(FileOutputStream.java:354)
	at java.base/java.io.BufferedOutputStream.flushBuffer(BufferedOutputStream.java:81)
	at java.base/java.io.BufferedOutputStream.flush(BufferedOutputStream.java:142)
	at org.eclipse.lsp4j.jsonrpc.json.StreamMessageConsumer.consume(StreamMessageConsumer.java:69)
	... 12 more

!ENTRY org.eclipse.lsp4e 4 0 2025-06-20 15:22:15.687
!MESSAGE org.eclipse.lsp4j.jsonrpc.JsonRpcException: java.io.IOException: 파이프가 닫히는 중입니다
!STACK 0
java.util.concurrent.ExecutionException: org.eclipse.lsp4j.jsonrpc.JsonRpcException: java.io.IOException: 파이프가 닫히는 중입니다
	at java.base/java.util.concurrent.CompletableFuture.reportGet(CompletableFuture.java:395)
	at java.base/java.util.concurrent.CompletableFuture.get(CompletableFuture.java:2028)
	at org.eclipse.lsp4e.LanguageServerWrapper.lambda$13(LanguageServerWrapper.java:425)
	at java.base/java.util.concurrent.CompletableFuture$AsyncRun.run(CompletableFuture.java:1736)
	at java.base/java.util.concurrent.CompletableFuture$AsyncRun.exec(CompletableFuture.java:1728)
	at java.base/java.util.concurrent.ForkJoinTask.doExec(ForkJoinTask.java:290)
	at java.base/java.util.concurrent.ForkJoinPool$WorkQueue.topLevelExec(ForkJoinPool.java:1020)
	at java.base/java.util.concurrent.ForkJoinPool.scan(ForkJoinPool.java:1656)
	at java.base/java.util.concurrent.ForkJoinPool.runWorker(ForkJoinPool.java:1594)
	at java.base/java.util.concurrent.ForkJoinWorkerThread.run(ForkJoinWorkerThread.java:183)
Caused by: org.eclipse.lsp4j.jsonrpc.JsonRpcException: java.io.IOException: 파이프가 닫히는 중입니다
	at org.eclipse.lsp4j.jsonrpc.json.StreamMessageConsumer.consume(StreamMessageConsumer.java:72)
	at org.eclipse.lsp4e.LanguageServerWrapper.lambda$4(LanguageServerWrapper.java:260)
	at org.eclipse.lsp4j.jsonrpc.RemoteEndpoint.request(RemoteEndpoint.java:161)
	at org.eclipse.lsp4j.jsonrpc.services.EndpointProxy.invoke(EndpointProxy.java:91)
	at com.sun.proxy.$Proxy68.shutdown(Unknown Source)
	at org.eclipse.lsp4e.LanguageServerWrapper.lambda$13(LanguageServerWrapper.java:423)
	... 7 more
Caused by: java.io.IOException: 파이프가 닫히는 중입니다
	at java.base/java.io.FileOutputStream.writeBytes(Native Method)
	at java.base/java.io.FileOutputStream.write(FileOutputStream.java:354)
	at java.base/java.io.BufferedOutputStream.flushBuffer(BufferedOutputStream.java:81)
	at java.base/java.io.BufferedOutputStream.flush(BufferedOutputStream.java:142)
	at org.eclipse.lsp4j.jsonrpc.json.StreamMessageConsumer.consume(StreamMessageConsumer.java:69)
	... 12 more

!ENTRY org.springframework.tooling.ls.eclipse.commons 1 0 2025-06-20 15:22:15.687
!MESSAGE DelegatingStreamConnectionProvider classloader = org.eclipse.osgi.internal.loader.EquinoxClassLoader@580cb668[org.springframework.tooling.boot.ls:1.28.0.202109130547(id=1001)]

!ENTRY org.springframework.tooling.ls.eclipse.commons 1 0 2025-06-20 15:22:15.687
!MESSAGE SpringBootLanguageServer exists!

!ENTRY org.springframework.tooling.ls.eclipse.commons 1 0 2025-06-20 15:22:16.704
!MESSAGE Boot LS startup time from start to initialized: 1016ms

!ENTRY org.eclipse.jface.text 4 0 2025-06-20 15:22:16.734
!MESSAGE org.eclipse.lsp4j.jsonrpc.JsonRpcException: java.io.IOException: 파이프가 닫히는 중입니다
!STACK 0
java.util.concurrent.CompletionException: org.eclipse.lsp4j.jsonrpc.JsonRpcException: java.io.IOException: 파이프가 닫히는 중입니다
	at java.base/java.util.concurrent.CompletableFuture.encodeThrowable(CompletableFuture.java:331)
	at java.base/java.util.concurrent.CompletableFuture.uniAcceptNow(CompletableFuture.java:743)
	at java.base/java.util.concurrent.CompletableFuture.uniAcceptStage(CompletableFuture.java:731)
	at java.base/java.util.concurrent.CompletableFuture.thenAcceptAsync(CompletableFuture.java:2118)
	at org.eclipse.lsp4e.operations.codelens.CodeLensProvider.lambda$2(CodeLensProvider.java:44)
	at java.base/java.util.stream.ReferencePipeline$3$1.accept(ReferencePipeline.java:195)
	at java.base/java.util.ArrayList$ArrayListSpliterator.forEachRemaining(ArrayList.java:1655)
	at java.base/java.util.stream.AbstractPipeline.copyInto(AbstractPipeline.java:484)
	at java.base/java.util.stream.AbstractPipeline.wrapAndCopyInto(AbstractPipeline.java:474)
	at java.base/java.util.stream.AbstractPipeline.evaluate(AbstractPipeline.java:550)
	at java.base/java.util.stream.AbstractPipeline.evaluateToArrayNode(AbstractPipeline.java:260)
	at java.base/java.util.stream.ReferencePipeline.toArray(ReferencePipeline.java:517)
	at org.eclipse.lsp4e.operations.codelens.CodeLensProvider.lambda$1(CodeLensProvider.java:52)
	at java.base/java.util.concurrent.CompletableFuture$UniCompose.tryFire(CompletableFuture.java:1072)
	at java.base/java.util.concurrent.CompletableFuture$Completion.exec(CompletableFuture.java:479)
	at java.base/java.util.concurrent.ForkJoinTask.doExec(ForkJoinTask.java:290)
	at java.base/java.util.concurrent.ForkJoinPool$WorkQueue.topLevelExec(ForkJoinPool.java:1020)
	at java.base/java.util.concurrent.ForkJoinPool.scan(ForkJoinPool.java:1656)
	at java.base/java.util.concurrent.ForkJoinPool.runWorker(ForkJoinPool.java:1594)
	at java.base/java.util.concurrent.ForkJoinWorkerThread.run(ForkJoinWorkerThread.java:183)
Caused by: org.eclipse.lsp4j.jsonrpc.JsonRpcException: java.io.IOException: 파이프가 닫히는 중입니다
	at org.eclipse.lsp4j.jsonrpc.json.StreamMessageConsumer.consume(StreamMessageConsumer.java:72)
	at org.eclipse.lsp4e.LanguageServerWrapper.lambda$4(LanguageServerWrapper.java:260)
	at org.eclipse.lsp4j.jsonrpc.RemoteEndpoint.request(RemoteEndpoint.java:161)
	at org.eclipse.lsp4j.jsonrpc.services.EndpointProxy.invoke(EndpointProxy.java:91)
	at com.sun.proxy.$Proxy66.codeLens(Unknown Source)
	at org.eclipse.lsp4e.operations.codelens.CodeLensProvider.lambda$2(CodeLensProvider.java:43)
	... 15 more
Caused by: java.io.IOException: 파이프가 닫히는 중입니다
	at java.base/java.io.FileOutputStream.writeBytes(Native Method)
	at java.base/java.io.FileOutputStream.write(FileOutputStream.java:354)
	at java.base/java.io.BufferedOutputStream.flushBuffer(BufferedOutputStream.java:81)
	at java.base/java.io.BufferedOutputStream.flush(BufferedOutputStream.java:142)
	at org.eclipse.lsp4j.jsonrpc.json.StreamMessageConsumer.consume(StreamMessageConsumer.java:69)
	... 20 more

!ENTRY org.eclipse.jface.text 4 0 2025-06-20 15:22:16.734
!MESSAGE org.eclipse.lsp4j.jsonrpc.JsonRpcException: java.io.IOException: 파이프가 닫히는 중입니다
!STACK 0
java.util.concurrent.CompletionException: org.eclipse.lsp4j.jsonrpc.JsonRpcException: java.io.IOException: 파이프가 닫히는 중입니다
	at java.base/java.util.concurrent.CompletableFuture.encodeThrowable(CompletableFuture.java:331)
	at java.base/java.util.concurrent.CompletableFuture.uniAcceptNow(CompletableFuture.java:743)
	at java.base/java.util.concurrent.CompletableFuture.uniAcceptStage(CompletableFuture.java:731)
	at java.base/java.util.concurrent.CompletableFuture.thenAcceptAsync(CompletableFuture.java:2118)
	at org.eclipse.lsp4e.operations.codelens.CodeLensProvider.lambda$2(CodeLensProvider.java:44)
	at java.base/java.util.stream.ReferencePipeline$3$1.accept(ReferencePipeline.java:195)
	at java.base/java.util.ArrayList$ArrayListSpliterator.forEachRemaining(ArrayList.java:1655)
	at java.base/java.util.stream.AbstractPipeline.copyInto(AbstractPipeline.java:484)
	at java.base/java.util.stream.AbstractPipeline.wrapAndCopyInto(AbstractPipeline.java:474)
	at java.base/java.util.stream.AbstractPipeline.evaluate(AbstractPipeline.java:550)
	at java.base/java.util.stream.AbstractPipeline.evaluateToArrayNode(AbstractPipeline.java:260)
	at java.base/java.util.stream.ReferencePipeline.toArray(ReferencePipeline.java:517)
	at org.eclipse.lsp4e.operations.codelens.CodeLensProvider.lambda$1(CodeLensProvider.java:52)
	at java.base/java.util.concurrent.CompletableFuture$UniCompose.tryFire(CompletableFuture.java:1072)
	at java.base/java.util.concurrent.CompletableFuture$Completion.exec(CompletableFuture.java:479)
	at java.base/java.util.concurrent.ForkJoinTask.doExec(ForkJoinTask.java:290)
	at java.base/java.util.concurrent.ForkJoinPool$WorkQueue.topLevelExec(ForkJoinPool.java:1020)
	at java.base/java.util.concurrent.ForkJoinPool.scan(ForkJoinPool.java:1656)
	at java.base/java.util.concurrent.ForkJoinPool.runWorker(ForkJoinPool.java:1594)
	at java.base/java.util.concurrent.ForkJoinWorkerThread.run(ForkJoinWorkerThread.java:183)
Caused by: org.eclipse.lsp4j.jsonrpc.JsonRpcException: java.io.IOException: 파이프가 닫히는 중입니다
	at org.eclipse.lsp4j.jsonrpc.json.StreamMessageConsumer.consume(StreamMessageConsumer.java:72)
	at org.eclipse.lsp4e.LanguageServerWrapper.lambda$4(LanguageServerWrapper.java:260)
	at org.eclipse.lsp4j.jsonrpc.RemoteEndpoint.request(RemoteEndpoint.java:161)
	at org.eclipse.lsp4j.jsonrpc.services.EndpointProxy.invoke(EndpointProxy.java:91)
	at com.sun.proxy.$Proxy66.codeLens(Unknown Source)
	at org.eclipse.lsp4e.operations.codelens.CodeLensProvider.lambda$2(CodeLensProvider.java:43)
	... 15 more
Caused by: java.io.IOException: 파이프가 닫히는 중입니다
	at java.base/java.io.FileOutputStream.writeBytes(Native Method)
	at java.base/java.io.FileOutputStream.write(FileOutputStream.java:354)
	at java.base/java.io.BufferedOutputStream.flushBuffer(BufferedOutputStream.java:81)
	at java.base/java.io.BufferedOutputStream.flush(BufferedOutputStream.java:142)
	at org.eclipse.lsp4j.jsonrpc.json.StreamMessageConsumer.consume(StreamMessageConsumer.java:69)
	... 20 more

!ENTRY org.eclipse.jface.text 4 0 2025-06-20 15:22:16.735
!MESSAGE org.eclipse.lsp4j.jsonrpc.JsonRpcException: java.io.IOException: 파이프가 닫히는 중입니다
!STACK 0
java.util.concurrent.CompletionException: org.eclipse.lsp4j.jsonrpc.JsonRpcException: java.io.IOException: 파이프가 닫히는 중입니다
	at java.base/java.util.concurrent.CompletableFuture.encodeThrowable(CompletableFuture.java:331)
	at java.base/java.util.concurrent.CompletableFuture.uniAcceptNow(CompletableFuture.java:743)
	at java.base/java.util.concurrent.CompletableFuture.uniAcceptStage(CompletableFuture.java:731)
	at java.base/java.util.concurrent.CompletableFuture.thenAcceptAsync(CompletableFuture.java:2118)
	at org.eclipse.lsp4e.operations.codelens.CodeLensProvider.lambda$2(CodeLensProvider.java:44)
	at java.base/java.util.stream.ReferencePipeline$3$1.accept(ReferencePipeline.java:195)
	at java.base/java.util.ArrayList$ArrayListSpliterator.forEachRemaining(ArrayList.java:1655)
	at java.base/java.util.stream.AbstractPipeline.copyInto(AbstractPipeline.java:484)
	at java.base/java.util.stream.AbstractPipeline.wrapAndCopyInto(AbstractPipeline.java:474)
	at java.base/java.util.stream.AbstractPipeline.evaluate(AbstractPipeline.java:550)
	at java.base/java.util.stream.AbstractPipeline.evaluateToArrayNode(AbstractPipeline.java:260)
	at java.base/java.util.stream.ReferencePipeline.toArray(ReferencePipeline.java:517)
	at org.eclipse.lsp4e.operations.codelens.CodeLensProvider.lambda$1(CodeLensProvider.java:52)
	at java.base/java.util.concurrent.CompletableFuture$UniCompose.tryFire(CompletableFuture.java:1072)
	at java.base/java.util.concurrent.CompletableFuture$Completion.exec(CompletableFuture.java:479)
	at java.base/java.util.concurrent.ForkJoinTask.doExec(ForkJoinTask.java:290)
	at java.base/java.util.concurrent.ForkJoinPool$WorkQueue.topLevelExec(ForkJoinPool.java:1020)
	at java.base/java.util.concurrent.ForkJoinPool.scan(ForkJoinPool.java:1656)
	at java.base/java.util.concurrent.ForkJoinPool.runWorker(ForkJoinPool.java:1594)
	at java.base/java.util.concurrent.ForkJoinWorkerThread.run(ForkJoinWorkerThread.java:183)
Caused by: org.eclipse.lsp4j.jsonrpc.JsonRpcException: java.io.IOException: 파이프가 닫히는 중입니다
	at org.eclipse.lsp4j.jsonrpc.json.StreamMessageConsumer.consume(StreamMessageConsumer.java:72)
	at org.eclipse.lsp4e.LanguageServerWrapper.lambda$4(LanguageServerWrapper.java:260)
	at org.eclipse.lsp4j.jsonrpc.RemoteEndpoint.request(RemoteEndpoint.java:161)
	at org.eclipse.lsp4j.jsonrpc.services.EndpointProxy.invoke(EndpointProxy.java:91)
	at com.sun.proxy.$Proxy66.codeLens(Unknown Source)
	at org.eclipse.lsp4e.operations.codelens.CodeLensProvider.lambda$2(CodeLensProvider.java:43)
	... 15 more
Caused by: java.io.IOException: 파이프가 닫히는 중입니다
	at java.base/java.io.FileOutputStream.writeBytes(Native Method)
	at java.base/java.io.FileOutputStream.write(FileOutputStream.java:354)
	at java.base/java.io.BufferedOutputStream.flushBuffer(BufferedOutputStream.java:81)
	at java.base/java.io.BufferedOutputStream.flush(BufferedOutputStream.java:142)
	at org.eclipse.lsp4j.jsonrpc.json.StreamMessageConsumer.consume(StreamMessageConsumer.java:69)
	... 20 more

!ENTRY org.eclipse.jface.text 4 0 2025-06-20 15:22:16.735
!MESSAGE org.eclipse.lsp4j.jsonrpc.JsonRpcException: java.io.IOException: 파이프가 닫히는 중입니다
!STACK 0
java.util.concurrent.CompletionException: org.eclipse.lsp4j.jsonrpc.JsonRpcException: java.io.IOException: 파이프가 닫히는 중입니다
	at java.base/java.util.concurrent.CompletableFuture.encodeThrowable(CompletableFuture.java:331)
	at java.base/java.util.concurrent.CompletableFuture.uniAcceptNow(CompletableFuture.java:743)
	at java.base/java.util.concurrent.CompletableFuture.uniAcceptStage(CompletableFuture.java:731)
	at java.base/java.util.concurrent.CompletableFuture.thenAcceptAsync(CompletableFuture.java:2118)
	at org.eclipse.lsp4e.operations.codelens.CodeLensProvider.lambda$2(CodeLensProvider.java:44)
	at java.base/java.util.stream.ReferencePipeline$3$1.accept(ReferencePipeline.java:195)
	at java.base/java.util.ArrayList$ArrayListSpliterator.forEachRemaining(ArrayList.java:1655)
	at java.base/java.util.stream.AbstractPipeline.copyInto(AbstractPipeline.java:484)
	at java.base/java.util.stream.AbstractPipeline.wrapAndCopyInto(AbstractPipeline.java:474)
	at java.base/java.util.stream.AbstractPipeline.evaluate(AbstractPipeline.java:550)
	at java.base/java.util.stream.AbstractPipeline.evaluateToArrayNode(AbstractPipeline.java:260)
	at java.base/java.util.stream.ReferencePipeline.toArray(ReferencePipeline.java:517)
	at org.eclipse.lsp4e.operations.codelens.CodeLensProvider.lambda$1(CodeLensProvider.java:52)
	at java.base/java.util.concurrent.CompletableFuture$UniCompose.tryFire(CompletableFuture.java:1072)
	at java.base/java.util.concurrent.CompletableFuture$Completion.exec(CompletableFuture.java:479)
	at java.base/java.util.concurrent.ForkJoinTask.doExec(ForkJoinTask.java:290)
	at java.base/java.util.concurrent.ForkJoinPool$WorkQueue.topLevelExec(ForkJoinPool.java:1020)
	at java.base/java.util.concurrent.ForkJoinPool.scan(ForkJoinPool.java:1656)
	at java.base/java.util.concurrent.ForkJoinPool.runWorker(ForkJoinPool.java:1594)
	at java.base/java.util.concurrent.ForkJoinWorkerThread.run(ForkJoinWorkerThread.java:183)
Caused by: org.eclipse.lsp4j.jsonrpc.JsonRpcException: java.io.IOException: 파이프가 닫히는 중입니다
	at org.eclipse.lsp4j.jsonrpc.json.StreamMessageConsumer.consume(StreamMessageConsumer.java:72)
	at org.eclipse.lsp4e.LanguageServerWrapper.lambda$4(LanguageServerWrapper.java:260)
	at org.eclipse.lsp4j.jsonrpc.RemoteEndpoint.request(RemoteEndpoint.java:161)
	at org.eclipse.lsp4j.jsonrpc.services.EndpointProxy.invoke(EndpointProxy.java:91)
	at com.sun.proxy.$Proxy66.codeLens(Unknown Source)
	at org.eclipse.lsp4e.operations.codelens.CodeLensProvider.lambda$2(CodeLensProvider.java:43)
	... 15 more
Caused by: java.io.IOException: 파이프가 닫히는 중입니다
	at java.base/java.io.FileOutputStream.writeBytes(Native Method)
	at java.base/java.io.FileOutputStream.write(FileOutputStream.java:354)
	at java.base/java.io.BufferedOutputStream.flushBuffer(BufferedOutputStream.java:81)
	at java.base/java.io.BufferedOutputStream.flush(BufferedOutputStream.java:142)
	at org.eclipse.lsp4j.jsonrpc.json.StreamMessageConsumer.consume(StreamMessageConsumer.java:69)
	... 20 more

!ENTRY org.springframework.tooling.ls.eclipse.commons 1 0 2025-06-20 15:22:16.762
!MESSAGE ClasspathListenerHandler addClasspathListener sts4.classpath.QBvfXugwisBatched = true

!ENTRY org.springframework.tooling.ls.eclipse.commons 1 0 2025-06-20 15:22:16.763
!MESSAGE Setting up ClasspathListenerManager

!ENTRY org.springframework.tooling.ls.eclipse.commons 1 0 2025-06-20 15:22:16.763
!MESSAGE Scheduling initial event for all projects ...

!ENTRY org.springframework.tooling.ls.eclipse.commons 1 0 2025-06-20 15:22:16.763
!MESSAGE Scheduling initial event for all projects DONE

!ENTRY org.springframework.tooling.ls.eclipse.commons 1 0 2025-06-20 15:22:16.763
!MESSAGE exists = true open = true => deleted = false

!ENTRY org.springframework.tooling.ls.eclipse.commons 1 0 2025-06-20 15:22:16.763
!MESSAGE ClasspathListenerHandler addClasspathListener sts4.classpath.QBvfXugw => OK

!ENTRY org.springframework.tooling.ls.eclipse.commons 1 0 2025-06-20 15:22:16.765
!MESSAGE classpath=57 entries

!ENTRY org.springframework.tooling.ls.eclipse.commons 1 0 2025-06-20 15:22:16.766
!MESSAGE buffering callback sts4.classpath.QBvfXugw ServiceExam false 57

!ENTRY org.springframework.tooling.ls.eclipse.commons 1 0 2025-06-20 15:22:16.766
!MESSAGE executing callback sts4.classpath.QBvfXugw 1 batched events

!ENTRY org.springframework.tooling.ls.eclipse.commons 1 0 2025-06-20 15:22:16.970
!MESSAGE executing callback sts4.classpath.QBvfXugw SUCCESS [done]

!ENTRY org.eclipse.lsp4e 4 0 2025-06-20 15:22:16.971
!MESSAGE org.eclipse.lsp4j.jsonrpc.JsonRpcException: java.io.IOException: 파이프가 닫히는 중입니다
!STACK 0
java.util.concurrent.ExecutionException: org.eclipse.lsp4j.jsonrpc.JsonRpcException: java.io.IOException: 파이프가 닫히는 중입니다
	at java.base/java.util.concurrent.CompletableFuture.reportGet(CompletableFuture.java:395)
	at java.base/java.util.concurrent.CompletableFuture.get(CompletableFuture.java:2028)
	at org.eclipse.lsp4e.LanguageServerWrapper.lambda$13(LanguageServerWrapper.java:425)
	at java.base/java.util.concurrent.CompletableFuture$AsyncRun.run(CompletableFuture.java:1736)
	at java.base/java.util.concurrent.CompletableFuture$AsyncRun.exec(CompletableFuture.java:1728)
	at java.base/java.util.concurrent.ForkJoinTask.doExec(ForkJoinTask.java:290)
	at java.base/java.util.concurrent.ForkJoinPool$WorkQueue.topLevelExec(ForkJoinPool.java:1020)
	at java.base/java.util.concurrent.ForkJoinPool.scan(ForkJoinPool.java:1656)
	at java.base/java.util.concurrent.ForkJoinPool.runWorker(ForkJoinPool.java:1594)
	at java.base/java.util.concurrent.ForkJoinWorkerThread.run(ForkJoinWorkerThread.java:183)
Caused by: org.eclipse.lsp4j.jsonrpc.JsonRpcException: java.io.IOException: 파이프가 닫히는 중입니다
	at org.eclipse.lsp4j.jsonrpc.json.StreamMessageConsumer.consume(StreamMessageConsumer.java:72)
	at org.eclipse.lsp4e.LanguageServerWrapper.lambda$4(LanguageServerWrapper.java:260)
	at org.eclipse.lsp4j.jsonrpc.RemoteEndpoint.request(RemoteEndpoint.java:161)
	at org.eclipse.lsp4j.jsonrpc.services.EndpointProxy.invoke(EndpointProxy.java:91)
	at com.sun.proxy.$Proxy68.shutdown(Unknown Source)
	at org.eclipse.lsp4e.LanguageServerWrapper.lambda$13(LanguageServerWrapper.java:423)
	... 7 more
Caused by: java.io.IOException: 파이프가 닫히는 중입니다
	at java.base/java.io.FileOutputStream.writeBytes(Native Method)
	at java.base/java.io.FileOutputStream.write(FileOutputStream.java:354)
	at java.base/java.io.BufferedOutputStream.flushBuffer(BufferedOutputStream.java:81)
	at java.base/java.io.BufferedOutputStream.flush(BufferedOutputStream.java:142)
	at org.eclipse.lsp4j.jsonrpc.json.StreamMessageConsumer.consume(StreamMessageConsumer.java:69)
	... 12 more

!ENTRY org.eclipse.lsp4e 4 0 2025-06-20 15:22:16.971
!MESSAGE org.eclipse.lsp4j.jsonrpc.JsonRpcException: java.io.IOException: 파이프가 닫히는 중입니다
!STACK 0
java.util.concurrent.ExecutionException: org.eclipse.lsp4j.jsonrpc.JsonRpcException: java.io.IOException: 파이프가 닫히는 중입니다
	at java.base/java.util.concurrent.CompletableFuture.reportGet(CompletableFuture.java:395)
	at java.base/java.util.concurrent.CompletableFuture.get(CompletableFuture.java:2028)
	at org.eclipse.lsp4e.LanguageServerWrapper.lambda$13(LanguageServerWrapper.java:425)
	at java.base/java.util.concurrent.CompletableFuture$AsyncRun.run(CompletableFuture.java:1736)
	at java.base/java.util.concurrent.CompletableFuture$AsyncRun.exec(CompletableFuture.java:1728)
	at java.base/java.util.concurrent.ForkJoinTask.doExec(ForkJoinTask.java:290)
	at java.base/java.util.concurrent.ForkJoinPool$WorkQueue.topLevelExec(ForkJoinPool.java:1020)
	at java.base/java.util.concurrent.ForkJoinPool.scan(ForkJoinPool.java:1656)
	at java.base/java.util.concurrent.ForkJoinPool.runWorker(ForkJoinPool.java:1594)
	at java.base/java.util.concurrent.ForkJoinWorkerThread.run(ForkJoinWorkerThread.java:183)
Caused by: org.eclipse.lsp4j.jsonrpc.JsonRpcException: java.io.IOException: 파이프가 닫히는 중입니다
	at org.eclipse.lsp4j.jsonrpc.json.StreamMessageConsumer.consume(StreamMessageConsumer.java:72)
	at org.eclipse.lsp4e.LanguageServerWrapper.lambda$4(LanguageServerWrapper.java:260)
	at org.eclipse.lsp4j.jsonrpc.RemoteEndpoint.request(RemoteEndpoint.java:161)
	at org.eclipse.lsp4j.jsonrpc.services.EndpointProxy.invoke(EndpointProxy.java:91)
	at com.sun.proxy.$Proxy68.shutdown(Unknown Source)
	at org.eclipse.lsp4e.LanguageServerWrapper.lambda$13(LanguageServerWrapper.java:423)
	... 7 more
Caused by: java.io.IOException: 파이프가 닫히는 중입니다
	at java.base/java.io.FileOutputStream.writeBytes(Native Method)
	at java.base/java.io.FileOutputStream.write(FileOutputStream.java:354)
	at java.base/java.io.BufferedOutputStream.flushBuffer(BufferedOutputStream.java:81)
	at java.base/java.io.BufferedOutputStream.flush(BufferedOutputStream.java:142)
	at org.eclipse.lsp4j.jsonrpc.json.StreamMessageConsumer.consume(StreamMessageConsumer.java:69)
	... 12 more

!ENTRY org.springframework.tooling.ls.eclipse.commons 1 0 2025-06-20 15:22:16.971
!MESSAGE Entering DelegatingStreamConnectionProvider()

!ENTRY org.springframework.tooling.ls.eclipse.commons 1 0 2025-06-20 15:22:16.972
!MESSAGE DelegatingStreamConnectionProvider classloader = org.eclipse.osgi.internal.loader.EquinoxClassLoader@580cb668[org.springframework.tooling.boot.ls:1.28.0.202109130547(id=1001)]

!ENTRY org.springframework.tooling.ls.eclipse.commons 1 0 2025-06-20 15:22:16.972
!MESSAGE SpringBootLanguageServer exists!

!ENTRY org.springframework.tooling.ls.eclipse.commons 1 0 2025-06-20 15:22:18.003
!MESSAGE Boot LS startup time from start to initialized: 1031ms

!ENTRY org.eclipse.jface.text 4 0 2025-06-20 15:22:18.033
!MESSAGE org.eclipse.lsp4j.jsonrpc.JsonRpcException: java.io.IOException: 파이프가 닫히는 중입니다
!STACK 0
java.util.concurrent.CompletionException: org.eclipse.lsp4j.jsonrpc.JsonRpcException: java.io.IOException: 파이프가 닫히는 중입니다
	at java.base/java.util.concurrent.CompletableFuture.encodeThrowable(CompletableFuture.java:331)
	at java.base/java.util.concurrent.CompletableFuture.uniAcceptNow(CompletableFuture.java:743)
	at java.base/java.util.concurrent.CompletableFuture.uniAcceptStage(CompletableFuture.java:731)
	at java.base/java.util.concurrent.CompletableFuture.thenAcceptAsync(CompletableFuture.java:2118)
	at org.eclipse.lsp4e.operations.codelens.CodeLensProvider.lambda$2(CodeLensProvider.java:44)
	at java.base/java.util.stream.ReferencePipeline$3$1.accept(ReferencePipeline.java:195)
	at java.base/java.util.ArrayList$ArrayListSpliterator.forEachRemaining(ArrayList.java:1655)
	at java.base/java.util.stream.AbstractPipeline.copyInto(AbstractPipeline.java:484)
	at java.base/java.util.stream.AbstractPipeline.wrapAndCopyInto(AbstractPipeline.java:474)
	at java.base/java.util.stream.AbstractPipeline.evaluate(AbstractPipeline.java:550)
	at java.base/java.util.stream.AbstractPipeline.evaluateToArrayNode(AbstractPipeline.java:260)
	at java.base/java.util.stream.ReferencePipeline.toArray(ReferencePipeline.java:517)
	at org.eclipse.lsp4e.operations.codelens.CodeLensProvider.lambda$1(CodeLensProvider.java:52)
	at java.base/java.util.concurrent.CompletableFuture$UniCompose.tryFire(CompletableFuture.java:1072)
	at java.base/java.util.concurrent.CompletableFuture$Completion.exec(CompletableFuture.java:479)
	at java.base/java.util.concurrent.ForkJoinTask.doExec(ForkJoinTask.java:290)
	at java.base/java.util.concurrent.ForkJoinPool$WorkQueue.topLevelExec(ForkJoinPool.java:1020)
	at java.base/java.util.concurrent.ForkJoinPool.scan(ForkJoinPool.java:1656)
	at java.base/java.util.concurrent.ForkJoinPool.runWorker(ForkJoinPool.java:1594)
	at java.base/java.util.concurrent.ForkJoinWorkerThread.run(ForkJoinWorkerThread.java:183)
Caused by: org.eclipse.lsp4j.jsonrpc.JsonRpcException: java.io.IOException: 파이프가 닫히는 중입니다
	at org.eclipse.lsp4j.jsonrpc.json.StreamMessageConsumer.consume(StreamMessageConsumer.java:72)
	at org.eclipse.lsp4e.LanguageServerWrapper.lambda$4(LanguageServerWrapper.java:260)
	at org.eclipse.lsp4j.jsonrpc.RemoteEndpoint.request(RemoteEndpoint.java:161)
	at org.eclipse.lsp4j.jsonrpc.services.EndpointProxy.invoke(EndpointProxy.java:91)
	at com.sun.proxy.$Proxy66.codeLens(Unknown Source)
	at org.eclipse.lsp4e.operations.codelens.CodeLensProvider.lambda$2(CodeLensProvider.java:43)
	... 15 more
Caused by: java.io.IOException: 파이프가 닫히는 중입니다
	at java.base/java.io.FileOutputStream.writeBytes(Native Method)
	at java.base/java.io.FileOutputStream.write(FileOutputStream.java:354)
	at java.base/java.io.BufferedOutputStream.flushBuffer(BufferedOutputStream.java:81)
	at java.base/java.io.BufferedOutputStream.flush(BufferedOutputStream.java:142)
	at org.eclipse.lsp4j.jsonrpc.json.StreamMessageConsumer.consume(StreamMessageConsumer.java:69)
	... 20 more

!ENTRY org.eclipse.jface.text 4 0 2025-06-20 15:22:18.034
!MESSAGE org.eclipse.lsp4j.jsonrpc.JsonRpcException: java.io.IOException: 파이프가 닫히는 중입니다
!STACK 0
java.util.concurrent.CompletionException: org.eclipse.lsp4j.jsonrpc.JsonRpcException: java.io.IOException: 파이프가 닫히는 중입니다
	at java.base/java.util.concurrent.CompletableFuture.encodeThrowable(CompletableFuture.java:331)
	at java.base/java.util.concurrent.CompletableFuture.uniAcceptNow(CompletableFuture.java:743)
	at java.base/java.util.concurrent.CompletableFuture.uniAcceptStage(CompletableFuture.java:731)
	at java.base/java.util.concurrent.CompletableFuture.thenAcceptAsync(CompletableFuture.java:2118)
	at org.eclipse.lsp4e.operations.codelens.CodeLensProvider.lambda$2(CodeLensProvider.java:44)
	at java.base/java.util.stream.ReferencePipeline$3$1.accept(ReferencePipeline.java:195)
	at java.base/java.util.ArrayList$ArrayListSpliterator.forEachRemaining(ArrayList.java:1655)
	at java.base/java.util.stream.AbstractPipeline.copyInto(AbstractPipeline.java:484)
	at java.base/java.util.stream.AbstractPipeline.wrapAndCopyInto(AbstractPipeline.java:474)
	at java.base/java.util.stream.AbstractPipeline.evaluate(AbstractPipeline.java:550)
	at java.base/java.util.stream.AbstractPipeline.evaluateToArrayNode(AbstractPipeline.java:260)
	at java.base/java.util.stream.ReferencePipeline.toArray(ReferencePipeline.java:517)
	at org.eclipse.lsp4e.operations.codelens.CodeLensProvider.lambda$1(CodeLensProvider.java:52)
	at java.base/java.util.concurrent.CompletableFuture$UniCompose.tryFire(CompletableFuture.java:1072)
	at java.base/java.util.concurrent.CompletableFuture$Completion.exec(CompletableFuture.java:479)
	at java.base/java.util.concurrent.ForkJoinTask.doExec(ForkJoinTask.java:290)
	at java.base/java.util.concurrent.ForkJoinPool$WorkQueue.topLevelExec(ForkJoinPool.java:1020)
	at java.base/java.util.concurrent.ForkJoinPool.scan(ForkJoinPool.java:1656)
	at java.base/java.util.concurrent.ForkJoinPool.runWorker(ForkJoinPool.java:1594)
	at java.base/java.util.concurrent.ForkJoinWorkerThread.run(ForkJoinWorkerThread.java:183)
Caused by: org.eclipse.lsp4j.jsonrpc.JsonRpcException: java.io.IOException: 파이프가 닫히는 중입니다
	at org.eclipse.lsp4j.jsonrpc.json.StreamMessageConsumer.consume(StreamMessageConsumer.java:72)
	at org.eclipse.lsp4e.LanguageServerWrapper.lambda$4(LanguageServerWrapper.java:260)
	at org.eclipse.lsp4j.jsonrpc.RemoteEndpoint.request(RemoteEndpoint.java:161)
	at org.eclipse.lsp4j.jsonrpc.services.EndpointProxy.invoke(EndpointProxy.java:91)
	at com.sun.proxy.$Proxy66.codeLens(Unknown Source)
	at org.eclipse.lsp4e.operations.codelens.CodeLensProvider.lambda$2(CodeLensProvider.java:43)
	... 15 more
Caused by: java.io.IOException: 파이프가 닫히는 중입니다
	at java.base/java.io.FileOutputStream.writeBytes(Native Method)
	at java.base/java.io.FileOutputStream.write(FileOutputStream.java:354)
	at java.base/java.io.BufferedOutputStream.flushBuffer(BufferedOutputStream.java:81)
	at java.base/java.io.BufferedOutputStream.flush(BufferedOutputStream.java:142)
	at org.eclipse.lsp4j.jsonrpc.json.StreamMessageConsumer.consume(StreamMessageConsumer.java:69)
	... 20 more

!ENTRY org.eclipse.jface.text 4 0 2025-06-20 15:22:18.034
!MESSAGE org.eclipse.lsp4j.jsonrpc.JsonRpcException: java.io.IOException: 파이프가 닫히는 중입니다
!STACK 0
java.util.concurrent.CompletionException: org.eclipse.lsp4j.jsonrpc.JsonRpcException: java.io.IOException: 파이프가 닫히는 중입니다
	at java.base/java.util.concurrent.CompletableFuture.encodeThrowable(CompletableFuture.java:331)
	at java.base/java.util.concurrent.CompletableFuture.uniAcceptNow(CompletableFuture.java:743)
	at java.base/java.util.concurrent.CompletableFuture.uniAcceptStage(CompletableFuture.java:731)
	at java.base/java.util.concurrent.CompletableFuture.thenAcceptAsync(CompletableFuture.java:2118)
	at org.eclipse.lsp4e.operations.codelens.CodeLensProvider.lambda$2(CodeLensProvider.java:44)
	at java.base/java.util.stream.ReferencePipeline$3$1.accept(ReferencePipeline.java:195)
	at java.base/java.util.ArrayList$ArrayListSpliterator.forEachRemaining(ArrayList.java:1655)
	at java.base/java.util.stream.AbstractPipeline.copyInto(AbstractPipeline.java:484)
	at java.base/java.util.stream.AbstractPipeline.wrapAndCopyInto(AbstractPipeline.java:474)
	at java.base/java.util.stream.AbstractPipeline.evaluate(AbstractPipeline.java:550)
	at java.base/java.util.stream.AbstractPipeline.evaluateToArrayNode(AbstractPipeline.java:260)
	at java.base/java.util.stream.ReferencePipeline.toArray(ReferencePipeline.java:517)
	at org.eclipse.lsp4e.operations.codelens.CodeLensProvider.lambda$1(CodeLensProvider.java:52)
	at java.base/java.util.concurrent.CompletableFuture$UniCompose.tryFire(CompletableFuture.java:1072)
	at java.base/java.util.concurrent.CompletableFuture$Completion.exec(CompletableFuture.java:479)
	at java.base/java.util.concurrent.ForkJoinTask.doExec(ForkJoinTask.java:290)
	at java.base/java.util.concurrent.ForkJoinPool$WorkQueue.topLevelExec(ForkJoinPool.java:1020)
	at java.base/java.util.concurrent.ForkJoinPool.scan(ForkJoinPool.java:1656)
	at java.base/java.util.concurrent.ForkJoinPool.runWorker(ForkJoinPool.java:1594)
	at java.base/java.util.concurrent.ForkJoinWorkerThread.run(ForkJoinWorkerThread.java:183)
Caused by: org.eclipse.lsp4j.jsonrpc.JsonRpcException: java.io.IOException: 파이프가 닫히는 중입니다
	at org.eclipse.lsp4j.jsonrpc.json.StreamMessageConsumer.consume(StreamMessageConsumer.java:72)
	at org.eclipse.lsp4e.LanguageServerWrapper.lambda$4(LanguageServerWrapper.java:260)
	at org.eclipse.lsp4j.jsonrpc.RemoteEndpoint.request(RemoteEndpoint.java:161)
	at org.eclipse.lsp4j.jsonrpc.services.EndpointProxy.invoke(EndpointProxy.java:91)
	at com.sun.proxy.$Proxy66.codeLens(Unknown Source)
	at org.eclipse.lsp4e.operations.codelens.CodeLensProvider.lambda$2(CodeLensProvider.java:43)
	... 15 more
Caused by: java.io.IOException: 파이프가 닫히는 중입니다
	at java.base/java.io.FileOutputStream.writeBytes(Native Method)
	at java.base/java.io.FileOutputStream.write(FileOutputStream.java:354)
	at java.base/java.io.BufferedOutputStream.flushBuffer(BufferedOutputStream.java:81)
	at java.base/java.io.BufferedOutputStream.flush(BufferedOutputStream.java:142)
	at org.eclipse.lsp4j.jsonrpc.json.StreamMessageConsumer.consume(StreamMessageConsumer.java:69)
	... 20 more

!ENTRY org.eclipse.jface.text 4 0 2025-06-20 15:22:18.035
!MESSAGE org.eclipse.lsp4j.jsonrpc.JsonRpcException: java.io.IOException: 파이프가 닫히는 중입니다
!STACK 0
java.util.concurrent.CompletionException: org.eclipse.lsp4j.jsonrpc.JsonRpcException: java.io.IOException: 파이프가 닫히는 중입니다
	at java.base/java.util.concurrent.CompletableFuture.encodeThrowable(CompletableFuture.java:331)
	at java.base/java.util.concurrent.CompletableFuture.uniAcceptNow(CompletableFuture.java:743)
	at java.base/java.util.concurrent.CompletableFuture.uniAcceptStage(CompletableFuture.java:731)
	at java.base/java.util.concurrent.CompletableFuture.thenAcceptAsync(CompletableFuture.java:2118)
	at org.eclipse.lsp4e.operations.codelens.CodeLensProvider.lambda$2(CodeLensProvider.java:44)
	at java.base/java.util.stream.ReferencePipeline$3$1.accept(ReferencePipeline.java:195)
	at java.base/java.util.ArrayList$ArrayListSpliterator.forEachRemaining(ArrayList.java:1655)
	at java.base/java.util.stream.AbstractPipeline.copyInto(AbstractPipeline.java:484)
	at java.base/java.util.stream.AbstractPipeline.wrapAndCopyInto(AbstractPipeline.java:474)
	at java.base/java.util.stream.AbstractPipeline.evaluate(AbstractPipeline.java:550)
	at java.base/java.util.stream.AbstractPipeline.evaluateToArrayNode(AbstractPipeline.java:260)
	at java.base/java.util.stream.ReferencePipeline.toArray(ReferencePipeline.java:517)
	at org.eclipse.lsp4e.operations.codelens.CodeLensProvider.lambda$1(CodeLensProvider.java:52)
	at java.base/java.util.concurrent.CompletableFuture$UniCompose.tryFire(CompletableFuture.java:1072)
	at java.base/java.util.concurrent.CompletableFuture$Completion.exec(CompletableFuture.java:479)
	at java.base/java.util.concurrent.ForkJoinTask.doExec(ForkJoinTask.java:290)
	at java.base/java.util.concurrent.ForkJoinPool$WorkQueue.topLevelExec(ForkJoinPool.java:1020)
	at java.base/java.util.concurrent.ForkJoinPool.scan(ForkJoinPool.java:1656)
	at java.base/java.util.concurrent.ForkJoinPool.runWorker(ForkJoinPool.java:1594)
	at java.base/java.util.concurrent.ForkJoinWorkerThread.run(ForkJoinWorkerThread.java:183)
Caused by: org.eclipse.lsp4j.jsonrpc.JsonRpcException: java.io.IOException: 파이프가 닫히는 중입니다
	at org.eclipse.lsp4j.jsonrpc.json.StreamMessageConsumer.consume(StreamMessageConsumer.java:72)
	at org.eclipse.lsp4e.LanguageServerWrapper.lambda$4(LanguageServerWrapper.java:260)
	at org.eclipse.lsp4j.jsonrpc.RemoteEndpoint.request(RemoteEndpoint.java:161)
	at org.eclipse.lsp4j.jsonrpc.services.EndpointProxy.invoke(EndpointProxy.java:91)
	at com.sun.proxy.$Proxy66.codeLens(Unknown Source)
	at org.eclipse.lsp4e.operations.codelens.CodeLensProvider.lambda$2(CodeLensProvider.java:43)
	... 15 more
Caused by: java.io.IOException: 파이프가 닫히는 중입니다
	at java.base/java.io.FileOutputStream.writeBytes(Native Method)
	at java.base/java.io.FileOutputStream.write(FileOutputStream.java:354)
	at java.base/java.io.BufferedOutputStream.flushBuffer(BufferedOutputStream.java:81)
	at java.base/java.io.BufferedOutputStream.flush(BufferedOutputStream.java:142)
	at org.eclipse.lsp4j.jsonrpc.json.StreamMessageConsumer.consume(StreamMessageConsumer.java:69)
	... 20 more

!ENTRY org.springframework.tooling.ls.eclipse.commons 1 0 2025-06-20 15:22:18.065
!MESSAGE ClasspathListenerHandler addClasspathListener sts4.classpath.PAIuOtgjisBatched = true

!ENTRY org.springframework.tooling.ls.eclipse.commons 1 0 2025-06-20 15:22:18.065
!MESSAGE Setting up ClasspathListenerManager

!ENTRY org.springframework.tooling.ls.eclipse.commons 1 0 2025-06-20 15:22:18.065
!MESSAGE Scheduling initial event for all projects ...

!ENTRY org.springframework.tooling.ls.eclipse.commons 1 0 2025-06-20 15:22:18.065
!MESSAGE Scheduling initial event for all projects DONE

!ENTRY org.springframework.tooling.ls.eclipse.commons 1 0 2025-06-20 15:22:18.065
!MESSAGE exists = true open = true => deleted = false

!ENTRY org.springframework.tooling.ls.eclipse.commons 1 0 2025-06-20 15:22:18.065
!MESSAGE ClasspathListenerHandler addClasspathListener sts4.classpath.PAIuOtgj => OK

!ENTRY org.springframework.tooling.ls.eclipse.commons 1 0 2025-06-20 15:22:18.066
!MESSAGE classpath=57 entries

!ENTRY org.springframework.tooling.ls.eclipse.commons 1 0 2025-06-20 15:22:18.067
!MESSAGE buffering callback sts4.classpath.PAIuOtgj ServiceExam false 57

!ENTRY org.springframework.tooling.ls.eclipse.commons 1 0 2025-06-20 15:22:18.067
!MESSAGE executing callback sts4.classpath.PAIuOtgj 1 batched events

!ENTRY org.springframework.tooling.ls.eclipse.commons 1 0 2025-06-20 15:22:18.273
!MESSAGE executing callback sts4.classpath.PAIuOtgj SUCCESS [done]

!ENTRY org.springframework.tooling.ls.eclipse.commons 1 0 2025-06-20 15:22:18.275
!MESSAGE Entering DelegatingStreamConnectionProvider()

!ENTRY org.eclipse.lsp4e 4 0 2025-06-20 15:22:18.275
!MESSAGE org.eclipse.lsp4j.jsonrpc.JsonRpcException: java.io.IOException: 파이프가 닫히는 중입니다
!STACK 0
java.util.concurrent.ExecutionException: org.eclipse.lsp4j.jsonrpc.JsonRpcException: java.io.IOException: 파이프가 닫히는 중입니다
	at java.base/java.util.concurrent.CompletableFuture.reportGet(CompletableFuture.java:395)
	at java.base/java.util.concurrent.CompletableFuture.get(CompletableFuture.java:2028)
	at org.eclipse.lsp4e.LanguageServerWrapper.lambda$13(LanguageServerWrapper.java:425)
	at java.base/java.util.concurrent.CompletableFuture$AsyncRun.run(CompletableFuture.java:1736)
	at java.base/java.util.concurrent.CompletableFuture$AsyncRun.exec(CompletableFuture.java:1728)
	at java.base/java.util.concurrent.ForkJoinTask.doExec(ForkJoinTask.java:290)
	at java.base/java.util.concurrent.ForkJoinPool$WorkQueue.topLevelExec(ForkJoinPool.java:1020)
	at java.base/java.util.concurrent.ForkJoinPool.scan(ForkJoinPool.java:1656)
	at java.base/java.util.concurrent.ForkJoinPool.runWorker(ForkJoinPool.java:1594)
	at java.base/java.util.concurrent.ForkJoinWorkerThread.run(ForkJoinWorkerThread.java:183)
Caused by: org.eclipse.lsp4j.jsonrpc.JsonRpcException: java.io.IOException: 파이프가 닫히는 중입니다
	at org.eclipse.lsp4j.jsonrpc.json.StreamMessageConsumer.consume(StreamMessageConsumer.java:72)
	at org.eclipse.lsp4e.LanguageServerWrapper.lambda$4(LanguageServerWrapper.java:260)
	at org.eclipse.lsp4j.jsonrpc.RemoteEndpoint.request(RemoteEndpoint.java:161)
	at org.eclipse.lsp4j.jsonrpc.services.EndpointProxy.invoke(EndpointProxy.java:91)
	at com.sun.proxy.$Proxy68.shutdown(Unknown Source)
	at org.eclipse.lsp4e.LanguageServerWrapper.lambda$13(LanguageServerWrapper.java:423)
	... 7 more
Caused by: java.io.IOException: 파이프가 닫히는 중입니다
	at java.base/java.io.FileOutputStream.writeBytes(Native Method)
	at java.base/java.io.FileOutputStream.write(FileOutputStream.java:354)
	at java.base/java.io.BufferedOutputStream.flushBuffer(BufferedOutputStream.java:81)
	at java.base/java.io.BufferedOutputStream.flush(BufferedOutputStream.java:142)
	at org.eclipse.lsp4j.jsonrpc.json.StreamMessageConsumer.consume(StreamMessageConsumer.java:69)
	... 12 more

!ENTRY org.eclipse.lsp4e 4 0 2025-06-20 15:22:18.275
!MESSAGE org.eclipse.lsp4j.jsonrpc.JsonRpcException: java.io.IOException: 파이프가 닫히는 중입니다
!STACK 0
java.util.concurrent.ExecutionException: org.eclipse.lsp4j.jsonrpc.JsonRpcException: java.io.IOException: 파이프가 닫히는 중입니다
	at java.base/java.util.concurrent.CompletableFuture.reportGet(CompletableFuture.java:395)
	at java.base/java.util.concurrent.CompletableFuture.get(CompletableFuture.java:2028)
	at org.eclipse.lsp4e.LanguageServerWrapper.lambda$13(LanguageServerWrapper.java:425)
	at java.base/java.util.concurrent.CompletableFuture$AsyncRun.run(CompletableFuture.java:1736)
	at java.base/java.util.concurrent.CompletableFuture$AsyncRun.exec(CompletableFuture.java:1728)
	at java.base/java.util.concurrent.ForkJoinTask.doExec(ForkJoinTask.java:290)
	at java.base/java.util.concurrent.ForkJoinPool$WorkQueue.topLevelExec(ForkJoinPool.java:1020)
	at java.base/java.util.concurrent.ForkJoinPool.scan(ForkJoinPool.java:1656)
	at java.base/java.util.concurrent.ForkJoinPool.runWorker(ForkJoinPool.java:1594)
	at java.base/java.util.concurrent.ForkJoinWorkerThread.run(ForkJoinWorkerThread.java:183)
Caused by: org.eclipse.lsp4j.jsonrpc.JsonRpcException: java.io.IOException: 파이프가 닫히는 중입니다
	at org.eclipse.lsp4j.jsonrpc.json.StreamMessageConsumer.consume(StreamMessageConsumer.java:72)
	at org.eclipse.lsp4e.LanguageServerWrapper.lambda$4(LanguageServerWrapper.java:260)
	at org.eclipse.lsp4j.jsonrpc.RemoteEndpoint.request(RemoteEndpoint.java:161)
	at org.eclipse.lsp4j.jsonrpc.services.EndpointProxy.invoke(EndpointProxy.java:91)
	at com.sun.proxy.$Proxy68.shutdown(Unknown Source)
	at org.eclipse.lsp4e.LanguageServerWrapper.lambda$13(LanguageServerWrapper.java:423)
	... 7 more
Caused by: java.io.IOException: 파이프가 닫히는 중입니다
	at java.base/java.io.FileOutputStream.writeBytes(Native Method)
	at java.base/java.io.FileOutputStream.write(FileOutputStream.java:354)
	at java.base/java.io.BufferedOutputStream.flushBuffer(BufferedOutputStream.java:81)
	at java.base/java.io.BufferedOutputStream.flush(BufferedOutputStream.java:142)
	at org.eclipse.lsp4j.jsonrpc.json.StreamMessageConsumer.consume(StreamMessageConsumer.java:69)
	... 12 more

!ENTRY org.springframework.tooling.ls.eclipse.commons 1 0 2025-06-20 15:22:18.275
!MESSAGE DelegatingStreamConnectionProvider classloader = org.eclipse.osgi.internal.loader.EquinoxClassLoader@580cb668[org.springframework.tooling.boot.ls:1.28.0.202109130547(id=1001)]

!ENTRY org.springframework.tooling.ls.eclipse.commons 1 0 2025-06-20 15:22:18.276
!MESSAGE SpringBootLanguageServer exists!

!ENTRY org.springframework.tooling.ls.eclipse.commons 1 0 2025-06-20 15:22:19.294
!MESSAGE Boot LS startup time from start to initialized: 1018ms

!ENTRY org.eclipse.jface.text 4 0 2025-06-20 15:22:19.317
!MESSAGE org.eclipse.lsp4j.jsonrpc.JsonRpcException: java.io.IOException: 파이프가 닫히는 중입니다
!STACK 0
java.util.concurrent.CompletionException: org.eclipse.lsp4j.jsonrpc.JsonRpcException: java.io.IOException: 파이프가 닫히는 중입니다
	at java.base/java.util.concurrent.CompletableFuture.encodeThrowable(CompletableFuture.java:331)
	at java.base/java.util.concurrent.CompletableFuture.uniAcceptNow(CompletableFuture.java:743)
	at java.base/java.util.concurrent.CompletableFuture.uniAcceptStage(CompletableFuture.java:731)
	at java.base/java.util.concurrent.CompletableFuture.thenAcceptAsync(CompletableFuture.java:2118)
	at org.eclipse.lsp4e.operations.codelens.CodeLensProvider.lambda$2(CodeLensProvider.java:44)
	at java.base/java.util.stream.ReferencePipeline$3$1.accept(ReferencePipeline.java:195)
	at java.base/java.util.ArrayList$ArrayListSpliterator.forEachRemaining(ArrayList.java:1655)
	at java.base/java.util.stream.AbstractPipeline.copyInto(AbstractPipeline.java:484)
	at java.base/java.util.stream.AbstractPipeline.wrapAndCopyInto(AbstractPipeline.java:474)
	at java.base/java.util.stream.AbstractPipeline.evaluate(AbstractPipeline.java:550)
	at java.base/java.util.stream.AbstractPipeline.evaluateToArrayNode(AbstractPipeline.java:260)
	at java.base/java.util.stream.ReferencePipeline.toArray(ReferencePipeline.java:517)
	at org.eclipse.lsp4e.operations.codelens.CodeLensProvider.lambda$1(CodeLensProvider.java:52)
	at java.base/java.util.concurrent.CompletableFuture$UniCompose.tryFire(CompletableFuture.java:1072)
	at java.base/java.util.concurrent.CompletableFuture$Completion.exec(CompletableFuture.java:479)
	at java.base/java.util.concurrent.ForkJoinTask.doExec(ForkJoinTask.java:290)
	at java.base/java.util.concurrent.ForkJoinPool$WorkQueue.topLevelExec(ForkJoinPool.java:1020)
	at java.base/java.util.concurrent.ForkJoinPool.scan(ForkJoinPool.java:1656)
	at java.base/java.util.concurrent.ForkJoinPool.runWorker(ForkJoinPool.java:1594)
	at java.base/java.util.concurrent.ForkJoinWorkerThread.run(ForkJoinWorkerThread.java:183)
Caused by: org.eclipse.lsp4j.jsonrpc.JsonRpcException: java.io.IOException: 파이프가 닫히는 중입니다
	at org.eclipse.lsp4j.jsonrpc.json.StreamMessageConsumer.consume(StreamMessageConsumer.java:72)
	at org.eclipse.lsp4e.LanguageServerWrapper.lambda$4(LanguageServerWrapper.java:260)
	at org.eclipse.lsp4j.jsonrpc.RemoteEndpoint.request(RemoteEndpoint.java:161)
	at org.eclipse.lsp4j.jsonrpc.services.EndpointProxy.invoke(EndpointProxy.java:91)
	at com.sun.proxy.$Proxy66.codeLens(Unknown Source)
	at org.eclipse.lsp4e.operations.codelens.CodeLensProvider.lambda$2(CodeLensProvider.java:43)
	... 15 more
Caused by: java.io.IOException: 파이프가 닫히는 중입니다
	at java.base/java.io.FileOutputStream.writeBytes(Native Method)
	at java.base/java.io.FileOutputStream.write(FileOutputStream.java:354)
	at java.base/java.io.BufferedOutputStream.flushBuffer(BufferedOutputStream.java:81)
	at java.base/java.io.BufferedOutputStream.flush(BufferedOutputStream.java:142)
	at org.eclipse.lsp4j.jsonrpc.json.StreamMessageConsumer.consume(StreamMessageConsumer.java:69)
	... 20 more

!ENTRY org.eclipse.jface.text 4 0 2025-06-20 15:22:19.318
!MESSAGE org.eclipse.lsp4j.jsonrpc.JsonRpcException: java.io.IOException: 파이프가 닫히는 중입니다
!STACK 0
java.util.concurrent.CompletionException: org.eclipse.lsp4j.jsonrpc.JsonRpcException: java.io.IOException: 파이프가 닫히는 중입니다
	at java.base/java.util.concurrent.CompletableFuture.encodeThrowable(CompletableFuture.java:331)
	at java.base/java.util.concurrent.CompletableFuture.uniAcceptNow(CompletableFuture.java:743)
	at java.base/java.util.concurrent.CompletableFuture.uniAcceptStage(CompletableFuture.java:731)
	at java.base/java.util.concurrent.CompletableFuture.thenAcceptAsync(CompletableFuture.java:2118)
	at org.eclipse.lsp4e.operations.codelens.CodeLensProvider.lambda$2(CodeLensProvider.java:44)
	at java.base/java.util.stream.ReferencePipeline$3$1.accept(ReferencePipeline.java:195)
	at java.base/java.util.ArrayList$ArrayListSpliterator.forEachRemaining(ArrayList.java:1655)
	at java.base/java.util.stream.AbstractPipeline.copyInto(AbstractPipeline.java:484)
	at java.base/java.util.stream.AbstractPipeline.wrapAndCopyInto(AbstractPipeline.java:474)
	at java.base/java.util.stream.AbstractPipeline.evaluate(AbstractPipeline.java:550)
	at java.base/java.util.stream.AbstractPipeline.evaluateToArrayNode(AbstractPipeline.java:260)
	at java.base/java.util.stream.ReferencePipeline.toArray(ReferencePipeline.java:517)
	at org.eclipse.lsp4e.operations.codelens.CodeLensProvider.lambda$1(CodeLensProvider.java:52)
	at java.base/java.util.concurrent.CompletableFuture$UniCompose.tryFire(CompletableFuture.java:1072)
	at java.base/java.util.concurrent.CompletableFuture$Completion.exec(CompletableFuture.java:479)
	at java.base/java.util.concurrent.ForkJoinTask.doExec(ForkJoinTask.java:290)
	at java.base/java.util.concurrent.ForkJoinPool$WorkQueue.topLevelExec(ForkJoinPool.java:1020)
	at java.base/java.util.concurrent.ForkJoinPool.scan(ForkJoinPool.java:1656)
	at java.base/java.util.concurrent.ForkJoinPool.runWorker(ForkJoinPool.java:1594)
	at java.base/java.util.concurrent.ForkJoinWorkerThread.run(ForkJoinWorkerThread.java:183)
Caused by: org.eclipse.lsp4j.jsonrpc.JsonRpcException: java.io.IOException: 파이프가 닫히는 중입니다
	at org.eclipse.lsp4j.jsonrpc.json.StreamMessageConsumer.consume(StreamMessageConsumer.java:72)
	at org.eclipse.lsp4e.LanguageServerWrapper.lambda$4(LanguageServerWrapper.java:260)
	at org.eclipse.lsp4j.jsonrpc.RemoteEndpoint.request(RemoteEndpoint.java:161)
	at org.eclipse.lsp4j.jsonrpc.services.EndpointProxy.invoke(EndpointProxy.java:91)
	at com.sun.proxy.$Proxy66.codeLens(Unknown Source)
	at org.eclipse.lsp4e.operations.codelens.CodeLensProvider.lambda$2(CodeLensProvider.java:43)
	... 15 more
Caused by: java.io.IOException: 파이프가 닫히는 중입니다
	at java.base/java.io.FileOutputStream.writeBytes(Native Method)
	at java.base/java.io.FileOutputStream.write(FileOutputStream.java:354)
	at java.base/java.io.BufferedOutputStream.flushBuffer(BufferedOutputStream.java:81)
	at java.base/java.io.BufferedOutputStream.flush(BufferedOutputStream.java:142)
	at org.eclipse.lsp4j.jsonrpc.json.StreamMessageConsumer.consume(StreamMessageConsumer.java:69)
	... 20 more

!ENTRY org.eclipse.jface.text 4 0 2025-06-20 15:22:19.318
!MESSAGE org.eclipse.lsp4j.jsonrpc.JsonRpcException: java.io.IOException: 파이프가 닫히는 중입니다
!STACK 0
java.util.concurrent.CompletionException: org.eclipse.lsp4j.jsonrpc.JsonRpcException: java.io.IOException: 파이프가 닫히는 중입니다
	at java.base/java.util.concurrent.CompletableFuture.encodeThrowable(CompletableFuture.java:331)
	at java.base/java.util.concurrent.CompletableFuture.uniAcceptNow(CompletableFuture.java:743)
	at java.base/java.util.concurrent.CompletableFuture.uniAcceptStage(CompletableFuture.java:731)
	at java.base/java.util.concurrent.CompletableFuture.thenAcceptAsync(CompletableFuture.java:2118)
	at org.eclipse.lsp4e.operations.codelens.CodeLensProvider.lambda$2(CodeLensProvider.java:44)
	at java.base/java.util.stream.ReferencePipeline$3$1.accept(ReferencePipeline.java:195)
	at java.base/java.util.ArrayList$ArrayListSpliterator.forEachRemaining(ArrayList.java:1655)
	at java.base/java.util.stream.AbstractPipeline.copyInto(AbstractPipeline.java:484)
	at java.base/java.util.stream.AbstractPipeline.wrapAndCopyInto(AbstractPipeline.java:474)
	at java.base/java.util.stream.AbstractPipeline.evaluate(AbstractPipeline.java:550)
	at java.base/java.util.stream.AbstractPipeline.evaluateToArrayNode(AbstractPipeline.java:260)
	at java.base/java.util.stream.ReferencePipeline.toArray(ReferencePipeline.java:517)
	at org.eclipse.lsp4e.operations.codelens.CodeLensProvider.lambda$1(CodeLensProvider.java:52)
	at java.base/java.util.concurrent.CompletableFuture$UniCompose.tryFire(CompletableFuture.java:1072)
	at java.base/java.util.concurrent.CompletableFuture$Completion.exec(CompletableFuture.java:479)
	at java.base/java.util.concurrent.ForkJoinTask.doExec(ForkJoinTask.java:290)
	at java.base/java.util.concurrent.ForkJoinPool$WorkQueue.topLevelExec(ForkJoinPool.java:1020)
	at java.base/java.util.concurrent.ForkJoinPool.scan(ForkJoinPool.java:1656)
	at java.base/java.util.concurrent.ForkJoinPool.runWorker(ForkJoinPool.java:1594)
	at java.base/java.util.concurrent.ForkJoinWorkerThread.run(ForkJoinWorkerThread.java:183)
Caused by: org.eclipse.lsp4j.jsonrpc.JsonRpcException: java.io.IOException: 파이프가 닫히는 중입니다
	at org.eclipse.lsp4j.jsonrpc.json.StreamMessageConsumer.consume(StreamMessageConsumer.java:72)
	at org.eclipse.lsp4e.LanguageServerWrapper.lambda$4(LanguageServerWrapper.java:260)
	at org.eclipse.lsp4j.jsonrpc.RemoteEndpoint.request(RemoteEndpoint.java:161)
	at org.eclipse.lsp4j.jsonrpc.services.EndpointProxy.invoke(EndpointProxy.java:91)
	at com.sun.proxy.$Proxy66.codeLens(Unknown Source)
	at org.eclipse.lsp4e.operations.codelens.CodeLensProvider.lambda$2(CodeLensProvider.java:43)
	... 15 more
Caused by: java.io.IOException: 파이프가 닫히는 중입니다
	at java.base/java.io.FileOutputStream.writeBytes(Native Method)
	at java.base/java.io.FileOutputStream.write(FileOutputStream.java:354)
	at java.base/java.io.BufferedOutputStream.flushBuffer(BufferedOutputStream.java:81)
	at java.base/java.io.BufferedOutputStream.flush(BufferedOutputStream.java:142)
	at org.eclipse.lsp4j.jsonrpc.json.StreamMessageConsumer.consume(StreamMessageConsumer.java:69)
	... 20 more

!ENTRY org.eclipse.jface.text 4 0 2025-06-20 15:22:19.318
!MESSAGE org.eclipse.lsp4j.jsonrpc.JsonRpcException: java.io.IOException: 파이프가 닫히는 중입니다
!STACK 0
java.util.concurrent.CompletionException: org.eclipse.lsp4j.jsonrpc.JsonRpcException: java.io.IOException: 파이프가 닫히는 중입니다
	at java.base/java.util.concurrent.CompletableFuture.encodeThrowable(CompletableFuture.java:331)
	at java.base/java.util.concurrent.CompletableFuture.uniAcceptNow(CompletableFuture.java:743)
	at java.base/java.util.concurrent.CompletableFuture.uniAcceptStage(CompletableFuture.java:731)
	at java.base/java.util.concurrent.CompletableFuture.thenAcceptAsync(CompletableFuture.java:2118)
	at org.eclipse.lsp4e.operations.codelens.CodeLensProvider.lambda$2(CodeLensProvider.java:44)
	at java.base/java.util.stream.ReferencePipeline$3$1.accept(ReferencePipeline.java:195)
	at java.base/java.util.ArrayList$ArrayListSpliterator.forEachRemaining(ArrayList.java:1655)
	at java.base/java.util.stream.AbstractPipeline.copyInto(AbstractPipeline.java:484)
	at java.base/java.util.stream.AbstractPipeline.wrapAndCopyInto(AbstractPipeline.java:474)
	at java.base/java.util.stream.AbstractPipeline.evaluate(AbstractPipeline.java:550)
	at java.base/java.util.stream.AbstractPipeline.evaluateToArrayNode(AbstractPipeline.java:260)
	at java.base/java.util.stream.ReferencePipeline.toArray(ReferencePipeline.java:517)
	at org.eclipse.lsp4e.operations.codelens.CodeLensProvider.lambda$1(CodeLensProvider.java:52)
	at java.base/java.util.concurrent.CompletableFuture$UniCompose.tryFire(CompletableFuture.java:1072)
	at java.base/java.util.concurrent.CompletableFuture$Completion.exec(CompletableFuture.java:479)
	at java.base/java.util.concurrent.ForkJoinTask.doExec(ForkJoinTask.java:290)
	at java.base/java.util.concurrent.ForkJoinPool$WorkQueue.topLevelExec(ForkJoinPool.java:1020)
	at java.base/java.util.concurrent.ForkJoinPool.scan(ForkJoinPool.java:1656)
	at java.base/java.util.concurrent.ForkJoinPool.runWorker(ForkJoinPool.java:1594)
	at java.base/java.util.concurrent.ForkJoinWorkerThread.run(ForkJoinWorkerThread.java:183)
Caused by: org.eclipse.lsp4j.jsonrpc.JsonRpcException: java.io.IOException: 파이프가 닫히는 중입니다
	at org.eclipse.lsp4j.jsonrpc.json.StreamMessageConsumer.consume(StreamMessageConsumer.java:72)
	at org.eclipse.lsp4e.LanguageServerWrapper.lambda$4(LanguageServerWrapper.java:260)
	at org.eclipse.lsp4j.jsonrpc.RemoteEndpoint.request(RemoteEndpoint.java:161)
	at org.eclipse.lsp4j.jsonrpc.services.EndpointProxy.invoke(EndpointProxy.java:91)
	at com.sun.proxy.$Proxy66.codeLens(Unknown Source)
	at org.eclipse.lsp4e.operations.codelens.CodeLensProvider.lambda$2(CodeLensProvider.java:43)
	... 15 more
Caused by: java.io.IOException: 파이프가 닫히는 중입니다
	at java.base/java.io.FileOutputStream.writeBytes(Native Method)
	at java.base/java.io.FileOutputStream.write(FileOutputStream.java:354)
	at java.base/java.io.BufferedOutputStream.flushBuffer(BufferedOutputStream.java:81)
	at java.base/java.io.BufferedOutputStream.flush(BufferedOutputStream.java:142)
	at org.eclipse.lsp4j.jsonrpc.json.StreamMessageConsumer.consume(StreamMessageConsumer.java:69)
	... 20 more

!ENTRY org.springframework.tooling.ls.eclipse.commons 1 0 2025-06-20 15:22:19.349
!MESSAGE ClasspathListenerHandler addClasspathListener sts4.classpath.gBnqVFvvisBatched = true

!ENTRY org.springframework.tooling.ls.eclipse.commons 1 0 2025-06-20 15:22:19.349
!MESSAGE Setting up ClasspathListenerManager

!ENTRY org.springframework.tooling.ls.eclipse.commons 1 0 2025-06-20 15:22:19.350
!MESSAGE Scheduling initial event for all projects ...

!ENTRY org.springframework.tooling.ls.eclipse.commons 1 0 2025-06-20 15:22:19.350
!MESSAGE Scheduling initial event for all projects DONE

!ENTRY org.springframework.tooling.ls.eclipse.commons 1 0 2025-06-20 15:22:19.350
!MESSAGE exists = true open = true => deleted = false

!ENTRY org.springframework.tooling.ls.eclipse.commons 1 0 2025-06-20 15:22:19.350
!MESSAGE ClasspathListenerHandler addClasspathListener sts4.classpath.gBnqVFvv => OK

!ENTRY org.springframework.tooling.ls.eclipse.commons 1 0 2025-06-20 15:22:19.351
!MESSAGE classpath=57 entries

!ENTRY org.springframework.tooling.ls.eclipse.commons 1 0 2025-06-20 15:22:19.351
!MESSAGE buffering callback sts4.classpath.gBnqVFvv ServiceExam false 57

!ENTRY org.springframework.tooling.ls.eclipse.commons 1 0 2025-06-20 15:22:19.352
!MESSAGE executing callback sts4.classpath.gBnqVFvv 1 batched events

!ENTRY org.springframework.tooling.ls.eclipse.commons 1 0 2025-06-20 15:22:19.555
!MESSAGE executing callback sts4.classpath.gBnqVFvv SUCCESS [done]

!ENTRY org.springframework.tooling.ls.eclipse.commons 1 0 2025-06-20 15:22:19.555
!MESSAGE Entering DelegatingStreamConnectionProvider()

!ENTRY org.eclipse.lsp4e 4 0 2025-06-20 15:22:19.556
!MESSAGE org.eclipse.lsp4j.jsonrpc.JsonRpcException: java.io.IOException: 파이프가 닫히는 중입니다
!STACK 0
java.util.concurrent.ExecutionException: org.eclipse.lsp4j.jsonrpc.JsonRpcException: java.io.IOException: 파이프가 닫히는 중입니다
	at java.base/java.util.concurrent.CompletableFuture.reportGet(CompletableFuture.java:395)
	at java.base/java.util.concurrent.CompletableFuture.get(CompletableFuture.java:2028)
	at org.eclipse.lsp4e.LanguageServerWrapper.lambda$13(LanguageServerWrapper.java:425)
	at java.base/java.util.concurrent.CompletableFuture$AsyncRun.run(CompletableFuture.java:1736)
	at java.base/java.util.concurrent.CompletableFuture$AsyncRun.exec(CompletableFuture.java:1728)
	at java.base/java.util.concurrent.ForkJoinTask.doExec(ForkJoinTask.java:290)
	at java.base/java.util.concurrent.ForkJoinPool$WorkQueue.topLevelExec(ForkJoinPool.java:1020)
	at java.base/java.util.concurrent.ForkJoinPool.scan(ForkJoinPool.java:1656)
	at java.base/java.util.concurrent.ForkJoinPool.runWorker(ForkJoinPool.java:1594)
	at java.base/java.util.concurrent.ForkJoinWorkerThread.run(ForkJoinWorkerThread.java:183)
Caused by: org.eclipse.lsp4j.jsonrpc.JsonRpcException: java.io.IOException: 파이프가 닫히는 중입니다
	at org.eclipse.lsp4j.jsonrpc.json.StreamMessageConsumer.consume(StreamMessageConsumer.java:72)
	at org.eclipse.lsp4e.LanguageServerWrapper.lambda$4(LanguageServerWrapper.java:260)
	at org.eclipse.lsp4j.jsonrpc.RemoteEndpoint.request(RemoteEndpoint.java:161)
	at org.eclipse.lsp4j.jsonrpc.services.EndpointProxy.invoke(EndpointProxy.java:91)
	at com.sun.proxy.$Proxy68.shutdown(Unknown Source)
	at org.eclipse.lsp4e.LanguageServerWrapper.lambda$13(LanguageServerWrapper.java:423)
	... 7 more
Caused by: java.io.IOException: 파이프가 닫히는 중입니다
	at java.base/java.io.FileOutputStream.writeBytes(Native Method)
	at java.base/java.io.FileOutputStream.write(FileOutputStream.java:354)
	at java.base/java.io.BufferedOutputStream.flushBuffer(BufferedOutputStream.java:81)
	at java.base/java.io.BufferedOutputStream.flush(BufferedOutputStream.java:142)
	at org.eclipse.lsp4j.jsonrpc.json.StreamMessageConsumer.consume(StreamMessageConsumer.java:69)
	... 12 more

!ENTRY org.eclipse.lsp4e 4 0 2025-06-20 15:22:19.556
!MESSAGE org.eclipse.lsp4j.jsonrpc.JsonRpcException: java.io.IOException: 파이프가 닫히는 중입니다
!STACK 0
java.util.concurrent.ExecutionException: org.eclipse.lsp4j.jsonrpc.JsonRpcException: java.io.IOException: 파이프가 닫히는 중입니다
	at java.base/java.util.concurrent.CompletableFuture.reportGet(CompletableFuture.java:395)
	at java.base/java.util.concurrent.CompletableFuture.get(CompletableFuture.java:2028)
	at org.eclipse.lsp4e.LanguageServerWrapper.lambda$13(LanguageServerWrapper.java:425)
	at java.base/java.util.concurrent.CompletableFuture$AsyncRun.run(CompletableFuture.java:1736)
	at java.base/java.util.concurrent.CompletableFuture$AsyncRun.exec(CompletableFuture.java:1728)
	at java.base/java.util.concurrent.ForkJoinTask.doExec(ForkJoinTask.java:290)
	at java.base/java.util.concurrent.ForkJoinPool$WorkQueue.topLevelExec(ForkJoinPool.java:1020)
	at java.base/java.util.concurrent.ForkJoinPool.scan(ForkJoinPool.java:1656)
	at java.base/java.util.concurrent.ForkJoinPool.runWorker(ForkJoinPool.java:1594)
	at java.base/java.util.concurrent.ForkJoinWorkerThread.run(ForkJoinWorkerThread.java:183)
Caused by: org.eclipse.lsp4j.jsonrpc.JsonRpcException: java.io.IOException: 파이프가 닫히는 중입니다
	at org.eclipse.lsp4j.jsonrpc.json.StreamMessageConsumer.consume(StreamMessageConsumer.java:72)
	at org.eclipse.lsp4e.LanguageServerWrapper.lambda$4(LanguageServerWrapper.java:260)
	at org.eclipse.lsp4j.jsonrpc.RemoteEndpoint.request(RemoteEndpoint.java:161)
	at org.eclipse.lsp4j.jsonrpc.services.EndpointProxy.invoke(EndpointProxy.java:91)
	at com.sun.proxy.$Proxy68.shutdown(Unknown Source)
	at org.eclipse.lsp4e.LanguageServerWrapper.lambda$13(LanguageServerWrapper.java:423)
	... 7 more
Caused by: java.io.IOException: 파이프가 닫히는 중입니다
	at java.base/java.io.FileOutputStream.writeBytes(Native Method)
	at java.base/java.io.FileOutputStream.write(FileOutputStream.java:354)
	at java.base/java.io.BufferedOutputStream.flushBuffer(BufferedOutputStream.java:81)
	at java.base/java.io.BufferedOutputStream.flush(BufferedOutputStream.java:142)
	at org.eclipse.lsp4j.jsonrpc.json.StreamMessageConsumer.consume(StreamMessageConsumer.java:69)
	... 12 more

!ENTRY org.springframework.tooling.ls.eclipse.commons 1 0 2025-06-20 15:22:19.556
!MESSAGE DelegatingStreamConnectionProvider classloader = org.eclipse.osgi.internal.loader.EquinoxClassLoader@580cb668[org.springframework.tooling.boot.ls:1.28.0.202109130547(id=1001)]

!ENTRY org.springframework.tooling.ls.eclipse.commons 1 0 2025-06-20 15:22:19.557
!MESSAGE SpringBootLanguageServer exists!

!ENTRY org.springframework.tooling.ls.eclipse.commons 1 0 2025-06-20 15:22:20.585
!MESSAGE Boot LS startup time from start to initialized: 1028ms

!ENTRY org.eclipse.jface.text 4 0 2025-06-20 15:22:20.620
!MESSAGE org.eclipse.lsp4j.jsonrpc.JsonRpcException: java.io.IOException: 파이프가 닫히는 중입니다
!STACK 0
java.util.concurrent.CompletionException: org.eclipse.lsp4j.jsonrpc.JsonRpcException: java.io.IOException: 파이프가 닫히는 중입니다
	at java.base/java.util.concurrent.CompletableFuture.encodeThrowable(CompletableFuture.java:331)
	at java.base/java.util.concurrent.CompletableFuture.uniAcceptNow(CompletableFuture.java:743)
	at java.base/java.util.concurrent.CompletableFuture.uniAcceptStage(CompletableFuture.java:731)
	at java.base/java.util.concurrent.CompletableFuture.thenAcceptAsync(CompletableFuture.java:2118)
	at org.eclipse.lsp4e.operations.codelens.CodeLensProvider.lambda$2(CodeLensProvider.java:44)
	at java.base/java.util.stream.ReferencePipeline$3$1.accept(ReferencePipeline.java:195)
	at java.base/java.util.ArrayList$ArrayListSpliterator.forEachRemaining(ArrayList.java:1655)
	at java.base/java.util.stream.AbstractPipeline.copyInto(AbstractPipeline.java:484)
	at java.base/java.util.stream.AbstractPipeline.wrapAndCopyInto(AbstractPipeline.java:474)
	at java.base/java.util.stream.AbstractPipeline.evaluate(AbstractPipeline.java:550)
	at java.base/java.util.stream.AbstractPipeline.evaluateToArrayNode(AbstractPipeline.java:260)
	at java.base/java.util.stream.ReferencePipeline.toArray(ReferencePipeline.java:517)
	at org.eclipse.lsp4e.operations.codelens.CodeLensProvider.lambda$1(CodeLensProvider.java:52)
	at java.base/java.util.concurrent.CompletableFuture$UniCompose.tryFire(CompletableFuture.java:1072)
	at java.base/java.util.concurrent.CompletableFuture$Completion.exec(CompletableFuture.java:479)
	at java.base/java.util.concurrent.ForkJoinTask.doExec(ForkJoinTask.java:290)
	at java.base/java.util.concurrent.ForkJoinPool$WorkQueue.topLevelExec(ForkJoinPool.java:1020)
	at java.base/java.util.concurrent.ForkJoinPool.scan(ForkJoinPool.java:1656)
	at java.base/java.util.concurrent.ForkJoinPool.runWorker(ForkJoinPool.java:1594)
	at java.base/java.util.concurrent.ForkJoinWorkerThread.run(ForkJoinWorkerThread.java:183)
Caused by: org.eclipse.lsp4j.jsonrpc.JsonRpcException: java.io.IOException: 파이프가 닫히는 중입니다
	at org.eclipse.lsp4j.jsonrpc.json.StreamMessageConsumer.consume(StreamMessageConsumer.java:72)
	at org.eclipse.lsp4e.LanguageServerWrapper.lambda$4(LanguageServerWrapper.java:260)
	at org.eclipse.lsp4j.jsonrpc.RemoteEndpoint.request(RemoteEndpoint.java:161)
	at org.eclipse.lsp4j.jsonrpc.services.EndpointProxy.invoke(EndpointProxy.java:91)
	at com.sun.proxy.$Proxy66.codeLens(Unknown Source)
	at org.eclipse.lsp4e.operations.codelens.CodeLensProvider.lambda$2(CodeLensProvider.java:43)
	... 15 more
Caused by: java.io.IOException: 파이프가 닫히는 중입니다
	at java.base/java.io.FileOutputStream.writeBytes(Native Method)
	at java.base/java.io.FileOutputStream.write(FileOutputStream.java:354)
	at java.base/java.io.BufferedOutputStream.flushBuffer(BufferedOutputStream.java:81)
	at java.base/java.io.BufferedOutputStream.flush(BufferedOutputStream.java:142)
	at org.eclipse.lsp4j.jsonrpc.json.StreamMessageConsumer.consume(StreamMessageConsumer.java:69)
	... 20 more

!ENTRY org.eclipse.jface.text 4 0 2025-06-20 15:22:20.620
!MESSAGE org.eclipse.lsp4j.jsonrpc.JsonRpcException: java.io.IOException: 파이프가 닫히는 중입니다
!STACK 0
java.util.concurrent.CompletionException: org.eclipse.lsp4j.jsonrpc.JsonRpcException: java.io.IOException: 파이프가 닫히는 중입니다
	at java.base/java.util.concurrent.CompletableFuture.encodeThrowable(CompletableFuture.java:331)
	at java.base/java.util.concurrent.CompletableFuture.uniAcceptNow(CompletableFuture.java:743)
	at java.base/java.util.concurrent.CompletableFuture.uniAcceptStage(CompletableFuture.java:731)
	at java.base/java.util.concurrent.CompletableFuture.thenAcceptAsync(CompletableFuture.java:2118)
	at org.eclipse.lsp4e.operations.codelens.CodeLensProvider.lambda$2(CodeLensProvider.java:44)
	at java.base/java.util.stream.ReferencePipeline$3$1.accept(ReferencePipeline.java:195)
	at java.base/java.util.ArrayList$ArrayListSpliterator.forEachRemaining(ArrayList.java:1655)
	at java.base/java.util.stream.AbstractPipeline.copyInto(AbstractPipeline.java:484)
	at java.base/java.util.stream.AbstractPipeline.wrapAndCopyInto(AbstractPipeline.java:474)
	at java.base/java.util.stream.AbstractPipeline.evaluate(AbstractPipeline.java:550)
	at java.base/java.util.stream.AbstractPipeline.evaluateToArrayNode(AbstractPipeline.java:260)
	at java.base/java.util.stream.ReferencePipeline.toArray(ReferencePipeline.java:517)
	at org.eclipse.lsp4e.operations.codelens.CodeLensProvider.lambda$1(CodeLensProvider.java:52)
	at java.base/java.util.concurrent.CompletableFuture$UniCompose.tryFire(CompletableFuture.java:1072)
	at java.base/java.util.concurrent.CompletableFuture$Completion.exec(CompletableFuture.java:479)
	at java.base/java.util.concurrent.ForkJoinTask.doExec(ForkJoinTask.java:290)
	at java.base/java.util.concurrent.ForkJoinPool$WorkQueue.topLevelExec(ForkJoinPool.java:1020)
	at java.base/java.util.concurrent.ForkJoinPool.scan(ForkJoinPool.java:1656)
	at java.base/java.util.concurrent.ForkJoinPool.runWorker(ForkJoinPool.java:1594)
	at java.base/java.util.concurrent.ForkJoinWorkerThread.run(ForkJoinWorkerThread.java:183)
Caused by: org.eclipse.lsp4j.jsonrpc.JsonRpcException: java.io.IOException: 파이프가 닫히는 중입니다
	at org.eclipse.lsp4j.jsonrpc.json.StreamMessageConsumer.consume(StreamMessageConsumer.java:72)
	at org.eclipse.lsp4e.LanguageServerWrapper.lambda$4(LanguageServerWrapper.java:260)
	at org.eclipse.lsp4j.jsonrpc.RemoteEndpoint.request(RemoteEndpoint.java:161)
	at org.eclipse.lsp4j.jsonrpc.services.EndpointProxy.invoke(EndpointProxy.java:91)
	at com.sun.proxy.$Proxy66.codeLens(Unknown Source)
	at org.eclipse.lsp4e.operations.codelens.CodeLensProvider.lambda$2(CodeLensProvider.java:43)
	... 15 more
Caused by: java.io.IOException: 파이프가 닫히는 중입니다
	at java.base/java.io.FileOutputStream.writeBytes(Native Method)
	at java.base/java.io.FileOutputStream.write(FileOutputStream.java:354)
	at java.base/java.io.BufferedOutputStream.flushBuffer(BufferedOutputStream.java:81)
	at java.base/java.io.BufferedOutputStream.flush(BufferedOutputStream.java:142)
	at org.eclipse.lsp4j.jsonrpc.json.StreamMessageConsumer.consume(StreamMessageConsumer.java:69)
	... 20 more

!ENTRY org.eclipse.jface.text 4 0 2025-06-20 15:22:20.620
!MESSAGE org.eclipse.lsp4j.jsonrpc.JsonRpcException: java.io.IOException: 파이프가 닫히는 중입니다
!STACK 0
java.util.concurrent.CompletionException: org.eclipse.lsp4j.jsonrpc.JsonRpcException: java.io.IOException: 파이프가 닫히는 중입니다
	at java.base/java.util.concurrent.CompletableFuture.encodeThrowable(CompletableFuture.java:331)
	at java.base/java.util.concurrent.CompletableFuture.uniAcceptNow(CompletableFuture.java:743)
	at java.base/java.util.concurrent.CompletableFuture.uniAcceptStage(CompletableFuture.java:731)
	at java.base/java.util.concurrent.CompletableFuture.thenAcceptAsync(CompletableFuture.java:2118)
	at org.eclipse.lsp4e.operations.codelens.CodeLensProvider.lambda$2(CodeLensProvider.java:44)
	at java.base/java.util.stream.ReferencePipeline$3$1.accept(ReferencePipeline.java:195)
	at java.base/java.util.ArrayList$ArrayListSpliterator.forEachRemaining(ArrayList.java:1655)
	at java.base/java.util.stream.AbstractPipeline.copyInto(AbstractPipeline.java:484)
	at java.base/java.util.stream.AbstractPipeline.wrapAndCopyInto(AbstractPipeline.java:474)
	at java.base/java.util.stream.AbstractPipeline.evaluate(AbstractPipeline.java:550)
	at java.base/java.util.stream.AbstractPipeline.evaluateToArrayNode(AbstractPipeline.java:260)
	at java.base/java.util.stream.ReferencePipeline.toArray(ReferencePipeline.java:517)
	at org.eclipse.lsp4e.operations.codelens.CodeLensProvider.lambda$1(CodeLensProvider.java:52)
	at java.base/java.util.concurrent.CompletableFuture$UniCompose.tryFire(CompletableFuture.java:1072)
	at java.base/java.util.concurrent.CompletableFuture$Completion.exec(CompletableFuture.java:479)
	at java.base/java.util.concurrent.ForkJoinTask.doExec(ForkJoinTask.java:290)
	at java.base/java.util.concurrent.ForkJoinPool$WorkQueue.topLevelExec(ForkJoinPool.java:1020)
	at java.base/java.util.concurrent.ForkJoinPool.scan(ForkJoinPool.java:1656)
	at java.base/java.util.concurrent.ForkJoinPool.runWorker(ForkJoinPool.java:1594)
	at java.base/java.util.concurrent.ForkJoinWorkerThread.run(ForkJoinWorkerThread.java:183)
Caused by: org.eclipse.lsp4j.jsonrpc.JsonRpcException: java.io.IOException: 파이프가 닫히는 중입니다
	at org.eclipse.lsp4j.jsonrpc.json.StreamMessageConsumer.consume(StreamMessageConsumer.java:72)
	at org.eclipse.lsp4e.LanguageServerWrapper.lambda$4(LanguageServerWrapper.java:260)
	at org.eclipse.lsp4j.jsonrpc.RemoteEndpoint.request(RemoteEndpoint.java:161)
	at org.eclipse.lsp4j.jsonrpc.services.EndpointProxy.invoke(EndpointProxy.java:91)
	at com.sun.proxy.$Proxy66.codeLens(Unknown Source)
	at org.eclipse.lsp4e.operations.codelens.CodeLensProvider.lambda$2(CodeLensProvider.java:43)
	... 15 more
Caused by: java.io.IOException: 파이프가 닫히는 중입니다
	at java.base/java.io.FileOutputStream.writeBytes(Native Method)
	at java.base/java.io.FileOutputStream.write(FileOutputStream.java:354)
	at java.base/java.io.BufferedOutputStream.flushBuffer(BufferedOutputStream.java:81)
	at java.base/java.io.BufferedOutputStream.flush(BufferedOutputStream.java:142)
	at org.eclipse.lsp4j.jsonrpc.json.StreamMessageConsumer.consume(StreamMessageConsumer.java:69)
	... 20 more

!ENTRY org.eclipse.jface.text 4 0 2025-06-20 15:22:20.622
!MESSAGE org.eclipse.lsp4j.jsonrpc.JsonRpcException: java.io.IOException: 파이프가 닫히는 중입니다
!STACK 0
java.util.concurrent.CompletionException: org.eclipse.lsp4j.jsonrpc.JsonRpcException: java.io.IOException: 파이프가 닫히는 중입니다
	at java.base/java.util.concurrent.CompletableFuture.encodeThrowable(CompletableFuture.java:331)
	at java.base/java.util.concurrent.CompletableFuture.uniAcceptNow(CompletableFuture.java:743)
	at java.base/java.util.concurrent.CompletableFuture.uniAcceptStage(CompletableFuture.java:731)
	at java.base/java.util.concurrent.CompletableFuture.thenAcceptAsync(CompletableFuture.java:2118)
	at org.eclipse.lsp4e.operations.codelens.CodeLensProvider.lambda$2(CodeLensProvider.java:44)
	at java.base/java.util.stream.ReferencePipeline$3$1.accept(ReferencePipeline.java:195)
	at java.base/java.util.ArrayList$ArrayListSpliterator.forEachRemaining(ArrayList.java:1655)
	at java.base/java.util.stream.AbstractPipeline.copyInto(AbstractPipeline.java:484)
	at java.base/java.util.stream.AbstractPipeline.wrapAndCopyInto(AbstractPipeline.java:474)
	at java.base/java.util.stream.AbstractPipeline.evaluate(AbstractPipeline.java:550)
	at java.base/java.util.stream.AbstractPipeline.evaluateToArrayNode(AbstractPipeline.java:260)
	at java.base/java.util.stream.ReferencePipeline.toArray(ReferencePipeline.java:517)
	at org.eclipse.lsp4e.operations.codelens.CodeLensProvider.lambda$1(CodeLensProvider.java:52)
	at java.base/java.util.concurrent.CompletableFuture$UniCompose.tryFire(CompletableFuture.java:1072)
	at java.base/java.util.concurrent.CompletableFuture$Completion.exec(CompletableFuture.java:479)
	at java.base/java.util.concurrent.ForkJoinTask.doExec(ForkJoinTask.java:290)
	at java.base/java.util.concurrent.ForkJoinPool$WorkQueue.topLevelExec(ForkJoinPool.java:1020)
	at java.base/java.util.concurrent.ForkJoinPool.scan(ForkJoinPool.java:1656)
	at java.base/java.util.concurrent.ForkJoinPool.runWorker(ForkJoinPool.java:1594)
	at java.base/java.util.concurrent.ForkJoinWorkerThread.run(ForkJoinWorkerThread.java:183)
Caused by: org.eclipse.lsp4j.jsonrpc.JsonRpcException: java.io.IOException: 파이프가 닫히는 중입니다
	at org.eclipse.lsp4j.jsonrpc.json.StreamMessageConsumer.consume(StreamMessageConsumer.java:72)
	at org.eclipse.lsp4e.LanguageServerWrapper.lambda$4(LanguageServerWrapper.java:260)
	at org.eclipse.lsp4j.jsonrpc.RemoteEndpoint.request(RemoteEndpoint.java:161)
	at org.eclipse.lsp4j.jsonrpc.services.EndpointProxy.invoke(EndpointProxy.java:91)
	at com.sun.proxy.$Proxy66.codeLens(Unknown Source)
	at org.eclipse.lsp4e.operations.codelens.CodeLensProvider.lambda$2(CodeLensProvider.java:43)
	... 15 more
Caused by: java.io.IOException: 파이프가 닫히는 중입니다
	at java.base/java.io.FileOutputStream.writeBytes(Native Method)
	at java.base/java.io.FileOutputStream.write(FileOutputStream.java:354)
	at java.base/java.io.BufferedOutputStream.flushBuffer(BufferedOutputStream.java:81)
	at java.base/java.io.BufferedOutputStream.flush(BufferedOutputStream.java:142)
	at org.eclipse.lsp4j.jsonrpc.json.StreamMessageConsumer.consume(StreamMessageConsumer.java:69)
	... 20 more

!ENTRY org.springframework.tooling.ls.eclipse.commons 1 0 2025-06-20 15:22:20.650
!MESSAGE ClasspathListenerHandler addClasspathListener sts4.classpath.almIyMkuisBatched = true

!ENTRY org.springframework.tooling.ls.eclipse.commons 1 0 2025-06-20 15:22:20.650
!MESSAGE Setting up ClasspathListenerManager

!ENTRY org.springframework.tooling.ls.eclipse.commons 1 0 2025-06-20 15:22:20.651
!MESSAGE Scheduling initial event for all projects ...

!ENTRY org.springframework.tooling.ls.eclipse.commons 1 0 2025-06-20 15:22:20.651
!MESSAGE Scheduling initial event for all projects DONE

!ENTRY org.springframework.tooling.ls.eclipse.commons 1 0 2025-06-20 15:22:20.651
!MESSAGE exists = true open = true => deleted = false

!ENTRY org.springframework.tooling.ls.eclipse.commons 1 0 2025-06-20 15:22:20.651
!MESSAGE ClasspathListenerHandler addClasspathListener sts4.classpath.almIyMku => OK

!ENTRY org.springframework.tooling.ls.eclipse.commons 1 0 2025-06-20 15:22:20.652
!MESSAGE classpath=57 entries

!ENTRY org.springframework.tooling.ls.eclipse.commons 1 0 2025-06-20 15:22:20.653
!MESSAGE buffering callback sts4.classpath.almIyMku ServiceExam false 57

!ENTRY org.springframework.tooling.ls.eclipse.commons 1 0 2025-06-20 15:22:20.653
!MESSAGE executing callback sts4.classpath.almIyMku 1 batched events

!ENTRY org.springframework.tooling.ls.eclipse.commons 1 0 2025-06-20 15:22:20.848
!MESSAGE executing callback sts4.classpath.almIyMku SUCCESS [done]

!ENTRY org.springframework.tooling.ls.eclipse.commons 1 0 2025-06-20 15:22:20.850
!MESSAGE Entering DelegatingStreamConnectionProvider()

!ENTRY org.springframework.tooling.ls.eclipse.commons 1 0 2025-06-20 15:22:20.850
!MESSAGE DelegatingStreamConnectionProvider classloader = org.eclipse.osgi.internal.loader.EquinoxClassLoader@580cb668[org.springframework.tooling.boot.ls:1.28.0.202109130547(id=1001)]

!ENTRY org.eclipse.lsp4e 4 0 2025-06-20 15:22:20.850
!MESSAGE org.eclipse.lsp4j.jsonrpc.JsonRpcException: java.io.IOException: 파이프가 닫히는 중입니다
!STACK 0
java.util.concurrent.ExecutionException: org.eclipse.lsp4j.jsonrpc.JsonRpcException: java.io.IOException: 파이프가 닫히는 중입니다
	at java.base/java.util.concurrent.CompletableFuture.reportGet(CompletableFuture.java:395)
	at java.base/java.util.concurrent.CompletableFuture.get(CompletableFuture.java:2028)
	at org.eclipse.lsp4e.LanguageServerWrapper.lambda$13(LanguageServerWrapper.java:425)
	at java.base/java.util.concurrent.CompletableFuture$AsyncRun.run(CompletableFuture.java:1736)
	at java.base/java.util.concurrent.CompletableFuture$AsyncRun.exec(CompletableFuture.java:1728)
	at java.base/java.util.concurrent.ForkJoinTask.doExec(ForkJoinTask.java:290)
	at java.base/java.util.concurrent.ForkJoinPool$WorkQueue.topLevelExec(ForkJoinPool.java:1020)
	at java.base/java.util.concurrent.ForkJoinPool.scan(ForkJoinPool.java:1656)
	at java.base/java.util.concurrent.ForkJoinPool.runWorker(ForkJoinPool.java:1594)
	at java.base/java.util.concurrent.ForkJoinWorkerThread.run(ForkJoinWorkerThread.java:183)
Caused by: org.eclipse.lsp4j.jsonrpc.JsonRpcException: java.io.IOException: 파이프가 닫히는 중입니다
	at org.eclipse.lsp4j.jsonrpc.json.StreamMessageConsumer.consume(StreamMessageConsumer.java:72)
	at org.eclipse.lsp4e.LanguageServerWrapper.lambda$4(LanguageServerWrapper.java:260)
	at org.eclipse.lsp4j.jsonrpc.RemoteEndpoint.request(RemoteEndpoint.java:161)
	at org.eclipse.lsp4j.jsonrpc.services.EndpointProxy.invoke(EndpointProxy.java:91)
	at com.sun.proxy.$Proxy68.shutdown(Unknown Source)
	at org.eclipse.lsp4e.LanguageServerWrapper.lambda$13(LanguageServerWrapper.java:423)
	... 7 more
Caused by: java.io.IOException: 파이프가 닫히는 중입니다
	at java.base/java.io.FileOutputStream.writeBytes(Native Method)
	at java.base/java.io.FileOutputStream.write(FileOutputStream.java:354)
	at java.base/java.io.BufferedOutputStream.flushBuffer(BufferedOutputStream.java:81)
	at java.base/java.io.BufferedOutputStream.flush(BufferedOutputStream.java:142)
	at org.eclipse.lsp4j.jsonrpc.json.StreamMessageConsumer.consume(StreamMessageConsumer.java:69)
	... 12 more

!ENTRY org.eclipse.lsp4e 4 0 2025-06-20 15:22:20.850
!MESSAGE org.eclipse.lsp4j.jsonrpc.JsonRpcException: java.io.IOException: 파이프가 닫히는 중입니다
!STACK 0
java.util.concurrent.ExecutionException: org.eclipse.lsp4j.jsonrpc.JsonRpcException: java.io.IOException: 파이프가 닫히는 중입니다
	at java.base/java.util.concurrent.CompletableFuture.reportGet(CompletableFuture.java:395)
	at java.base/java.util.concurrent.CompletableFuture.get(CompletableFuture.java:2028)
	at org.eclipse.lsp4e.LanguageServerWrapper.lambda$13(LanguageServerWrapper.java:425)
	at java.base/java.util.concurrent.CompletableFuture$AsyncRun.run(CompletableFuture.java:1736)
	at java.base/java.util.concurrent.CompletableFuture$AsyncRun.exec(CompletableFuture.java:1728)
	at java.base/java.util.concurrent.ForkJoinTask.doExec(ForkJoinTask.java:290)
	at java.base/java.util.concurrent.ForkJoinPool$WorkQueue.topLevelExec(ForkJoinPool.java:1020)
	at java.base/java.util.concurrent.ForkJoinPool.scan(ForkJoinPool.java:1656)
	at java.base/java.util.concurrent.ForkJoinPool.runWorker(ForkJoinPool.java:1594)
	at java.base/java.util.concurrent.ForkJoinWorkerThread.run(ForkJoinWorkerThread.java:183)
Caused by: org.eclipse.lsp4j.jsonrpc.JsonRpcException: java.io.IOException: 파이프가 닫히는 중입니다
	at org.eclipse.lsp4j.jsonrpc.json.StreamMessageConsumer.consume(StreamMessageConsumer.java:72)
	at org.eclipse.lsp4e.LanguageServerWrapper.lambda$4(LanguageServerWrapper.java:260)
	at org.eclipse.lsp4j.jsonrpc.RemoteEndpoint.request(RemoteEndpoint.java:161)
	at org.eclipse.lsp4j.jsonrpc.services.EndpointProxy.invoke(EndpointProxy.java:91)
	at com.sun.proxy.$Proxy68.shutdown(Unknown Source)
	at org.eclipse.lsp4e.LanguageServerWrapper.lambda$13(LanguageServerWrapper.java:423)
	... 7 more
Caused by: java.io.IOException: 파이프가 닫히는 중입니다
	at java.base/java.io.FileOutputStream.writeBytes(Native Method)
	at java.base/java.io.FileOutputStream.write(FileOutputStream.java:354)
	at java.base/java.io.BufferedOutputStream.flushBuffer(BufferedOutputStream.java:81)
	at java.base/java.io.BufferedOutputStream.flush(BufferedOutputStream.java:142)
	at org.eclipse.lsp4j.jsonrpc.json.StreamMessageConsumer.consume(StreamMessageConsumer.java:69)
	... 12 more

!ENTRY org.springframework.tooling.ls.eclipse.commons 1 0 2025-06-20 15:22:20.850
!MESSAGE SpringBootLanguageServer exists!

!ENTRY org.springframework.tooling.ls.eclipse.commons 1 0 2025-06-20 15:22:21.874
!MESSAGE Boot LS startup time from start to initialized: 1024ms

!ENTRY org.eclipse.jface.text 4 0 2025-06-20 15:22:21.911
!MESSAGE org.eclipse.lsp4j.jsonrpc.JsonRpcException: java.io.IOException: 파이프가 닫히는 중입니다
!STACK 0
java.util.concurrent.CompletionException: org.eclipse.lsp4j.jsonrpc.JsonRpcException: java.io.IOException: 파이프가 닫히는 중입니다
	at java.base/java.util.concurrent.CompletableFuture.encodeThrowable(CompletableFuture.java:331)
	at java.base/java.util.concurrent.CompletableFuture.uniAcceptNow(CompletableFuture.java:743)
	at java.base/java.util.concurrent.CompletableFuture.uniAcceptStage(CompletableFuture.java:731)
	at java.base/java.util.concurrent.CompletableFuture.thenAcceptAsync(CompletableFuture.java:2118)
	at org.eclipse.lsp4e.operations.codelens.CodeLensProvider.lambda$2(CodeLensProvider.java:44)
	at java.base/java.util.stream.ReferencePipeline$3$1.accept(ReferencePipeline.java:195)
	at java.base/java.util.ArrayList$ArrayListSpliterator.forEachRemaining(ArrayList.java:1655)
	at java.base/java.util.stream.AbstractPipeline.copyInto(AbstractPipeline.java:484)
	at java.base/java.util.stream.AbstractPipeline.wrapAndCopyInto(AbstractPipeline.java:474)
	at java.base/java.util.stream.AbstractPipeline.evaluate(AbstractPipeline.java:550)
	at java.base/java.util.stream.AbstractPipeline.evaluateToArrayNode(AbstractPipeline.java:260)
	at java.base/java.util.stream.ReferencePipeline.toArray(ReferencePipeline.java:517)
	at org.eclipse.lsp4e.operations.codelens.CodeLensProvider.lambda$1(CodeLensProvider.java:52)
	at java.base/java.util.concurrent.CompletableFuture$UniCompose.tryFire(CompletableFuture.java:1072)
	at java.base/java.util.concurrent.CompletableFuture$Completion.exec(CompletableFuture.java:479)
	at java.base/java.util.concurrent.ForkJoinTask.doExec(ForkJoinTask.java:290)
	at java.base/java.util.concurrent.ForkJoinPool$WorkQueue.topLevelExec(ForkJoinPool.java:1020)
	at java.base/java.util.concurrent.ForkJoinPool.scan(ForkJoinPool.java:1656)
	at java.base/java.util.concurrent.ForkJoinPool.runWorker(ForkJoinPool.java:1594)
	at java.base/java.util.concurrent.ForkJoinWorkerThread.run(ForkJoinWorkerThread.java:183)
Caused by: org.eclipse.lsp4j.jsonrpc.JsonRpcException: java.io.IOException: 파이프가 닫히는 중입니다
	at org.eclipse.lsp4j.jsonrpc.json.StreamMessageConsumer.consume(StreamMessageConsumer.java:72)
	at org.eclipse.lsp4e.LanguageServerWrapper.lambda$4(LanguageServerWrapper.java:260)
	at org.eclipse.lsp4j.jsonrpc.RemoteEndpoint.request(RemoteEndpoint.java:161)
	at org.eclipse.lsp4j.jsonrpc.services.EndpointProxy.invoke(EndpointProxy.java:91)
	at com.sun.proxy.$Proxy66.codeLens(Unknown Source)
	at org.eclipse.lsp4e.operations.codelens.CodeLensProvider.lambda$2(CodeLensProvider.java:43)
	... 15 more
Caused by: java.io.IOException: 파이프가 닫히는 중입니다
	at java.base/java.io.FileOutputStream.writeBytes(Native Method)
	at java.base/java.io.FileOutputStream.write(FileOutputStream.java:354)
	at java.base/java.io.BufferedOutputStream.flushBuffer(BufferedOutputStream.java:81)
	at java.base/java.io.BufferedOutputStream.flush(BufferedOutputStream.java:142)
	at org.eclipse.lsp4j.jsonrpc.json.StreamMessageConsumer.consume(StreamMessageConsumer.java:69)
	... 20 more

!ENTRY org.eclipse.jface.text 4 0 2025-06-20 15:22:21.912
!MESSAGE org.eclipse.lsp4j.jsonrpc.JsonRpcException: java.io.IOException: 파이프가 닫히는 중입니다
!STACK 0
java.util.concurrent.CompletionException: org.eclipse.lsp4j.jsonrpc.JsonRpcException: java.io.IOException: 파이프가 닫히는 중입니다
	at java.base/java.util.concurrent.CompletableFuture.encodeThrowable(CompletableFuture.java:331)
	at java.base/java.util.concurrent.CompletableFuture.uniAcceptNow(CompletableFuture.java:743)
	at java.base/java.util.concurrent.CompletableFuture.uniAcceptStage(CompletableFuture.java:731)
	at java.base/java.util.concurrent.CompletableFuture.thenAcceptAsync(CompletableFuture.java:2118)
	at org.eclipse.lsp4e.operations.codelens.CodeLensProvider.lambda$2(CodeLensProvider.java:44)
	at java.base/java.util.stream.ReferencePipeline$3$1.accept(ReferencePipeline.java:195)
	at java.base/java.util.ArrayList$ArrayListSpliterator.forEachRemaining(ArrayList.java:1655)
	at java.base/java.util.stream.AbstractPipeline.copyInto(AbstractPipeline.java:484)
	at java.base/java.util.stream.AbstractPipeline.wrapAndCopyInto(AbstractPipeline.java:474)
	at java.base/java.util.stream.AbstractPipeline.evaluate(AbstractPipeline.java:550)
	at java.base/java.util.stream.AbstractPipeline.evaluateToArrayNode(AbstractPipeline.java:260)
	at java.base/java.util.stream.ReferencePipeline.toArray(ReferencePipeline.java:517)
	at org.eclipse.lsp4e.operations.codelens.CodeLensProvider.lambda$1(CodeLensProvider.java:52)
	at java.base/java.util.concurrent.CompletableFuture$UniCompose.tryFire(CompletableFuture.java:1072)
	at java.base/java.util.concurrent.CompletableFuture$Completion.exec(CompletableFuture.java:479)
	at java.base/java.util.concurrent.ForkJoinTask.doExec(ForkJoinTask.java:290)
	at java.base/java.util.concurrent.ForkJoinPool$WorkQueue.topLevelExec(ForkJoinPool.java:1020)
	at java.base/java.util.concurrent.ForkJoinPool.scan(ForkJoinPool.java:1656)
	at java.base/java.util.concurrent.ForkJoinPool.runWorker(ForkJoinPool.java:1594)
	at java.base/java.util.concurrent.ForkJoinWorkerThread.run(ForkJoinWorkerThread.java:183)
Caused by: org.eclipse.lsp4j.jsonrpc.JsonRpcException: java.io.IOException: 파이프가 닫히는 중입니다
	at org.eclipse.lsp4j.jsonrpc.json.StreamMessageConsumer.consume(StreamMessageConsumer.java:72)
	at org.eclipse.lsp4e.LanguageServerWrapper.lambda$4(LanguageServerWrapper.java:260)
	at org.eclipse.lsp4j.jsonrpc.RemoteEndpoint.request(RemoteEndpoint.java:161)
	at org.eclipse.lsp4j.jsonrpc.services.EndpointProxy.invoke(EndpointProxy.java:91)
	at com.sun.proxy.$Proxy66.codeLens(Unknown Source)
	at org.eclipse.lsp4e.operations.codelens.CodeLensProvider.lambda$2(CodeLensProvider.java:43)
	... 15 more
Caused by: java.io.IOException: 파이프가 닫히는 중입니다
	at java.base/java.io.FileOutputStream.writeBytes(Native Method)
	at java.base/java.io.FileOutputStream.write(FileOutputStream.java:354)
	at java.base/java.io.BufferedOutputStream.flushBuffer(BufferedOutputStream.java:81)
	at java.base/java.io.BufferedOutputStream.flush(BufferedOutputStream.java:142)
	at org.eclipse.lsp4j.jsonrpc.json.StreamMessageConsumer.consume(StreamMessageConsumer.java:69)
	... 20 more

!ENTRY org.eclipse.jface.text 4 0 2025-06-20 15:22:21.912
!MESSAGE org.eclipse.lsp4j.jsonrpc.JsonRpcException: java.io.IOException: 파이프가 닫히는 중입니다
!STACK 0
java.util.concurrent.CompletionException: org.eclipse.lsp4j.jsonrpc.JsonRpcException: java.io.IOException: 파이프가 닫히는 중입니다
	at java.base/java.util.concurrent.CompletableFuture.encodeThrowable(CompletableFuture.java:331)
	at java.base/java.util.concurrent.CompletableFuture.uniAcceptNow(CompletableFuture.java:743)
	at java.base/java.util.concurrent.CompletableFuture.uniAcceptStage(CompletableFuture.java:731)
	at java.base/java.util.concurrent.CompletableFuture.thenAcceptAsync(CompletableFuture.java:2118)
	at org.eclipse.lsp4e.operations.codelens.CodeLensProvider.lambda$2(CodeLensProvider.java:44)
	at java.base/java.util.stream.ReferencePipeline$3$1.accept(ReferencePipeline.java:195)
	at java.base/java.util.ArrayList$ArrayListSpliterator.forEachRemaining(ArrayList.java:1655)
	at java.base/java.util.stream.AbstractPipeline.copyInto(AbstractPipeline.java:484)
	at java.base/java.util.stream.AbstractPipeline.wrapAndCopyInto(AbstractPipeline.java:474)
	at java.base/java.util.stream.AbstractPipeline.evaluate(AbstractPipeline.java:550)
	at java.base/java.util.stream.AbstractPipeline.evaluateToArrayNode(AbstractPipeline.java:260)
	at java.base/java.util.stream.ReferencePipeline.toArray(ReferencePipeline.java:517)
	at org.eclipse.lsp4e.operations.codelens.CodeLensProvider.lambda$1(CodeLensProvider.java:52)
	at java.base/java.util.concurrent.CompletableFuture$UniCompose.tryFire(CompletableFuture.java:1072)
	at java.base/java.util.concurrent.CompletableFuture$Completion.exec(CompletableFuture.java:479)
	at java.base/java.util.concurrent.ForkJoinTask.doExec(ForkJoinTask.java:290)
	at java.base/java.util.concurrent.ForkJoinPool$WorkQueue.topLevelExec(ForkJoinPool.java:1020)
	at java.base/java.util.concurrent.ForkJoinPool.scan(ForkJoinPool.java:1656)
	at java.base/java.util.concurrent.ForkJoinPool.runWorker(ForkJoinPool.java:1594)
	at java.base/java.util.concurrent.ForkJoinWorkerThread.run(ForkJoinWorkerThread.java:183)
Caused by: org.eclipse.lsp4j.jsonrpc.JsonRpcException: java.io.IOException: 파이프가 닫히는 중입니다
	at org.eclipse.lsp4j.jsonrpc.json.StreamMessageConsumer.consume(StreamMessageConsumer.java:72)
	at org.eclipse.lsp4e.LanguageServerWrapper.lambda$4(LanguageServerWrapper.java:260)
	at org.eclipse.lsp4j.jsonrpc.RemoteEndpoint.request(RemoteEndpoint.java:161)
	at org.eclipse.lsp4j.jsonrpc.services.EndpointProxy.invoke(EndpointProxy.java:91)
	at com.sun.proxy.$Proxy66.codeLens(Unknown Source)
	at org.eclipse.lsp4e.operations.codelens.CodeLensProvider.lambda$2(CodeLensProvider.java:43)
	... 15 more
Caused by: java.io.IOException: 파이프가 닫히는 중입니다
	at java.base/java.io.FileOutputStream.writeBytes(Native Method)
	at java.base/java.io.FileOutputStream.write(FileOutputStream.java:354)
	at java.base/java.io.BufferedOutputStream.flushBuffer(BufferedOutputStream.java:81)
	at java.base/java.io.BufferedOutputStream.flush(BufferedOutputStream.java:142)
	at org.eclipse.lsp4j.jsonrpc.json.StreamMessageConsumer.consume(StreamMessageConsumer.java:69)
	... 20 more

!ENTRY org.eclipse.jface.text 4 0 2025-06-20 15:22:21.913
!MESSAGE org.eclipse.lsp4j.jsonrpc.JsonRpcException: java.io.IOException: 파이프가 닫히는 중입니다
!STACK 0
java.util.concurrent.CompletionException: org.eclipse.lsp4j.jsonrpc.JsonRpcException: java.io.IOException: 파이프가 닫히는 중입니다
	at java.base/java.util.concurrent.CompletableFuture.encodeThrowable(CompletableFuture.java:331)
	at java.base/java.util.concurrent.CompletableFuture.uniAcceptNow(CompletableFuture.java:743)
	at java.base/java.util.concurrent.CompletableFuture.uniAcceptStage(CompletableFuture.java:731)
	at java.base/java.util.concurrent.CompletableFuture.thenAcceptAsync(CompletableFuture.java:2118)
	at org.eclipse.lsp4e.operations.codelens.CodeLensProvider.lambda$2(CodeLensProvider.java:44)
	at java.base/java.util.stream.ReferencePipeline$3$1.accept(ReferencePipeline.java:195)
	at java.base/java.util.ArrayList$ArrayListSpliterator.forEachRemaining(ArrayList.java:1655)
	at java.base/java.util.stream.AbstractPipeline.copyInto(AbstractPipeline.java:484)
	at java.base/java.util.stream.AbstractPipeline.wrapAndCopyInto(AbstractPipeline.java:474)
	at java.base/java.util.stream.AbstractPipeline.evaluate(AbstractPipeline.java:550)
	at java.base/java.util.stream.AbstractPipeline.evaluateToArrayNode(AbstractPipeline.java:260)
	at java.base/java.util.stream.ReferencePipeline.toArray(ReferencePipeline.java:517)
	at org.eclipse.lsp4e.operations.codelens.CodeLensProvider.lambda$1(CodeLensProvider.java:52)
	at java.base/java.util.concurrent.CompletableFuture$UniCompose.tryFire(CompletableFuture.java:1072)
	at java.base/java.util.concurrent.CompletableFuture$Completion.exec(CompletableFuture.java:479)
	at java.base/java.util.concurrent.ForkJoinTask.doExec(ForkJoinTask.java:290)
	at java.base/java.util.concurrent.ForkJoinPool$WorkQueue.topLevelExec(ForkJoinPool.java:1020)
	at java.base/java.util.concurrent.ForkJoinPool.scan(ForkJoinPool.java:1656)
	at java.base/java.util.concurrent.ForkJoinPool.runWorker(ForkJoinPool.java:1594)
	at java.base/java.util.concurrent.ForkJoinWorkerThread.run(ForkJoinWorkerThread.java:183)
Caused by: org.eclipse.lsp4j.jsonrpc.JsonRpcException: java.io.IOException: 파이프가 닫히는 중입니다
	at org.eclipse.lsp4j.jsonrpc.json.StreamMessageConsumer.consume(StreamMessageConsumer.java:72)
	at org.eclipse.lsp4e.LanguageServerWrapper.lambda$4(LanguageServerWrapper.java:260)
	at org.eclipse.lsp4j.jsonrpc.RemoteEndpoint.request(RemoteEndpoint.java:161)
	at org.eclipse.lsp4j.jsonrpc.services.EndpointProxy.invoke(EndpointProxy.java:91)
	at com.sun.proxy.$Proxy66.codeLens(Unknown Source)
	at org.eclipse.lsp4e.operations.codelens.CodeLensProvider.lambda$2(CodeLensProvider.java:43)
	... 15 more
Caused by: java.io.IOException: 파이프가 닫히는 중입니다
	at java.base/java.io.FileOutputStream.writeBytes(Native Method)
	at java.base/java.io.FileOutputStream.write(FileOutputStream.java:354)
	at java.base/java.io.BufferedOutputStream.flushBuffer(BufferedOutputStream.java:81)
	at java.base/java.io.BufferedOutputStream.flush(BufferedOutputStream.java:142)
	at org.eclipse.lsp4j.jsonrpc.json.StreamMessageConsumer.consume(StreamMessageConsumer.java:69)
	... 20 more

!ENTRY org.springframework.tooling.ls.eclipse.commons 1 0 2025-06-20 15:22:21.939
!MESSAGE ClasspathListenerHandler addClasspathListener sts4.classpath.hNFNKBLYisBatched = true

!ENTRY org.springframework.tooling.ls.eclipse.commons 1 0 2025-06-20 15:22:21.939
!MESSAGE Setting up ClasspathListenerManager

!ENTRY org.springframework.tooling.ls.eclipse.commons 1 0 2025-06-20 15:22:21.939
!MESSAGE Scheduling initial event for all projects ...

!ENTRY org.springframework.tooling.ls.eclipse.commons 1 0 2025-06-20 15:22:21.939
!MESSAGE Scheduling initial event for all projects DONE

!ENTRY org.springframework.tooling.ls.eclipse.commons 1 0 2025-06-20 15:22:21.939
!MESSAGE exists = true open = true => deleted = false

!ENTRY org.springframework.tooling.ls.eclipse.commons 1 0 2025-06-20 15:22:21.939
!MESSAGE ClasspathListenerHandler addClasspathListener sts4.classpath.hNFNKBLY => OK

!ENTRY org.springframework.tooling.ls.eclipse.commons 1 0 2025-06-20 15:22:21.940
!MESSAGE classpath=57 entries

!ENTRY org.springframework.tooling.ls.eclipse.commons 1 0 2025-06-20 15:22:21.941
!MESSAGE buffering callback sts4.classpath.hNFNKBLY ServiceExam false 57

!ENTRY org.springframework.tooling.ls.eclipse.commons 1 0 2025-06-20 15:22:21.941
!MESSAGE executing callback sts4.classpath.hNFNKBLY 1 batched events

!ENTRY org.springframework.tooling.ls.eclipse.commons 1 0 2025-06-20 15:22:22.142
!MESSAGE executing callback sts4.classpath.hNFNKBLY SUCCESS [done]

!ENTRY org.springframework.tooling.ls.eclipse.commons 1 0 2025-06-20 15:22:22.142
!MESSAGE Entering DelegatingStreamConnectionProvider()

!ENTRY org.eclipse.lsp4e 4 0 2025-06-20 15:22:22.143
!MESSAGE org.eclipse.lsp4j.jsonrpc.JsonRpcException: java.io.IOException: 파이프가 닫히는 중입니다
!STACK 0
java.util.concurrent.ExecutionException: org.eclipse.lsp4j.jsonrpc.JsonRpcException: java.io.IOException: 파이프가 닫히는 중입니다
	at java.base/java.util.concurrent.CompletableFuture.reportGet(CompletableFuture.java:395)
	at java.base/java.util.concurrent.CompletableFuture.get(CompletableFuture.java:2028)
	at org.eclipse.lsp4e.LanguageServerWrapper.lambda$13(LanguageServerWrapper.java:425)
	at java.base/java.util.concurrent.CompletableFuture$AsyncRun.run(CompletableFuture.java:1736)
	at java.base/java.util.concurrent.CompletableFuture$AsyncRun.exec(CompletableFuture.java:1728)
	at java.base/java.util.concurrent.ForkJoinTask.doExec(ForkJoinTask.java:290)
	at java.base/java.util.concurrent.ForkJoinPool$WorkQueue.topLevelExec(ForkJoinPool.java:1020)
	at java.base/java.util.concurrent.ForkJoinPool.scan(ForkJoinPool.java:1656)
	at java.base/java.util.concurrent.ForkJoinPool.runWorker(ForkJoinPool.java:1594)
	at java.base/java.util.concurrent.ForkJoinWorkerThread.run(ForkJoinWorkerThread.java:183)
Caused by: org.eclipse.lsp4j.jsonrpc.JsonRpcException: java.io.IOException: 파이프가 닫히는 중입니다
	at org.eclipse.lsp4j.jsonrpc.json.StreamMessageConsumer.consume(StreamMessageConsumer.java:72)
	at org.eclipse.lsp4e.LanguageServerWrapper.lambda$4(LanguageServerWrapper.java:260)
	at org.eclipse.lsp4j.jsonrpc.RemoteEndpoint.request(RemoteEndpoint.java:161)
	at org.eclipse.lsp4j.jsonrpc.services.EndpointProxy.invoke(EndpointProxy.java:91)
	at com.sun.proxy.$Proxy68.shutdown(Unknown Source)
	at org.eclipse.lsp4e.LanguageServerWrapper.lambda$13(LanguageServerWrapper.java:423)
	... 7 more
Caused by: java.io.IOException: 파이프가 닫히는 중입니다
	at java.base/java.io.FileOutputStream.writeBytes(Native Method)
	at java.base/java.io.FileOutputStream.write(FileOutputStream.java:354)
	at java.base/java.io.BufferedOutputStream.flushBuffer(BufferedOutputStream.java:81)
	at java.base/java.io.BufferedOutputStream.flush(BufferedOutputStream.java:142)
	at org.eclipse.lsp4j.jsonrpc.json.StreamMessageConsumer.consume(StreamMessageConsumer.java:69)
	... 12 more

!ENTRY org.eclipse.lsp4e 4 0 2025-06-20 15:22:22.143
!MESSAGE org.eclipse.lsp4j.jsonrpc.JsonRpcException: java.io.IOException: 파이프가 닫히는 중입니다
!STACK 0
java.util.concurrent.ExecutionException: org.eclipse.lsp4j.jsonrpc.JsonRpcException: java.io.IOException: 파이프가 닫히는 중입니다
	at java.base/java.util.concurrent.CompletableFuture.reportGet(CompletableFuture.java:395)
	at java.base/java.util.concurrent.CompletableFuture.get(CompletableFuture.java:2028)
	at org.eclipse.lsp4e.LanguageServerWrapper.lambda$13(LanguageServerWrapper.java:425)
	at java.base/java.util.concurrent.CompletableFuture$AsyncRun.run(CompletableFuture.java:1736)
	at java.base/java.util.concurrent.CompletableFuture$AsyncRun.exec(CompletableFuture.java:1728)
	at java.base/java.util.concurrent.ForkJoinTask.doExec(ForkJoinTask.java:290)
	at java.base/java.util.concurrent.ForkJoinPool$WorkQueue.topLevelExec(ForkJoinPool.java:1020)
	at java.base/java.util.concurrent.ForkJoinPool.scan(ForkJoinPool.java:1656)
	at java.base/java.util.concurrent.ForkJoinPool.runWorker(ForkJoinPool.java:1594)
	at java.base/java.util.concurrent.ForkJoinWorkerThread.run(ForkJoinWorkerThread.java:183)
Caused by: org.eclipse.lsp4j.jsonrpc.JsonRpcException: java.io.IOException: 파이프가 닫히는 중입니다
	at org.eclipse.lsp4j.jsonrpc.json.StreamMessageConsumer.consume(StreamMessageConsumer.java:72)
	at org.eclipse.lsp4e.LanguageServerWrapper.lambda$4(LanguageServerWrapper.java:260)
	at org.eclipse.lsp4j.jsonrpc.RemoteEndpoint.request(RemoteEndpoint.java:161)
	at org.eclipse.lsp4j.jsonrpc.services.EndpointProxy.invoke(EndpointProxy.java:91)
	at com.sun.proxy.$Proxy68.shutdown(Unknown Source)
	at org.eclipse.lsp4e.LanguageServerWrapper.lambda$13(LanguageServerWrapper.java:423)
	... 7 more
Caused by: java.io.IOException: 파이프가 닫히는 중입니다
	at java.base/java.io.FileOutputStream.writeBytes(Native Method)
	at java.base/java.io.FileOutputStream.write(FileOutputStream.java:354)
	at java.base/java.io.BufferedOutputStream.flushBuffer(BufferedOutputStream.java:81)
	at java.base/java.io.BufferedOutputStream.flush(BufferedOutputStream.java:142)
	at org.eclipse.lsp4j.jsonrpc.json.StreamMessageConsumer.consume(StreamMessageConsumer.java:69)
	... 12 more

!ENTRY org.springframework.tooling.ls.eclipse.commons 1 0 2025-06-20 15:22:22.143
!MESSAGE DelegatingStreamConnectionProvider classloader = org.eclipse.osgi.internal.loader.EquinoxClassLoader@580cb668[org.springframework.tooling.boot.ls:1.28.0.202109130547(id=1001)]

!ENTRY org.springframework.tooling.ls.eclipse.commons 1 0 2025-06-20 15:22:22.143
!MESSAGE SpringBootLanguageServer exists!

!ENTRY org.springframework.tooling.ls.eclipse.commons 1 0 2025-06-20 15:22:23.174
!MESSAGE Boot LS startup time from start to initialized: 1030ms

!ENTRY org.eclipse.jface.text 4 0 2025-06-20 15:22:23.203
!MESSAGE org.eclipse.lsp4j.jsonrpc.JsonRpcException: java.io.IOException: 파이프가 닫히는 중입니다
!STACK 0
java.util.concurrent.CompletionException: org.eclipse.lsp4j.jsonrpc.JsonRpcException: java.io.IOException: 파이프가 닫히는 중입니다
	at java.base/java.util.concurrent.CompletableFuture.encodeThrowable(CompletableFuture.java:331)
	at java.base/java.util.concurrent.CompletableFuture.uniAcceptNow(CompletableFuture.java:743)
	at java.base/java.util.concurrent.CompletableFuture.uniAcceptStage(CompletableFuture.java:731)
	at java.base/java.util.concurrent.CompletableFuture.thenAcceptAsync(CompletableFuture.java:2118)
	at org.eclipse.lsp4e.operations.codelens.CodeLensProvider.lambda$2(CodeLensProvider.java:44)
	at java.base/java.util.stream.ReferencePipeline$3$1.accept(ReferencePipeline.java:195)
	at java.base/java.util.ArrayList$ArrayListSpliterator.forEachRemaining(ArrayList.java:1655)
	at java.base/java.util.stream.AbstractPipeline.copyInto(AbstractPipeline.java:484)
	at java.base/java.util.stream.AbstractPipeline.wrapAndCopyInto(AbstractPipeline.java:474)
	at java.base/java.util.stream.AbstractPipeline.evaluate(AbstractPipeline.java:550)
	at java.base/java.util.stream.AbstractPipeline.evaluateToArrayNode(AbstractPipeline.java:260)
	at java.base/java.util.stream.ReferencePipeline.toArray(ReferencePipeline.java:517)
	at org.eclipse.lsp4e.operations.codelens.CodeLensProvider.lambda$1(CodeLensProvider.java:52)
	at java.base/java.util.concurrent.CompletableFuture$UniCompose.tryFire(CompletableFuture.java:1072)
	at java.base/java.util.concurrent.CompletableFuture$Completion.exec(CompletableFuture.java:479)
	at java.base/java.util.concurrent.ForkJoinTask.doExec(ForkJoinTask.java:290)
	at java.base/java.util.concurrent.ForkJoinPool$WorkQueue.topLevelExec(ForkJoinPool.java:1020)
	at java.base/java.util.concurrent.ForkJoinPool.scan(ForkJoinPool.java:1656)
	at java.base/java.util.concurrent.ForkJoinPool.runWorker(ForkJoinPool.java:1594)
	at java.base/java.util.concurrent.ForkJoinWorkerThread.run(ForkJoinWorkerThread.java:183)
Caused by: org.eclipse.lsp4j.jsonrpc.JsonRpcException: java.io.IOException: 파이프가 닫히는 중입니다
	at org.eclipse.lsp4j.jsonrpc.json.StreamMessageConsumer.consume(StreamMessageConsumer.java:72)
	at org.eclipse.lsp4e.LanguageServerWrapper.lambda$4(LanguageServerWrapper.java:260)
	at org.eclipse.lsp4j.jsonrpc.RemoteEndpoint.request(RemoteEndpoint.java:161)
	at org.eclipse.lsp4j.jsonrpc.services.EndpointProxy.invoke(EndpointProxy.java:91)
	at com.sun.proxy.$Proxy66.codeLens(Unknown Source)
	at org.eclipse.lsp4e.operations.codelens.CodeLensProvider.lambda$2(CodeLensProvider.java:43)
	... 15 more
Caused by: java.io.IOException: 파이프가 닫히는 중입니다
	at java.base/java.io.FileOutputStream.writeBytes(Native Method)
	at java.base/java.io.FileOutputStream.write(FileOutputStream.java:354)
	at java.base/java.io.BufferedOutputStream.flushBuffer(BufferedOutputStream.java:81)
	at java.base/java.io.BufferedOutputStream.flush(BufferedOutputStream.java:142)
	at org.eclipse.lsp4j.jsonrpc.json.StreamMessageConsumer.consume(StreamMessageConsumer.java:69)
	... 20 more

!ENTRY org.eclipse.jface.text 4 0 2025-06-20 15:22:23.205
!MESSAGE org.eclipse.lsp4j.jsonrpc.JsonRpcException: java.io.IOException: 파이프가 닫히는 중입니다
!STACK 0
java.util.concurrent.CompletionException: org.eclipse.lsp4j.jsonrpc.JsonRpcException: java.io.IOException: 파이프가 닫히는 중입니다
	at java.base/java.util.concurrent.CompletableFuture.encodeThrowable(CompletableFuture.java:331)
	at java.base/java.util.concurrent.CompletableFuture.uniAcceptNow(CompletableFuture.java:743)
	at java.base/java.util.concurrent.CompletableFuture.uniAcceptStage(CompletableFuture.java:731)
	at java.base/java.util.concurrent.CompletableFuture.thenAcceptAsync(CompletableFuture.java:2118)
	at org.eclipse.lsp4e.operations.codelens.CodeLensProvider.lambda$2(CodeLensProvider.java:44)
	at java.base/java.util.stream.ReferencePipeline$3$1.accept(ReferencePipeline.java:195)
	at java.base/java.util.ArrayList$ArrayListSpliterator.forEachRemaining(ArrayList.java:1655)
	at java.base/java.util.stream.AbstractPipeline.copyInto(AbstractPipeline.java:484)
	at java.base/java.util.stream.AbstractPipeline.wrapAndCopyInto(AbstractPipeline.java:474)
	at java.base/java.util.stream.AbstractPipeline.evaluate(AbstractPipeline.java:550)
	at java.base/java.util.stream.AbstractPipeline.evaluateToArrayNode(AbstractPipeline.java:260)
	at java.base/java.util.stream.ReferencePipeline.toArray(ReferencePipeline.java:517)
	at org.eclipse.lsp4e.operations.codelens.CodeLensProvider.lambda$1(CodeLensProvider.java:52)
	at java.base/java.util.concurrent.CompletableFuture$UniCompose.tryFire(CompletableFuture.java:1072)
	at java.base/java.util.concurrent.CompletableFuture$Completion.exec(CompletableFuture.java:479)
	at java.base/java.util.concurrent.ForkJoinTask.doExec(ForkJoinTask.java:290)
	at java.base/java.util.concurrent.ForkJoinPool$WorkQueue.topLevelExec(ForkJoinPool.java:1020)
	at java.base/java.util.concurrent.ForkJoinPool.scan(ForkJoinPool.java:1656)
	at java.base/java.util.concurrent.ForkJoinPool.runWorker(ForkJoinPool.java:1594)
	at java.base/java.util.concurrent.ForkJoinWorkerThread.run(ForkJoinWorkerThread.java:183)
Caused by: org.eclipse.lsp4j.jsonrpc.JsonRpcException: java.io.IOException: 파이프가 닫히는 중입니다
	at org.eclipse.lsp4j.jsonrpc.json.StreamMessageConsumer.consume(StreamMessageConsumer.java:72)
	at org.eclipse.lsp4e.LanguageServerWrapper.lambda$4(LanguageServerWrapper.java:260)
	at org.eclipse.lsp4j.jsonrpc.RemoteEndpoint.request(RemoteEndpoint.java:161)
	at org.eclipse.lsp4j.jsonrpc.services.EndpointProxy.invoke(EndpointProxy.java:91)
	at com.sun.proxy.$Proxy66.codeLens(Unknown Source)
	at org.eclipse.lsp4e.operations.codelens.CodeLensProvider.lambda$2(CodeLensProvider.java:43)
	... 15 more
Caused by: java.io.IOException: 파이프가 닫히는 중입니다
	at java.base/java.io.FileOutputStream.writeBytes(Native Method)
	at java.base/java.io.FileOutputStream.write(FileOutputStream.java:354)
	at java.base/java.io.BufferedOutputStream.flushBuffer(BufferedOutputStream.java:81)
	at java.base/java.io.BufferedOutputStream.flush(BufferedOutputStream.java:142)
	at org.eclipse.lsp4j.jsonrpc.json.StreamMessageConsumer.consume(StreamMessageConsumer.java:69)
	... 20 more

!ENTRY org.eclipse.jface.text 4 0 2025-06-20 15:22:23.205
!MESSAGE org.eclipse.lsp4j.jsonrpc.JsonRpcException: java.io.IOException: 파이프가 닫히는 중입니다
!STACK 0
java.util.concurrent.CompletionException: org.eclipse.lsp4j.jsonrpc.JsonRpcException: java.io.IOException: 파이프가 닫히는 중입니다
	at java.base/java.util.concurrent.CompletableFuture.encodeThrowable(CompletableFuture.java:331)
	at java.base/java.util.concurrent.CompletableFuture.uniAcceptNow(CompletableFuture.java:743)
	at java.base/java.util.concurrent.CompletableFuture.uniAcceptStage(CompletableFuture.java:731)
	at java.base/java.util.concurrent.CompletableFuture.thenAcceptAsync(CompletableFuture.java:2118)
	at org.eclipse.lsp4e.operations.codelens.CodeLensProvider.lambda$2(CodeLensProvider.java:44)
	at java.base/java.util.stream.ReferencePipeline$3$1.accept(ReferencePipeline.java:195)
	at java.base/java.util.ArrayList$ArrayListSpliterator.forEachRemaining(ArrayList.java:1655)
	at java.base/java.util.stream.AbstractPipeline.copyInto(AbstractPipeline.java:484)
	at java.base/java.util.stream.AbstractPipeline.wrapAndCopyInto(AbstractPipeline.java:474)
	at java.base/java.util.stream.AbstractPipeline.evaluate(AbstractPipeline.java:550)
	at java.base/java.util.stream.AbstractPipeline.evaluateToArrayNode(AbstractPipeline.java:260)
	at java.base/java.util.stream.ReferencePipeline.toArray(ReferencePipeline.java:517)
	at org.eclipse.lsp4e.operations.codelens.CodeLensProvider.lambda$1(CodeLensProvider.java:52)
	at java.base/java.util.concurrent.CompletableFuture$UniCompose.tryFire(CompletableFuture.java:1072)
	at java.base/java.util.concurrent.CompletableFuture$Completion.exec(CompletableFuture.java:479)
	at java.base/java.util.concurrent.ForkJoinTask.doExec(ForkJoinTask.java:290)
	at java.base/java.util.concurrent.ForkJoinPool$WorkQueue.topLevelExec(ForkJoinPool.java:1020)
	at java.base/java.util.concurrent.ForkJoinPool.scan(ForkJoinPool.java:1656)
	at java.base/java.util.concurrent.ForkJoinPool.runWorker(ForkJoinPool.java:1594)
	at java.base/java.util.concurrent.ForkJoinWorkerThread.run(ForkJoinWorkerThread.java:183)
Caused by: org.eclipse.lsp4j.jsonrpc.JsonRpcException: java.io.IOException: 파이프가 닫히는 중입니다
	at org.eclipse.lsp4j.jsonrpc.json.StreamMessageConsumer.consume(StreamMessageConsumer.java:72)
	at org.eclipse.lsp4e.LanguageServerWrapper.lambda$4(LanguageServerWrapper.java:260)
	at org.eclipse.lsp4j.jsonrpc.RemoteEndpoint.request(RemoteEndpoint.java:161)
	at org.eclipse.lsp4j.jsonrpc.services.EndpointProxy.invoke(EndpointProxy.java:91)
	at com.sun.proxy.$Proxy66.codeLens(Unknown Source)
	at org.eclipse.lsp4e.operations.codelens.CodeLensProvider.lambda$2(CodeLensProvider.java:43)
	... 15 more
Caused by: java.io.IOException: 파이프가 닫히는 중입니다
	at java.base/java.io.FileOutputStream.writeBytes(Native Method)
	at java.base/java.io.FileOutputStream.write(FileOutputStream.java:354)
	at java.base/java.io.BufferedOutputStream.flushBuffer(BufferedOutputStream.java:81)
	at java.base/java.io.BufferedOutputStream.flush(BufferedOutputStream.java:142)
	at org.eclipse.lsp4j.jsonrpc.json.StreamMessageConsumer.consume(StreamMessageConsumer.java:69)
	... 20 more

!ENTRY org.eclipse.jface.text 4 0 2025-06-20 15:22:23.205
!MESSAGE org.eclipse.lsp4j.jsonrpc.JsonRpcException: java.io.IOException: 파이프가 닫히는 중입니다
!STACK 0
java.util.concurrent.CompletionException: org.eclipse.lsp4j.jsonrpc.JsonRpcException: java.io.IOException: 파이프가 닫히는 중입니다
	at java.base/java.util.concurrent.CompletableFuture.encodeThrowable(CompletableFuture.java:331)
	at java.base/java.util.concurrent.CompletableFuture.uniAcceptNow(CompletableFuture.java:743)
	at java.base/java.util.concurrent.CompletableFuture.uniAcceptStage(CompletableFuture.java:731)
	at java.base/java.util.concurrent.CompletableFuture.thenAcceptAsync(CompletableFuture.java:2118)
	at org.eclipse.lsp4e.operations.codelens.CodeLensProvider.lambda$2(CodeLensProvider.java:44)
	at java.base/java.util.stream.ReferencePipeline$3$1.accept(ReferencePipeline.java:195)
	at java.base/java.util.ArrayList$ArrayListSpliterator.forEachRemaining(ArrayList.java:1655)
	at java.base/java.util.stream.AbstractPipeline.copyInto(AbstractPipeline.java:484)
	at java.base/java.util.stream.AbstractPipeline.wrapAndCopyInto(AbstractPipeline.java:474)
	at java.base/java.util.stream.AbstractPipeline.evaluate(AbstractPipeline.java:550)
	at java.base/java.util.stream.AbstractPipeline.evaluateToArrayNode(AbstractPipeline.java:260)
	at java.base/java.util.stream.ReferencePipeline.toArray(ReferencePipeline.java:517)
	at org.eclipse.lsp4e.operations.codelens.CodeLensProvider.lambda$1(CodeLensProvider.java:52)
	at java.base/java.util.concurrent.CompletableFuture$UniCompose.tryFire(CompletableFuture.java:1072)
	at java.base/java.util.concurrent.CompletableFuture$Completion.exec(CompletableFuture.java:479)
	at java.base/java.util.concurrent.ForkJoinTask.doExec(ForkJoinTask.java:290)
	at java.base/java.util.concurrent.ForkJoinPool$WorkQueue.topLevelExec(ForkJoinPool.java:1020)
	at java.base/java.util.concurrent.ForkJoinPool.scan(ForkJoinPool.java:1656)
	at java.base/java.util.concurrent.ForkJoinPool.runWorker(ForkJoinPool.java:1594)
	at java.base/java.util.concurrent.ForkJoinWorkerThread.run(ForkJoinWorkerThread.java:183)
Caused by: org.eclipse.lsp4j.jsonrpc.JsonRpcException: java.io.IOException: 파이프가 닫히는 중입니다
	at org.eclipse.lsp4j.jsonrpc.json.StreamMessageConsumer.consume(StreamMessageConsumer.java:72)
	at org.eclipse.lsp4e.LanguageServerWrapper.lambda$4(LanguageServerWrapper.java:260)
	at org.eclipse.lsp4j.jsonrpc.RemoteEndpoint.request(RemoteEndpoint.java:161)
	at org.eclipse.lsp4j.jsonrpc.services.EndpointProxy.invoke(EndpointProxy.java:91)
	at com.sun.proxy.$Proxy66.codeLens(Unknown Source)
	at org.eclipse.lsp4e.operations.codelens.CodeLensProvider.lambda$2(CodeLensProvider.java:43)
	... 15 more
Caused by: java.io.IOException: 파이프가 닫히는 중입니다
	at java.base/java.io.FileOutputStream.writeBytes(Native Method)
	at java.base/java.io.FileOutputStream.write(FileOutputStream.java:354)
	at java.base/java.io.BufferedOutputStream.flushBuffer(BufferedOutputStream.java:81)
	at java.base/java.io.BufferedOutputStream.flush(BufferedOutputStream.java:142)
	at org.eclipse.lsp4j.jsonrpc.json.StreamMessageConsumer.consume(StreamMessageConsumer.java:69)
	... 20 more

!ENTRY org.springframework.tooling.ls.eclipse.commons 1 0 2025-06-20 15:22:23.231
!MESSAGE ClasspathListenerHandler addClasspathListener sts4.classpath.vYKjewzGisBatched = true

!ENTRY org.springframework.tooling.ls.eclipse.commons 1 0 2025-06-20 15:22:23.231
!MESSAGE Setting up ClasspathListenerManager

!ENTRY org.springframework.tooling.ls.eclipse.commons 1 0 2025-06-20 15:22:23.233
!MESSAGE Scheduling initial event for all projects ...

!ENTRY org.springframework.tooling.ls.eclipse.commons 1 0 2025-06-20 15:22:23.233
!MESSAGE Scheduling initial event for all projects DONE

!ENTRY org.springframework.tooling.ls.eclipse.commons 1 0 2025-06-20 15:22:23.233
!MESSAGE exists = true open = true => deleted = false

!ENTRY org.springframework.tooling.ls.eclipse.commons 1 0 2025-06-20 15:22:23.233
!MESSAGE ClasspathListenerHandler addClasspathListener sts4.classpath.vYKjewzG => OK

!ENTRY org.springframework.tooling.ls.eclipse.commons 1 0 2025-06-20 15:22:23.234
!MESSAGE classpath=57 entries

!ENTRY org.springframework.tooling.ls.eclipse.commons 1 0 2025-06-20 15:22:23.235
!MESSAGE buffering callback sts4.classpath.vYKjewzG ServiceExam false 57

!ENTRY org.springframework.tooling.ls.eclipse.commons 1 0 2025-06-20 15:22:23.235
!MESSAGE executing callback sts4.classpath.vYKjewzG 1 batched events

!ENTRY org.springframework.tooling.ls.eclipse.commons 1 0 2025-06-20 15:22:23.437
!MESSAGE executing callback sts4.classpath.vYKjewzG SUCCESS [done]

!ENTRY org.springframework.tooling.ls.eclipse.commons 1 0 2025-06-20 15:22:23.438
!MESSAGE Entering DelegatingStreamConnectionProvider()

!ENTRY org.eclipse.lsp4e 4 0 2025-06-20 15:22:23.438
!MESSAGE org.eclipse.lsp4j.jsonrpc.JsonRpcException: java.io.IOException: 파이프가 닫히는 중입니다
!STACK 0
java.util.concurrent.ExecutionException: org.eclipse.lsp4j.jsonrpc.JsonRpcException: java.io.IOException: 파이프가 닫히는 중입니다
	at java.base/java.util.concurrent.CompletableFuture.reportGet(CompletableFuture.java:395)
	at java.base/java.util.concurrent.CompletableFuture.get(CompletableFuture.java:2028)
	at org.eclipse.lsp4e.LanguageServerWrapper.lambda$13(LanguageServerWrapper.java:425)
	at java.base/java.util.concurrent.CompletableFuture$AsyncRun.run(CompletableFuture.java:1736)
	at java.base/java.util.concurrent.CompletableFuture$AsyncRun.exec(CompletableFuture.java:1728)
	at java.base/java.util.concurrent.ForkJoinTask.doExec(ForkJoinTask.java:290)
	at java.base/java.util.concurrent.ForkJoinPool$WorkQueue.topLevelExec(ForkJoinPool.java:1020)
	at java.base/java.util.concurrent.ForkJoinPool.scan(ForkJoinPool.java:1656)
	at java.base/java.util.concurrent.ForkJoinPool.runWorker(ForkJoinPool.java:1594)
	at java.base/java.util.concurrent.ForkJoinWorkerThread.run(ForkJoinWorkerThread.java:183)
Caused by: org.eclipse.lsp4j.jsonrpc.JsonRpcException: java.io.IOException: 파이프가 닫히는 중입니다
	at org.eclipse.lsp4j.jsonrpc.json.StreamMessageConsumer.consume(StreamMessageConsumer.java:72)
	at org.eclipse.lsp4e.LanguageServerWrapper.lambda$4(LanguageServerWrapper.java:260)
	at org.eclipse.lsp4j.jsonrpc.RemoteEndpoint.request(RemoteEndpoint.java:161)
	at org.eclipse.lsp4j.jsonrpc.services.EndpointProxy.invoke(EndpointProxy.java:91)
	at com.sun.proxy.$Proxy68.shutdown(Unknown Source)
	at org.eclipse.lsp4e.LanguageServerWrapper.lambda$13(LanguageServerWrapper.java:423)
	... 7 more
Caused by: java.io.IOException: 파이프가 닫히는 중입니다
	at java.base/java.io.FileOutputStream.writeBytes(Native Method)
	at java.base/java.io.FileOutputStream.write(FileOutputStream.java:354)
	at java.base/java.io.BufferedOutputStream.flushBuffer(BufferedOutputStream.java:81)
	at java.base/java.io.BufferedOutputStream.flush(BufferedOutputStream.java:142)
	at org.eclipse.lsp4j.jsonrpc.json.StreamMessageConsumer.consume(StreamMessageConsumer.java:69)
	... 12 more

!ENTRY org.eclipse.lsp4e 4 0 2025-06-20 15:22:23.438
!MESSAGE org.eclipse.lsp4j.jsonrpc.JsonRpcException: java.io.IOException: 파이프가 닫히는 중입니다
!STACK 0
java.util.concurrent.ExecutionException: org.eclipse.lsp4j.jsonrpc.JsonRpcException: java.io.IOException: 파이프가 닫히는 중입니다
	at java.base/java.util.concurrent.CompletableFuture.reportGet(CompletableFuture.java:395)
	at java.base/java.util.concurrent.CompletableFuture.get(CompletableFuture.java:2028)
	at org.eclipse.lsp4e.LanguageServerWrapper.lambda$13(LanguageServerWrapper.java:425)
	at java.base/java.util.concurrent.CompletableFuture$AsyncRun.run(CompletableFuture.java:1736)
	at java.base/java.util.concurrent.CompletableFuture$AsyncRun.exec(CompletableFuture.java:1728)
	at java.base/java.util.concurrent.ForkJoinTask.doExec(ForkJoinTask.java:290)
	at java.base/java.util.concurrent.ForkJoinPool$WorkQueue.topLevelExec(ForkJoinPool.java:1020)
	at java.base/java.util.concurrent.ForkJoinPool.scan(ForkJoinPool.java:1656)
	at java.base/java.util.concurrent.ForkJoinPool.runWorker(ForkJoinPool.java:1594)
	at java.base/java.util.concurrent.ForkJoinWorkerThread.run(ForkJoinWorkerThread.java:183)
Caused by: org.eclipse.lsp4j.jsonrpc.JsonRpcException: java.io.IOException: 파이프가 닫히는 중입니다
	at org.eclipse.lsp4j.jsonrpc.json.StreamMessageConsumer.consume(StreamMessageConsumer.java:72)
	at org.eclipse.lsp4e.LanguageServerWrapper.lambda$4(LanguageServerWrapper.java:260)
	at org.eclipse.lsp4j.jsonrpc.RemoteEndpoint.request(RemoteEndpoint.java:161)
	at org.eclipse.lsp4j.jsonrpc.services.EndpointProxy.invoke(EndpointProxy.java:91)
	at com.sun.proxy.$Proxy68.shutdown(Unknown Source)
	at org.eclipse.lsp4e.LanguageServerWrapper.lambda$13(LanguageServerWrapper.java:423)
	... 7 more
Caused by: java.io.IOException: 파이프가 닫히는 중입니다
	at java.base/java.io.FileOutputStream.writeBytes(Native Method)
	at java.base/java.io.FileOutputStream.write(FileOutputStream.java:354)
	at java.base/java.io.BufferedOutputStream.flushBuffer(BufferedOutputStream.java:81)
	at java.base/java.io.BufferedOutputStream.flush(BufferedOutputStream.java:142)
	at org.eclipse.lsp4j.jsonrpc.json.StreamMessageConsumer.consume(StreamMessageConsumer.java:69)
	... 12 more

!ENTRY org.springframework.tooling.ls.eclipse.commons 1 0 2025-06-20 15:22:23.439
!MESSAGE DelegatingStreamConnectionProvider classloader = org.eclipse.osgi.internal.loader.EquinoxClassLoader@580cb668[org.springframework.tooling.boot.ls:1.28.0.202109130547(id=1001)]

!ENTRY org.springframework.tooling.ls.eclipse.commons 1 0 2025-06-20 15:22:23.439
!MESSAGE SpringBootLanguageServer exists!

!ENTRY org.springframework.tooling.ls.eclipse.commons 1 0 2025-06-20 15:22:24.460
!MESSAGE Boot LS startup time from start to initialized: 1021ms

!ENTRY org.eclipse.jface.text 4 0 2025-06-20 15:22:24.493
!MESSAGE org.eclipse.lsp4j.jsonrpc.JsonRpcException: java.io.IOException: 파이프가 닫히는 중입니다
!STACK 0
java.util.concurrent.CompletionException: org.eclipse.lsp4j.jsonrpc.JsonRpcException: java.io.IOException: 파이프가 닫히는 중입니다
	at java.base/java.util.concurrent.CompletableFuture.encodeThrowable(CompletableFuture.java:331)
	at java.base/java.util.concurrent.CompletableFuture.uniAcceptNow(CompletableFuture.java:743)
	at java.base/java.util.concurrent.CompletableFuture.uniAcceptStage(CompletableFuture.java:731)
	at java.base/java.util.concurrent.CompletableFuture.thenAcceptAsync(CompletableFuture.java:2118)
	at org.eclipse.lsp4e.operations.codelens.CodeLensProvider.lambda$2(CodeLensProvider.java:44)
	at java.base/java.util.stream.ReferencePipeline$3$1.accept(ReferencePipeline.java:195)
	at java.base/java.util.ArrayList$ArrayListSpliterator.forEachRemaining(ArrayList.java:1655)
	at java.base/java.util.stream.AbstractPipeline.copyInto(AbstractPipeline.java:484)
	at java.base/java.util.stream.AbstractPipeline.wrapAndCopyInto(AbstractPipeline.java:474)
	at java.base/java.util.stream.AbstractPipeline.evaluate(AbstractPipeline.java:550)
	at java.base/java.util.stream.AbstractPipeline.evaluateToArrayNode(AbstractPipeline.java:260)
	at java.base/java.util.stream.ReferencePipeline.toArray(ReferencePipeline.java:517)
	at org.eclipse.lsp4e.operations.codelens.CodeLensProvider.lambda$1(CodeLensProvider.java:52)
	at java.base/java.util.concurrent.CompletableFuture$UniCompose.tryFire(CompletableFuture.java:1072)
	at java.base/java.util.concurrent.CompletableFuture$Completion.exec(CompletableFuture.java:479)
	at java.base/java.util.concurrent.ForkJoinTask.doExec(ForkJoinTask.java:290)
	at java.base/java.util.concurrent.ForkJoinPool$WorkQueue.topLevelExec(ForkJoinPool.java:1020)
	at java.base/java.util.concurrent.ForkJoinPool.scan(ForkJoinPool.java:1656)
	at java.base/java.util.concurrent.ForkJoinPool.runWorker(ForkJoinPool.java:1594)
	at java.base/java.util.concurrent.ForkJoinWorkerThread.run(ForkJoinWorkerThread.java:183)
Caused by: org.eclipse.lsp4j.jsonrpc.JsonRpcException: java.io.IOException: 파이프가 닫히는 중입니다
	at org.eclipse.lsp4j.jsonrpc.json.StreamMessageConsumer.consume(StreamMessageConsumer.java:72)
	at org.eclipse.lsp4e.LanguageServerWrapper.lambda$4(LanguageServerWrapper.java:260)
	at org.eclipse.lsp4j.jsonrpc.RemoteEndpoint.request(RemoteEndpoint.java:161)
	at org.eclipse.lsp4j.jsonrpc.services.EndpointProxy.invoke(EndpointProxy.java:91)
	at com.sun.proxy.$Proxy66.codeLens(Unknown Source)
	at org.eclipse.lsp4e.operations.codelens.CodeLensProvider.lambda$2(CodeLensProvider.java:43)
	... 15 more
Caused by: java.io.IOException: 파이프가 닫히는 중입니다
	at java.base/java.io.FileOutputStream.writeBytes(Native Method)
	at java.base/java.io.FileOutputStream.write(FileOutputStream.java:354)
	at java.base/java.io.BufferedOutputStream.flushBuffer(BufferedOutputStream.java:81)
	at java.base/java.io.BufferedOutputStream.flush(BufferedOutputStream.java:142)
	at org.eclipse.lsp4j.jsonrpc.json.StreamMessageConsumer.consume(StreamMessageConsumer.java:69)
	... 20 more

!ENTRY org.eclipse.jface.text 4 0 2025-06-20 15:22:24.494
!MESSAGE org.eclipse.lsp4j.jsonrpc.JsonRpcException: java.io.IOException: 파이프가 닫히는 중입니다
!STACK 0
java.util.concurrent.CompletionException: org.eclipse.lsp4j.jsonrpc.JsonRpcException: java.io.IOException: 파이프가 닫히는 중입니다
	at java.base/java.util.concurrent.CompletableFuture.encodeThrowable(CompletableFuture.java:331)
	at java.base/java.util.concurrent.CompletableFuture.uniAcceptNow(CompletableFuture.java:743)
	at java.base/java.util.concurrent.CompletableFuture.uniAcceptStage(CompletableFuture.java:731)
	at java.base/java.util.concurrent.CompletableFuture.thenAcceptAsync(CompletableFuture.java:2118)
	at org.eclipse.lsp4e.operations.codelens.CodeLensProvider.lambda$2(CodeLensProvider.java:44)
	at java.base/java.util.stream.ReferencePipeline$3$1.accept(ReferencePipeline.java:195)
	at java.base/java.util.ArrayList$ArrayListSpliterator.forEachRemaining(ArrayList.java:1655)
	at java.base/java.util.stream.AbstractPipeline.copyInto(AbstractPipeline.java:484)
	at java.base/java.util.stream.AbstractPipeline.wrapAndCopyInto(AbstractPipeline.java:474)
	at java.base/java.util.stream.AbstractPipeline.evaluate(AbstractPipeline.java:550)
	at java.base/java.util.stream.AbstractPipeline.evaluateToArrayNode(AbstractPipeline.java:260)
	at java.base/java.util.stream.ReferencePipeline.toArray(ReferencePipeline.java:517)
	at org.eclipse.lsp4e.operations.codelens.CodeLensProvider.lambda$1(CodeLensProvider.java:52)
	at java.base/java.util.concurrent.CompletableFuture$UniCompose.tryFire(CompletableFuture.java:1072)
	at java.base/java.util.concurrent.CompletableFuture$Completion.exec(CompletableFuture.java:479)
	at java.base/java.util.concurrent.ForkJoinTask.doExec(ForkJoinTask.java:290)
	at java.base/java.util.concurrent.ForkJoinPool$WorkQueue.topLevelExec(ForkJoinPool.java:1020)
	at java.base/java.util.concurrent.ForkJoinPool.scan(ForkJoinPool.java:1656)
	at java.base/java.util.concurrent.ForkJoinPool.runWorker(ForkJoinPool.java:1594)
	at java.base/java.util.concurrent.ForkJoinWorkerThread.run(ForkJoinWorkerThread.java:183)
Caused by: org.eclipse.lsp4j.jsonrpc.JsonRpcException: java.io.IOException: 파이프가 닫히는 중입니다
	at org.eclipse.lsp4j.jsonrpc.json.StreamMessageConsumer.consume(StreamMessageConsumer.java:72)
	at org.eclipse.lsp4e.LanguageServerWrapper.lambda$4(LanguageServerWrapper.java:260)
	at org.eclipse.lsp4j.jsonrpc.RemoteEndpoint.request(RemoteEndpoint.java:161)
	at org.eclipse.lsp4j.jsonrpc.services.EndpointProxy.invoke(EndpointProxy.java:91)
	at com.sun.proxy.$Proxy66.codeLens(Unknown Source)
	at org.eclipse.lsp4e.operations.codelens.CodeLensProvider.lambda$2(CodeLensProvider.java:43)
	... 15 more
Caused by: java.io.IOException: 파이프가 닫히는 중입니다
	at java.base/java.io.FileOutputStream.writeBytes(Native Method)
	at java.base/java.io.FileOutputStream.write(FileOutputStream.java:354)
	at java.base/java.io.BufferedOutputStream.flushBuffer(BufferedOutputStream.java:81)
	at java.base/java.io.BufferedOutputStream.flush(BufferedOutputStream.java:142)
	at org.eclipse.lsp4j.jsonrpc.json.StreamMessageConsumer.consume(StreamMessageConsumer.java:69)
	... 20 more

!ENTRY org.eclipse.jface.text 4 0 2025-06-20 15:22:24.494
!MESSAGE org.eclipse.lsp4j.jsonrpc.JsonRpcException: java.io.IOException: 파이프가 닫히는 중입니다
!STACK 0
java.util.concurrent.CompletionException: org.eclipse.lsp4j.jsonrpc.JsonRpcException: java.io.IOException: 파이프가 닫히는 중입니다
	at java.base/java.util.concurrent.CompletableFuture.encodeThrowable(CompletableFuture.java:331)
	at java.base/java.util.concurrent.CompletableFuture.uniAcceptNow(CompletableFuture.java:743)
	at java.base/java.util.concurrent.CompletableFuture.uniAcceptStage(CompletableFuture.java:731)
	at java.base/java.util.concurrent.CompletableFuture.thenAcceptAsync(CompletableFuture.java:2118)
	at org.eclipse.lsp4e.operations.codelens.CodeLensProvider.lambda$2(CodeLensProvider.java:44)
	at java.base/java.util.stream.ReferencePipeline$3$1.accept(ReferencePipeline.java:195)
	at java.base/java.util.ArrayList$ArrayListSpliterator.forEachRemaining(ArrayList.java:1655)
	at java.base/java.util.stream.AbstractPipeline.copyInto(AbstractPipeline.java:484)
	at java.base/java.util.stream.AbstractPipeline.wrapAndCopyInto(AbstractPipeline.java:474)
	at java.base/java.util.stream.AbstractPipeline.evaluate(AbstractPipeline.java:550)
	at java.base/java.util.stream.AbstractPipeline.evaluateToArrayNode(AbstractPipeline.java:260)
	at java.base/java.util.stream.ReferencePipeline.toArray(ReferencePipeline.java:517)
	at org.eclipse.lsp4e.operations.codelens.CodeLensProvider.lambda$1(CodeLensProvider.java:52)
	at java.base/java.util.concurrent.CompletableFuture$UniCompose.tryFire(CompletableFuture.java:1072)
	at java.base/java.util.concurrent.CompletableFuture$Completion.exec(CompletableFuture.java:479)
	at java.base/java.util.concurrent.ForkJoinTask.doExec(ForkJoinTask.java:290)
	at java.base/java.util.concurrent.ForkJoinPool$WorkQueue.topLevelExec(ForkJoinPool.java:1020)
	at java.base/java.util.concurrent.ForkJoinPool.scan(ForkJoinPool.java:1656)
	at java.base/java.util.concurrent.ForkJoinPool.runWorker(ForkJoinPool.java:1594)
	at java.base/java.util.concurrent.ForkJoinWorkerThread.run(ForkJoinWorkerThread.java:183)
Caused by: org.eclipse.lsp4j.jsonrpc.JsonRpcException: java.io.IOException: 파이프가 닫히는 중입니다
	at org.eclipse.lsp4j.jsonrpc.json.StreamMessageConsumer.consume(StreamMessageConsumer.java:72)
	at org.eclipse.lsp4e.LanguageServerWrapper.lambda$4(LanguageServerWrapper.java:260)
	at org.eclipse.lsp4j.jsonrpc.RemoteEndpoint.request(RemoteEndpoint.java:161)
	at org.eclipse.lsp4j.jsonrpc.services.EndpointProxy.invoke(EndpointProxy.java:91)
	at com.sun.proxy.$Proxy66.codeLens(Unknown Source)
	at org.eclipse.lsp4e.operations.codelens.CodeLensProvider.lambda$2(CodeLensProvider.java:43)
	... 15 more
Caused by: java.io.IOException: 파이프가 닫히는 중입니다
	at java.base/java.io.FileOutputStream.writeBytes(Native Method)
	at java.base/java.io.FileOutputStream.write(FileOutputStream.java:354)
	at java.base/java.io.BufferedOutputStream.flushBuffer(BufferedOutputStream.java:81)
	at java.base/java.io.BufferedOutputStream.flush(BufferedOutputStream.java:142)
	at org.eclipse.lsp4j.jsonrpc.json.StreamMessageConsumer.consume(StreamMessageConsumer.java:69)
	... 20 more

!ENTRY org.eclipse.jface.text 4 0 2025-06-20 15:22:24.495
!MESSAGE org.eclipse.lsp4j.jsonrpc.JsonRpcException: java.io.IOException: 파이프가 닫히는 중입니다
!STACK 0
java.util.concurrent.CompletionException: org.eclipse.lsp4j.jsonrpc.JsonRpcException: java.io.IOException: 파이프가 닫히는 중입니다
	at java.base/java.util.concurrent.CompletableFuture.encodeThrowable(CompletableFuture.java:331)
	at java.base/java.util.concurrent.CompletableFuture.uniAcceptNow(CompletableFuture.java:743)
	at java.base/java.util.concurrent.CompletableFuture.uniAcceptStage(CompletableFuture.java:731)
	at java.base/java.util.concurrent.CompletableFuture.thenAcceptAsync(CompletableFuture.java:2118)
	at org.eclipse.lsp4e.operations.codelens.CodeLensProvider.lambda$2(CodeLensProvider.java:44)
	at java.base/java.util.stream.ReferencePipeline$3$1.accept(ReferencePipeline.java:195)
	at java.base/java.util.ArrayList$ArrayListSpliterator.forEachRemaining(ArrayList.java:1655)
	at java.base/java.util.stream.AbstractPipeline.copyInto(AbstractPipeline.java:484)
	at java.base/java.util.stream.AbstractPipeline.wrapAndCopyInto(AbstractPipeline.java:474)
	at java.base/java.util.stream.AbstractPipeline.evaluate(AbstractPipeline.java:550)
	at java.base/java.util.stream.AbstractPipeline.evaluateToArrayNode(AbstractPipeline.java:260)
	at java.base/java.util.stream.ReferencePipeline.toArray(ReferencePipeline.java:517)
	at org.eclipse.lsp4e.operations.codelens.CodeLensProvider.lambda$1(CodeLensProvider.java:52)
	at java.base/java.util.concurrent.CompletableFuture$UniCompose.tryFire(CompletableFuture.java:1072)
	at java.base/java.util.concurrent.CompletableFuture$Completion.exec(CompletableFuture.java:479)
	at java.base/java.util.concurrent.ForkJoinTask.doExec(ForkJoinTask.java:290)
	at java.base/java.util.concurrent.ForkJoinPool$WorkQueue.topLevelExec(ForkJoinPool.java:1020)
	at java.base/java.util.concurrent.ForkJoinPool.scan(ForkJoinPool.java:1656)
	at java.base/java.util.concurrent.ForkJoinPool.runWorker(ForkJoinPool.java:1594)
	at java.base/java.util.concurrent.ForkJoinWorkerThread.run(ForkJoinWorkerThread.java:183)
Caused by: org.eclipse.lsp4j.jsonrpc.JsonRpcException: java.io.IOException: 파이프가 닫히는 중입니다
	at org.eclipse.lsp4j.jsonrpc.json.StreamMessageConsumer.consume(StreamMessageConsumer.java:72)
	at org.eclipse.lsp4e.LanguageServerWrapper.lambda$4(LanguageServerWrapper.java:260)
	at org.eclipse.lsp4j.jsonrpc.RemoteEndpoint.request(RemoteEndpoint.java:161)
	at org.eclipse.lsp4j.jsonrpc.services.EndpointProxy.invoke(EndpointProxy.java:91)
	at com.sun.proxy.$Proxy66.codeLens(Unknown Source)
	at org.eclipse.lsp4e.operations.codelens.CodeLensProvider.lambda$2(CodeLensProvider.java:43)
	... 15 more
Caused by: java.io.IOException: 파이프가 닫히는 중입니다
	at java.base/java.io.FileOutputStream.writeBytes(Native Method)
	at java.base/java.io.FileOutputStream.write(FileOutputStream.java:354)
	at java.base/java.io.BufferedOutputStream.flushBuffer(BufferedOutputStream.java:81)
	at java.base/java.io.BufferedOutputStream.flush(BufferedOutputStream.java:142)
	at org.eclipse.lsp4j.jsonrpc.json.StreamMessageConsumer.consume(StreamMessageConsumer.java:69)
	... 20 more

!ENTRY org.springframework.tooling.ls.eclipse.commons 1 0 2025-06-20 15:22:24.521
!MESSAGE ClasspathListenerHandler addClasspathListener sts4.classpath.mtfgPBLHisBatched = true

!ENTRY org.springframework.tooling.ls.eclipse.commons 1 0 2025-06-20 15:22:24.521
!MESSAGE Setting up ClasspathListenerManager

!ENTRY org.springframework.tooling.ls.eclipse.commons 1 0 2025-06-20 15:22:24.521
!MESSAGE Scheduling initial event for all projects ...

!ENTRY org.springframework.tooling.ls.eclipse.commons 1 0 2025-06-20 15:22:24.521
!MESSAGE Scheduling initial event for all projects DONE

!ENTRY org.springframework.tooling.ls.eclipse.commons 1 0 2025-06-20 15:22:24.523
!MESSAGE exists = true open = true => deleted = false

!ENTRY org.springframework.tooling.ls.eclipse.commons 1 0 2025-06-20 15:22:24.523
!MESSAGE ClasspathListenerHandler addClasspathListener sts4.classpath.mtfgPBLH => OK

!ENTRY org.springframework.tooling.ls.eclipse.commons 1 0 2025-06-20 15:22:24.523
!MESSAGE classpath=57 entries

!ENTRY org.springframework.tooling.ls.eclipse.commons 1 0 2025-06-20 15:22:24.524
!MESSAGE buffering callback sts4.classpath.mtfgPBLH ServiceExam false 57

!ENTRY org.springframework.tooling.ls.eclipse.commons 1 0 2025-06-20 15:22:24.524
!MESSAGE executing callback sts4.classpath.mtfgPBLH 1 batched events

!ENTRY org.springframework.tooling.ls.eclipse.commons 1 0 2025-06-20 15:22:24.722
!MESSAGE executing callback sts4.classpath.mtfgPBLH SUCCESS [done]

!ENTRY org.eclipse.lsp4e 4 0 2025-06-20 15:22:24.724
!MESSAGE org.eclipse.lsp4j.jsonrpc.JsonRpcException: java.io.IOException: 파이프가 닫히는 중입니다
!STACK 0
java.util.concurrent.ExecutionException: org.eclipse.lsp4j.jsonrpc.JsonRpcException: java.io.IOException: 파이프가 닫히는 중입니다
	at java.base/java.util.concurrent.CompletableFuture.reportGet(CompletableFuture.java:395)
	at java.base/java.util.concurrent.CompletableFuture.get(CompletableFuture.java:2028)
	at org.eclipse.lsp4e.LanguageServerWrapper.lambda$13(LanguageServerWrapper.java:425)
	at java.base/java.util.concurrent.CompletableFuture$AsyncRun.run(CompletableFuture.java:1736)
	at java.base/java.util.concurrent.CompletableFuture$AsyncRun.exec(CompletableFuture.java:1728)
	at java.base/java.util.concurrent.ForkJoinTask.doExec(ForkJoinTask.java:290)
	at java.base/java.util.concurrent.ForkJoinPool$WorkQueue.topLevelExec(ForkJoinPool.java:1020)
	at java.base/java.util.concurrent.ForkJoinPool.scan(ForkJoinPool.java:1656)
	at java.base/java.util.concurrent.ForkJoinPool.runWorker(ForkJoinPool.java:1594)
	at java.base/java.util.concurrent.ForkJoinWorkerThread.run(ForkJoinWorkerThread.java:183)
Caused by: org.eclipse.lsp4j.jsonrpc.JsonRpcException: java.io.IOException: 파이프가 닫히는 중입니다
	at org.eclipse.lsp4j.jsonrpc.json.StreamMessageConsumer.consume(StreamMessageConsumer.java:72)
	at org.eclipse.lsp4e.LanguageServerWrapper.lambda$4(LanguageServerWrapper.java:260)
	at org.eclipse.lsp4j.jsonrpc.RemoteEndpoint.request(RemoteEndpoint.java:161)
	at org.eclipse.lsp4j.jsonrpc.services.EndpointProxy.invoke(EndpointProxy.java:91)
	at com.sun.proxy.$Proxy68.shutdown(Unknown Source)
	at org.eclipse.lsp4e.LanguageServerWrapper.lambda$13(LanguageServerWrapper.java:423)
	... 7 more
Caused by: java.io.IOException: 파이프가 닫히는 중입니다
	at java.base/java.io.FileOutputStream.writeBytes(Native Method)
	at java.base/java.io.FileOutputStream.write(FileOutputStream.java:354)
	at java.base/java.io.BufferedOutputStream.flushBuffer(BufferedOutputStream.java:81)
	at java.base/java.io.BufferedOutputStream.flush(BufferedOutputStream.java:142)
	at org.eclipse.lsp4j.jsonrpc.json.StreamMessageConsumer.consume(StreamMessageConsumer.java:69)
	... 12 more

!ENTRY org.eclipse.lsp4e 4 0 2025-06-20 15:22:24.724
!MESSAGE org.eclipse.lsp4j.jsonrpc.JsonRpcException: java.io.IOException: 파이프가 닫히는 중입니다
!STACK 0
java.util.concurrent.ExecutionException: org.eclipse.lsp4j.jsonrpc.JsonRpcException: java.io.IOException: 파이프가 닫히는 중입니다
	at java.base/java.util.concurrent.CompletableFuture.reportGet(CompletableFuture.java:395)
	at java.base/java.util.concurrent.CompletableFuture.get(CompletableFuture.java:2028)
	at org.eclipse.lsp4e.LanguageServerWrapper.lambda$13(LanguageServerWrapper.java:425)
	at java.base/java.util.concurrent.CompletableFuture$AsyncRun.run(CompletableFuture.java:1736)
	at java.base/java.util.concurrent.CompletableFuture$AsyncRun.exec(CompletableFuture.java:1728)
	at java.base/java.util.concurrent.ForkJoinTask.doExec(ForkJoinTask.java:290)
	at java.base/java.util.concurrent.ForkJoinPool$WorkQueue.topLevelExec(ForkJoinPool.java:1020)
	at java.base/java.util.concurrent.ForkJoinPool.scan(ForkJoinPool.java:1656)
	at java.base/java.util.concurrent.ForkJoinPool.runWorker(ForkJoinPool.java:1594)
	at java.base/java.util.concurrent.ForkJoinWorkerThread.run(ForkJoinWorkerThread.java:183)
Caused by: org.eclipse.lsp4j.jsonrpc.JsonRpcException: java.io.IOException: 파이프가 닫히는 중입니다
	at org.eclipse.lsp4j.jsonrpc.json.StreamMessageConsumer.consume(StreamMessageConsumer.java:72)
	at org.eclipse.lsp4e.LanguageServerWrapper.lambda$4(LanguageServerWrapper.java:260)
	at org.eclipse.lsp4j.jsonrpc.RemoteEndpoint.request(RemoteEndpoint.java:161)
	at org.eclipse.lsp4j.jsonrpc.services.EndpointProxy.invoke(EndpointProxy.java:91)
	at com.sun.proxy.$Proxy68.shutdown(Unknown Source)
	at org.eclipse.lsp4e.LanguageServerWrapper.lambda$13(LanguageServerWrapper.java:423)
	... 7 more
Caused by: java.io.IOException: 파이프가 닫히는 중입니다
	at java.base/java.io.FileOutputStream.writeBytes(Native Method)
	at java.base/java.io.FileOutputStream.write(FileOutputStream.java:354)
	at java.base/java.io.BufferedOutputStream.flushBuffer(BufferedOutputStream.java:81)
	at java.base/java.io.BufferedOutputStream.flush(BufferedOutputStream.java:142)
	at org.eclipse.lsp4j.jsonrpc.json.StreamMessageConsumer.consume(StreamMessageConsumer.java:69)
	... 12 more

!ENTRY org.springframework.tooling.ls.eclipse.commons 1 0 2025-06-20 15:22:24.724
!MESSAGE Entering DelegatingStreamConnectionProvider()

!ENTRY org.springframework.tooling.ls.eclipse.commons 1 0 2025-06-20 15:22:24.724
!MESSAGE DelegatingStreamConnectionProvider classloader = org.eclipse.osgi.internal.loader.EquinoxClassLoader@580cb668[org.springframework.tooling.boot.ls:1.28.0.202109130547(id=1001)]

!ENTRY org.springframework.tooling.ls.eclipse.commons 1 0 2025-06-20 15:22:24.724
!MESSAGE SpringBootLanguageServer exists!

!ENTRY org.springframework.tooling.ls.eclipse.commons 1 0 2025-06-20 15:22:25.746
!MESSAGE Boot LS startup time from start to initialized: 1020ms

!ENTRY org.eclipse.jface.text 4 0 2025-06-20 15:22:25.779
!MESSAGE org.eclipse.lsp4j.jsonrpc.JsonRpcException: java.io.IOException: 파이프가 닫히는 중입니다
!STACK 0
java.util.concurrent.CompletionException: org.eclipse.lsp4j.jsonrpc.JsonRpcException: java.io.IOException: 파이프가 닫히는 중입니다
	at java.base/java.util.concurrent.CompletableFuture.encodeThrowable(CompletableFuture.java:331)
	at java.base/java.util.concurrent.CompletableFuture.uniAcceptNow(CompletableFuture.java:743)
	at java.base/java.util.concurrent.CompletableFuture.uniAcceptStage(CompletableFuture.java:731)
	at java.base/java.util.concurrent.CompletableFuture.thenAcceptAsync(CompletableFuture.java:2118)
	at org.eclipse.lsp4e.operations.codelens.CodeLensProvider.lambda$2(CodeLensProvider.java:44)
	at java.base/java.util.stream.ReferencePipeline$3$1.accept(ReferencePipeline.java:195)
	at java.base/java.util.ArrayList$ArrayListSpliterator.forEachRemaining(ArrayList.java:1655)
	at java.base/java.util.stream.AbstractPipeline.copyInto(AbstractPipeline.java:484)
	at java.base/java.util.stream.AbstractPipeline.wrapAndCopyInto(AbstractPipeline.java:474)
	at java.base/java.util.stream.AbstractPipeline.evaluate(AbstractPipeline.java:550)
	at java.base/java.util.stream.AbstractPipeline.evaluateToArrayNode(AbstractPipeline.java:260)
	at java.base/java.util.stream.ReferencePipeline.toArray(ReferencePipeline.java:517)
	at org.eclipse.lsp4e.operations.codelens.CodeLensProvider.lambda$1(CodeLensProvider.java:52)
	at java.base/java.util.concurrent.CompletableFuture$UniCompose.tryFire(CompletableFuture.java:1072)
	at java.base/java.util.concurrent.CompletableFuture$Completion.exec(CompletableFuture.java:479)
	at java.base/java.util.concurrent.ForkJoinTask.doExec(ForkJoinTask.java:290)
	at java.base/java.util.concurrent.ForkJoinPool$WorkQueue.topLevelExec(ForkJoinPool.java:1020)
	at java.base/java.util.concurrent.ForkJoinPool.scan(ForkJoinPool.java:1656)
	at java.base/java.util.concurrent.ForkJoinPool.runWorker(ForkJoinPool.java:1594)
	at java.base/java.util.concurrent.ForkJoinWorkerThread.run(ForkJoinWorkerThread.java:183)
Caused by: org.eclipse.lsp4j.jsonrpc.JsonRpcException: java.io.IOException: 파이프가 닫히는 중입니다
	at org.eclipse.lsp4j.jsonrpc.json.StreamMessageConsumer.consume(StreamMessageConsumer.java:72)
	at org.eclipse.lsp4e.LanguageServerWrapper.lambda$4(LanguageServerWrapper.java:260)
	at org.eclipse.lsp4j.jsonrpc.RemoteEndpoint.request(RemoteEndpoint.java:161)
	at org.eclipse.lsp4j.jsonrpc.services.EndpointProxy.invoke(EndpointProxy.java:91)
	at com.sun.proxy.$Proxy66.codeLens(Unknown Source)
	at org.eclipse.lsp4e.operations.codelens.CodeLensProvider.lambda$2(CodeLensProvider.java:43)
	... 15 more
Caused by: java.io.IOException: 파이프가 닫히는 중입니다
	at java.base/java.io.FileOutputStream.writeBytes(Native Method)
	at java.base/java.io.FileOutputStream.write(FileOutputStream.java:354)
	at java.base/java.io.BufferedOutputStream.flushBuffer(BufferedOutputStream.java:81)
	at java.base/java.io.BufferedOutputStream.flush(BufferedOutputStream.java:142)
	at org.eclipse.lsp4j.jsonrpc.json.StreamMessageConsumer.consume(StreamMessageConsumer.java:69)
	... 20 more

!ENTRY org.eclipse.jface.text 4 0 2025-06-20 15:22:25.780
!MESSAGE org.eclipse.lsp4j.jsonrpc.JsonRpcException: java.io.IOException: 파이프가 닫히는 중입니다
!STACK 0
java.util.concurrent.CompletionException: org.eclipse.lsp4j.jsonrpc.JsonRpcException: java.io.IOException: 파이프가 닫히는 중입니다
	at java.base/java.util.concurrent.CompletableFuture.encodeThrowable(CompletableFuture.java:331)
	at java.base/java.util.concurrent.CompletableFuture.uniAcceptNow(CompletableFuture.java:743)
	at java.base/java.util.concurrent.CompletableFuture.uniAcceptStage(CompletableFuture.java:731)
	at java.base/java.util.concurrent.CompletableFuture.thenAcceptAsync(CompletableFuture.java:2118)
	at org.eclipse.lsp4e.operations.codelens.CodeLensProvider.lambda$2(CodeLensProvider.java:44)
	at java.base/java.util.stream.ReferencePipeline$3$1.accept(ReferencePipeline.java:195)
	at java.base/java.util.ArrayList$ArrayListSpliterator.forEachRemaining(ArrayList.java:1655)
	at java.base/java.util.stream.AbstractPipeline.copyInto(AbstractPipeline.java:484)
	at java.base/java.util.stream.AbstractPipeline.wrapAndCopyInto(AbstractPipeline.java:474)
	at java.base/java.util.stream.AbstractPipeline.evaluate(AbstractPipeline.java:550)
	at java.base/java.util.stream.AbstractPipeline.evaluateToArrayNode(AbstractPipeline.java:260)
	at java.base/java.util.stream.ReferencePipeline.toArray(ReferencePipeline.java:517)
	at org.eclipse.lsp4e.operations.codelens.CodeLensProvider.lambda$1(CodeLensProvider.java:52)
	at java.base/java.util.concurrent.CompletableFuture$UniCompose.tryFire(CompletableFuture.java:1072)
	at java.base/java.util.concurrent.CompletableFuture$Completion.exec(CompletableFuture.java:479)
	at java.base/java.util.concurrent.ForkJoinTask.doExec(ForkJoinTask.java:290)
	at java.base/java.util.concurrent.ForkJoinPool$WorkQueue.topLevelExec(ForkJoinPool.java:1020)
	at java.base/java.util.concurrent.ForkJoinPool.scan(ForkJoinPool.java:1656)
	at java.base/java.util.concurrent.ForkJoinPool.runWorker(ForkJoinPool.java:1594)
	at java.base/java.util.concurrent.ForkJoinWorkerThread.run(ForkJoinWorkerThread.java:183)
Caused by: org.eclipse.lsp4j.jsonrpc.JsonRpcException: java.io.IOException: 파이프가 닫히는 중입니다
	at org.eclipse.lsp4j.jsonrpc.json.StreamMessageConsumer.consume(StreamMessageConsumer.java:72)
	at org.eclipse.lsp4e.LanguageServerWrapper.lambda$4(LanguageServerWrapper.java:260)
	at org.eclipse.lsp4j.jsonrpc.RemoteEndpoint.request(RemoteEndpoint.java:161)
	at org.eclipse.lsp4j.jsonrpc.services.EndpointProxy.invoke(EndpointProxy.java:91)
	at com.sun.proxy.$Proxy66.codeLens(Unknown Source)
	at org.eclipse.lsp4e.operations.codelens.CodeLensProvider.lambda$2(CodeLensProvider.java:43)
	... 15 more
Caused by: java.io.IOException: 파이프가 닫히는 중입니다
	at java.base/java.io.FileOutputStream.writeBytes(Native Method)
	at java.base/java.io.FileOutputStream.write(FileOutputStream.java:354)
	at java.base/java.io.BufferedOutputStream.flushBuffer(BufferedOutputStream.java:81)
	at java.base/java.io.BufferedOutputStream.flush(BufferedOutputStream.java:142)
	at org.eclipse.lsp4j.jsonrpc.json.StreamMessageConsumer.consume(StreamMessageConsumer.java:69)
	... 20 more

!ENTRY org.eclipse.jface.text 4 0 2025-06-20 15:22:25.780
!MESSAGE org.eclipse.lsp4j.jsonrpc.JsonRpcException: java.io.IOException: 파이프가 닫히는 중입니다
!STACK 0
java.util.concurrent.CompletionException: org.eclipse.lsp4j.jsonrpc.JsonRpcException: java.io.IOException: 파이프가 닫히는 중입니다
	at java.base/java.util.concurrent.CompletableFuture.encodeThrowable(CompletableFuture.java:331)
	at java.base/java.util.concurrent.CompletableFuture.uniAcceptNow(CompletableFuture.java:743)
	at java.base/java.util.concurrent.CompletableFuture.uniAcceptStage(CompletableFuture.java:731)
	at java.base/java.util.concurrent.CompletableFuture.thenAcceptAsync(CompletableFuture.java:2118)
	at org.eclipse.lsp4e.operations.codelens.CodeLensProvider.lambda$2(CodeLensProvider.java:44)
	at java.base/java.util.stream.ReferencePipeline$3$1.accept(ReferencePipeline.java:195)
	at java.base/java.util.ArrayList$ArrayListSpliterator.forEachRemaining(ArrayList.java:1655)
	at java.base/java.util.stream.AbstractPipeline.copyInto(AbstractPipeline.java:484)
	at java.base/java.util.stream.AbstractPipeline.wrapAndCopyInto(AbstractPipeline.java:474)
	at java.base/java.util.stream.AbstractPipeline.evaluate(AbstractPipeline.java:550)
	at java.base/java.util.stream.AbstractPipeline.evaluateToArrayNode(AbstractPipeline.java:260)
	at java.base/java.util.stream.ReferencePipeline.toArray(ReferencePipeline.java:517)
	at org.eclipse.lsp4e.operations.codelens.CodeLensProvider.lambda$1(CodeLensProvider.java:52)
	at java.base/java.util.concurrent.CompletableFuture$UniCompose.tryFire(CompletableFuture.java:1072)
	at java.base/java.util.concurrent.CompletableFuture$Completion.exec(CompletableFuture.java:479)
	at java.base/java.util.concurrent.ForkJoinTask.doExec(ForkJoinTask.java:290)
	at java.base/java.util.concurrent.ForkJoinPool$WorkQueue.topLevelExec(ForkJoinPool.java:1020)
	at java.base/java.util.concurrent.ForkJoinPool.scan(ForkJoinPool.java:1656)
	at java.base/java.util.concurrent.ForkJoinPool.runWorker(ForkJoinPool.java:1594)
	at java.base/java.util.concurrent.ForkJoinWorkerThread.run(ForkJoinWorkerThread.java:183)
Caused by: org.eclipse.lsp4j.jsonrpc.JsonRpcException: java.io.IOException: 파이프가 닫히는 중입니다
	at org.eclipse.lsp4j.jsonrpc.json.StreamMessageConsumer.consume(StreamMessageConsumer.java:72)
	at org.eclipse.lsp4e.LanguageServerWrapper.lambda$4(LanguageServerWrapper.java:260)
	at org.eclipse.lsp4j.jsonrpc.RemoteEndpoint.request(RemoteEndpoint.java:161)
	at org.eclipse.lsp4j.jsonrpc.services.EndpointProxy.invoke(EndpointProxy.java:91)
	at com.sun.proxy.$Proxy66.codeLens(Unknown Source)
	at org.eclipse.lsp4e.operations.codelens.CodeLensProvider.lambda$2(CodeLensProvider.java:43)
	... 15 more
Caused by: java.io.IOException: 파이프가 닫히는 중입니다
	at java.base/java.io.FileOutputStream.writeBytes(Native Method)
	at java.base/java.io.FileOutputStream.write(FileOutputStream.java:354)
	at java.base/java.io.BufferedOutputStream.flushBuffer(BufferedOutputStream.java:81)
	at java.base/java.io.BufferedOutputStream.flush(BufferedOutputStream.java:142)
	at org.eclipse.lsp4j.jsonrpc.json.StreamMessageConsumer.consume(StreamMessageConsumer.java:69)
	... 20 more

!ENTRY org.eclipse.jface.text 4 0 2025-06-20 15:22:25.780
!MESSAGE org.eclipse.lsp4j.jsonrpc.JsonRpcException: java.io.IOException: 파이프가 닫히는 중입니다
!STACK 0
java.util.concurrent.CompletionException: org.eclipse.lsp4j.jsonrpc.JsonRpcException: java.io.IOException: 파이프가 닫히는 중입니다
	at java.base/java.util.concurrent.CompletableFuture.encodeThrowable(CompletableFuture.java:331)
	at java.base/java.util.concurrent.CompletableFuture.uniAcceptNow(CompletableFuture.java:743)
	at java.base/java.util.concurrent.CompletableFuture.uniAcceptStage(CompletableFuture.java:731)
	at java.base/java.util.concurrent.CompletableFuture.thenAcceptAsync(CompletableFuture.java:2118)
	at org.eclipse.lsp4e.operations.codelens.CodeLensProvider.lambda$2(CodeLensProvider.java:44)
	at java.base/java.util.stream.ReferencePipeline$3$1.accept(ReferencePipeline.java:195)
	at java.base/java.util.ArrayList$ArrayListSpliterator.forEachRemaining(ArrayList.java:1655)
	at java.base/java.util.stream.AbstractPipeline.copyInto(AbstractPipeline.java:484)
	at java.base/java.util.stream.AbstractPipeline.wrapAndCopyInto(AbstractPipeline.java:474)
	at java.base/java.util.stream.AbstractPipeline.evaluate(AbstractPipeline.java:550)
	at java.base/java.util.stream.AbstractPipeline.evaluateToArrayNode(AbstractPipeline.java:260)
	at java.base/java.util.stream.ReferencePipeline.toArray(ReferencePipeline.java:517)
	at org.eclipse.lsp4e.operations.codelens.CodeLensProvider.lambda$1(CodeLensProvider.java:52)
	at java.base/java.util.concurrent.CompletableFuture$UniCompose.tryFire(CompletableFuture.java:1072)
	at java.base/java.util.concurrent.CompletableFuture$Completion.exec(CompletableFuture.java:479)
	at java.base/java.util.concurrent.ForkJoinTask.doExec(ForkJoinTask.java:290)
	at java.base/java.util.concurrent.ForkJoinPool$WorkQueue.topLevelExec(ForkJoinPool.java:1020)
	at java.base/java.util.concurrent.ForkJoinPool.scan(ForkJoinPool.java:1656)
	at java.base/java.util.concurrent.ForkJoinPool.runWorker(ForkJoinPool.java:1594)
	at java.base/java.util.concurrent.ForkJoinWorkerThread.run(ForkJoinWorkerThread.java:183)
Caused by: org.eclipse.lsp4j.jsonrpc.JsonRpcException: java.io.IOException: 파이프가 닫히는 중입니다
	at org.eclipse.lsp4j.jsonrpc.json.StreamMessageConsumer.consume(StreamMessageConsumer.java:72)
	at org.eclipse.lsp4e.LanguageServerWrapper.lambda$4(LanguageServerWrapper.java:260)
	at org.eclipse.lsp4j.jsonrpc.RemoteEndpoint.request(RemoteEndpoint.java:161)
	at org.eclipse.lsp4j.jsonrpc.services.EndpointProxy.invoke(EndpointProxy.java:91)
	at com.sun.proxy.$Proxy66.codeLens(Unknown Source)
	at org.eclipse.lsp4e.operations.codelens.CodeLensProvider.lambda$2(CodeLensProvider.java:43)
	... 15 more
Caused by: java.io.IOException: 파이프가 닫히는 중입니다
	at java.base/java.io.FileOutputStream.writeBytes(Native Method)
	at java.base/java.io.FileOutputStream.write(FileOutputStream.java:354)
	at java.base/java.io.BufferedOutputStream.flushBuffer(BufferedOutputStream.java:81)
	at java.base/java.io.BufferedOutputStream.flush(BufferedOutputStream.java:142)
	at org.eclipse.lsp4j.jsonrpc.json.StreamMessageConsumer.consume(StreamMessageConsumer.java:69)
	... 20 more

!ENTRY org.springframework.tooling.ls.eclipse.commons 1 0 2025-06-20 15:22:25.807
!MESSAGE ClasspathListenerHandler addClasspathListener sts4.classpath.tPXisnISisBatched = true

!ENTRY org.springframework.tooling.ls.eclipse.commons 1 0 2025-06-20 15:22:25.807
!MESSAGE Setting up ClasspathListenerManager

!ENTRY org.springframework.tooling.ls.eclipse.commons 1 0 2025-06-20 15:22:25.807
!MESSAGE Scheduling initial event for all projects ...

!ENTRY org.springframework.tooling.ls.eclipse.commons 1 0 2025-06-20 15:22:25.807
!MESSAGE Scheduling initial event for all projects DONE

!ENTRY org.springframework.tooling.ls.eclipse.commons 1 0 2025-06-20 15:22:25.807
!MESSAGE exists = true open = true => deleted = false

!ENTRY org.springframework.tooling.ls.eclipse.commons 1 0 2025-06-20 15:22:25.808
!MESSAGE ClasspathListenerHandler addClasspathListener sts4.classpath.tPXisnIS => OK

!ENTRY org.springframework.tooling.ls.eclipse.commons 1 0 2025-06-20 15:22:25.808
!MESSAGE classpath=57 entries

!ENTRY org.springframework.tooling.ls.eclipse.commons 1 0 2025-06-20 15:22:25.810
!MESSAGE buffering callback sts4.classpath.tPXisnIS ServiceExam false 57

!ENTRY org.springframework.tooling.ls.eclipse.commons 1 0 2025-06-20 15:22:25.810
!MESSAGE executing callback sts4.classpath.tPXisnIS 1 batched events

!ENTRY org.springframework.tooling.ls.eclipse.commons 1 0 2025-06-20 15:22:26.016
!MESSAGE executing callback sts4.classpath.tPXisnIS SUCCESS [done]

!ENTRY org.eclipse.lsp4e 4 0 2025-06-20 15:22:26.017
!MESSAGE org.eclipse.lsp4j.jsonrpc.JsonRpcException: java.io.IOException: 파이프가 닫히는 중입니다
!STACK 0
java.util.concurrent.ExecutionException: org.eclipse.lsp4j.jsonrpc.JsonRpcException: java.io.IOException: 파이프가 닫히는 중입니다
	at java.base/java.util.concurrent.CompletableFuture.reportGet(CompletableFuture.java:395)
	at java.base/java.util.concurrent.CompletableFuture.get(CompletableFuture.java:2028)
	at org.eclipse.lsp4e.LanguageServerWrapper.lambda$13(LanguageServerWrapper.java:425)
	at java.base/java.util.concurrent.CompletableFuture$AsyncRun.run(CompletableFuture.java:1736)
	at java.base/java.util.concurrent.CompletableFuture$AsyncRun.exec(CompletableFuture.java:1728)
	at java.base/java.util.concurrent.ForkJoinTask.doExec(ForkJoinTask.java:290)
	at java.base/java.util.concurrent.ForkJoinPool$WorkQueue.topLevelExec(ForkJoinPool.java:1020)
	at java.base/java.util.concurrent.ForkJoinPool.scan(ForkJoinPool.java:1656)
	at java.base/java.util.concurrent.ForkJoinPool.runWorker(ForkJoinPool.java:1594)
	at java.base/java.util.concurrent.ForkJoinWorkerThread.run(ForkJoinWorkerThread.java:183)
Caused by: org.eclipse.lsp4j.jsonrpc.JsonRpcException: java.io.IOException: 파이프가 닫히는 중입니다
	at org.eclipse.lsp4j.jsonrpc.json.StreamMessageConsumer.consume(StreamMessageConsumer.java:72)
	at org.eclipse.lsp4e.LanguageServerWrapper.lambda$4(LanguageServerWrapper.java:260)
	at org.eclipse.lsp4j.jsonrpc.RemoteEndpoint.request(RemoteEndpoint.java:161)
	at org.eclipse.lsp4j.jsonrpc.services.EndpointProxy.invoke(EndpointProxy.java:91)
	at com.sun.proxy.$Proxy68.shutdown(Unknown Source)
	at org.eclipse.lsp4e.LanguageServerWrapper.lambda$13(LanguageServerWrapper.java:423)
	... 7 more
Caused by: java.io.IOException: 파이프가 닫히는 중입니다
	at java.base/java.io.FileOutputStream.writeBytes(Native Method)
	at java.base/java.io.FileOutputStream.write(FileOutputStream.java:354)
	at java.base/java.io.BufferedOutputStream.flushBuffer(BufferedOutputStream.java:81)
	at java.base/java.io.BufferedOutputStream.flush(BufferedOutputStream.java:142)
	at org.eclipse.lsp4j.jsonrpc.json.StreamMessageConsumer.consume(StreamMessageConsumer.java:69)
	... 12 more

!ENTRY org.eclipse.lsp4e 4 0 2025-06-20 15:22:26.017
!MESSAGE org.eclipse.lsp4j.jsonrpc.JsonRpcException: java.io.IOException: 파이프가 닫히는 중입니다
!STACK 0
java.util.concurrent.ExecutionException: org.eclipse.lsp4j.jsonrpc.JsonRpcException: java.io.IOException: 파이프가 닫히는 중입니다
	at java.base/java.util.concurrent.CompletableFuture.reportGet(CompletableFuture.java:395)
	at java.base/java.util.concurrent.CompletableFuture.get(CompletableFuture.java:2028)
	at org.eclipse.lsp4e.LanguageServerWrapper.lambda$13(LanguageServerWrapper.java:425)
	at java.base/java.util.concurrent.CompletableFuture$AsyncRun.run(CompletableFuture.java:1736)
	at java.base/java.util.concurrent.CompletableFuture$AsyncRun.exec(CompletableFuture.java:1728)
	at java.base/java.util.concurrent.ForkJoinTask.doExec(ForkJoinTask.java:290)
	at java.base/java.util.concurrent.ForkJoinPool$WorkQueue.topLevelExec(ForkJoinPool.java:1020)
	at java.base/java.util.concurrent.ForkJoinPool.scan(ForkJoinPool.java:1656)
	at java.base/java.util.concurrent.ForkJoinPool.runWorker(ForkJoinPool.java:1594)
	at java.base/java.util.concurrent.ForkJoinWorkerThread.run(ForkJoinWorkerThread.java:183)
Caused by: org.eclipse.lsp4j.jsonrpc.JsonRpcException: java.io.IOException: 파이프가 닫히는 중입니다
	at org.eclipse.lsp4j.jsonrpc.json.StreamMessageConsumer.consume(StreamMessageConsumer.java:72)
	at org.eclipse.lsp4e.LanguageServerWrapper.lambda$4(LanguageServerWrapper.java:260)
	at org.eclipse.lsp4j.jsonrpc.RemoteEndpoint.request(RemoteEndpoint.java:161)
	at org.eclipse.lsp4j.jsonrpc.services.EndpointProxy.invoke(EndpointProxy.java:91)
	at com.sun.proxy.$Proxy68.shutdown(Unknown Source)
	at org.eclipse.lsp4e.LanguageServerWrapper.lambda$13(LanguageServerWrapper.java:423)
	... 7 more
Caused by: java.io.IOException: 파이프가 닫히는 중입니다
	at java.base/java.io.FileOutputStream.writeBytes(Native Method)
	at java.base/java.io.FileOutputStream.write(FileOutputStream.java:354)
	at java.base/java.io.BufferedOutputStream.flushBuffer(BufferedOutputStream.java:81)
	at java.base/java.io.BufferedOutputStream.flush(BufferedOutputStream.java:142)
	at org.eclipse.lsp4j.jsonrpc.json.StreamMessageConsumer.consume(StreamMessageConsumer.java:69)
	... 12 more

!ENTRY org.springframework.tooling.ls.eclipse.commons 1 0 2025-06-20 15:22:26.017
!MESSAGE Entering DelegatingStreamConnectionProvider()

!ENTRY org.springframework.tooling.ls.eclipse.commons 1 0 2025-06-20 15:22:26.017
!MESSAGE DelegatingStreamConnectionProvider classloader = org.eclipse.osgi.internal.loader.EquinoxClassLoader@580cb668[org.springframework.tooling.boot.ls:1.28.0.202109130547(id=1001)]

!ENTRY org.springframework.tooling.ls.eclipse.commons 1 0 2025-06-20 15:22:26.017
!MESSAGE SpringBootLanguageServer exists!

!ENTRY org.springframework.tooling.ls.eclipse.commons 1 0 2025-06-20 15:22:27.099
!MESSAGE Boot LS startup time from start to initialized: 1080ms

!ENTRY org.eclipse.jface.text 4 0 2025-06-20 15:22:27.127
!MESSAGE org.eclipse.lsp4j.jsonrpc.JsonRpcException: java.io.IOException: 파이프가 닫히는 중입니다
!STACK 0
java.util.concurrent.CompletionException: org.eclipse.lsp4j.jsonrpc.JsonRpcException: java.io.IOException: 파이프가 닫히는 중입니다
	at java.base/java.util.concurrent.CompletableFuture.encodeThrowable(CompletableFuture.java:331)
	at java.base/java.util.concurrent.CompletableFuture.uniAcceptNow(CompletableFuture.java:743)
	at java.base/java.util.concurrent.CompletableFuture.uniAcceptStage(CompletableFuture.java:731)
	at java.base/java.util.concurrent.CompletableFuture.thenAcceptAsync(CompletableFuture.java:2118)
	at org.eclipse.lsp4e.operations.codelens.CodeLensProvider.lambda$2(CodeLensProvider.java:44)
	at java.base/java.util.stream.ReferencePipeline$3$1.accept(ReferencePipeline.java:195)
	at java.base/java.util.ArrayList$ArrayListSpliterator.forEachRemaining(ArrayList.java:1655)
	at java.base/java.util.stream.AbstractPipeline.copyInto(AbstractPipeline.java:484)
	at java.base/java.util.stream.AbstractPipeline.wrapAndCopyInto(AbstractPipeline.java:474)
	at java.base/java.util.stream.AbstractPipeline.evaluate(AbstractPipeline.java:550)
	at java.base/java.util.stream.AbstractPipeline.evaluateToArrayNode(AbstractPipeline.java:260)
	at java.base/java.util.stream.ReferencePipeline.toArray(ReferencePipeline.java:517)
	at org.eclipse.lsp4e.operations.codelens.CodeLensProvider.lambda$1(CodeLensProvider.java:52)
	at java.base/java.util.concurrent.CompletableFuture$UniCompose.tryFire(CompletableFuture.java:1072)
	at java.base/java.util.concurrent.CompletableFuture$Completion.exec(CompletableFuture.java:479)
	at java.base/java.util.concurrent.ForkJoinTask.doExec(ForkJoinTask.java:290)
	at java.base/java.util.concurrent.ForkJoinPool$WorkQueue.topLevelExec(ForkJoinPool.java:1020)
	at java.base/java.util.concurrent.ForkJoinPool.scan(ForkJoinPool.java:1656)
	at java.base/java.util.concurrent.ForkJoinPool.runWorker(ForkJoinPool.java:1594)
	at java.base/java.util.concurrent.ForkJoinWorkerThread.run(ForkJoinWorkerThread.java:183)
Caused by: org.eclipse.lsp4j.jsonrpc.JsonRpcException: java.io.IOException: 파이프가 닫히는 중입니다
	at org.eclipse.lsp4j.jsonrpc.json.StreamMessageConsumer.consume(StreamMessageConsumer.java:72)
	at org.eclipse.lsp4e.LanguageServerWrapper.lambda$4(LanguageServerWrapper.java:260)
	at org.eclipse.lsp4j.jsonrpc.RemoteEndpoint.request(RemoteEndpoint.java:161)
	at org.eclipse.lsp4j.jsonrpc.services.EndpointProxy.invoke(EndpointProxy.java:91)
	at com.sun.proxy.$Proxy66.codeLens(Unknown Source)
	at org.eclipse.lsp4e.operations.codelens.CodeLensProvider.lambda$2(CodeLensProvider.java:43)
	... 15 more
Caused by: java.io.IOException: 파이프가 닫히는 중입니다
	at java.base/java.io.FileOutputStream.writeBytes(Native Method)
	at java.base/java.io.FileOutputStream.write(FileOutputStream.java:354)
	at java.base/java.io.BufferedOutputStream.flushBuffer(BufferedOutputStream.java:81)
	at java.base/java.io.BufferedOutputStream.flush(BufferedOutputStream.java:142)
	at org.eclipse.lsp4j.jsonrpc.json.StreamMessageConsumer.consume(StreamMessageConsumer.java:69)
	... 20 more

!ENTRY org.eclipse.jface.text 4 0 2025-06-20 15:22:27.129
!MESSAGE org.eclipse.lsp4j.jsonrpc.JsonRpcException: java.io.IOException: 파이프가 닫히는 중입니다
!STACK 0
java.util.concurrent.CompletionException: org.eclipse.lsp4j.jsonrpc.JsonRpcException: java.io.IOException: 파이프가 닫히는 중입니다
	at java.base/java.util.concurrent.CompletableFuture.encodeThrowable(CompletableFuture.java:331)
	at java.base/java.util.concurrent.CompletableFuture.uniAcceptNow(CompletableFuture.java:743)
	at java.base/java.util.concurrent.CompletableFuture.uniAcceptStage(CompletableFuture.java:731)
	at java.base/java.util.concurrent.CompletableFuture.thenAcceptAsync(CompletableFuture.java:2118)
	at org.eclipse.lsp4e.operations.codelens.CodeLensProvider.lambda$2(CodeLensProvider.java:44)
	at java.base/java.util.stream.ReferencePipeline$3$1.accept(ReferencePipeline.java:195)
	at java.base/java.util.ArrayList$ArrayListSpliterator.forEachRemaining(ArrayList.java:1655)
	at java.base/java.util.stream.AbstractPipeline.copyInto(AbstractPipeline.java:484)
	at java.base/java.util.stream.AbstractPipeline.wrapAndCopyInto(AbstractPipeline.java:474)
	at java.base/java.util.stream.AbstractPipeline.evaluate(AbstractPipeline.java:550)
	at java.base/java.util.stream.AbstractPipeline.evaluateToArrayNode(AbstractPipeline.java:260)
	at java.base/java.util.stream.ReferencePipeline.toArray(ReferencePipeline.java:517)
	at org.eclipse.lsp4e.operations.codelens.CodeLensProvider.lambda$1(CodeLensProvider.java:52)
	at java.base/java.util.concurrent.CompletableFuture$UniCompose.tryFire(CompletableFuture.java:1072)
	at java.base/java.util.concurrent.CompletableFuture$Completion.exec(CompletableFuture.java:479)
	at java.base/java.util.concurrent.ForkJoinTask.doExec(ForkJoinTask.java:290)
	at java.base/java.util.concurrent.ForkJoinPool$WorkQueue.topLevelExec(ForkJoinPool.java:1020)
	at java.base/java.util.concurrent.ForkJoinPool.scan(ForkJoinPool.java:1656)
	at java.base/java.util.concurrent.ForkJoinPool.runWorker(ForkJoinPool.java:1594)
	at java.base/java.util.concurrent.ForkJoinWorkerThread.run(ForkJoinWorkerThread.java:183)
Caused by: org.eclipse.lsp4j.jsonrpc.JsonRpcException: java.io.IOException: 파이프가 닫히는 중입니다
	at org.eclipse.lsp4j.jsonrpc.json.StreamMessageConsumer.consume(StreamMessageConsumer.java:72)
	at org.eclipse.lsp4e.LanguageServerWrapper.lambda$4(LanguageServerWrapper.java:260)
	at org.eclipse.lsp4j.jsonrpc.RemoteEndpoint.request(RemoteEndpoint.java:161)
	at org.eclipse.lsp4j.jsonrpc.services.EndpointProxy.invoke(EndpointProxy.java:91)
	at com.sun.proxy.$Proxy66.codeLens(Unknown Source)
	at org.eclipse.lsp4e.operations.codelens.CodeLensProvider.lambda$2(CodeLensProvider.java:43)
	... 15 more
Caused by: java.io.IOException: 파이프가 닫히는 중입니다
	at java.base/java.io.FileOutputStream.writeBytes(Native Method)
	at java.base/java.io.FileOutputStream.write(FileOutputStream.java:354)
	at java.base/java.io.BufferedOutputStream.flushBuffer(BufferedOutputStream.java:81)
	at java.base/java.io.BufferedOutputStream.flush(BufferedOutputStream.java:142)
	at org.eclipse.lsp4j.jsonrpc.json.StreamMessageConsumer.consume(StreamMessageConsumer.java:69)
	... 20 more

!ENTRY org.eclipse.jface.text 4 0 2025-06-20 15:22:27.129
!MESSAGE org.eclipse.lsp4j.jsonrpc.JsonRpcException: java.io.IOException: 파이프가 닫히는 중입니다
!STACK 0
java.util.concurrent.CompletionException: org.eclipse.lsp4j.jsonrpc.JsonRpcException: java.io.IOException: 파이프가 닫히는 중입니다
	at java.base/java.util.concurrent.CompletableFuture.encodeThrowable(CompletableFuture.java:331)
	at java.base/java.util.concurrent.CompletableFuture.uniAcceptNow(CompletableFuture.java:743)
	at java.base/java.util.concurrent.CompletableFuture.uniAcceptStage(CompletableFuture.java:731)
	at java.base/java.util.concurrent.CompletableFuture.thenAcceptAsync(CompletableFuture.java:2118)
	at org.eclipse.lsp4e.operations.codelens.CodeLensProvider.lambda$2(CodeLensProvider.java:44)
	at java.base/java.util.stream.ReferencePipeline$3$1.accept(ReferencePipeline.java:195)
	at java.base/java.util.ArrayList$ArrayListSpliterator.forEachRemaining(ArrayList.java:1655)
	at java.base/java.util.stream.AbstractPipeline.copyInto(AbstractPipeline.java:484)
	at java.base/java.util.stream.AbstractPipeline.wrapAndCopyInto(AbstractPipeline.java:474)
	at java.base/java.util.stream.AbstractPipeline.evaluate(AbstractPipeline.java:550)
	at java.base/java.util.stream.AbstractPipeline.evaluateToArrayNode(AbstractPipeline.java:260)
	at java.base/java.util.stream.ReferencePipeline.toArray(ReferencePipeline.java:517)
	at org.eclipse.lsp4e.operations.codelens.CodeLensProvider.lambda$1(CodeLensProvider.java:52)
	at java.base/java.util.concurrent.CompletableFuture$UniCompose.tryFire(CompletableFuture.java:1072)
	at java.base/java.util.concurrent.CompletableFuture$Completion.exec(CompletableFuture.java:479)
	at java.base/java.util.concurrent.ForkJoinTask.doExec(ForkJoinTask.java:290)
	at java.base/java.util.concurrent.ForkJoinPool$WorkQueue.topLevelExec(ForkJoinPool.java:1020)
	at java.base/java.util.concurrent.ForkJoinPool.scan(ForkJoinPool.java:1656)
	at java.base/java.util.concurrent.ForkJoinPool.runWorker(ForkJoinPool.java:1594)
	at java.base/java.util.concurrent.ForkJoinWorkerThread.run(ForkJoinWorkerThread.java:183)
Caused by: org.eclipse.lsp4j.jsonrpc.JsonRpcException: java.io.IOException: 파이프가 닫히는 중입니다
	at org.eclipse.lsp4j.jsonrpc.json.StreamMessageConsumer.consume(StreamMessageConsumer.java:72)
	at org.eclipse.lsp4e.LanguageServerWrapper.lambda$4(LanguageServerWrapper.java:260)
	at org.eclipse.lsp4j.jsonrpc.RemoteEndpoint.request(RemoteEndpoint.java:161)
	at org.eclipse.lsp4j.jsonrpc.services.EndpointProxy.invoke(EndpointProxy.java:91)
	at com.sun.proxy.$Proxy66.codeLens(Unknown Source)
	at org.eclipse.lsp4e.operations.codelens.CodeLensProvider.lambda$2(CodeLensProvider.java:43)
	... 15 more
Caused by: java.io.IOException: 파이프가 닫히는 중입니다
	at java.base/java.io.FileOutputStream.writeBytes(Native Method)
	at java.base/java.io.FileOutputStream.write(FileOutputStream.java:354)
	at java.base/java.io.BufferedOutputStream.flushBuffer(BufferedOutputStream.java:81)
	at java.base/java.io.BufferedOutputStream.flush(BufferedOutputStream.java:142)
	at org.eclipse.lsp4j.jsonrpc.json.StreamMessageConsumer.consume(StreamMessageConsumer.java:69)
	... 20 more

!ENTRY org.eclipse.jface.text 4 0 2025-06-20 15:22:27.129
!MESSAGE org.eclipse.lsp4j.jsonrpc.JsonRpcException: java.io.IOException: 파이프가 닫히는 중입니다
!STACK 0
java.util.concurrent.CompletionException: org.eclipse.lsp4j.jsonrpc.JsonRpcException: java.io.IOException: 파이프가 닫히는 중입니다
	at java.base/java.util.concurrent.CompletableFuture.encodeThrowable(CompletableFuture.java:331)
	at java.base/java.util.concurrent.CompletableFuture.uniAcceptNow(CompletableFuture.java:743)
	at java.base/java.util.concurrent.CompletableFuture.uniAcceptStage(CompletableFuture.java:731)
	at java.base/java.util.concurrent.CompletableFuture.thenAcceptAsync(CompletableFuture.java:2118)
	at org.eclipse.lsp4e.operations.codelens.CodeLensProvider.lambda$2(CodeLensProvider.java:44)
	at java.base/java.util.stream.ReferencePipeline$3$1.accept(ReferencePipeline.java:195)
	at java.base/java.util.ArrayList$ArrayListSpliterator.forEachRemaining(ArrayList.java:1655)
	at java.base/java.util.stream.AbstractPipeline.copyInto(AbstractPipeline.java:484)
	at java.base/java.util.stream.AbstractPipeline.wrapAndCopyInto(AbstractPipeline.java:474)
	at java.base/java.util.stream.AbstractPipeline.evaluate(AbstractPipeline.java:550)
	at java.base/java.util.stream.AbstractPipeline.evaluateToArrayNode(AbstractPipeline.java:260)
	at java.base/java.util.stream.ReferencePipeline.toArray(ReferencePipeline.java:517)
	at org.eclipse.lsp4e.operations.codelens.CodeLensProvider.lambda$1(CodeLensProvider.java:52)
	at java.base/java.util.concurrent.CompletableFuture$UniCompose.tryFire(CompletableFuture.java:1072)
	at java.base/java.util.concurrent.CompletableFuture$Completion.exec(CompletableFuture.java:479)
	at java.base/java.util.concurrent.ForkJoinTask.doExec(ForkJoinTask.java:290)
	at java.base/java.util.concurrent.ForkJoinPool$WorkQueue.topLevelExec(ForkJoinPool.java:1020)
	at java.base/java.util.concurrent.ForkJoinPool.scan(ForkJoinPool.java:1656)
	at java.base/java.util.concurrent.ForkJoinPool.runWorker(ForkJoinPool.java:1594)
	at java.base/java.util.concurrent.ForkJoinWorkerThread.run(ForkJoinWorkerThread.java:183)
Caused by: org.eclipse.lsp4j.jsonrpc.JsonRpcException: java.io.IOException: 파이프가 닫히는 중입니다
	at org.eclipse.lsp4j.jsonrpc.json.StreamMessageConsumer.consume(StreamMessageConsumer.java:72)
	at org.eclipse.lsp4e.LanguageServerWrapper.lambda$4(LanguageServerWrapper.java:260)
	at org.eclipse.lsp4j.jsonrpc.RemoteEndpoint.request(RemoteEndpoint.java:161)
	at org.eclipse.lsp4j.jsonrpc.services.EndpointProxy.invoke(EndpointProxy.java:91)
	at com.sun.proxy.$Proxy66.codeLens(Unknown Source)
	at org.eclipse.lsp4e.operations.codelens.CodeLensProvider.lambda$2(CodeLensProvider.java:43)
	... 15 more
Caused by: java.io.IOException: 파이프가 닫히는 중입니다
	at java.base/java.io.FileOutputStream.writeBytes(Native Method)
	at java.base/java.io.FileOutputStream.write(FileOutputStream.java:354)
	at java.base/java.io.BufferedOutputStream.flushBuffer(BufferedOutputStream.java:81)
	at java.base/java.io.BufferedOutputStream.flush(BufferedOutputStream.java:142)
	at org.eclipse.lsp4j.jsonrpc.json.StreamMessageConsumer.consume(StreamMessageConsumer.java:69)
	... 20 more

!ENTRY org.springframework.tooling.ls.eclipse.commons 1 0 2025-06-20 15:22:27.157
!MESSAGE ClasspathListenerHandler addClasspathListener sts4.classpath.MOLAlmuKisBatched = true

!ENTRY org.springframework.tooling.ls.eclipse.commons 1 0 2025-06-20 15:22:27.158
!MESSAGE Setting up ClasspathListenerManager

!ENTRY org.springframework.tooling.ls.eclipse.commons 1 0 2025-06-20 15:22:27.158
!MESSAGE Scheduling initial event for all projects ...

!ENTRY org.springframework.tooling.ls.eclipse.commons 1 0 2025-06-20 15:22:27.158
!MESSAGE Scheduling initial event for all projects DONE

!ENTRY org.springframework.tooling.ls.eclipse.commons 1 0 2025-06-20 15:22:27.158
!MESSAGE exists = true open = true => deleted = false

!ENTRY org.springframework.tooling.ls.eclipse.commons 1 0 2025-06-20 15:22:27.158
!MESSAGE ClasspathListenerHandler addClasspathListener sts4.classpath.MOLAlmuK => OK

!ENTRY org.springframework.tooling.ls.eclipse.commons 1 0 2025-06-20 15:22:27.160
!MESSAGE classpath=57 entries

!ENTRY org.springframework.tooling.ls.eclipse.commons 1 0 2025-06-20 15:22:27.160
!MESSAGE buffering callback sts4.classpath.MOLAlmuK ServiceExam false 57

!ENTRY org.springframework.tooling.ls.eclipse.commons 1 0 2025-06-20 15:22:27.161
!MESSAGE executing callback sts4.classpath.MOLAlmuK 1 batched events

!ENTRY org.eclipse.m2e.logback.appender 2 0 2025-06-20 15:22:27.206
!MESSAGE Using platform encoding (UTF-8 actually) to copy filtered resources, i.e. build is platform dependent!

!ENTRY org.eclipse.m2e.logback.appender 2 0 2025-06-20 15:22:27.207
!MESSAGE Using platform encoding (UTF-8 actually) to copy filtered resources, i.e. build is platform dependent!

!ENTRY org.springframework.tooling.ls.eclipse.commons 1 0 2025-06-20 15:22:27.377
!MESSAGE executing callback sts4.classpath.MOLAlmuK SUCCESS [done]

!ENTRY org.eclipse.lsp4e 4 0 2025-06-20 15:22:27.378
!MESSAGE org.eclipse.lsp4j.jsonrpc.JsonRpcException: java.io.IOException: 파이프가 닫히는 중입니다
!STACK 0
java.util.concurrent.ExecutionException: org.eclipse.lsp4j.jsonrpc.JsonRpcException: java.io.IOException: 파이프가 닫히는 중입니다
	at java.base/java.util.concurrent.CompletableFuture.reportGet(CompletableFuture.java:395)
	at java.base/java.util.concurrent.CompletableFuture.get(CompletableFuture.java:2028)
	at org.eclipse.lsp4e.LanguageServerWrapper.lambda$13(LanguageServerWrapper.java:425)
	at java.base/java.util.concurrent.CompletableFuture$AsyncRun.run(CompletableFuture.java:1736)
	at java.base/java.util.concurrent.CompletableFuture$AsyncRun.exec(CompletableFuture.java:1728)
	at java.base/java.util.concurrent.ForkJoinTask.doExec(ForkJoinTask.java:290)
	at java.base/java.util.concurrent.ForkJoinPool$WorkQueue.topLevelExec(ForkJoinPool.java:1020)
	at java.base/java.util.concurrent.ForkJoinPool.scan(ForkJoinPool.java:1656)
	at java.base/java.util.concurrent.ForkJoinPool.runWorker(ForkJoinPool.java:1594)
	at java.base/java.util.concurrent.ForkJoinWorkerThread.run(ForkJoinWorkerThread.java:183)
Caused by: org.eclipse.lsp4j.jsonrpc.JsonRpcException: java.io.IOException: 파이프가 닫히는 중입니다
	at org.eclipse.lsp4j.jsonrpc.json.StreamMessageConsumer.consume(StreamMessageConsumer.java:72)
	at org.eclipse.lsp4e.LanguageServerWrapper.lambda$4(LanguageServerWrapper.java:260)
	at org.eclipse.lsp4j.jsonrpc.RemoteEndpoint.request(RemoteEndpoint.java:161)
	at org.eclipse.lsp4j.jsonrpc.services.EndpointProxy.invoke(EndpointProxy.java:91)
	at com.sun.proxy.$Proxy68.shutdown(Unknown Source)
	at org.eclipse.lsp4e.LanguageServerWrapper.lambda$13(LanguageServerWrapper.java:423)
	... 7 more
Caused by: java.io.IOException: 파이프가 닫히는 중입니다
	at java.base/java.io.FileOutputStream.writeBytes(Native Method)
	at java.base/java.io.FileOutputStream.write(FileOutputStream.java:354)
	at java.base/java.io.BufferedOutputStream.flushBuffer(BufferedOutputStream.java:81)
	at java.base/java.io.BufferedOutputStream.flush(BufferedOutputStream.java:142)
	at org.eclipse.lsp4j.jsonrpc.json.StreamMessageConsumer.consume(StreamMessageConsumer.java:69)
	... 12 more

!ENTRY org.eclipse.lsp4e 4 0 2025-06-20 15:22:27.378
!MESSAGE org.eclipse.lsp4j.jsonrpc.JsonRpcException: java.io.IOException: 파이프가 닫히는 중입니다
!STACK 0
java.util.concurrent.ExecutionException: org.eclipse.lsp4j.jsonrpc.JsonRpcException: java.io.IOException: 파이프가 닫히는 중입니다
	at java.base/java.util.concurrent.CompletableFuture.reportGet(CompletableFuture.java:395)
	at java.base/java.util.concurrent.CompletableFuture.get(CompletableFuture.java:2028)
	at org.eclipse.lsp4e.LanguageServerWrapper.lambda$13(LanguageServerWrapper.java:425)
	at java.base/java.util.concurrent.CompletableFuture$AsyncRun.run(CompletableFuture.java:1736)
	at java.base/java.util.concurrent.CompletableFuture$AsyncRun.exec(CompletableFuture.java:1728)
	at java.base/java.util.concurrent.ForkJoinTask.doExec(ForkJoinTask.java:290)
	at java.base/java.util.concurrent.ForkJoinPool$WorkQueue.topLevelExec(ForkJoinPool.java:1020)
	at java.base/java.util.concurrent.ForkJoinPool.scan(ForkJoinPool.java:1656)
	at java.base/java.util.concurrent.ForkJoinPool.runWorker(ForkJoinPool.java:1594)
	at java.base/java.util.concurrent.ForkJoinWorkerThread.run(ForkJoinWorkerThread.java:183)
Caused by: org.eclipse.lsp4j.jsonrpc.JsonRpcException: java.io.IOException: 파이프가 닫히는 중입니다
	at org.eclipse.lsp4j.jsonrpc.json.StreamMessageConsumer.consume(StreamMessageConsumer.java:72)
	at org.eclipse.lsp4e.LanguageServerWrapper.lambda$4(LanguageServerWrapper.java:260)
	at org.eclipse.lsp4j.jsonrpc.RemoteEndpoint.request(RemoteEndpoint.java:161)
	at org.eclipse.lsp4j.jsonrpc.services.EndpointProxy.invoke(EndpointProxy.java:91)
	at com.sun.proxy.$Proxy68.shutdown(Unknown Source)
	at org.eclipse.lsp4e.LanguageServerWrapper.lambda$13(LanguageServerWrapper.java:423)
	... 7 more
Caused by: java.io.IOException: 파이프가 닫히는 중입니다
	at java.base/java.io.FileOutputStream.writeBytes(Native Method)
	at java.base/java.io.FileOutputStream.write(FileOutputStream.java:354)
	at java.base/java.io.BufferedOutputStream.flushBuffer(BufferedOutputStream.java:81)
	at java.base/java.io.BufferedOutputStream.flush(BufferedOutputStream.java:142)
	at org.eclipse.lsp4j.jsonrpc.json.StreamMessageConsumer.consume(StreamMessageConsumer.java:69)
	... 12 more

!ENTRY org.springframework.tooling.ls.eclipse.commons 1 0 2025-06-20 15:22:27.379
!MESSAGE Entering DelegatingStreamConnectionProvider()

!ENTRY org.springframework.tooling.ls.eclipse.commons 1 0 2025-06-20 15:22:27.379
!MESSAGE DelegatingStreamConnectionProvider classloader = org.eclipse.osgi.internal.loader.EquinoxClassLoader@580cb668[org.springframework.tooling.boot.ls:1.28.0.202109130547(id=1001)]

!ENTRY org.springframework.tooling.ls.eclipse.commons 1 0 2025-06-20 15:22:27.379
!MESSAGE SpringBootLanguageServer exists!

!ENTRY org.springframework.tooling.ls.eclipse.commons 1 0 2025-06-20 15:22:28.462
!MESSAGE Boot LS startup time from start to initialized: 1083ms

!ENTRY org.eclipse.jface.text 4 0 2025-06-20 15:22:28.490
!MESSAGE org.eclipse.lsp4j.jsonrpc.JsonRpcException: java.io.IOException: 파이프가 닫히는 중입니다
!STACK 0
java.util.concurrent.CompletionException: org.eclipse.lsp4j.jsonrpc.JsonRpcException: java.io.IOException: 파이프가 닫히는 중입니다
	at java.base/java.util.concurrent.CompletableFuture.encodeThrowable(CompletableFuture.java:331)
	at java.base/java.util.concurrent.CompletableFuture.uniAcceptNow(CompletableFuture.java:743)
	at java.base/java.util.concurrent.CompletableFuture.uniAcceptStage(CompletableFuture.java:731)
	at java.base/java.util.concurrent.CompletableFuture.thenAcceptAsync(CompletableFuture.java:2118)
	at org.eclipse.lsp4e.operations.codelens.CodeLensProvider.lambda$2(CodeLensProvider.java:44)
	at java.base/java.util.stream.ReferencePipeline$3$1.accept(ReferencePipeline.java:195)
	at java.base/java.util.ArrayList$ArrayListSpliterator.forEachRemaining(ArrayList.java:1655)
	at java.base/java.util.stream.AbstractPipeline.copyInto(AbstractPipeline.java:484)
	at java.base/java.util.stream.AbstractPipeline.wrapAndCopyInto(AbstractPipeline.java:474)
	at java.base/java.util.stream.AbstractPipeline.evaluate(AbstractPipeline.java:550)
	at java.base/java.util.stream.AbstractPipeline.evaluateToArrayNode(AbstractPipeline.java:260)
	at java.base/java.util.stream.ReferencePipeline.toArray(ReferencePipeline.java:517)
	at org.eclipse.lsp4e.operations.codelens.CodeLensProvider.lambda$1(CodeLensProvider.java:52)
	at java.base/java.util.concurrent.CompletableFuture$UniCompose.tryFire(CompletableFuture.java:1072)
	at java.base/java.util.concurrent.CompletableFuture$Completion.exec(CompletableFuture.java:479)
	at java.base/java.util.concurrent.ForkJoinTask.doExec(ForkJoinTask.java:290)
	at java.base/java.util.concurrent.ForkJoinPool$WorkQueue.topLevelExec(ForkJoinPool.java:1020)
	at java.base/java.util.concurrent.ForkJoinPool.scan(ForkJoinPool.java:1656)
	at java.base/java.util.concurrent.ForkJoinPool.runWorker(ForkJoinPool.java:1594)
	at java.base/java.util.concurrent.ForkJoinWorkerThread.run(ForkJoinWorkerThread.java:183)
Caused by: org.eclipse.lsp4j.jsonrpc.JsonRpcException: java.io.IOException: 파이프가 닫히는 중입니다
	at org.eclipse.lsp4j.jsonrpc.json.StreamMessageConsumer.consume(StreamMessageConsumer.java:72)
	at org.eclipse.lsp4e.LanguageServerWrapper.lambda$4(LanguageServerWrapper.java:260)
	at org.eclipse.lsp4j.jsonrpc.RemoteEndpoint.request(RemoteEndpoint.java:161)
	at org.eclipse.lsp4j.jsonrpc.services.EndpointProxy.invoke(EndpointProxy.java:91)
	at com.sun.proxy.$Proxy66.codeLens(Unknown Source)
	at org.eclipse.lsp4e.operations.codelens.CodeLensProvider.lambda$2(CodeLensProvider.java:43)
	... 15 more
Caused by: java.io.IOException: 파이프가 닫히는 중입니다
	at java.base/java.io.FileOutputStream.writeBytes(Native Method)
	at java.base/java.io.FileOutputStream.write(FileOutputStream.java:354)
	at java.base/java.io.BufferedOutputStream.flushBuffer(BufferedOutputStream.java:81)
	at java.base/java.io.BufferedOutputStream.flush(BufferedOutputStream.java:142)
	at org.eclipse.lsp4j.jsonrpc.json.StreamMessageConsumer.consume(StreamMessageConsumer.java:69)
	... 20 more

!ENTRY org.eclipse.jface.text 4 0 2025-06-20 15:22:28.490
!MESSAGE org.eclipse.lsp4j.jsonrpc.JsonRpcException: java.io.IOException: 파이프가 닫히는 중입니다
!STACK 0
java.util.concurrent.CompletionException: org.eclipse.lsp4j.jsonrpc.JsonRpcException: java.io.IOException: 파이프가 닫히는 중입니다
	at java.base/java.util.concurrent.CompletableFuture.encodeThrowable(CompletableFuture.java:331)
	at java.base/java.util.concurrent.CompletableFuture.uniAcceptNow(CompletableFuture.java:743)
	at java.base/java.util.concurrent.CompletableFuture.uniAcceptStage(CompletableFuture.java:731)
	at java.base/java.util.concurrent.CompletableFuture.thenAcceptAsync(CompletableFuture.java:2118)
	at org.eclipse.lsp4e.operations.codelens.CodeLensProvider.lambda$2(CodeLensProvider.java:44)
	at java.base/java.util.stream.ReferencePipeline$3$1.accept(ReferencePipeline.java:195)
	at java.base/java.util.ArrayList$ArrayListSpliterator.forEachRemaining(ArrayList.java:1655)
	at java.base/java.util.stream.AbstractPipeline.copyInto(AbstractPipeline.java:484)
	at java.base/java.util.stream.AbstractPipeline.wrapAndCopyInto(AbstractPipeline.java:474)
	at java.base/java.util.stream.AbstractPipeline.evaluate(AbstractPipeline.java:550)
	at java.base/java.util.stream.AbstractPipeline.evaluateToArrayNode(AbstractPipeline.java:260)
	at java.base/java.util.stream.ReferencePipeline.toArray(ReferencePipeline.java:517)
	at org.eclipse.lsp4e.operations.codelens.CodeLensProvider.lambda$1(CodeLensProvider.java:52)
	at java.base/java.util.concurrent.CompletableFuture$UniCompose.tryFire(CompletableFuture.java:1072)
	at java.base/java.util.concurrent.CompletableFuture$Completion.exec(CompletableFuture.java:479)
	at java.base/java.util.concurrent.ForkJoinTask.doExec(ForkJoinTask.java:290)
	at java.base/java.util.concurrent.ForkJoinPool$WorkQueue.topLevelExec(ForkJoinPool.java:1020)
	at java.base/java.util.concurrent.ForkJoinPool.scan(ForkJoinPool.java:1656)
	at java.base/java.util.concurrent.ForkJoinPool.runWorker(ForkJoinPool.java:1594)
	at java.base/java.util.concurrent.ForkJoinWorkerThread.run(ForkJoinWorkerThread.java:183)
Caused by: org.eclipse.lsp4j.jsonrpc.JsonRpcException: java.io.IOException: 파이프가 닫히는 중입니다
	at org.eclipse.lsp4j.jsonrpc.json.StreamMessageConsumer.consume(StreamMessageConsumer.java:72)
	at org.eclipse.lsp4e.LanguageServerWrapper.lambda$4(LanguageServerWrapper.java:260)
	at org.eclipse.lsp4j.jsonrpc.RemoteEndpoint.request(RemoteEndpoint.java:161)
	at org.eclipse.lsp4j.jsonrpc.services.EndpointProxy.invoke(EndpointProxy.java:91)
	at com.sun.proxy.$Proxy66.codeLens(Unknown Source)
	at org.eclipse.lsp4e.operations.codelens.CodeLensProvider.lambda$2(CodeLensProvider.java:43)
	... 15 more
Caused by: java.io.IOException: 파이프가 닫히는 중입니다
	at java.base/java.io.FileOutputStream.writeBytes(Native Method)
	at java.base/java.io.FileOutputStream.write(FileOutputStream.java:354)
	at java.base/java.io.BufferedOutputStream.flushBuffer(BufferedOutputStream.java:81)
	at java.base/java.io.BufferedOutputStream.flush(BufferedOutputStream.java:142)
	at org.eclipse.lsp4j.jsonrpc.json.StreamMessageConsumer.consume(StreamMessageConsumer.java:69)
	... 20 more

!ENTRY org.eclipse.jface.text 4 0 2025-06-20 15:22:28.490
!MESSAGE org.eclipse.lsp4j.jsonrpc.JsonRpcException: java.io.IOException: 파이프가 닫히는 중입니다
!STACK 0
java.util.concurrent.CompletionException: org.eclipse.lsp4j.jsonrpc.JsonRpcException: java.io.IOException: 파이프가 닫히는 중입니다
	at java.base/java.util.concurrent.CompletableFuture.encodeThrowable(CompletableFuture.java:331)
	at java.base/java.util.concurrent.CompletableFuture.uniAcceptNow(CompletableFuture.java:743)
	at java.base/java.util.concurrent.CompletableFuture.uniAcceptStage(CompletableFuture.java:731)
	at java.base/java.util.concurrent.CompletableFuture.thenAcceptAsync(CompletableFuture.java:2118)
	at org.eclipse.lsp4e.operations.codelens.CodeLensProvider.lambda$2(CodeLensProvider.java:44)
	at java.base/java.util.stream.ReferencePipeline$3$1.accept(ReferencePipeline.java:195)
	at java.base/java.util.ArrayList$ArrayListSpliterator.forEachRemaining(ArrayList.java:1655)
	at java.base/java.util.stream.AbstractPipeline.copyInto(AbstractPipeline.java:484)
	at java.base/java.util.stream.AbstractPipeline.wrapAndCopyInto(AbstractPipeline.java:474)
	at java.base/java.util.stream.AbstractPipeline.evaluate(AbstractPipeline.java:550)
	at java.base/java.util.stream.AbstractPipeline.evaluateToArrayNode(AbstractPipeline.java:260)
	at java.base/java.util.stream.ReferencePipeline.toArray(ReferencePipeline.java:517)
	at org.eclipse.lsp4e.operations.codelens.CodeLensProvider.lambda$1(CodeLensProvider.java:52)
	at java.base/java.util.concurrent.CompletableFuture$UniCompose.tryFire(CompletableFuture.java:1072)
	at java.base/java.util.concurrent.CompletableFuture$Completion.exec(CompletableFuture.java:479)
	at java.base/java.util.concurrent.ForkJoinTask.doExec(ForkJoinTask.java:290)
	at java.base/java.util.concurrent.ForkJoinPool$WorkQueue.topLevelExec(ForkJoinPool.java:1020)
	at java.base/java.util.concurrent.ForkJoinPool.scan(ForkJoinPool.java:1656)
	at java.base/java.util.concurrent.ForkJoinPool.runWorker(ForkJoinPool.java:1594)
	at java.base/java.util.concurrent.ForkJoinWorkerThread.run(ForkJoinWorkerThread.java:183)
Caused by: org.eclipse.lsp4j.jsonrpc.JsonRpcException: java.io.IOException: 파이프가 닫히는 중입니다
	at org.eclipse.lsp4j.jsonrpc.json.StreamMessageConsumer.consume(StreamMessageConsumer.java:72)
	at org.eclipse.lsp4e.LanguageServerWrapper.lambda$4(LanguageServerWrapper.java:260)
	at org.eclipse.lsp4j.jsonrpc.RemoteEndpoint.request(RemoteEndpoint.java:161)
	at org.eclipse.lsp4j.jsonrpc.services.EndpointProxy.invoke(EndpointProxy.java:91)
	at com.sun.proxy.$Proxy66.codeLens(Unknown Source)
	at org.eclipse.lsp4e.operations.codelens.CodeLensProvider.lambda$2(CodeLensProvider.java:43)
	... 15 more
Caused by: java.io.IOException: 파이프가 닫히는 중입니다
	at java.base/java.io.FileOutputStream.writeBytes(Native Method)
	at java.base/java.io.FileOutputStream.write(FileOutputStream.java:354)
	at java.base/java.io.BufferedOutputStream.flushBuffer(BufferedOutputStream.java:81)
	at java.base/java.io.BufferedOutputStream.flush(BufferedOutputStream.java:142)
	at org.eclipse.lsp4j.jsonrpc.json.StreamMessageConsumer.consume(StreamMessageConsumer.java:69)
	... 20 more

!ENTRY org.eclipse.jface.text 4 0 2025-06-20 15:22:28.493
!MESSAGE org.eclipse.lsp4j.jsonrpc.JsonRpcException: java.io.IOException: 파이프가 닫히는 중입니다
!STACK 0
java.util.concurrent.CompletionException: org.eclipse.lsp4j.jsonrpc.JsonRpcException: java.io.IOException: 파이프가 닫히는 중입니다
	at java.base/java.util.concurrent.CompletableFuture.encodeThrowable(CompletableFuture.java:331)
	at java.base/java.util.concurrent.CompletableFuture.uniAcceptNow(CompletableFuture.java:743)
	at java.base/java.util.concurrent.CompletableFuture.uniAcceptStage(CompletableFuture.java:731)
	at java.base/java.util.concurrent.CompletableFuture.thenAcceptAsync(CompletableFuture.java:2118)
	at org.eclipse.lsp4e.operations.codelens.CodeLensProvider.lambda$2(CodeLensProvider.java:44)
	at java.base/java.util.stream.ReferencePipeline$3$1.accept(ReferencePipeline.java:195)
	at java.base/java.util.ArrayList$ArrayListSpliterator.forEachRemaining(ArrayList.java:1655)
	at java.base/java.util.stream.AbstractPipeline.copyInto(AbstractPipeline.java:484)
	at java.base/java.util.stream.AbstractPipeline.wrapAndCopyInto(AbstractPipeline.java:474)
	at java.base/java.util.stream.AbstractPipeline.evaluate(AbstractPipeline.java:550)
	at java.base/java.util.stream.AbstractPipeline.evaluateToArrayNode(AbstractPipeline.java:260)
	at java.base/java.util.stream.ReferencePipeline.toArray(ReferencePipeline.java:517)
	at org.eclipse.lsp4e.operations.codelens.CodeLensProvider.lambda$1(CodeLensProvider.java:52)
	at java.base/java.util.concurrent.CompletableFuture$UniCompose.tryFire(CompletableFuture.java:1072)
	at java.base/java.util.concurrent.CompletableFuture$Completion.exec(CompletableFuture.java:479)
	at java.base/java.util.concurrent.ForkJoinTask.doExec(ForkJoinTask.java:290)
	at java.base/java.util.concurrent.ForkJoinPool$WorkQueue.topLevelExec(ForkJoinPool.java:1020)
	at java.base/java.util.concurrent.ForkJoinPool.scan(ForkJoinPool.java:1656)
	at java.base/java.util.concurrent.ForkJoinPool.runWorker(ForkJoinPool.java:1594)
	at java.base/java.util.concurrent.ForkJoinWorkerThread.run(ForkJoinWorkerThread.java:183)
Caused by: org.eclipse.lsp4j.jsonrpc.JsonRpcException: java.io.IOException: 파이프가 닫히는 중입니다
	at org.eclipse.lsp4j.jsonrpc.json.StreamMessageConsumer.consume(StreamMessageConsumer.java:72)
	at org.eclipse.lsp4e.LanguageServerWrapper.lambda$4(LanguageServerWrapper.java:260)
	at org.eclipse.lsp4j.jsonrpc.RemoteEndpoint.request(RemoteEndpoint.java:161)
	at org.eclipse.lsp4j.jsonrpc.services.EndpointProxy.invoke(EndpointProxy.java:91)
	at com.sun.proxy.$Proxy66.codeLens(Unknown Source)
	at org.eclipse.lsp4e.operations.codelens.CodeLensProvider.lambda$2(CodeLensProvider.java:43)
	... 15 more
Caused by: java.io.IOException: 파이프가 닫히는 중입니다
	at java.base/java.io.FileOutputStream.writeBytes(Native Method)
	at java.base/java.io.FileOutputStream.write(FileOutputStream.java:354)
	at java.base/java.io.BufferedOutputStream.flushBuffer(BufferedOutputStream.java:81)
	at java.base/java.io.BufferedOutputStream.flush(BufferedOutputStream.java:142)
	at org.eclipse.lsp4j.jsonrpc.json.StreamMessageConsumer.consume(StreamMessageConsumer.java:69)
	... 20 more

!ENTRY org.springframework.tooling.ls.eclipse.commons 1 0 2025-06-20 15:22:28.516
!MESSAGE ClasspathListenerHandler addClasspathListener sts4.classpath.jXPhjJwaisBatched = true

!ENTRY org.springframework.tooling.ls.eclipse.commons 1 0 2025-06-20 15:22:28.517
!MESSAGE Setting up ClasspathListenerManager

!ENTRY org.springframework.tooling.ls.eclipse.commons 1 0 2025-06-20 15:22:28.517
!MESSAGE Scheduling initial event for all projects ...

!ENTRY org.springframework.tooling.ls.eclipse.commons 1 0 2025-06-20 15:22:28.517
!MESSAGE Scheduling initial event for all projects DONE

!ENTRY org.springframework.tooling.ls.eclipse.commons 1 0 2025-06-20 15:22:28.517
!MESSAGE exists = true open = true => deleted = false

!ENTRY org.springframework.tooling.ls.eclipse.commons 1 0 2025-06-20 15:22:28.517
!MESSAGE ClasspathListenerHandler addClasspathListener sts4.classpath.jXPhjJwa => OK

!ENTRY org.springframework.tooling.ls.eclipse.commons 1 0 2025-06-20 15:22:28.518
!MESSAGE classpath=57 entries

!ENTRY org.springframework.tooling.ls.eclipse.commons 1 0 2025-06-20 15:22:28.518
!MESSAGE buffering callback sts4.classpath.jXPhjJwa ServiceExam false 57

!ENTRY org.springframework.tooling.ls.eclipse.commons 1 0 2025-06-20 15:22:28.519
!MESSAGE executing callback sts4.classpath.jXPhjJwa 1 batched events

!ENTRY org.springframework.tooling.ls.eclipse.commons 1 0 2025-06-20 15:22:28.728
!MESSAGE executing callback sts4.classpath.jXPhjJwa SUCCESS [done]

!ENTRY org.springframework.tooling.ls.eclipse.commons 1 0 2025-06-20 15:22:28.729
!MESSAGE Entering DelegatingStreamConnectionProvider()

!ENTRY org.eclipse.lsp4e 4 0 2025-06-20 15:22:28.729
!MESSAGE org.eclipse.lsp4j.jsonrpc.JsonRpcException: java.io.IOException: 파이프가 닫히는 중입니다
!STACK 0
java.util.concurrent.ExecutionException: org.eclipse.lsp4j.jsonrpc.JsonRpcException: java.io.IOException: 파이프가 닫히는 중입니다
	at java.base/java.util.concurrent.CompletableFuture.reportGet(CompletableFuture.java:395)
	at java.base/java.util.concurrent.CompletableFuture.get(CompletableFuture.java:2028)
	at org.eclipse.lsp4e.LanguageServerWrapper.lambda$13(LanguageServerWrapper.java:425)
	at java.base/java.util.concurrent.CompletableFuture$AsyncRun.run(CompletableFuture.java:1736)
	at java.base/java.util.concurrent.CompletableFuture$AsyncRun.exec(CompletableFuture.java:1728)
	at java.base/java.util.concurrent.ForkJoinTask.doExec(ForkJoinTask.java:290)
	at java.base/java.util.concurrent.ForkJoinPool$WorkQueue.topLevelExec(ForkJoinPool.java:1020)
	at java.base/java.util.concurrent.ForkJoinPool.scan(ForkJoinPool.java:1656)
	at java.base/java.util.concurrent.ForkJoinPool.runWorker(ForkJoinPool.java:1594)
	at java.base/java.util.concurrent.ForkJoinWorkerThread.run(ForkJoinWorkerThread.java:183)
Caused by: org.eclipse.lsp4j.jsonrpc.JsonRpcException: java.io.IOException: 파이프가 닫히는 중입니다
	at org.eclipse.lsp4j.jsonrpc.json.StreamMessageConsumer.consume(StreamMessageConsumer.java:72)
	at org.eclipse.lsp4e.LanguageServerWrapper.lambda$4(LanguageServerWrapper.java:260)
	at org.eclipse.lsp4j.jsonrpc.RemoteEndpoint.request(RemoteEndpoint.java:161)
	at org.eclipse.lsp4j.jsonrpc.services.EndpointProxy.invoke(EndpointProxy.java:91)
	at com.sun.proxy.$Proxy68.shutdown(Unknown Source)
	at org.eclipse.lsp4e.LanguageServerWrapper.lambda$13(LanguageServerWrapper.java:423)
	... 7 more
Caused by: java.io.IOException: 파이프가 닫히는 중입니다
	at java.base/java.io.FileOutputStream.writeBytes(Native Method)
	at java.base/java.io.FileOutputStream.write(FileOutputStream.java:354)
	at java.base/java.io.BufferedOutputStream.flushBuffer(BufferedOutputStream.java:81)
	at java.base/java.io.BufferedOutputStream.flush(BufferedOutputStream.java:142)
	at org.eclipse.lsp4j.jsonrpc.json.StreamMessageConsumer.consume(StreamMessageConsumer.java:69)
	... 12 more

!ENTRY org.eclipse.lsp4e 4 0 2025-06-20 15:22:28.729
!MESSAGE org.eclipse.lsp4j.jsonrpc.JsonRpcException: java.io.IOException: 파이프가 닫히는 중입니다
!STACK 0
java.util.concurrent.ExecutionException: org.eclipse.lsp4j.jsonrpc.JsonRpcException: java.io.IOException: 파이프가 닫히는 중입니다
	at java.base/java.util.concurrent.CompletableFuture.reportGet(CompletableFuture.java:395)
	at java.base/java.util.concurrent.CompletableFuture.get(CompletableFuture.java:2028)
	at org.eclipse.lsp4e.LanguageServerWrapper.lambda$13(LanguageServerWrapper.java:425)
	at java.base/java.util.concurrent.CompletableFuture$AsyncRun.run(CompletableFuture.java:1736)
	at java.base/java.util.concurrent.CompletableFuture$AsyncRun.exec(CompletableFuture.java:1728)
	at java.base/java.util.concurrent.ForkJoinTask.doExec(ForkJoinTask.java:290)
	at java.base/java.util.concurrent.ForkJoinPool$WorkQueue.topLevelExec(ForkJoinPool.java:1020)
	at java.base/java.util.concurrent.ForkJoinPool.scan(ForkJoinPool.java:1656)
	at java.base/java.util.concurrent.ForkJoinPool.runWorker(ForkJoinPool.java:1594)
	at java.base/java.util.concurrent.ForkJoinWorkerThread.run(ForkJoinWorkerThread.java:183)
Caused by: org.eclipse.lsp4j.jsonrpc.JsonRpcException: java.io.IOException: 파이프가 닫히는 중입니다
	at org.eclipse.lsp4j.jsonrpc.json.StreamMessageConsumer.consume(StreamMessageConsumer.java:72)
	at org.eclipse.lsp4e.LanguageServerWrapper.lambda$4(LanguageServerWrapper.java:260)
	at org.eclipse.lsp4j.jsonrpc.RemoteEndpoint.request(RemoteEndpoint.java:161)
	at org.eclipse.lsp4j.jsonrpc.services.EndpointProxy.invoke(EndpointProxy.java:91)
	at com.sun.proxy.$Proxy68.shutdown(Unknown Source)
	at org.eclipse.lsp4e.LanguageServerWrapper.lambda$13(LanguageServerWrapper.java:423)
	... 7 more
Caused by: java.io.IOException: 파이프가 닫히는 중입니다
	at java.base/java.io.FileOutputStream.writeBytes(Native Method)
	at java.base/java.io.FileOutputStream.write(FileOutputStream.java:354)
	at java.base/java.io.BufferedOutputStream.flushBuffer(BufferedOutputStream.java:81)
	at java.base/java.io.BufferedOutputStream.flush(BufferedOutputStream.java:142)
	at org.eclipse.lsp4j.jsonrpc.json.StreamMessageConsumer.consume(StreamMessageConsumer.java:69)
	... 12 more

!ENTRY org.springframework.tooling.ls.eclipse.commons 1 0 2025-06-20 15:22:28.729
!MESSAGE DelegatingStreamConnectionProvider classloader = org.eclipse.osgi.internal.loader.EquinoxClassLoader@580cb668[org.springframework.tooling.boot.ls:1.28.0.202109130547(id=1001)]

!ENTRY org.springframework.tooling.ls.eclipse.commons 1 0 2025-06-20 15:22:28.729
!MESSAGE SpringBootLanguageServer exists!

!ENTRY org.springframework.tooling.ls.eclipse.commons 1 0 2025-06-20 15:22:29.850
!MESSAGE Boot LS startup time from start to initialized: 1120ms

!ENTRY org.eclipse.jface.text 4 0 2025-06-20 15:22:29.885
!MESSAGE org.eclipse.lsp4j.jsonrpc.JsonRpcException: java.io.IOException: 파이프가 닫히는 중입니다
!STACK 0
java.util.concurrent.CompletionException: org.eclipse.lsp4j.jsonrpc.JsonRpcException: java.io.IOException: 파이프가 닫히는 중입니다
	at java.base/java.util.concurrent.CompletableFuture.encodeThrowable(CompletableFuture.java:331)
	at java.base/java.util.concurrent.CompletableFuture.uniAcceptNow(CompletableFuture.java:743)
	at java.base/java.util.concurrent.CompletableFuture.uniAcceptStage(CompletableFuture.java:731)
	at java.base/java.util.concurrent.CompletableFuture.thenAcceptAsync(CompletableFuture.java:2118)
	at org.eclipse.lsp4e.operations.codelens.CodeLensProvider.lambda$2(CodeLensProvider.java:44)
	at java.base/java.util.stream.ReferencePipeline$3$1.accept(ReferencePipeline.java:195)
	at java.base/java.util.ArrayList$ArrayListSpliterator.forEachRemaining(ArrayList.java:1655)
	at java.base/java.util.stream.AbstractPipeline.copyInto(AbstractPipeline.java:484)
	at java.base/java.util.stream.AbstractPipeline.wrapAndCopyInto(AbstractPipeline.java:474)
	at java.base/java.util.stream.AbstractPipeline.evaluate(AbstractPipeline.java:550)
	at java.base/java.util.stream.AbstractPipeline.evaluateToArrayNode(AbstractPipeline.java:260)
	at java.base/java.util.stream.ReferencePipeline.toArray(ReferencePipeline.java:517)
	at org.eclipse.lsp4e.operations.codelens.CodeLensProvider.lambda$1(CodeLensProvider.java:52)
	at java.base/java.util.concurrent.CompletableFuture$UniCompose.tryFire(CompletableFuture.java:1072)
	at java.base/java.util.concurrent.CompletableFuture$Completion.exec(CompletableFuture.java:479)
	at java.base/java.util.concurrent.ForkJoinTask.doExec(ForkJoinTask.java:290)
	at java.base/java.util.concurrent.ForkJoinPool$WorkQueue.topLevelExec(ForkJoinPool.java:1020)
	at java.base/java.util.concurrent.ForkJoinPool.scan(ForkJoinPool.java:1656)
	at java.base/java.util.concurrent.ForkJoinPool.runWorker(ForkJoinPool.java:1594)
	at java.base/java.util.concurrent.ForkJoinWorkerThread.run(ForkJoinWorkerThread.java:183)
Caused by: org.eclipse.lsp4j.jsonrpc.JsonRpcException: java.io.IOException: 파이프가 닫히는 중입니다
	at org.eclipse.lsp4j.jsonrpc.json.StreamMessageConsumer.consume(StreamMessageConsumer.java:72)
	at org.eclipse.lsp4e.LanguageServerWrapper.lambda$4(LanguageServerWrapper.java:260)
	at org.eclipse.lsp4j.jsonrpc.RemoteEndpoint.request(RemoteEndpoint.java:161)
	at org.eclipse.lsp4j.jsonrpc.services.EndpointProxy.invoke(EndpointProxy.java:91)
	at com.sun.proxy.$Proxy66.codeLens(Unknown Source)
	at org.eclipse.lsp4e.operations.codelens.CodeLensProvider.lambda$2(CodeLensProvider.java:43)
	... 15 more
Caused by: java.io.IOException: 파이프가 닫히는 중입니다
	at java.base/java.io.FileOutputStream.writeBytes(Native Method)
	at java.base/java.io.FileOutputStream.write(FileOutputStream.java:354)
	at java.base/java.io.BufferedOutputStream.flushBuffer(BufferedOutputStream.java:81)
	at java.base/java.io.BufferedOutputStream.flush(BufferedOutputStream.java:142)
	at org.eclipse.lsp4j.jsonrpc.json.StreamMessageConsumer.consume(StreamMessageConsumer.java:69)
	... 20 more

!ENTRY org.eclipse.jface.text 4 0 2025-06-20 15:22:29.886
!MESSAGE org.eclipse.lsp4j.jsonrpc.JsonRpcException: java.io.IOException: 파이프가 닫히는 중입니다
!STACK 0
java.util.concurrent.CompletionException: org.eclipse.lsp4j.jsonrpc.JsonRpcException: java.io.IOException: 파이프가 닫히는 중입니다
	at java.base/java.util.concurrent.CompletableFuture.encodeThrowable(CompletableFuture.java:331)
	at java.base/java.util.concurrent.CompletableFuture.uniAcceptNow(CompletableFuture.java:743)
	at java.base/java.util.concurrent.CompletableFuture.uniAcceptStage(CompletableFuture.java:731)
	at java.base/java.util.concurrent.CompletableFuture.thenAcceptAsync(CompletableFuture.java:2118)
	at org.eclipse.lsp4e.operations.codelens.CodeLensProvider.lambda$2(CodeLensProvider.java:44)
	at java.base/java.util.stream.ReferencePipeline$3$1.accept(ReferencePipeline.java:195)
	at java.base/java.util.ArrayList$ArrayListSpliterator.forEachRemaining(ArrayList.java:1655)
	at java.base/java.util.stream.AbstractPipeline.copyInto(AbstractPipeline.java:484)
	at java.base/java.util.stream.AbstractPipeline.wrapAndCopyInto(AbstractPipeline.java:474)
	at java.base/java.util.stream.AbstractPipeline.evaluate(AbstractPipeline.java:550)
	at java.base/java.util.stream.AbstractPipeline.evaluateToArrayNode(AbstractPipeline.java:260)
	at java.base/java.util.stream.ReferencePipeline.toArray(ReferencePipeline.java:517)
	at org.eclipse.lsp4e.operations.codelens.CodeLensProvider.lambda$1(CodeLensProvider.java:52)
	at java.base/java.util.concurrent.CompletableFuture$UniCompose.tryFire(CompletableFuture.java:1072)
	at java.base/java.util.concurrent.CompletableFuture$Completion.exec(CompletableFuture.java:479)
	at java.base/java.util.concurrent.ForkJoinTask.doExec(ForkJoinTask.java:290)
	at java.base/java.util.concurrent.ForkJoinPool$WorkQueue.topLevelExec(ForkJoinPool.java:1020)
	at java.base/java.util.concurrent.ForkJoinPool.scan(ForkJoinPool.java:1656)
	at java.base/java.util.concurrent.ForkJoinPool.runWorker(ForkJoinPool.java:1594)
	at java.base/java.util.concurrent.ForkJoinWorkerThread.run(ForkJoinWorkerThread.java:183)
Caused by: org.eclipse.lsp4j.jsonrpc.JsonRpcException: java.io.IOException: 파이프가 닫히는 중입니다
	at org.eclipse.lsp4j.jsonrpc.json.StreamMessageConsumer.consume(StreamMessageConsumer.java:72)
	at org.eclipse.lsp4e.LanguageServerWrapper.lambda$4(LanguageServerWrapper.java:260)
	at org.eclipse.lsp4j.jsonrpc.RemoteEndpoint.request(RemoteEndpoint.java:161)
	at org.eclipse.lsp4j.jsonrpc.services.EndpointProxy.invoke(EndpointProxy.java:91)
	at com.sun.proxy.$Proxy66.codeLens(Unknown Source)
	at org.eclipse.lsp4e.operations.codelens.CodeLensProvider.lambda$2(CodeLensProvider.java:43)
	... 15 more
Caused by: java.io.IOException: 파이프가 닫히는 중입니다
	at java.base/java.io.FileOutputStream.writeBytes(Native Method)
	at java.base/java.io.FileOutputStream.write(FileOutputStream.java:354)
	at java.base/java.io.BufferedOutputStream.flushBuffer(BufferedOutputStream.java:81)
	at java.base/java.io.BufferedOutputStream.flush(BufferedOutputStream.java:142)
	at org.eclipse.lsp4j.jsonrpc.json.StreamMessageConsumer.consume(StreamMessageConsumer.java:69)
	... 20 more

!ENTRY org.eclipse.jface.text 4 0 2025-06-20 15:22:29.888
!MESSAGE org.eclipse.lsp4j.jsonrpc.JsonRpcException: java.io.IOException: 파이프가 닫히는 중입니다
!STACK 0
java.util.concurrent.CompletionException: org.eclipse.lsp4j.jsonrpc.JsonRpcException: java.io.IOException: 파이프가 닫히는 중입니다
	at java.base/java.util.concurrent.CompletableFuture.encodeThrowable(CompletableFuture.java:331)
	at java.base/java.util.concurrent.CompletableFuture.uniAcceptNow(CompletableFuture.java:743)
	at java.base/java.util.concurrent.CompletableFuture.uniAcceptStage(CompletableFuture.java:731)
	at java.base/java.util.concurrent.CompletableFuture.thenAcceptAsync(CompletableFuture.java:2118)
	at org.eclipse.lsp4e.operations.codelens.CodeLensProvider.lambda$2(CodeLensProvider.java:44)
	at java.base/java.util.stream.ReferencePipeline$3$1.accept(ReferencePipeline.java:195)
	at java.base/java.util.ArrayList$ArrayListSpliterator.forEachRemaining(ArrayList.java:1655)
	at java.base/java.util.stream.AbstractPipeline.copyInto(AbstractPipeline.java:484)
	at java.base/java.util.stream.AbstractPipeline.wrapAndCopyInto(AbstractPipeline.java:474)
	at java.base/java.util.stream.AbstractPipeline.evaluate(AbstractPipeline.java:550)
	at java.base/java.util.stream.AbstractPipeline.evaluateToArrayNode(AbstractPipeline.java:260)
	at java.base/java.util.stream.ReferencePipeline.toArray(ReferencePipeline.java:517)
	at org.eclipse.lsp4e.operations.codelens.CodeLensProvider.lambda$1(CodeLensProvider.java:52)
	at java.base/java.util.concurrent.CompletableFuture$UniCompose.tryFire(CompletableFuture.java:1072)
	at java.base/java.util.concurrent.CompletableFuture$Completion.exec(CompletableFuture.java:479)
	at java.base/java.util.concurrent.ForkJoinTask.doExec(ForkJoinTask.java:290)
	at java.base/java.util.concurrent.ForkJoinPool$WorkQueue.topLevelExec(ForkJoinPool.java:1020)
	at java.base/java.util.concurrent.ForkJoinPool.scan(ForkJoinPool.java:1656)
	at java.base/java.util.concurrent.ForkJoinPool.runWorker(ForkJoinPool.java:1594)
	at java.base/java.util.concurrent.ForkJoinWorkerThread.run(ForkJoinWorkerThread.java:183)
Caused by: org.eclipse.lsp4j.jsonrpc.JsonRpcException: java.io.IOException: 파이프가 닫히는 중입니다
	at org.eclipse.lsp4j.jsonrpc.json.StreamMessageConsumer.consume(StreamMessageConsumer.java:72)
	at org.eclipse.lsp4e.LanguageServerWrapper.lambda$4(LanguageServerWrapper.java:260)
	at org.eclipse.lsp4j.jsonrpc.RemoteEndpoint.request(RemoteEndpoint.java:161)
	at org.eclipse.lsp4j.jsonrpc.services.EndpointProxy.invoke(EndpointProxy.java:91)
	at com.sun.proxy.$Proxy66.codeLens(Unknown Source)
	at org.eclipse.lsp4e.operations.codelens.CodeLensProvider.lambda$2(CodeLensProvider.java:43)
	... 15 more
Caused by: java.io.IOException: 파이프가 닫히는 중입니다
	at java.base/java.io.FileOutputStream.writeBytes(Native Method)
	at java.base/java.io.FileOutputStream.write(FileOutputStream.java:354)
	at java.base/java.io.BufferedOutputStream.flushBuffer(BufferedOutputStream.java:81)
	at java.base/java.io.BufferedOutputStream.flush(BufferedOutputStream.java:142)
	at org.eclipse.lsp4j.jsonrpc.json.StreamMessageConsumer.consume(StreamMessageConsumer.java:69)
	... 20 more

!ENTRY org.eclipse.jface.text 4 0 2025-06-20 15:22:29.888
!MESSAGE org.eclipse.lsp4j.jsonrpc.JsonRpcException: java.io.IOException: 파이프가 닫히는 중입니다
!STACK 0
java.util.concurrent.CompletionException: org.eclipse.lsp4j.jsonrpc.JsonRpcException: java.io.IOException: 파이프가 닫히는 중입니다
	at java.base/java.util.concurrent.CompletableFuture.encodeThrowable(CompletableFuture.java:331)
	at java.base/java.util.concurrent.CompletableFuture.uniAcceptNow(CompletableFuture.java:743)
	at java.base/java.util.concurrent.CompletableFuture.uniAcceptStage(CompletableFuture.java:731)
	at java.base/java.util.concurrent.CompletableFuture.thenAcceptAsync(CompletableFuture.java:2118)
	at org.eclipse.lsp4e.operations.codelens.CodeLensProvider.lambda$2(CodeLensProvider.java:44)
	at java.base/java.util.stream.ReferencePipeline$3$1.accept(ReferencePipeline.java:195)
	at java.base/java.util.ArrayList$ArrayListSpliterator.forEachRemaining(ArrayList.java:1655)
	at java.base/java.util.stream.AbstractPipeline.copyInto(AbstractPipeline.java:484)
	at java.base/java.util.stream.AbstractPipeline.wrapAndCopyInto(AbstractPipeline.java:474)
	at java.base/java.util.stream.AbstractPipeline.evaluate(AbstractPipeline.java:550)
	at java.base/java.util.stream.AbstractPipeline.evaluateToArrayNode(AbstractPipeline.java:260)
	at java.base/java.util.stream.ReferencePipeline.toArray(ReferencePipeline.java:517)
	at org.eclipse.lsp4e.operations.codelens.CodeLensProvider.lambda$1(CodeLensProvider.java:52)
	at java.base/java.util.concurrent.CompletableFuture$UniCompose.tryFire(CompletableFuture.java:1072)
	at java.base/java.util.concurrent.CompletableFuture$Completion.exec(CompletableFuture.java:479)
	at java.base/java.util.concurrent.ForkJoinTask.doExec(ForkJoinTask.java:290)
	at java.base/java.util.concurrent.ForkJoinPool$WorkQueue.topLevelExec(ForkJoinPool.java:1020)
	at java.base/java.util.concurrent.ForkJoinPool.scan(ForkJoinPool.java:1656)
	at java.base/java.util.concurrent.ForkJoinPool.runWorker(ForkJoinPool.java:1594)
	at java.base/java.util.concurrent.ForkJoinWorkerThread.run(ForkJoinWorkerThread.java:183)
Caused by: org.eclipse.lsp4j.jsonrpc.JsonRpcException: java.io.IOException: 파이프가 닫히는 중입니다
	at org.eclipse.lsp4j.jsonrpc.json.StreamMessageConsumer.consume(StreamMessageConsumer.java:72)
	at org.eclipse.lsp4e.LanguageServerWrapper.lambda$4(LanguageServerWrapper.java:260)
	at org.eclipse.lsp4j.jsonrpc.RemoteEndpoint.request(RemoteEndpoint.java:161)
	at org.eclipse.lsp4j.jsonrpc.services.EndpointProxy.invoke(EndpointProxy.java:91)
	at com.sun.proxy.$Proxy66.codeLens(Unknown Source)
	at org.eclipse.lsp4e.operations.codelens.CodeLensProvider.lambda$2(CodeLensProvider.java:43)
	... 15 more
Caused by: java.io.IOException: 파이프가 닫히는 중입니다
	at java.base/java.io.FileOutputStream.writeBytes(Native Method)
	at java.base/java.io.FileOutputStream.write(FileOutputStream.java:354)
	at java.base/java.io.BufferedOutputStream.flushBuffer(BufferedOutputStream.java:81)
	at java.base/java.io.BufferedOutputStream.flush(BufferedOutputStream.java:142)
	at org.eclipse.lsp4j.jsonrpc.json.StreamMessageConsumer.consume(StreamMessageConsumer.java:69)
	... 20 more

!ENTRY org.springframework.tooling.ls.eclipse.commons 1 0 2025-06-20 15:22:29.917
!MESSAGE ClasspathListenerHandler addClasspathListener sts4.classpath.AUkbnfpyisBatched = true

!ENTRY org.springframework.tooling.ls.eclipse.commons 1 0 2025-06-20 15:22:29.917
!MESSAGE Setting up ClasspathListenerManager

!ENTRY org.springframework.tooling.ls.eclipse.commons 1 0 2025-06-20 15:22:29.917
!MESSAGE Scheduling initial event for all projects ...

!ENTRY org.springframework.tooling.ls.eclipse.commons 1 0 2025-06-20 15:22:29.918
!MESSAGE Scheduling initial event for all projects DONE

!ENTRY org.springframework.tooling.ls.eclipse.commons 1 0 2025-06-20 15:22:29.918
!MESSAGE exists = true open = true => deleted = false

!ENTRY org.springframework.tooling.ls.eclipse.commons 1 0 2025-06-20 15:22:29.918
!MESSAGE ClasspathListenerHandler addClasspathListener sts4.classpath.AUkbnfpy => OK

!ENTRY org.springframework.tooling.ls.eclipse.commons 1 0 2025-06-20 15:22:29.919
!MESSAGE classpath=57 entries

!ENTRY org.springframework.tooling.ls.eclipse.commons 1 0 2025-06-20 15:22:29.920
!MESSAGE buffering callback sts4.classpath.AUkbnfpy ServiceExam false 57

!ENTRY org.springframework.tooling.ls.eclipse.commons 1 0 2025-06-20 15:22:29.920
!MESSAGE executing callback sts4.classpath.AUkbnfpy 1 batched events

!ENTRY org.springframework.tooling.ls.eclipse.commons 1 0 2025-06-20 15:22:30.136
!MESSAGE executing callback sts4.classpath.AUkbnfpy SUCCESS [done]

!ENTRY org.springframework.tooling.ls.eclipse.commons 1 0 2025-06-20 15:22:30.137
!MESSAGE Entering DelegatingStreamConnectionProvider()

!ENTRY org.eclipse.lsp4e 4 0 2025-06-20 15:22:30.137
!MESSAGE org.eclipse.lsp4j.jsonrpc.JsonRpcException: java.io.IOException: 파이프가 닫히는 중입니다
!STACK 0
java.util.concurrent.ExecutionException: org.eclipse.lsp4j.jsonrpc.JsonRpcException: java.io.IOException: 파이프가 닫히는 중입니다
	at java.base/java.util.concurrent.CompletableFuture.reportGet(CompletableFuture.java:395)
	at java.base/java.util.concurrent.CompletableFuture.get(CompletableFuture.java:2028)
	at org.eclipse.lsp4e.LanguageServerWrapper.lambda$13(LanguageServerWrapper.java:425)
	at java.base/java.util.concurrent.CompletableFuture$AsyncRun.run(CompletableFuture.java:1736)
	at java.base/java.util.concurrent.CompletableFuture$AsyncRun.exec(CompletableFuture.java:1728)
	at java.base/java.util.concurrent.ForkJoinTask.doExec(ForkJoinTask.java:290)
	at java.base/java.util.concurrent.ForkJoinPool$WorkQueue.topLevelExec(ForkJoinPool.java:1020)
	at java.base/java.util.concurrent.ForkJoinPool.scan(ForkJoinPool.java:1656)
	at java.base/java.util.concurrent.ForkJoinPool.runWorker(ForkJoinPool.java:1594)
	at java.base/java.util.concurrent.ForkJoinWorkerThread.run(ForkJoinWorkerThread.java:183)
Caused by: org.eclipse.lsp4j.jsonrpc.JsonRpcException: java.io.IOException: 파이프가 닫히는 중입니다
	at org.eclipse.lsp4j.jsonrpc.json.StreamMessageConsumer.consume(StreamMessageConsumer.java:72)
	at org.eclipse.lsp4e.LanguageServerWrapper.lambda$4(LanguageServerWrapper.java:260)
	at org.eclipse.lsp4j.jsonrpc.RemoteEndpoint.request(RemoteEndpoint.java:161)
	at org.eclipse.lsp4j.jsonrpc.services.EndpointProxy.invoke(EndpointProxy.java:91)
	at com.sun.proxy.$Proxy68.shutdown(Unknown Source)
	at org.eclipse.lsp4e.LanguageServerWrapper.lambda$13(LanguageServerWrapper.java:423)
	... 7 more
Caused by: java.io.IOException: 파이프가 닫히는 중입니다
	at java.base/java.io.FileOutputStream.writeBytes(Native Method)
	at java.base/java.io.FileOutputStream.write(FileOutputStream.java:354)
	at java.base/java.io.BufferedOutputStream.flushBuffer(BufferedOutputStream.java:81)
	at java.base/java.io.BufferedOutputStream.flush(BufferedOutputStream.java:142)
	at org.eclipse.lsp4j.jsonrpc.json.StreamMessageConsumer.consume(StreamMessageConsumer.java:69)
	... 12 more

!ENTRY org.eclipse.lsp4e 4 0 2025-06-20 15:22:30.138
!MESSAGE org.eclipse.lsp4j.jsonrpc.JsonRpcException: java.io.IOException: 파이프가 닫히는 중입니다
!STACK 0
java.util.concurrent.ExecutionException: org.eclipse.lsp4j.jsonrpc.JsonRpcException: java.io.IOException: 파이프가 닫히는 중입니다
	at java.base/java.util.concurrent.CompletableFuture.reportGet(CompletableFuture.java:395)
	at java.base/java.util.concurrent.CompletableFuture.get(CompletableFuture.java:2028)
	at org.eclipse.lsp4e.LanguageServerWrapper.lambda$13(LanguageServerWrapper.java:425)
	at java.base/java.util.concurrent.CompletableFuture$AsyncRun.run(CompletableFuture.java:1736)
	at java.base/java.util.concurrent.CompletableFuture$AsyncRun.exec(CompletableFuture.java:1728)
	at java.base/java.util.concurrent.ForkJoinTask.doExec(ForkJoinTask.java:290)
	at java.base/java.util.concurrent.ForkJoinPool$WorkQueue.topLevelExec(ForkJoinPool.java:1020)
	at java.base/java.util.concurrent.ForkJoinPool.scan(ForkJoinPool.java:1656)
	at java.base/java.util.concurrent.ForkJoinPool.runWorker(ForkJoinPool.java:1594)
	at java.base/java.util.concurrent.ForkJoinWorkerThread.run(ForkJoinWorkerThread.java:183)
Caused by: org.eclipse.lsp4j.jsonrpc.JsonRpcException: java.io.IOException: 파이프가 닫히는 중입니다
	at org.eclipse.lsp4j.jsonrpc.json.StreamMessageConsumer.consume(StreamMessageConsumer.java:72)
	at org.eclipse.lsp4e.LanguageServerWrapper.lambda$4(LanguageServerWrapper.java:260)
	at org.eclipse.lsp4j.jsonrpc.RemoteEndpoint.request(RemoteEndpoint.java:161)
	at org.eclipse.lsp4j.jsonrpc.services.EndpointProxy.invoke(EndpointProxy.java:91)
	at com.sun.proxy.$Proxy68.shutdown(Unknown Source)
	at org.eclipse.lsp4e.LanguageServerWrapper.lambda$13(LanguageServerWrapper.java:423)
	... 7 more
Caused by: java.io.IOException: 파이프가 닫히는 중입니다
	at java.base/java.io.FileOutputStream.writeBytes(Native Method)
	at java.base/java.io.FileOutputStream.write(FileOutputStream.java:354)
	at java.base/java.io.BufferedOutputStream.flushBuffer(BufferedOutputStream.java:81)
	at java.base/java.io.BufferedOutputStream.flush(BufferedOutputStream.java:142)
	at org.eclipse.lsp4j.jsonrpc.json.StreamMessageConsumer.consume(StreamMessageConsumer.java:69)
	... 12 more

!ENTRY org.springframework.tooling.ls.eclipse.commons 1 0 2025-06-20 15:22:30.138
!MESSAGE DelegatingStreamConnectionProvider classloader = org.eclipse.osgi.internal.loader.EquinoxClassLoader@580cb668[org.springframework.tooling.boot.ls:1.28.0.202109130547(id=1001)]

!ENTRY org.springframework.tooling.ls.eclipse.commons 1 0 2025-06-20 15:22:30.138
!MESSAGE SpringBootLanguageServer exists!

!ENTRY org.springframework.tooling.ls.eclipse.commons 1 0 2025-06-20 15:22:31.245
!MESSAGE Boot LS startup time from start to initialized: 1107ms

!ENTRY org.eclipse.jface.text 4 0 2025-06-20 15:22:31.274
!MESSAGE org.eclipse.lsp4j.jsonrpc.JsonRpcException: java.io.IOException: 파이프가 닫히는 중입니다
!STACK 0
java.util.concurrent.CompletionException: org.eclipse.lsp4j.jsonrpc.JsonRpcException: java.io.IOException: 파이프가 닫히는 중입니다
	at java.base/java.util.concurrent.CompletableFuture.encodeThrowable(CompletableFuture.java:331)
	at java.base/java.util.concurrent.CompletableFuture.uniAcceptNow(CompletableFuture.java:743)
	at java.base/java.util.concurrent.CompletableFuture.uniAcceptStage(CompletableFuture.java:731)
	at java.base/java.util.concurrent.CompletableFuture.thenAcceptAsync(CompletableFuture.java:2118)
	at org.eclipse.lsp4e.operations.codelens.CodeLensProvider.lambda$2(CodeLensProvider.java:44)
	at java.base/java.util.stream.ReferencePipeline$3$1.accept(ReferencePipeline.java:195)
	at java.base/java.util.ArrayList$ArrayListSpliterator.forEachRemaining(ArrayList.java:1655)
	at java.base/java.util.stream.AbstractPipeline.copyInto(AbstractPipeline.java:484)
	at java.base/java.util.stream.AbstractPipeline.wrapAndCopyInto(AbstractPipeline.java:474)
	at java.base/java.util.stream.AbstractPipeline.evaluate(AbstractPipeline.java:550)
	at java.base/java.util.stream.AbstractPipeline.evaluateToArrayNode(AbstractPipeline.java:260)
	at java.base/java.util.stream.ReferencePipeline.toArray(ReferencePipeline.java:517)
	at org.eclipse.lsp4e.operations.codelens.CodeLensProvider.lambda$1(CodeLensProvider.java:52)
	at java.base/java.util.concurrent.CompletableFuture$UniCompose.tryFire(CompletableFuture.java:1072)
	at java.base/java.util.concurrent.CompletableFuture$Completion.exec(CompletableFuture.java:479)
	at java.base/java.util.concurrent.ForkJoinTask.doExec(ForkJoinTask.java:290)
	at java.base/java.util.concurrent.ForkJoinPool$WorkQueue.topLevelExec(ForkJoinPool.java:1020)
	at java.base/java.util.concurrent.ForkJoinPool.scan(ForkJoinPool.java:1656)
	at java.base/java.util.concurrent.ForkJoinPool.runWorker(ForkJoinPool.java:1594)
	at java.base/java.util.concurrent.ForkJoinWorkerThread.run(ForkJoinWorkerThread.java:183)
Caused by: org.eclipse.lsp4j.jsonrpc.JsonRpcException: java.io.IOException: 파이프가 닫히는 중입니다
	at org.eclipse.lsp4j.jsonrpc.json.StreamMessageConsumer.consume(StreamMessageConsumer.java:72)
	at org.eclipse.lsp4e.LanguageServerWrapper.lambda$4(LanguageServerWrapper.java:260)
	at org.eclipse.lsp4j.jsonrpc.RemoteEndpoint.request(RemoteEndpoint.java:161)
	at org.eclipse.lsp4j.jsonrpc.services.EndpointProxy.invoke(EndpointProxy.java:91)
	at com.sun.proxy.$Proxy66.codeLens(Unknown Source)
	at org.eclipse.lsp4e.operations.codelens.CodeLensProvider.lambda$2(CodeLensProvider.java:43)
	... 15 more
Caused by: java.io.IOException: 파이프가 닫히는 중입니다
	at java.base/java.io.FileOutputStream.writeBytes(Native Method)
	at java.base/java.io.FileOutputStream.write(FileOutputStream.java:354)
	at java.base/java.io.BufferedOutputStream.flushBuffer(BufferedOutputStream.java:81)
	at java.base/java.io.BufferedOutputStream.flush(BufferedOutputStream.java:142)
	at org.eclipse.lsp4j.jsonrpc.json.StreamMessageConsumer.consume(StreamMessageConsumer.java:69)
	... 20 more

!ENTRY org.eclipse.jface.text 4 0 2025-06-20 15:22:31.275
!MESSAGE org.eclipse.lsp4j.jsonrpc.JsonRpcException: java.io.IOException: 파이프가 닫히는 중입니다
!STACK 0
java.util.concurrent.CompletionException: org.eclipse.lsp4j.jsonrpc.JsonRpcException: java.io.IOException: 파이프가 닫히는 중입니다
	at java.base/java.util.concurrent.CompletableFuture.encodeThrowable(CompletableFuture.java:331)
	at java.base/java.util.concurrent.CompletableFuture.uniAcceptNow(CompletableFuture.java:743)
	at java.base/java.util.concurrent.CompletableFuture.uniAcceptStage(CompletableFuture.java:731)
	at java.base/java.util.concurrent.CompletableFuture.thenAcceptAsync(CompletableFuture.java:2118)
	at org.eclipse.lsp4e.operations.codelens.CodeLensProvider.lambda$2(CodeLensProvider.java:44)
	at java.base/java.util.stream.ReferencePipeline$3$1.accept(ReferencePipeline.java:195)
	at java.base/java.util.ArrayList$ArrayListSpliterator.forEachRemaining(ArrayList.java:1655)
	at java.base/java.util.stream.AbstractPipeline.copyInto(AbstractPipeline.java:484)
	at java.base/java.util.stream.AbstractPipeline.wrapAndCopyInto(AbstractPipeline.java:474)
	at java.base/java.util.stream.AbstractPipeline.evaluate(AbstractPipeline.java:550)
	at java.base/java.util.stream.AbstractPipeline.evaluateToArrayNode(AbstractPipeline.java:260)
	at java.base/java.util.stream.ReferencePipeline.toArray(ReferencePipeline.java:517)
	at org.eclipse.lsp4e.operations.codelens.CodeLensProvider.lambda$1(CodeLensProvider.java:52)
	at java.base/java.util.concurrent.CompletableFuture$UniCompose.tryFire(CompletableFuture.java:1072)
	at java.base/java.util.concurrent.CompletableFuture$Completion.exec(CompletableFuture.java:479)
	at java.base/java.util.concurrent.ForkJoinTask.doExec(ForkJoinTask.java:290)
	at java.base/java.util.concurrent.ForkJoinPool$WorkQueue.topLevelExec(ForkJoinPool.java:1020)
	at java.base/java.util.concurrent.ForkJoinPool.scan(ForkJoinPool.java:1656)
	at java.base/java.util.concurrent.ForkJoinPool.runWorker(ForkJoinPool.java:1594)
	at java.base/java.util.concurrent.ForkJoinWorkerThread.run(ForkJoinWorkerThread.java:183)
Caused by: org.eclipse.lsp4j.jsonrpc.JsonRpcException: java.io.IOException: 파이프가 닫히는 중입니다
	at org.eclipse.lsp4j.jsonrpc.json.StreamMessageConsumer.consume(StreamMessageConsumer.java:72)
	at org.eclipse.lsp4e.LanguageServerWrapper.lambda$4(LanguageServerWrapper.java:260)
	at org.eclipse.lsp4j.jsonrpc.RemoteEndpoint.request(RemoteEndpoint.java:161)
	at org.eclipse.lsp4j.jsonrpc.services.EndpointProxy.invoke(EndpointProxy.java:91)
	at com.sun.proxy.$Proxy66.codeLens(Unknown Source)
	at org.eclipse.lsp4e.operations.codelens.CodeLensProvider.lambda$2(CodeLensProvider.java:43)
	... 15 more
Caused by: java.io.IOException: 파이프가 닫히는 중입니다
	at java.base/java.io.FileOutputStream.writeBytes(Native Method)
	at java.base/java.io.FileOutputStream.write(FileOutputStream.java:354)
	at java.base/java.io.BufferedOutputStream.flushBuffer(BufferedOutputStream.java:81)
	at java.base/java.io.BufferedOutputStream.flush(BufferedOutputStream.java:142)
	at org.eclipse.lsp4j.jsonrpc.json.StreamMessageConsumer.consume(StreamMessageConsumer.java:69)
	... 20 more

!ENTRY org.eclipse.jface.text 4 0 2025-06-20 15:22:31.279
!MESSAGE org.eclipse.lsp4j.jsonrpc.JsonRpcException: java.io.IOException: 파이프가 닫히는 중입니다
!STACK 0
java.util.concurrent.CompletionException: org.eclipse.lsp4j.jsonrpc.JsonRpcException: java.io.IOException: 파이프가 닫히는 중입니다
	at java.base/java.util.concurrent.CompletableFuture.encodeThrowable(CompletableFuture.java:331)
	at java.base/java.util.concurrent.CompletableFuture.uniAcceptNow(CompletableFuture.java:743)
	at java.base/java.util.concurrent.CompletableFuture.uniAcceptStage(CompletableFuture.java:731)
	at java.base/java.util.concurrent.CompletableFuture.thenAcceptAsync(CompletableFuture.java:2118)
	at org.eclipse.lsp4e.operations.codelens.CodeLensProvider.lambda$2(CodeLensProvider.java:44)
	at java.base/java.util.stream.ReferencePipeline$3$1.accept(ReferencePipeline.java:195)
	at java.base/java.util.ArrayList$ArrayListSpliterator.forEachRemaining(ArrayList.java:1655)
	at java.base/java.util.stream.AbstractPipeline.copyInto(AbstractPipeline.java:484)
	at java.base/java.util.stream.AbstractPipeline.wrapAndCopyInto(AbstractPipeline.java:474)
	at java.base/java.util.stream.AbstractPipeline.evaluate(AbstractPipeline.java:550)
	at java.base/java.util.stream.AbstractPipeline.evaluateToArrayNode(AbstractPipeline.java:260)
	at java.base/java.util.stream.ReferencePipeline.toArray(ReferencePipeline.java:517)
	at org.eclipse.lsp4e.operations.codelens.CodeLensProvider.lambda$1(CodeLensProvider.java:52)
	at java.base/java.util.concurrent.CompletableFuture$UniCompose.tryFire(CompletableFuture.java:1072)
	at java.base/java.util.concurrent.CompletableFuture$Completion.exec(CompletableFuture.java:479)
	at java.base/java.util.concurrent.ForkJoinTask.doExec(ForkJoinTask.java:290)
	at java.base/java.util.concurrent.ForkJoinPool$WorkQueue.topLevelExec(ForkJoinPool.java:1020)
	at java.base/java.util.concurrent.ForkJoinPool.scan(ForkJoinPool.java:1656)
	at java.base/java.util.concurrent.ForkJoinPool.runWorker(ForkJoinPool.java:1594)
	at java.base/java.util.concurrent.ForkJoinWorkerThread.run(ForkJoinWorkerThread.java:183)
Caused by: org.eclipse.lsp4j.jsonrpc.JsonRpcException: java.io.IOException: 파이프가 닫히는 중입니다
	at org.eclipse.lsp4j.jsonrpc.json.StreamMessageConsumer.consume(StreamMessageConsumer.java:72)
	at org.eclipse.lsp4e.LanguageServerWrapper.lambda$4(LanguageServerWrapper.java:260)
	at org.eclipse.lsp4j.jsonrpc.RemoteEndpoint.request(RemoteEndpoint.java:161)
	at org.eclipse.lsp4j.jsonrpc.services.EndpointProxy.invoke(EndpointProxy.java:91)
	at com.sun.proxy.$Proxy66.codeLens(Unknown Source)
	at org.eclipse.lsp4e.operations.codelens.CodeLensProvider.lambda$2(CodeLensProvider.java:43)
	... 15 more
Caused by: java.io.IOException: 파이프가 닫히는 중입니다
	at java.base/java.io.FileOutputStream.writeBytes(Native Method)
	at java.base/java.io.FileOutputStream.write(FileOutputStream.java:354)
	at java.base/java.io.BufferedOutputStream.flushBuffer(BufferedOutputStream.java:81)
	at java.base/java.io.BufferedOutputStream.flush(BufferedOutputStream.java:142)
	at org.eclipse.lsp4j.jsonrpc.json.StreamMessageConsumer.consume(StreamMessageConsumer.java:69)
	... 20 more

!ENTRY org.eclipse.jface.text 4 0 2025-06-20 15:22:31.280
!MESSAGE org.eclipse.lsp4j.jsonrpc.JsonRpcException: java.io.IOException: 파이프가 닫히는 중입니다
!STACK 0
java.util.concurrent.CompletionException: org.eclipse.lsp4j.jsonrpc.JsonRpcException: java.io.IOException: 파이프가 닫히는 중입니다
	at java.base/java.util.concurrent.CompletableFuture.encodeThrowable(CompletableFuture.java:331)
	at java.base/java.util.concurrent.CompletableFuture.uniAcceptNow(CompletableFuture.java:743)
	at java.base/java.util.concurrent.CompletableFuture.uniAcceptStage(CompletableFuture.java:731)
	at java.base/java.util.concurrent.CompletableFuture.thenAcceptAsync(CompletableFuture.java:2118)
	at org.eclipse.lsp4e.operations.codelens.CodeLensProvider.lambda$2(CodeLensProvider.java:44)
	at java.base/java.util.stream.ReferencePipeline$3$1.accept(ReferencePipeline.java:195)
	at java.base/java.util.ArrayList$ArrayListSpliterator.forEachRemaining(ArrayList.java:1655)
	at java.base/java.util.stream.AbstractPipeline.copyInto(AbstractPipeline.java:484)
	at java.base/java.util.stream.AbstractPipeline.wrapAndCopyInto(AbstractPipeline.java:474)
	at java.base/java.util.stream.AbstractPipeline.evaluate(AbstractPipeline.java:550)
	at java.base/java.util.stream.AbstractPipeline.evaluateToArrayNode(AbstractPipeline.java:260)
	at java.base/java.util.stream.ReferencePipeline.toArray(ReferencePipeline.java:517)
	at org.eclipse.lsp4e.operations.codelens.CodeLensProvider.lambda$1(CodeLensProvider.java:52)
	at java.base/java.util.concurrent.CompletableFuture$UniCompose.tryFire(CompletableFuture.java:1072)
	at java.base/java.util.concurrent.CompletableFuture$Completion.exec(CompletableFuture.java:479)
	at java.base/java.util.concurrent.ForkJoinTask.doExec(ForkJoinTask.java:290)
	at java.base/java.util.concurrent.ForkJoinPool$WorkQueue.topLevelExec(ForkJoinPool.java:1020)
	at java.base/java.util.concurrent.ForkJoinPool.scan(ForkJoinPool.java:1656)
	at java.base/java.util.concurrent.ForkJoinPool.runWorker(ForkJoinPool.java:1594)
	at java.base/java.util.concurrent.ForkJoinWorkerThread.run(ForkJoinWorkerThread.java:183)
Caused by: org.eclipse.lsp4j.jsonrpc.JsonRpcException: java.io.IOException: 파이프가 닫히는 중입니다
	at org.eclipse.lsp4j.jsonrpc.json.StreamMessageConsumer.consume(StreamMessageConsumer.java:72)
	at org.eclipse.lsp4e.LanguageServerWrapper.lambda$4(LanguageServerWrapper.java:260)
	at org.eclipse.lsp4j.jsonrpc.RemoteEndpoint.request(RemoteEndpoint.java:161)
	at org.eclipse.lsp4j.jsonrpc.services.EndpointProxy.invoke(EndpointProxy.java:91)
	at com.sun.proxy.$Proxy66.codeLens(Unknown Source)
	at org.eclipse.lsp4e.operations.codelens.CodeLensProvider.lambda$2(CodeLensProvider.java:43)
	... 15 more
Caused by: java.io.IOException: 파이프가 닫히는 중입니다
	at java.base/java.io.FileOutputStream.writeBytes(Native Method)
	at java.base/java.io.FileOutputStream.write(FileOutputStream.java:354)
	at java.base/java.io.BufferedOutputStream.flushBuffer(BufferedOutputStream.java:81)
	at java.base/java.io.BufferedOutputStream.flush(BufferedOutputStream.java:142)
	at org.eclipse.lsp4j.jsonrpc.json.StreamMessageConsumer.consume(StreamMessageConsumer.java:69)
	... 20 more

!ENTRY org.springframework.tooling.ls.eclipse.commons 1 0 2025-06-20 15:22:31.308
!MESSAGE ClasspathListenerHandler addClasspathListener sts4.classpath.BuGbDVmmisBatched = true

!ENTRY org.springframework.tooling.ls.eclipse.commons 1 0 2025-06-20 15:22:31.308
!MESSAGE Setting up ClasspathListenerManager

!ENTRY org.springframework.tooling.ls.eclipse.commons 1 0 2025-06-20 15:22:31.308
!MESSAGE Scheduling initial event for all projects ...

!ENTRY org.springframework.tooling.ls.eclipse.commons 1 0 2025-06-20 15:22:31.308
!MESSAGE Scheduling initial event for all projects DONE

!ENTRY org.springframework.tooling.ls.eclipse.commons 1 0 2025-06-20 15:22:31.308
!MESSAGE exists = true open = true => deleted = false

!ENTRY org.springframework.tooling.ls.eclipse.commons 1 0 2025-06-20 15:22:31.308
!MESSAGE ClasspathListenerHandler addClasspathListener sts4.classpath.BuGbDVmm => OK

!ENTRY org.springframework.tooling.ls.eclipse.commons 1 0 2025-06-20 15:22:31.309
!MESSAGE classpath=57 entries

!ENTRY org.springframework.tooling.ls.eclipse.commons 1 0 2025-06-20 15:22:31.310
!MESSAGE buffering callback sts4.classpath.BuGbDVmm ServiceExam false 57

!ENTRY org.springframework.tooling.ls.eclipse.commons 1 0 2025-06-20 15:22:31.310
!MESSAGE executing callback sts4.classpath.BuGbDVmm 1 batched events

!ENTRY org.springframework.tooling.ls.eclipse.commons 1 0 2025-06-20 15:22:31.511
!MESSAGE executing callback sts4.classpath.BuGbDVmm SUCCESS [done]

!ENTRY org.eclipse.lsp4e 4 0 2025-06-20 15:22:31.512
!MESSAGE org.eclipse.lsp4j.jsonrpc.JsonRpcException: java.io.IOException: 파이프가 닫히는 중입니다
!STACK 0
java.util.concurrent.ExecutionException: org.eclipse.lsp4j.jsonrpc.JsonRpcException: java.io.IOException: 파이프가 닫히는 중입니다
	at java.base/java.util.concurrent.CompletableFuture.reportGet(CompletableFuture.java:395)
	at java.base/java.util.concurrent.CompletableFuture.get(CompletableFuture.java:2028)
	at org.eclipse.lsp4e.LanguageServerWrapper.lambda$13(LanguageServerWrapper.java:425)
	at java.base/java.util.concurrent.CompletableFuture$AsyncRun.run(CompletableFuture.java:1736)
	at java.base/java.util.concurrent.CompletableFuture$AsyncRun.exec(CompletableFuture.java:1728)
	at java.base/java.util.concurrent.ForkJoinTask.doExec(ForkJoinTask.java:290)
	at java.base/java.util.concurrent.ForkJoinPool$WorkQueue.topLevelExec(ForkJoinPool.java:1020)
	at java.base/java.util.concurrent.ForkJoinPool.scan(ForkJoinPool.java:1656)
	at java.base/java.util.concurrent.ForkJoinPool.runWorker(ForkJoinPool.java:1594)
	at java.base/java.util.concurrent.ForkJoinWorkerThread.run(ForkJoinWorkerThread.java:183)
Caused by: org.eclipse.lsp4j.jsonrpc.JsonRpcException: java.io.IOException: 파이프가 닫히는 중입니다
	at org.eclipse.lsp4j.jsonrpc.json.StreamMessageConsumer.consume(StreamMessageConsumer.java:72)
	at org.eclipse.lsp4e.LanguageServerWrapper.lambda$4(LanguageServerWrapper.java:260)
	at org.eclipse.lsp4j.jsonrpc.RemoteEndpoint.request(RemoteEndpoint.java:161)
	at org.eclipse.lsp4j.jsonrpc.services.EndpointProxy.invoke(EndpointProxy.java:91)
	at com.sun.proxy.$Proxy68.shutdown(Unknown Source)
	at org.eclipse.lsp4e.LanguageServerWrapper.lambda$13(LanguageServerWrapper.java:423)
	... 7 more
Caused by: java.io.IOException: 파이프가 닫히는 중입니다
	at java.base/java.io.FileOutputStream.writeBytes(Native Method)
	at java.base/java.io.FileOutputStream.write(FileOutputStream.java:354)
	at java.base/java.io.BufferedOutputStream.flushBuffer(BufferedOutputStream.java:81)
	at java.base/java.io.BufferedOutputStream.flush(BufferedOutputStream.java:142)
	at org.eclipse.lsp4j.jsonrpc.json.StreamMessageConsumer.consume(StreamMessageConsumer.java:69)
	... 12 more

!ENTRY org.eclipse.lsp4e 4 0 2025-06-20 15:22:31.512
!MESSAGE org.eclipse.lsp4j.jsonrpc.JsonRpcException: java.io.IOException: 파이프가 닫히는 중입니다
!STACK 0
java.util.concurrent.ExecutionException: org.eclipse.lsp4j.jsonrpc.JsonRpcException: java.io.IOException: 파이프가 닫히는 중입니다
	at java.base/java.util.concurrent.CompletableFuture.reportGet(CompletableFuture.java:395)
	at java.base/java.util.concurrent.CompletableFuture.get(CompletableFuture.java:2028)
	at org.eclipse.lsp4e.LanguageServerWrapper.lambda$13(LanguageServerWrapper.java:425)
	at java.base/java.util.concurrent.CompletableFuture$AsyncRun.run(CompletableFuture.java:1736)
	at java.base/java.util.concurrent.CompletableFuture$AsyncRun.exec(CompletableFuture.java:1728)
	at java.base/java.util.concurrent.ForkJoinTask.doExec(ForkJoinTask.java:290)
	at java.base/java.util.concurrent.ForkJoinPool$WorkQueue.topLevelExec(ForkJoinPool.java:1020)
	at java.base/java.util.concurrent.ForkJoinPool.scan(ForkJoinPool.java:1656)
	at java.base/java.util.concurrent.ForkJoinPool.runWorker(ForkJoinPool.java:1594)
	at java.base/java.util.concurrent.ForkJoinWorkerThread.run(ForkJoinWorkerThread.java:183)
Caused by: org.eclipse.lsp4j.jsonrpc.JsonRpcException: java.io.IOException: 파이프가 닫히는 중입니다
	at org.eclipse.lsp4j.jsonrpc.json.StreamMessageConsumer.consume(StreamMessageConsumer.java:72)
	at org.eclipse.lsp4e.LanguageServerWrapper.lambda$4(LanguageServerWrapper.java:260)
	at org.eclipse.lsp4j.jsonrpc.RemoteEndpoint.request(RemoteEndpoint.java:161)
	at org.eclipse.lsp4j.jsonrpc.services.EndpointProxy.invoke(EndpointProxy.java:91)
	at com.sun.proxy.$Proxy68.shutdown(Unknown Source)
	at org.eclipse.lsp4e.LanguageServerWrapper.lambda$13(LanguageServerWrapper.java:423)
	... 7 more
Caused by: java.io.IOException: 파이프가 닫히는 중입니다
	at java.base/java.io.FileOutputStream.writeBytes(Native Method)
	at java.base/java.io.FileOutputStream.write(FileOutputStream.java:354)
	at java.base/java.io.BufferedOutputStream.flushBuffer(BufferedOutputStream.java:81)
	at java.base/java.io.BufferedOutputStream.flush(BufferedOutputStream.java:142)
	at org.eclipse.lsp4j.jsonrpc.json.StreamMessageConsumer.consume(StreamMessageConsumer.java:69)
	... 12 more

!ENTRY org.springframework.tooling.ls.eclipse.commons 1 0 2025-06-20 15:22:31.512
!MESSAGE Entering DelegatingStreamConnectionProvider()

!ENTRY org.springframework.tooling.ls.eclipse.commons 1 0 2025-06-20 15:22:31.513
!MESSAGE DelegatingStreamConnectionProvider classloader = org.eclipse.osgi.internal.loader.EquinoxClassLoader@580cb668[org.springframework.tooling.boot.ls:1.28.0.202109130547(id=1001)]

!ENTRY org.springframework.tooling.ls.eclipse.commons 1 0 2025-06-20 15:22:31.513
!MESSAGE SpringBootLanguageServer exists!

!ENTRY org.springframework.tooling.ls.eclipse.commons 1 0 2025-06-20 15:22:32.545
!MESSAGE Boot LS startup time from start to initialized: 1032ms

!ENTRY org.eclipse.jface.text 4 0 2025-06-20 15:22:32.580
!MESSAGE org.eclipse.lsp4j.jsonrpc.JsonRpcException: java.io.IOException: 파이프가 닫히는 중입니다
!STACK 0
java.util.concurrent.CompletionException: org.eclipse.lsp4j.jsonrpc.JsonRpcException: java.io.IOException: 파이프가 닫히는 중입니다
	at java.base/java.util.concurrent.CompletableFuture.encodeThrowable(CompletableFuture.java:331)
	at java.base/java.util.concurrent.CompletableFuture.uniAcceptNow(CompletableFuture.java:743)
	at java.base/java.util.concurrent.CompletableFuture.uniAcceptStage(CompletableFuture.java:731)
	at java.base/java.util.concurrent.CompletableFuture.thenAcceptAsync(CompletableFuture.java:2118)
	at org.eclipse.lsp4e.operations.codelens.CodeLensProvider.lambda$2(CodeLensProvider.java:44)
	at java.base/java.util.stream.ReferencePipeline$3$1.accept(ReferencePipeline.java:195)
	at java.base/java.util.ArrayList$ArrayListSpliterator.forEachRemaining(ArrayList.java:1655)
	at java.base/java.util.stream.AbstractPipeline.copyInto(AbstractPipeline.java:484)
	at java.base/java.util.stream.AbstractPipeline.wrapAndCopyInto(AbstractPipeline.java:474)
	at java.base/java.util.stream.AbstractPipeline.evaluate(AbstractPipeline.java:550)
	at java.base/java.util.stream.AbstractPipeline.evaluateToArrayNode(AbstractPipeline.java:260)
	at java.base/java.util.stream.ReferencePipeline.toArray(ReferencePipeline.java:517)
	at org.eclipse.lsp4e.operations.codelens.CodeLensProvider.lambda$1(CodeLensProvider.java:52)
	at java.base/java.util.concurrent.CompletableFuture$UniCompose.tryFire(CompletableFuture.java:1072)
	at java.base/java.util.concurrent.CompletableFuture$Completion.exec(CompletableFuture.java:479)
	at java.base/java.util.concurrent.ForkJoinTask.doExec(ForkJoinTask.java:290)
	at java.base/java.util.concurrent.ForkJoinPool$WorkQueue.topLevelExec(ForkJoinPool.java:1020)
	at java.base/java.util.concurrent.ForkJoinPool.scan(ForkJoinPool.java:1656)
	at java.base/java.util.concurrent.ForkJoinPool.runWorker(ForkJoinPool.java:1594)
	at java.base/java.util.concurrent.ForkJoinWorkerThread.run(ForkJoinWorkerThread.java:183)
Caused by: org.eclipse.lsp4j.jsonrpc.JsonRpcException: java.io.IOException: 파이프가 닫히는 중입니다
	at org.eclipse.lsp4j.jsonrpc.json.StreamMessageConsumer.consume(StreamMessageConsumer.java:72)
	at org.eclipse.lsp4e.LanguageServerWrapper.lambda$4(LanguageServerWrapper.java:260)
	at org.eclipse.lsp4j.jsonrpc.RemoteEndpoint.request(RemoteEndpoint.java:161)
	at org.eclipse.lsp4j.jsonrpc.services.EndpointProxy.invoke(EndpointProxy.java:91)
	at com.sun.proxy.$Proxy66.codeLens(Unknown Source)
	at org.eclipse.lsp4e.operations.codelens.CodeLensProvider.lambda$2(CodeLensProvider.java:43)
	... 15 more
Caused by: java.io.IOException: 파이프가 닫히는 중입니다
	at java.base/java.io.FileOutputStream.writeBytes(Native Method)
	at java.base/java.io.FileOutputStream.write(FileOutputStream.java:354)
	at java.base/java.io.BufferedOutputStream.flushBuffer(BufferedOutputStream.java:81)
	at java.base/java.io.BufferedOutputStream.flush(BufferedOutputStream.java:142)
	at org.eclipse.lsp4j.jsonrpc.json.StreamMessageConsumer.consume(StreamMessageConsumer.java:69)
	... 20 more

!ENTRY org.eclipse.jface.text 4 0 2025-06-20 15:22:32.580
!MESSAGE org.eclipse.lsp4j.jsonrpc.JsonRpcException: java.io.IOException: 파이프가 닫히는 중입니다
!STACK 0
java.util.concurrent.CompletionException: org.eclipse.lsp4j.jsonrpc.JsonRpcException: java.io.IOException: 파이프가 닫히는 중입니다
	at java.base/java.util.concurrent.CompletableFuture.encodeThrowable(CompletableFuture.java:331)
	at java.base/java.util.concurrent.CompletableFuture.uniAcceptNow(CompletableFuture.java:743)
	at java.base/java.util.concurrent.CompletableFuture.uniAcceptStage(CompletableFuture.java:731)
	at java.base/java.util.concurrent.CompletableFuture.thenAcceptAsync(CompletableFuture.java:2118)
	at org.eclipse.lsp4e.operations.codelens.CodeLensProvider.lambda$2(CodeLensProvider.java:44)
	at java.base/java.util.stream.ReferencePipeline$3$1.accept(ReferencePipeline.java:195)
	at java.base/java.util.ArrayList$ArrayListSpliterator.forEachRemaining(ArrayList.java:1655)
	at java.base/java.util.stream.AbstractPipeline.copyInto(AbstractPipeline.java:484)
	at java.base/java.util.stream.AbstractPipeline.wrapAndCopyInto(AbstractPipeline.java:474)
	at java.base/java.util.stream.AbstractPipeline.evaluate(AbstractPipeline.java:550)
	at java.base/java.util.stream.AbstractPipeline.evaluateToArrayNode(AbstractPipeline.java:260)
	at java.base/java.util.stream.ReferencePipeline.toArray(ReferencePipeline.java:517)
	at org.eclipse.lsp4e.operations.codelens.CodeLensProvider.lambda$1(CodeLensProvider.java:52)
	at java.base/java.util.concurrent.CompletableFuture$UniCompose.tryFire(CompletableFuture.java:1072)
	at java.base/java.util.concurrent.CompletableFuture$Completion.exec(CompletableFuture.java:479)
	at java.base/java.util.concurrent.ForkJoinTask.doExec(ForkJoinTask.java:290)
	at java.base/java.util.concurrent.ForkJoinPool$WorkQueue.topLevelExec(ForkJoinPool.java:1020)
	at java.base/java.util.concurrent.ForkJoinPool.scan(ForkJoinPool.java:1656)
	at java.base/java.util.concurrent.ForkJoinPool.runWorker(ForkJoinPool.java:1594)
	at java.base/java.util.concurrent.ForkJoinWorkerThread.run(ForkJoinWorkerThread.java:183)
Caused by: org.eclipse.lsp4j.jsonrpc.JsonRpcException: java.io.IOException: 파이프가 닫히는 중입니다
	at org.eclipse.lsp4j.jsonrpc.json.StreamMessageConsumer.consume(StreamMessageConsumer.java:72)
	at org.eclipse.lsp4e.LanguageServerWrapper.lambda$4(LanguageServerWrapper.java:260)
	at org.eclipse.lsp4j.jsonrpc.RemoteEndpoint.request(RemoteEndpoint.java:161)
	at org.eclipse.lsp4j.jsonrpc.services.EndpointProxy.invoke(EndpointProxy.java:91)
	at com.sun.proxy.$Proxy66.codeLens(Unknown Source)
	at org.eclipse.lsp4e.operations.codelens.CodeLensProvider.lambda$2(CodeLensProvider.java:43)
	... 15 more
Caused by: java.io.IOException: 파이프가 닫히는 중입니다
	at java.base/java.io.FileOutputStream.writeBytes(Native Method)
	at java.base/java.io.FileOutputStream.write(FileOutputStream.java:354)
	at java.base/java.io.BufferedOutputStream.flushBuffer(BufferedOutputStream.java:81)
	at java.base/java.io.BufferedOutputStream.flush(BufferedOutputStream.java:142)
	at org.eclipse.lsp4j.jsonrpc.json.StreamMessageConsumer.consume(StreamMessageConsumer.java:69)
	... 20 more

!ENTRY org.eclipse.jface.text 4 0 2025-06-20 15:22:32.580
!MESSAGE org.eclipse.lsp4j.jsonrpc.JsonRpcException: java.io.IOException: 파이프가 닫히는 중입니다
!STACK 0
java.util.concurrent.CompletionException: org.eclipse.lsp4j.jsonrpc.JsonRpcException: java.io.IOException: 파이프가 닫히는 중입니다
	at java.base/java.util.concurrent.CompletableFuture.encodeThrowable(CompletableFuture.java:331)
	at java.base/java.util.concurrent.CompletableFuture.uniAcceptNow(CompletableFuture.java:743)
	at java.base/java.util.concurrent.CompletableFuture.uniAcceptStage(CompletableFuture.java:731)
	at java.base/java.util.concurrent.CompletableFuture.thenAcceptAsync(CompletableFuture.java:2118)
	at org.eclipse.lsp4e.operations.codelens.CodeLensProvider.lambda$2(CodeLensProvider.java:44)
	at java.base/java.util.stream.ReferencePipeline$3$1.accept(ReferencePipeline.java:195)
	at java.base/java.util.ArrayList$ArrayListSpliterator.forEachRemaining(ArrayList.java:1655)
	at java.base/java.util.stream.AbstractPipeline.copyInto(AbstractPipeline.java:484)
	at java.base/java.util.stream.AbstractPipeline.wrapAndCopyInto(AbstractPipeline.java:474)
	at java.base/java.util.stream.AbstractPipeline.evaluate(AbstractPipeline.java:550)
	at java.base/java.util.stream.AbstractPipeline.evaluateToArrayNode(AbstractPipeline.java:260)
	at java.base/java.util.stream.ReferencePipeline.toArray(ReferencePipeline.java:517)
	at org.eclipse.lsp4e.operations.codelens.CodeLensProvider.lambda$1(CodeLensProvider.java:52)
	at java.base/java.util.concurrent.CompletableFuture$UniCompose.tryFire(CompletableFuture.java:1072)
	at java.base/java.util.concurrent.CompletableFuture$Completion.exec(CompletableFuture.java:479)
	at java.base/java.util.concurrent.ForkJoinTask.doExec(ForkJoinTask.java:290)
	at java.base/java.util.concurrent.ForkJoinPool$WorkQueue.topLevelExec(ForkJoinPool.java:1020)
	at java.base/java.util.concurrent.ForkJoinPool.scan(ForkJoinPool.java:1656)
	at java.base/java.util.concurrent.ForkJoinPool.runWorker(ForkJoinPool.java:1594)
	at java.base/java.util.concurrent.ForkJoinWorkerThread.run(ForkJoinWorkerThread.java:183)
Caused by: org.eclipse.lsp4j.jsonrpc.JsonRpcException: java.io.IOException: 파이프가 닫히는 중입니다
	at org.eclipse.lsp4j.jsonrpc.json.StreamMessageConsumer.consume(StreamMessageConsumer.java:72)
	at org.eclipse.lsp4e.LanguageServerWrapper.lambda$4(LanguageServerWrapper.java:260)
	at org.eclipse.lsp4j.jsonrpc.RemoteEndpoint.request(RemoteEndpoint.java:161)
	at org.eclipse.lsp4j.jsonrpc.services.EndpointProxy.invoke(EndpointProxy.java:91)
	at com.sun.proxy.$Proxy66.codeLens(Unknown Source)
	at org.eclipse.lsp4e.operations.codelens.CodeLensProvider.lambda$2(CodeLensProvider.java:43)
	... 15 more
Caused by: java.io.IOException: 파이프가 닫히는 중입니다
	at java.base/java.io.FileOutputStream.writeBytes(Native Method)
	at java.base/java.io.FileOutputStream.write(FileOutputStream.java:354)
	at java.base/java.io.BufferedOutputStream.flushBuffer(BufferedOutputStream.java:81)
	at java.base/java.io.BufferedOutputStream.flush(BufferedOutputStream.java:142)
	at org.eclipse.lsp4j.jsonrpc.json.StreamMessageConsumer.consume(StreamMessageConsumer.java:69)
	... 20 more

!ENTRY org.eclipse.jface.text 4 0 2025-06-20 15:22:32.581
!MESSAGE org.eclipse.lsp4j.jsonrpc.JsonRpcException: java.io.IOException: 파이프가 닫히는 중입니다
!STACK 0
java.util.concurrent.CompletionException: org.eclipse.lsp4j.jsonrpc.JsonRpcException: java.io.IOException: 파이프가 닫히는 중입니다
	at java.base/java.util.concurrent.CompletableFuture.encodeThrowable(CompletableFuture.java:331)
	at java.base/java.util.concurrent.CompletableFuture.uniAcceptNow(CompletableFuture.java:743)
	at java.base/java.util.concurrent.CompletableFuture.uniAcceptStage(CompletableFuture.java:731)
	at java.base/java.util.concurrent.CompletableFuture.thenAcceptAsync(CompletableFuture.java:2118)
	at org.eclipse.lsp4e.operations.codelens.CodeLensProvider.lambda$2(CodeLensProvider.java:44)
	at java.base/java.util.stream.ReferencePipeline$3$1.accept(ReferencePipeline.java:195)
	at java.base/java.util.ArrayList$ArrayListSpliterator.forEachRemaining(ArrayList.java:1655)
	at java.base/java.util.stream.AbstractPipeline.copyInto(AbstractPipeline.java:484)
	at java.base/java.util.stream.AbstractPipeline.wrapAndCopyInto(AbstractPipeline.java:474)
	at java.base/java.util.stream.AbstractPipeline.evaluate(AbstractPipeline.java:550)
	at java.base/java.util.stream.AbstractPipeline.evaluateToArrayNode(AbstractPipeline.java:260)
	at java.base/java.util.stream.ReferencePipeline.toArray(ReferencePipeline.java:517)
	at org.eclipse.lsp4e.operations.codelens.CodeLensProvider.lambda$1(CodeLensProvider.java:52)
	at java.base/java.util.concurrent.CompletableFuture$UniCompose.tryFire(CompletableFuture.java:1072)
	at java.base/java.util.concurrent.CompletableFuture$Completion.exec(CompletableFuture.java:479)
	at java.base/java.util.concurrent.ForkJoinTask.doExec(ForkJoinTask.java:290)
	at java.base/java.util.concurrent.ForkJoinPool$WorkQueue.topLevelExec(ForkJoinPool.java:1020)
	at java.base/java.util.concurrent.ForkJoinPool.scan(ForkJoinPool.java:1656)
	at java.base/java.util.concurrent.ForkJoinPool.runWorker(ForkJoinPool.java:1594)
	at java.base/java.util.concurrent.ForkJoinWorkerThread.run(ForkJoinWorkerThread.java:183)
Caused by: org.eclipse.lsp4j.jsonrpc.JsonRpcException: java.io.IOException: 파이프가 닫히는 중입니다
	at org.eclipse.lsp4j.jsonrpc.json.StreamMessageConsumer.consume(StreamMessageConsumer.java:72)
	at org.eclipse.lsp4e.LanguageServerWrapper.lambda$4(LanguageServerWrapper.java:260)
	at org.eclipse.lsp4j.jsonrpc.RemoteEndpoint.request(RemoteEndpoint.java:161)
	at org.eclipse.lsp4j.jsonrpc.services.EndpointProxy.invoke(EndpointProxy.java:91)
	at com.sun.proxy.$Proxy66.codeLens(Unknown Source)
	at org.eclipse.lsp4e.operations.codelens.CodeLensProvider.lambda$2(CodeLensProvider.java:43)
	... 15 more
Caused by: java.io.IOException: 파이프가 닫히는 중입니다
	at java.base/java.io.FileOutputStream.writeBytes(Native Method)
	at java.base/java.io.FileOutputStream.write(FileOutputStream.java:354)
	at java.base/java.io.BufferedOutputStream.flushBuffer(BufferedOutputStream.java:81)
	at java.base/java.io.BufferedOutputStream.flush(BufferedOutputStream.java:142)
	at org.eclipse.lsp4j.jsonrpc.json.StreamMessageConsumer.consume(StreamMessageConsumer.java:69)
	... 20 more

!ENTRY org.springframework.tooling.ls.eclipse.commons 1 0 2025-06-20 15:22:32.610
!MESSAGE ClasspathListenerHandler addClasspathListener sts4.classpath.nJhCqPfUisBatched = true

!ENTRY org.springframework.tooling.ls.eclipse.commons 1 0 2025-06-20 15:22:32.610
!MESSAGE Setting up ClasspathListenerManager

!ENTRY org.springframework.tooling.ls.eclipse.commons 1 0 2025-06-20 15:22:32.611
!MESSAGE Scheduling initial event for all projects ...

!ENTRY org.springframework.tooling.ls.eclipse.commons 1 0 2025-06-20 15:22:32.611
!MESSAGE Scheduling initial event for all projects DONE

!ENTRY org.springframework.tooling.ls.eclipse.commons 1 0 2025-06-20 15:22:32.611
!MESSAGE exists = true open = true => deleted = false

!ENTRY org.springframework.tooling.ls.eclipse.commons 1 0 2025-06-20 15:22:32.611
!MESSAGE ClasspathListenerHandler addClasspathListener sts4.classpath.nJhCqPfU => OK

!ENTRY org.springframework.tooling.ls.eclipse.commons 1 0 2025-06-20 15:22:32.612
!MESSAGE classpath=57 entries

!ENTRY org.springframework.tooling.ls.eclipse.commons 1 0 2025-06-20 15:22:32.613
!MESSAGE buffering callback sts4.classpath.nJhCqPfU ServiceExam false 57

!ENTRY org.springframework.tooling.ls.eclipse.commons 1 0 2025-06-20 15:22:32.613
!MESSAGE executing callback sts4.classpath.nJhCqPfU 1 batched events

!ENTRY org.springframework.tooling.ls.eclipse.commons 1 0 2025-06-20 15:22:32.815
!MESSAGE executing callback sts4.classpath.nJhCqPfU SUCCESS [done]

!ENTRY org.eclipse.lsp4e 4 0 2025-06-20 15:22:32.816
!MESSAGE org.eclipse.lsp4j.jsonrpc.JsonRpcException: java.io.IOException: 파이프가 닫히는 중입니다
!STACK 0
java.util.concurrent.ExecutionException: org.eclipse.lsp4j.jsonrpc.JsonRpcException: java.io.IOException: 파이프가 닫히는 중입니다
	at java.base/java.util.concurrent.CompletableFuture.reportGet(CompletableFuture.java:395)
	at java.base/java.util.concurrent.CompletableFuture.get(CompletableFuture.java:2028)
	at org.eclipse.lsp4e.LanguageServerWrapper.lambda$13(LanguageServerWrapper.java:425)
	at java.base/java.util.concurrent.CompletableFuture$AsyncRun.run(CompletableFuture.java:1736)
	at java.base/java.util.concurrent.CompletableFuture$AsyncRun.exec(CompletableFuture.java:1728)
	at java.base/java.util.concurrent.ForkJoinTask.doExec(ForkJoinTask.java:290)
	at java.base/java.util.concurrent.ForkJoinPool$WorkQueue.topLevelExec(ForkJoinPool.java:1020)
	at java.base/java.util.concurrent.ForkJoinPool.scan(ForkJoinPool.java:1656)
	at java.base/java.util.concurrent.ForkJoinPool.runWorker(ForkJoinPool.java:1594)
	at java.base/java.util.concurrent.ForkJoinWorkerThread.run(ForkJoinWorkerThread.java:183)
Caused by: org.eclipse.lsp4j.jsonrpc.JsonRpcException: java.io.IOException: 파이프가 닫히는 중입니다
	at org.eclipse.lsp4j.jsonrpc.json.StreamMessageConsumer.consume(StreamMessageConsumer.java:72)
	at org.eclipse.lsp4e.LanguageServerWrapper.lambda$4(LanguageServerWrapper.java:260)
	at org.eclipse.lsp4j.jsonrpc.RemoteEndpoint.request(RemoteEndpoint.java:161)
	at org.eclipse.lsp4j.jsonrpc.services.EndpointProxy.invoke(EndpointProxy.java:91)
	at com.sun.proxy.$Proxy68.shutdown(Unknown Source)
	at org.eclipse.lsp4e.LanguageServerWrapper.lambda$13(LanguageServerWrapper.java:423)
	... 7 more
Caused by: java.io.IOException: 파이프가 닫히는 중입니다
	at java.base/java.io.FileOutputStream.writeBytes(Native Method)
	at java.base/java.io.FileOutputStream.write(FileOutputStream.java:354)
	at java.base/java.io.BufferedOutputStream.flushBuffer(BufferedOutputStream.java:81)
	at java.base/java.io.BufferedOutputStream.flush(BufferedOutputStream.java:142)
	at org.eclipse.lsp4j.jsonrpc.json.StreamMessageConsumer.consume(StreamMessageConsumer.java:69)
	... 12 more

!ENTRY org.eclipse.lsp4e 4 0 2025-06-20 15:22:32.816
!MESSAGE org.eclipse.lsp4j.jsonrpc.JsonRpcException: java.io.IOException: 파이프가 닫히는 중입니다
!STACK 0
java.util.concurrent.ExecutionException: org.eclipse.lsp4j.jsonrpc.JsonRpcException: java.io.IOException: 파이프가 닫히는 중입니다
	at java.base/java.util.concurrent.CompletableFuture.reportGet(CompletableFuture.java:395)
	at java.base/java.util.concurrent.CompletableFuture.get(CompletableFuture.java:2028)
	at org.eclipse.lsp4e.LanguageServerWrapper.lambda$13(LanguageServerWrapper.java:425)
	at java.base/java.util.concurrent.CompletableFuture$AsyncRun.run(CompletableFuture.java:1736)
	at java.base/java.util.concurrent.CompletableFuture$AsyncRun.exec(CompletableFuture.java:1728)
	at java.base/java.util.concurrent.ForkJoinTask.doExec(ForkJoinTask.java:290)
	at java.base/java.util.concurrent.ForkJoinPool$WorkQueue.topLevelExec(ForkJoinPool.java:1020)
	at java.base/java.util.concurrent.ForkJoinPool.scan(ForkJoinPool.java:1656)
	at java.base/java.util.concurrent.ForkJoinPool.runWorker(ForkJoinPool.java:1594)
	at java.base/java.util.concurrent.ForkJoinWorkerThread.run(ForkJoinWorkerThread.java:183)
Caused by: org.eclipse.lsp4j.jsonrpc.JsonRpcException: java.io.IOException: 파이프가 닫히는 중입니다
	at org.eclipse.lsp4j.jsonrpc.json.StreamMessageConsumer.consume(StreamMessageConsumer.java:72)
	at org.eclipse.lsp4e.LanguageServerWrapper.lambda$4(LanguageServerWrapper.java:260)
	at org.eclipse.lsp4j.jsonrpc.RemoteEndpoint.request(RemoteEndpoint.java:161)
	at org.eclipse.lsp4j.jsonrpc.services.EndpointProxy.invoke(EndpointProxy.java:91)
	at com.sun.proxy.$Proxy68.shutdown(Unknown Source)
	at org.eclipse.lsp4e.LanguageServerWrapper.lambda$13(LanguageServerWrapper.java:423)
	... 7 more
Caused by: java.io.IOException: 파이프가 닫히는 중입니다
	at java.base/java.io.FileOutputStream.writeBytes(Native Method)
	at java.base/java.io.FileOutputStream.write(FileOutputStream.java:354)
	at java.base/java.io.BufferedOutputStream.flushBuffer(BufferedOutputStream.java:81)
	at java.base/java.io.BufferedOutputStream.flush(BufferedOutputStream.java:142)
	at org.eclipse.lsp4j.jsonrpc.json.StreamMessageConsumer.consume(StreamMessageConsumer.java:69)
	... 12 more

!ENTRY org.springframework.tooling.ls.eclipse.commons 1 0 2025-06-20 15:22:32.817
!MESSAGE Entering DelegatingStreamConnectionProvider()

!ENTRY org.springframework.tooling.ls.eclipse.commons 1 0 2025-06-20 15:22:32.817
!MESSAGE DelegatingStreamConnectionProvider classloader = org.eclipse.osgi.internal.loader.EquinoxClassLoader@580cb668[org.springframework.tooling.boot.ls:1.28.0.202109130547(id=1001)]

!ENTRY org.springframework.tooling.ls.eclipse.commons 1 0 2025-06-20 15:22:32.817
!MESSAGE SpringBootLanguageServer exists!

!ENTRY org.springframework.tooling.ls.eclipse.commons 1 0 2025-06-20 15:22:33.846
!MESSAGE Boot LS startup time from start to initialized: 1028ms

!ENTRY org.eclipse.jface.text 4 0 2025-06-20 15:22:33.880
!MESSAGE org.eclipse.lsp4j.jsonrpc.JsonRpcException: java.io.IOException: 파이프가 닫히는 중입니다
!STACK 0
java.util.concurrent.CompletionException: org.eclipse.lsp4j.jsonrpc.JsonRpcException: java.io.IOException: 파이프가 닫히는 중입니다
	at java.base/java.util.concurrent.CompletableFuture.encodeThrowable(CompletableFuture.java:331)
	at java.base/java.util.concurrent.CompletableFuture.uniAcceptNow(CompletableFuture.java:743)
	at java.base/java.util.concurrent.CompletableFuture.uniAcceptStage(CompletableFuture.java:731)
	at java.base/java.util.concurrent.CompletableFuture.thenAcceptAsync(CompletableFuture.java:2118)
	at org.eclipse.lsp4e.operations.codelens.CodeLensProvider.lambda$2(CodeLensProvider.java:44)
	at java.base/java.util.stream.ReferencePipeline$3$1.accept(ReferencePipeline.java:195)
	at java.base/java.util.ArrayList$ArrayListSpliterator.forEachRemaining(ArrayList.java:1655)
	at java.base/java.util.stream.AbstractPipeline.copyInto(AbstractPipeline.java:484)
	at java.base/java.util.stream.AbstractPipeline.wrapAndCopyInto(AbstractPipeline.java:474)
	at java.base/java.util.stream.AbstractPipeline.evaluate(AbstractPipeline.java:550)
	at java.base/java.util.stream.AbstractPipeline.evaluateToArrayNode(AbstractPipeline.java:260)
	at java.base/java.util.stream.ReferencePipeline.toArray(ReferencePipeline.java:517)
	at org.eclipse.lsp4e.operations.codelens.CodeLensProvider.lambda$1(CodeLensProvider.java:52)
	at java.base/java.util.concurrent.CompletableFuture$UniCompose.tryFire(CompletableFuture.java:1072)
	at java.base/java.util.concurrent.CompletableFuture$Completion.exec(CompletableFuture.java:479)
	at java.base/java.util.concurrent.ForkJoinTask.doExec(ForkJoinTask.java:290)
	at java.base/java.util.concurrent.ForkJoinPool$WorkQueue.topLevelExec(ForkJoinPool.java:1020)
	at java.base/java.util.concurrent.ForkJoinPool.scan(ForkJoinPool.java:1656)
	at java.base/java.util.concurrent.ForkJoinPool.runWorker(ForkJoinPool.java:1594)
	at java.base/java.util.concurrent.ForkJoinWorkerThread.run(ForkJoinWorkerThread.java:183)
Caused by: org.eclipse.lsp4j.jsonrpc.JsonRpcException: java.io.IOException: 파이프가 닫히는 중입니다
	at org.eclipse.lsp4j.jsonrpc.json.StreamMessageConsumer.consume(StreamMessageConsumer.java:72)
	at org.eclipse.lsp4e.LanguageServerWrapper.lambda$4(LanguageServerWrapper.java:260)
	at org.eclipse.lsp4j.jsonrpc.RemoteEndpoint.request(RemoteEndpoint.java:161)
	at org.eclipse.lsp4j.jsonrpc.services.EndpointProxy.invoke(EndpointProxy.java:91)
	at com.sun.proxy.$Proxy66.codeLens(Unknown Source)
	at org.eclipse.lsp4e.operations.codelens.CodeLensProvider.lambda$2(CodeLensProvider.java:43)
	... 15 more
Caused by: java.io.IOException: 파이프가 닫히는 중입니다
	at java.base/java.io.FileOutputStream.writeBytes(Native Method)
	at java.base/java.io.FileOutputStream.write(FileOutputStream.java:354)
	at java.base/java.io.BufferedOutputStream.flushBuffer(BufferedOutputStream.java:81)
	at java.base/java.io.BufferedOutputStream.flush(BufferedOutputStream.java:142)
	at org.eclipse.lsp4j.jsonrpc.json.StreamMessageConsumer.consume(StreamMessageConsumer.java:69)
	... 20 more

!ENTRY org.eclipse.jface.text 4 0 2025-06-20 15:22:33.880
!MESSAGE org.eclipse.lsp4j.jsonrpc.JsonRpcException: java.io.IOException: 파이프가 닫히는 중입니다
!STACK 0
java.util.concurrent.CompletionException: org.eclipse.lsp4j.jsonrpc.JsonRpcException: java.io.IOException: 파이프가 닫히는 중입니다
	at java.base/java.util.concurrent.CompletableFuture.encodeThrowable(CompletableFuture.java:331)
	at java.base/java.util.concurrent.CompletableFuture.uniAcceptNow(CompletableFuture.java:743)
	at java.base/java.util.concurrent.CompletableFuture.uniAcceptStage(CompletableFuture.java:731)
	at java.base/java.util.concurrent.CompletableFuture.thenAcceptAsync(CompletableFuture.java:2118)
	at org.eclipse.lsp4e.operations.codelens.CodeLensProvider.lambda$2(CodeLensProvider.java:44)
	at java.base/java.util.stream.ReferencePipeline$3$1.accept(ReferencePipeline.java:195)
	at java.base/java.util.ArrayList$ArrayListSpliterator.forEachRemaining(ArrayList.java:1655)
	at java.base/java.util.stream.AbstractPipeline.copyInto(AbstractPipeline.java:484)
	at java.base/java.util.stream.AbstractPipeline.wrapAndCopyInto(AbstractPipeline.java:474)
	at java.base/java.util.stream.AbstractPipeline.evaluate(AbstractPipeline.java:550)
	at java.base/java.util.stream.AbstractPipeline.evaluateToArrayNode(AbstractPipeline.java:260)
	at java.base/java.util.stream.ReferencePipeline.toArray(ReferencePipeline.java:517)
	at org.eclipse.lsp4e.operations.codelens.CodeLensProvider.lambda$1(CodeLensProvider.java:52)
	at java.base/java.util.concurrent.CompletableFuture$UniCompose.tryFire(CompletableFuture.java:1072)
	at java.base/java.util.concurrent.CompletableFuture$Completion.exec(CompletableFuture.java:479)
	at java.base/java.util.concurrent.ForkJoinTask.doExec(ForkJoinTask.java:290)
	at java.base/java.util.concurrent.ForkJoinPool$WorkQueue.topLevelExec(ForkJoinPool.java:1020)
	at java.base/java.util.concurrent.ForkJoinPool.scan(ForkJoinPool.java:1656)
	at java.base/java.util.concurrent.ForkJoinPool.runWorker(ForkJoinPool.java:1594)
	at java.base/java.util.concurrent.ForkJoinWorkerThread.run(ForkJoinWorkerThread.java:183)
Caused by: org.eclipse.lsp4j.jsonrpc.JsonRpcException: java.io.IOException: 파이프가 닫히는 중입니다
	at org.eclipse.lsp4j.jsonrpc.json.StreamMessageConsumer.consume(StreamMessageConsumer.java:72)
	at org.eclipse.lsp4e.LanguageServerWrapper.lambda$4(LanguageServerWrapper.java:260)
	at org.eclipse.lsp4j.jsonrpc.RemoteEndpoint.request(RemoteEndpoint.java:161)
	at org.eclipse.lsp4j.jsonrpc.services.EndpointProxy.invoke(EndpointProxy.java:91)
	at com.sun.proxy.$Proxy66.codeLens(Unknown Source)
	at org.eclipse.lsp4e.operations.codelens.CodeLensProvider.lambda$2(CodeLensProvider.java:43)
	... 15 more
Caused by: java.io.IOException: 파이프가 닫히는 중입니다
	at java.base/java.io.FileOutputStream.writeBytes(Native Method)
	at java.base/java.io.FileOutputStream.write(FileOutputStream.java:354)
	at java.base/java.io.BufferedOutputStream.flushBuffer(BufferedOutputStream.java:81)
	at java.base/java.io.BufferedOutputStream.flush(BufferedOutputStream.java:142)
	at org.eclipse.lsp4j.jsonrpc.json.StreamMessageConsumer.consume(StreamMessageConsumer.java:69)
	... 20 more

!ENTRY org.eclipse.jface.text 4 0 2025-06-20 15:22:33.881
!MESSAGE org.eclipse.lsp4j.jsonrpc.JsonRpcException: java.io.IOException: 파이프가 닫히는 중입니다
!STACK 0
java.util.concurrent.CompletionException: org.eclipse.lsp4j.jsonrpc.JsonRpcException: java.io.IOException: 파이프가 닫히는 중입니다
	at java.base/java.util.concurrent.CompletableFuture.encodeThrowable(CompletableFuture.java:331)
	at java.base/java.util.concurrent.CompletableFuture.uniAcceptNow(CompletableFuture.java:743)
	at java.base/java.util.concurrent.CompletableFuture.uniAcceptStage(CompletableFuture.java:731)
	at java.base/java.util.concurrent.CompletableFuture.thenAcceptAsync(CompletableFuture.java:2118)
	at org.eclipse.lsp4e.operations.codelens.CodeLensProvider.lambda$2(CodeLensProvider.java:44)
	at java.base/java.util.stream.ReferencePipeline$3$1.accept(ReferencePipeline.java:195)
	at java.base/java.util.ArrayList$ArrayListSpliterator.forEachRemaining(ArrayList.java:1655)
	at java.base/java.util.stream.AbstractPipeline.copyInto(AbstractPipeline.java:484)
	at java.base/java.util.stream.AbstractPipeline.wrapAndCopyInto(AbstractPipeline.java:474)
	at java.base/java.util.stream.AbstractPipeline.evaluate(AbstractPipeline.java:550)
	at java.base/java.util.stream.AbstractPipeline.evaluateToArrayNode(AbstractPipeline.java:260)
	at java.base/java.util.stream.ReferencePipeline.toArray(ReferencePipeline.java:517)
	at org.eclipse.lsp4e.operations.codelens.CodeLensProvider.lambda$1(CodeLensProvider.java:52)
	at java.base/java.util.concurrent.CompletableFuture$UniCompose.tryFire(CompletableFuture.java:1072)
	at java.base/java.util.concurrent.CompletableFuture$Completion.exec(CompletableFuture.java:479)
	at java.base/java.util.concurrent.ForkJoinTask.doExec(ForkJoinTask.java:290)
	at java.base/java.util.concurrent.ForkJoinPool$WorkQueue.topLevelExec(ForkJoinPool.java:1020)
	at java.base/java.util.concurrent.ForkJoinPool.scan(ForkJoinPool.java:1656)
	at java.base/java.util.concurrent.ForkJoinPool.runWorker(ForkJoinPool.java:1594)
	at java.base/java.util.concurrent.ForkJoinWorkerThread.run(ForkJoinWorkerThread.java:183)
Caused by: org.eclipse.lsp4j.jsonrpc.JsonRpcException: java.io.IOException: 파이프가 닫히는 중입니다
	at org.eclipse.lsp4j.jsonrpc.json.StreamMessageConsumer.consume(StreamMessageConsumer.java:72)
	at org.eclipse.lsp4e.LanguageServerWrapper.lambda$4(LanguageServerWrapper.java:260)
	at org.eclipse.lsp4j.jsonrpc.RemoteEndpoint.request(RemoteEndpoint.java:161)
	at org.eclipse.lsp4j.jsonrpc.services.EndpointProxy.invoke(EndpointProxy.java:91)
	at com.sun.proxy.$Proxy66.codeLens(Unknown Source)
	at org.eclipse.lsp4e.operations.codelens.CodeLensProvider.lambda$2(CodeLensProvider.java:43)
	... 15 more
Caused by: java.io.IOException: 파이프가 닫히는 중입니다
	at java.base/java.io.FileOutputStream.writeBytes(Native Method)
	at java.base/java.io.FileOutputStream.write(FileOutputStream.java:354)
	at java.base/java.io.BufferedOutputStream.flushBuffer(BufferedOutputStream.java:81)
	at java.base/java.io.BufferedOutputStream.flush(BufferedOutputStream.java:142)
	at org.eclipse.lsp4j.jsonrpc.json.StreamMessageConsumer.consume(StreamMessageConsumer.java:69)
	... 20 more

!ENTRY org.eclipse.jface.text 4 0 2025-06-20 15:22:33.884
!MESSAGE org.eclipse.lsp4j.jsonrpc.JsonRpcException: java.io.IOException: 파이프가 닫히는 중입니다
!STACK 0
java.util.concurrent.CompletionException: org.eclipse.lsp4j.jsonrpc.JsonRpcException: java.io.IOException: 파이프가 닫히는 중입니다
	at java.base/java.util.concurrent.CompletableFuture.encodeThrowable(CompletableFuture.java:331)
	at java.base/java.util.concurrent.CompletableFuture.uniAcceptNow(CompletableFuture.java:743)
	at java.base/java.util.concurrent.CompletableFuture.uniAcceptStage(CompletableFuture.java:731)
	at java.base/java.util.concurrent.CompletableFuture.thenAcceptAsync(CompletableFuture.java:2118)
	at org.eclipse.lsp4e.operations.codelens.CodeLensProvider.lambda$2(CodeLensProvider.java:44)
	at java.base/java.util.stream.ReferencePipeline$3$1.accept(ReferencePipeline.java:195)
	at java.base/java.util.ArrayList$ArrayListSpliterator.forEachRemaining(ArrayList.java:1655)
	at java.base/java.util.stream.AbstractPipeline.copyInto(AbstractPipeline.java:484)
	at java.base/java.util.stream.AbstractPipeline.wrapAndCopyInto(AbstractPipeline.java:474)
	at java.base/java.util.stream.AbstractPipeline.evaluate(AbstractPipeline.java:550)
	at java.base/java.util.stream.AbstractPipeline.evaluateToArrayNode(AbstractPipeline.java:260)
	at java.base/java.util.stream.ReferencePipeline.toArray(ReferencePipeline.java:517)
	at org.eclipse.lsp4e.operations.codelens.CodeLensProvider.lambda$1(CodeLensProvider.java:52)
	at java.base/java.util.concurrent.CompletableFuture$UniCompose.tryFire(CompletableFuture.java:1072)
	at java.base/java.util.concurrent.CompletableFuture$Completion.exec(CompletableFuture.java:479)
	at java.base/java.util.concurrent.ForkJoinTask.doExec(ForkJoinTask.java:290)
	at java.base/java.util.concurrent.ForkJoinPool$WorkQueue.topLevelExec(ForkJoinPool.java:1020)
	at java.base/java.util.concurrent.ForkJoinPool.scan(ForkJoinPool.java:1656)
	at java.base/java.util.concurrent.ForkJoinPool.runWorker(ForkJoinPool.java:1594)
	at java.base/java.util.concurrent.ForkJoinWorkerThread.run(ForkJoinWorkerThread.java:183)
Caused by: org.eclipse.lsp4j.jsonrpc.JsonRpcException: java.io.IOException: 파이프가 닫히는 중입니다
	at org.eclipse.lsp4j.jsonrpc.json.StreamMessageConsumer.consume(StreamMessageConsumer.java:72)
	at org.eclipse.lsp4e.LanguageServerWrapper.lambda$4(LanguageServerWrapper.java:260)
	at org.eclipse.lsp4j.jsonrpc.RemoteEndpoint.request(RemoteEndpoint.java:161)
	at org.eclipse.lsp4j.jsonrpc.services.EndpointProxy.invoke(EndpointProxy.java:91)
	at com.sun.proxy.$Proxy66.codeLens(Unknown Source)
	at org.eclipse.lsp4e.operations.codelens.CodeLensProvider.lambda$2(CodeLensProvider.java:43)
	... 15 more
Caused by: java.io.IOException: 파이프가 닫히는 중입니다
	at java.base/java.io.FileOutputStream.writeBytes(Native Method)
	at java.base/java.io.FileOutputStream.write(FileOutputStream.java:354)
	at java.base/java.io.BufferedOutputStream.flushBuffer(BufferedOutputStream.java:81)
	at java.base/java.io.BufferedOutputStream.flush(BufferedOutputStream.java:142)
	at org.eclipse.lsp4j.jsonrpc.json.StreamMessageConsumer.consume(StreamMessageConsumer.java:69)
	... 20 more

!ENTRY org.springframework.tooling.ls.eclipse.commons 1 0 2025-06-20 15:22:33.911
!MESSAGE ClasspathListenerHandler addClasspathListener sts4.classpath.wOcxmbcmisBatched = true

!ENTRY org.springframework.tooling.ls.eclipse.commons 1 0 2025-06-20 15:22:33.911
!MESSAGE Setting up ClasspathListenerManager

!ENTRY org.springframework.tooling.ls.eclipse.commons 1 0 2025-06-20 15:22:33.911
!MESSAGE Scheduling initial event for all projects ...

!ENTRY org.springframework.tooling.ls.eclipse.commons 1 0 2025-06-20 15:22:33.912
!MESSAGE Scheduling initial event for all projects DONE

!ENTRY org.springframework.tooling.ls.eclipse.commons 1 0 2025-06-20 15:22:33.912
!MESSAGE exists = true open = true => deleted = false

!ENTRY org.springframework.tooling.ls.eclipse.commons 1 0 2025-06-20 15:22:33.912
!MESSAGE ClasspathListenerHandler addClasspathListener sts4.classpath.wOcxmbcm => OK

!ENTRY org.springframework.tooling.ls.eclipse.commons 1 0 2025-06-20 15:22:33.914
!MESSAGE classpath=57 entries

!ENTRY org.springframework.tooling.ls.eclipse.commons 1 0 2025-06-20 15:22:33.915
!MESSAGE buffering callback sts4.classpath.wOcxmbcm ServiceExam false 57

!ENTRY org.springframework.tooling.ls.eclipse.commons 1 0 2025-06-20 15:22:33.915
!MESSAGE executing callback sts4.classpath.wOcxmbcm 1 batched events

!ENTRY org.springframework.tooling.ls.eclipse.commons 1 0 2025-06-20 15:22:34.109
!MESSAGE executing callback sts4.classpath.wOcxmbcm SUCCESS [done]

!ENTRY org.eclipse.lsp4e 4 0 2025-06-20 15:22:34.110
!MESSAGE org.eclipse.lsp4j.jsonrpc.JsonRpcException: java.io.IOException: 파이프가 닫히는 중입니다
!STACK 0
java.util.concurrent.ExecutionException: org.eclipse.lsp4j.jsonrpc.JsonRpcException: java.io.IOException: 파이프가 닫히는 중입니다
	at java.base/java.util.concurrent.CompletableFuture.reportGet(CompletableFuture.java:395)
	at java.base/java.util.concurrent.CompletableFuture.get(CompletableFuture.java:2028)
	at org.eclipse.lsp4e.LanguageServerWrapper.lambda$13(LanguageServerWrapper.java:425)
	at java.base/java.util.concurrent.CompletableFuture$AsyncRun.run(CompletableFuture.java:1736)
	at java.base/java.util.concurrent.CompletableFuture$AsyncRun.exec(CompletableFuture.java:1728)
	at java.base/java.util.concurrent.ForkJoinTask.doExec(ForkJoinTask.java:290)
	at java.base/java.util.concurrent.ForkJoinPool$WorkQueue.topLevelExec(ForkJoinPool.java:1020)
	at java.base/java.util.concurrent.ForkJoinPool.scan(ForkJoinPool.java:1656)
	at java.base/java.util.concurrent.ForkJoinPool.runWorker(ForkJoinPool.java:1594)
	at java.base/java.util.concurrent.ForkJoinWorkerThread.run(ForkJoinWorkerThread.java:183)
Caused by: org.eclipse.lsp4j.jsonrpc.JsonRpcException: java.io.IOException: 파이프가 닫히는 중입니다
	at org.eclipse.lsp4j.jsonrpc.json.StreamMessageConsumer.consume(StreamMessageConsumer.java:72)
	at org.eclipse.lsp4e.LanguageServerWrapper.lambda$4(LanguageServerWrapper.java:260)
	at org.eclipse.lsp4j.jsonrpc.RemoteEndpoint.request(RemoteEndpoint.java:161)
	at org.eclipse.lsp4j.jsonrpc.services.EndpointProxy.invoke(EndpointProxy.java:91)
	at com.sun.proxy.$Proxy68.shutdown(Unknown Source)
	at org.eclipse.lsp4e.LanguageServerWrapper.lambda$13(LanguageServerWrapper.java:423)
	... 7 more
Caused by: java.io.IOException: 파이프가 닫히는 중입니다
	at java.base/java.io.FileOutputStream.writeBytes(Native Method)
	at java.base/java.io.FileOutputStream.write(FileOutputStream.java:354)
	at java.base/java.io.BufferedOutputStream.flushBuffer(BufferedOutputStream.java:81)
	at java.base/java.io.BufferedOutputStream.flush(BufferedOutputStream.java:142)
	at org.eclipse.lsp4j.jsonrpc.json.StreamMessageConsumer.consume(StreamMessageConsumer.java:69)
	... 12 more

!ENTRY org.eclipse.lsp4e 4 0 2025-06-20 15:22:34.111
!MESSAGE org.eclipse.lsp4j.jsonrpc.JsonRpcException: java.io.IOException: 파이프가 닫히는 중입니다
!STACK 0
java.util.concurrent.ExecutionException: org.eclipse.lsp4j.jsonrpc.JsonRpcException: java.io.IOException: 파이프가 닫히는 중입니다
	at java.base/java.util.concurrent.CompletableFuture.reportGet(CompletableFuture.java:395)
	at java.base/java.util.concurrent.CompletableFuture.get(CompletableFuture.java:2028)
	at org.eclipse.lsp4e.LanguageServerWrapper.lambda$13(LanguageServerWrapper.java:425)
	at java.base/java.util.concurrent.CompletableFuture$AsyncRun.run(CompletableFuture.java:1736)
	at java.base/java.util.concurrent.CompletableFuture$AsyncRun.exec(CompletableFuture.java:1728)
	at java.base/java.util.concurrent.ForkJoinTask.doExec(ForkJoinTask.java:290)
	at java.base/java.util.concurrent.ForkJoinPool$WorkQueue.topLevelExec(ForkJoinPool.java:1020)
	at java.base/java.util.concurrent.ForkJoinPool.scan(ForkJoinPool.java:1656)
	at java.base/java.util.concurrent.ForkJoinPool.runWorker(ForkJoinPool.java:1594)
	at java.base/java.util.concurrent.ForkJoinWorkerThread.run(ForkJoinWorkerThread.java:183)
Caused by: org.eclipse.lsp4j.jsonrpc.JsonRpcException: java.io.IOException: 파이프가 닫히는 중입니다
	at org.eclipse.lsp4j.jsonrpc.json.StreamMessageConsumer.consume(StreamMessageConsumer.java:72)
	at org.eclipse.lsp4e.LanguageServerWrapper.lambda$4(LanguageServerWrapper.java:260)
	at org.eclipse.lsp4j.jsonrpc.RemoteEndpoint.request(RemoteEndpoint.java:161)
	at org.eclipse.lsp4j.jsonrpc.services.EndpointProxy.invoke(EndpointProxy.java:91)
	at com.sun.proxy.$Proxy68.shutdown(Unknown Source)
	at org.eclipse.lsp4e.LanguageServerWrapper.lambda$13(LanguageServerWrapper.java:423)
	... 7 more
Caused by: java.io.IOException: 파이프가 닫히는 중입니다
	at java.base/java.io.FileOutputStream.writeBytes(Native Method)
	at java.base/java.io.FileOutputStream.write(FileOutputStream.java:354)
	at java.base/java.io.BufferedOutputStream.flushBuffer(BufferedOutputStream.java:81)
	at java.base/java.io.BufferedOutputStream.flush(BufferedOutputStream.java:142)
	at org.eclipse.lsp4j.jsonrpc.json.StreamMessageConsumer.consume(StreamMessageConsumer.java:69)
	... 12 more

!ENTRY org.springframework.tooling.ls.eclipse.commons 1 0 2025-06-20 15:22:34.111
!MESSAGE Entering DelegatingStreamConnectionProvider()

!ENTRY org.springframework.tooling.ls.eclipse.commons 1 0 2025-06-20 15:22:34.111
!MESSAGE DelegatingStreamConnectionProvider classloader = org.eclipse.osgi.internal.loader.EquinoxClassLoader@580cb668[org.springframework.tooling.boot.ls:1.28.0.202109130547(id=1001)]

!ENTRY org.springframework.tooling.ls.eclipse.commons 1 0 2025-06-20 15:22:34.113
!MESSAGE SpringBootLanguageServer exists!

!ENTRY org.springframework.tooling.ls.eclipse.commons 1 0 2025-06-20 15:22:35.151
!MESSAGE Boot LS startup time from start to initialized: 1038ms

!ENTRY org.eclipse.jface.text 4 0 2025-06-20 15:22:35.183
!MESSAGE org.eclipse.lsp4j.jsonrpc.JsonRpcException: java.io.IOException: 파이프가 닫히는 중입니다
!STACK 0
java.util.concurrent.CompletionException: org.eclipse.lsp4j.jsonrpc.JsonRpcException: java.io.IOException: 파이프가 닫히는 중입니다
	at java.base/java.util.concurrent.CompletableFuture.encodeThrowable(CompletableFuture.java:331)
	at java.base/java.util.concurrent.CompletableFuture.uniAcceptNow(CompletableFuture.java:743)
	at java.base/java.util.concurrent.CompletableFuture.uniAcceptStage(CompletableFuture.java:731)
	at java.base/java.util.concurrent.CompletableFuture.thenAcceptAsync(CompletableFuture.java:2118)
	at org.eclipse.lsp4e.operations.codelens.CodeLensProvider.lambda$2(CodeLensProvider.java:44)
	at java.base/java.util.stream.ReferencePipeline$3$1.accept(ReferencePipeline.java:195)
	at java.base/java.util.ArrayList$ArrayListSpliterator.forEachRemaining(ArrayList.java:1655)
	at java.base/java.util.stream.AbstractPipeline.copyInto(AbstractPipeline.java:484)
	at java.base/java.util.stream.AbstractPipeline.wrapAndCopyInto(AbstractPipeline.java:474)
	at java.base/java.util.stream.AbstractPipeline.evaluate(AbstractPipeline.java:550)
	at java.base/java.util.stream.AbstractPipeline.evaluateToArrayNode(AbstractPipeline.java:260)
	at java.base/java.util.stream.ReferencePipeline.toArray(ReferencePipeline.java:517)
	at org.eclipse.lsp4e.operations.codelens.CodeLensProvider.lambda$1(CodeLensProvider.java:52)
	at java.base/java.util.concurrent.CompletableFuture$UniCompose.tryFire(CompletableFuture.java:1072)
	at java.base/java.util.concurrent.CompletableFuture$Completion.exec(CompletableFuture.java:479)
	at java.base/java.util.concurrent.ForkJoinTask.doExec(ForkJoinTask.java:290)
	at java.base/java.util.concurrent.ForkJoinPool$WorkQueue.topLevelExec(ForkJoinPool.java:1020)
	at java.base/java.util.concurrent.ForkJoinPool.scan(ForkJoinPool.java:1656)
	at java.base/java.util.concurrent.ForkJoinPool.runWorker(ForkJoinPool.java:1594)
	at java.base/java.util.concurrent.ForkJoinWorkerThread.run(ForkJoinWorkerThread.java:183)
Caused by: org.eclipse.lsp4j.jsonrpc.JsonRpcException: java.io.IOException: 파이프가 닫히는 중입니다
	at org.eclipse.lsp4j.jsonrpc.json.StreamMessageConsumer.consume(StreamMessageConsumer.java:72)
	at org.eclipse.lsp4e.LanguageServerWrapper.lambda$4(LanguageServerWrapper.java:260)
	at org.eclipse.lsp4j.jsonrpc.RemoteEndpoint.request(RemoteEndpoint.java:161)
	at org.eclipse.lsp4j.jsonrpc.services.EndpointProxy.invoke(EndpointProxy.java:91)
	at com.sun.proxy.$Proxy66.codeLens(Unknown Source)
	at org.eclipse.lsp4e.operations.codelens.CodeLensProvider.lambda$2(CodeLensProvider.java:43)
	... 15 more
Caused by: java.io.IOException: 파이프가 닫히는 중입니다
	at java.base/java.io.FileOutputStream.writeBytes(Native Method)
	at java.base/java.io.FileOutputStream.write(FileOutputStream.java:354)
	at java.base/java.io.BufferedOutputStream.flushBuffer(BufferedOutputStream.java:81)
	at java.base/java.io.BufferedOutputStream.flush(BufferedOutputStream.java:142)
	at org.eclipse.lsp4j.jsonrpc.json.StreamMessageConsumer.consume(StreamMessageConsumer.java:69)
	... 20 more

!ENTRY org.eclipse.jface.text 4 0 2025-06-20 15:22:35.185
!MESSAGE org.eclipse.lsp4j.jsonrpc.JsonRpcException: java.io.IOException: 파이프가 닫히는 중입니다
!STACK 0
java.util.concurrent.CompletionException: org.eclipse.lsp4j.jsonrpc.JsonRpcException: java.io.IOException: 파이프가 닫히는 중입니다
	at java.base/java.util.concurrent.CompletableFuture.encodeThrowable(CompletableFuture.java:331)
	at java.base/java.util.concurrent.CompletableFuture.uniAcceptNow(CompletableFuture.java:743)
	at java.base/java.util.concurrent.CompletableFuture.uniAcceptStage(CompletableFuture.java:731)
	at java.base/java.util.concurrent.CompletableFuture.thenAcceptAsync(CompletableFuture.java:2118)
	at org.eclipse.lsp4e.operations.codelens.CodeLensProvider.lambda$2(CodeLensProvider.java:44)
	at java.base/java.util.stream.ReferencePipeline$3$1.accept(ReferencePipeline.java:195)
	at java.base/java.util.ArrayList$ArrayListSpliterator.forEachRemaining(ArrayList.java:1655)
	at java.base/java.util.stream.AbstractPipeline.copyInto(AbstractPipeline.java:484)
	at java.base/java.util.stream.AbstractPipeline.wrapAndCopyInto(AbstractPipeline.java:474)
	at java.base/java.util.stream.AbstractPipeline.evaluate(AbstractPipeline.java:550)
	at java.base/java.util.stream.AbstractPipeline.evaluateToArrayNode(AbstractPipeline.java:260)
	at java.base/java.util.stream.ReferencePipeline.toArray(ReferencePipeline.java:517)
	at org.eclipse.lsp4e.operations.codelens.CodeLensProvider.lambda$1(CodeLensProvider.java:52)
	at java.base/java.util.concurrent.CompletableFuture$UniCompose.tryFire(CompletableFuture.java:1072)
	at java.base/java.util.concurrent.CompletableFuture$Completion.exec(CompletableFuture.java:479)
	at java.base/java.util.concurrent.ForkJoinTask.doExec(ForkJoinTask.java:290)
	at java.base/java.util.concurrent.ForkJoinPool$WorkQueue.topLevelExec(ForkJoinPool.java:1020)
	at java.base/java.util.concurrent.ForkJoinPool.scan(ForkJoinPool.java:1656)
	at java.base/java.util.concurrent.ForkJoinPool.runWorker(ForkJoinPool.java:1594)
	at java.base/java.util.concurrent.ForkJoinWorkerThread.run(ForkJoinWorkerThread.java:183)
Caused by: org.eclipse.lsp4j.jsonrpc.JsonRpcException: java.io.IOException: 파이프가 닫히는 중입니다
	at org.eclipse.lsp4j.jsonrpc.json.StreamMessageConsumer.consume(StreamMessageConsumer.java:72)
	at org.eclipse.lsp4e.LanguageServerWrapper.lambda$4(LanguageServerWrapper.java:260)
	at org.eclipse.lsp4j.jsonrpc.RemoteEndpoint.request(RemoteEndpoint.java:161)
	at org.eclipse.lsp4j.jsonrpc.services.EndpointProxy.invoke(EndpointProxy.java:91)
	at com.sun.proxy.$Proxy66.codeLens(Unknown Source)
	at org.eclipse.lsp4e.operations.codelens.CodeLensProvider.lambda$2(CodeLensProvider.java:43)
	... 15 more
Caused by: java.io.IOException: 파이프가 닫히는 중입니다
	at java.base/java.io.FileOutputStream.writeBytes(Native Method)
	at java.base/java.io.FileOutputStream.write(FileOutputStream.java:354)
	at java.base/java.io.BufferedOutputStream.flushBuffer(BufferedOutputStream.java:81)
	at java.base/java.io.BufferedOutputStream.flush(BufferedOutputStream.java:142)
	at org.eclipse.lsp4j.jsonrpc.json.StreamMessageConsumer.consume(StreamMessageConsumer.java:69)
	... 20 more

!ENTRY org.eclipse.jface.text 4 0 2025-06-20 15:22:35.185
!MESSAGE org.eclipse.lsp4j.jsonrpc.JsonRpcException: java.io.IOException: 파이프가 닫히는 중입니다
!STACK 0
java.util.concurrent.CompletionException: org.eclipse.lsp4j.jsonrpc.JsonRpcException: java.io.IOException: 파이프가 닫히는 중입니다
	at java.base/java.util.concurrent.CompletableFuture.encodeThrowable(CompletableFuture.java:331)
	at java.base/java.util.concurrent.CompletableFuture.uniAcceptNow(CompletableFuture.java:743)
	at java.base/java.util.concurrent.CompletableFuture.uniAcceptStage(CompletableFuture.java:731)
	at java.base/java.util.concurrent.CompletableFuture.thenAcceptAsync(CompletableFuture.java:2118)
	at org.eclipse.lsp4e.operations.codelens.CodeLensProvider.lambda$2(CodeLensProvider.java:44)
	at java.base/java.util.stream.ReferencePipeline$3$1.accept(ReferencePipeline.java:195)
	at java.base/java.util.ArrayList$ArrayListSpliterator.forEachRemaining(ArrayList.java:1655)
	at java.base/java.util.stream.AbstractPipeline.copyInto(AbstractPipeline.java:484)
	at java.base/java.util.stream.AbstractPipeline.wrapAndCopyInto(AbstractPipeline.java:474)
	at java.base/java.util.stream.AbstractPipeline.evaluate(AbstractPipeline.java:550)
	at java.base/java.util.stream.AbstractPipeline.evaluateToArrayNode(AbstractPipeline.java:260)
	at java.base/java.util.stream.ReferencePipeline.toArray(ReferencePipeline.java:517)
	at org.eclipse.lsp4e.operations.codelens.CodeLensProvider.lambda$1(CodeLensProvider.java:52)
	at java.base/java.util.concurrent.CompletableFuture$UniCompose.tryFire(CompletableFuture.java:1072)
	at java.base/java.util.concurrent.CompletableFuture$Completion.exec(CompletableFuture.java:479)
	at java.base/java.util.concurrent.ForkJoinTask.doExec(ForkJoinTask.java:290)
	at java.base/java.util.concurrent.ForkJoinPool$WorkQueue.topLevelExec(ForkJoinPool.java:1020)
	at java.base/java.util.concurrent.ForkJoinPool.scan(ForkJoinPool.java:1656)
	at java.base/java.util.concurrent.ForkJoinPool.runWorker(ForkJoinPool.java:1594)
	at java.base/java.util.concurrent.ForkJoinWorkerThread.run(ForkJoinWorkerThread.java:183)
Caused by: org.eclipse.lsp4j.jsonrpc.JsonRpcException: java.io.IOException: 파이프가 닫히는 중입니다
	at org.eclipse.lsp4j.jsonrpc.json.StreamMessageConsumer.consume(StreamMessageConsumer.java:72)
	at org.eclipse.lsp4e.LanguageServerWrapper.lambda$4(LanguageServerWrapper.java:260)
	at org.eclipse.lsp4j.jsonrpc.RemoteEndpoint.request(RemoteEndpoint.java:161)
	at org.eclipse.lsp4j.jsonrpc.services.EndpointProxy.invoke(EndpointProxy.java:91)
	at com.sun.proxy.$Proxy66.codeLens(Unknown Source)
	at org.eclipse.lsp4e.operations.codelens.CodeLensProvider.lambda$2(CodeLensProvider.java:43)
	... 15 more
Caused by: java.io.IOException: 파이프가 닫히는 중입니다
	at java.base/java.io.FileOutputStream.writeBytes(Native Method)
	at java.base/java.io.FileOutputStream.write(FileOutputStream.java:354)
	at java.base/java.io.BufferedOutputStream.flushBuffer(BufferedOutputStream.java:81)
	at java.base/java.io.BufferedOutputStream.flush(BufferedOutputStream.java:142)
	at org.eclipse.lsp4j.jsonrpc.json.StreamMessageConsumer.consume(StreamMessageConsumer.java:69)
	... 20 more

!ENTRY org.eclipse.jface.text 4 0 2025-06-20 15:22:35.185
!MESSAGE org.eclipse.lsp4j.jsonrpc.JsonRpcException: java.io.IOException: 파이프가 닫히는 중입니다
!STACK 0
java.util.concurrent.CompletionException: org.eclipse.lsp4j.jsonrpc.JsonRpcException: java.io.IOException: 파이프가 닫히는 중입니다
	at java.base/java.util.concurrent.CompletableFuture.encodeThrowable(CompletableFuture.java:331)
	at java.base/java.util.concurrent.CompletableFuture.uniAcceptNow(CompletableFuture.java:743)
	at java.base/java.util.concurrent.CompletableFuture.uniAcceptStage(CompletableFuture.java:731)
	at java.base/java.util.concurrent.CompletableFuture.thenAcceptAsync(CompletableFuture.java:2118)
	at org.eclipse.lsp4e.operations.codelens.CodeLensProvider.lambda$2(CodeLensProvider.java:44)
	at java.base/java.util.stream.ReferencePipeline$3$1.accept(ReferencePipeline.java:195)
	at java.base/java.util.ArrayList$ArrayListSpliterator.forEachRemaining(ArrayList.java:1655)
	at java.base/java.util.stream.AbstractPipeline.copyInto(AbstractPipeline.java:484)
	at java.base/java.util.stream.AbstractPipeline.wrapAndCopyInto(AbstractPipeline.java:474)
	at java.base/java.util.stream.AbstractPipeline.evaluate(AbstractPipeline.java:550)
	at java.base/java.util.stream.AbstractPipeline.evaluateToArrayNode(AbstractPipeline.java:260)
	at java.base/java.util.stream.ReferencePipeline.toArray(ReferencePipeline.java:517)
	at org.eclipse.lsp4e.operations.codelens.CodeLensProvider.lambda$1(CodeLensProvider.java:52)
	at java.base/java.util.concurrent.CompletableFuture$UniCompose.tryFire(CompletableFuture.java:1072)
	at java.base/java.util.concurrent.CompletableFuture$Completion.exec(CompletableFuture.java:479)
	at java.base/java.util.concurrent.ForkJoinTask.doExec(ForkJoinTask.java:290)
	at java.base/java.util.concurrent.ForkJoinPool$WorkQueue.topLevelExec(ForkJoinPool.java:1020)
	at java.base/java.util.concurrent.ForkJoinPool.scan(ForkJoinPool.java:1656)
	at java.base/java.util.concurrent.ForkJoinPool.runWorker(ForkJoinPool.java:1594)
	at java.base/java.util.concurrent.ForkJoinWorkerThread.run(ForkJoinWorkerThread.java:183)
Caused by: org.eclipse.lsp4j.jsonrpc.JsonRpcException: java.io.IOException: 파이프가 닫히는 중입니다
	at org.eclipse.lsp4j.jsonrpc.json.StreamMessageConsumer.consume(StreamMessageConsumer.java:72)
	at org.eclipse.lsp4e.LanguageServerWrapper.lambda$4(LanguageServerWrapper.java:260)
	at org.eclipse.lsp4j.jsonrpc.RemoteEndpoint.request(RemoteEndpoint.java:161)
	at org.eclipse.lsp4j.jsonrpc.services.EndpointProxy.invoke(EndpointProxy.java:91)
	at com.sun.proxy.$Proxy66.codeLens(Unknown Source)
	at org.eclipse.lsp4e.operations.codelens.CodeLensProvider.lambda$2(CodeLensProvider.java:43)
	... 15 more
Caused by: java.io.IOException: 파이프가 닫히는 중입니다
	at java.base/java.io.FileOutputStream.writeBytes(Native Method)
	at java.base/java.io.FileOutputStream.write(FileOutputStream.java:354)
	at java.base/java.io.BufferedOutputStream.flushBuffer(BufferedOutputStream.java:81)
	at java.base/java.io.BufferedOutputStream.flush(BufferedOutputStream.java:142)
	at org.eclipse.lsp4j.jsonrpc.json.StreamMessageConsumer.consume(StreamMessageConsumer.java:69)
	... 20 more

!ENTRY org.springframework.tooling.ls.eclipse.commons 1 0 2025-06-20 15:22:35.211
!MESSAGE ClasspathListenerHandler addClasspathListener sts4.classpath.yQBJsEKjisBatched = true

!ENTRY org.springframework.tooling.ls.eclipse.commons 1 0 2025-06-20 15:22:35.211
!MESSAGE Setting up ClasspathListenerManager

!ENTRY org.springframework.tooling.ls.eclipse.commons 1 0 2025-06-20 15:22:35.211
!MESSAGE Scheduling initial event for all projects ...

!ENTRY org.springframework.tooling.ls.eclipse.commons 1 0 2025-06-20 15:22:35.211
!MESSAGE Scheduling initial event for all projects DONE

!ENTRY org.springframework.tooling.ls.eclipse.commons 1 0 2025-06-20 15:22:35.211
!MESSAGE exists = true open = true => deleted = false

!ENTRY org.springframework.tooling.ls.eclipse.commons 1 0 2025-06-20 15:22:35.212
!MESSAGE ClasspathListenerHandler addClasspathListener sts4.classpath.yQBJsEKj => OK

!ENTRY org.springframework.tooling.ls.eclipse.commons 1 0 2025-06-20 15:22:35.212
!MESSAGE classpath=57 entries

!ENTRY org.springframework.tooling.ls.eclipse.commons 1 0 2025-06-20 15:22:35.213
!MESSAGE buffering callback sts4.classpath.yQBJsEKj ServiceExam false 57

!ENTRY org.springframework.tooling.ls.eclipse.commons 1 0 2025-06-20 15:22:35.213
!MESSAGE executing callback sts4.classpath.yQBJsEKj 1 batched events

!ENTRY org.springframework.tooling.ls.eclipse.commons 1 0 2025-06-20 15:22:35.412
!MESSAGE executing callback sts4.classpath.yQBJsEKj SUCCESS [done]

!ENTRY org.eclipse.lsp4e 4 0 2025-06-20 15:22:35.415
!MESSAGE org.eclipse.lsp4j.jsonrpc.JsonRpcException: java.io.IOException: 파이프가 닫히는 중입니다
!STACK 0
java.util.concurrent.ExecutionException: org.eclipse.lsp4j.jsonrpc.JsonRpcException: java.io.IOException: 파이프가 닫히는 중입니다
	at java.base/java.util.concurrent.CompletableFuture.reportGet(CompletableFuture.java:395)
	at java.base/java.util.concurrent.CompletableFuture.get(CompletableFuture.java:2028)
	at org.eclipse.lsp4e.LanguageServerWrapper.lambda$13(LanguageServerWrapper.java:425)
	at java.base/java.util.concurrent.CompletableFuture$AsyncRun.run(CompletableFuture.java:1736)
	at java.base/java.util.concurrent.CompletableFuture$AsyncRun.exec(CompletableFuture.java:1728)
	at java.base/java.util.concurrent.ForkJoinTask.doExec(ForkJoinTask.java:290)
	at java.base/java.util.concurrent.ForkJoinPool$WorkQueue.topLevelExec(ForkJoinPool.java:1020)
	at java.base/java.util.concurrent.ForkJoinPool.scan(ForkJoinPool.java:1656)
	at java.base/java.util.concurrent.ForkJoinPool.runWorker(ForkJoinPool.java:1594)
	at java.base/java.util.concurrent.ForkJoinWorkerThread.run(ForkJoinWorkerThread.java:183)
Caused by: org.eclipse.lsp4j.jsonrpc.JsonRpcException: java.io.IOException: 파이프가 닫히는 중입니다
	at org.eclipse.lsp4j.jsonrpc.json.StreamMessageConsumer.consume(StreamMessageConsumer.java:72)
	at org.eclipse.lsp4e.LanguageServerWrapper.lambda$4(LanguageServerWrapper.java:260)
	at org.eclipse.lsp4j.jsonrpc.RemoteEndpoint.request(RemoteEndpoint.java:161)
	at org.eclipse.lsp4j.jsonrpc.services.EndpointProxy.invoke(EndpointProxy.java:91)
	at com.sun.proxy.$Proxy68.shutdown(Unknown Source)
	at org.eclipse.lsp4e.LanguageServerWrapper.lambda$13(LanguageServerWrapper.java:423)
	... 7 more
Caused by: java.io.IOException: 파이프가 닫히는 중입니다
	at java.base/java.io.FileOutputStream.writeBytes(Native Method)
	at java.base/java.io.FileOutputStream.write(FileOutputStream.java:354)
	at java.base/java.io.BufferedOutputStream.flushBuffer(BufferedOutputStream.java:81)
	at java.base/java.io.BufferedOutputStream.flush(BufferedOutputStream.java:142)
	at org.eclipse.lsp4j.jsonrpc.json.StreamMessageConsumer.consume(StreamMessageConsumer.java:69)
	... 12 more

!ENTRY org.eclipse.lsp4e 4 0 2025-06-20 15:22:35.415
!MESSAGE org.eclipse.lsp4j.jsonrpc.JsonRpcException: java.io.IOException: 파이프가 닫히는 중입니다
!STACK 0
java.util.concurrent.ExecutionException: org.eclipse.lsp4j.jsonrpc.JsonRpcException: java.io.IOException: 파이프가 닫히는 중입니다
	at java.base/java.util.concurrent.CompletableFuture.reportGet(CompletableFuture.java:395)
	at java.base/java.util.concurrent.CompletableFuture.get(CompletableFuture.java:2028)
	at org.eclipse.lsp4e.LanguageServerWrapper.lambda$13(LanguageServerWrapper.java:425)
	at java.base/java.util.concurrent.CompletableFuture$AsyncRun.run(CompletableFuture.java:1736)
	at java.base/java.util.concurrent.CompletableFuture$AsyncRun.exec(CompletableFuture.java:1728)
	at java.base/java.util.concurrent.ForkJoinTask.doExec(ForkJoinTask.java:290)
	at java.base/java.util.concurrent.ForkJoinPool$WorkQueue.topLevelExec(ForkJoinPool.java:1020)
	at java.base/java.util.concurrent.ForkJoinPool.scan(ForkJoinPool.java:1656)
	at java.base/java.util.concurrent.ForkJoinPool.runWorker(ForkJoinPool.java:1594)
	at java.base/java.util.concurrent.ForkJoinWorkerThread.run(ForkJoinWorkerThread.java:183)
Caused by: org.eclipse.lsp4j.jsonrpc.JsonRpcException: java.io.IOException: 파이프가 닫히는 중입니다
	at org.eclipse.lsp4j.jsonrpc.json.StreamMessageConsumer.consume(StreamMessageConsumer.java:72)
	at org.eclipse.lsp4e.LanguageServerWrapper.lambda$4(LanguageServerWrapper.java:260)
	at org.eclipse.lsp4j.jsonrpc.RemoteEndpoint.request(RemoteEndpoint.java:161)
	at org.eclipse.lsp4j.jsonrpc.services.EndpointProxy.invoke(EndpointProxy.java:91)
	at com.sun.proxy.$Proxy68.shutdown(Unknown Source)
	at org.eclipse.lsp4e.LanguageServerWrapper.lambda$13(LanguageServerWrapper.java:423)
	... 7 more
Caused by: java.io.IOException: 파이프가 닫히는 중입니다
	at java.base/java.io.FileOutputStream.writeBytes(Native Method)
	at java.base/java.io.FileOutputStream.write(FileOutputStream.java:354)
	at java.base/java.io.BufferedOutputStream.flushBuffer(BufferedOutputStream.java:81)
	at java.base/java.io.BufferedOutputStream.flush(BufferedOutputStream.java:142)
	at org.eclipse.lsp4j.jsonrpc.json.StreamMessageConsumer.consume(StreamMessageConsumer.java:69)
	... 12 more

!ENTRY org.springframework.tooling.ls.eclipse.commons 1 0 2025-06-20 15:22:35.416
!MESSAGE Entering DelegatingStreamConnectionProvider()

!ENTRY org.springframework.tooling.ls.eclipse.commons 1 0 2025-06-20 15:22:35.416
!MESSAGE DelegatingStreamConnectionProvider classloader = org.eclipse.osgi.internal.loader.EquinoxClassLoader@580cb668[org.springframework.tooling.boot.ls:1.28.0.202109130547(id=1001)]

!ENTRY org.springframework.tooling.ls.eclipse.commons 1 0 2025-06-20 15:22:35.416
!MESSAGE SpringBootLanguageServer exists!

!ENTRY org.springframework.tooling.ls.eclipse.commons 1 0 2025-06-20 15:22:36.500
!MESSAGE Boot LS startup time from start to initialized: 1084ms

!ENTRY org.eclipse.jface.text 4 0 2025-06-20 15:22:36.530
!MESSAGE org.eclipse.lsp4j.jsonrpc.JsonRpcException: java.io.IOException: 파이프가 닫히는 중입니다
!STACK 0
java.util.concurrent.CompletionException: org.eclipse.lsp4j.jsonrpc.JsonRpcException: java.io.IOException: 파이프가 닫히는 중입니다
	at java.base/java.util.concurrent.CompletableFuture.encodeThrowable(CompletableFuture.java:331)
	at java.base/java.util.concurrent.CompletableFuture.uniAcceptNow(CompletableFuture.java:743)
	at java.base/java.util.concurrent.CompletableFuture.uniAcceptStage(CompletableFuture.java:731)
	at java.base/java.util.concurrent.CompletableFuture.thenAcceptAsync(CompletableFuture.java:2118)
	at org.eclipse.lsp4e.operations.codelens.CodeLensProvider.lambda$2(CodeLensProvider.java:44)
	at java.base/java.util.stream.ReferencePipeline$3$1.accept(ReferencePipeline.java:195)
	at java.base/java.util.ArrayList$ArrayListSpliterator.forEachRemaining(ArrayList.java:1655)
	at java.base/java.util.stream.AbstractPipeline.copyInto(AbstractPipeline.java:484)
	at java.base/java.util.stream.AbstractPipeline.wrapAndCopyInto(AbstractPipeline.java:474)
	at java.base/java.util.stream.AbstractPipeline.evaluate(AbstractPipeline.java:550)
	at java.base/java.util.stream.AbstractPipeline.evaluateToArrayNode(AbstractPipeline.java:260)
	at java.base/java.util.stream.ReferencePipeline.toArray(ReferencePipeline.java:517)
	at org.eclipse.lsp4e.operations.codelens.CodeLensProvider.lambda$1(CodeLensProvider.java:52)
	at java.base/java.util.concurrent.CompletableFuture$UniCompose.tryFire(CompletableFuture.java:1072)
	at java.base/java.util.concurrent.CompletableFuture$Completion.exec(CompletableFuture.java:479)
	at java.base/java.util.concurrent.ForkJoinTask.doExec(ForkJoinTask.java:290)
	at java.base/java.util.concurrent.ForkJoinPool$WorkQueue.topLevelExec(ForkJoinPool.java:1020)
	at java.base/java.util.concurrent.ForkJoinPool.scan(ForkJoinPool.java:1656)
	at java.base/java.util.concurrent.ForkJoinPool.runWorker(ForkJoinPool.java:1594)
	at java.base/java.util.concurrent.ForkJoinWorkerThread.run(ForkJoinWorkerThread.java:183)
Caused by: org.eclipse.lsp4j.jsonrpc.JsonRpcException: java.io.IOException: 파이프가 닫히는 중입니다
	at org.eclipse.lsp4j.jsonrpc.json.StreamMessageConsumer.consume(StreamMessageConsumer.java:72)
	at org.eclipse.lsp4e.LanguageServerWrapper.lambda$4(LanguageServerWrapper.java:260)
	at org.eclipse.lsp4j.jsonrpc.RemoteEndpoint.request(RemoteEndpoint.java:161)
	at org.eclipse.lsp4j.jsonrpc.services.EndpointProxy.invoke(EndpointProxy.java:91)
	at com.sun.proxy.$Proxy66.codeLens(Unknown Source)
	at org.eclipse.lsp4e.operations.codelens.CodeLensProvider.lambda$2(CodeLensProvider.java:43)
	... 15 more
Caused by: java.io.IOException: 파이프가 닫히는 중입니다
	at java.base/java.io.FileOutputStream.writeBytes(Native Method)
	at java.base/java.io.FileOutputStream.write(FileOutputStream.java:354)
	at java.base/java.io.BufferedOutputStream.flushBuffer(BufferedOutputStream.java:81)
	at java.base/java.io.BufferedOutputStream.flush(BufferedOutputStream.java:142)
	at org.eclipse.lsp4j.jsonrpc.json.StreamMessageConsumer.consume(StreamMessageConsumer.java:69)
	... 20 more

!ENTRY org.eclipse.jface.text 4 0 2025-06-20 15:22:36.531
!MESSAGE org.eclipse.lsp4j.jsonrpc.JsonRpcException: java.io.IOException: 파이프가 닫히는 중입니다
!STACK 0
java.util.concurrent.CompletionException: org.eclipse.lsp4j.jsonrpc.JsonRpcException: java.io.IOException: 파이프가 닫히는 중입니다
	at java.base/java.util.concurrent.CompletableFuture.encodeThrowable(CompletableFuture.java:331)
	at java.base/java.util.concurrent.CompletableFuture.uniAcceptNow(CompletableFuture.java:743)
	at java.base/java.util.concurrent.CompletableFuture.uniAcceptStage(CompletableFuture.java:731)
	at java.base/java.util.concurrent.CompletableFuture.thenAcceptAsync(CompletableFuture.java:2118)
	at org.eclipse.lsp4e.operations.codelens.CodeLensProvider.lambda$2(CodeLensProvider.java:44)
	at java.base/java.util.stream.ReferencePipeline$3$1.accept(ReferencePipeline.java:195)
	at java.base/java.util.ArrayList$ArrayListSpliterator.forEachRemaining(ArrayList.java:1655)
	at java.base/java.util.stream.AbstractPipeline.copyInto(AbstractPipeline.java:484)
	at java.base/java.util.stream.AbstractPipeline.wrapAndCopyInto(AbstractPipeline.java:474)
	at java.base/java.util.stream.AbstractPipeline.evaluate(AbstractPipeline.java:550)
	at java.base/java.util.stream.AbstractPipeline.evaluateToArrayNode(AbstractPipeline.java:260)
	at java.base/java.util.stream.ReferencePipeline.toArray(ReferencePipeline.java:517)
	at org.eclipse.lsp4e.operations.codelens.CodeLensProvider.lambda$1(CodeLensProvider.java:52)
	at java.base/java.util.concurrent.CompletableFuture$UniCompose.tryFire(CompletableFuture.java:1072)
	at java.base/java.util.concurrent.CompletableFuture$Completion.exec(CompletableFuture.java:479)
	at java.base/java.util.concurrent.ForkJoinTask.doExec(ForkJoinTask.java:290)
	at java.base/java.util.concurrent.ForkJoinPool$WorkQueue.topLevelExec(ForkJoinPool.java:1020)
	at java.base/java.util.concurrent.ForkJoinPool.scan(ForkJoinPool.java:1656)
	at java.base/java.util.concurrent.ForkJoinPool.runWorker(ForkJoinPool.java:1594)
	at java.base/java.util.concurrent.ForkJoinWorkerThread.run(ForkJoinWorkerThread.java:183)
Caused by: org.eclipse.lsp4j.jsonrpc.JsonRpcException: java.io.IOException: 파이프가 닫히는 중입니다
	at org.eclipse.lsp4j.jsonrpc.json.StreamMessageConsumer.consume(StreamMessageConsumer.java:72)
	at org.eclipse.lsp4e.LanguageServerWrapper.lambda$4(LanguageServerWrapper.java:260)
	at org.eclipse.lsp4j.jsonrpc.RemoteEndpoint.request(RemoteEndpoint.java:161)
	at org.eclipse.lsp4j.jsonrpc.services.EndpointProxy.invoke(EndpointProxy.java:91)
	at com.sun.proxy.$Proxy66.codeLens(Unknown Source)
	at org.eclipse.lsp4e.operations.codelens.CodeLensProvider.lambda$2(CodeLensProvider.java:43)
	... 15 more
Caused by: java.io.IOException: 파이프가 닫히는 중입니다
	at java.base/java.io.FileOutputStream.writeBytes(Native Method)
	at java.base/java.io.FileOutputStream.write(FileOutputStream.java:354)
	at java.base/java.io.BufferedOutputStream.flushBuffer(BufferedOutputStream.java:81)
	at java.base/java.io.BufferedOutputStream.flush(BufferedOutputStream.java:142)
	at org.eclipse.lsp4j.jsonrpc.json.StreamMessageConsumer.consume(StreamMessageConsumer.java:69)
	... 20 more

!ENTRY org.eclipse.jface.text 4 0 2025-06-20 15:22:36.531
!MESSAGE org.eclipse.lsp4j.jsonrpc.JsonRpcException: java.io.IOException: 파이프가 닫히는 중입니다
!STACK 0
java.util.concurrent.CompletionException: org.eclipse.lsp4j.jsonrpc.JsonRpcException: java.io.IOException: 파이프가 닫히는 중입니다
	at java.base/java.util.concurrent.CompletableFuture.encodeThrowable(CompletableFuture.java:331)
	at java.base/java.util.concurrent.CompletableFuture.uniAcceptNow(CompletableFuture.java:743)
	at java.base/java.util.concurrent.CompletableFuture.uniAcceptStage(CompletableFuture.java:731)
	at java.base/java.util.concurrent.CompletableFuture.thenAcceptAsync(CompletableFuture.java:2118)
	at org.eclipse.lsp4e.operations.codelens.CodeLensProvider.lambda$2(CodeLensProvider.java:44)
	at java.base/java.util.stream.ReferencePipeline$3$1.accept(ReferencePipeline.java:195)
	at java.base/java.util.ArrayList$ArrayListSpliterator.forEachRemaining(ArrayList.java:1655)
	at java.base/java.util.stream.AbstractPipeline.copyInto(AbstractPipeline.java:484)
	at java.base/java.util.stream.AbstractPipeline.wrapAndCopyInto(AbstractPipeline.java:474)
	at java.base/java.util.stream.AbstractPipeline.evaluate(AbstractPipeline.java:550)
	at java.base/java.util.stream.AbstractPipeline.evaluateToArrayNode(AbstractPipeline.java:260)
	at java.base/java.util.stream.ReferencePipeline.toArray(ReferencePipeline.java:517)
	at org.eclipse.lsp4e.operations.codelens.CodeLensProvider.lambda$1(CodeLensProvider.java:52)
	at java.base/java.util.concurrent.CompletableFuture$UniCompose.tryFire(CompletableFuture.java:1072)
	at java.base/java.util.concurrent.CompletableFuture$Completion.exec(CompletableFuture.java:479)
	at java.base/java.util.concurrent.ForkJoinTask.doExec(ForkJoinTask.java:290)
	at java.base/java.util.concurrent.ForkJoinPool$WorkQueue.topLevelExec(ForkJoinPool.java:1020)
	at java.base/java.util.concurrent.ForkJoinPool.scan(ForkJoinPool.java:1656)
	at java.base/java.util.concurrent.ForkJoinPool.runWorker(ForkJoinPool.java:1594)
	at java.base/java.util.concurrent.ForkJoinWorkerThread.run(ForkJoinWorkerThread.java:183)
Caused by: org.eclipse.lsp4j.jsonrpc.JsonRpcException: java.io.IOException: 파이프가 닫히는 중입니다
	at org.eclipse.lsp4j.jsonrpc.json.StreamMessageConsumer.consume(StreamMessageConsumer.java:72)
	at org.eclipse.lsp4e.LanguageServerWrapper.lambda$4(LanguageServerWrapper.java:260)
	at org.eclipse.lsp4j.jsonrpc.RemoteEndpoint.request(RemoteEndpoint.java:161)
	at org.eclipse.lsp4j.jsonrpc.services.EndpointProxy.invoke(EndpointProxy.java:91)
	at com.sun.proxy.$Proxy66.codeLens(Unknown Source)
	at org.eclipse.lsp4e.operations.codelens.CodeLensProvider.lambda$2(CodeLensProvider.java:43)
	... 15 more
Caused by: java.io.IOException: 파이프가 닫히는 중입니다
	at java.base/java.io.FileOutputStream.writeBytes(Native Method)
	at java.base/java.io.FileOutputStream.write(FileOutputStream.java:354)
	at java.base/java.io.BufferedOutputStream.flushBuffer(BufferedOutputStream.java:81)
	at java.base/java.io.BufferedOutputStream.flush(BufferedOutputStream.java:142)
	at org.eclipse.lsp4j.jsonrpc.json.StreamMessageConsumer.consume(StreamMessageConsumer.java:69)
	... 20 more

!ENTRY org.eclipse.jface.text 4 0 2025-06-20 15:22:36.531
!MESSAGE org.eclipse.lsp4j.jsonrpc.JsonRpcException: java.io.IOException: 파이프가 닫히는 중입니다
!STACK 0
java.util.concurrent.CompletionException: org.eclipse.lsp4j.jsonrpc.JsonRpcException: java.io.IOException: 파이프가 닫히는 중입니다
	at java.base/java.util.concurrent.CompletableFuture.encodeThrowable(CompletableFuture.java:331)
	at java.base/java.util.concurrent.CompletableFuture.uniAcceptNow(CompletableFuture.java:743)
	at java.base/java.util.concurrent.CompletableFuture.uniAcceptStage(CompletableFuture.java:731)
	at java.base/java.util.concurrent.CompletableFuture.thenAcceptAsync(CompletableFuture.java:2118)
	at org.eclipse.lsp4e.operations.codelens.CodeLensProvider.lambda$2(CodeLensProvider.java:44)
	at java.base/java.util.stream.ReferencePipeline$3$1.accept(ReferencePipeline.java:195)
	at java.base/java.util.ArrayList$ArrayListSpliterator.forEachRemaining(ArrayList.java:1655)
	at java.base/java.util.stream.AbstractPipeline.copyInto(AbstractPipeline.java:484)
	at java.base/java.util.stream.AbstractPipeline.wrapAndCopyInto(AbstractPipeline.java:474)
	at java.base/java.util.stream.AbstractPipeline.evaluate(AbstractPipeline.java:550)
	at java.base/java.util.stream.AbstractPipeline.evaluateToArrayNode(AbstractPipeline.java:260)
	at java.base/java.util.stream.ReferencePipeline.toArray(ReferencePipeline.java:517)
	at org.eclipse.lsp4e.operations.codelens.CodeLensProvider.lambda$1(CodeLensProvider.java:52)
	at java.base/java.util.concurrent.CompletableFuture$UniCompose.tryFire(CompletableFuture.java:1072)
	at java.base/java.util.concurrent.CompletableFuture$Completion.exec(CompletableFuture.java:479)
	at java.base/java.util.concurrent.ForkJoinTask.doExec(ForkJoinTask.java:290)
	at java.base/java.util.concurrent.ForkJoinPool$WorkQueue.topLevelExec(ForkJoinPool.java:1020)
	at java.base/java.util.concurrent.ForkJoinPool.scan(ForkJoinPool.java:1656)
	at java.base/java.util.concurrent.ForkJoinPool.runWorker(ForkJoinPool.java:1594)
	at java.base/java.util.concurrent.ForkJoinWorkerThread.run(ForkJoinWorkerThread.java:183)
Caused by: org.eclipse.lsp4j.jsonrpc.JsonRpcException: java.io.IOException: 파이프가 닫히는 중입니다
	at org.eclipse.lsp4j.jsonrpc.json.StreamMessageConsumer.consume(StreamMessageConsumer.java:72)
	at org.eclipse.lsp4e.LanguageServerWrapper.lambda$4(LanguageServerWrapper.java:260)
	at org.eclipse.lsp4j.jsonrpc.RemoteEndpoint.request(RemoteEndpoint.java:161)
	at org.eclipse.lsp4j.jsonrpc.services.EndpointProxy.invoke(EndpointProxy.java:91)
	at com.sun.proxy.$Proxy66.codeLens(Unknown Source)
	at org.eclipse.lsp4e.operations.codelens.CodeLensProvider.lambda$2(CodeLensProvider.java:43)
	... 15 more
Caused by: java.io.IOException: 파이프가 닫히는 중입니다
	at java.base/java.io.FileOutputStream.writeBytes(Native Method)
	at java.base/java.io.FileOutputStream.write(FileOutputStream.java:354)
	at java.base/java.io.BufferedOutputStream.flushBuffer(BufferedOutputStream.java:81)
	at java.base/java.io.BufferedOutputStream.flush(BufferedOutputStream.java:142)
	at org.eclipse.lsp4j.jsonrpc.json.StreamMessageConsumer.consume(StreamMessageConsumer.java:69)
	... 20 more

!ENTRY org.springframework.tooling.ls.eclipse.commons 1 0 2025-06-20 15:22:36.557
!MESSAGE ClasspathListenerHandler addClasspathListener sts4.classpath.UfkOoUmYisBatched = true

!ENTRY org.springframework.tooling.ls.eclipse.commons 1 0 2025-06-20 15:22:36.557
!MESSAGE Setting up ClasspathListenerManager

!ENTRY org.springframework.tooling.ls.eclipse.commons 1 0 2025-06-20 15:22:36.557
!MESSAGE Scheduling initial event for all projects ...

!ENTRY org.springframework.tooling.ls.eclipse.commons 1 0 2025-06-20 15:22:36.557
!MESSAGE Scheduling initial event for all projects DONE

!ENTRY org.springframework.tooling.ls.eclipse.commons 1 0 2025-06-20 15:22:36.557
!MESSAGE exists = true open = true => deleted = false

!ENTRY org.springframework.tooling.ls.eclipse.commons 1 0 2025-06-20 15:22:36.558
!MESSAGE ClasspathListenerHandler addClasspathListener sts4.classpath.UfkOoUmY => OK

!ENTRY org.springframework.tooling.ls.eclipse.commons 1 0 2025-06-20 15:22:36.558
!MESSAGE classpath=57 entries

!ENTRY org.springframework.tooling.ls.eclipse.commons 1 0 2025-06-20 15:22:36.559
!MESSAGE buffering callback sts4.classpath.UfkOoUmY ServiceExam false 57

!ENTRY org.springframework.tooling.ls.eclipse.commons 1 0 2025-06-20 15:22:36.559
!MESSAGE executing callback sts4.classpath.UfkOoUmY 1 batched events

!ENTRY org.springframework.tooling.ls.eclipse.commons 1 0 2025-06-20 15:22:36.772
!MESSAGE executing callback sts4.classpath.UfkOoUmY SUCCESS [done]

!ENTRY org.eclipse.lsp4e 4 0 2025-06-20 15:22:36.773
!MESSAGE org.eclipse.lsp4j.jsonrpc.JsonRpcException: java.io.IOException: 파이프가 닫히는 중입니다
!STACK 0
java.util.concurrent.ExecutionException: org.eclipse.lsp4j.jsonrpc.JsonRpcException: java.io.IOException: 파이프가 닫히는 중입니다
	at java.base/java.util.concurrent.CompletableFuture.reportGet(CompletableFuture.java:395)
	at java.base/java.util.concurrent.CompletableFuture.get(CompletableFuture.java:2028)
	at org.eclipse.lsp4e.LanguageServerWrapper.lambda$13(LanguageServerWrapper.java:425)
	at java.base/java.util.concurrent.CompletableFuture$AsyncRun.run(CompletableFuture.java:1736)
	at java.base/java.util.concurrent.CompletableFuture$AsyncRun.exec(CompletableFuture.java:1728)
	at java.base/java.util.concurrent.ForkJoinTask.doExec(ForkJoinTask.java:290)
	at java.base/java.util.concurrent.ForkJoinPool$WorkQueue.topLevelExec(ForkJoinPool.java:1020)
	at java.base/java.util.concurrent.ForkJoinPool.scan(ForkJoinPool.java:1656)
	at java.base/java.util.concurrent.ForkJoinPool.runWorker(ForkJoinPool.java:1594)
	at java.base/java.util.concurrent.ForkJoinWorkerThread.run(ForkJoinWorkerThread.java:183)
Caused by: org.eclipse.lsp4j.jsonrpc.JsonRpcException: java.io.IOException: 파이프가 닫히는 중입니다
	at org.eclipse.lsp4j.jsonrpc.json.StreamMessageConsumer.consume(StreamMessageConsumer.java:72)
	at org.eclipse.lsp4e.LanguageServerWrapper.lambda$4(LanguageServerWrapper.java:260)
	at org.eclipse.lsp4j.jsonrpc.RemoteEndpoint.request(RemoteEndpoint.java:161)
	at org.eclipse.lsp4j.jsonrpc.services.EndpointProxy.invoke(EndpointProxy.java:91)
	at com.sun.proxy.$Proxy68.shutdown(Unknown Source)
	at org.eclipse.lsp4e.LanguageServerWrapper.lambda$13(LanguageServerWrapper.java:423)
	... 7 more
Caused by: java.io.IOException: 파이프가 닫히는 중입니다
	at java.base/java.io.FileOutputStream.writeBytes(Native Method)
	at java.base/java.io.FileOutputStream.write(FileOutputStream.java:354)
	at java.base/java.io.BufferedOutputStream.flushBuffer(BufferedOutputStream.java:81)
	at java.base/java.io.BufferedOutputStream.flush(BufferedOutputStream.java:142)
	at org.eclipse.lsp4j.jsonrpc.json.StreamMessageConsumer.consume(StreamMessageConsumer.java:69)
	... 12 more

!ENTRY org.eclipse.lsp4e 4 0 2025-06-20 15:22:36.773
!MESSAGE org.eclipse.lsp4j.jsonrpc.JsonRpcException: java.io.IOException: 파이프가 닫히는 중입니다
!STACK 0
java.util.concurrent.ExecutionException: org.eclipse.lsp4j.jsonrpc.JsonRpcException: java.io.IOException: 파이프가 닫히는 중입니다
	at java.base/java.util.concurrent.CompletableFuture.reportGet(CompletableFuture.java:395)
	at java.base/java.util.concurrent.CompletableFuture.get(CompletableFuture.java:2028)
	at org.eclipse.lsp4e.LanguageServerWrapper.lambda$13(LanguageServerWrapper.java:425)
	at java.base/java.util.concurrent.CompletableFuture$AsyncRun.run(CompletableFuture.java:1736)
	at java.base/java.util.concurrent.CompletableFuture$AsyncRun.exec(CompletableFuture.java:1728)
	at java.base/java.util.concurrent.ForkJoinTask.doExec(ForkJoinTask.java:290)
	at java.base/java.util.concurrent.ForkJoinPool$WorkQueue.topLevelExec(ForkJoinPool.java:1020)
	at java.base/java.util.concurrent.ForkJoinPool.scan(ForkJoinPool.java:1656)
	at java.base/java.util.concurrent.ForkJoinPool.runWorker(ForkJoinPool.java:1594)
	at java.base/java.util.concurrent.ForkJoinWorkerThread.run(ForkJoinWorkerThread.java:183)
Caused by: org.eclipse.lsp4j.jsonrpc.JsonRpcException: java.io.IOException: 파이프가 닫히는 중입니다
	at org.eclipse.lsp4j.jsonrpc.json.StreamMessageConsumer.consume(StreamMessageConsumer.java:72)
	at org.eclipse.lsp4e.LanguageServerWrapper.lambda$4(LanguageServerWrapper.java:260)
	at org.eclipse.lsp4j.jsonrpc.RemoteEndpoint.request(RemoteEndpoint.java:161)
	at org.eclipse.lsp4j.jsonrpc.services.EndpointProxy.invoke(EndpointProxy.java:91)
	at com.sun.proxy.$Proxy68.shutdown(Unknown Source)
	at org.eclipse.lsp4e.LanguageServerWrapper.lambda$13(LanguageServerWrapper.java:423)
	... 7 more
Caused by: java.io.IOException: 파이프가 닫히는 중입니다
	at java.base/java.io.FileOutputStream.writeBytes(Native Method)
	at java.base/java.io.FileOutputStream.write(FileOutputStream.java:354)
	at java.base/java.io.BufferedOutputStream.flushBuffer(BufferedOutputStream.java:81)
	at java.base/java.io.BufferedOutputStream.flush(BufferedOutputStream.java:142)
	at org.eclipse.lsp4j.jsonrpc.json.StreamMessageConsumer.consume(StreamMessageConsumer.java:69)
	... 12 more

!ENTRY org.springframework.tooling.ls.eclipse.commons 1 0 2025-06-20 15:22:36.773
!MESSAGE Entering DelegatingStreamConnectionProvider()

!ENTRY org.springframework.tooling.ls.eclipse.commons 1 0 2025-06-20 15:22:36.773
!MESSAGE DelegatingStreamConnectionProvider classloader = org.eclipse.osgi.internal.loader.EquinoxClassLoader@580cb668[org.springframework.tooling.boot.ls:1.28.0.202109130547(id=1001)]

!ENTRY org.springframework.tooling.ls.eclipse.commons 1 0 2025-06-20 15:22:36.774
!MESSAGE SpringBootLanguageServer exists!

!ENTRY org.springframework.tooling.ls.eclipse.commons 1 0 2025-06-20 15:22:37.811
!MESSAGE Boot LS startup time from start to initialized: 1037ms

!ENTRY org.eclipse.jface.text 4 0 2025-06-20 15:22:37.842
!MESSAGE org.eclipse.lsp4j.jsonrpc.JsonRpcException: java.io.IOException: 파이프가 닫히는 중입니다
!STACK 0
java.util.concurrent.CompletionException: org.eclipse.lsp4j.jsonrpc.JsonRpcException: java.io.IOException: 파이프가 닫히는 중입니다
	at java.base/java.util.concurrent.CompletableFuture.encodeThrowable(CompletableFuture.java:331)
	at java.base/java.util.concurrent.CompletableFuture.uniAcceptNow(CompletableFuture.java:743)
	at java.base/java.util.concurrent.CompletableFuture.uniAcceptStage(CompletableFuture.java:731)
	at java.base/java.util.concurrent.CompletableFuture.thenAcceptAsync(CompletableFuture.java:2118)
	at org.eclipse.lsp4e.operations.codelens.CodeLensProvider.lambda$2(CodeLensProvider.java:44)
	at java.base/java.util.stream.ReferencePipeline$3$1.accept(ReferencePipeline.java:195)
	at java.base/java.util.ArrayList$ArrayListSpliterator.forEachRemaining(ArrayList.java:1655)
	at java.base/java.util.stream.AbstractPipeline.copyInto(AbstractPipeline.java:484)
	at java.base/java.util.stream.AbstractPipeline.wrapAndCopyInto(AbstractPipeline.java:474)
	at java.base/java.util.stream.AbstractPipeline.evaluate(AbstractPipeline.java:550)
	at java.base/java.util.stream.AbstractPipeline.evaluateToArrayNode(AbstractPipeline.java:260)
	at java.base/java.util.stream.ReferencePipeline.toArray(ReferencePipeline.java:517)
	at org.eclipse.lsp4e.operations.codelens.CodeLensProvider.lambda$1(CodeLensProvider.java:52)
	at java.base/java.util.concurrent.CompletableFuture$UniCompose.tryFire(CompletableFuture.java:1072)
	at java.base/java.util.concurrent.CompletableFuture$Completion.exec(CompletableFuture.java:479)
	at java.base/java.util.concurrent.ForkJoinTask.doExec(ForkJoinTask.java:290)
	at java.base/java.util.concurrent.ForkJoinPool$WorkQueue.topLevelExec(ForkJoinPool.java:1020)
	at java.base/java.util.concurrent.ForkJoinPool.scan(ForkJoinPool.java:1656)
	at java.base/java.util.concurrent.ForkJoinPool.runWorker(ForkJoinPool.java:1594)
	at java.base/java.util.concurrent.ForkJoinWorkerThread.run(ForkJoinWorkerThread.java:183)
Caused by: org.eclipse.lsp4j.jsonrpc.JsonRpcException: java.io.IOException: 파이프가 닫히는 중입니다
	at org.eclipse.lsp4j.jsonrpc.json.StreamMessageConsumer.consume(StreamMessageConsumer.java:72)
	at org.eclipse.lsp4e.LanguageServerWrapper.lambda$4(LanguageServerWrapper.java:260)
	at org.eclipse.lsp4j.jsonrpc.RemoteEndpoint.request(RemoteEndpoint.java:161)
	at org.eclipse.lsp4j.jsonrpc.services.EndpointProxy.invoke(EndpointProxy.java:91)
	at com.sun.proxy.$Proxy66.codeLens(Unknown Source)
	at org.eclipse.lsp4e.operations.codelens.CodeLensProvider.lambda$2(CodeLensProvider.java:43)
	... 15 more
Caused by: java.io.IOException: 파이프가 닫히는 중입니다
	at java.base/java.io.FileOutputStream.writeBytes(Native Method)
	at java.base/java.io.FileOutputStream.write(FileOutputStream.java:354)
	at java.base/java.io.BufferedOutputStream.flushBuffer(BufferedOutputStream.java:81)
	at java.base/java.io.BufferedOutputStream.flush(BufferedOutputStream.java:142)
	at org.eclipse.lsp4j.jsonrpc.json.StreamMessageConsumer.consume(StreamMessageConsumer.java:69)
	... 20 more

!ENTRY org.eclipse.jface.text 4 0 2025-06-20 15:22:37.843
!MESSAGE org.eclipse.lsp4j.jsonrpc.JsonRpcException: java.io.IOException: 파이프가 닫히는 중입니다
!STACK 0
java.util.concurrent.CompletionException: org.eclipse.lsp4j.jsonrpc.JsonRpcException: java.io.IOException: 파이프가 닫히는 중입니다
	at java.base/java.util.concurrent.CompletableFuture.encodeThrowable(CompletableFuture.java:331)
	at java.base/java.util.concurrent.CompletableFuture.uniAcceptNow(CompletableFuture.java:743)
	at java.base/java.util.concurrent.CompletableFuture.uniAcceptStage(CompletableFuture.java:731)
	at java.base/java.util.concurrent.CompletableFuture.thenAcceptAsync(CompletableFuture.java:2118)
	at org.eclipse.lsp4e.operations.codelens.CodeLensProvider.lambda$2(CodeLensProvider.java:44)
	at java.base/java.util.stream.ReferencePipeline$3$1.accept(ReferencePipeline.java:195)
	at java.base/java.util.ArrayList$ArrayListSpliterator.forEachRemaining(ArrayList.java:1655)
	at java.base/java.util.stream.AbstractPipeline.copyInto(AbstractPipeline.java:484)
	at java.base/java.util.stream.AbstractPipeline.wrapAndCopyInto(AbstractPipeline.java:474)
	at java.base/java.util.stream.AbstractPipeline.evaluate(AbstractPipeline.java:550)
	at java.base/java.util.stream.AbstractPipeline.evaluateToArrayNode(AbstractPipeline.java:260)
	at java.base/java.util.stream.ReferencePipeline.toArray(ReferencePipeline.java:517)
	at org.eclipse.lsp4e.operations.codelens.CodeLensProvider.lambda$1(CodeLensProvider.java:52)
	at java.base/java.util.concurrent.CompletableFuture$UniCompose.tryFire(CompletableFuture.java:1072)
	at java.base/java.util.concurrent.CompletableFuture$Completion.exec(CompletableFuture.java:479)
	at java.base/java.util.concurrent.ForkJoinTask.doExec(ForkJoinTask.java:290)
	at java.base/java.util.concurrent.ForkJoinPool$WorkQueue.topLevelExec(ForkJoinPool.java:1020)
	at java.base/java.util.concurrent.ForkJoinPool.scan(ForkJoinPool.java:1656)
	at java.base/java.util.concurrent.ForkJoinPool.runWorker(ForkJoinPool.java:1594)
	at java.base/java.util.concurrent.ForkJoinWorkerThread.run(ForkJoinWorkerThread.java:183)
Caused by: org.eclipse.lsp4j.jsonrpc.JsonRpcException: java.io.IOException: 파이프가 닫히는 중입니다
	at org.eclipse.lsp4j.jsonrpc.json.StreamMessageConsumer.consume(StreamMessageConsumer.java:72)
	at org.eclipse.lsp4e.LanguageServerWrapper.lambda$4(LanguageServerWrapper.java:260)
	at org.eclipse.lsp4j.jsonrpc.RemoteEndpoint.request(RemoteEndpoint.java:161)
	at org.eclipse.lsp4j.jsonrpc.services.EndpointProxy.invoke(EndpointProxy.java:91)
	at com.sun.proxy.$Proxy66.codeLens(Unknown Source)
	at org.eclipse.lsp4e.operations.codelens.CodeLensProvider.lambda$2(CodeLensProvider.java:43)
	... 15 more
Caused by: java.io.IOException: 파이프가 닫히는 중입니다
	at java.base/java.io.FileOutputStream.writeBytes(Native Method)
	at java.base/java.io.FileOutputStream.write(FileOutputStream.java:354)
	at java.base/java.io.BufferedOutputStream.flushBuffer(BufferedOutputStream.java:81)
	at java.base/java.io.BufferedOutputStream.flush(BufferedOutputStream.java:142)
	at org.eclipse.lsp4j.jsonrpc.json.StreamMessageConsumer.consume(StreamMessageConsumer.java:69)
	... 20 more

!ENTRY org.eclipse.jface.text 4 0 2025-06-20 15:22:37.843
!MESSAGE org.eclipse.lsp4j.jsonrpc.JsonRpcException: java.io.IOException: 파이프가 닫히는 중입니다
!STACK 0
java.util.concurrent.CompletionException: org.eclipse.lsp4j.jsonrpc.JsonRpcException: java.io.IOException: 파이프가 닫히는 중입니다
	at java.base/java.util.concurrent.CompletableFuture.encodeThrowable(CompletableFuture.java:331)
	at java.base/java.util.concurrent.CompletableFuture.uniAcceptNow(CompletableFuture.java:743)
	at java.base/java.util.concurrent.CompletableFuture.uniAcceptStage(CompletableFuture.java:731)
	at java.base/java.util.concurrent.CompletableFuture.thenAcceptAsync(CompletableFuture.java:2118)
	at org.eclipse.lsp4e.operations.codelens.CodeLensProvider.lambda$2(CodeLensProvider.java:44)
	at java.base/java.util.stream.ReferencePipeline$3$1.accept(ReferencePipeline.java:195)
	at java.base/java.util.ArrayList$ArrayListSpliterator.forEachRemaining(ArrayList.java:1655)
	at java.base/java.util.stream.AbstractPipeline.copyInto(AbstractPipeline.java:484)
	at java.base/java.util.stream.AbstractPipeline.wrapAndCopyInto(AbstractPipeline.java:474)
	at java.base/java.util.stream.AbstractPipeline.evaluate(AbstractPipeline.java:550)
	at java.base/java.util.stream.AbstractPipeline.evaluateToArrayNode(AbstractPipeline.java:260)
	at java.base/java.util.stream.ReferencePipeline.toArray(ReferencePipeline.java:517)
	at org.eclipse.lsp4e.operations.codelens.CodeLensProvider.lambda$1(CodeLensProvider.java:52)
	at java.base/java.util.concurrent.CompletableFuture$UniCompose.tryFire(CompletableFuture.java:1072)
	at java.base/java.util.concurrent.CompletableFuture$Completion.exec(CompletableFuture.java:479)
	at java.base/java.util.concurrent.ForkJoinTask.doExec(ForkJoinTask.java:290)
	at java.base/java.util.concurrent.ForkJoinPool$WorkQueue.topLevelExec(ForkJoinPool.java:1020)
	at java.base/java.util.concurrent.ForkJoinPool.scan(ForkJoinPool.java:1656)
	at java.base/java.util.concurrent.ForkJoinPool.runWorker(ForkJoinPool.java:1594)
	at java.base/java.util.concurrent.ForkJoinWorkerThread.run(ForkJoinWorkerThread.java:183)
Caused by: org.eclipse.lsp4j.jsonrpc.JsonRpcException: java.io.IOException: 파이프가 닫히는 중입니다
	at org.eclipse.lsp4j.jsonrpc.json.StreamMessageConsumer.consume(StreamMessageConsumer.java:72)
	at org.eclipse.lsp4e.LanguageServerWrapper.lambda$4(LanguageServerWrapper.java:260)
	at org.eclipse.lsp4j.jsonrpc.RemoteEndpoint.request(RemoteEndpoint.java:161)
	at org.eclipse.lsp4j.jsonrpc.services.EndpointProxy.invoke(EndpointProxy.java:91)
	at com.sun.proxy.$Proxy66.codeLens(Unknown Source)
	at org.eclipse.lsp4e.operations.codelens.CodeLensProvider.lambda$2(CodeLensProvider.java:43)
	... 15 more
Caused by: java.io.IOException: 파이프가 닫히는 중입니다
	at java.base/java.io.FileOutputStream.writeBytes(Native Method)
	at java.base/java.io.FileOutputStream.write(FileOutputStream.java:354)
	at java.base/java.io.BufferedOutputStream.flushBuffer(BufferedOutputStream.java:81)
	at java.base/java.io.BufferedOutputStream.flush(BufferedOutputStream.java:142)
	at org.eclipse.lsp4j.jsonrpc.json.StreamMessageConsumer.consume(StreamMessageConsumer.java:69)
	... 20 more

!ENTRY org.eclipse.jface.text 4 0 2025-06-20 15:22:37.843
!MESSAGE org.eclipse.lsp4j.jsonrpc.JsonRpcException: java.io.IOException: 파이프가 닫히는 중입니다
!STACK 0
java.util.concurrent.CompletionException: org.eclipse.lsp4j.jsonrpc.JsonRpcException: java.io.IOException: 파이프가 닫히는 중입니다
	at java.base/java.util.concurrent.CompletableFuture.encodeThrowable(CompletableFuture.java:331)
	at java.base/java.util.concurrent.CompletableFuture.uniAcceptNow(CompletableFuture.java:743)
	at java.base/java.util.concurrent.CompletableFuture.uniAcceptStage(CompletableFuture.java:731)
	at java.base/java.util.concurrent.CompletableFuture.thenAcceptAsync(CompletableFuture.java:2118)
	at org.eclipse.lsp4e.operations.codelens.CodeLensProvider.lambda$2(CodeLensProvider.java:44)
	at java.base/java.util.stream.ReferencePipeline$3$1.accept(ReferencePipeline.java:195)
	at java.base/java.util.ArrayList$ArrayListSpliterator.forEachRemaining(ArrayList.java:1655)
	at java.base/java.util.stream.AbstractPipeline.copyInto(AbstractPipeline.java:484)
	at java.base/java.util.stream.AbstractPipeline.wrapAndCopyInto(AbstractPipeline.java:474)
	at java.base/java.util.stream.AbstractPipeline.evaluate(AbstractPipeline.java:550)
	at java.base/java.util.stream.AbstractPipeline.evaluateToArrayNode(AbstractPipeline.java:260)
	at java.base/java.util.stream.ReferencePipeline.toArray(ReferencePipeline.java:517)
	at org.eclipse.lsp4e.operations.codelens.CodeLensProvider.lambda$1(CodeLensProvider.java:52)
	at java.base/java.util.concurrent.CompletableFuture$UniCompose.tryFire(CompletableFuture.java:1072)
	at java.base/java.util.concurrent.CompletableFuture$Completion.exec(CompletableFuture.java:479)
	at java.base/java.util.concurrent.ForkJoinTask.doExec(ForkJoinTask.java:290)
	at java.base/java.util.concurrent.ForkJoinPool$WorkQueue.topLevelExec(ForkJoinPool.java:1020)
	at java.base/java.util.concurrent.ForkJoinPool.scan(ForkJoinPool.java:1656)
	at java.base/java.util.concurrent.ForkJoinPool.runWorker(ForkJoinPool.java:1594)
	at java.base/java.util.concurrent.ForkJoinWorkerThread.run(ForkJoinWorkerThread.java:183)
Caused by: org.eclipse.lsp4j.jsonrpc.JsonRpcException: java.io.IOException: 파이프가 닫히는 중입니다
	at org.eclipse.lsp4j.jsonrpc.json.StreamMessageConsumer.consume(StreamMessageConsumer.java:72)
	at org.eclipse.lsp4e.LanguageServerWrapper.lambda$4(LanguageServerWrapper.java:260)
	at org.eclipse.lsp4j.jsonrpc.RemoteEndpoint.request(RemoteEndpoint.java:161)
	at org.eclipse.lsp4j.jsonrpc.services.EndpointProxy.invoke(EndpointProxy.java:91)
	at com.sun.proxy.$Proxy66.codeLens(Unknown Source)
	at org.eclipse.lsp4e.operations.codelens.CodeLensProvider.lambda$2(CodeLensProvider.java:43)
	... 15 more
Caused by: java.io.IOException: 파이프가 닫히는 중입니다
	at java.base/java.io.FileOutputStream.writeBytes(Native Method)
	at java.base/java.io.FileOutputStream.write(FileOutputStream.java:354)
	at java.base/java.io.BufferedOutputStream.flushBuffer(BufferedOutputStream.java:81)
	at java.base/java.io.BufferedOutputStream.flush(BufferedOutputStream.java:142)
	at org.eclipse.lsp4j.jsonrpc.json.StreamMessageConsumer.consume(StreamMessageConsumer.java:69)
	... 20 more

!ENTRY org.springframework.tooling.ls.eclipse.commons 1 0 2025-06-20 15:22:37.871
!MESSAGE ClasspathListenerHandler addClasspathListener sts4.classpath.xiTcMnlcisBatched = true

!ENTRY org.springframework.tooling.ls.eclipse.commons 1 0 2025-06-20 15:22:37.871
!MESSAGE Setting up ClasspathListenerManager

!ENTRY org.springframework.tooling.ls.eclipse.commons 1 0 2025-06-20 15:22:37.872
!MESSAGE Scheduling initial event for all projects ...

!ENTRY org.springframework.tooling.ls.eclipse.commons 1 0 2025-06-20 15:22:37.872
!MESSAGE Scheduling initial event for all projects DONE

!ENTRY org.springframework.tooling.ls.eclipse.commons 1 0 2025-06-20 15:22:37.872
!MESSAGE exists = true open = true => deleted = false

!ENTRY org.springframework.tooling.ls.eclipse.commons 1 0 2025-06-20 15:22:37.872
!MESSAGE ClasspathListenerHandler addClasspathListener sts4.classpath.xiTcMnlc => OK

!ENTRY org.springframework.tooling.ls.eclipse.commons 1 0 2025-06-20 15:22:37.873
!MESSAGE classpath=57 entries

!ENTRY org.springframework.tooling.ls.eclipse.commons 1 0 2025-06-20 15:22:37.874
!MESSAGE buffering callback sts4.classpath.xiTcMnlc ServiceExam false 57

!ENTRY org.springframework.tooling.ls.eclipse.commons 1 0 2025-06-20 15:22:37.874
!MESSAGE executing callback sts4.classpath.xiTcMnlc 1 batched events

!ENTRY org.springframework.tooling.ls.eclipse.commons 1 0 2025-06-20 15:22:38.086
!MESSAGE executing callback sts4.classpath.xiTcMnlc SUCCESS [done]

!ENTRY org.springframework.tooling.ls.eclipse.commons 1 0 2025-06-20 15:22:38.086
!MESSAGE Entering DelegatingStreamConnectionProvider()

!ENTRY org.springframework.tooling.ls.eclipse.commons 1 0 2025-06-20 15:22:38.087
!MESSAGE DelegatingStreamConnectionProvider classloader = org.eclipse.osgi.internal.loader.EquinoxClassLoader@580cb668[org.springframework.tooling.boot.ls:1.28.0.202109130547(id=1001)]

!ENTRY org.springframework.tooling.ls.eclipse.commons 1 0 2025-06-20 15:22:38.087
!MESSAGE SpringBootLanguageServer exists!

!ENTRY org.eclipse.lsp4e 4 0 2025-06-20 15:22:38.087
!MESSAGE org.eclipse.lsp4j.jsonrpc.JsonRpcException: java.io.IOException: 파이프가 닫히는 중입니다
!STACK 0
java.util.concurrent.ExecutionException: org.eclipse.lsp4j.jsonrpc.JsonRpcException: java.io.IOException: 파이프가 닫히는 중입니다
	at java.base/java.util.concurrent.CompletableFuture.reportGet(CompletableFuture.java:395)
	at java.base/java.util.concurrent.CompletableFuture.get(CompletableFuture.java:2028)
	at org.eclipse.lsp4e.LanguageServerWrapper.lambda$13(LanguageServerWrapper.java:425)
	at java.base/java.util.concurrent.CompletableFuture$AsyncRun.run(CompletableFuture.java:1736)
	at java.base/java.util.concurrent.CompletableFuture$AsyncRun.exec(CompletableFuture.java:1728)
	at java.base/java.util.concurrent.ForkJoinTask.doExec(ForkJoinTask.java:290)
	at java.base/java.util.concurrent.ForkJoinPool$WorkQueue.topLevelExec(ForkJoinPool.java:1020)
	at java.base/java.util.concurrent.ForkJoinPool.scan(ForkJoinPool.java:1656)
	at java.base/java.util.concurrent.ForkJoinPool.runWorker(ForkJoinPool.java:1594)
	at java.base/java.util.concurrent.ForkJoinWorkerThread.run(ForkJoinWorkerThread.java:183)
Caused by: org.eclipse.lsp4j.jsonrpc.JsonRpcException: java.io.IOException: 파이프가 닫히는 중입니다
	at org.eclipse.lsp4j.jsonrpc.json.StreamMessageConsumer.consume(StreamMessageConsumer.java:72)
	at org.eclipse.lsp4e.LanguageServerWrapper.lambda$4(LanguageServerWrapper.java:260)
	at org.eclipse.lsp4j.jsonrpc.RemoteEndpoint.request(RemoteEndpoint.java:161)
	at org.eclipse.lsp4j.jsonrpc.services.EndpointProxy.invoke(EndpointProxy.java:91)
	at com.sun.proxy.$Proxy68.shutdown(Unknown Source)
	at org.eclipse.lsp4e.LanguageServerWrapper.lambda$13(LanguageServerWrapper.java:423)
	... 7 more
Caused by: java.io.IOException: 파이프가 닫히는 중입니다
	at java.base/java.io.FileOutputStream.writeBytes(Native Method)
	at java.base/java.io.FileOutputStream.write(FileOutputStream.java:354)
	at java.base/java.io.BufferedOutputStream.flushBuffer(BufferedOutputStream.java:81)
	at java.base/java.io.BufferedOutputStream.flush(BufferedOutputStream.java:142)
	at org.eclipse.lsp4j.jsonrpc.json.StreamMessageConsumer.consume(StreamMessageConsumer.java:69)
	... 12 more

!ENTRY org.eclipse.lsp4e 4 0 2025-06-20 15:22:38.087
!MESSAGE org.eclipse.lsp4j.jsonrpc.JsonRpcException: java.io.IOException: 파이프가 닫히는 중입니다
!STACK 0
java.util.concurrent.ExecutionException: org.eclipse.lsp4j.jsonrpc.JsonRpcException: java.io.IOException: 파이프가 닫히는 중입니다
	at java.base/java.util.concurrent.CompletableFuture.reportGet(CompletableFuture.java:395)
	at java.base/java.util.concurrent.CompletableFuture.get(CompletableFuture.java:2028)
	at org.eclipse.lsp4e.LanguageServerWrapper.lambda$13(LanguageServerWrapper.java:425)
	at java.base/java.util.concurrent.CompletableFuture$AsyncRun.run(CompletableFuture.java:1736)
	at java.base/java.util.concurrent.CompletableFuture$AsyncRun.exec(CompletableFuture.java:1728)
	at java.base/java.util.concurrent.ForkJoinTask.doExec(ForkJoinTask.java:290)
	at java.base/java.util.concurrent.ForkJoinPool$WorkQueue.topLevelExec(ForkJoinPool.java:1020)
	at java.base/java.util.concurrent.ForkJoinPool.scan(ForkJoinPool.java:1656)
	at java.base/java.util.concurrent.ForkJoinPool.runWorker(ForkJoinPool.java:1594)
	at java.base/java.util.concurrent.ForkJoinWorkerThread.run(ForkJoinWorkerThread.java:183)
Caused by: org.eclipse.lsp4j.jsonrpc.JsonRpcException: java.io.IOException: 파이프가 닫히는 중입니다
	at org.eclipse.lsp4j.jsonrpc.json.StreamMessageConsumer.consume(StreamMessageConsumer.java:72)
	at org.eclipse.lsp4e.LanguageServerWrapper.lambda$4(LanguageServerWrapper.java:260)
	at org.eclipse.lsp4j.jsonrpc.RemoteEndpoint.request(RemoteEndpoint.java:161)
	at org.eclipse.lsp4j.jsonrpc.services.EndpointProxy.invoke(EndpointProxy.java:91)
	at com.sun.proxy.$Proxy68.shutdown(Unknown Source)
	at org.eclipse.lsp4e.LanguageServerWrapper.lambda$13(LanguageServerWrapper.java:423)
	... 7 more
Caused by: java.io.IOException: 파이프가 닫히는 중입니다
	at java.base/java.io.FileOutputStream.writeBytes(Native Method)
	at java.base/java.io.FileOutputStream.write(FileOutputStream.java:354)
	at java.base/java.io.BufferedOutputStream.flushBuffer(BufferedOutputStream.java:81)
	at java.base/java.io.BufferedOutputStream.flush(BufferedOutputStream.java:142)
	at org.eclipse.lsp4j.jsonrpc.json.StreamMessageConsumer.consume(StreamMessageConsumer.java:69)
	... 12 more

!ENTRY org.springframework.tooling.ls.eclipse.commons 1 0 2025-06-20 15:22:39.142
!MESSAGE Boot LS startup time from start to initialized: 1055ms

!ENTRY org.eclipse.jface.text 4 0 2025-06-20 15:22:39.173
!MESSAGE org.eclipse.lsp4j.jsonrpc.JsonRpcException: java.io.IOException: 파이프가 닫히는 중입니다
!STACK 0
java.util.concurrent.CompletionException: org.eclipse.lsp4j.jsonrpc.JsonRpcException: java.io.IOException: 파이프가 닫히는 중입니다
	at java.base/java.util.concurrent.CompletableFuture.encodeThrowable(CompletableFuture.java:331)
	at java.base/java.util.concurrent.CompletableFuture.uniAcceptNow(CompletableFuture.java:743)
	at java.base/java.util.concurrent.CompletableFuture.uniAcceptStage(CompletableFuture.java:731)
	at java.base/java.util.concurrent.CompletableFuture.thenAcceptAsync(CompletableFuture.java:2118)
	at org.eclipse.lsp4e.operations.codelens.CodeLensProvider.lambda$2(CodeLensProvider.java:44)
	at java.base/java.util.stream.ReferencePipeline$3$1.accept(ReferencePipeline.java:195)
	at java.base/java.util.ArrayList$ArrayListSpliterator.forEachRemaining(ArrayList.java:1655)
	at java.base/java.util.stream.AbstractPipeline.copyInto(AbstractPipeline.java:484)
	at java.base/java.util.stream.AbstractPipeline.wrapAndCopyInto(AbstractPipeline.java:474)
	at java.base/java.util.stream.AbstractPipeline.evaluate(AbstractPipeline.java:550)
	at java.base/java.util.stream.AbstractPipeline.evaluateToArrayNode(AbstractPipeline.java:260)
	at java.base/java.util.stream.ReferencePipeline.toArray(ReferencePipeline.java:517)
	at org.eclipse.lsp4e.operations.codelens.CodeLensProvider.lambda$1(CodeLensProvider.java:52)
	at java.base/java.util.concurrent.CompletableFuture$UniCompose.tryFire(CompletableFuture.java:1072)
	at java.base/java.util.concurrent.CompletableFuture$Completion.exec(CompletableFuture.java:479)
	at java.base/java.util.concurrent.ForkJoinTask.doExec(ForkJoinTask.java:290)
	at java.base/java.util.concurrent.ForkJoinPool$WorkQueue.topLevelExec(ForkJoinPool.java:1020)
	at java.base/java.util.concurrent.ForkJoinPool.scan(ForkJoinPool.java:1656)
	at java.base/java.util.concurrent.ForkJoinPool.runWorker(ForkJoinPool.java:1594)
	at java.base/java.util.concurrent.ForkJoinWorkerThread.run(ForkJoinWorkerThread.java:183)
Caused by: org.eclipse.lsp4j.jsonrpc.JsonRpcException: java.io.IOException: 파이프가 닫히는 중입니다
	at org.eclipse.lsp4j.jsonrpc.json.StreamMessageConsumer.consume(StreamMessageConsumer.java:72)
	at org.eclipse.lsp4e.LanguageServerWrapper.lambda$4(LanguageServerWrapper.java:260)
	at org.eclipse.lsp4j.jsonrpc.RemoteEndpoint.request(RemoteEndpoint.java:161)
	at org.eclipse.lsp4j.jsonrpc.services.EndpointProxy.invoke(EndpointProxy.java:91)
	at com.sun.proxy.$Proxy66.codeLens(Unknown Source)
	at org.eclipse.lsp4e.operations.codelens.CodeLensProvider.lambda$2(CodeLensProvider.java:43)
	... 15 more
Caused by: java.io.IOException: 파이프가 닫히는 중입니다
	at java.base/java.io.FileOutputStream.writeBytes(Native Method)
	at java.base/java.io.FileOutputStream.write(FileOutputStream.java:354)
	at java.base/java.io.BufferedOutputStream.flushBuffer(BufferedOutputStream.java:81)
	at java.base/java.io.BufferedOutputStream.flush(BufferedOutputStream.java:142)
	at org.eclipse.lsp4j.jsonrpc.json.StreamMessageConsumer.consume(StreamMessageConsumer.java:69)
	... 20 more

!ENTRY org.eclipse.jface.text 4 0 2025-06-20 15:22:39.173
!MESSAGE org.eclipse.lsp4j.jsonrpc.JsonRpcException: java.io.IOException: 파이프가 닫히는 중입니다
!STACK 0
java.util.concurrent.CompletionException: org.eclipse.lsp4j.jsonrpc.JsonRpcException: java.io.IOException: 파이프가 닫히는 중입니다
	at java.base/java.util.concurrent.CompletableFuture.encodeThrowable(CompletableFuture.java:331)
	at java.base/java.util.concurrent.CompletableFuture.uniAcceptNow(CompletableFuture.java:743)
	at java.base/java.util.concurrent.CompletableFuture.uniAcceptStage(CompletableFuture.java:731)
	at java.base/java.util.concurrent.CompletableFuture.thenAcceptAsync(CompletableFuture.java:2118)
	at org.eclipse.lsp4e.operations.codelens.CodeLensProvider.lambda$2(CodeLensProvider.java:44)
	at java.base/java.util.stream.ReferencePipeline$3$1.accept(ReferencePipeline.java:195)
	at java.base/java.util.ArrayList$ArrayListSpliterator.forEachRemaining(ArrayList.java:1655)
	at java.base/java.util.stream.AbstractPipeline.copyInto(AbstractPipeline.java:484)
	at java.base/java.util.stream.AbstractPipeline.wrapAndCopyInto(AbstractPipeline.java:474)
	at java.base/java.util.stream.AbstractPipeline.evaluate(AbstractPipeline.java:550)
	at java.base/java.util.stream.AbstractPipeline.evaluateToArrayNode(AbstractPipeline.java:260)
	at java.base/java.util.stream.ReferencePipeline.toArray(ReferencePipeline.java:517)
	at org.eclipse.lsp4e.operations.codelens.CodeLensProvider.lambda$1(CodeLensProvider.java:52)
	at java.base/java.util.concurrent.CompletableFuture$UniCompose.tryFire(CompletableFuture.java:1072)
	at java.base/java.util.concurrent.CompletableFuture$Completion.exec(CompletableFuture.java:479)
	at java.base/java.util.concurrent.ForkJoinTask.doExec(ForkJoinTask.java:290)
	at java.base/java.util.concurrent.ForkJoinPool$WorkQueue.topLevelExec(ForkJoinPool.java:1020)
	at java.base/java.util.concurrent.ForkJoinPool.scan(ForkJoinPool.java:1656)
	at java.base/java.util.concurrent.ForkJoinPool.runWorker(ForkJoinPool.java:1594)
	at java.base/java.util.concurrent.ForkJoinWorkerThread.run(ForkJoinWorkerThread.java:183)
Caused by: org.eclipse.lsp4j.jsonrpc.JsonRpcException: java.io.IOException: 파이프가 닫히는 중입니다
	at org.eclipse.lsp4j.jsonrpc.json.StreamMessageConsumer.consume(StreamMessageConsumer.java:72)
	at org.eclipse.lsp4e.LanguageServerWrapper.lambda$4(LanguageServerWrapper.java:260)
	at org.eclipse.lsp4j.jsonrpc.RemoteEndpoint.request(RemoteEndpoint.java:161)
	at org.eclipse.lsp4j.jsonrpc.services.EndpointProxy.invoke(EndpointProxy.java:91)
	at com.sun.proxy.$Proxy66.codeLens(Unknown Source)
	at org.eclipse.lsp4e.operations.codelens.CodeLensProvider.lambda$2(CodeLensProvider.java:43)
	... 15 more
Caused by: java.io.IOException: 파이프가 닫히는 중입니다
	at java.base/java.io.FileOutputStream.writeBytes(Native Method)
	at java.base/java.io.FileOutputStream.write(FileOutputStream.java:354)
	at java.base/java.io.BufferedOutputStream.flushBuffer(BufferedOutputStream.java:81)
	at java.base/java.io.BufferedOutputStream.flush(BufferedOutputStream.java:142)
	at org.eclipse.lsp4j.jsonrpc.json.StreamMessageConsumer.consume(StreamMessageConsumer.java:69)
	... 20 more

!ENTRY org.eclipse.jface.text 4 0 2025-06-20 15:22:39.175
!MESSAGE org.eclipse.lsp4j.jsonrpc.JsonRpcException: java.io.IOException: 파이프가 닫히는 중입니다
!STACK 0
java.util.concurrent.CompletionException: org.eclipse.lsp4j.jsonrpc.JsonRpcException: java.io.IOException: 파이프가 닫히는 중입니다
	at java.base/java.util.concurrent.CompletableFuture.encodeThrowable(CompletableFuture.java:331)
	at java.base/java.util.concurrent.CompletableFuture.uniAcceptNow(CompletableFuture.java:743)
	at java.base/java.util.concurrent.CompletableFuture.uniAcceptStage(CompletableFuture.java:731)
	at java.base/java.util.concurrent.CompletableFuture.thenAcceptAsync(CompletableFuture.java:2118)
	at org.eclipse.lsp4e.operations.codelens.CodeLensProvider.lambda$2(CodeLensProvider.java:44)
	at java.base/java.util.stream.ReferencePipeline$3$1.accept(ReferencePipeline.java:195)
	at java.base/java.util.ArrayList$ArrayListSpliterator.forEachRemaining(ArrayList.java:1655)
	at java.base/java.util.stream.AbstractPipeline.copyInto(AbstractPipeline.java:484)
	at java.base/java.util.stream.AbstractPipeline.wrapAndCopyInto(AbstractPipeline.java:474)
	at java.base/java.util.stream.AbstractPipeline.evaluate(AbstractPipeline.java:550)
	at java.base/java.util.stream.AbstractPipeline.evaluateToArrayNode(AbstractPipeline.java:260)
	at java.base/java.util.stream.ReferencePipeline.toArray(ReferencePipeline.java:517)
	at org.eclipse.lsp4e.operations.codelens.CodeLensProvider.lambda$1(CodeLensProvider.java:52)
	at java.base/java.util.concurrent.CompletableFuture$UniCompose.tryFire(CompletableFuture.java:1072)
	at java.base/java.util.concurrent.CompletableFuture$Completion.exec(CompletableFuture.java:479)
	at java.base/java.util.concurrent.ForkJoinTask.doExec(ForkJoinTask.java:290)
	at java.base/java.util.concurrent.ForkJoinPool$WorkQueue.topLevelExec(ForkJoinPool.java:1020)
	at java.base/java.util.concurrent.ForkJoinPool.scan(ForkJoinPool.java:1656)
	at java.base/java.util.concurrent.ForkJoinPool.runWorker(ForkJoinPool.java:1594)
	at java.base/java.util.concurrent.ForkJoinWorkerThread.run(ForkJoinWorkerThread.java:183)
Caused by: org.eclipse.lsp4j.jsonrpc.JsonRpcException: java.io.IOException: 파이프가 닫히는 중입니다
	at org.eclipse.lsp4j.jsonrpc.json.StreamMessageConsumer.consume(StreamMessageConsumer.java:72)
	at org.eclipse.lsp4e.LanguageServerWrapper.lambda$4(LanguageServerWrapper.java:260)
	at org.eclipse.lsp4j.jsonrpc.RemoteEndpoint.request(RemoteEndpoint.java:161)
	at org.eclipse.lsp4j.jsonrpc.services.EndpointProxy.invoke(EndpointProxy.java:91)
	at com.sun.proxy.$Proxy66.codeLens(Unknown Source)
	at org.eclipse.lsp4e.operations.codelens.CodeLensProvider.lambda$2(CodeLensProvider.java:43)
	... 15 more
Caused by: java.io.IOException: 파이프가 닫히는 중입니다
	at java.base/java.io.FileOutputStream.writeBytes(Native Method)
	at java.base/java.io.FileOutputStream.write(FileOutputStream.java:354)
	at java.base/java.io.BufferedOutputStream.flushBuffer(BufferedOutputStream.java:81)
	at java.base/java.io.BufferedOutputStream.flush(BufferedOutputStream.java:142)
	at org.eclipse.lsp4j.jsonrpc.json.StreamMessageConsumer.consume(StreamMessageConsumer.java:69)
	... 20 more

!ENTRY org.eclipse.jface.text 4 0 2025-06-20 15:22:39.175
!MESSAGE org.eclipse.lsp4j.jsonrpc.JsonRpcException: java.io.IOException: 파이프가 닫히는 중입니다
!STACK 0
java.util.concurrent.CompletionException: org.eclipse.lsp4j.jsonrpc.JsonRpcException: java.io.IOException: 파이프가 닫히는 중입니다
	at java.base/java.util.concurrent.CompletableFuture.encodeThrowable(CompletableFuture.java:331)
	at java.base/java.util.concurrent.CompletableFuture.uniAcceptNow(CompletableFuture.java:743)
	at java.base/java.util.concurrent.CompletableFuture.uniAcceptStage(CompletableFuture.java:731)
	at java.base/java.util.concurrent.CompletableFuture.thenAcceptAsync(CompletableFuture.java:2118)
	at org.eclipse.lsp4e.operations.codelens.CodeLensProvider.lambda$2(CodeLensProvider.java:44)
	at java.base/java.util.stream.ReferencePipeline$3$1.accept(ReferencePipeline.java:195)
	at java.base/java.util.ArrayList$ArrayListSpliterator.forEachRemaining(ArrayList.java:1655)
	at java.base/java.util.stream.AbstractPipeline.copyInto(AbstractPipeline.java:484)
	at java.base/java.util.stream.AbstractPipeline.wrapAndCopyInto(AbstractPipeline.java:474)
	at java.base/java.util.stream.AbstractPipeline.evaluate(AbstractPipeline.java:550)
	at java.base/java.util.stream.AbstractPipeline.evaluateToArrayNode(AbstractPipeline.java:260)
	at java.base/java.util.stream.ReferencePipeline.toArray(ReferencePipeline.java:517)
	at org.eclipse.lsp4e.operations.codelens.CodeLensProvider.lambda$1(CodeLensProvider.java:52)
	at java.base/java.util.concurrent.CompletableFuture$UniCompose.tryFire(CompletableFuture.java:1072)
	at java.base/java.util.concurrent.CompletableFuture$Completion.exec(CompletableFuture.java:479)
	at java.base/java.util.concurrent.ForkJoinTask.doExec(ForkJoinTask.java:290)
	at java.base/java.util.concurrent.ForkJoinPool$WorkQueue.topLevelExec(ForkJoinPool.java:1020)
	at java.base/java.util.concurrent.ForkJoinPool.scan(ForkJoinPool.java:1656)
	at java.base/java.util.concurrent.ForkJoinPool.runWorker(ForkJoinPool.java:1594)
	at java.base/java.util.concurrent.ForkJoinWorkerThread.run(ForkJoinWorkerThread.java:183)
Caused by: org.eclipse.lsp4j.jsonrpc.JsonRpcException: java.io.IOException: 파이프가 닫히는 중입니다
	at org.eclipse.lsp4j.jsonrpc.json.StreamMessageConsumer.consume(StreamMessageConsumer.java:72)
	at org.eclipse.lsp4e.LanguageServerWrapper.lambda$4(LanguageServerWrapper.java:260)
	at org.eclipse.lsp4j.jsonrpc.RemoteEndpoint.request(RemoteEndpoint.java:161)
	at org.eclipse.lsp4j.jsonrpc.services.EndpointProxy.invoke(EndpointProxy.java:91)
	at com.sun.proxy.$Proxy66.codeLens(Unknown Source)
	at org.eclipse.lsp4e.operations.codelens.CodeLensProvider.lambda$2(CodeLensProvider.java:43)
	... 15 more
Caused by: java.io.IOException: 파이프가 닫히는 중입니다
	at java.base/java.io.FileOutputStream.writeBytes(Native Method)
	at java.base/java.io.FileOutputStream.write(FileOutputStream.java:354)
	at java.base/java.io.BufferedOutputStream.flushBuffer(BufferedOutputStream.java:81)
	at java.base/java.io.BufferedOutputStream.flush(BufferedOutputStream.java:142)
	at org.eclipse.lsp4j.jsonrpc.json.StreamMessageConsumer.consume(StreamMessageConsumer.java:69)
	... 20 more

!ENTRY org.springframework.tooling.ls.eclipse.commons 1 0 2025-06-20 15:22:39.198
!MESSAGE ClasspathListenerHandler addClasspathListener sts4.classpath.sDOqYNNAisBatched = true

!ENTRY org.springframework.tooling.ls.eclipse.commons 1 0 2025-06-20 15:22:39.199
!MESSAGE Setting up ClasspathListenerManager

!ENTRY org.springframework.tooling.ls.eclipse.commons 1 0 2025-06-20 15:22:39.199
!MESSAGE Scheduling initial event for all projects ...

!ENTRY org.springframework.tooling.ls.eclipse.commons 1 0 2025-06-20 15:22:39.199
!MESSAGE Scheduling initial event for all projects DONE

!ENTRY org.springframework.tooling.ls.eclipse.commons 1 0 2025-06-20 15:22:39.199
!MESSAGE exists = true open = true => deleted = false

!ENTRY org.springframework.tooling.ls.eclipse.commons 1 0 2025-06-20 15:22:39.199
!MESSAGE ClasspathListenerHandler addClasspathListener sts4.classpath.sDOqYNNA => OK

!ENTRY org.springframework.tooling.ls.eclipse.commons 1 0 2025-06-20 15:22:39.200
!MESSAGE classpath=57 entries

!ENTRY org.springframework.tooling.ls.eclipse.commons 1 0 2025-06-20 15:22:39.200
!MESSAGE buffering callback sts4.classpath.sDOqYNNA ServiceExam false 57

!ENTRY org.springframework.tooling.ls.eclipse.commons 1 0 2025-06-20 15:22:39.201
!MESSAGE executing callback sts4.classpath.sDOqYNNA 1 batched events

!ENTRY org.springframework.tooling.ls.eclipse.commons 1 0 2025-06-20 15:22:39.413
!MESSAGE executing callback sts4.classpath.sDOqYNNA SUCCESS [done]

!ENTRY org.springframework.tooling.ls.eclipse.commons 1 0 2025-06-20 15:22:39.414
!MESSAGE Entering DelegatingStreamConnectionProvider()

!ENTRY org.eclipse.lsp4e 4 0 2025-06-20 15:22:39.414
!MESSAGE org.eclipse.lsp4j.jsonrpc.JsonRpcException: java.io.IOException: 파이프가 닫히는 중입니다
!STACK 0
java.util.concurrent.ExecutionException: org.eclipse.lsp4j.jsonrpc.JsonRpcException: java.io.IOException: 파이프가 닫히는 중입니다
	at java.base/java.util.concurrent.CompletableFuture.reportGet(CompletableFuture.java:395)
	at java.base/java.util.concurrent.CompletableFuture.get(CompletableFuture.java:2028)
	at org.eclipse.lsp4e.LanguageServerWrapper.lambda$13(LanguageServerWrapper.java:425)
	at java.base/java.util.concurrent.CompletableFuture$AsyncRun.run(CompletableFuture.java:1736)
	at java.base/java.util.concurrent.CompletableFuture$AsyncRun.exec(CompletableFuture.java:1728)
	at java.base/java.util.concurrent.ForkJoinTask.doExec(ForkJoinTask.java:290)
	at java.base/java.util.concurrent.ForkJoinPool$WorkQueue.topLevelExec(ForkJoinPool.java:1020)
	at java.base/java.util.concurrent.ForkJoinPool.scan(ForkJoinPool.java:1656)
	at java.base/java.util.concurrent.ForkJoinPool.runWorker(ForkJoinPool.java:1594)
	at java.base/java.util.concurrent.ForkJoinWorkerThread.run(ForkJoinWorkerThread.java:183)
Caused by: org.eclipse.lsp4j.jsonrpc.JsonRpcException: java.io.IOException: 파이프가 닫히는 중입니다
	at org.eclipse.lsp4j.jsonrpc.json.StreamMessageConsumer.consume(StreamMessageConsumer.java:72)
	at org.eclipse.lsp4e.LanguageServerWrapper.lambda$4(LanguageServerWrapper.java:260)
	at org.eclipse.lsp4j.jsonrpc.RemoteEndpoint.request(RemoteEndpoint.java:161)
	at org.eclipse.lsp4j.jsonrpc.services.EndpointProxy.invoke(EndpointProxy.java:91)
	at com.sun.proxy.$Proxy68.shutdown(Unknown Source)
	at org.eclipse.lsp4e.LanguageServerWrapper.lambda$13(LanguageServerWrapper.java:423)
	... 7 more
Caused by: java.io.IOException: 파이프가 닫히는 중입니다
	at java.base/java.io.FileOutputStream.writeBytes(Native Method)
	at java.base/java.io.FileOutputStream.write(FileOutputStream.java:354)
	at java.base/java.io.BufferedOutputStream.flushBuffer(BufferedOutputStream.java:81)
	at java.base/java.io.BufferedOutputStream.flush(BufferedOutputStream.java:142)
	at org.eclipse.lsp4j.jsonrpc.json.StreamMessageConsumer.consume(StreamMessageConsumer.java:69)
	... 12 more

!ENTRY org.eclipse.lsp4e 4 0 2025-06-20 15:22:39.415
!MESSAGE org.eclipse.lsp4j.jsonrpc.JsonRpcException: java.io.IOException: 파이프가 닫히는 중입니다
!STACK 0
java.util.concurrent.ExecutionException: org.eclipse.lsp4j.jsonrpc.JsonRpcException: java.io.IOException: 파이프가 닫히는 중입니다
	at java.base/java.util.concurrent.CompletableFuture.reportGet(CompletableFuture.java:395)
	at java.base/java.util.concurrent.CompletableFuture.get(CompletableFuture.java:2028)
	at org.eclipse.lsp4e.LanguageServerWrapper.lambda$13(LanguageServerWrapper.java:425)
	at java.base/java.util.concurrent.CompletableFuture$AsyncRun.run(CompletableFuture.java:1736)
	at java.base/java.util.concurrent.CompletableFuture$AsyncRun.exec(CompletableFuture.java:1728)
	at java.base/java.util.concurrent.ForkJoinTask.doExec(ForkJoinTask.java:290)
	at java.base/java.util.concurrent.ForkJoinPool$WorkQueue.topLevelExec(ForkJoinPool.java:1020)
	at java.base/java.util.concurrent.ForkJoinPool.scan(ForkJoinPool.java:1656)
	at java.base/java.util.concurrent.ForkJoinPool.runWorker(ForkJoinPool.java:1594)
	at java.base/java.util.concurrent.ForkJoinWorkerThread.run(ForkJoinWorkerThread.java:183)
Caused by: org.eclipse.lsp4j.jsonrpc.JsonRpcException: java.io.IOException: 파이프가 닫히는 중입니다
	at org.eclipse.lsp4j.jsonrpc.json.StreamMessageConsumer.consume(StreamMessageConsumer.java:72)
	at org.eclipse.lsp4e.LanguageServerWrapper.lambda$4(LanguageServerWrapper.java:260)
	at org.eclipse.lsp4j.jsonrpc.RemoteEndpoint.request(RemoteEndpoint.java:161)
	at org.eclipse.lsp4j.jsonrpc.services.EndpointProxy.invoke(EndpointProxy.java:91)
	at com.sun.proxy.$Proxy68.shutdown(Unknown Source)
	at org.eclipse.lsp4e.LanguageServerWrapper.lambda$13(LanguageServerWrapper.java:423)
	... 7 more
Caused by: java.io.IOException: 파이프가 닫히는 중입니다
	at java.base/java.io.FileOutputStream.writeBytes(Native Method)
	at java.base/java.io.FileOutputStream.write(FileOutputStream.java:354)
	at java.base/java.io.BufferedOutputStream.flushBuffer(BufferedOutputStream.java:81)
	at java.base/java.io.BufferedOutputStream.flush(BufferedOutputStream.java:142)
	at org.eclipse.lsp4j.jsonrpc.json.StreamMessageConsumer.consume(StreamMessageConsumer.java:69)
	... 12 more

!ENTRY org.springframework.tooling.ls.eclipse.commons 1 0 2025-06-20 15:22:39.415
!MESSAGE DelegatingStreamConnectionProvider classloader = org.eclipse.osgi.internal.loader.EquinoxClassLoader@580cb668[org.springframework.tooling.boot.ls:1.28.0.202109130547(id=1001)]

!ENTRY org.springframework.tooling.ls.eclipse.commons 1 0 2025-06-20 15:22:39.415
!MESSAGE SpringBootLanguageServer exists!

!ENTRY org.springframework.tooling.ls.eclipse.commons 1 0 2025-06-20 15:22:40.439
!MESSAGE Boot LS startup time from start to initialized: 1024ms

!ENTRY org.eclipse.jface.text 4 0 2025-06-20 15:22:40.471
!MESSAGE org.eclipse.lsp4j.jsonrpc.JsonRpcException: java.io.IOException: 파이프가 닫히는 중입니다
!STACK 0
java.util.concurrent.CompletionException: org.eclipse.lsp4j.jsonrpc.JsonRpcException: java.io.IOException: 파이프가 닫히는 중입니다
	at java.base/java.util.concurrent.CompletableFuture.encodeThrowable(CompletableFuture.java:331)
	at java.base/java.util.concurrent.CompletableFuture.uniAcceptNow(CompletableFuture.java:743)
	at java.base/java.util.concurrent.CompletableFuture.uniAcceptStage(CompletableFuture.java:731)
	at java.base/java.util.concurrent.CompletableFuture.thenAcceptAsync(CompletableFuture.java:2118)
	at org.eclipse.lsp4e.operations.codelens.CodeLensProvider.lambda$2(CodeLensProvider.java:44)
	at java.base/java.util.stream.ReferencePipeline$3$1.accept(ReferencePipeline.java:195)
	at java.base/java.util.ArrayList$ArrayListSpliterator.forEachRemaining(ArrayList.java:1655)
	at java.base/java.util.stream.AbstractPipeline.copyInto(AbstractPipeline.java:484)
	at java.base/java.util.stream.AbstractPipeline.wrapAndCopyInto(AbstractPipeline.java:474)
	at java.base/java.util.stream.AbstractPipeline.evaluate(AbstractPipeline.java:550)
	at java.base/java.util.stream.AbstractPipeline.evaluateToArrayNode(AbstractPipeline.java:260)
	at java.base/java.util.stream.ReferencePipeline.toArray(ReferencePipeline.java:517)
	at org.eclipse.lsp4e.operations.codelens.CodeLensProvider.lambda$1(CodeLensProvider.java:52)
	at java.base/java.util.concurrent.CompletableFuture$UniCompose.tryFire(CompletableFuture.java:1072)
	at java.base/java.util.concurrent.CompletableFuture$Completion.exec(CompletableFuture.java:479)
	at java.base/java.util.concurrent.ForkJoinTask.doExec(ForkJoinTask.java:290)
	at java.base/java.util.concurrent.ForkJoinPool$WorkQueue.topLevelExec(ForkJoinPool.java:1020)
	at java.base/java.util.concurrent.ForkJoinPool.scan(ForkJoinPool.java:1656)
	at java.base/java.util.concurrent.ForkJoinPool.runWorker(ForkJoinPool.java:1594)
	at java.base/java.util.concurrent.ForkJoinWorkerThread.run(ForkJoinWorkerThread.java:183)
Caused by: org.eclipse.lsp4j.jsonrpc.JsonRpcException: java.io.IOException: 파이프가 닫히는 중입니다
	at org.eclipse.lsp4j.jsonrpc.json.StreamMessageConsumer.consume(StreamMessageConsumer.java:72)
	at org.eclipse.lsp4e.LanguageServerWrapper.lambda$4(LanguageServerWrapper.java:260)
	at org.eclipse.lsp4j.jsonrpc.RemoteEndpoint.request(RemoteEndpoint.java:161)
	at org.eclipse.lsp4j.jsonrpc.services.EndpointProxy.invoke(EndpointProxy.java:91)
	at com.sun.proxy.$Proxy66.codeLens(Unknown Source)
	at org.eclipse.lsp4e.operations.codelens.CodeLensProvider.lambda$2(CodeLensProvider.java:43)
	... 15 more
Caused by: java.io.IOException: 파이프가 닫히는 중입니다
	at java.base/java.io.FileOutputStream.writeBytes(Native Method)
	at java.base/java.io.FileOutputStream.write(FileOutputStream.java:354)
	at java.base/java.io.BufferedOutputStream.flushBuffer(BufferedOutputStream.java:81)
	at java.base/java.io.BufferedOutputStream.flush(BufferedOutputStream.java:142)
	at org.eclipse.lsp4j.jsonrpc.json.StreamMessageConsumer.consume(StreamMessageConsumer.java:69)
	... 20 more

!ENTRY org.eclipse.jface.text 4 0 2025-06-20 15:22:40.471
!MESSAGE org.eclipse.lsp4j.jsonrpc.JsonRpcException: java.io.IOException: 파이프가 닫히는 중입니다
!STACK 0
java.util.concurrent.CompletionException: org.eclipse.lsp4j.jsonrpc.JsonRpcException: java.io.IOException: 파이프가 닫히는 중입니다
	at java.base/java.util.concurrent.CompletableFuture.encodeThrowable(CompletableFuture.java:331)
	at java.base/java.util.concurrent.CompletableFuture.uniAcceptNow(CompletableFuture.java:743)
	at java.base/java.util.concurrent.CompletableFuture.uniAcceptStage(CompletableFuture.java:731)
	at java.base/java.util.concurrent.CompletableFuture.thenAcceptAsync(CompletableFuture.java:2118)
	at org.eclipse.lsp4e.operations.codelens.CodeLensProvider.lambda$2(CodeLensProvider.java:44)
	at java.base/java.util.stream.ReferencePipeline$3$1.accept(ReferencePipeline.java:195)
	at java.base/java.util.ArrayList$ArrayListSpliterator.forEachRemaining(ArrayList.java:1655)
	at java.base/java.util.stream.AbstractPipeline.copyInto(AbstractPipeline.java:484)
	at java.base/java.util.stream.AbstractPipeline.wrapAndCopyInto(AbstractPipeline.java:474)
	at java.base/java.util.stream.AbstractPipeline.evaluate(AbstractPipeline.java:550)
	at java.base/java.util.stream.AbstractPipeline.evaluateToArrayNode(AbstractPipeline.java:260)
	at java.base/java.util.stream.ReferencePipeline.toArray(ReferencePipeline.java:517)
	at org.eclipse.lsp4e.operations.codelens.CodeLensProvider.lambda$1(CodeLensProvider.java:52)
	at java.base/java.util.concurrent.CompletableFuture$UniCompose.tryFire(CompletableFuture.java:1072)
	at java.base/java.util.concurrent.CompletableFuture$Completion.exec(CompletableFuture.java:479)
	at java.base/java.util.concurrent.ForkJoinTask.doExec(ForkJoinTask.java:290)
	at java.base/java.util.concurrent.ForkJoinPool$WorkQueue.topLevelExec(ForkJoinPool.java:1020)
	at java.base/java.util.concurrent.ForkJoinPool.scan(ForkJoinPool.java:1656)
	at java.base/java.util.concurrent.ForkJoinPool.runWorker(ForkJoinPool.java:1594)
	at java.base/java.util.concurrent.ForkJoinWorkerThread.run(ForkJoinWorkerThread.java:183)
Caused by: org.eclipse.lsp4j.jsonrpc.JsonRpcException: java.io.IOException: 파이프가 닫히는 중입니다
	at org.eclipse.lsp4j.jsonrpc.json.StreamMessageConsumer.consume(StreamMessageConsumer.java:72)
	at org.eclipse.lsp4e.LanguageServerWrapper.lambda$4(LanguageServerWrapper.java:260)
	at org.eclipse.lsp4j.jsonrpc.RemoteEndpoint.request(RemoteEndpoint.java:161)
	at org.eclipse.lsp4j.jsonrpc.services.EndpointProxy.invoke(EndpointProxy.java:91)
	at com.sun.proxy.$Proxy66.codeLens(Unknown Source)
	at org.eclipse.lsp4e.operations.codelens.CodeLensProvider.lambda$2(CodeLensProvider.java:43)
	... 15 more
Caused by: java.io.IOException: 파이프가 닫히는 중입니다
	at java.base/java.io.FileOutputStream.writeBytes(Native Method)
	at java.base/java.io.FileOutputStream.write(FileOutputStream.java:354)
	at java.base/java.io.BufferedOutputStream.flushBuffer(BufferedOutputStream.java:81)
	at java.base/java.io.BufferedOutputStream.flush(BufferedOutputStream.java:142)
	at org.eclipse.lsp4j.jsonrpc.json.StreamMessageConsumer.consume(StreamMessageConsumer.java:69)
	... 20 more

!ENTRY org.eclipse.jface.text 4 0 2025-06-20 15:22:40.472
!MESSAGE org.eclipse.lsp4j.jsonrpc.JsonRpcException: java.io.IOException: 파이프가 닫히는 중입니다
!STACK 0
java.util.concurrent.CompletionException: org.eclipse.lsp4j.jsonrpc.JsonRpcException: java.io.IOException: 파이프가 닫히는 중입니다
	at java.base/java.util.concurrent.CompletableFuture.encodeThrowable(CompletableFuture.java:331)
	at java.base/java.util.concurrent.CompletableFuture.uniAcceptNow(CompletableFuture.java:743)
	at java.base/java.util.concurrent.CompletableFuture.uniAcceptStage(CompletableFuture.java:731)
	at java.base/java.util.concurrent.CompletableFuture.thenAcceptAsync(CompletableFuture.java:2118)
	at org.eclipse.lsp4e.operations.codelens.CodeLensProvider.lambda$2(CodeLensProvider.java:44)
	at java.base/java.util.stream.ReferencePipeline$3$1.accept(ReferencePipeline.java:195)
	at java.base/java.util.ArrayList$ArrayListSpliterator.forEachRemaining(ArrayList.java:1655)
	at java.base/java.util.stream.AbstractPipeline.copyInto(AbstractPipeline.java:484)
	at java.base/java.util.stream.AbstractPipeline.wrapAndCopyInto(AbstractPipeline.java:474)
	at java.base/java.util.stream.AbstractPipeline.evaluate(AbstractPipeline.java:550)
	at java.base/java.util.stream.AbstractPipeline.evaluateToArrayNode(AbstractPipeline.java:260)
	at java.base/java.util.stream.ReferencePipeline.toArray(ReferencePipeline.java:517)
	at org.eclipse.lsp4e.operations.codelens.CodeLensProvider.lambda$1(CodeLensProvider.java:52)
	at java.base/java.util.concurrent.CompletableFuture$UniCompose.tryFire(CompletableFuture.java:1072)
	at java.base/java.util.concurrent.CompletableFuture$Completion.exec(CompletableFuture.java:479)
	at java.base/java.util.concurrent.ForkJoinTask.doExec(ForkJoinTask.java:290)
	at java.base/java.util.concurrent.ForkJoinPool$WorkQueue.topLevelExec(ForkJoinPool.java:1020)
	at java.base/java.util.concurrent.ForkJoinPool.scan(ForkJoinPool.java:1656)
	at java.base/java.util.concurrent.ForkJoinPool.runWorker(ForkJoinPool.java:1594)
	at java.base/java.util.concurrent.ForkJoinWorkerThread.run(ForkJoinWorkerThread.java:183)
Caused by: org.eclipse.lsp4j.jsonrpc.JsonRpcException: java.io.IOException: 파이프가 닫히는 중입니다
	at org.eclipse.lsp4j.jsonrpc.json.StreamMessageConsumer.consume(StreamMessageConsumer.java:72)
	at org.eclipse.lsp4e.LanguageServerWrapper.lambda$4(LanguageServerWrapper.java:260)
	at org.eclipse.lsp4j.jsonrpc.RemoteEndpoint.request(RemoteEndpoint.java:161)
	at org.eclipse.lsp4j.jsonrpc.services.EndpointProxy.invoke(EndpointProxy.java:91)
	at com.sun.proxy.$Proxy66.codeLens(Unknown Source)
	at org.eclipse.lsp4e.operations.codelens.CodeLensProvider.lambda$2(CodeLensProvider.java:43)
	... 15 more
Caused by: java.io.IOException: 파이프가 닫히는 중입니다
	at java.base/java.io.FileOutputStream.writeBytes(Native Method)
	at java.base/java.io.FileOutputStream.write(FileOutputStream.java:354)
	at java.base/java.io.BufferedOutputStream.flushBuffer(BufferedOutputStream.java:81)
	at java.base/java.io.BufferedOutputStream.flush(BufferedOutputStream.java:142)
	at org.eclipse.lsp4j.jsonrpc.json.StreamMessageConsumer.consume(StreamMessageConsumer.java:69)
	... 20 more

!ENTRY org.eclipse.jface.text 4 0 2025-06-20 15:22:40.475
!MESSAGE org.eclipse.lsp4j.jsonrpc.JsonRpcException: java.io.IOException: 파이프가 닫히는 중입니다
!STACK 0
java.util.concurrent.CompletionException: org.eclipse.lsp4j.jsonrpc.JsonRpcException: java.io.IOException: 파이프가 닫히는 중입니다
	at java.base/java.util.concurrent.CompletableFuture.encodeThrowable(CompletableFuture.java:331)
	at java.base/java.util.concurrent.CompletableFuture.uniAcceptNow(CompletableFuture.java:743)
	at java.base/java.util.concurrent.CompletableFuture.uniAcceptStage(CompletableFuture.java:731)
	at java.base/java.util.concurrent.CompletableFuture.thenAcceptAsync(CompletableFuture.java:2118)
	at org.eclipse.lsp4e.operations.codelens.CodeLensProvider.lambda$2(CodeLensProvider.java:44)
	at java.base/java.util.stream.ReferencePipeline$3$1.accept(ReferencePipeline.java:195)
	at java.base/java.util.ArrayList$ArrayListSpliterator.forEachRemaining(ArrayList.java:1655)
	at java.base/java.util.stream.AbstractPipeline.copyInto(AbstractPipeline.java:484)
	at java.base/java.util.stream.AbstractPipeline.wrapAndCopyInto(AbstractPipeline.java:474)
	at java.base/java.util.stream.AbstractPipeline.evaluate(AbstractPipeline.java:550)
	at java.base/java.util.stream.AbstractPipeline.evaluateToArrayNode(AbstractPipeline.java:260)
	at java.base/java.util.stream.ReferencePipeline.toArray(ReferencePipeline.java:517)
	at org.eclipse.lsp4e.operations.codelens.CodeLensProvider.lambda$1(CodeLensProvider.java:52)
	at java.base/java.util.concurrent.CompletableFuture$UniCompose.tryFire(CompletableFuture.java:1072)
	at java.base/java.util.concurrent.CompletableFuture$Completion.exec(CompletableFuture.java:479)
	at java.base/java.util.concurrent.ForkJoinTask.doExec(ForkJoinTask.java:290)
	at java.base/java.util.concurrent.ForkJoinPool$WorkQueue.topLevelExec(ForkJoinPool.java:1020)
	at java.base/java.util.concurrent.ForkJoinPool.scan(ForkJoinPool.java:1656)
	at java.base/java.util.concurrent.ForkJoinPool.runWorker(ForkJoinPool.java:1594)
	at java.base/java.util.concurrent.ForkJoinWorkerThread.run(ForkJoinWorkerThread.java:183)
Caused by: org.eclipse.lsp4j.jsonrpc.JsonRpcException: java.io.IOException: 파이프가 닫히는 중입니다
	at org.eclipse.lsp4j.jsonrpc.json.StreamMessageConsumer.consume(StreamMessageConsumer.java:72)
	at org.eclipse.lsp4e.LanguageServerWrapper.lambda$4(LanguageServerWrapper.java:260)
	at org.eclipse.lsp4j.jsonrpc.RemoteEndpoint.request(RemoteEndpoint.java:161)
	at org.eclipse.lsp4j.jsonrpc.services.EndpointProxy.invoke(EndpointProxy.java:91)
	at com.sun.proxy.$Proxy66.codeLens(Unknown Source)
	at org.eclipse.lsp4e.operations.codelens.CodeLensProvider.lambda$2(CodeLensProvider.java:43)
	... 15 more
Caused by: java.io.IOException: 파이프가 닫히는 중입니다
	at java.base/java.io.FileOutputStream.writeBytes(Native Method)
	at java.base/java.io.FileOutputStream.write(FileOutputStream.java:354)
	at java.base/java.io.BufferedOutputStream.flushBuffer(BufferedOutputStream.java:81)
	at java.base/java.io.BufferedOutputStream.flush(BufferedOutputStream.java:142)
	at org.eclipse.lsp4j.jsonrpc.json.StreamMessageConsumer.consume(StreamMessageConsumer.java:69)
	... 20 more

!ENTRY org.springframework.tooling.ls.eclipse.commons 1 0 2025-06-20 15:22:40.502
!MESSAGE ClasspathListenerHandler addClasspathListener sts4.classpath.SgRjAmwTisBatched = true

!ENTRY org.springframework.tooling.ls.eclipse.commons 1 0 2025-06-20 15:22:40.502
!MESSAGE Setting up ClasspathListenerManager

!ENTRY org.springframework.tooling.ls.eclipse.commons 1 0 2025-06-20 15:22:40.502
!MESSAGE Scheduling initial event for all projects ...

!ENTRY org.springframework.tooling.ls.eclipse.commons 1 0 2025-06-20 15:22:40.502
!MESSAGE Scheduling initial event for all projects DONE

!ENTRY org.springframework.tooling.ls.eclipse.commons 1 0 2025-06-20 15:22:40.502
!MESSAGE exists = true open = true => deleted = false

!ENTRY org.springframework.tooling.ls.eclipse.commons 1 0 2025-06-20 15:22:40.503
!MESSAGE ClasspathListenerHandler addClasspathListener sts4.classpath.SgRjAmwT => OK

!ENTRY org.springframework.tooling.ls.eclipse.commons 1 0 2025-06-20 15:22:40.503
!MESSAGE classpath=57 entries

!ENTRY org.springframework.tooling.ls.eclipse.commons 1 0 2025-06-20 15:22:40.504
!MESSAGE buffering callback sts4.classpath.SgRjAmwT ServiceExam false 57

!ENTRY org.springframework.tooling.ls.eclipse.commons 1 0 2025-06-20 15:22:40.504
!MESSAGE executing callback sts4.classpath.SgRjAmwT 1 batched events

!ENTRY org.springframework.tooling.ls.eclipse.commons 1 0 2025-06-20 15:22:40.701
!MESSAGE executing callback sts4.classpath.SgRjAmwT SUCCESS [done]

!ENTRY org.eclipse.lsp4e 4 0 2025-06-20 15:22:40.702
!MESSAGE org.eclipse.lsp4j.jsonrpc.JsonRpcException: java.io.IOException: 파이프가 닫히는 중입니다
!STACK 0
java.util.concurrent.ExecutionException: org.eclipse.lsp4j.jsonrpc.JsonRpcException: java.io.IOException: 파이프가 닫히는 중입니다
	at java.base/java.util.concurrent.CompletableFuture.reportGet(CompletableFuture.java:395)
	at java.base/java.util.concurrent.CompletableFuture.get(CompletableFuture.java:2028)
	at org.eclipse.lsp4e.LanguageServerWrapper.lambda$13(LanguageServerWrapper.java:425)
	at java.base/java.util.concurrent.CompletableFuture$AsyncRun.run(CompletableFuture.java:1736)
	at java.base/java.util.concurrent.CompletableFuture$AsyncRun.exec(CompletableFuture.java:1728)
	at java.base/java.util.concurrent.ForkJoinTask.doExec(ForkJoinTask.java:290)
	at java.base/java.util.concurrent.ForkJoinPool$WorkQueue.topLevelExec(ForkJoinPool.java:1020)
	at java.base/java.util.concurrent.ForkJoinPool.scan(ForkJoinPool.java:1656)
	at java.base/java.util.concurrent.ForkJoinPool.runWorker(ForkJoinPool.java:1594)
	at java.base/java.util.concurrent.ForkJoinWorkerThread.run(ForkJoinWorkerThread.java:183)
Caused by: org.eclipse.lsp4j.jsonrpc.JsonRpcException: java.io.IOException: 파이프가 닫히는 중입니다
	at org.eclipse.lsp4j.jsonrpc.json.StreamMessageConsumer.consume(StreamMessageConsumer.java:72)
	at org.eclipse.lsp4e.LanguageServerWrapper.lambda$4(LanguageServerWrapper.java:260)
	at org.eclipse.lsp4j.jsonrpc.RemoteEndpoint.request(RemoteEndpoint.java:161)
	at org.eclipse.lsp4j.jsonrpc.services.EndpointProxy.invoke(EndpointProxy.java:91)
	at com.sun.proxy.$Proxy68.shutdown(Unknown Source)
	at org.eclipse.lsp4e.LanguageServerWrapper.lambda$13(LanguageServerWrapper.java:423)
	... 7 more
Caused by: java.io.IOException: 파이프가 닫히는 중입니다
	at java.base/java.io.FileOutputStream.writeBytes(Native Method)
	at java.base/java.io.FileOutputStream.write(FileOutputStream.java:354)
	at java.base/java.io.BufferedOutputStream.flushBuffer(BufferedOutputStream.java:81)
	at java.base/java.io.BufferedOutputStream.flush(BufferedOutputStream.java:142)
	at org.eclipse.lsp4j.jsonrpc.json.StreamMessageConsumer.consume(StreamMessageConsumer.java:69)
	... 12 more

!ENTRY org.eclipse.lsp4e 4 0 2025-06-20 15:22:40.702
!MESSAGE org.eclipse.lsp4j.jsonrpc.JsonRpcException: java.io.IOException: 파이프가 닫히는 중입니다
!STACK 0
java.util.concurrent.ExecutionException: org.eclipse.lsp4j.jsonrpc.JsonRpcException: java.io.IOException: 파이프가 닫히는 중입니다
	at java.base/java.util.concurrent.CompletableFuture.reportGet(CompletableFuture.java:395)
	at java.base/java.util.concurrent.CompletableFuture.get(CompletableFuture.java:2028)
	at org.eclipse.lsp4e.LanguageServerWrapper.lambda$13(LanguageServerWrapper.java:425)
	at java.base/java.util.concurrent.CompletableFuture$AsyncRun.run(CompletableFuture.java:1736)
	at java.base/java.util.concurrent.CompletableFuture$AsyncRun.exec(CompletableFuture.java:1728)
	at java.base/java.util.concurrent.ForkJoinTask.doExec(ForkJoinTask.java:290)
	at java.base/java.util.concurrent.ForkJoinPool$WorkQueue.topLevelExec(ForkJoinPool.java:1020)
	at java.base/java.util.concurrent.ForkJoinPool.scan(ForkJoinPool.java:1656)
	at java.base/java.util.concurrent.ForkJoinPool.runWorker(ForkJoinPool.java:1594)
	at java.base/java.util.concurrent.ForkJoinWorkerThread.run(ForkJoinWorkerThread.java:183)
Caused by: org.eclipse.lsp4j.jsonrpc.JsonRpcException: java.io.IOException: 파이프가 닫히는 중입니다
	at org.eclipse.lsp4j.jsonrpc.json.StreamMessageConsumer.consume(StreamMessageConsumer.java:72)
	at org.eclipse.lsp4e.LanguageServerWrapper.lambda$4(LanguageServerWrapper.java:260)
	at org.eclipse.lsp4j.jsonrpc.RemoteEndpoint.request(RemoteEndpoint.java:161)
	at org.eclipse.lsp4j.jsonrpc.services.EndpointProxy.invoke(EndpointProxy.java:91)
	at com.sun.proxy.$Proxy68.shutdown(Unknown Source)
	at org.eclipse.lsp4e.LanguageServerWrapper.lambda$13(LanguageServerWrapper.java:423)
	... 7 more
Caused by: java.io.IOException: 파이프가 닫히는 중입니다
	at java.base/java.io.FileOutputStream.writeBytes(Native Method)
	at java.base/java.io.FileOutputStream.write(FileOutputStream.java:354)
	at java.base/java.io.BufferedOutputStream.flushBuffer(BufferedOutputStream.java:81)
	at java.base/java.io.BufferedOutputStream.flush(BufferedOutputStream.java:142)
	at org.eclipse.lsp4j.jsonrpc.json.StreamMessageConsumer.consume(StreamMessageConsumer.java:69)
	... 12 more

!ENTRY org.springframework.tooling.ls.eclipse.commons 1 0 2025-06-20 15:22:40.702
!MESSAGE Entering DelegatingStreamConnectionProvider()

!ENTRY org.springframework.tooling.ls.eclipse.commons 1 0 2025-06-20 15:22:40.702
!MESSAGE DelegatingStreamConnectionProvider classloader = org.eclipse.osgi.internal.loader.EquinoxClassLoader@580cb668[org.springframework.tooling.boot.ls:1.28.0.202109130547(id=1001)]

!ENTRY org.springframework.tooling.ls.eclipse.commons 1 0 2025-06-20 15:22:40.702
!MESSAGE SpringBootLanguageServer exists!

!ENTRY org.springframework.tooling.ls.eclipse.commons 1 0 2025-06-20 15:22:41.757
!MESSAGE Boot LS startup time from start to initialized: 1053ms

!ENTRY org.eclipse.jface.text 4 0 2025-06-20 15:22:41.786
!MESSAGE org.eclipse.lsp4j.jsonrpc.JsonRpcException: java.io.IOException: 파이프가 닫히는 중입니다
!STACK 0
java.util.concurrent.CompletionException: org.eclipse.lsp4j.jsonrpc.JsonRpcException: java.io.IOException: 파이프가 닫히는 중입니다
	at java.base/java.util.concurrent.CompletableFuture.encodeThrowable(CompletableFuture.java:331)
	at java.base/java.util.concurrent.CompletableFuture.uniAcceptNow(CompletableFuture.java:743)
	at java.base/java.util.concurrent.CompletableFuture.uniAcceptStage(CompletableFuture.java:731)
	at java.base/java.util.concurrent.CompletableFuture.thenAcceptAsync(CompletableFuture.java:2118)
	at org.eclipse.lsp4e.operations.codelens.CodeLensProvider.lambda$2(CodeLensProvider.java:44)
	at java.base/java.util.stream.ReferencePipeline$3$1.accept(ReferencePipeline.java:195)
	at java.base/java.util.ArrayList$ArrayListSpliterator.forEachRemaining(ArrayList.java:1655)
	at java.base/java.util.stream.AbstractPipeline.copyInto(AbstractPipeline.java:484)
	at java.base/java.util.stream.AbstractPipeline.wrapAndCopyInto(AbstractPipeline.java:474)
	at java.base/java.util.stream.AbstractPipeline.evaluate(AbstractPipeline.java:550)
	at java.base/java.util.stream.AbstractPipeline.evaluateToArrayNode(AbstractPipeline.java:260)
	at java.base/java.util.stream.ReferencePipeline.toArray(ReferencePipeline.java:517)
	at org.eclipse.lsp4e.operations.codelens.CodeLensProvider.lambda$1(CodeLensProvider.java:52)
	at java.base/java.util.concurrent.CompletableFuture$UniCompose.tryFire(CompletableFuture.java:1072)
	at java.base/java.util.concurrent.CompletableFuture$Completion.exec(CompletableFuture.java:479)
	at java.base/java.util.concurrent.ForkJoinTask.doExec(ForkJoinTask.java:290)
	at java.base/java.util.concurrent.ForkJoinPool$WorkQueue.topLevelExec(ForkJoinPool.java:1020)
	at java.base/java.util.concurrent.ForkJoinPool.scan(ForkJoinPool.java:1656)
	at java.base/java.util.concurrent.ForkJoinPool.runWorker(ForkJoinPool.java:1594)
	at java.base/java.util.concurrent.ForkJoinWorkerThread.run(ForkJoinWorkerThread.java:183)
Caused by: org.eclipse.lsp4j.jsonrpc.JsonRpcException: java.io.IOException: 파이프가 닫히는 중입니다
	at org.eclipse.lsp4j.jsonrpc.json.StreamMessageConsumer.consume(StreamMessageConsumer.java:72)
	at org.eclipse.lsp4e.LanguageServerWrapper.lambda$4(LanguageServerWrapper.java:260)
	at org.eclipse.lsp4j.jsonrpc.RemoteEndpoint.request(RemoteEndpoint.java:161)
	at org.eclipse.lsp4j.jsonrpc.services.EndpointProxy.invoke(EndpointProxy.java:91)
	at com.sun.proxy.$Proxy66.codeLens(Unknown Source)
	at org.eclipse.lsp4e.operations.codelens.CodeLensProvider.lambda$2(CodeLensProvider.java:43)
	... 15 more
Caused by: java.io.IOException: 파이프가 닫히는 중입니다
	at java.base/java.io.FileOutputStream.writeBytes(Native Method)
	at java.base/java.io.FileOutputStream.write(FileOutputStream.java:354)
	at java.base/java.io.BufferedOutputStream.flushBuffer(BufferedOutputStream.java:81)
	at java.base/java.io.BufferedOutputStream.flush(BufferedOutputStream.java:142)
	at org.eclipse.lsp4j.jsonrpc.json.StreamMessageConsumer.consume(StreamMessageConsumer.java:69)
	... 20 more

!ENTRY org.eclipse.jface.text 4 0 2025-06-20 15:22:41.786
!MESSAGE org.eclipse.lsp4j.jsonrpc.JsonRpcException: java.io.IOException: 파이프가 닫히는 중입니다
!STACK 0
java.util.concurrent.CompletionException: org.eclipse.lsp4j.jsonrpc.JsonRpcException: java.io.IOException: 파이프가 닫히는 중입니다
	at java.base/java.util.concurrent.CompletableFuture.encodeThrowable(CompletableFuture.java:331)
	at java.base/java.util.concurrent.CompletableFuture.uniAcceptNow(CompletableFuture.java:743)
	at java.base/java.util.concurrent.CompletableFuture.uniAcceptStage(CompletableFuture.java:731)
	at java.base/java.util.concurrent.CompletableFuture.thenAcceptAsync(CompletableFuture.java:2118)
	at org.eclipse.lsp4e.operations.codelens.CodeLensProvider.lambda$2(CodeLensProvider.java:44)
	at java.base/java.util.stream.ReferencePipeline$3$1.accept(ReferencePipeline.java:195)
	at java.base/java.util.ArrayList$ArrayListSpliterator.forEachRemaining(ArrayList.java:1655)
	at java.base/java.util.stream.AbstractPipeline.copyInto(AbstractPipeline.java:484)
	at java.base/java.util.stream.AbstractPipeline.wrapAndCopyInto(AbstractPipeline.java:474)
	at java.base/java.util.stream.AbstractPipeline.evaluate(AbstractPipeline.java:550)
	at java.base/java.util.stream.AbstractPipeline.evaluateToArrayNode(AbstractPipeline.java:260)
	at java.base/java.util.stream.ReferencePipeline.toArray(ReferencePipeline.java:517)
	at org.eclipse.lsp4e.operations.codelens.CodeLensProvider.lambda$1(CodeLensProvider.java:52)
	at java.base/java.util.concurrent.CompletableFuture$UniCompose.tryFire(CompletableFuture.java:1072)
	at java.base/java.util.concurrent.CompletableFuture$Completion.exec(CompletableFuture.java:479)
	at java.base/java.util.concurrent.ForkJoinTask.doExec(ForkJoinTask.java:290)
	at java.base/java.util.concurrent.ForkJoinPool$WorkQueue.topLevelExec(ForkJoinPool.java:1020)
	at java.base/java.util.concurrent.ForkJoinPool.scan(ForkJoinPool.java:1656)
	at java.base/java.util.concurrent.ForkJoinPool.runWorker(ForkJoinPool.java:1594)
	at java.base/java.util.concurrent.ForkJoinWorkerThread.run(ForkJoinWorkerThread.java:183)
Caused by: org.eclipse.lsp4j.jsonrpc.JsonRpcException: java.io.IOException: 파이프가 닫히는 중입니다
	at org.eclipse.lsp4j.jsonrpc.json.StreamMessageConsumer.consume(StreamMessageConsumer.java:72)
	at org.eclipse.lsp4e.LanguageServerWrapper.lambda$4(LanguageServerWrapper.java:260)
	at org.eclipse.lsp4j.jsonrpc.RemoteEndpoint.request(RemoteEndpoint.java:161)
	at org.eclipse.lsp4j.jsonrpc.services.EndpointProxy.invoke(EndpointProxy.java:91)
	at com.sun.proxy.$Proxy66.codeLens(Unknown Source)
	at org.eclipse.lsp4e.operations.codelens.CodeLensProvider.lambda$2(CodeLensProvider.java:43)
	... 15 more
Caused by: java.io.IOException: 파이프가 닫히는 중입니다
	at java.base/java.io.FileOutputStream.writeBytes(Native Method)
	at java.base/java.io.FileOutputStream.write(FileOutputStream.java:354)
	at java.base/java.io.BufferedOutputStream.flushBuffer(BufferedOutputStream.java:81)
	at java.base/java.io.BufferedOutputStream.flush(BufferedOutputStream.java:142)
	at org.eclipse.lsp4j.jsonrpc.json.StreamMessageConsumer.consume(StreamMessageConsumer.java:69)
	... 20 more

!ENTRY org.eclipse.jface.text 4 0 2025-06-20 15:22:41.786
!MESSAGE org.eclipse.lsp4j.jsonrpc.JsonRpcException: java.io.IOException: 파이프가 닫히는 중입니다
!STACK 0
java.util.concurrent.CompletionException: org.eclipse.lsp4j.jsonrpc.JsonRpcException: java.io.IOException: 파이프가 닫히는 중입니다
	at java.base/java.util.concurrent.CompletableFuture.encodeThrowable(CompletableFuture.java:331)
	at java.base/java.util.concurrent.CompletableFuture.uniAcceptNow(CompletableFuture.java:743)
	at java.base/java.util.concurrent.CompletableFuture.uniAcceptStage(CompletableFuture.java:731)
	at java.base/java.util.concurrent.CompletableFuture.thenAcceptAsync(CompletableFuture.java:2118)
	at org.eclipse.lsp4e.operations.codelens.CodeLensProvider.lambda$2(CodeLensProvider.java:44)
	at java.base/java.util.stream.ReferencePipeline$3$1.accept(ReferencePipeline.java:195)
	at java.base/java.util.ArrayList$ArrayListSpliterator.forEachRemaining(ArrayList.java:1655)
	at java.base/java.util.stream.AbstractPipeline.copyInto(AbstractPipeline.java:484)
	at java.base/java.util.stream.AbstractPipeline.wrapAndCopyInto(AbstractPipeline.java:474)
	at java.base/java.util.stream.AbstractPipeline.evaluate(AbstractPipeline.java:550)
	at java.base/java.util.stream.AbstractPipeline.evaluateToArrayNode(AbstractPipeline.java:260)
	at java.base/java.util.stream.ReferencePipeline.toArray(ReferencePipeline.java:517)
	at org.eclipse.lsp4e.operations.codelens.CodeLensProvider.lambda$1(CodeLensProvider.java:52)
	at java.base/java.util.concurrent.CompletableFuture$UniCompose.tryFire(CompletableFuture.java:1072)
	at java.base/java.util.concurrent.CompletableFuture$Completion.exec(CompletableFuture.java:479)
	at java.base/java.util.concurrent.ForkJoinTask.doExec(ForkJoinTask.java:290)
	at java.base/java.util.concurrent.ForkJoinPool$WorkQueue.topLevelExec(ForkJoinPool.java:1020)
	at java.base/java.util.concurrent.ForkJoinPool.scan(ForkJoinPool.java:1656)
	at java.base/java.util.concurrent.ForkJoinPool.runWorker(ForkJoinPool.java:1594)
	at java.base/java.util.concurrent.ForkJoinWorkerThread.run(ForkJoinWorkerThread.java:183)
Caused by: org.eclipse.lsp4j.jsonrpc.JsonRpcException: java.io.IOException: 파이프가 닫히는 중입니다
	at org.eclipse.lsp4j.jsonrpc.json.StreamMessageConsumer.consume(StreamMessageConsumer.java:72)
	at org.eclipse.lsp4e.LanguageServerWrapper.lambda$4(LanguageServerWrapper.java:260)
	at org.eclipse.lsp4j.jsonrpc.RemoteEndpoint.request(RemoteEndpoint.java:161)
	at org.eclipse.lsp4j.jsonrpc.services.EndpointProxy.invoke(EndpointProxy.java:91)
	at com.sun.proxy.$Proxy66.codeLens(Unknown Source)
	at org.eclipse.lsp4e.operations.codelens.CodeLensProvider.lambda$2(CodeLensProvider.java:43)
	... 15 more
Caused by: java.io.IOException: 파이프가 닫히는 중입니다
	at java.base/java.io.FileOutputStream.writeBytes(Native Method)
	at java.base/java.io.FileOutputStream.write(FileOutputStream.java:354)
	at java.base/java.io.BufferedOutputStream.flushBuffer(BufferedOutputStream.java:81)
	at java.base/java.io.BufferedOutputStream.flush(BufferedOutputStream.java:142)
	at org.eclipse.lsp4j.jsonrpc.json.StreamMessageConsumer.consume(StreamMessageConsumer.java:69)
	... 20 more

!ENTRY org.eclipse.jface.text 4 0 2025-06-20 15:22:41.786
!MESSAGE org.eclipse.lsp4j.jsonrpc.JsonRpcException: java.io.IOException: 파이프가 닫히는 중입니다
!STACK 0
java.util.concurrent.CompletionException: org.eclipse.lsp4j.jsonrpc.JsonRpcException: java.io.IOException: 파이프가 닫히는 중입니다
	at java.base/java.util.concurrent.CompletableFuture.encodeThrowable(CompletableFuture.java:331)
	at java.base/java.util.concurrent.CompletableFuture.uniAcceptNow(CompletableFuture.java:743)
	at java.base/java.util.concurrent.CompletableFuture.uniAcceptStage(CompletableFuture.java:731)
	at java.base/java.util.concurrent.CompletableFuture.thenAcceptAsync(CompletableFuture.java:2118)
	at org.eclipse.lsp4e.operations.codelens.CodeLensProvider.lambda$2(CodeLensProvider.java:44)
	at java.base/java.util.stream.ReferencePipeline$3$1.accept(ReferencePipeline.java:195)
	at java.base/java.util.ArrayList$ArrayListSpliterator.forEachRemaining(ArrayList.java:1655)
	at java.base/java.util.stream.AbstractPipeline.copyInto(AbstractPipeline.java:484)
	at java.base/java.util.stream.AbstractPipeline.wrapAndCopyInto(AbstractPipeline.java:474)
	at java.base/java.util.stream.AbstractPipeline.evaluate(AbstractPipeline.java:550)
	at java.base/java.util.stream.AbstractPipeline.evaluateToArrayNode(AbstractPipeline.java:260)
	at java.base/java.util.stream.ReferencePipeline.toArray(ReferencePipeline.java:517)
	at org.eclipse.lsp4e.operations.codelens.CodeLensProvider.lambda$1(CodeLensProvider.java:52)
	at java.base/java.util.concurrent.CompletableFuture$UniCompose.tryFire(CompletableFuture.java:1072)
	at java.base/java.util.concurrent.CompletableFuture$Completion.exec(CompletableFuture.java:479)
	at java.base/java.util.concurrent.ForkJoinTask.doExec(ForkJoinTask.java:290)
	at java.base/java.util.concurrent.ForkJoinPool$WorkQueue.topLevelExec(ForkJoinPool.java:1020)
	at java.base/java.util.concurrent.ForkJoinPool.scan(ForkJoinPool.java:1656)
	at java.base/java.util.concurrent.ForkJoinPool.runWorker(ForkJoinPool.java:1594)
	at java.base/java.util.concurrent.ForkJoinWorkerThread.run(ForkJoinWorkerThread.java:183)
Caused by: org.eclipse.lsp4j.jsonrpc.JsonRpcException: java.io.IOException: 파이프가 닫히는 중입니다
	at org.eclipse.lsp4j.jsonrpc.json.StreamMessageConsumer.consume(StreamMessageConsumer.java:72)
	at org.eclipse.lsp4e.LanguageServerWrapper.lambda$4(LanguageServerWrapper.java:260)
	at org.eclipse.lsp4j.jsonrpc.RemoteEndpoint.request(RemoteEndpoint.java:161)
	at org.eclipse.lsp4j.jsonrpc.services.EndpointProxy.invoke(EndpointProxy.java:91)
	at com.sun.proxy.$Proxy66.codeLens(Unknown Source)
	at org.eclipse.lsp4e.operations.codelens.CodeLensProvider.lambda$2(CodeLensProvider.java:43)
	... 15 more
Caused by: java.io.IOException: 파이프가 닫히는 중입니다
	at java.base/java.io.FileOutputStream.writeBytes(Native Method)
	at java.base/java.io.FileOutputStream.write(FileOutputStream.java:354)
	at java.base/java.io.BufferedOutputStream.flushBuffer(BufferedOutputStream.java:81)
	at java.base/java.io.BufferedOutputStream.flush(BufferedOutputStream.java:142)
	at org.eclipse.lsp4j.jsonrpc.json.StreamMessageConsumer.consume(StreamMessageConsumer.java:69)
	... 20 more

!ENTRY org.springframework.tooling.ls.eclipse.commons 1 0 2025-06-20 15:22:41.815
!MESSAGE ClasspathListenerHandler addClasspathListener sts4.classpath.OcuSRymWisBatched = true

!ENTRY org.springframework.tooling.ls.eclipse.commons 1 0 2025-06-20 15:22:41.816
!MESSAGE Setting up ClasspathListenerManager

!ENTRY org.springframework.tooling.ls.eclipse.commons 1 0 2025-06-20 15:22:41.816
!MESSAGE Scheduling initial event for all projects ...

!ENTRY org.springframework.tooling.ls.eclipse.commons 1 0 2025-06-20 15:22:41.816
!MESSAGE Scheduling initial event for all projects DONE

!ENTRY org.springframework.tooling.ls.eclipse.commons 1 0 2025-06-20 15:22:41.816
!MESSAGE exists = true open = true => deleted = false

!ENTRY org.springframework.tooling.ls.eclipse.commons 1 0 2025-06-20 15:22:41.816
!MESSAGE ClasspathListenerHandler addClasspathListener sts4.classpath.OcuSRymW => OK

!ENTRY org.springframework.tooling.ls.eclipse.commons 1 0 2025-06-20 15:22:41.818
!MESSAGE classpath=57 entries

!ENTRY org.springframework.tooling.ls.eclipse.commons 1 0 2025-06-20 15:22:41.819
!MESSAGE buffering callback sts4.classpath.OcuSRymW ServiceExam false 57

!ENTRY org.springframework.tooling.ls.eclipse.commons 1 0 2025-06-20 15:22:41.819
!MESSAGE executing callback sts4.classpath.OcuSRymW 1 batched events

!ENTRY org.springframework.tooling.ls.eclipse.commons 1 0 2025-06-20 15:22:42.018
!MESSAGE executing callback sts4.classpath.OcuSRymW SUCCESS [done]

!ENTRY org.eclipse.lsp4e 4 0 2025-06-20 15:22:42.019
!MESSAGE org.eclipse.lsp4j.jsonrpc.JsonRpcException: java.io.IOException: 파이프가 닫히는 중입니다
!STACK 0
java.util.concurrent.ExecutionException: org.eclipse.lsp4j.jsonrpc.JsonRpcException: java.io.IOException: 파이프가 닫히는 중입니다
	at java.base/java.util.concurrent.CompletableFuture.reportGet(CompletableFuture.java:395)
	at java.base/java.util.concurrent.CompletableFuture.get(CompletableFuture.java:2028)
	at org.eclipse.lsp4e.LanguageServerWrapper.lambda$13(LanguageServerWrapper.java:425)
	at java.base/java.util.concurrent.CompletableFuture$AsyncRun.run(CompletableFuture.java:1736)
	at java.base/java.util.concurrent.CompletableFuture$AsyncRun.exec(CompletableFuture.java:1728)
	at java.base/java.util.concurrent.ForkJoinTask.doExec(ForkJoinTask.java:290)
	at java.base/java.util.concurrent.ForkJoinPool$WorkQueue.topLevelExec(ForkJoinPool.java:1020)
	at java.base/java.util.concurrent.ForkJoinPool.scan(ForkJoinPool.java:1656)
	at java.base/java.util.concurrent.ForkJoinPool.runWorker(ForkJoinPool.java:1594)
	at java.base/java.util.concurrent.ForkJoinWorkerThread.run(ForkJoinWorkerThread.java:183)
Caused by: org.eclipse.lsp4j.jsonrpc.JsonRpcException: java.io.IOException: 파이프가 닫히는 중입니다
	at org.eclipse.lsp4j.jsonrpc.json.StreamMessageConsumer.consume(StreamMessageConsumer.java:72)
	at org.eclipse.lsp4e.LanguageServerWrapper.lambda$4(LanguageServerWrapper.java:260)
	at org.eclipse.lsp4j.jsonrpc.RemoteEndpoint.request(RemoteEndpoint.java:161)
	at org.eclipse.lsp4j.jsonrpc.services.EndpointProxy.invoke(EndpointProxy.java:91)
	at com.sun.proxy.$Proxy68.shutdown(Unknown Source)
	at org.eclipse.lsp4e.LanguageServerWrapper.lambda$13(LanguageServerWrapper.java:423)
	... 7 more
Caused by: java.io.IOException: 파이프가 닫히는 중입니다
	at java.base/java.io.FileOutputStream.writeBytes(Native Method)
	at java.base/java.io.FileOutputStream.write(FileOutputStream.java:354)
	at java.base/java.io.BufferedOutputStream.flushBuffer(BufferedOutputStream.java:81)
	at java.base/java.io.BufferedOutputStream.flush(BufferedOutputStream.java:142)
	at org.eclipse.lsp4j.jsonrpc.json.StreamMessageConsumer.consume(StreamMessageConsumer.java:69)
	... 12 more

!ENTRY org.eclipse.lsp4e 4 0 2025-06-20 15:22:42.019
!MESSAGE org.eclipse.lsp4j.jsonrpc.JsonRpcException: java.io.IOException: 파이프가 닫히는 중입니다
!STACK 0
java.util.concurrent.ExecutionException: org.eclipse.lsp4j.jsonrpc.JsonRpcException: java.io.IOException: 파이프가 닫히는 중입니다
	at java.base/java.util.concurrent.CompletableFuture.reportGet(CompletableFuture.java:395)
	at java.base/java.util.concurrent.CompletableFuture.get(CompletableFuture.java:2028)
	at org.eclipse.lsp4e.LanguageServerWrapper.lambda$13(LanguageServerWrapper.java:425)
	at java.base/java.util.concurrent.CompletableFuture$AsyncRun.run(CompletableFuture.java:1736)
	at java.base/java.util.concurrent.CompletableFuture$AsyncRun.exec(CompletableFuture.java:1728)
	at java.base/java.util.concurrent.ForkJoinTask.doExec(ForkJoinTask.java:290)
	at java.base/java.util.concurrent.ForkJoinPool$WorkQueue.topLevelExec(ForkJoinPool.java:1020)
	at java.base/java.util.concurrent.ForkJoinPool.scan(ForkJoinPool.java:1656)
	at java.base/java.util.concurrent.ForkJoinPool.runWorker(ForkJoinPool.java:1594)
	at java.base/java.util.concurrent.ForkJoinWorkerThread.run(ForkJoinWorkerThread.java:183)
Caused by: org.eclipse.lsp4j.jsonrpc.JsonRpcException: java.io.IOException: 파이프가 닫히는 중입니다
	at org.eclipse.lsp4j.jsonrpc.json.StreamMessageConsumer.consume(StreamMessageConsumer.java:72)
	at org.eclipse.lsp4e.LanguageServerWrapper.lambda$4(LanguageServerWrapper.java:260)
	at org.eclipse.lsp4j.jsonrpc.RemoteEndpoint.request(RemoteEndpoint.java:161)
	at org.eclipse.lsp4j.jsonrpc.services.EndpointProxy.invoke(EndpointProxy.java:91)
	at com.sun.proxy.$Proxy68.shutdown(Unknown Source)
	at org.eclipse.lsp4e.LanguageServerWrapper.lambda$13(LanguageServerWrapper.java:423)
	... 7 more
Caused by: java.io.IOException: 파이프가 닫히는 중입니다
	at java.base/java.io.FileOutputStream.writeBytes(Native Method)
	at java.base/java.io.FileOutputStream.write(FileOutputStream.java:354)
	at java.base/java.io.BufferedOutputStream.flushBuffer(BufferedOutputStream.java:81)
	at java.base/java.io.BufferedOutputStream.flush(BufferedOutputStream.java:142)
	at org.eclipse.lsp4j.jsonrpc.json.StreamMessageConsumer.consume(StreamMessageConsumer.java:69)
	... 12 more

!ENTRY org.springframework.tooling.ls.eclipse.commons 1 0 2025-06-20 15:22:42.019
!MESSAGE Entering DelegatingStreamConnectionProvider()

!ENTRY org.springframework.tooling.ls.eclipse.commons 1 0 2025-06-20 15:22:42.019
!MESSAGE DelegatingStreamConnectionProvider classloader = org.eclipse.osgi.internal.loader.EquinoxClassLoader@580cb668[org.springframework.tooling.boot.ls:1.28.0.202109130547(id=1001)]

!ENTRY org.springframework.tooling.ls.eclipse.commons 1 0 2025-06-20 15:22:42.020
!MESSAGE SpringBootLanguageServer exists!

!ENTRY org.springframework.tooling.ls.eclipse.commons 1 0 2025-06-20 15:22:43.103
!MESSAGE Boot LS startup time from start to initialized: 1082ms

!ENTRY org.eclipse.jface.text 4 0 2025-06-20 15:22:43.134
!MESSAGE org.eclipse.lsp4j.jsonrpc.JsonRpcException: java.io.IOException: 파이프가 닫히는 중입니다
!STACK 0
java.util.concurrent.CompletionException: org.eclipse.lsp4j.jsonrpc.JsonRpcException: java.io.IOException: 파이프가 닫히는 중입니다
	at java.base/java.util.concurrent.CompletableFuture.encodeThrowable(CompletableFuture.java:331)
	at java.base/java.util.concurrent.CompletableFuture.uniAcceptNow(CompletableFuture.java:743)
	at java.base/java.util.concurrent.CompletableFuture.uniAcceptStage(CompletableFuture.java:731)
	at java.base/java.util.concurrent.CompletableFuture.thenAcceptAsync(CompletableFuture.java:2118)
	at org.eclipse.lsp4e.operations.codelens.CodeLensProvider.lambda$2(CodeLensProvider.java:44)
	at java.base/java.util.stream.ReferencePipeline$3$1.accept(ReferencePipeline.java:195)
	at java.base/java.util.ArrayList$ArrayListSpliterator.forEachRemaining(ArrayList.java:1655)
	at java.base/java.util.stream.AbstractPipeline.copyInto(AbstractPipeline.java:484)
	at java.base/java.util.stream.AbstractPipeline.wrapAndCopyInto(AbstractPipeline.java:474)
	at java.base/java.util.stream.AbstractPipeline.evaluate(AbstractPipeline.java:550)
	at java.base/java.util.stream.AbstractPipeline.evaluateToArrayNode(AbstractPipeline.java:260)
	at java.base/java.util.stream.ReferencePipeline.toArray(ReferencePipeline.java:517)
	at org.eclipse.lsp4e.operations.codelens.CodeLensProvider.lambda$1(CodeLensProvider.java:52)
	at java.base/java.util.concurrent.CompletableFuture$UniCompose.tryFire(CompletableFuture.java:1072)
	at java.base/java.util.concurrent.CompletableFuture$Completion.exec(CompletableFuture.java:479)
	at java.base/java.util.concurrent.ForkJoinTask.doExec(ForkJoinTask.java:290)
	at java.base/java.util.concurrent.ForkJoinPool$WorkQueue.topLevelExec(ForkJoinPool.java:1020)
	at java.base/java.util.concurrent.ForkJoinPool.scan(ForkJoinPool.java:1656)
	at java.base/java.util.concurrent.ForkJoinPool.runWorker(ForkJoinPool.java:1594)
	at java.base/java.util.concurrent.ForkJoinWorkerThread.run(ForkJoinWorkerThread.java:183)
Caused by: org.eclipse.lsp4j.jsonrpc.JsonRpcException: java.io.IOException: 파이프가 닫히는 중입니다
	at org.eclipse.lsp4j.jsonrpc.json.StreamMessageConsumer.consume(StreamMessageConsumer.java:72)
	at org.eclipse.lsp4e.LanguageServerWrapper.lambda$4(LanguageServerWrapper.java:260)
	at org.eclipse.lsp4j.jsonrpc.RemoteEndpoint.request(RemoteEndpoint.java:161)
	at org.eclipse.lsp4j.jsonrpc.services.EndpointProxy.invoke(EndpointProxy.java:91)
	at com.sun.proxy.$Proxy66.codeLens(Unknown Source)
	at org.eclipse.lsp4e.operations.codelens.CodeLensProvider.lambda$2(CodeLensProvider.java:43)
	... 15 more
Caused by: java.io.IOException: 파이프가 닫히는 중입니다
	at java.base/java.io.FileOutputStream.writeBytes(Native Method)
	at java.base/java.io.FileOutputStream.write(FileOutputStream.java:354)
	at java.base/java.io.BufferedOutputStream.flushBuffer(BufferedOutputStream.java:81)
	at java.base/java.io.BufferedOutputStream.flush(BufferedOutputStream.java:142)
	at org.eclipse.lsp4j.jsonrpc.json.StreamMessageConsumer.consume(StreamMessageConsumer.java:69)
	... 20 more

!ENTRY org.eclipse.jface.text 4 0 2025-06-20 15:22:43.134
!MESSAGE org.eclipse.lsp4j.jsonrpc.JsonRpcException: java.io.IOException: 파이프가 닫히는 중입니다
!STACK 0
java.util.concurrent.CompletionException: org.eclipse.lsp4j.jsonrpc.JsonRpcException: java.io.IOException: 파이프가 닫히는 중입니다
	at java.base/java.util.concurrent.CompletableFuture.encodeThrowable(CompletableFuture.java:331)
	at java.base/java.util.concurrent.CompletableFuture.uniAcceptNow(CompletableFuture.java:743)
	at java.base/java.util.concurrent.CompletableFuture.uniAcceptStage(CompletableFuture.java:731)
	at java.base/java.util.concurrent.CompletableFuture.thenAcceptAsync(CompletableFuture.java:2118)
	at org.eclipse.lsp4e.operations.codelens.CodeLensProvider.lambda$2(CodeLensProvider.java:44)
	at java.base/java.util.stream.ReferencePipeline$3$1.accept(ReferencePipeline.java:195)
	at java.base/java.util.ArrayList$ArrayListSpliterator.forEachRemaining(ArrayList.java:1655)
	at java.base/java.util.stream.AbstractPipeline.copyInto(AbstractPipeline.java:484)
	at java.base/java.util.stream.AbstractPipeline.wrapAndCopyInto(AbstractPipeline.java:474)
	at java.base/java.util.stream.AbstractPipeline.evaluate(AbstractPipeline.java:550)
	at java.base/java.util.stream.AbstractPipeline.evaluateToArrayNode(AbstractPipeline.java:260)
	at java.base/java.util.stream.ReferencePipeline.toArray(ReferencePipeline.java:517)
	at org.eclipse.lsp4e.operations.codelens.CodeLensProvider.lambda$1(CodeLensProvider.java:52)
	at java.base/java.util.concurrent.CompletableFuture$UniCompose.tryFire(CompletableFuture.java:1072)
	at java.base/java.util.concurrent.CompletableFuture$Completion.exec(CompletableFuture.java:479)
	at java.base/java.util.concurrent.ForkJoinTask.doExec(ForkJoinTask.java:290)
	at java.base/java.util.concurrent.ForkJoinPool$WorkQueue.topLevelExec(ForkJoinPool.java:1020)
	at java.base/java.util.concurrent.ForkJoinPool.scan(ForkJoinPool.java:1656)
	at java.base/java.util.concurrent.ForkJoinPool.runWorker(ForkJoinPool.java:1594)
	at java.base/java.util.concurrent.ForkJoinWorkerThread.run(ForkJoinWorkerThread.java:183)
Caused by: org.eclipse.lsp4j.jsonrpc.JsonRpcException: java.io.IOException: 파이프가 닫히는 중입니다
	at org.eclipse.lsp4j.jsonrpc.json.StreamMessageConsumer.consume(StreamMessageConsumer.java:72)
	at org.eclipse.lsp4e.LanguageServerWrapper.lambda$4(LanguageServerWrapper.java:260)
	at org.eclipse.lsp4j.jsonrpc.RemoteEndpoint.request(RemoteEndpoint.java:161)
	at org.eclipse.lsp4j.jsonrpc.services.EndpointProxy.invoke(EndpointProxy.java:91)
	at com.sun.proxy.$Proxy66.codeLens(Unknown Source)
	at org.eclipse.lsp4e.operations.codelens.CodeLensProvider.lambda$2(CodeLensProvider.java:43)
	... 15 more
Caused by: java.io.IOException: 파이프가 닫히는 중입니다
	at java.base/java.io.FileOutputStream.writeBytes(Native Method)
	at java.base/java.io.FileOutputStream.write(FileOutputStream.java:354)
	at java.base/java.io.BufferedOutputStream.flushBuffer(BufferedOutputStream.java:81)
	at java.base/java.io.BufferedOutputStream.flush(BufferedOutputStream.java:142)
	at org.eclipse.lsp4j.jsonrpc.json.StreamMessageConsumer.consume(StreamMessageConsumer.java:69)
	... 20 more

!ENTRY org.eclipse.jface.text 4 0 2025-06-20 15:22:43.135
!MESSAGE org.eclipse.lsp4j.jsonrpc.JsonRpcException: java.io.IOException: 파이프가 닫히는 중입니다
!STACK 0
java.util.concurrent.CompletionException: org.eclipse.lsp4j.jsonrpc.JsonRpcException: java.io.IOException: 파이프가 닫히는 중입니다
	at java.base/java.util.concurrent.CompletableFuture.encodeThrowable(CompletableFuture.java:331)
	at java.base/java.util.concurrent.CompletableFuture.uniAcceptNow(CompletableFuture.java:743)
	at java.base/java.util.concurrent.CompletableFuture.uniAcceptStage(CompletableFuture.java:731)
	at java.base/java.util.concurrent.CompletableFuture.thenAcceptAsync(CompletableFuture.java:2118)
	at org.eclipse.lsp4e.operations.codelens.CodeLensProvider.lambda$2(CodeLensProvider.java:44)
	at java.base/java.util.stream.ReferencePipeline$3$1.accept(ReferencePipeline.java:195)
	at java.base/java.util.ArrayList$ArrayListSpliterator.forEachRemaining(ArrayList.java:1655)
	at java.base/java.util.stream.AbstractPipeline.copyInto(AbstractPipeline.java:484)
	at java.base/java.util.stream.AbstractPipeline.wrapAndCopyInto(AbstractPipeline.java:474)
	at java.base/java.util.stream.AbstractPipeline.evaluate(AbstractPipeline.java:550)
	at java.base/java.util.stream.AbstractPipeline.evaluateToArrayNode(AbstractPipeline.java:260)
	at java.base/java.util.stream.ReferencePipeline.toArray(ReferencePipeline.java:517)
	at org.eclipse.lsp4e.operations.codelens.CodeLensProvider.lambda$1(CodeLensProvider.java:52)
	at java.base/java.util.concurrent.CompletableFuture$UniCompose.tryFire(CompletableFuture.java:1072)
	at java.base/java.util.concurrent.CompletableFuture$Completion.exec(CompletableFuture.java:479)
	at java.base/java.util.concurrent.ForkJoinTask.doExec(ForkJoinTask.java:290)
	at java.base/java.util.concurrent.ForkJoinPool$WorkQueue.topLevelExec(ForkJoinPool.java:1020)
	at java.base/java.util.concurrent.ForkJoinPool.scan(ForkJoinPool.java:1656)
	at java.base/java.util.concurrent.ForkJoinPool.runWorker(ForkJoinPool.java:1594)
	at java.base/java.util.concurrent.ForkJoinWorkerThread.run(ForkJoinWorkerThread.java:183)
Caused by: org.eclipse.lsp4j.jsonrpc.JsonRpcException: java.io.IOException: 파이프가 닫히는 중입니다
	at org.eclipse.lsp4j.jsonrpc.json.StreamMessageConsumer.consume(StreamMessageConsumer.java:72)
	at org.eclipse.lsp4e.LanguageServerWrapper.lambda$4(LanguageServerWrapper.java:260)
	at org.eclipse.lsp4j.jsonrpc.RemoteEndpoint.request(RemoteEndpoint.java:161)
	at org.eclipse.lsp4j.jsonrpc.services.EndpointProxy.invoke(EndpointProxy.java:91)
	at com.sun.proxy.$Proxy66.codeLens(Unknown Source)
	at org.eclipse.lsp4e.operations.codelens.CodeLensProvider.lambda$2(CodeLensProvider.java:43)
	... 15 more
Caused by: java.io.IOException: 파이프가 닫히는 중입니다
	at java.base/java.io.FileOutputStream.writeBytes(Native Method)
	at java.base/java.io.FileOutputStream.write(FileOutputStream.java:354)
	at java.base/java.io.BufferedOutputStream.flushBuffer(BufferedOutputStream.java:81)
	at java.base/java.io.BufferedOutputStream.flush(BufferedOutputStream.java:142)
	at org.eclipse.lsp4j.jsonrpc.json.StreamMessageConsumer.consume(StreamMessageConsumer.java:69)
	... 20 more

!ENTRY org.eclipse.jface.text 4 0 2025-06-20 15:22:43.136
!MESSAGE org.eclipse.lsp4j.jsonrpc.JsonRpcException: java.io.IOException: 파이프가 닫히는 중입니다
!STACK 0
java.util.concurrent.CompletionException: org.eclipse.lsp4j.jsonrpc.JsonRpcException: java.io.IOException: 파이프가 닫히는 중입니다
	at java.base/java.util.concurrent.CompletableFuture.encodeThrowable(CompletableFuture.java:331)
	at java.base/java.util.concurrent.CompletableFuture.uniAcceptNow(CompletableFuture.java:743)
	at java.base/java.util.concurrent.CompletableFuture.uniAcceptStage(CompletableFuture.java:731)
	at java.base/java.util.concurrent.CompletableFuture.thenAcceptAsync(CompletableFuture.java:2118)
	at org.eclipse.lsp4e.operations.codelens.CodeLensProvider.lambda$2(CodeLensProvider.java:44)
	at java.base/java.util.stream.ReferencePipeline$3$1.accept(ReferencePipeline.java:195)
	at java.base/java.util.ArrayList$ArrayListSpliterator.forEachRemaining(ArrayList.java:1655)
	at java.base/java.util.stream.AbstractPipeline.copyInto(AbstractPipeline.java:484)
	at java.base/java.util.stream.AbstractPipeline.wrapAndCopyInto(AbstractPipeline.java:474)
	at java.base/java.util.stream.AbstractPipeline.evaluate(AbstractPipeline.java:550)
	at java.base/java.util.stream.AbstractPipeline.evaluateToArrayNode(AbstractPipeline.java:260)
	at java.base/java.util.stream.ReferencePipeline.toArray(ReferencePipeline.java:517)
	at org.eclipse.lsp4e.operations.codelens.CodeLensProvider.lambda$1(CodeLensProvider.java:52)
	at java.base/java.util.concurrent.CompletableFuture$UniCompose.tryFire(CompletableFuture.java:1072)
	at java.base/java.util.concurrent.CompletableFuture$Completion.exec(CompletableFuture.java:479)
	at java.base/java.util.concurrent.ForkJoinTask.doExec(ForkJoinTask.java:290)
	at java.base/java.util.concurrent.ForkJoinPool$WorkQueue.topLevelExec(ForkJoinPool.java:1020)
	at java.base/java.util.concurrent.ForkJoinPool.scan(ForkJoinPool.java:1656)
	at java.base/java.util.concurrent.ForkJoinPool.runWorker(ForkJoinPool.java:1594)
	at java.base/java.util.concurrent.ForkJoinWorkerThread.run(ForkJoinWorkerThread.java:183)
Caused by: org.eclipse.lsp4j.jsonrpc.JsonRpcException: java.io.IOException: 파이프가 닫히는 중입니다
	at org.eclipse.lsp4j.jsonrpc.json.StreamMessageConsumer.consume(StreamMessageConsumer.java:72)
	at org.eclipse.lsp4e.LanguageServerWrapper.lambda$4(LanguageServerWrapper.java:260)
	at org.eclipse.lsp4j.jsonrpc.RemoteEndpoint.request(RemoteEndpoint.java:161)
	at org.eclipse.lsp4j.jsonrpc.services.EndpointProxy.invoke(EndpointProxy.java:91)
	at com.sun.proxy.$Proxy66.codeLens(Unknown Source)
	at org.eclipse.lsp4e.operations.codelens.CodeLensProvider.lambda$2(CodeLensProvider.java:43)
	... 15 more
Caused by: java.io.IOException: 파이프가 닫히는 중입니다
	at java.base/java.io.FileOutputStream.writeBytes(Native Method)
	at java.base/java.io.FileOutputStream.write(FileOutputStream.java:354)
	at java.base/java.io.BufferedOutputStream.flushBuffer(BufferedOutputStream.java:81)
	at java.base/java.io.BufferedOutputStream.flush(BufferedOutputStream.java:142)
	at org.eclipse.lsp4j.jsonrpc.json.StreamMessageConsumer.consume(StreamMessageConsumer.java:69)
	... 20 more

!ENTRY org.springframework.tooling.ls.eclipse.commons 1 0 2025-06-20 15:22:43.163
!MESSAGE ClasspathListenerHandler addClasspathListener sts4.classpath.KqymsREzisBatched = true

!ENTRY org.springframework.tooling.ls.eclipse.commons 1 0 2025-06-20 15:22:43.163
!MESSAGE Setting up ClasspathListenerManager

!ENTRY org.springframework.tooling.ls.eclipse.commons 1 0 2025-06-20 15:22:43.163
!MESSAGE Scheduling initial event for all projects ...

!ENTRY org.springframework.tooling.ls.eclipse.commons 1 0 2025-06-20 15:22:43.163
!MESSAGE Scheduling initial event for all projects DONE

!ENTRY org.springframework.tooling.ls.eclipse.commons 1 0 2025-06-20 15:22:43.163
!MESSAGE exists = true open = true => deleted = false

!ENTRY org.springframework.tooling.ls.eclipse.commons 1 0 2025-06-20 15:22:43.164
!MESSAGE ClasspathListenerHandler addClasspathListener sts4.classpath.KqymsREz => OK

!ENTRY org.springframework.tooling.ls.eclipse.commons 1 0 2025-06-20 15:22:43.164
!MESSAGE classpath=57 entries

!ENTRY org.springframework.tooling.ls.eclipse.commons 1 0 2025-06-20 15:22:43.165
!MESSAGE buffering callback sts4.classpath.KqymsREz ServiceExam false 57

!ENTRY org.springframework.tooling.ls.eclipse.commons 1 0 2025-06-20 15:22:43.165
!MESSAGE executing callback sts4.classpath.KqymsREz 1 batched events

!ENTRY org.springframework.tooling.ls.eclipse.commons 1 0 2025-06-20 15:22:43.386
!MESSAGE executing callback sts4.classpath.KqymsREz SUCCESS [done]

!ENTRY org.eclipse.lsp4e 4 0 2025-06-20 15:22:43.387
!MESSAGE org.eclipse.lsp4j.jsonrpc.JsonRpcException: java.io.IOException: 파이프가 닫히는 중입니다
!STACK 0
java.util.concurrent.ExecutionException: org.eclipse.lsp4j.jsonrpc.JsonRpcException: java.io.IOException: 파이프가 닫히는 중입니다
	at java.base/java.util.concurrent.CompletableFuture.reportGet(CompletableFuture.java:395)
	at java.base/java.util.concurrent.CompletableFuture.get(CompletableFuture.java:2028)
	at org.eclipse.lsp4e.LanguageServerWrapper.lambda$13(LanguageServerWrapper.java:425)
	at java.base/java.util.concurrent.CompletableFuture$AsyncRun.run(CompletableFuture.java:1736)
	at java.base/java.util.concurrent.CompletableFuture$AsyncRun.exec(CompletableFuture.java:1728)
	at java.base/java.util.concurrent.ForkJoinTask.doExec(ForkJoinTask.java:290)
	at java.base/java.util.concurrent.ForkJoinPool$WorkQueue.topLevelExec(ForkJoinPool.java:1020)
	at java.base/java.util.concurrent.ForkJoinPool.scan(ForkJoinPool.java:1656)
	at java.base/java.util.concurrent.ForkJoinPool.runWorker(ForkJoinPool.java:1594)
	at java.base/java.util.concurrent.ForkJoinWorkerThread.run(ForkJoinWorkerThread.java:183)
Caused by: org.eclipse.lsp4j.jsonrpc.JsonRpcException: java.io.IOException: 파이프가 닫히는 중입니다
	at org.eclipse.lsp4j.jsonrpc.json.StreamMessageConsumer.consume(StreamMessageConsumer.java:72)
	at org.eclipse.lsp4e.LanguageServerWrapper.lambda$4(LanguageServerWrapper.java:260)
	at org.eclipse.lsp4j.jsonrpc.RemoteEndpoint.request(RemoteEndpoint.java:161)
	at org.eclipse.lsp4j.jsonrpc.services.EndpointProxy.invoke(EndpointProxy.java:91)
	at com.sun.proxy.$Proxy68.shutdown(Unknown Source)
	at org.eclipse.lsp4e.LanguageServerWrapper.lambda$13(LanguageServerWrapper.java:423)
	... 7 more
Caused by: java.io.IOException: 파이프가 닫히는 중입니다
	at java.base/java.io.FileOutputStream.writeBytes(Native Method)
	at java.base/java.io.FileOutputStream.write(FileOutputStream.java:354)
	at java.base/java.io.BufferedOutputStream.flushBuffer(BufferedOutputStream.java:81)
	at java.base/java.io.BufferedOutputStream.flush(BufferedOutputStream.java:142)
	at org.eclipse.lsp4j.jsonrpc.json.StreamMessageConsumer.consume(StreamMessageConsumer.java:69)
	... 12 more

!ENTRY org.eclipse.lsp4e 4 0 2025-06-20 15:22:43.387
!MESSAGE org.eclipse.lsp4j.jsonrpc.JsonRpcException: java.io.IOException: 파이프가 닫히는 중입니다
!STACK 0
java.util.concurrent.ExecutionException: org.eclipse.lsp4j.jsonrpc.JsonRpcException: java.io.IOException: 파이프가 닫히는 중입니다
	at java.base/java.util.concurrent.CompletableFuture.reportGet(CompletableFuture.java:395)
	at java.base/java.util.concurrent.CompletableFuture.get(CompletableFuture.java:2028)
	at org.eclipse.lsp4e.LanguageServerWrapper.lambda$13(LanguageServerWrapper.java:425)
	at java.base/java.util.concurrent.CompletableFuture$AsyncRun.run(CompletableFuture.java:1736)
	at java.base/java.util.concurrent.CompletableFuture$AsyncRun.exec(CompletableFuture.java:1728)
	at java.base/java.util.concurrent.ForkJoinTask.doExec(ForkJoinTask.java:290)
	at java.base/java.util.concurrent.ForkJoinPool$WorkQueue.topLevelExec(ForkJoinPool.java:1020)
	at java.base/java.util.concurrent.ForkJoinPool.scan(ForkJoinPool.java:1656)
	at java.base/java.util.concurrent.ForkJoinPool.runWorker(ForkJoinPool.java:1594)
	at java.base/java.util.concurrent.ForkJoinWorkerThread.run(ForkJoinWorkerThread.java:183)
Caused by: org.eclipse.lsp4j.jsonrpc.JsonRpcException: java.io.IOException: 파이프가 닫히는 중입니다
	at org.eclipse.lsp4j.jsonrpc.json.StreamMessageConsumer.consume(StreamMessageConsumer.java:72)
	at org.eclipse.lsp4e.LanguageServerWrapper.lambda$4(LanguageServerWrapper.java:260)
	at org.eclipse.lsp4j.jsonrpc.RemoteEndpoint.request(RemoteEndpoint.java:161)
	at org.eclipse.lsp4j.jsonrpc.services.EndpointProxy.invoke(EndpointProxy.java:91)
	at com.sun.proxy.$Proxy68.shutdown(Unknown Source)
	at org.eclipse.lsp4e.LanguageServerWrapper.lambda$13(LanguageServerWrapper.java:423)
	... 7 more
Caused by: java.io.IOException: 파이프가 닫히는 중입니다
	at java.base/java.io.FileOutputStream.writeBytes(Native Method)
	at java.base/java.io.FileOutputStream.write(FileOutputStream.java:354)
	at java.base/java.io.BufferedOutputStream.flushBuffer(BufferedOutputStream.java:81)
	at java.base/java.io.BufferedOutputStream.flush(BufferedOutputStream.java:142)
	at org.eclipse.lsp4j.jsonrpc.json.StreamMessageConsumer.consume(StreamMessageConsumer.java:69)
	... 12 more

!ENTRY org.springframework.tooling.ls.eclipse.commons 1 0 2025-06-20 15:22:43.387
!MESSAGE Entering DelegatingStreamConnectionProvider()

!ENTRY org.springframework.tooling.ls.eclipse.commons 1 0 2025-06-20 15:22:43.388
!MESSAGE DelegatingStreamConnectionProvider classloader = org.eclipse.osgi.internal.loader.EquinoxClassLoader@580cb668[org.springframework.tooling.boot.ls:1.28.0.202109130547(id=1001)]

!ENTRY org.springframework.tooling.ls.eclipse.commons 1 0 2025-06-20 15:22:43.388
!MESSAGE SpringBootLanguageServer exists!

!ENTRY org.springframework.tooling.ls.eclipse.commons 1 0 2025-06-20 15:22:44.465
!MESSAGE Boot LS startup time from start to initialized: 1077ms

!ENTRY org.eclipse.jface.text 4 0 2025-06-20 15:22:44.495
!MESSAGE org.eclipse.lsp4j.jsonrpc.JsonRpcException: java.io.IOException: 파이프가 닫히는 중입니다
!STACK 0
java.util.concurrent.CompletionException: org.eclipse.lsp4j.jsonrpc.JsonRpcException: java.io.IOException: 파이프가 닫히는 중입니다
	at java.base/java.util.concurrent.CompletableFuture.encodeThrowable(CompletableFuture.java:331)
	at java.base/java.util.concurrent.CompletableFuture.uniAcceptNow(CompletableFuture.java:743)
	at java.base/java.util.concurrent.CompletableFuture.uniAcceptStage(CompletableFuture.java:731)
	at java.base/java.util.concurrent.CompletableFuture.thenAcceptAsync(CompletableFuture.java:2118)
	at org.eclipse.lsp4e.operations.codelens.CodeLensProvider.lambda$2(CodeLensProvider.java:44)
	at java.base/java.util.stream.ReferencePipeline$3$1.accept(ReferencePipeline.java:195)
	at java.base/java.util.ArrayList$ArrayListSpliterator.forEachRemaining(ArrayList.java:1655)
	at java.base/java.util.stream.AbstractPipeline.copyInto(AbstractPipeline.java:484)
	at java.base/java.util.stream.AbstractPipeline.wrapAndCopyInto(AbstractPipeline.java:474)
	at java.base/java.util.stream.AbstractPipeline.evaluate(AbstractPipeline.java:550)
	at java.base/java.util.stream.AbstractPipeline.evaluateToArrayNode(AbstractPipeline.java:260)
	at java.base/java.util.stream.ReferencePipeline.toArray(ReferencePipeline.java:517)
	at org.eclipse.lsp4e.operations.codelens.CodeLensProvider.lambda$1(CodeLensProvider.java:52)
	at java.base/java.util.concurrent.CompletableFuture$UniCompose.tryFire(CompletableFuture.java:1072)
	at java.base/java.util.concurrent.CompletableFuture$Completion.exec(CompletableFuture.java:479)
	at java.base/java.util.concurrent.ForkJoinTask.doExec(ForkJoinTask.java:290)
	at java.base/java.util.concurrent.ForkJoinPool$WorkQueue.topLevelExec(ForkJoinPool.java:1020)
	at java.base/java.util.concurrent.ForkJoinPool.scan(ForkJoinPool.java:1656)
	at java.base/java.util.concurrent.ForkJoinPool.runWorker(ForkJoinPool.java:1594)
	at java.base/java.util.concurrent.ForkJoinWorkerThread.run(ForkJoinWorkerThread.java:183)
Caused by: org.eclipse.lsp4j.jsonrpc.JsonRpcException: java.io.IOException: 파이프가 닫히는 중입니다
	at org.eclipse.lsp4j.jsonrpc.json.StreamMessageConsumer.consume(StreamMessageConsumer.java:72)
	at org.eclipse.lsp4e.LanguageServerWrapper.lambda$4(LanguageServerWrapper.java:260)
	at org.eclipse.lsp4j.jsonrpc.RemoteEndpoint.request(RemoteEndpoint.java:161)
	at org.eclipse.lsp4j.jsonrpc.services.EndpointProxy.invoke(EndpointProxy.java:91)
	at com.sun.proxy.$Proxy66.codeLens(Unknown Source)
	at org.eclipse.lsp4e.operations.codelens.CodeLensProvider.lambda$2(CodeLensProvider.java:43)
	... 15 more
Caused by: java.io.IOException: 파이프가 닫히는 중입니다
	at java.base/java.io.FileOutputStream.writeBytes(Native Method)
	at java.base/java.io.FileOutputStream.write(FileOutputStream.java:354)
	at java.base/java.io.BufferedOutputStream.flushBuffer(BufferedOutputStream.java:81)
	at java.base/java.io.BufferedOutputStream.flush(BufferedOutputStream.java:142)
	at org.eclipse.lsp4j.jsonrpc.json.StreamMessageConsumer.consume(StreamMessageConsumer.java:69)
	... 20 more

!ENTRY org.eclipse.jface.text 4 0 2025-06-20 15:22:44.496
!MESSAGE org.eclipse.lsp4j.jsonrpc.JsonRpcException: java.io.IOException: 파이프가 닫히는 중입니다
!STACK 0
java.util.concurrent.CompletionException: org.eclipse.lsp4j.jsonrpc.JsonRpcException: java.io.IOException: 파이프가 닫히는 중입니다
	at java.base/java.util.concurrent.CompletableFuture.encodeThrowable(CompletableFuture.java:331)
	at java.base/java.util.concurrent.CompletableFuture.uniAcceptNow(CompletableFuture.java:743)
	at java.base/java.util.concurrent.CompletableFuture.uniAcceptStage(CompletableFuture.java:731)
	at java.base/java.util.concurrent.CompletableFuture.thenAcceptAsync(CompletableFuture.java:2118)
	at org.eclipse.lsp4e.operations.codelens.CodeLensProvider.lambda$2(CodeLensProvider.java:44)
	at java.base/java.util.stream.ReferencePipeline$3$1.accept(ReferencePipeline.java:195)
	at java.base/java.util.ArrayList$ArrayListSpliterator.forEachRemaining(ArrayList.java:1655)
	at java.base/java.util.stream.AbstractPipeline.copyInto(AbstractPipeline.java:484)
	at java.base/java.util.stream.AbstractPipeline.wrapAndCopyInto(AbstractPipeline.java:474)
	at java.base/java.util.stream.AbstractPipeline.evaluate(AbstractPipeline.java:550)
	at java.base/java.util.stream.AbstractPipeline.evaluateToArrayNode(AbstractPipeline.java:260)
	at java.base/java.util.stream.ReferencePipeline.toArray(ReferencePipeline.java:517)
	at org.eclipse.lsp4e.operations.codelens.CodeLensProvider.lambda$1(CodeLensProvider.java:52)
	at java.base/java.util.concurrent.CompletableFuture$UniCompose.tryFire(CompletableFuture.java:1072)
	at java.base/java.util.concurrent.CompletableFuture$Completion.exec(CompletableFuture.java:479)
	at java.base/java.util.concurrent.ForkJoinTask.doExec(ForkJoinTask.java:290)
	at java.base/java.util.concurrent.ForkJoinPool$WorkQueue.topLevelExec(ForkJoinPool.java:1020)
	at java.base/java.util.concurrent.ForkJoinPool.scan(ForkJoinPool.java:1656)
	at java.base/java.util.concurrent.ForkJoinPool.runWorker(ForkJoinPool.java:1594)
	at java.base/java.util.concurrent.ForkJoinWorkerThread.run(ForkJoinWorkerThread.java:183)
Caused by: org.eclipse.lsp4j.jsonrpc.JsonRpcException: java.io.IOException: 파이프가 닫히는 중입니다
	at org.eclipse.lsp4j.jsonrpc.json.StreamMessageConsumer.consume(StreamMessageConsumer.java:72)
	at org.eclipse.lsp4e.LanguageServerWrapper.lambda$4(LanguageServerWrapper.java:260)
	at org.eclipse.lsp4j.jsonrpc.RemoteEndpoint.request(RemoteEndpoint.java:161)
	at org.eclipse.lsp4j.jsonrpc.services.EndpointProxy.invoke(EndpointProxy.java:91)
	at com.sun.proxy.$Proxy66.codeLens(Unknown Source)
	at org.eclipse.lsp4e.operations.codelens.CodeLensProvider.lambda$2(CodeLensProvider.java:43)
	... 15 more
Caused by: java.io.IOException: 파이프가 닫히는 중입니다
	at java.base/java.io.FileOutputStream.writeBytes(Native Method)
	at java.base/java.io.FileOutputStream.write(FileOutputStream.java:354)
	at java.base/java.io.BufferedOutputStream.flushBuffer(BufferedOutputStream.java:81)
	at java.base/java.io.BufferedOutputStream.flush(BufferedOutputStream.java:142)
	at org.eclipse.lsp4j.jsonrpc.json.StreamMessageConsumer.consume(StreamMessageConsumer.java:69)
	... 20 more

!ENTRY org.eclipse.jface.text 4 0 2025-06-20 15:22:44.496
!MESSAGE org.eclipse.lsp4j.jsonrpc.JsonRpcException: java.io.IOException: 파이프가 닫히는 중입니다
!STACK 0
java.util.concurrent.CompletionException: org.eclipse.lsp4j.jsonrpc.JsonRpcException: java.io.IOException: 파이프가 닫히는 중입니다
	at java.base/java.util.concurrent.CompletableFuture.encodeThrowable(CompletableFuture.java:331)
	at java.base/java.util.concurrent.CompletableFuture.uniAcceptNow(CompletableFuture.java:743)
	at java.base/java.util.concurrent.CompletableFuture.uniAcceptStage(CompletableFuture.java:731)
	at java.base/java.util.concurrent.CompletableFuture.thenAcceptAsync(CompletableFuture.java:2118)
	at org.eclipse.lsp4e.operations.codelens.CodeLensProvider.lambda$2(CodeLensProvider.java:44)
	at java.base/java.util.stream.ReferencePipeline$3$1.accept(ReferencePipeline.java:195)
	at java.base/java.util.ArrayList$ArrayListSpliterator.forEachRemaining(ArrayList.java:1655)
	at java.base/java.util.stream.AbstractPipeline.copyInto(AbstractPipeline.java:484)
	at java.base/java.util.stream.AbstractPipeline.wrapAndCopyInto(AbstractPipeline.java:474)
	at java.base/java.util.stream.AbstractPipeline.evaluate(AbstractPipeline.java:550)
	at java.base/java.util.stream.AbstractPipeline.evaluateToArrayNode(AbstractPipeline.java:260)
	at java.base/java.util.stream.ReferencePipeline.toArray(ReferencePipeline.java:517)
	at org.eclipse.lsp4e.operations.codelens.CodeLensProvider.lambda$1(CodeLensProvider.java:52)
	at java.base/java.util.concurrent.CompletableFuture$UniCompose.tryFire(CompletableFuture.java:1072)
	at java.base/java.util.concurrent.CompletableFuture$Completion.exec(CompletableFuture.java:479)
	at java.base/java.util.concurrent.ForkJoinTask.doExec(ForkJoinTask.java:290)
	at java.base/java.util.concurrent.ForkJoinPool$WorkQueue.topLevelExec(ForkJoinPool.java:1020)
	at java.base/java.util.concurrent.ForkJoinPool.scan(ForkJoinPool.java:1656)
	at java.base/java.util.concurrent.ForkJoinPool.runWorker(ForkJoinPool.java:1594)
	at java.base/java.util.concurrent.ForkJoinWorkerThread.run(ForkJoinWorkerThread.java:183)
Caused by: org.eclipse.lsp4j.jsonrpc.JsonRpcException: java.io.IOException: 파이프가 닫히는 중입니다
	at org.eclipse.lsp4j.jsonrpc.json.StreamMessageConsumer.consume(StreamMessageConsumer.java:72)
	at org.eclipse.lsp4e.LanguageServerWrapper.lambda$4(LanguageServerWrapper.java:260)
	at org.eclipse.lsp4j.jsonrpc.RemoteEndpoint.request(RemoteEndpoint.java:161)
	at org.eclipse.lsp4j.jsonrpc.services.EndpointProxy.invoke(EndpointProxy.java:91)
	at com.sun.proxy.$Proxy66.codeLens(Unknown Source)
	at org.eclipse.lsp4e.operations.codelens.CodeLensProvider.lambda$2(CodeLensProvider.java:43)
	... 15 more
Caused by: java.io.IOException: 파이프가 닫히는 중입니다
	at java.base/java.io.FileOutputStream.writeBytes(Native Method)
	at java.base/java.io.FileOutputStream.write(FileOutputStream.java:354)
	at java.base/java.io.BufferedOutputStream.flushBuffer(BufferedOutputStream.java:81)
	at java.base/java.io.BufferedOutputStream.flush(BufferedOutputStream.java:142)
	at org.eclipse.lsp4j.jsonrpc.json.StreamMessageConsumer.consume(StreamMessageConsumer.java:69)
	... 20 more

!ENTRY org.eclipse.jface.text 4 0 2025-06-20 15:22:44.496
!MESSAGE org.eclipse.lsp4j.jsonrpc.JsonRpcException: java.io.IOException: 파이프가 닫히는 중입니다
!STACK 0
java.util.concurrent.CompletionException: org.eclipse.lsp4j.jsonrpc.JsonRpcException: java.io.IOException: 파이프가 닫히는 중입니다
	at java.base/java.util.concurrent.CompletableFuture.encodeThrowable(CompletableFuture.java:331)
	at java.base/java.util.concurrent.CompletableFuture.uniAcceptNow(CompletableFuture.java:743)
	at java.base/java.util.concurrent.CompletableFuture.uniAcceptStage(CompletableFuture.java:731)
	at java.base/java.util.concurrent.CompletableFuture.thenAcceptAsync(CompletableFuture.java:2118)
	at org.eclipse.lsp4e.operations.codelens.CodeLensProvider.lambda$2(CodeLensProvider.java:44)
	at java.base/java.util.stream.ReferencePipeline$3$1.accept(ReferencePipeline.java:195)
	at java.base/java.util.ArrayList$ArrayListSpliterator.forEachRemaining(ArrayList.java:1655)
	at java.base/java.util.stream.AbstractPipeline.copyInto(AbstractPipeline.java:484)
	at java.base/java.util.stream.AbstractPipeline.wrapAndCopyInto(AbstractPipeline.java:474)
	at java.base/java.util.stream.AbstractPipeline.evaluate(AbstractPipeline.java:550)
	at java.base/java.util.stream.AbstractPipeline.evaluateToArrayNode(AbstractPipeline.java:260)
	at java.base/java.util.stream.ReferencePipeline.toArray(ReferencePipeline.java:517)
	at org.eclipse.lsp4e.operations.codelens.CodeLensProvider.lambda$1(CodeLensProvider.java:52)
	at java.base/java.util.concurrent.CompletableFuture$UniCompose.tryFire(CompletableFuture.java:1072)
	at java.base/java.util.concurrent.CompletableFuture$Completion.exec(CompletableFuture.java:479)
	at java.base/java.util.concurrent.ForkJoinTask.doExec(ForkJoinTask.java:290)
	at java.base/java.util.concurrent.ForkJoinPool$WorkQueue.topLevelExec(ForkJoinPool.java:1020)
	at java.base/java.util.concurrent.ForkJoinPool.scan(ForkJoinPool.java:1656)
	at java.base/java.util.concurrent.ForkJoinPool.runWorker(ForkJoinPool.java:1594)
	at java.base/java.util.concurrent.ForkJoinWorkerThread.run(ForkJoinWorkerThread.java:183)
Caused by: org.eclipse.lsp4j.jsonrpc.JsonRpcException: java.io.IOException: 파이프가 닫히는 중입니다
	at org.eclipse.lsp4j.jsonrpc.json.StreamMessageConsumer.consume(StreamMessageConsumer.java:72)
	at org.eclipse.lsp4e.LanguageServerWrapper.lambda$4(LanguageServerWrapper.java:260)
	at org.eclipse.lsp4j.jsonrpc.RemoteEndpoint.request(RemoteEndpoint.java:161)
	at org.eclipse.lsp4j.jsonrpc.services.EndpointProxy.invoke(EndpointProxy.java:91)
	at com.sun.proxy.$Proxy66.codeLens(Unknown Source)
	at org.eclipse.lsp4e.operations.codelens.CodeLensProvider.lambda$2(CodeLensProvider.java:43)
	... 15 more
Caused by: java.io.IOException: 파이프가 닫히는 중입니다
	at java.base/java.io.FileOutputStream.writeBytes(Native Method)
	at java.base/java.io.FileOutputStream.write(FileOutputStream.java:354)
	at java.base/java.io.BufferedOutputStream.flushBuffer(BufferedOutputStream.java:81)
	at java.base/java.io.BufferedOutputStream.flush(BufferedOutputStream.java:142)
	at org.eclipse.lsp4j.jsonrpc.json.StreamMessageConsumer.consume(StreamMessageConsumer.java:69)
	... 20 more

!ENTRY org.springframework.tooling.ls.eclipse.commons 1 0 2025-06-20 15:22:44.522
!MESSAGE ClasspathListenerHandler addClasspathListener sts4.classpath.zFlnWKVgisBatched = true

!ENTRY org.springframework.tooling.ls.eclipse.commons 1 0 2025-06-20 15:22:44.524
!MESSAGE Setting up ClasspathListenerManager

!ENTRY org.springframework.tooling.ls.eclipse.commons 1 0 2025-06-20 15:22:44.524
!MESSAGE Scheduling initial event for all projects ...

!ENTRY org.springframework.tooling.ls.eclipse.commons 1 0 2025-06-20 15:22:44.524
!MESSAGE Scheduling initial event for all projects DONE

!ENTRY org.springframework.tooling.ls.eclipse.commons 1 0 2025-06-20 15:22:44.524
!MESSAGE exists = true open = true => deleted = false

!ENTRY org.springframework.tooling.ls.eclipse.commons 1 0 2025-06-20 15:22:44.524
!MESSAGE ClasspathListenerHandler addClasspathListener sts4.classpath.zFlnWKVg => OK

!ENTRY org.springframework.tooling.ls.eclipse.commons 1 0 2025-06-20 15:22:44.525
!MESSAGE classpath=57 entries

!ENTRY org.springframework.tooling.ls.eclipse.commons 1 0 2025-06-20 15:22:44.525
!MESSAGE buffering callback sts4.classpath.zFlnWKVg ServiceExam false 57

!ENTRY org.springframework.tooling.ls.eclipse.commons 1 0 2025-06-20 15:22:44.526
!MESSAGE executing callback sts4.classpath.zFlnWKVg 1 batched events

!ENTRY org.springframework.tooling.ls.eclipse.commons 1 0 2025-06-20 15:22:44.732
!MESSAGE executing callback sts4.classpath.zFlnWKVg SUCCESS [done]

!ENTRY org.eclipse.lsp4e 4 0 2025-06-20 15:22:44.734
!MESSAGE org.eclipse.lsp4j.jsonrpc.JsonRpcException: java.io.IOException: 파이프가 닫히는 중입니다
!STACK 0
java.util.concurrent.ExecutionException: org.eclipse.lsp4j.jsonrpc.JsonRpcException: java.io.IOException: 파이프가 닫히는 중입니다
	at java.base/java.util.concurrent.CompletableFuture.reportGet(CompletableFuture.java:395)
	at java.base/java.util.concurrent.CompletableFuture.get(CompletableFuture.java:2028)
	at org.eclipse.lsp4e.LanguageServerWrapper.lambda$13(LanguageServerWrapper.java:425)
	at java.base/java.util.concurrent.CompletableFuture$AsyncRun.run(CompletableFuture.java:1736)
	at java.base/java.util.concurrent.CompletableFuture$AsyncRun.exec(CompletableFuture.java:1728)
	at java.base/java.util.concurrent.ForkJoinTask.doExec(ForkJoinTask.java:290)
	at java.base/java.util.concurrent.ForkJoinPool$WorkQueue.topLevelExec(ForkJoinPool.java:1020)
	at java.base/java.util.concurrent.ForkJoinPool.scan(ForkJoinPool.java:1656)
	at java.base/java.util.concurrent.ForkJoinPool.runWorker(ForkJoinPool.java:1594)
	at java.base/java.util.concurrent.ForkJoinWorkerThread.run(ForkJoinWorkerThread.java:183)
Caused by: org.eclipse.lsp4j.jsonrpc.JsonRpcException: java.io.IOException: 파이프가 닫히는 중입니다
	at org.eclipse.lsp4j.jsonrpc.json.StreamMessageConsumer.consume(StreamMessageConsumer.java:72)
	at org.eclipse.lsp4e.LanguageServerWrapper.lambda$4(LanguageServerWrapper.java:260)
	at org.eclipse.lsp4j.jsonrpc.RemoteEndpoint.request(RemoteEndpoint.java:161)
	at org.eclipse.lsp4j.jsonrpc.services.EndpointProxy.invoke(EndpointProxy.java:91)
	at com.sun.proxy.$Proxy68.shutdown(Unknown Source)
	at org.eclipse.lsp4e.LanguageServerWrapper.lambda$13(LanguageServerWrapper.java:423)
	... 7 more
Caused by: java.io.IOException: 파이프가 닫히는 중입니다
	at java.base/java.io.FileOutputStream.writeBytes(Native Method)
	at java.base/java.io.FileOutputStream.write(FileOutputStream.java:354)
	at java.base/java.io.BufferedOutputStream.flushBuffer(BufferedOutputStream.java:81)
	at java.base/java.io.BufferedOutputStream.flush(BufferedOutputStream.java:142)
	at org.eclipse.lsp4j.jsonrpc.json.StreamMessageConsumer.consume(StreamMessageConsumer.java:69)
	... 12 more

!ENTRY org.eclipse.lsp4e 4 0 2025-06-20 15:22:44.734
!MESSAGE org.eclipse.lsp4j.jsonrpc.JsonRpcException: java.io.IOException: 파이프가 닫히는 중입니다
!STACK 0
java.util.concurrent.ExecutionException: org.eclipse.lsp4j.jsonrpc.JsonRpcException: java.io.IOException: 파이프가 닫히는 중입니다
	at java.base/java.util.concurrent.CompletableFuture.reportGet(CompletableFuture.java:395)
	at java.base/java.util.concurrent.CompletableFuture.get(CompletableFuture.java:2028)
	at org.eclipse.lsp4e.LanguageServerWrapper.lambda$13(LanguageServerWrapper.java:425)
	at java.base/java.util.concurrent.CompletableFuture$AsyncRun.run(CompletableFuture.java:1736)
	at java.base/java.util.concurrent.CompletableFuture$AsyncRun.exec(CompletableFuture.java:1728)
	at java.base/java.util.concurrent.ForkJoinTask.doExec(ForkJoinTask.java:290)
	at java.base/java.util.concurrent.ForkJoinPool$WorkQueue.topLevelExec(ForkJoinPool.java:1020)
	at java.base/java.util.concurrent.ForkJoinPool.scan(ForkJoinPool.java:1656)
	at java.base/java.util.concurrent.ForkJoinPool.runWorker(ForkJoinPool.java:1594)
	at java.base/java.util.concurrent.ForkJoinWorkerThread.run(ForkJoinWorkerThread.java:183)
Caused by: org.eclipse.lsp4j.jsonrpc.JsonRpcException: java.io.IOException: 파이프가 닫히는 중입니다
	at org.eclipse.lsp4j.jsonrpc.json.StreamMessageConsumer.consume(StreamMessageConsumer.java:72)
	at org.eclipse.lsp4e.LanguageServerWrapper.lambda$4(LanguageServerWrapper.java:260)
	at org.eclipse.lsp4j.jsonrpc.RemoteEndpoint.request(RemoteEndpoint.java:161)
	at org.eclipse.lsp4j.jsonrpc.services.EndpointProxy.invoke(EndpointProxy.java:91)
	at com.sun.proxy.$Proxy68.shutdown(Unknown Source)
	at org.eclipse.lsp4e.LanguageServerWrapper.lambda$13(LanguageServerWrapper.java:423)
	... 7 more
Caused by: java.io.IOException: 파이프가 닫히는 중입니다
	at java.base/java.io.FileOutputStream.writeBytes(Native Method)
	at java.base/java.io.FileOutputStream.write(FileOutputStream.java:354)
	at java.base/java.io.BufferedOutputStream.flushBuffer(BufferedOutputStream.java:81)
	at java.base/java.io.BufferedOutputStream.flush(BufferedOutputStream.java:142)
	at org.eclipse.lsp4j.jsonrpc.json.StreamMessageConsumer.consume(StreamMessageConsumer.java:69)
	... 12 more

!ENTRY org.springframework.tooling.ls.eclipse.commons 1 0 2025-06-20 15:22:44.734
!MESSAGE Entering DelegatingStreamConnectionProvider()

!ENTRY org.springframework.tooling.ls.eclipse.commons 1 0 2025-06-20 15:22:44.735
!MESSAGE DelegatingStreamConnectionProvider classloader = org.eclipse.osgi.internal.loader.EquinoxClassLoader@580cb668[org.springframework.tooling.boot.ls:1.28.0.202109130547(id=1001)]

!ENTRY org.springframework.tooling.ls.eclipse.commons 1 0 2025-06-20 15:22:44.735
!MESSAGE SpringBootLanguageServer exists!

!ENTRY org.springframework.tooling.ls.eclipse.commons 1 0 2025-06-20 15:22:45.810
!MESSAGE Boot LS startup time from start to initialized: 1075ms

!ENTRY org.eclipse.jface.text 4 0 2025-06-20 15:22:45.839
!MESSAGE org.eclipse.lsp4j.jsonrpc.JsonRpcException: java.io.IOException: 파이프가 닫히는 중입니다
!STACK 0
java.util.concurrent.CompletionException: org.eclipse.lsp4j.jsonrpc.JsonRpcException: java.io.IOException: 파이프가 닫히는 중입니다
	at java.base/java.util.concurrent.CompletableFuture.encodeThrowable(CompletableFuture.java:331)
	at java.base/java.util.concurrent.CompletableFuture.uniAcceptNow(CompletableFuture.java:743)
	at java.base/java.util.concurrent.CompletableFuture.uniAcceptStage(CompletableFuture.java:731)
	at java.base/java.util.concurrent.CompletableFuture.thenAcceptAsync(CompletableFuture.java:2118)
	at org.eclipse.lsp4e.operations.codelens.CodeLensProvider.lambda$2(CodeLensProvider.java:44)
	at java.base/java.util.stream.ReferencePipeline$3$1.accept(ReferencePipeline.java:195)
	at java.base/java.util.ArrayList$ArrayListSpliterator.forEachRemaining(ArrayList.java:1655)
	at java.base/java.util.stream.AbstractPipeline.copyInto(AbstractPipeline.java:484)
	at java.base/java.util.stream.AbstractPipeline.wrapAndCopyInto(AbstractPipeline.java:474)
	at java.base/java.util.stream.AbstractPipeline.evaluate(AbstractPipeline.java:550)
	at java.base/java.util.stream.AbstractPipeline.evaluateToArrayNode(AbstractPipeline.java:260)
	at java.base/java.util.stream.ReferencePipeline.toArray(ReferencePipeline.java:517)
	at org.eclipse.lsp4e.operations.codelens.CodeLensProvider.lambda$1(CodeLensProvider.java:52)
	at java.base/java.util.concurrent.CompletableFuture$UniCompose.tryFire(CompletableFuture.java:1072)
	at java.base/java.util.concurrent.CompletableFuture$Completion.exec(CompletableFuture.java:479)
	at java.base/java.util.concurrent.ForkJoinTask.doExec(ForkJoinTask.java:290)
	at java.base/java.util.concurrent.ForkJoinPool$WorkQueue.topLevelExec(ForkJoinPool.java:1020)
	at java.base/java.util.concurrent.ForkJoinPool.scan(ForkJoinPool.java:1656)
	at java.base/java.util.concurrent.ForkJoinPool.runWorker(ForkJoinPool.java:1594)
	at java.base/java.util.concurrent.ForkJoinWorkerThread.run(ForkJoinWorkerThread.java:183)
Caused by: org.eclipse.lsp4j.jsonrpc.JsonRpcException: java.io.IOException: 파이프가 닫히는 중입니다
	at org.eclipse.lsp4j.jsonrpc.json.StreamMessageConsumer.consume(StreamMessageConsumer.java:72)
	at org.eclipse.lsp4e.LanguageServerWrapper.lambda$4(LanguageServerWrapper.java:260)
	at org.eclipse.lsp4j.jsonrpc.RemoteEndpoint.request(RemoteEndpoint.java:161)
	at org.eclipse.lsp4j.jsonrpc.services.EndpointProxy.invoke(EndpointProxy.java:91)
	at com.sun.proxy.$Proxy66.codeLens(Unknown Source)
	at org.eclipse.lsp4e.operations.codelens.CodeLensProvider.lambda$2(CodeLensProvider.java:43)
	... 15 more
Caused by: java.io.IOException: 파이프가 닫히는 중입니다
	at java.base/java.io.FileOutputStream.writeBytes(Native Method)
	at java.base/java.io.FileOutputStream.write(FileOutputStream.java:354)
	at java.base/java.io.BufferedOutputStream.flushBuffer(BufferedOutputStream.java:81)
	at java.base/java.io.BufferedOutputStream.flush(BufferedOutputStream.java:142)
	at org.eclipse.lsp4j.jsonrpc.json.StreamMessageConsumer.consume(StreamMessageConsumer.java:69)
	... 20 more

!ENTRY org.eclipse.jface.text 4 0 2025-06-20 15:22:45.839
!MESSAGE org.eclipse.lsp4j.jsonrpc.JsonRpcException: java.io.IOException: 파이프가 닫히는 중입니다
!STACK 0
java.util.concurrent.CompletionException: org.eclipse.lsp4j.jsonrpc.JsonRpcException: java.io.IOException: 파이프가 닫히는 중입니다
	at java.base/java.util.concurrent.CompletableFuture.encodeThrowable(CompletableFuture.java:331)
	at java.base/java.util.concurrent.CompletableFuture.uniAcceptNow(CompletableFuture.java:743)
	at java.base/java.util.concurrent.CompletableFuture.uniAcceptStage(CompletableFuture.java:731)
	at java.base/java.util.concurrent.CompletableFuture.thenAcceptAsync(CompletableFuture.java:2118)
	at org.eclipse.lsp4e.operations.codelens.CodeLensProvider.lambda$2(CodeLensProvider.java:44)
	at java.base/java.util.stream.ReferencePipeline$3$1.accept(ReferencePipeline.java:195)
	at java.base/java.util.ArrayList$ArrayListSpliterator.forEachRemaining(ArrayList.java:1655)
	at java.base/java.util.stream.AbstractPipeline.copyInto(AbstractPipeline.java:484)
	at java.base/java.util.stream.AbstractPipeline.wrapAndCopyInto(AbstractPipeline.java:474)
	at java.base/java.util.stream.AbstractPipeline.evaluate(AbstractPipeline.java:550)
	at java.base/java.util.stream.AbstractPipeline.evaluateToArrayNode(AbstractPipeline.java:260)
	at java.base/java.util.stream.ReferencePipeline.toArray(ReferencePipeline.java:517)
	at org.eclipse.lsp4e.operations.codelens.CodeLensProvider.lambda$1(CodeLensProvider.java:52)
	at java.base/java.util.concurrent.CompletableFuture$UniCompose.tryFire(CompletableFuture.java:1072)
	at java.base/java.util.concurrent.CompletableFuture$Completion.exec(CompletableFuture.java:479)
	at java.base/java.util.concurrent.ForkJoinTask.doExec(ForkJoinTask.java:290)
	at java.base/java.util.concurrent.ForkJoinPool$WorkQueue.topLevelExec(ForkJoinPool.java:1020)
	at java.base/java.util.concurrent.ForkJoinPool.scan(ForkJoinPool.java:1656)
	at java.base/java.util.concurrent.ForkJoinPool.runWorker(ForkJoinPool.java:1594)
	at java.base/java.util.concurrent.ForkJoinWorkerThread.run(ForkJoinWorkerThread.java:183)
Caused by: org.eclipse.lsp4j.jsonrpc.JsonRpcException: java.io.IOException: 파이프가 닫히는 중입니다
	at org.eclipse.lsp4j.jsonrpc.json.StreamMessageConsumer.consume(StreamMessageConsumer.java:72)
	at org.eclipse.lsp4e.LanguageServerWrapper.lambda$4(LanguageServerWrapper.java:260)
	at org.eclipse.lsp4j.jsonrpc.RemoteEndpoint.request(RemoteEndpoint.java:161)
	at org.eclipse.lsp4j.jsonrpc.services.EndpointProxy.invoke(EndpointProxy.java:91)
	at com.sun.proxy.$Proxy66.codeLens(Unknown Source)
	at org.eclipse.lsp4e.operations.codelens.CodeLensProvider.lambda$2(CodeLensProvider.java:43)
	... 15 more
Caused by: java.io.IOException: 파이프가 닫히는 중입니다
	at java.base/java.io.FileOutputStream.writeBytes(Native Method)
	at java.base/java.io.FileOutputStream.write(FileOutputStream.java:354)
	at java.base/java.io.BufferedOutputStream.flushBuffer(BufferedOutputStream.java:81)
	at java.base/java.io.BufferedOutputStream.flush(BufferedOutputStream.java:142)
	at org.eclipse.lsp4j.jsonrpc.json.StreamMessageConsumer.consume(StreamMessageConsumer.java:69)
	... 20 more

!ENTRY org.eclipse.jface.text 4 0 2025-06-20 15:22:45.840
!MESSAGE org.eclipse.lsp4j.jsonrpc.JsonRpcException: java.io.IOException: 파이프가 닫히는 중입니다
!STACK 0
java.util.concurrent.CompletionException: org.eclipse.lsp4j.jsonrpc.JsonRpcException: java.io.IOException: 파이프가 닫히는 중입니다
	at java.base/java.util.concurrent.CompletableFuture.encodeThrowable(CompletableFuture.java:331)
	at java.base/java.util.concurrent.CompletableFuture.uniAcceptNow(CompletableFuture.java:743)
	at java.base/java.util.concurrent.CompletableFuture.uniAcceptStage(CompletableFuture.java:731)
	at java.base/java.util.concurrent.CompletableFuture.thenAcceptAsync(CompletableFuture.java:2118)
	at org.eclipse.lsp4e.operations.codelens.CodeLensProvider.lambda$2(CodeLensProvider.java:44)
	at java.base/java.util.stream.ReferencePipeline$3$1.accept(ReferencePipeline.java:195)
	at java.base/java.util.ArrayList$ArrayListSpliterator.forEachRemaining(ArrayList.java:1655)
	at java.base/java.util.stream.AbstractPipeline.copyInto(AbstractPipeline.java:484)
	at java.base/java.util.stream.AbstractPipeline.wrapAndCopyInto(AbstractPipeline.java:474)
	at java.base/java.util.stream.AbstractPipeline.evaluate(AbstractPipeline.java:550)
	at java.base/java.util.stream.AbstractPipeline.evaluateToArrayNode(AbstractPipeline.java:260)
	at java.base/java.util.stream.ReferencePipeline.toArray(ReferencePipeline.java:517)
	at org.eclipse.lsp4e.operations.codelens.CodeLensProvider.lambda$1(CodeLensProvider.java:52)
	at java.base/java.util.concurrent.CompletableFuture$UniCompose.tryFire(CompletableFuture.java:1072)
	at java.base/java.util.concurrent.CompletableFuture$Completion.exec(CompletableFuture.java:479)
	at java.base/java.util.concurrent.ForkJoinTask.doExec(ForkJoinTask.java:290)
	at java.base/java.util.concurrent.ForkJoinPool$WorkQueue.topLevelExec(ForkJoinPool.java:1020)
	at java.base/java.util.concurrent.ForkJoinPool.scan(ForkJoinPool.java:1656)
	at java.base/java.util.concurrent.ForkJoinPool.runWorker(ForkJoinPool.java:1594)
	at java.base/java.util.concurrent.ForkJoinWorkerThread.run(ForkJoinWorkerThread.java:183)
Caused by: org.eclipse.lsp4j.jsonrpc.JsonRpcException: java.io.IOException: 파이프가 닫히는 중입니다
	at org.eclipse.lsp4j.jsonrpc.json.StreamMessageConsumer.consume(StreamMessageConsumer.java:72)
	at org.eclipse.lsp4e.LanguageServerWrapper.lambda$4(LanguageServerWrapper.java:260)
	at org.eclipse.lsp4j.jsonrpc.RemoteEndpoint.request(RemoteEndpoint.java:161)
	at org.eclipse.lsp4j.jsonrpc.services.EndpointProxy.invoke(EndpointProxy.java:91)
	at com.sun.proxy.$Proxy66.codeLens(Unknown Source)
	at org.eclipse.lsp4e.operations.codelens.CodeLensProvider.lambda$2(CodeLensProvider.java:43)
	... 15 more
Caused by: java.io.IOException: 파이프가 닫히는 중입니다
	at java.base/java.io.FileOutputStream.writeBytes(Native Method)
	at java.base/java.io.FileOutputStream.write(FileOutputStream.java:354)
	at java.base/java.io.BufferedOutputStream.flushBuffer(BufferedOutputStream.java:81)
	at java.base/java.io.BufferedOutputStream.flush(BufferedOutputStream.java:142)
	at org.eclipse.lsp4j.jsonrpc.json.StreamMessageConsumer.consume(StreamMessageConsumer.java:69)
	... 20 more

!ENTRY org.eclipse.jface.text 4 0 2025-06-20 15:22:45.840
!MESSAGE org.eclipse.lsp4j.jsonrpc.JsonRpcException: java.io.IOException: 파이프가 닫히는 중입니다
!STACK 0
java.util.concurrent.CompletionException: org.eclipse.lsp4j.jsonrpc.JsonRpcException: java.io.IOException: 파이프가 닫히는 중입니다
	at java.base/java.util.concurrent.CompletableFuture.encodeThrowable(CompletableFuture.java:331)
	at java.base/java.util.concurrent.CompletableFuture.uniAcceptNow(CompletableFuture.java:743)
	at java.base/java.util.concurrent.CompletableFuture.uniAcceptStage(CompletableFuture.java:731)
	at java.base/java.util.concurrent.CompletableFuture.thenAcceptAsync(CompletableFuture.java:2118)
	at org.eclipse.lsp4e.operations.codelens.CodeLensProvider.lambda$2(CodeLensProvider.java:44)
	at java.base/java.util.stream.ReferencePipeline$3$1.accept(ReferencePipeline.java:195)
	at java.base/java.util.ArrayList$ArrayListSpliterator.forEachRemaining(ArrayList.java:1655)
	at java.base/java.util.stream.AbstractPipeline.copyInto(AbstractPipeline.java:484)
	at java.base/java.util.stream.AbstractPipeline.wrapAndCopyInto(AbstractPipeline.java:474)
	at java.base/java.util.stream.AbstractPipeline.evaluate(AbstractPipeline.java:550)
	at java.base/java.util.stream.AbstractPipeline.evaluateToArrayNode(AbstractPipeline.java:260)
	at java.base/java.util.stream.ReferencePipeline.toArray(ReferencePipeline.java:517)
	at org.eclipse.lsp4e.operations.codelens.CodeLensProvider.lambda$1(CodeLensProvider.java:52)
	at java.base/java.util.concurrent.CompletableFuture$UniCompose.tryFire(CompletableFuture.java:1072)
	at java.base/java.util.concurrent.CompletableFuture$Completion.exec(CompletableFuture.java:479)
	at java.base/java.util.concurrent.ForkJoinTask.doExec(ForkJoinTask.java:290)
	at java.base/java.util.concurrent.ForkJoinPool$WorkQueue.topLevelExec(ForkJoinPool.java:1020)
	at java.base/java.util.concurrent.ForkJoinPool.scan(ForkJoinPool.java:1656)
	at java.base/java.util.concurrent.ForkJoinPool.runWorker(ForkJoinPool.java:1594)
	at java.base/java.util.concurrent.ForkJoinWorkerThread.run(ForkJoinWorkerThread.java:183)
Caused by: org.eclipse.lsp4j.jsonrpc.JsonRpcException: java.io.IOException: 파이프가 닫히는 중입니다
	at org.eclipse.lsp4j.jsonrpc.json.StreamMessageConsumer.consume(StreamMessageConsumer.java:72)
	at org.eclipse.lsp4e.LanguageServerWrapper.lambda$4(LanguageServerWrapper.java:260)
	at org.eclipse.lsp4j.jsonrpc.RemoteEndpoint.request(RemoteEndpoint.java:161)
	at org.eclipse.lsp4j.jsonrpc.services.EndpointProxy.invoke(EndpointProxy.java:91)
	at com.sun.proxy.$Proxy66.codeLens(Unknown Source)
	at org.eclipse.lsp4e.operations.codelens.CodeLensProvider.lambda$2(CodeLensProvider.java:43)
	... 15 more
Caused by: java.io.IOException: 파이프가 닫히는 중입니다
	at java.base/java.io.FileOutputStream.writeBytes(Native Method)
	at java.base/java.io.FileOutputStream.write(FileOutputStream.java:354)
	at java.base/java.io.BufferedOutputStream.flushBuffer(BufferedOutputStream.java:81)
	at java.base/java.io.BufferedOutputStream.flush(BufferedOutputStream.java:142)
	at org.eclipse.lsp4j.jsonrpc.json.StreamMessageConsumer.consume(StreamMessageConsumer.java:69)
	... 20 more

!ENTRY org.springframework.tooling.ls.eclipse.commons 1 0 2025-06-20 15:22:45.871
!MESSAGE ClasspathListenerHandler addClasspathListener sts4.classpath.XXeUtBfLisBatched = true

!ENTRY org.springframework.tooling.ls.eclipse.commons 1 0 2025-06-20 15:22:45.871
!MESSAGE Setting up ClasspathListenerManager

!ENTRY org.springframework.tooling.ls.eclipse.commons 1 0 2025-06-20 15:22:45.871
!MESSAGE Scheduling initial event for all projects ...

!ENTRY org.springframework.tooling.ls.eclipse.commons 1 0 2025-06-20 15:22:45.871
!MESSAGE Scheduling initial event for all projects DONE

!ENTRY org.springframework.tooling.ls.eclipse.commons 1 0 2025-06-20 15:22:45.871
!MESSAGE ClasspathListenerHandler addClasspathListener sts4.classpath.XXeUtBfL => OK

!ENTRY org.springframework.tooling.ls.eclipse.commons 1 0 2025-06-20 15:22:45.872
!MESSAGE exists = true open = true => deleted = false

!ENTRY org.springframework.tooling.ls.eclipse.commons 1 0 2025-06-20 15:22:45.873
!MESSAGE classpath=57 entries

!ENTRY org.springframework.tooling.ls.eclipse.commons 1 0 2025-06-20 15:22:45.874
!MESSAGE buffering callback sts4.classpath.XXeUtBfL ServiceExam false 57

!ENTRY org.springframework.tooling.ls.eclipse.commons 1 0 2025-06-20 15:22:45.874
!MESSAGE executing callback sts4.classpath.XXeUtBfL 1 batched events

!ENTRY org.springframework.tooling.ls.eclipse.commons 1 0 2025-06-20 15:22:46.079
!MESSAGE executing callback sts4.classpath.XXeUtBfL SUCCESS [done]

!ENTRY org.eclipse.lsp4e 4 0 2025-06-20 15:22:46.080
!MESSAGE org.eclipse.lsp4j.jsonrpc.JsonRpcException: java.io.IOException: 파이프가 닫히는 중입니다
!STACK 0
java.util.concurrent.ExecutionException: org.eclipse.lsp4j.jsonrpc.JsonRpcException: java.io.IOException: 파이프가 닫히는 중입니다
	at java.base/java.util.concurrent.CompletableFuture.reportGet(CompletableFuture.java:395)
	at java.base/java.util.concurrent.CompletableFuture.get(CompletableFuture.java:2028)
	at org.eclipse.lsp4e.LanguageServerWrapper.lambda$13(LanguageServerWrapper.java:425)
	at java.base/java.util.concurrent.CompletableFuture$AsyncRun.run(CompletableFuture.java:1736)
	at java.base/java.util.concurrent.CompletableFuture$AsyncRun.exec(CompletableFuture.java:1728)
	at java.base/java.util.concurrent.ForkJoinTask.doExec(ForkJoinTask.java:290)
	at java.base/java.util.concurrent.ForkJoinPool$WorkQueue.topLevelExec(ForkJoinPool.java:1020)
	at java.base/java.util.concurrent.ForkJoinPool.scan(ForkJoinPool.java:1656)
	at java.base/java.util.concurrent.ForkJoinPool.runWorker(ForkJoinPool.java:1594)
	at java.base/java.util.concurrent.ForkJoinWorkerThread.run(ForkJoinWorkerThread.java:183)
Caused by: org.eclipse.lsp4j.jsonrpc.JsonRpcException: java.io.IOException: 파이프가 닫히는 중입니다
	at org.eclipse.lsp4j.jsonrpc.json.StreamMessageConsumer.consume(StreamMessageConsumer.java:72)
	at org.eclipse.lsp4e.LanguageServerWrapper.lambda$4(LanguageServerWrapper.java:260)
	at org.eclipse.lsp4j.jsonrpc.RemoteEndpoint.request(RemoteEndpoint.java:161)
	at org.eclipse.lsp4j.jsonrpc.services.EndpointProxy.invoke(EndpointProxy.java:91)
	at com.sun.proxy.$Proxy68.shutdown(Unknown Source)
	at org.eclipse.lsp4e.LanguageServerWrapper.lambda$13(LanguageServerWrapper.java:423)
	... 7 more
Caused by: java.io.IOException: 파이프가 닫히는 중입니다
	at java.base/java.io.FileOutputStream.writeBytes(Native Method)
	at java.base/java.io.FileOutputStream.write(FileOutputStream.java:354)
	at java.base/java.io.BufferedOutputStream.flushBuffer(BufferedOutputStream.java:81)
	at java.base/java.io.BufferedOutputStream.flush(BufferedOutputStream.java:142)
	at org.eclipse.lsp4j.jsonrpc.json.StreamMessageConsumer.consume(StreamMessageConsumer.java:69)
	... 12 more

!ENTRY org.springframework.tooling.ls.eclipse.commons 1 0 2025-06-20 15:22:46.080
!MESSAGE Entering DelegatingStreamConnectionProvider()

!ENTRY org.springframework.tooling.ls.eclipse.commons 1 0 2025-06-20 15:22:46.080
!MESSAGE DelegatingStreamConnectionProvider classloader = org.eclipse.osgi.internal.loader.EquinoxClassLoader@580cb668[org.springframework.tooling.boot.ls:1.28.0.202109130547(id=1001)]

!ENTRY org.eclipse.lsp4e 4 0 2025-06-20 15:22:46.082
!MESSAGE org.eclipse.lsp4j.jsonrpc.JsonRpcException: java.io.IOException: 파이프가 닫히는 중입니다
!STACK 0
java.util.concurrent.ExecutionException: org.eclipse.lsp4j.jsonrpc.JsonRpcException: java.io.IOException: 파이프가 닫히는 중입니다
	at java.base/java.util.concurrent.CompletableFuture.reportGet(CompletableFuture.java:395)
	at java.base/java.util.concurrent.CompletableFuture.get(CompletableFuture.java:2028)
	at org.eclipse.lsp4e.LanguageServerWrapper.lambda$13(LanguageServerWrapper.java:425)
	at java.base/java.util.concurrent.CompletableFuture$AsyncRun.run(CompletableFuture.java:1736)
	at java.base/java.util.concurrent.CompletableFuture$AsyncRun.exec(CompletableFuture.java:1728)
	at java.base/java.util.concurrent.ForkJoinTask.doExec(ForkJoinTask.java:290)
	at java.base/java.util.concurrent.ForkJoinPool$WorkQueue.topLevelExec(ForkJoinPool.java:1020)
	at java.base/java.util.concurrent.ForkJoinPool.scan(ForkJoinPool.java:1656)
	at java.base/java.util.concurrent.ForkJoinPool.runWorker(ForkJoinPool.java:1594)
	at java.base/java.util.concurrent.ForkJoinWorkerThread.run(ForkJoinWorkerThread.java:183)
Caused by: org.eclipse.lsp4j.jsonrpc.JsonRpcException: java.io.IOException: 파이프가 닫히는 중입니다
	at org.eclipse.lsp4j.jsonrpc.json.StreamMessageConsumer.consume(StreamMessageConsumer.java:72)
	at org.eclipse.lsp4e.LanguageServerWrapper.lambda$4(LanguageServerWrapper.java:260)
	at org.eclipse.lsp4j.jsonrpc.RemoteEndpoint.request(RemoteEndpoint.java:161)
	at org.eclipse.lsp4j.jsonrpc.services.EndpointProxy.invoke(EndpointProxy.java:91)
	at com.sun.proxy.$Proxy68.shutdown(Unknown Source)
	at org.eclipse.lsp4e.LanguageServerWrapper.lambda$13(LanguageServerWrapper.java:423)
	... 7 more
Caused by: java.io.IOException: 파이프가 닫히는 중입니다
	at java.base/java.io.FileOutputStream.writeBytes(Native Method)
	at java.base/java.io.FileOutputStream.write(FileOutputStream.java:354)
	at java.base/java.io.BufferedOutputStream.flushBuffer(BufferedOutputStream.java:81)
	at java.base/java.io.BufferedOutputStream.flush(BufferedOutputStream.java:142)
	at org.eclipse.lsp4j.jsonrpc.json.StreamMessageConsumer.consume(StreamMessageConsumer.java:69)
	... 12 more

!ENTRY org.springframework.tooling.ls.eclipse.commons 1 0 2025-06-20 15:22:46.082
!MESSAGE SpringBootLanguageServer exists!

!ENTRY org.springframework.tooling.ls.eclipse.commons 1 0 2025-06-20 15:22:47.152
!MESSAGE Boot LS startup time from start to initialized: 1070ms

!ENTRY org.eclipse.jface.text 4 0 2025-06-20 15:22:47.183
!MESSAGE org.eclipse.lsp4j.jsonrpc.JsonRpcException: java.io.IOException: 파이프가 닫히는 중입니다
!STACK 0
java.util.concurrent.CompletionException: org.eclipse.lsp4j.jsonrpc.JsonRpcException: java.io.IOException: 파이프가 닫히는 중입니다
	at java.base/java.util.concurrent.CompletableFuture.encodeThrowable(CompletableFuture.java:331)
	at java.base/java.util.concurrent.CompletableFuture.uniAcceptNow(CompletableFuture.java:743)
	at java.base/java.util.concurrent.CompletableFuture.uniAcceptStage(CompletableFuture.java:731)
	at java.base/java.util.concurrent.CompletableFuture.thenAcceptAsync(CompletableFuture.java:2118)
	at org.eclipse.lsp4e.operations.codelens.CodeLensProvider.lambda$2(CodeLensProvider.java:44)
	at java.base/java.util.stream.ReferencePipeline$3$1.accept(ReferencePipeline.java:195)
	at java.base/java.util.ArrayList$ArrayListSpliterator.forEachRemaining(ArrayList.java:1655)
	at java.base/java.util.stream.AbstractPipeline.copyInto(AbstractPipeline.java:484)
	at java.base/java.util.stream.AbstractPipeline.wrapAndCopyInto(AbstractPipeline.java:474)
	at java.base/java.util.stream.AbstractPipeline.evaluate(AbstractPipeline.java:550)
	at java.base/java.util.stream.AbstractPipeline.evaluateToArrayNode(AbstractPipeline.java:260)
	at java.base/java.util.stream.ReferencePipeline.toArray(ReferencePipeline.java:517)
	at org.eclipse.lsp4e.operations.codelens.CodeLensProvider.lambda$1(CodeLensProvider.java:52)
	at java.base/java.util.concurrent.CompletableFuture$UniCompose.tryFire(CompletableFuture.java:1072)
	at java.base/java.util.concurrent.CompletableFuture$Completion.exec(CompletableFuture.java:479)
	at java.base/java.util.concurrent.ForkJoinTask.doExec(ForkJoinTask.java:290)
	at java.base/java.util.concurrent.ForkJoinPool$WorkQueue.topLevelExec(ForkJoinPool.java:1020)
	at java.base/java.util.concurrent.ForkJoinPool.scan(ForkJoinPool.java:1656)
	at java.base/java.util.concurrent.ForkJoinPool.runWorker(ForkJoinPool.java:1594)
	at java.base/java.util.concurrent.ForkJoinWorkerThread.run(ForkJoinWorkerThread.java:183)
Caused by: org.eclipse.lsp4j.jsonrpc.JsonRpcException: java.io.IOException: 파이프가 닫히는 중입니다
	at org.eclipse.lsp4j.jsonrpc.json.StreamMessageConsumer.consume(StreamMessageConsumer.java:72)
	at org.eclipse.lsp4e.LanguageServerWrapper.lambda$4(LanguageServerWrapper.java:260)
	at org.eclipse.lsp4j.jsonrpc.RemoteEndpoint.request(RemoteEndpoint.java:161)
	at org.eclipse.lsp4j.jsonrpc.services.EndpointProxy.invoke(EndpointProxy.java:91)
	at com.sun.proxy.$Proxy66.codeLens(Unknown Source)
	at org.eclipse.lsp4e.operations.codelens.CodeLensProvider.lambda$2(CodeLensProvider.java:43)
	... 15 more
Caused by: java.io.IOException: 파이프가 닫히는 중입니다
	at java.base/java.io.FileOutputStream.writeBytes(Native Method)
	at java.base/java.io.FileOutputStream.write(FileOutputStream.java:354)
	at java.base/java.io.BufferedOutputStream.flushBuffer(BufferedOutputStream.java:81)
	at java.base/java.io.BufferedOutputStream.flush(BufferedOutputStream.java:142)
	at org.eclipse.lsp4j.jsonrpc.json.StreamMessageConsumer.consume(StreamMessageConsumer.java:69)
	... 20 more

!ENTRY org.eclipse.jface.text 4 0 2025-06-20 15:22:47.187
!MESSAGE org.eclipse.lsp4j.jsonrpc.JsonRpcException: java.io.IOException: 파이프가 닫히는 중입니다
!STACK 0
java.util.concurrent.CompletionException: org.eclipse.lsp4j.jsonrpc.JsonRpcException: java.io.IOException: 파이프가 닫히는 중입니다
	at java.base/java.util.concurrent.CompletableFuture.encodeThrowable(CompletableFuture.java:331)
	at java.base/java.util.concurrent.CompletableFuture.uniAcceptNow(CompletableFuture.java:743)
	at java.base/java.util.concurrent.CompletableFuture.uniAcceptStage(CompletableFuture.java:731)
	at java.base/java.util.concurrent.CompletableFuture.thenAcceptAsync(CompletableFuture.java:2118)
	at org.eclipse.lsp4e.operations.codelens.CodeLensProvider.lambda$2(CodeLensProvider.java:44)
	at java.base/java.util.stream.ReferencePipeline$3$1.accept(ReferencePipeline.java:195)
	at java.base/java.util.ArrayList$ArrayListSpliterator.forEachRemaining(ArrayList.java:1655)
	at java.base/java.util.stream.AbstractPipeline.copyInto(AbstractPipeline.java:484)
	at java.base/java.util.stream.AbstractPipeline.wrapAndCopyInto(AbstractPipeline.java:474)
	at java.base/java.util.stream.AbstractPipeline.evaluate(AbstractPipeline.java:550)
	at java.base/java.util.stream.AbstractPipeline.evaluateToArrayNode(AbstractPipeline.java:260)
	at java.base/java.util.stream.ReferencePipeline.toArray(ReferencePipeline.java:517)
	at org.eclipse.lsp4e.operations.codelens.CodeLensProvider.lambda$1(CodeLensProvider.java:52)
	at java.base/java.util.concurrent.CompletableFuture$UniCompose.tryFire(CompletableFuture.java:1072)
	at java.base/java.util.concurrent.CompletableFuture$Completion.exec(CompletableFuture.java:479)
	at java.base/java.util.concurrent.ForkJoinTask.doExec(ForkJoinTask.java:290)
	at java.base/java.util.concurrent.ForkJoinPool$WorkQueue.topLevelExec(ForkJoinPool.java:1020)
	at java.base/java.util.concurrent.ForkJoinPool.scan(ForkJoinPool.java:1656)
	at java.base/java.util.concurrent.ForkJoinPool.runWorker(ForkJoinPool.java:1594)
	at java.base/java.util.concurrent.ForkJoinWorkerThread.run(ForkJoinWorkerThread.java:183)
Caused by: org.eclipse.lsp4j.jsonrpc.JsonRpcException: java.io.IOException: 파이프가 닫히는 중입니다
	at org.eclipse.lsp4j.jsonrpc.json.StreamMessageConsumer.consume(StreamMessageConsumer.java:72)
	at org.eclipse.lsp4e.LanguageServerWrapper.lambda$4(LanguageServerWrapper.java:260)
	at org.eclipse.lsp4j.jsonrpc.RemoteEndpoint.request(RemoteEndpoint.java:161)
	at org.eclipse.lsp4j.jsonrpc.services.EndpointProxy.invoke(EndpointProxy.java:91)
	at com.sun.proxy.$Proxy66.codeLens(Unknown Source)
	at org.eclipse.lsp4e.operations.codelens.CodeLensProvider.lambda$2(CodeLensProvider.java:43)
	... 15 more
Caused by: java.io.IOException: 파이프가 닫히는 중입니다
	at java.base/java.io.FileOutputStream.writeBytes(Native Method)
	at java.base/java.io.FileOutputStream.write(FileOutputStream.java:354)
	at java.base/java.io.BufferedOutputStream.flushBuffer(BufferedOutputStream.java:81)
	at java.base/java.io.BufferedOutputStream.flush(BufferedOutputStream.java:142)
	at org.eclipse.lsp4j.jsonrpc.json.StreamMessageConsumer.consume(StreamMessageConsumer.java:69)
	... 20 more

!ENTRY org.eclipse.jface.text 4 0 2025-06-20 15:22:47.187
!MESSAGE org.eclipse.lsp4j.jsonrpc.JsonRpcException: java.io.IOException: 파이프가 닫히는 중입니다
!STACK 0
java.util.concurrent.CompletionException: org.eclipse.lsp4j.jsonrpc.JsonRpcException: java.io.IOException: 파이프가 닫히는 중입니다
	at java.base/java.util.concurrent.CompletableFuture.encodeThrowable(CompletableFuture.java:331)
	at java.base/java.util.concurrent.CompletableFuture.uniAcceptNow(CompletableFuture.java:743)
	at java.base/java.util.concurrent.CompletableFuture.uniAcceptStage(CompletableFuture.java:731)
	at java.base/java.util.concurrent.CompletableFuture.thenAcceptAsync(CompletableFuture.java:2118)
	at org.eclipse.lsp4e.operations.codelens.CodeLensProvider.lambda$2(CodeLensProvider.java:44)
	at java.base/java.util.stream.ReferencePipeline$3$1.accept(ReferencePipeline.java:195)
	at java.base/java.util.ArrayList$ArrayListSpliterator.forEachRemaining(ArrayList.java:1655)
	at java.base/java.util.stream.AbstractPipeline.copyInto(AbstractPipeline.java:484)
	at java.base/java.util.stream.AbstractPipeline.wrapAndCopyInto(AbstractPipeline.java:474)
	at java.base/java.util.stream.AbstractPipeline.evaluate(AbstractPipeline.java:550)
	at java.base/java.util.stream.AbstractPipeline.evaluateToArrayNode(AbstractPipeline.java:260)
	at java.base/java.util.stream.ReferencePipeline.toArray(ReferencePipeline.java:517)
	at org.eclipse.lsp4e.operations.codelens.CodeLensProvider.lambda$1(CodeLensProvider.java:52)
	at java.base/java.util.concurrent.CompletableFuture$UniCompose.tryFire(CompletableFuture.java:1072)
	at java.base/java.util.concurrent.CompletableFuture$Completion.exec(CompletableFuture.java:479)
	at java.base/java.util.concurrent.ForkJoinTask.doExec(ForkJoinTask.java:290)
	at java.base/java.util.concurrent.ForkJoinPool$WorkQueue.topLevelExec(ForkJoinPool.java:1020)
	at java.base/java.util.concurrent.ForkJoinPool.scan(ForkJoinPool.java:1656)
	at java.base/java.util.concurrent.ForkJoinPool.runWorker(ForkJoinPool.java:1594)
	at java.base/java.util.concurrent.ForkJoinWorkerThread.run(ForkJoinWorkerThread.java:183)
Caused by: org.eclipse.lsp4j.jsonrpc.JsonRpcException: java.io.IOException: 파이프가 닫히는 중입니다
	at org.eclipse.lsp4j.jsonrpc.json.StreamMessageConsumer.consume(StreamMessageConsumer.java:72)
	at org.eclipse.lsp4e.LanguageServerWrapper.lambda$4(LanguageServerWrapper.java:260)
	at org.eclipse.lsp4j.jsonrpc.RemoteEndpoint.request(RemoteEndpoint.java:161)
	at org.eclipse.lsp4j.jsonrpc.services.EndpointProxy.invoke(EndpointProxy.java:91)
	at com.sun.proxy.$Proxy66.codeLens(Unknown Source)
	at org.eclipse.lsp4e.operations.codelens.CodeLensProvider.lambda$2(CodeLensProvider.java:43)
	... 15 more
Caused by: java.io.IOException: 파이프가 닫히는 중입니다
	at java.base/java.io.FileOutputStream.writeBytes(Native Method)
	at java.base/java.io.FileOutputStream.write(FileOutputStream.java:354)
	at java.base/java.io.BufferedOutputStream.flushBuffer(BufferedOutputStream.java:81)
	at java.base/java.io.BufferedOutputStream.flush(BufferedOutputStream.java:142)
	at org.eclipse.lsp4j.jsonrpc.json.StreamMessageConsumer.consume(StreamMessageConsumer.java:69)
	... 20 more

!ENTRY org.eclipse.jface.text 4 0 2025-06-20 15:22:47.189
!MESSAGE org.eclipse.lsp4j.jsonrpc.JsonRpcException: java.io.IOException: 파이프가 닫히는 중입니다
!STACK 0
java.util.concurrent.CompletionException: org.eclipse.lsp4j.jsonrpc.JsonRpcException: java.io.IOException: 파이프가 닫히는 중입니다
	at java.base/java.util.concurrent.CompletableFuture.encodeThrowable(CompletableFuture.java:331)
	at java.base/java.util.concurrent.CompletableFuture.uniAcceptNow(CompletableFuture.java:743)
	at java.base/java.util.concurrent.CompletableFuture.uniAcceptStage(CompletableFuture.java:731)
	at java.base/java.util.concurrent.CompletableFuture.thenAcceptAsync(CompletableFuture.java:2118)
	at org.eclipse.lsp4e.operations.codelens.CodeLensProvider.lambda$2(CodeLensProvider.java:44)
	at java.base/java.util.stream.ReferencePipeline$3$1.accept(ReferencePipeline.java:195)
	at java.base/java.util.ArrayList$ArrayListSpliterator.forEachRemaining(ArrayList.java:1655)
	at java.base/java.util.stream.AbstractPipeline.copyInto(AbstractPipeline.java:484)
	at java.base/java.util.stream.AbstractPipeline.wrapAndCopyInto(AbstractPipeline.java:474)
	at java.base/java.util.stream.AbstractPipeline.evaluate(AbstractPipeline.java:550)
	at java.base/java.util.stream.AbstractPipeline.evaluateToArrayNode(AbstractPipeline.java:260)
	at java.base/java.util.stream.ReferencePipeline.toArray(ReferencePipeline.java:517)
	at org.eclipse.lsp4e.operations.codelens.CodeLensProvider.lambda$1(CodeLensProvider.java:52)
	at java.base/java.util.concurrent.CompletableFuture$UniCompose.tryFire(CompletableFuture.java:1072)
	at java.base/java.util.concurrent.CompletableFuture$Completion.exec(CompletableFuture.java:479)
	at java.base/java.util.concurrent.ForkJoinTask.doExec(ForkJoinTask.java:290)
	at java.base/java.util.concurrent.ForkJoinPool$WorkQueue.topLevelExec(ForkJoinPool.java:1020)
	at java.base/java.util.concurrent.ForkJoinPool.scan(ForkJoinPool.java:1656)
	at java.base/java.util.concurrent.ForkJoinPool.runWorker(ForkJoinPool.java:1594)
	at java.base/java.util.concurrent.ForkJoinWorkerThread.run(ForkJoinWorkerThread.java:183)
Caused by: org.eclipse.lsp4j.jsonrpc.JsonRpcException: java.io.IOException: 파이프가 닫히는 중입니다
	at org.eclipse.lsp4j.jsonrpc.json.StreamMessageConsumer.consume(StreamMessageConsumer.java:72)
	at org.eclipse.lsp4e.LanguageServerWrapper.lambda$4(LanguageServerWrapper.java:260)
	at org.eclipse.lsp4j.jsonrpc.RemoteEndpoint.request(RemoteEndpoint.java:161)
	at org.eclipse.lsp4j.jsonrpc.services.EndpointProxy.invoke(EndpointProxy.java:91)
	at com.sun.proxy.$Proxy66.codeLens(Unknown Source)
	at org.eclipse.lsp4e.operations.codelens.CodeLensProvider.lambda$2(CodeLensProvider.java:43)
	... 15 more
Caused by: java.io.IOException: 파이프가 닫히는 중입니다
	at java.base/java.io.FileOutputStream.writeBytes(Native Method)
	at java.base/java.io.FileOutputStream.write(FileOutputStream.java:354)
	at java.base/java.io.BufferedOutputStream.flushBuffer(BufferedOutputStream.java:81)
	at java.base/java.io.BufferedOutputStream.flush(BufferedOutputStream.java:142)
	at org.eclipse.lsp4j.jsonrpc.json.StreamMessageConsumer.consume(StreamMessageConsumer.java:69)
	... 20 more

!ENTRY org.springframework.tooling.ls.eclipse.commons 1 0 2025-06-20 15:22:47.217
!MESSAGE ClasspathListenerHandler addClasspathListener sts4.classpath.RzcxfLMaisBatched = true

!ENTRY org.springframework.tooling.ls.eclipse.commons 1 0 2025-06-20 15:22:47.217
!MESSAGE Setting up ClasspathListenerManager

!ENTRY org.springframework.tooling.ls.eclipse.commons 1 0 2025-06-20 15:22:47.217
!MESSAGE Scheduling initial event for all projects ...

!ENTRY org.springframework.tooling.ls.eclipse.commons 1 0 2025-06-20 15:22:47.217
!MESSAGE Scheduling initial event for all projects DONE

!ENTRY org.springframework.tooling.ls.eclipse.commons 1 0 2025-06-20 15:22:47.217
!MESSAGE exists = true open = true => deleted = false

!ENTRY org.springframework.tooling.ls.eclipse.commons 1 0 2025-06-20 15:22:47.217
!MESSAGE ClasspathListenerHandler addClasspathListener sts4.classpath.RzcxfLMa => OK

!ENTRY org.springframework.tooling.ls.eclipse.commons 1 0 2025-06-20 15:22:47.218
!MESSAGE classpath=57 entries

!ENTRY org.springframework.tooling.ls.eclipse.commons 1 0 2025-06-20 15:22:47.219
!MESSAGE buffering callback sts4.classpath.RzcxfLMa ServiceExam false 57

!ENTRY org.springframework.tooling.ls.eclipse.commons 1 0 2025-06-20 15:22:47.219
!MESSAGE executing callback sts4.classpath.RzcxfLMa 1 batched events

!ENTRY org.springframework.tooling.ls.eclipse.commons 1 0 2025-06-20 15:22:47.423
!MESSAGE executing callback sts4.classpath.RzcxfLMa SUCCESS [done]

!ENTRY org.eclipse.lsp4e 4 0 2025-06-20 15:22:47.424
!MESSAGE org.eclipse.lsp4j.jsonrpc.JsonRpcException: java.io.IOException: 파이프가 닫히는 중입니다
!STACK 0
java.util.concurrent.ExecutionException: org.eclipse.lsp4j.jsonrpc.JsonRpcException: java.io.IOException: 파이프가 닫히는 중입니다
	at java.base/java.util.concurrent.CompletableFuture.reportGet(CompletableFuture.java:395)
	at java.base/java.util.concurrent.CompletableFuture.get(CompletableFuture.java:2028)
	at org.eclipse.lsp4e.LanguageServerWrapper.lambda$13(LanguageServerWrapper.java:425)
	at java.base/java.util.concurrent.CompletableFuture$AsyncRun.run(CompletableFuture.java:1736)
	at java.base/java.util.concurrent.CompletableFuture$AsyncRun.exec(CompletableFuture.java:1728)
	at java.base/java.util.concurrent.ForkJoinTask.doExec(ForkJoinTask.java:290)
	at java.base/java.util.concurrent.ForkJoinPool$WorkQueue.topLevelExec(ForkJoinPool.java:1020)
	at java.base/java.util.concurrent.ForkJoinPool.scan(ForkJoinPool.java:1656)
	at java.base/java.util.concurrent.ForkJoinPool.runWorker(ForkJoinPool.java:1594)
	at java.base/java.util.concurrent.ForkJoinWorkerThread.run(ForkJoinWorkerThread.java:183)
Caused by: org.eclipse.lsp4j.jsonrpc.JsonRpcException: java.io.IOException: 파이프가 닫히는 중입니다
	at org.eclipse.lsp4j.jsonrpc.json.StreamMessageConsumer.consume(StreamMessageConsumer.java:72)
	at org.eclipse.lsp4e.LanguageServerWrapper.lambda$4(LanguageServerWrapper.java:260)
	at org.eclipse.lsp4j.jsonrpc.RemoteEndpoint.request(RemoteEndpoint.java:161)
	at org.eclipse.lsp4j.jsonrpc.services.EndpointProxy.invoke(EndpointProxy.java:91)
	at com.sun.proxy.$Proxy68.shutdown(Unknown Source)
	at org.eclipse.lsp4e.LanguageServerWrapper.lambda$13(LanguageServerWrapper.java:423)
	... 7 more
Caused by: java.io.IOException: 파이프가 닫히는 중입니다
	at java.base/java.io.FileOutputStream.writeBytes(Native Method)
	at java.base/java.io.FileOutputStream.write(FileOutputStream.java:354)
	at java.base/java.io.BufferedOutputStream.flushBuffer(BufferedOutputStream.java:81)
	at java.base/java.io.BufferedOutputStream.flush(BufferedOutputStream.java:142)
	at org.eclipse.lsp4j.jsonrpc.json.StreamMessageConsumer.consume(StreamMessageConsumer.java:69)
	... 12 more

!ENTRY org.springframework.tooling.ls.eclipse.commons 1 0 2025-06-20 15:22:47.424
!MESSAGE Entering DelegatingStreamConnectionProvider()

!ENTRY org.eclipse.lsp4e 4 0 2025-06-20 15:22:47.424
!MESSAGE org.eclipse.lsp4j.jsonrpc.JsonRpcException: java.io.IOException: 파이프가 닫히는 중입니다
!STACK 0
java.util.concurrent.ExecutionException: org.eclipse.lsp4j.jsonrpc.JsonRpcException: java.io.IOException: 파이프가 닫히는 중입니다
	at java.base/java.util.concurrent.CompletableFuture.reportGet(CompletableFuture.java:395)
	at java.base/java.util.concurrent.CompletableFuture.get(CompletableFuture.java:2028)
	at org.eclipse.lsp4e.LanguageServerWrapper.lambda$13(LanguageServerWrapper.java:425)
	at java.base/java.util.concurrent.CompletableFuture$AsyncRun.run(CompletableFuture.java:1736)
	at java.base/java.util.concurrent.CompletableFuture$AsyncRun.exec(CompletableFuture.java:1728)
	at java.base/java.util.concurrent.ForkJoinTask.doExec(ForkJoinTask.java:290)
	at java.base/java.util.concurrent.ForkJoinPool$WorkQueue.topLevelExec(ForkJoinPool.java:1020)
	at java.base/java.util.concurrent.ForkJoinPool.scan(ForkJoinPool.java:1656)
	at java.base/java.util.concurrent.ForkJoinPool.runWorker(ForkJoinPool.java:1594)
	at java.base/java.util.concurrent.ForkJoinWorkerThread.run(ForkJoinWorkerThread.java:183)
Caused by: org.eclipse.lsp4j.jsonrpc.JsonRpcException: java.io.IOException: 파이프가 닫히는 중입니다
	at org.eclipse.lsp4j.jsonrpc.json.StreamMessageConsumer.consume(StreamMessageConsumer.java:72)
	at org.eclipse.lsp4e.LanguageServerWrapper.lambda$4(LanguageServerWrapper.java:260)
	at org.eclipse.lsp4j.jsonrpc.RemoteEndpoint.request(RemoteEndpoint.java:161)
	at org.eclipse.lsp4j.jsonrpc.services.EndpointProxy.invoke(EndpointProxy.java:91)
	at com.sun.proxy.$Proxy68.shutdown(Unknown Source)
	at org.eclipse.lsp4e.LanguageServerWrapper.lambda$13(LanguageServerWrapper.java:423)
	... 7 more
Caused by: java.io.IOException: 파이프가 닫히는 중입니다
	at java.base/java.io.FileOutputStream.writeBytes(Native Method)
	at java.base/java.io.FileOutputStream.write(FileOutputStream.java:354)
	at java.base/java.io.BufferedOutputStream.flushBuffer(BufferedOutputStream.java:81)
	at java.base/java.io.BufferedOutputStream.flush(BufferedOutputStream.java:142)
	at org.eclipse.lsp4j.jsonrpc.json.StreamMessageConsumer.consume(StreamMessageConsumer.java:69)
	... 12 more

!ENTRY org.springframework.tooling.ls.eclipse.commons 1 0 2025-06-20 15:22:47.424
!MESSAGE DelegatingStreamConnectionProvider classloader = org.eclipse.osgi.internal.loader.EquinoxClassLoader@580cb668[org.springframework.tooling.boot.ls:1.28.0.202109130547(id=1001)]

!ENTRY org.springframework.tooling.ls.eclipse.commons 1 0 2025-06-20 15:22:47.424
!MESSAGE SpringBootLanguageServer exists!

!ENTRY org.springframework.tooling.ls.eclipse.commons 1 0 2025-06-20 15:22:48.489
!MESSAGE Boot LS startup time from start to initialized: 1065ms

!ENTRY org.eclipse.jface.text 4 0 2025-06-20 15:22:48.515
!MESSAGE org.eclipse.lsp4j.jsonrpc.JsonRpcException: java.io.IOException: 파이프가 닫히는 중입니다
!STACK 0
java.util.concurrent.CompletionException: org.eclipse.lsp4j.jsonrpc.JsonRpcException: java.io.IOException: 파이프가 닫히는 중입니다
	at java.base/java.util.concurrent.CompletableFuture.encodeThrowable(CompletableFuture.java:331)
	at java.base/java.util.concurrent.CompletableFuture.uniAcceptNow(CompletableFuture.java:743)
	at java.base/java.util.concurrent.CompletableFuture.uniAcceptStage(CompletableFuture.java:731)
	at java.base/java.util.concurrent.CompletableFuture.thenAcceptAsync(CompletableFuture.java:2118)
	at org.eclipse.lsp4e.operations.codelens.CodeLensProvider.lambda$2(CodeLensProvider.java:44)
	at java.base/java.util.stream.ReferencePipeline$3$1.accept(ReferencePipeline.java:195)
	at java.base/java.util.ArrayList$ArrayListSpliterator.forEachRemaining(ArrayList.java:1655)
	at java.base/java.util.stream.AbstractPipeline.copyInto(AbstractPipeline.java:484)
	at java.base/java.util.stream.AbstractPipeline.wrapAndCopyInto(AbstractPipeline.java:474)
	at java.base/java.util.stream.AbstractPipeline.evaluate(AbstractPipeline.java:550)
	at java.base/java.util.stream.AbstractPipeline.evaluateToArrayNode(AbstractPipeline.java:260)
	at java.base/java.util.stream.ReferencePipeline.toArray(ReferencePipeline.java:517)
	at org.eclipse.lsp4e.operations.codelens.CodeLensProvider.lambda$1(CodeLensProvider.java:52)
	at java.base/java.util.concurrent.CompletableFuture$UniCompose.tryFire(CompletableFuture.java:1072)
	at java.base/java.util.concurrent.CompletableFuture$Completion.exec(CompletableFuture.java:479)
	at java.base/java.util.concurrent.ForkJoinTask.doExec(ForkJoinTask.java:290)
	at java.base/java.util.concurrent.ForkJoinPool$WorkQueue.topLevelExec(ForkJoinPool.java:1020)
	at java.base/java.util.concurrent.ForkJoinPool.scan(ForkJoinPool.java:1656)
	at java.base/java.util.concurrent.ForkJoinPool.runWorker(ForkJoinPool.java:1594)
	at java.base/java.util.concurrent.ForkJoinWorkerThread.run(ForkJoinWorkerThread.java:183)
Caused by: org.eclipse.lsp4j.jsonrpc.JsonRpcException: java.io.IOException: 파이프가 닫히는 중입니다
	at org.eclipse.lsp4j.jsonrpc.json.StreamMessageConsumer.consume(StreamMessageConsumer.java:72)
	at org.eclipse.lsp4e.LanguageServerWrapper.lambda$4(LanguageServerWrapper.java:260)
	at org.eclipse.lsp4j.jsonrpc.RemoteEndpoint.request(RemoteEndpoint.java:161)
	at org.eclipse.lsp4j.jsonrpc.services.EndpointProxy.invoke(EndpointProxy.java:91)
	at com.sun.proxy.$Proxy66.codeLens(Unknown Source)
	at org.eclipse.lsp4e.operations.codelens.CodeLensProvider.lambda$2(CodeLensProvider.java:43)
	... 15 more
Caused by: java.io.IOException: 파이프가 닫히는 중입니다
	at java.base/java.io.FileOutputStream.writeBytes(Native Method)
	at java.base/java.io.FileOutputStream.write(FileOutputStream.java:354)
	at java.base/java.io.BufferedOutputStream.flushBuffer(BufferedOutputStream.java:81)
	at java.base/java.io.BufferedOutputStream.flush(BufferedOutputStream.java:142)
	at org.eclipse.lsp4j.jsonrpc.json.StreamMessageConsumer.consume(StreamMessageConsumer.java:69)
	... 20 more

!ENTRY org.eclipse.jface.text 4 0 2025-06-20 15:22:48.516
!MESSAGE org.eclipse.lsp4j.jsonrpc.JsonRpcException: java.io.IOException: 파이프가 닫히는 중입니다
!STACK 0
java.util.concurrent.CompletionException: org.eclipse.lsp4j.jsonrpc.JsonRpcException: java.io.IOException: 파이프가 닫히는 중입니다
	at java.base/java.util.concurrent.CompletableFuture.encodeThrowable(CompletableFuture.java:331)
	at java.base/java.util.concurrent.CompletableFuture.uniAcceptNow(CompletableFuture.java:743)
	at java.base/java.util.concurrent.CompletableFuture.uniAcceptStage(CompletableFuture.java:731)
	at java.base/java.util.concurrent.CompletableFuture.thenAcceptAsync(CompletableFuture.java:2118)
	at org.eclipse.lsp4e.operations.codelens.CodeLensProvider.lambda$2(CodeLensProvider.java:44)
	at java.base/java.util.stream.ReferencePipeline$3$1.accept(ReferencePipeline.java:195)
	at java.base/java.util.ArrayList$ArrayListSpliterator.forEachRemaining(ArrayList.java:1655)
	at java.base/java.util.stream.AbstractPipeline.copyInto(AbstractPipeline.java:484)
	at java.base/java.util.stream.AbstractPipeline.wrapAndCopyInto(AbstractPipeline.java:474)
	at java.base/java.util.stream.AbstractPipeline.evaluate(AbstractPipeline.java:550)
	at java.base/java.util.stream.AbstractPipeline.evaluateToArrayNode(AbstractPipeline.java:260)
	at java.base/java.util.stream.ReferencePipeline.toArray(ReferencePipeline.java:517)
	at org.eclipse.lsp4e.operations.codelens.CodeLensProvider.lambda$1(CodeLensProvider.java:52)
	at java.base/java.util.concurrent.CompletableFuture$UniCompose.tryFire(CompletableFuture.java:1072)
	at java.base/java.util.concurrent.CompletableFuture$Completion.exec(CompletableFuture.java:479)
	at java.base/java.util.concurrent.ForkJoinTask.doExec(ForkJoinTask.java:290)
	at java.base/java.util.concurrent.ForkJoinPool$WorkQueue.topLevelExec(ForkJoinPool.java:1020)
	at java.base/java.util.concurrent.ForkJoinPool.scan(ForkJoinPool.java:1656)
	at java.base/java.util.concurrent.ForkJoinPool.runWorker(ForkJoinPool.java:1594)
	at java.base/java.util.concurrent.ForkJoinWorkerThread.run(ForkJoinWorkerThread.java:183)
Caused by: org.eclipse.lsp4j.jsonrpc.JsonRpcException: java.io.IOException: 파이프가 닫히는 중입니다
	at org.eclipse.lsp4j.jsonrpc.json.StreamMessageConsumer.consume(StreamMessageConsumer.java:72)
	at org.eclipse.lsp4e.LanguageServerWrapper.lambda$4(LanguageServerWrapper.java:260)
	at org.eclipse.lsp4j.jsonrpc.RemoteEndpoint.request(RemoteEndpoint.java:161)
	at org.eclipse.lsp4j.jsonrpc.services.EndpointProxy.invoke(EndpointProxy.java:91)
	at com.sun.proxy.$Proxy66.codeLens(Unknown Source)
	at org.eclipse.lsp4e.operations.codelens.CodeLensProvider.lambda$2(CodeLensProvider.java:43)
	... 15 more
Caused by: java.io.IOException: 파이프가 닫히는 중입니다
	at java.base/java.io.FileOutputStream.writeBytes(Native Method)
	at java.base/java.io.FileOutputStream.write(FileOutputStream.java:354)
	at java.base/java.io.BufferedOutputStream.flushBuffer(BufferedOutputStream.java:81)
	at java.base/java.io.BufferedOutputStream.flush(BufferedOutputStream.java:142)
	at org.eclipse.lsp4j.jsonrpc.json.StreamMessageConsumer.consume(StreamMessageConsumer.java:69)
	... 20 more

!ENTRY org.eclipse.jface.text 4 0 2025-06-20 15:22:48.516
!MESSAGE org.eclipse.lsp4j.jsonrpc.JsonRpcException: java.io.IOException: 파이프가 닫히는 중입니다
!STACK 0
java.util.concurrent.CompletionException: org.eclipse.lsp4j.jsonrpc.JsonRpcException: java.io.IOException: 파이프가 닫히는 중입니다
	at java.base/java.util.concurrent.CompletableFuture.encodeThrowable(CompletableFuture.java:331)
	at java.base/java.util.concurrent.CompletableFuture.uniAcceptNow(CompletableFuture.java:743)
	at java.base/java.util.concurrent.CompletableFuture.uniAcceptStage(CompletableFuture.java:731)
	at java.base/java.util.concurrent.CompletableFuture.thenAcceptAsync(CompletableFuture.java:2118)
	at org.eclipse.lsp4e.operations.codelens.CodeLensProvider.lambda$2(CodeLensProvider.java:44)
	at java.base/java.util.stream.ReferencePipeline$3$1.accept(ReferencePipeline.java:195)
	at java.base/java.util.ArrayList$ArrayListSpliterator.forEachRemaining(ArrayList.java:1655)
	at java.base/java.util.stream.AbstractPipeline.copyInto(AbstractPipeline.java:484)
	at java.base/java.util.stream.AbstractPipeline.wrapAndCopyInto(AbstractPipeline.java:474)
	at java.base/java.util.stream.AbstractPipeline.evaluate(AbstractPipeline.java:550)
	at java.base/java.util.stream.AbstractPipeline.evaluateToArrayNode(AbstractPipeline.java:260)
	at java.base/java.util.stream.ReferencePipeline.toArray(ReferencePipeline.java:517)
	at org.eclipse.lsp4e.operations.codelens.CodeLensProvider.lambda$1(CodeLensProvider.java:52)
	at java.base/java.util.concurrent.CompletableFuture$UniCompose.tryFire(CompletableFuture.java:1072)
	at java.base/java.util.concurrent.CompletableFuture$Completion.exec(CompletableFuture.java:479)
	at java.base/java.util.concurrent.ForkJoinTask.doExec(ForkJoinTask.java:290)
	at java.base/java.util.concurrent.ForkJoinPool$WorkQueue.topLevelExec(ForkJoinPool.java:1020)
	at java.base/java.util.concurrent.ForkJoinPool.scan(ForkJoinPool.java:1656)
	at java.base/java.util.concurrent.ForkJoinPool.runWorker(ForkJoinPool.java:1594)
	at java.base/java.util.concurrent.ForkJoinWorkerThread.run(ForkJoinWorkerThread.java:183)
Caused by: org.eclipse.lsp4j.jsonrpc.JsonRpcException: java.io.IOException: 파이프가 닫히는 중입니다
	at org.eclipse.lsp4j.jsonrpc.json.StreamMessageConsumer.consume(StreamMessageConsumer.java:72)
	at org.eclipse.lsp4e.LanguageServerWrapper.lambda$4(LanguageServerWrapper.java:260)
	at org.eclipse.lsp4j.jsonrpc.RemoteEndpoint.request(RemoteEndpoint.java:161)
	at org.eclipse.lsp4j.jsonrpc.services.EndpointProxy.invoke(EndpointProxy.java:91)
	at com.sun.proxy.$Proxy66.codeLens(Unknown Source)
	at org.eclipse.lsp4e.operations.codelens.CodeLensProvider.lambda$2(CodeLensProvider.java:43)
	... 15 more
Caused by: java.io.IOException: 파이프가 닫히는 중입니다
	at java.base/java.io.FileOutputStream.writeBytes(Native Method)
	at java.base/java.io.FileOutputStream.write(FileOutputStream.java:354)
	at java.base/java.io.BufferedOutputStream.flushBuffer(BufferedOutputStream.java:81)
	at java.base/java.io.BufferedOutputStream.flush(BufferedOutputStream.java:142)
	at org.eclipse.lsp4j.jsonrpc.json.StreamMessageConsumer.consume(StreamMessageConsumer.java:69)
	... 20 more

!ENTRY org.eclipse.jface.text 4 0 2025-06-20 15:22:48.519
!MESSAGE org.eclipse.lsp4j.jsonrpc.JsonRpcException: java.io.IOException: 파이프가 닫히는 중입니다
!STACK 0
java.util.concurrent.CompletionException: org.eclipse.lsp4j.jsonrpc.JsonRpcException: java.io.IOException: 파이프가 닫히는 중입니다
	at java.base/java.util.concurrent.CompletableFuture.encodeThrowable(CompletableFuture.java:331)
	at java.base/java.util.concurrent.CompletableFuture.uniAcceptNow(CompletableFuture.java:743)
	at java.base/java.util.concurrent.CompletableFuture.uniAcceptStage(CompletableFuture.java:731)
	at java.base/java.util.concurrent.CompletableFuture.thenAcceptAsync(CompletableFuture.java:2118)
	at org.eclipse.lsp4e.operations.codelens.CodeLensProvider.lambda$2(CodeLensProvider.java:44)
	at java.base/java.util.stream.ReferencePipeline$3$1.accept(ReferencePipeline.java:195)
	at java.base/java.util.ArrayList$ArrayListSpliterator.forEachRemaining(ArrayList.java:1655)
	at java.base/java.util.stream.AbstractPipeline.copyInto(AbstractPipeline.java:484)
	at java.base/java.util.stream.AbstractPipeline.wrapAndCopyInto(AbstractPipeline.java:474)
	at java.base/java.util.stream.AbstractPipeline.evaluate(AbstractPipeline.java:550)
	at java.base/java.util.stream.AbstractPipeline.evaluateToArrayNode(AbstractPipeline.java:260)
	at java.base/java.util.stream.ReferencePipeline.toArray(ReferencePipeline.java:517)
	at org.eclipse.lsp4e.operations.codelens.CodeLensProvider.lambda$1(CodeLensProvider.java:52)
	at java.base/java.util.concurrent.CompletableFuture$UniCompose.tryFire(CompletableFuture.java:1072)
	at java.base/java.util.concurrent.CompletableFuture$Completion.exec(CompletableFuture.java:479)
	at java.base/java.util.concurrent.ForkJoinTask.doExec(ForkJoinTask.java:290)
	at java.base/java.util.concurrent.ForkJoinPool$WorkQueue.topLevelExec(ForkJoinPool.java:1020)
	at java.base/java.util.concurrent.ForkJoinPool.scan(ForkJoinPool.java:1656)
	at java.base/java.util.concurrent.ForkJoinPool.runWorker(ForkJoinPool.java:1594)
	at java.base/java.util.concurrent.ForkJoinWorkerThread.run(ForkJoinWorkerThread.java:183)
Caused by: org.eclipse.lsp4j.jsonrpc.JsonRpcException: java.io.IOException: 파이프가 닫히는 중입니다
	at org.eclipse.lsp4j.jsonrpc.json.StreamMessageConsumer.consume(StreamMessageConsumer.java:72)
	at org.eclipse.lsp4e.LanguageServerWrapper.lambda$4(LanguageServerWrapper.java:260)
	at org.eclipse.lsp4j.jsonrpc.RemoteEndpoint.request(RemoteEndpoint.java:161)
	at org.eclipse.lsp4j.jsonrpc.services.EndpointProxy.invoke(EndpointProxy.java:91)
	at com.sun.proxy.$Proxy66.codeLens(Unknown Source)
	at org.eclipse.lsp4e.operations.codelens.CodeLensProvider.lambda$2(CodeLensProvider.java:43)
	... 15 more
Caused by: java.io.IOException: 파이프가 닫히는 중입니다
	at java.base/java.io.FileOutputStream.writeBytes(Native Method)
	at java.base/java.io.FileOutputStream.write(FileOutputStream.java:354)
	at java.base/java.io.BufferedOutputStream.flushBuffer(BufferedOutputStream.java:81)
	at java.base/java.io.BufferedOutputStream.flush(BufferedOutputStream.java:142)
	at org.eclipse.lsp4j.jsonrpc.json.StreamMessageConsumer.consume(StreamMessageConsumer.java:69)
	... 20 more

!ENTRY org.springframework.tooling.ls.eclipse.commons 1 0 2025-06-20 15:22:48.547
!MESSAGE ClasspathListenerHandler addClasspathListener sts4.classpath.xseynuJmisBatched = true

!ENTRY org.springframework.tooling.ls.eclipse.commons 1 0 2025-06-20 15:22:48.548
!MESSAGE Setting up ClasspathListenerManager

!ENTRY org.springframework.tooling.ls.eclipse.commons 1 0 2025-06-20 15:22:48.548
!MESSAGE Scheduling initial event for all projects ...

!ENTRY org.springframework.tooling.ls.eclipse.commons 1 0 2025-06-20 15:22:48.548
!MESSAGE Scheduling initial event for all projects DONE

!ENTRY org.springframework.tooling.ls.eclipse.commons 1 0 2025-06-20 15:22:48.548
!MESSAGE exists = true open = true => deleted = false

!ENTRY org.springframework.tooling.ls.eclipse.commons 1 0 2025-06-20 15:22:48.549
!MESSAGE ClasspathListenerHandler addClasspathListener sts4.classpath.xseynuJm => OK

!ENTRY org.springframework.tooling.ls.eclipse.commons 1 0 2025-06-20 15:22:48.549
!MESSAGE classpath=57 entries

!ENTRY org.springframework.tooling.ls.eclipse.commons 1 0 2025-06-20 15:22:48.550
!MESSAGE buffering callback sts4.classpath.xseynuJm ServiceExam false 57

!ENTRY org.springframework.tooling.ls.eclipse.commons 1 0 2025-06-20 15:22:48.550
!MESSAGE executing callback sts4.classpath.xseynuJm 1 batched events

!ENTRY org.springframework.tooling.ls.eclipse.commons 1 0 2025-06-20 15:22:48.758
!MESSAGE executing callback sts4.classpath.xseynuJm SUCCESS [done]

!ENTRY org.eclipse.lsp4e 4 0 2025-06-20 15:22:48.760
!MESSAGE org.eclipse.lsp4j.jsonrpc.JsonRpcException: java.io.IOException: 파이프가 닫히는 중입니다
!STACK 0
java.util.concurrent.ExecutionException: org.eclipse.lsp4j.jsonrpc.JsonRpcException: java.io.IOException: 파이프가 닫히는 중입니다
	at java.base/java.util.concurrent.CompletableFuture.reportGet(CompletableFuture.java:395)
	at java.base/java.util.concurrent.CompletableFuture.get(CompletableFuture.java:2028)
	at org.eclipse.lsp4e.LanguageServerWrapper.lambda$13(LanguageServerWrapper.java:425)
	at java.base/java.util.concurrent.CompletableFuture$AsyncRun.run(CompletableFuture.java:1736)
	at java.base/java.util.concurrent.CompletableFuture$AsyncRun.exec(CompletableFuture.java:1728)
	at java.base/java.util.concurrent.ForkJoinTask.doExec(ForkJoinTask.java:290)
	at java.base/java.util.concurrent.ForkJoinPool$WorkQueue.topLevelExec(ForkJoinPool.java:1020)
	at java.base/java.util.concurrent.ForkJoinPool.scan(ForkJoinPool.java:1656)
	at java.base/java.util.concurrent.ForkJoinPool.runWorker(ForkJoinPool.java:1594)
	at java.base/java.util.concurrent.ForkJoinWorkerThread.run(ForkJoinWorkerThread.java:183)
Caused by: org.eclipse.lsp4j.jsonrpc.JsonRpcException: java.io.IOException: 파이프가 닫히는 중입니다
	at org.eclipse.lsp4j.jsonrpc.json.StreamMessageConsumer.consume(StreamMessageConsumer.java:72)
	at org.eclipse.lsp4e.LanguageServerWrapper.lambda$4(LanguageServerWrapper.java:260)
	at org.eclipse.lsp4j.jsonrpc.RemoteEndpoint.request(RemoteEndpoint.java:161)
	at org.eclipse.lsp4j.jsonrpc.services.EndpointProxy.invoke(EndpointProxy.java:91)
	at com.sun.proxy.$Proxy68.shutdown(Unknown Source)
	at org.eclipse.lsp4e.LanguageServerWrapper.lambda$13(LanguageServerWrapper.java:423)
	... 7 more
Caused by: java.io.IOException: 파이프가 닫히는 중입니다
	at java.base/java.io.FileOutputStream.writeBytes(Native Method)
	at java.base/java.io.FileOutputStream.write(FileOutputStream.java:354)
	at java.base/java.io.BufferedOutputStream.flushBuffer(BufferedOutputStream.java:81)
	at java.base/java.io.BufferedOutputStream.flush(BufferedOutputStream.java:142)
	at org.eclipse.lsp4j.jsonrpc.json.StreamMessageConsumer.consume(StreamMessageConsumer.java:69)
	... 12 more

!ENTRY org.eclipse.lsp4e 4 0 2025-06-20 15:22:48.760
!MESSAGE org.eclipse.lsp4j.jsonrpc.JsonRpcException: java.io.IOException: 파이프가 닫히는 중입니다
!STACK 0
java.util.concurrent.ExecutionException: org.eclipse.lsp4j.jsonrpc.JsonRpcException: java.io.IOException: 파이프가 닫히는 중입니다
	at java.base/java.util.concurrent.CompletableFuture.reportGet(CompletableFuture.java:395)
	at java.base/java.util.concurrent.CompletableFuture.get(CompletableFuture.java:2028)
	at org.eclipse.lsp4e.LanguageServerWrapper.lambda$13(LanguageServerWrapper.java:425)
	at java.base/java.util.concurrent.CompletableFuture$AsyncRun.run(CompletableFuture.java:1736)
	at java.base/java.util.concurrent.CompletableFuture$AsyncRun.exec(CompletableFuture.java:1728)
	at java.base/java.util.concurrent.ForkJoinTask.doExec(ForkJoinTask.java:290)
	at java.base/java.util.concurrent.ForkJoinPool$WorkQueue.topLevelExec(ForkJoinPool.java:1020)
	at java.base/java.util.concurrent.ForkJoinPool.scan(ForkJoinPool.java:1656)
	at java.base/java.util.concurrent.ForkJoinPool.runWorker(ForkJoinPool.java:1594)
	at java.base/java.util.concurrent.ForkJoinWorkerThread.run(ForkJoinWorkerThread.java:183)
Caused by: org.eclipse.lsp4j.jsonrpc.JsonRpcException: java.io.IOException: 파이프가 닫히는 중입니다
	at org.eclipse.lsp4j.jsonrpc.json.StreamMessageConsumer.consume(StreamMessageConsumer.java:72)
	at org.eclipse.lsp4e.LanguageServerWrapper.lambda$4(LanguageServerWrapper.java:260)
	at org.eclipse.lsp4j.jsonrpc.RemoteEndpoint.request(RemoteEndpoint.java:161)
	at org.eclipse.lsp4j.jsonrpc.services.EndpointProxy.invoke(EndpointProxy.java:91)
	at com.sun.proxy.$Proxy68.shutdown(Unknown Source)
	at org.eclipse.lsp4e.LanguageServerWrapper.lambda$13(LanguageServerWrapper.java:423)
	... 7 more
Caused by: java.io.IOException: 파이프가 닫히는 중입니다
	at java.base/java.io.FileOutputStream.writeBytes(Native Method)
	at java.base/java.io.FileOutputStream.write(FileOutputStream.java:354)
	at java.base/java.io.BufferedOutputStream.flushBuffer(BufferedOutputStream.java:81)
	at java.base/java.io.BufferedOutputStream.flush(BufferedOutputStream.java:142)
	at org.eclipse.lsp4j.jsonrpc.json.StreamMessageConsumer.consume(StreamMessageConsumer.java:69)
	... 12 more

!ENTRY org.springframework.tooling.ls.eclipse.commons 1 0 2025-06-20 15:22:48.760
!MESSAGE Entering DelegatingStreamConnectionProvider()

!ENTRY org.springframework.tooling.ls.eclipse.commons 1 0 2025-06-20 15:22:48.760
!MESSAGE DelegatingStreamConnectionProvider classloader = org.eclipse.osgi.internal.loader.EquinoxClassLoader@580cb668[org.springframework.tooling.boot.ls:1.28.0.202109130547(id=1001)]

!ENTRY org.springframework.tooling.ls.eclipse.commons 1 0 2025-06-20 15:22:48.761
!MESSAGE SpringBootLanguageServer exists!

!ENTRY org.springframework.tooling.ls.eclipse.commons 1 0 2025-06-20 15:22:49.811
!MESSAGE Boot LS startup time from start to initialized: 1048ms

!ENTRY org.eclipse.jface.text 4 0 2025-06-20 15:22:49.841
!MESSAGE org.eclipse.lsp4j.jsonrpc.JsonRpcException: java.io.IOException: 파이프가 닫히는 중입니다
!STACK 0
java.util.concurrent.CompletionException: org.eclipse.lsp4j.jsonrpc.JsonRpcException: java.io.IOException: 파이프가 닫히는 중입니다
	at java.base/java.util.concurrent.CompletableFuture.encodeThrowable(CompletableFuture.java:331)
	at java.base/java.util.concurrent.CompletableFuture.uniAcceptNow(CompletableFuture.java:743)
	at java.base/java.util.concurrent.CompletableFuture.uniAcceptStage(CompletableFuture.java:731)
	at java.base/java.util.concurrent.CompletableFuture.thenAcceptAsync(CompletableFuture.java:2118)
	at org.eclipse.lsp4e.operations.codelens.CodeLensProvider.lambda$2(CodeLensProvider.java:44)
	at java.base/java.util.stream.ReferencePipeline$3$1.accept(ReferencePipeline.java:195)
	at java.base/java.util.ArrayList$ArrayListSpliterator.forEachRemaining(ArrayList.java:1655)
	at java.base/java.util.stream.AbstractPipeline.copyInto(AbstractPipeline.java:484)
	at java.base/java.util.stream.AbstractPipeline.wrapAndCopyInto(AbstractPipeline.java:474)
	at java.base/java.util.stream.AbstractPipeline.evaluate(AbstractPipeline.java:550)
	at java.base/java.util.stream.AbstractPipeline.evaluateToArrayNode(AbstractPipeline.java:260)
	at java.base/java.util.stream.ReferencePipeline.toArray(ReferencePipeline.java:517)
	at org.eclipse.lsp4e.operations.codelens.CodeLensProvider.lambda$1(CodeLensProvider.java:52)
	at java.base/java.util.concurrent.CompletableFuture$UniCompose.tryFire(CompletableFuture.java:1072)
	at java.base/java.util.concurrent.CompletableFuture$Completion.exec(CompletableFuture.java:479)
	at java.base/java.util.concurrent.ForkJoinTask.doExec(ForkJoinTask.java:290)
	at java.base/java.util.concurrent.ForkJoinPool$WorkQueue.topLevelExec(ForkJoinPool.java:1020)
	at java.base/java.util.concurrent.ForkJoinPool.scan(ForkJoinPool.java:1656)
	at java.base/java.util.concurrent.ForkJoinPool.runWorker(ForkJoinPool.java:1594)
	at java.base/java.util.concurrent.ForkJoinWorkerThread.run(ForkJoinWorkerThread.java:183)
Caused by: org.eclipse.lsp4j.jsonrpc.JsonRpcException: java.io.IOException: 파이프가 닫히는 중입니다
	at org.eclipse.lsp4j.jsonrpc.json.StreamMessageConsumer.consume(StreamMessageConsumer.java:72)
	at org.eclipse.lsp4e.LanguageServerWrapper.lambda$4(LanguageServerWrapper.java:260)
	at org.eclipse.lsp4j.jsonrpc.RemoteEndpoint.request(RemoteEndpoint.java:161)
	at org.eclipse.lsp4j.jsonrpc.services.EndpointProxy.invoke(EndpointProxy.java:91)
	at com.sun.proxy.$Proxy66.codeLens(Unknown Source)
	at org.eclipse.lsp4e.operations.codelens.CodeLensProvider.lambda$2(CodeLensProvider.java:43)
	... 15 more
Caused by: java.io.IOException: 파이프가 닫히는 중입니다
	at java.base/java.io.FileOutputStream.writeBytes(Native Method)
	at java.base/java.io.FileOutputStream.write(FileOutputStream.java:354)
	at java.base/java.io.BufferedOutputStream.flushBuffer(BufferedOutputStream.java:81)
	at java.base/java.io.BufferedOutputStream.flush(BufferedOutputStream.java:142)
	at org.eclipse.lsp4j.jsonrpc.json.StreamMessageConsumer.consume(StreamMessageConsumer.java:69)
	... 20 more

!ENTRY org.eclipse.jface.text 4 0 2025-06-20 15:22:49.841
!MESSAGE org.eclipse.lsp4j.jsonrpc.JsonRpcException: java.io.IOException: 파이프가 닫히는 중입니다
!STACK 0
java.util.concurrent.CompletionException: org.eclipse.lsp4j.jsonrpc.JsonRpcException: java.io.IOException: 파이프가 닫히는 중입니다
	at java.base/java.util.concurrent.CompletableFuture.encodeThrowable(CompletableFuture.java:331)
	at java.base/java.util.concurrent.CompletableFuture.uniAcceptNow(CompletableFuture.java:743)
	at java.base/java.util.concurrent.CompletableFuture.uniAcceptStage(CompletableFuture.java:731)
	at java.base/java.util.concurrent.CompletableFuture.thenAcceptAsync(CompletableFuture.java:2118)
	at org.eclipse.lsp4e.operations.codelens.CodeLensProvider.lambda$2(CodeLensProvider.java:44)
	at java.base/java.util.stream.ReferencePipeline$3$1.accept(ReferencePipeline.java:195)
	at java.base/java.util.ArrayList$ArrayListSpliterator.forEachRemaining(ArrayList.java:1655)
	at java.base/java.util.stream.AbstractPipeline.copyInto(AbstractPipeline.java:484)
	at java.base/java.util.stream.AbstractPipeline.wrapAndCopyInto(AbstractPipeline.java:474)
	at java.base/java.util.stream.AbstractPipeline.evaluate(AbstractPipeline.java:550)
	at java.base/java.util.stream.AbstractPipeline.evaluateToArrayNode(AbstractPipeline.java:260)
	at java.base/java.util.stream.ReferencePipeline.toArray(ReferencePipeline.java:517)
	at org.eclipse.lsp4e.operations.codelens.CodeLensProvider.lambda$1(CodeLensProvider.java:52)
	at java.base/java.util.concurrent.CompletableFuture$UniCompose.tryFire(CompletableFuture.java:1072)
	at java.base/java.util.concurrent.CompletableFuture$Completion.exec(CompletableFuture.java:479)
	at java.base/java.util.concurrent.ForkJoinTask.doExec(ForkJoinTask.java:290)
	at java.base/java.util.concurrent.ForkJoinPool$WorkQueue.topLevelExec(ForkJoinPool.java:1020)
	at java.base/java.util.concurrent.ForkJoinPool.scan(ForkJoinPool.java:1656)
	at java.base/java.util.concurrent.ForkJoinPool.runWorker(ForkJoinPool.java:1594)
	at java.base/java.util.concurrent.ForkJoinWorkerThread.run(ForkJoinWorkerThread.java:183)
Caused by: org.eclipse.lsp4j.jsonrpc.JsonRpcException: java.io.IOException: 파이프가 닫히는 중입니다
	at org.eclipse.lsp4j.jsonrpc.json.StreamMessageConsumer.consume(StreamMessageConsumer.java:72)
	at org.eclipse.lsp4e.LanguageServerWrapper.lambda$4(LanguageServerWrapper.java:260)
	at org.eclipse.lsp4j.jsonrpc.RemoteEndpoint.request(RemoteEndpoint.java:161)
	at org.eclipse.lsp4j.jsonrpc.services.EndpointProxy.invoke(EndpointProxy.java:91)
	at com.sun.proxy.$Proxy66.codeLens(Unknown Source)
	at org.eclipse.lsp4e.operations.codelens.CodeLensProvider.lambda$2(CodeLensProvider.java:43)
	... 15 more
Caused by: java.io.IOException: 파이프가 닫히는 중입니다
	at java.base/java.io.FileOutputStream.writeBytes(Native Method)
	at java.base/java.io.FileOutputStream.write(FileOutputStream.java:354)
	at java.base/java.io.BufferedOutputStream.flushBuffer(BufferedOutputStream.java:81)
	at java.base/java.io.BufferedOutputStream.flush(BufferedOutputStream.java:142)
	at org.eclipse.lsp4j.jsonrpc.json.StreamMessageConsumer.consume(StreamMessageConsumer.java:69)
	... 20 more

!ENTRY org.eclipse.jface.text 4 0 2025-06-20 15:22:49.843
!MESSAGE org.eclipse.lsp4j.jsonrpc.JsonRpcException: java.io.IOException: 파이프가 닫히는 중입니다
!STACK 0
java.util.concurrent.CompletionException: org.eclipse.lsp4j.jsonrpc.JsonRpcException: java.io.IOException: 파이프가 닫히는 중입니다
	at java.base/java.util.concurrent.CompletableFuture.encodeThrowable(CompletableFuture.java:331)
	at java.base/java.util.concurrent.CompletableFuture.uniAcceptNow(CompletableFuture.java:743)
	at java.base/java.util.concurrent.CompletableFuture.uniAcceptStage(CompletableFuture.java:731)
	at java.base/java.util.concurrent.CompletableFuture.thenAcceptAsync(CompletableFuture.java:2118)
	at org.eclipse.lsp4e.operations.codelens.CodeLensProvider.lambda$2(CodeLensProvider.java:44)
	at java.base/java.util.stream.ReferencePipeline$3$1.accept(ReferencePipeline.java:195)
	at java.base/java.util.ArrayList$ArrayListSpliterator.forEachRemaining(ArrayList.java:1655)
	at java.base/java.util.stream.AbstractPipeline.copyInto(AbstractPipeline.java:484)
	at java.base/java.util.stream.AbstractPipeline.wrapAndCopyInto(AbstractPipeline.java:474)
	at java.base/java.util.stream.AbstractPipeline.evaluate(AbstractPipeline.java:550)
	at java.base/java.util.stream.AbstractPipeline.evaluateToArrayNode(AbstractPipeline.java:260)
	at java.base/java.util.stream.ReferencePipeline.toArray(ReferencePipeline.java:517)
	at org.eclipse.lsp4e.operations.codelens.CodeLensProvider.lambda$1(CodeLensProvider.java:52)
	at java.base/java.util.concurrent.CompletableFuture$UniCompose.tryFire(CompletableFuture.java:1072)
	at java.base/java.util.concurrent.CompletableFuture$Completion.exec(CompletableFuture.java:479)
	at java.base/java.util.concurrent.ForkJoinTask.doExec(ForkJoinTask.java:290)
	at java.base/java.util.concurrent.ForkJoinPool$WorkQueue.topLevelExec(ForkJoinPool.java:1020)
	at java.base/java.util.concurrent.ForkJoinPool.scan(ForkJoinPool.java:1656)
	at java.base/java.util.concurrent.ForkJoinPool.runWorker(ForkJoinPool.java:1594)
	at java.base/java.util.concurrent.ForkJoinWorkerThread.run(ForkJoinWorkerThread.java:183)
Caused by: org.eclipse.lsp4j.jsonrpc.JsonRpcException: java.io.IOException: 파이프가 닫히는 중입니다
	at org.eclipse.lsp4j.jsonrpc.json.StreamMessageConsumer.consume(StreamMessageConsumer.java:72)
	at org.eclipse.lsp4e.LanguageServerWrapper.lambda$4(LanguageServerWrapper.java:260)
	at org.eclipse.lsp4j.jsonrpc.RemoteEndpoint.request(RemoteEndpoint.java:161)
	at org.eclipse.lsp4j.jsonrpc.services.EndpointProxy.invoke(EndpointProxy.java:91)
	at com.sun.proxy.$Proxy66.codeLens(Unknown Source)
	at org.eclipse.lsp4e.operations.codelens.CodeLensProvider.lambda$2(CodeLensProvider.java:43)
	... 15 more
Caused by: java.io.IOException: 파이프가 닫히는 중입니다
	at java.base/java.io.FileOutputStream.writeBytes(Native Method)
	at java.base/java.io.FileOutputStream.write(FileOutputStream.java:354)
	at java.base/java.io.BufferedOutputStream.flushBuffer(BufferedOutputStream.java:81)
	at java.base/java.io.BufferedOutputStream.flush(BufferedOutputStream.java:142)
	at org.eclipse.lsp4j.jsonrpc.json.StreamMessageConsumer.consume(StreamMessageConsumer.java:69)
	... 20 more

!ENTRY org.eclipse.jface.text 4 0 2025-06-20 15:22:49.843
!MESSAGE org.eclipse.lsp4j.jsonrpc.JsonRpcException: java.io.IOException: 파이프가 닫히는 중입니다
!STACK 0
java.util.concurrent.CompletionException: org.eclipse.lsp4j.jsonrpc.JsonRpcException: java.io.IOException: 파이프가 닫히는 중입니다
	at java.base/java.util.concurrent.CompletableFuture.encodeThrowable(CompletableFuture.java:331)
	at java.base/java.util.concurrent.CompletableFuture.uniAcceptNow(CompletableFuture.java:743)
	at java.base/java.util.concurrent.CompletableFuture.uniAcceptStage(CompletableFuture.java:731)
	at java.base/java.util.concurrent.CompletableFuture.thenAcceptAsync(CompletableFuture.java:2118)
	at org.eclipse.lsp4e.operations.codelens.CodeLensProvider.lambda$2(CodeLensProvider.java:44)
	at java.base/java.util.stream.ReferencePipeline$3$1.accept(ReferencePipeline.java:195)
	at java.base/java.util.ArrayList$ArrayListSpliterator.forEachRemaining(ArrayList.java:1655)
	at java.base/java.util.stream.AbstractPipeline.copyInto(AbstractPipeline.java:484)
	at java.base/java.util.stream.AbstractPipeline.wrapAndCopyInto(AbstractPipeline.java:474)
	at java.base/java.util.stream.AbstractPipeline.evaluate(AbstractPipeline.java:550)
	at java.base/java.util.stream.AbstractPipeline.evaluateToArrayNode(AbstractPipeline.java:260)
	at java.base/java.util.stream.ReferencePipeline.toArray(ReferencePipeline.java:517)
	at org.eclipse.lsp4e.operations.codelens.CodeLensProvider.lambda$1(CodeLensProvider.java:52)
	at java.base/java.util.concurrent.CompletableFuture$UniCompose.tryFire(CompletableFuture.java:1072)
	at java.base/java.util.concurrent.CompletableFuture$Completion.exec(CompletableFuture.java:479)
	at java.base/java.util.concurrent.ForkJoinTask.doExec(ForkJoinTask.java:290)
	at java.base/java.util.concurrent.ForkJoinPool$WorkQueue.topLevelExec(ForkJoinPool.java:1020)
	at java.base/java.util.concurrent.ForkJoinPool.scan(ForkJoinPool.java:1656)
	at java.base/java.util.concurrent.ForkJoinPool.runWorker(ForkJoinPool.java:1594)
	at java.base/java.util.concurrent.ForkJoinWorkerThread.run(ForkJoinWorkerThread.java:183)
Caused by: org.eclipse.lsp4j.jsonrpc.JsonRpcException: java.io.IOException: 파이프가 닫히는 중입니다
	at org.eclipse.lsp4j.jsonrpc.json.StreamMessageConsumer.consume(StreamMessageConsumer.java:72)
	at org.eclipse.lsp4e.LanguageServerWrapper.lambda$4(LanguageServerWrapper.java:260)
	at org.eclipse.lsp4j.jsonrpc.RemoteEndpoint.request(RemoteEndpoint.java:161)
	at org.eclipse.lsp4j.jsonrpc.services.EndpointProxy.invoke(EndpointProxy.java:91)
	at com.sun.proxy.$Proxy66.codeLens(Unknown Source)
	at org.eclipse.lsp4e.operations.codelens.CodeLensProvider.lambda$2(CodeLensProvider.java:43)
	... 15 more
Caused by: java.io.IOException: 파이프가 닫히는 중입니다
	at java.base/java.io.FileOutputStream.writeBytes(Native Method)
	at java.base/java.io.FileOutputStream.write(FileOutputStream.java:354)
	at java.base/java.io.BufferedOutputStream.flushBuffer(BufferedOutputStream.java:81)
	at java.base/java.io.BufferedOutputStream.flush(BufferedOutputStream.java:142)
	at org.eclipse.lsp4j.jsonrpc.json.StreamMessageConsumer.consume(StreamMessageConsumer.java:69)
	... 20 more

!ENTRY org.springframework.tooling.ls.eclipse.commons 1 0 2025-06-20 15:22:49.868
!MESSAGE ClasspathListenerHandler addClasspathListener sts4.classpath.guXArxzEisBatched = true

!ENTRY org.springframework.tooling.ls.eclipse.commons 1 0 2025-06-20 15:22:49.869
!MESSAGE Setting up ClasspathListenerManager

!ENTRY org.springframework.tooling.ls.eclipse.commons 1 0 2025-06-20 15:22:49.869
!MESSAGE Scheduling initial event for all projects ...

!ENTRY org.springframework.tooling.ls.eclipse.commons 1 0 2025-06-20 15:22:49.869
!MESSAGE Scheduling initial event for all projects DONE

!ENTRY org.springframework.tooling.ls.eclipse.commons 1 0 2025-06-20 15:22:49.869
!MESSAGE exists = true open = true => deleted = false

!ENTRY org.springframework.tooling.ls.eclipse.commons 1 0 2025-06-20 15:22:49.869
!MESSAGE ClasspathListenerHandler addClasspathListener sts4.classpath.guXArxzE => OK

!ENTRY org.springframework.tooling.ls.eclipse.commons 1 0 2025-06-20 15:22:49.870
!MESSAGE classpath=57 entries

!ENTRY org.springframework.tooling.ls.eclipse.commons 1 0 2025-06-20 15:22:49.870
!MESSAGE buffering callback sts4.classpath.guXArxzE ServiceExam false 57

!ENTRY org.springframework.tooling.ls.eclipse.commons 1 0 2025-06-20 15:22:49.872
!MESSAGE executing callback sts4.classpath.guXArxzE 1 batched events

!ENTRY org.springframework.tooling.ls.eclipse.commons 1 0 2025-06-20 15:22:50.076
!MESSAGE executing callback sts4.classpath.guXArxzE SUCCESS [done]

!ENTRY org.springframework.tooling.ls.eclipse.commons 1 0 2025-06-20 15:22:50.077
!MESSAGE Entering DelegatingStreamConnectionProvider()

!ENTRY org.eclipse.lsp4e 4 0 2025-06-20 15:22:50.077
!MESSAGE org.eclipse.lsp4j.jsonrpc.JsonRpcException: java.io.IOException: 파이프가 닫히는 중입니다
!STACK 0
java.util.concurrent.ExecutionException: org.eclipse.lsp4j.jsonrpc.JsonRpcException: java.io.IOException: 파이프가 닫히는 중입니다
	at java.base/java.util.concurrent.CompletableFuture.reportGet(CompletableFuture.java:395)
	at java.base/java.util.concurrent.CompletableFuture.get(CompletableFuture.java:2028)
	at org.eclipse.lsp4e.LanguageServerWrapper.lambda$13(LanguageServerWrapper.java:425)
	at java.base/java.util.concurrent.CompletableFuture$AsyncRun.run(CompletableFuture.java:1736)
	at java.base/java.util.concurrent.CompletableFuture$AsyncRun.exec(CompletableFuture.java:1728)
	at java.base/java.util.concurrent.ForkJoinTask.doExec(ForkJoinTask.java:290)
	at java.base/java.util.concurrent.ForkJoinPool$WorkQueue.topLevelExec(ForkJoinPool.java:1020)
	at java.base/java.util.concurrent.ForkJoinPool.scan(ForkJoinPool.java:1656)
	at java.base/java.util.concurrent.ForkJoinPool.runWorker(ForkJoinPool.java:1594)
	at java.base/java.util.concurrent.ForkJoinWorkerThread.run(ForkJoinWorkerThread.java:183)
Caused by: org.eclipse.lsp4j.jsonrpc.JsonRpcException: java.io.IOException: 파이프가 닫히는 중입니다
	at org.eclipse.lsp4j.jsonrpc.json.StreamMessageConsumer.consume(StreamMessageConsumer.java:72)
	at org.eclipse.lsp4e.LanguageServerWrapper.lambda$4(LanguageServerWrapper.java:260)
	at org.eclipse.lsp4j.jsonrpc.RemoteEndpoint.request(RemoteEndpoint.java:161)
	at org.eclipse.lsp4j.jsonrpc.services.EndpointProxy.invoke(EndpointProxy.java:91)
	at com.sun.proxy.$Proxy68.shutdown(Unknown Source)
	at org.eclipse.lsp4e.LanguageServerWrapper.lambda$13(LanguageServerWrapper.java:423)
	... 7 more
Caused by: java.io.IOException: 파이프가 닫히는 중입니다
	at java.base/java.io.FileOutputStream.writeBytes(Native Method)
	at java.base/java.io.FileOutputStream.write(FileOutputStream.java:354)
	at java.base/java.io.BufferedOutputStream.flushBuffer(BufferedOutputStream.java:81)
	at java.base/java.io.BufferedOutputStream.flush(BufferedOutputStream.java:142)
	at org.eclipse.lsp4j.jsonrpc.json.StreamMessageConsumer.consume(StreamMessageConsumer.java:69)
	... 12 more

!ENTRY org.eclipse.lsp4e 4 0 2025-06-20 15:22:50.077
!MESSAGE org.eclipse.lsp4j.jsonrpc.JsonRpcException: java.io.IOException: 파이프가 닫히는 중입니다
!STACK 0
java.util.concurrent.ExecutionException: org.eclipse.lsp4j.jsonrpc.JsonRpcException: java.io.IOException: 파이프가 닫히는 중입니다
	at java.base/java.util.concurrent.CompletableFuture.reportGet(CompletableFuture.java:395)
	at java.base/java.util.concurrent.CompletableFuture.get(CompletableFuture.java:2028)
	at org.eclipse.lsp4e.LanguageServerWrapper.lambda$13(LanguageServerWrapper.java:425)
	at java.base/java.util.concurrent.CompletableFuture$AsyncRun.run(CompletableFuture.java:1736)
	at java.base/java.util.concurrent.CompletableFuture$AsyncRun.exec(CompletableFuture.java:1728)
	at java.base/java.util.concurrent.ForkJoinTask.doExec(ForkJoinTask.java:290)
	at java.base/java.util.concurrent.ForkJoinPool$WorkQueue.topLevelExec(ForkJoinPool.java:1020)
	at java.base/java.util.concurrent.ForkJoinPool.scan(ForkJoinPool.java:1656)
	at java.base/java.util.concurrent.ForkJoinPool.runWorker(ForkJoinPool.java:1594)
	at java.base/java.util.concurrent.ForkJoinWorkerThread.run(ForkJoinWorkerThread.java:183)
Caused by: org.eclipse.lsp4j.jsonrpc.JsonRpcException: java.io.IOException: 파이프가 닫히는 중입니다
	at org.eclipse.lsp4j.jsonrpc.json.StreamMessageConsumer.consume(StreamMessageConsumer.java:72)
	at org.eclipse.lsp4e.LanguageServerWrapper.lambda$4(LanguageServerWrapper.java:260)
	at org.eclipse.lsp4j.jsonrpc.RemoteEndpoint.request(RemoteEndpoint.java:161)
	at org.eclipse.lsp4j.jsonrpc.services.EndpointProxy.invoke(EndpointProxy.java:91)
	at com.sun.proxy.$Proxy68.shutdown(Unknown Source)
	at org.eclipse.lsp4e.LanguageServerWrapper.lambda$13(LanguageServerWrapper.java:423)
	... 7 more
Caused by: java.io.IOException: 파이프가 닫히는 중입니다
	at java.base/java.io.FileOutputStream.writeBytes(Native Method)
	at java.base/java.io.FileOutputStream.write(FileOutputStream.java:354)
	at java.base/java.io.BufferedOutputStream.flushBuffer(BufferedOutputStream.java:81)
	at java.base/java.io.BufferedOutputStream.flush(BufferedOutputStream.java:142)
	at org.eclipse.lsp4j.jsonrpc.json.StreamMessageConsumer.consume(StreamMessageConsumer.java:69)
	... 12 more

!ENTRY org.springframework.tooling.ls.eclipse.commons 1 0 2025-06-20 15:22:50.077
!MESSAGE DelegatingStreamConnectionProvider classloader = org.eclipse.osgi.internal.loader.EquinoxClassLoader@580cb668[org.springframework.tooling.boot.ls:1.28.0.202109130547(id=1001)]

!ENTRY org.springframework.tooling.ls.eclipse.commons 1 0 2025-06-20 15:22:50.077
!MESSAGE SpringBootLanguageServer exists!

!ENTRY org.springframework.tooling.ls.eclipse.commons 1 0 2025-06-20 15:22:51.133
!MESSAGE Boot LS startup time from start to initialized: 1055ms

!ENTRY org.eclipse.jface.text 4 0 2025-06-20 15:22:51.163
!MESSAGE org.eclipse.lsp4j.jsonrpc.JsonRpcException: java.io.IOException: 파이프가 닫히는 중입니다
!STACK 0
java.util.concurrent.CompletionException: org.eclipse.lsp4j.jsonrpc.JsonRpcException: java.io.IOException: 파이프가 닫히는 중입니다
	at java.base/java.util.concurrent.CompletableFuture.encodeThrowable(CompletableFuture.java:331)
	at java.base/java.util.concurrent.CompletableFuture.uniAcceptNow(CompletableFuture.java:743)
	at java.base/java.util.concurrent.CompletableFuture.uniAcceptStage(CompletableFuture.java:731)
	at java.base/java.util.concurrent.CompletableFuture.thenAcceptAsync(CompletableFuture.java:2118)
	at org.eclipse.lsp4e.operations.codelens.CodeLensProvider.lambda$2(CodeLensProvider.java:44)
	at java.base/java.util.stream.ReferencePipeline$3$1.accept(ReferencePipeline.java:195)
	at java.base/java.util.ArrayList$ArrayListSpliterator.forEachRemaining(ArrayList.java:1655)
	at java.base/java.util.stream.AbstractPipeline.copyInto(AbstractPipeline.java:484)
	at java.base/java.util.stream.AbstractPipeline.wrapAndCopyInto(AbstractPipeline.java:474)
	at java.base/java.util.stream.AbstractPipeline.evaluate(AbstractPipeline.java:550)
	at java.base/java.util.stream.AbstractPipeline.evaluateToArrayNode(AbstractPipeline.java:260)
	at java.base/java.util.stream.ReferencePipeline.toArray(ReferencePipeline.java:517)
	at org.eclipse.lsp4e.operations.codelens.CodeLensProvider.lambda$1(CodeLensProvider.java:52)
	at java.base/java.util.concurrent.CompletableFuture$UniCompose.tryFire(CompletableFuture.java:1072)
	at java.base/java.util.concurrent.CompletableFuture$Completion.exec(CompletableFuture.java:479)
	at java.base/java.util.concurrent.ForkJoinTask.doExec(ForkJoinTask.java:290)
	at java.base/java.util.concurrent.ForkJoinPool$WorkQueue.topLevelExec(ForkJoinPool.java:1020)
	at java.base/java.util.concurrent.ForkJoinPool.scan(ForkJoinPool.java:1656)
	at java.base/java.util.concurrent.ForkJoinPool.runWorker(ForkJoinPool.java:1594)
	at java.base/java.util.concurrent.ForkJoinWorkerThread.run(ForkJoinWorkerThread.java:183)
Caused by: org.eclipse.lsp4j.jsonrpc.JsonRpcException: java.io.IOException: 파이프가 닫히는 중입니다
	at org.eclipse.lsp4j.jsonrpc.json.StreamMessageConsumer.consume(StreamMessageConsumer.java:72)
	at org.eclipse.lsp4e.LanguageServerWrapper.lambda$4(LanguageServerWrapper.java:260)
	at org.eclipse.lsp4j.jsonrpc.RemoteEndpoint.request(RemoteEndpoint.java:161)
	at org.eclipse.lsp4j.jsonrpc.services.EndpointProxy.invoke(EndpointProxy.java:91)
	at com.sun.proxy.$Proxy66.codeLens(Unknown Source)
	at org.eclipse.lsp4e.operations.codelens.CodeLensProvider.lambda$2(CodeLensProvider.java:43)
	... 15 more
Caused by: java.io.IOException: 파이프가 닫히는 중입니다
	at java.base/java.io.FileOutputStream.writeBytes(Native Method)
	at java.base/java.io.FileOutputStream.write(FileOutputStream.java:354)
	at java.base/java.io.BufferedOutputStream.flushBuffer(BufferedOutputStream.java:81)
	at java.base/java.io.BufferedOutputStream.flush(BufferedOutputStream.java:142)
	at org.eclipse.lsp4j.jsonrpc.json.StreamMessageConsumer.consume(StreamMessageConsumer.java:69)
	... 20 more

!ENTRY org.eclipse.jface.text 4 0 2025-06-20 15:22:51.163
!MESSAGE org.eclipse.lsp4j.jsonrpc.JsonRpcException: java.io.IOException: 파이프가 닫히는 중입니다
!STACK 0
java.util.concurrent.CompletionException: org.eclipse.lsp4j.jsonrpc.JsonRpcException: java.io.IOException: 파이프가 닫히는 중입니다
	at java.base/java.util.concurrent.CompletableFuture.encodeThrowable(CompletableFuture.java:331)
	at java.base/java.util.concurrent.CompletableFuture.uniAcceptNow(CompletableFuture.java:743)
	at java.base/java.util.concurrent.CompletableFuture.uniAcceptStage(CompletableFuture.java:731)
	at java.base/java.util.concurrent.CompletableFuture.thenAcceptAsync(CompletableFuture.java:2118)
	at org.eclipse.lsp4e.operations.codelens.CodeLensProvider.lambda$2(CodeLensProvider.java:44)
	at java.base/java.util.stream.ReferencePipeline$3$1.accept(ReferencePipeline.java:195)
	at java.base/java.util.ArrayList$ArrayListSpliterator.forEachRemaining(ArrayList.java:1655)
	at java.base/java.util.stream.AbstractPipeline.copyInto(AbstractPipeline.java:484)
	at java.base/java.util.stream.AbstractPipeline.wrapAndCopyInto(AbstractPipeline.java:474)
	at java.base/java.util.stream.AbstractPipeline.evaluate(AbstractPipeline.java:550)
	at java.base/java.util.stream.AbstractPipeline.evaluateToArrayNode(AbstractPipeline.java:260)
	at java.base/java.util.stream.ReferencePipeline.toArray(ReferencePipeline.java:517)
	at org.eclipse.lsp4e.operations.codelens.CodeLensProvider.lambda$1(CodeLensProvider.java:52)
	at java.base/java.util.concurrent.CompletableFuture$UniCompose.tryFire(CompletableFuture.java:1072)
	at java.base/java.util.concurrent.CompletableFuture$Completion.exec(CompletableFuture.java:479)
	at java.base/java.util.concurrent.ForkJoinTask.doExec(ForkJoinTask.java:290)
	at java.base/java.util.concurrent.ForkJoinPool$WorkQueue.topLevelExec(ForkJoinPool.java:1020)
	at java.base/java.util.concurrent.ForkJoinPool.scan(ForkJoinPool.java:1656)
	at java.base/java.util.concurrent.ForkJoinPool.runWorker(ForkJoinPool.java:1594)
	at java.base/java.util.concurrent.ForkJoinWorkerThread.run(ForkJoinWorkerThread.java:183)
Caused by: org.eclipse.lsp4j.jsonrpc.JsonRpcException: java.io.IOException: 파이프가 닫히는 중입니다
	at org.eclipse.lsp4j.jsonrpc.json.StreamMessageConsumer.consume(StreamMessageConsumer.java:72)
	at org.eclipse.lsp4e.LanguageServerWrapper.lambda$4(LanguageServerWrapper.java:260)
	at org.eclipse.lsp4j.jsonrpc.RemoteEndpoint.request(RemoteEndpoint.java:161)
	at org.eclipse.lsp4j.jsonrpc.services.EndpointProxy.invoke(EndpointProxy.java:91)
	at com.sun.proxy.$Proxy66.codeLens(Unknown Source)
	at org.eclipse.lsp4e.operations.codelens.CodeLensProvider.lambda$2(CodeLensProvider.java:43)
	... 15 more
Caused by: java.io.IOException: 파이프가 닫히는 중입니다
	at java.base/java.io.FileOutputStream.writeBytes(Native Method)
	at java.base/java.io.FileOutputStream.write(FileOutputStream.java:354)
	at java.base/java.io.BufferedOutputStream.flushBuffer(BufferedOutputStream.java:81)
	at java.base/java.io.BufferedOutputStream.flush(BufferedOutputStream.java:142)
	at org.eclipse.lsp4j.jsonrpc.json.StreamMessageConsumer.consume(StreamMessageConsumer.java:69)
	... 20 more

!ENTRY org.eclipse.jface.text 4 0 2025-06-20 15:22:51.165
!MESSAGE org.eclipse.lsp4j.jsonrpc.JsonRpcException: java.io.IOException: 파이프가 닫히는 중입니다
!STACK 0
java.util.concurrent.CompletionException: org.eclipse.lsp4j.jsonrpc.JsonRpcException: java.io.IOException: 파이프가 닫히는 중입니다
	at java.base/java.util.concurrent.CompletableFuture.encodeThrowable(CompletableFuture.java:331)
	at java.base/java.util.concurrent.CompletableFuture.uniAcceptNow(CompletableFuture.java:743)
	at java.base/java.util.concurrent.CompletableFuture.uniAcceptStage(CompletableFuture.java:731)
	at java.base/java.util.concurrent.CompletableFuture.thenAcceptAsync(CompletableFuture.java:2118)
	at org.eclipse.lsp4e.operations.codelens.CodeLensProvider.lambda$2(CodeLensProvider.java:44)
	at java.base/java.util.stream.ReferencePipeline$3$1.accept(ReferencePipeline.java:195)
	at java.base/java.util.ArrayList$ArrayListSpliterator.forEachRemaining(ArrayList.java:1655)
	at java.base/java.util.stream.AbstractPipeline.copyInto(AbstractPipeline.java:484)
	at java.base/java.util.stream.AbstractPipeline.wrapAndCopyInto(AbstractPipeline.java:474)
	at java.base/java.util.stream.AbstractPipeline.evaluate(AbstractPipeline.java:550)
	at java.base/java.util.stream.AbstractPipeline.evaluateToArrayNode(AbstractPipeline.java:260)
	at java.base/java.util.stream.ReferencePipeline.toArray(ReferencePipeline.java:517)
	at org.eclipse.lsp4e.operations.codelens.CodeLensProvider.lambda$1(CodeLensProvider.java:52)
	at java.base/java.util.concurrent.CompletableFuture$UniCompose.tryFire(CompletableFuture.java:1072)
	at java.base/java.util.concurrent.CompletableFuture$Completion.exec(CompletableFuture.java:479)
	at java.base/java.util.concurrent.ForkJoinTask.doExec(ForkJoinTask.java:290)
	at java.base/java.util.concurrent.ForkJoinPool$WorkQueue.topLevelExec(ForkJoinPool.java:1020)
	at java.base/java.util.concurrent.ForkJoinPool.scan(ForkJoinPool.java:1656)
	at java.base/java.util.concurrent.ForkJoinPool.runWorker(ForkJoinPool.java:1594)
	at java.base/java.util.concurrent.ForkJoinWorkerThread.run(ForkJoinWorkerThread.java:183)
Caused by: org.eclipse.lsp4j.jsonrpc.JsonRpcException: java.io.IOException: 파이프가 닫히는 중입니다
	at org.eclipse.lsp4j.jsonrpc.json.StreamMessageConsumer.consume(StreamMessageConsumer.java:72)
	at org.eclipse.lsp4e.LanguageServerWrapper.lambda$4(LanguageServerWrapper.java:260)
	at org.eclipse.lsp4j.jsonrpc.RemoteEndpoint.request(RemoteEndpoint.java:161)
	at org.eclipse.lsp4j.jsonrpc.services.EndpointProxy.invoke(EndpointProxy.java:91)
	at com.sun.proxy.$Proxy66.codeLens(Unknown Source)
	at org.eclipse.lsp4e.operations.codelens.CodeLensProvider.lambda$2(CodeLensProvider.java:43)
	... 15 more
Caused by: java.io.IOException: 파이프가 닫히는 중입니다
	at java.base/java.io.FileOutputStream.writeBytes(Native Method)
	at java.base/java.io.FileOutputStream.write(FileOutputStream.java:354)
	at java.base/java.io.BufferedOutputStream.flushBuffer(BufferedOutputStream.java:81)
	at java.base/java.io.BufferedOutputStream.flush(BufferedOutputStream.java:142)
	at org.eclipse.lsp4j.jsonrpc.json.StreamMessageConsumer.consume(StreamMessageConsumer.java:69)
	... 20 more

!ENTRY org.eclipse.jface.text 4 0 2025-06-20 15:22:51.166
!MESSAGE org.eclipse.lsp4j.jsonrpc.JsonRpcException: java.io.IOException: 파이프가 닫히는 중입니다
!STACK 0
java.util.concurrent.CompletionException: org.eclipse.lsp4j.jsonrpc.JsonRpcException: java.io.IOException: 파이프가 닫히는 중입니다
	at java.base/java.util.concurrent.CompletableFuture.encodeThrowable(CompletableFuture.java:331)
	at java.base/java.util.concurrent.CompletableFuture.uniAcceptNow(CompletableFuture.java:743)
	at java.base/java.util.concurrent.CompletableFuture.uniAcceptStage(CompletableFuture.java:731)
	at java.base/java.util.concurrent.CompletableFuture.thenAcceptAsync(CompletableFuture.java:2118)
	at org.eclipse.lsp4e.operations.codelens.CodeLensProvider.lambda$2(CodeLensProvider.java:44)
	at java.base/java.util.stream.ReferencePipeline$3$1.accept(ReferencePipeline.java:195)
	at java.base/java.util.ArrayList$ArrayListSpliterator.forEachRemaining(ArrayList.java:1655)
	at java.base/java.util.stream.AbstractPipeline.copyInto(AbstractPipeline.java:484)
	at java.base/java.util.stream.AbstractPipeline.wrapAndCopyInto(AbstractPipeline.java:474)
	at java.base/java.util.stream.AbstractPipeline.evaluate(AbstractPipeline.java:550)
	at java.base/java.util.stream.AbstractPipeline.evaluateToArrayNode(AbstractPipeline.java:260)
	at java.base/java.util.stream.ReferencePipeline.toArray(ReferencePipeline.java:517)
	at org.eclipse.lsp4e.operations.codelens.CodeLensProvider.lambda$1(CodeLensProvider.java:52)
	at java.base/java.util.concurrent.CompletableFuture$UniCompose.tryFire(CompletableFuture.java:1072)
	at java.base/java.util.concurrent.CompletableFuture$Completion.exec(CompletableFuture.java:479)
	at java.base/java.util.concurrent.ForkJoinTask.doExec(ForkJoinTask.java:290)
	at java.base/java.util.concurrent.ForkJoinPool$WorkQueue.topLevelExec(ForkJoinPool.java:1020)
	at java.base/java.util.concurrent.ForkJoinPool.scan(ForkJoinPool.java:1656)
	at java.base/java.util.concurrent.ForkJoinPool.runWorker(ForkJoinPool.java:1594)
	at java.base/java.util.concurrent.ForkJoinWorkerThread.run(ForkJoinWorkerThread.java:183)
Caused by: org.eclipse.lsp4j.jsonrpc.JsonRpcException: java.io.IOException: 파이프가 닫히는 중입니다
	at org.eclipse.lsp4j.jsonrpc.json.StreamMessageConsumer.consume(StreamMessageConsumer.java:72)
	at org.eclipse.lsp4e.LanguageServerWrapper.lambda$4(LanguageServerWrapper.java:260)
	at org.eclipse.lsp4j.jsonrpc.RemoteEndpoint.request(RemoteEndpoint.java:161)
	at org.eclipse.lsp4j.jsonrpc.services.EndpointProxy.invoke(EndpointProxy.java:91)
	at com.sun.proxy.$Proxy66.codeLens(Unknown Source)
	at org.eclipse.lsp4e.operations.codelens.CodeLensProvider.lambda$2(CodeLensProvider.java:43)
	... 15 more
Caused by: java.io.IOException: 파이프가 닫히는 중입니다
	at java.base/java.io.FileOutputStream.writeBytes(Native Method)
	at java.base/java.io.FileOutputStream.write(FileOutputStream.java:354)
	at java.base/java.io.BufferedOutputStream.flushBuffer(BufferedOutputStream.java:81)
	at java.base/java.io.BufferedOutputStream.flush(BufferedOutputStream.java:142)
	at org.eclipse.lsp4j.jsonrpc.json.StreamMessageConsumer.consume(StreamMessageConsumer.java:69)
	... 20 more

!ENTRY org.springframework.tooling.ls.eclipse.commons 1 0 2025-06-20 15:22:51.189
!MESSAGE ClasspathListenerHandler addClasspathListener sts4.classpath.EGRinXOjisBatched = true

!ENTRY org.springframework.tooling.ls.eclipse.commons 1 0 2025-06-20 15:22:51.189
!MESSAGE Setting up ClasspathListenerManager

!ENTRY org.springframework.tooling.ls.eclipse.commons 1 0 2025-06-20 15:22:51.189
!MESSAGE Scheduling initial event for all projects ...

!ENTRY org.springframework.tooling.ls.eclipse.commons 1 0 2025-06-20 15:22:51.190
!MESSAGE Scheduling initial event for all projects DONE

!ENTRY org.springframework.tooling.ls.eclipse.commons 1 0 2025-06-20 15:22:51.190
!MESSAGE exists = true open = true => deleted = false

!ENTRY org.springframework.tooling.ls.eclipse.commons 1 0 2025-06-20 15:22:51.190
!MESSAGE ClasspathListenerHandler addClasspathListener sts4.classpath.EGRinXOj => OK

!ENTRY org.springframework.tooling.ls.eclipse.commons 1 0 2025-06-20 15:22:51.192
!MESSAGE classpath=57 entries

!ENTRY org.springframework.tooling.ls.eclipse.commons 1 0 2025-06-20 15:22:51.192
!MESSAGE buffering callback sts4.classpath.EGRinXOj ServiceExam false 57

!ENTRY org.springframework.tooling.ls.eclipse.commons 1 0 2025-06-20 15:22:51.192
!MESSAGE executing callback sts4.classpath.EGRinXOj 1 batched events

!ENTRY org.springframework.tooling.ls.eclipse.commons 1 0 2025-06-20 15:22:51.404
!MESSAGE executing callback sts4.classpath.EGRinXOj SUCCESS [done]

!ENTRY org.springframework.tooling.ls.eclipse.commons 1 0 2025-06-20 15:22:51.405
!MESSAGE Entering DelegatingStreamConnectionProvider()

!ENTRY org.eclipse.lsp4e 4 0 2025-06-20 15:22:51.405
!MESSAGE org.eclipse.lsp4j.jsonrpc.JsonRpcException: java.io.IOException: 파이프가 닫히는 중입니다
!STACK 0
java.util.concurrent.ExecutionException: org.eclipse.lsp4j.jsonrpc.JsonRpcException: java.io.IOException: 파이프가 닫히는 중입니다
	at java.base/java.util.concurrent.CompletableFuture.reportGet(CompletableFuture.java:395)
	at java.base/java.util.concurrent.CompletableFuture.get(CompletableFuture.java:2028)
	at org.eclipse.lsp4e.LanguageServerWrapper.lambda$13(LanguageServerWrapper.java:425)
	at java.base/java.util.concurrent.CompletableFuture$AsyncRun.run(CompletableFuture.java:1736)
	at java.base/java.util.concurrent.CompletableFuture$AsyncRun.exec(CompletableFuture.java:1728)
	at java.base/java.util.concurrent.ForkJoinTask.doExec(ForkJoinTask.java:290)
	at java.base/java.util.concurrent.ForkJoinPool$WorkQueue.topLevelExec(ForkJoinPool.java:1020)
	at java.base/java.util.concurrent.ForkJoinPool.scan(ForkJoinPool.java:1656)
	at java.base/java.util.concurrent.ForkJoinPool.runWorker(ForkJoinPool.java:1594)
	at java.base/java.util.concurrent.ForkJoinWorkerThread.run(ForkJoinWorkerThread.java:183)
Caused by: org.eclipse.lsp4j.jsonrpc.JsonRpcException: java.io.IOException: 파이프가 닫히는 중입니다
	at org.eclipse.lsp4j.jsonrpc.json.StreamMessageConsumer.consume(StreamMessageConsumer.java:72)
	at org.eclipse.lsp4e.LanguageServerWrapper.lambda$4(LanguageServerWrapper.java:260)
	at org.eclipse.lsp4j.jsonrpc.RemoteEndpoint.request(RemoteEndpoint.java:161)
	at org.eclipse.lsp4j.jsonrpc.services.EndpointProxy.invoke(EndpointProxy.java:91)
	at com.sun.proxy.$Proxy68.shutdown(Unknown Source)
	at org.eclipse.lsp4e.LanguageServerWrapper.lambda$13(LanguageServerWrapper.java:423)
	... 7 more
Caused by: java.io.IOException: 파이프가 닫히는 중입니다
	at java.base/java.io.FileOutputStream.writeBytes(Native Method)
	at java.base/java.io.FileOutputStream.write(FileOutputStream.java:354)
	at java.base/java.io.BufferedOutputStream.flushBuffer(BufferedOutputStream.java:81)
	at java.base/java.io.BufferedOutputStream.flush(BufferedOutputStream.java:142)
	at org.eclipse.lsp4j.jsonrpc.json.StreamMessageConsumer.consume(StreamMessageConsumer.java:69)
	... 12 more

!ENTRY org.eclipse.lsp4e 4 0 2025-06-20 15:22:51.405
!MESSAGE org.eclipse.lsp4j.jsonrpc.JsonRpcException: java.io.IOException: 파이프가 닫히는 중입니다
!STACK 0
java.util.concurrent.ExecutionException: org.eclipse.lsp4j.jsonrpc.JsonRpcException: java.io.IOException: 파이프가 닫히는 중입니다
	at java.base/java.util.concurrent.CompletableFuture.reportGet(CompletableFuture.java:395)
	at java.base/java.util.concurrent.CompletableFuture.get(CompletableFuture.java:2028)
	at org.eclipse.lsp4e.LanguageServerWrapper.lambda$13(LanguageServerWrapper.java:425)
	at java.base/java.util.concurrent.CompletableFuture$AsyncRun.run(CompletableFuture.java:1736)
	at java.base/java.util.concurrent.CompletableFuture$AsyncRun.exec(CompletableFuture.java:1728)
	at java.base/java.util.concurrent.ForkJoinTask.doExec(ForkJoinTask.java:290)
	at java.base/java.util.concurrent.ForkJoinPool$WorkQueue.topLevelExec(ForkJoinPool.java:1020)
	at java.base/java.util.concurrent.ForkJoinPool.scan(ForkJoinPool.java:1656)
	at java.base/java.util.concurrent.ForkJoinPool.runWorker(ForkJoinPool.java:1594)
	at java.base/java.util.concurrent.ForkJoinWorkerThread.run(ForkJoinWorkerThread.java:183)
Caused by: org.eclipse.lsp4j.jsonrpc.JsonRpcException: java.io.IOException: 파이프가 닫히는 중입니다
	at org.eclipse.lsp4j.jsonrpc.json.StreamMessageConsumer.consume(StreamMessageConsumer.java:72)
	at org.eclipse.lsp4e.LanguageServerWrapper.lambda$4(LanguageServerWrapper.java:260)
	at org.eclipse.lsp4j.jsonrpc.RemoteEndpoint.request(RemoteEndpoint.java:161)
	at org.eclipse.lsp4j.jsonrpc.services.EndpointProxy.invoke(EndpointProxy.java:91)
	at com.sun.proxy.$Proxy68.shutdown(Unknown Source)
	at org.eclipse.lsp4e.LanguageServerWrapper.lambda$13(LanguageServerWrapper.java:423)
	... 7 more
Caused by: java.io.IOException: 파이프가 닫히는 중입니다
	at java.base/java.io.FileOutputStream.writeBytes(Native Method)
	at java.base/java.io.FileOutputStream.write(FileOutputStream.java:354)
	at java.base/java.io.BufferedOutputStream.flushBuffer(BufferedOutputStream.java:81)
	at java.base/java.io.BufferedOutputStream.flush(BufferedOutputStream.java:142)
	at org.eclipse.lsp4j.jsonrpc.json.StreamMessageConsumer.consume(StreamMessageConsumer.java:69)
	... 12 more

!ENTRY org.springframework.tooling.ls.eclipse.commons 1 0 2025-06-20 15:22:51.406
!MESSAGE DelegatingStreamConnectionProvider classloader = org.eclipse.osgi.internal.loader.EquinoxClassLoader@580cb668[org.springframework.tooling.boot.ls:1.28.0.202109130547(id=1001)]

!ENTRY org.springframework.tooling.ls.eclipse.commons 1 0 2025-06-20 15:22:51.406
!MESSAGE SpringBootLanguageServer exists!

!ENTRY org.springframework.tooling.ls.eclipse.commons 1 0 2025-06-20 15:22:52.479
!MESSAGE Boot LS startup time from start to initialized: 1073ms

!ENTRY org.eclipse.jface.text 4 0 2025-06-20 15:22:52.512
!MESSAGE org.eclipse.lsp4j.jsonrpc.JsonRpcException: java.io.IOException: 파이프가 닫히는 중입니다
!STACK 0
java.util.concurrent.CompletionException: org.eclipse.lsp4j.jsonrpc.JsonRpcException: java.io.IOException: 파이프가 닫히는 중입니다
	at java.base/java.util.concurrent.CompletableFuture.encodeThrowable(CompletableFuture.java:331)
	at java.base/java.util.concurrent.CompletableFuture.uniAcceptNow(CompletableFuture.java:743)
	at java.base/java.util.concurrent.CompletableFuture.uniAcceptStage(CompletableFuture.java:731)
	at java.base/java.util.concurrent.CompletableFuture.thenAcceptAsync(CompletableFuture.java:2118)
	at org.eclipse.lsp4e.operations.codelens.CodeLensProvider.lambda$2(CodeLensProvider.java:44)
	at java.base/java.util.stream.ReferencePipeline$3$1.accept(ReferencePipeline.java:195)
	at java.base/java.util.ArrayList$ArrayListSpliterator.forEachRemaining(ArrayList.java:1655)
	at java.base/java.util.stream.AbstractPipeline.copyInto(AbstractPipeline.java:484)
	at java.base/java.util.stream.AbstractPipeline.wrapAndCopyInto(AbstractPipeline.java:474)
	at java.base/java.util.stream.AbstractPipeline.evaluate(AbstractPipeline.java:550)
	at java.base/java.util.stream.AbstractPipeline.evaluateToArrayNode(AbstractPipeline.java:260)
	at java.base/java.util.stream.ReferencePipeline.toArray(ReferencePipeline.java:517)
	at org.eclipse.lsp4e.operations.codelens.CodeLensProvider.lambda$1(CodeLensProvider.java:52)
	at java.base/java.util.concurrent.CompletableFuture$UniCompose.tryFire(CompletableFuture.java:1072)
	at java.base/java.util.concurrent.CompletableFuture$Completion.exec(CompletableFuture.java:479)
	at java.base/java.util.concurrent.ForkJoinTask.doExec(ForkJoinTask.java:290)
	at java.base/java.util.concurrent.ForkJoinPool$WorkQueue.topLevelExec(ForkJoinPool.java:1020)
	at java.base/java.util.concurrent.ForkJoinPool.scan(ForkJoinPool.java:1656)
	at java.base/java.util.concurrent.ForkJoinPool.runWorker(ForkJoinPool.java:1594)
	at java.base/java.util.concurrent.ForkJoinWorkerThread.run(ForkJoinWorkerThread.java:183)
Caused by: org.eclipse.lsp4j.jsonrpc.JsonRpcException: java.io.IOException: 파이프가 닫히는 중입니다
	at org.eclipse.lsp4j.jsonrpc.json.StreamMessageConsumer.consume(StreamMessageConsumer.java:72)
	at org.eclipse.lsp4e.LanguageServerWrapper.lambda$4(LanguageServerWrapper.java:260)
	at org.eclipse.lsp4j.jsonrpc.RemoteEndpoint.request(RemoteEndpoint.java:161)
	at org.eclipse.lsp4j.jsonrpc.services.EndpointProxy.invoke(EndpointProxy.java:91)
	at com.sun.proxy.$Proxy66.codeLens(Unknown Source)
	at org.eclipse.lsp4e.operations.codelens.CodeLensProvider.lambda$2(CodeLensProvider.java:43)
	... 15 more
Caused by: java.io.IOException: 파이프가 닫히는 중입니다
	at java.base/java.io.FileOutputStream.writeBytes(Native Method)
	at java.base/java.io.FileOutputStream.write(FileOutputStream.java:354)
	at java.base/java.io.BufferedOutputStream.flushBuffer(BufferedOutputStream.java:81)
	at java.base/java.io.BufferedOutputStream.flush(BufferedOutputStream.java:142)
	at org.eclipse.lsp4j.jsonrpc.json.StreamMessageConsumer.consume(StreamMessageConsumer.java:69)
	... 20 more

!ENTRY org.eclipse.jface.text 4 0 2025-06-20 15:22:52.513
!MESSAGE org.eclipse.lsp4j.jsonrpc.JsonRpcException: java.io.IOException: 파이프가 닫히는 중입니다
!STACK 0
java.util.concurrent.CompletionException: org.eclipse.lsp4j.jsonrpc.JsonRpcException: java.io.IOException: 파이프가 닫히는 중입니다
	at java.base/java.util.concurrent.CompletableFuture.encodeThrowable(CompletableFuture.java:331)
	at java.base/java.util.concurrent.CompletableFuture.uniAcceptNow(CompletableFuture.java:743)
	at java.base/java.util.concurrent.CompletableFuture.uniAcceptStage(CompletableFuture.java:731)
	at java.base/java.util.concurrent.CompletableFuture.thenAcceptAsync(CompletableFuture.java:2118)
	at org.eclipse.lsp4e.operations.codelens.CodeLensProvider.lambda$2(CodeLensProvider.java:44)
	at java.base/java.util.stream.ReferencePipeline$3$1.accept(ReferencePipeline.java:195)
	at java.base/java.util.ArrayList$ArrayListSpliterator.forEachRemaining(ArrayList.java:1655)
	at java.base/java.util.stream.AbstractPipeline.copyInto(AbstractPipeline.java:484)
	at java.base/java.util.stream.AbstractPipeline.wrapAndCopyInto(AbstractPipeline.java:474)
	at java.base/java.util.stream.AbstractPipeline.evaluate(AbstractPipeline.java:550)
	at java.base/java.util.stream.AbstractPipeline.evaluateToArrayNode(AbstractPipeline.java:260)
	at java.base/java.util.stream.ReferencePipeline.toArray(ReferencePipeline.java:517)
	at org.eclipse.lsp4e.operations.codelens.CodeLensProvider.lambda$1(CodeLensProvider.java:52)
	at java.base/java.util.concurrent.CompletableFuture$UniCompose.tryFire(CompletableFuture.java:1072)
	at java.base/java.util.concurrent.CompletableFuture$Completion.exec(CompletableFuture.java:479)
	at java.base/java.util.concurrent.ForkJoinTask.doExec(ForkJoinTask.java:290)
	at java.base/java.util.concurrent.ForkJoinPool$WorkQueue.topLevelExec(ForkJoinPool.java:1020)
	at java.base/java.util.concurrent.ForkJoinPool.scan(ForkJoinPool.java:1656)
	at java.base/java.util.concurrent.ForkJoinPool.runWorker(ForkJoinPool.java:1594)
	at java.base/java.util.concurrent.ForkJoinWorkerThread.run(ForkJoinWorkerThread.java:183)
Caused by: org.eclipse.lsp4j.jsonrpc.JsonRpcException: java.io.IOException: 파이프가 닫히는 중입니다
	at org.eclipse.lsp4j.jsonrpc.json.StreamMessageConsumer.consume(StreamMessageConsumer.java:72)
	at org.eclipse.lsp4e.LanguageServerWrapper.lambda$4(LanguageServerWrapper.java:260)
	at org.eclipse.lsp4j.jsonrpc.RemoteEndpoint.request(RemoteEndpoint.java:161)
	at org.eclipse.lsp4j.jsonrpc.services.EndpointProxy.invoke(EndpointProxy.java:91)
	at com.sun.proxy.$Proxy66.codeLens(Unknown Source)
	at org.eclipse.lsp4e.operations.codelens.CodeLensProvider.lambda$2(CodeLensProvider.java:43)
	... 15 more
Caused by: java.io.IOException: 파이프가 닫히는 중입니다
	at java.base/java.io.FileOutputStream.writeBytes(Native Method)
	at java.base/java.io.FileOutputStream.write(FileOutputStream.java:354)
	at java.base/java.io.BufferedOutputStream.flushBuffer(BufferedOutputStream.java:81)
	at java.base/java.io.BufferedOutputStream.flush(BufferedOutputStream.java:142)
	at org.eclipse.lsp4j.jsonrpc.json.StreamMessageConsumer.consume(StreamMessageConsumer.java:69)
	... 20 more

!ENTRY org.eclipse.jface.text 4 0 2025-06-20 15:22:52.514
!MESSAGE org.eclipse.lsp4j.jsonrpc.JsonRpcException: java.io.IOException: 파이프가 닫히는 중입니다
!STACK 0
java.util.concurrent.CompletionException: org.eclipse.lsp4j.jsonrpc.JsonRpcException: java.io.IOException: 파이프가 닫히는 중입니다
	at java.base/java.util.concurrent.CompletableFuture.encodeThrowable(CompletableFuture.java:331)
	at java.base/java.util.concurrent.CompletableFuture.uniAcceptNow(CompletableFuture.java:743)
	at java.base/java.util.concurrent.CompletableFuture.uniAcceptStage(CompletableFuture.java:731)
	at java.base/java.util.concurrent.CompletableFuture.thenAcceptAsync(CompletableFuture.java:2118)
	at org.eclipse.lsp4e.operations.codelens.CodeLensProvider.lambda$2(CodeLensProvider.java:44)
	at java.base/java.util.stream.ReferencePipeline$3$1.accept(ReferencePipeline.java:195)
	at java.base/java.util.ArrayList$ArrayListSpliterator.forEachRemaining(ArrayList.java:1655)
	at java.base/java.util.stream.AbstractPipeline.copyInto(AbstractPipeline.java:484)
	at java.base/java.util.stream.AbstractPipeline.wrapAndCopyInto(AbstractPipeline.java:474)
	at java.base/java.util.stream.AbstractPipeline.evaluate(AbstractPipeline.java:550)
	at java.base/java.util.stream.AbstractPipeline.evaluateToArrayNode(AbstractPipeline.java:260)
	at java.base/java.util.stream.ReferencePipeline.toArray(ReferencePipeline.java:517)
	at org.eclipse.lsp4e.operations.codelens.CodeLensProvider.lambda$1(CodeLensProvider.java:52)
	at java.base/java.util.concurrent.CompletableFuture$UniCompose.tryFire(CompletableFuture.java:1072)
	at java.base/java.util.concurrent.CompletableFuture$Completion.exec(CompletableFuture.java:479)
	at java.base/java.util.concurrent.ForkJoinTask.doExec(ForkJoinTask.java:290)
	at java.base/java.util.concurrent.ForkJoinPool$WorkQueue.topLevelExec(ForkJoinPool.java:1020)
	at java.base/java.util.concurrent.ForkJoinPool.scan(ForkJoinPool.java:1656)
	at java.base/java.util.concurrent.ForkJoinPool.runWorker(ForkJoinPool.java:1594)
	at java.base/java.util.concurrent.ForkJoinWorkerThread.run(ForkJoinWorkerThread.java:183)
Caused by: org.eclipse.lsp4j.jsonrpc.JsonRpcException: java.io.IOException: 파이프가 닫히는 중입니다
	at org.eclipse.lsp4j.jsonrpc.json.StreamMessageConsumer.consume(StreamMessageConsumer.java:72)
	at org.eclipse.lsp4e.LanguageServerWrapper.lambda$4(LanguageServerWrapper.java:260)
	at org.eclipse.lsp4j.jsonrpc.RemoteEndpoint.request(RemoteEndpoint.java:161)
	at org.eclipse.lsp4j.jsonrpc.services.EndpointProxy.invoke(EndpointProxy.java:91)
	at com.sun.proxy.$Proxy66.codeLens(Unknown Source)
	at org.eclipse.lsp4e.operations.codelens.CodeLensProvider.lambda$2(CodeLensProvider.java:43)
	... 15 more
Caused by: java.io.IOException: 파이프가 닫히는 중입니다
	at java.base/java.io.FileOutputStream.writeBytes(Native Method)
	at java.base/java.io.FileOutputStream.write(FileOutputStream.java:354)
	at java.base/java.io.BufferedOutputStream.flushBuffer(BufferedOutputStream.java:81)
	at java.base/java.io.BufferedOutputStream.flush(BufferedOutputStream.java:142)
	at org.eclipse.lsp4j.jsonrpc.json.StreamMessageConsumer.consume(StreamMessageConsumer.java:69)
	... 20 more

!ENTRY org.eclipse.jface.text 4 0 2025-06-20 15:22:52.514
!MESSAGE org.eclipse.lsp4j.jsonrpc.JsonRpcException: java.io.IOException: 파이프가 닫히는 중입니다
!STACK 0
java.util.concurrent.CompletionException: org.eclipse.lsp4j.jsonrpc.JsonRpcException: java.io.IOException: 파이프가 닫히는 중입니다
	at java.base/java.util.concurrent.CompletableFuture.encodeThrowable(CompletableFuture.java:331)
	at java.base/java.util.concurrent.CompletableFuture.uniAcceptNow(CompletableFuture.java:743)
	at java.base/java.util.concurrent.CompletableFuture.uniAcceptStage(CompletableFuture.java:731)
	at java.base/java.util.concurrent.CompletableFuture.thenAcceptAsync(CompletableFuture.java:2118)
	at org.eclipse.lsp4e.operations.codelens.CodeLensProvider.lambda$2(CodeLensProvider.java:44)
	at java.base/java.util.stream.ReferencePipeline$3$1.accept(ReferencePipeline.java:195)
	at java.base/java.util.ArrayList$ArrayListSpliterator.forEachRemaining(ArrayList.java:1655)
	at java.base/java.util.stream.AbstractPipeline.copyInto(AbstractPipeline.java:484)
	at java.base/java.util.stream.AbstractPipeline.wrapAndCopyInto(AbstractPipeline.java:474)
	at java.base/java.util.stream.AbstractPipeline.evaluate(AbstractPipeline.java:550)
	at java.base/java.util.stream.AbstractPipeline.evaluateToArrayNode(AbstractPipeline.java:260)
	at java.base/java.util.stream.ReferencePipeline.toArray(ReferencePipeline.java:517)
	at org.eclipse.lsp4e.operations.codelens.CodeLensProvider.lambda$1(CodeLensProvider.java:52)
	at java.base/java.util.concurrent.CompletableFuture$UniCompose.tryFire(CompletableFuture.java:1072)
	at java.base/java.util.concurrent.CompletableFuture$Completion.exec(CompletableFuture.java:479)
	at java.base/java.util.concurrent.ForkJoinTask.doExec(ForkJoinTask.java:290)
	at java.base/java.util.concurrent.ForkJoinPool$WorkQueue.topLevelExec(ForkJoinPool.java:1020)
	at java.base/java.util.concurrent.ForkJoinPool.scan(ForkJoinPool.java:1656)
	at java.base/java.util.concurrent.ForkJoinPool.runWorker(ForkJoinPool.java:1594)
	at java.base/java.util.concurrent.ForkJoinWorkerThread.run(ForkJoinWorkerThread.java:183)
Caused by: org.eclipse.lsp4j.jsonrpc.JsonRpcException: java.io.IOException: 파이프가 닫히는 중입니다
	at org.eclipse.lsp4j.jsonrpc.json.StreamMessageConsumer.consume(StreamMessageConsumer.java:72)
	at org.eclipse.lsp4e.LanguageServerWrapper.lambda$4(LanguageServerWrapper.java:260)
	at org.eclipse.lsp4j.jsonrpc.RemoteEndpoint.request(RemoteEndpoint.java:161)
	at org.eclipse.lsp4j.jsonrpc.services.EndpointProxy.invoke(EndpointProxy.java:91)
	at com.sun.proxy.$Proxy66.codeLens(Unknown Source)
	at org.eclipse.lsp4e.operations.codelens.CodeLensProvider.lambda$2(CodeLensProvider.java:43)
	... 15 more
Caused by: java.io.IOException: 파이프가 닫히는 중입니다
	at java.base/java.io.FileOutputStream.writeBytes(Native Method)
	at java.base/java.io.FileOutputStream.write(FileOutputStream.java:354)
	at java.base/java.io.BufferedOutputStream.flushBuffer(BufferedOutputStream.java:81)
	at java.base/java.io.BufferedOutputStream.flush(BufferedOutputStream.java:142)
	at org.eclipse.lsp4j.jsonrpc.json.StreamMessageConsumer.consume(StreamMessageConsumer.java:69)
	... 20 more

!ENTRY org.springframework.tooling.ls.eclipse.commons 1 0 2025-06-20 15:22:52.548
!MESSAGE ClasspathListenerHandler addClasspathListener sts4.classpath.ukTNFsqMisBatched = true

!ENTRY org.springframework.tooling.ls.eclipse.commons 1 0 2025-06-20 15:22:52.548
!MESSAGE Setting up ClasspathListenerManager

!ENTRY org.springframework.tooling.ls.eclipse.commons 1 0 2025-06-20 15:22:52.548
!MESSAGE Scheduling initial event for all projects ...

!ENTRY org.springframework.tooling.ls.eclipse.commons 1 0 2025-06-20 15:22:52.548
!MESSAGE Scheduling initial event for all projects DONE

!ENTRY org.springframework.tooling.ls.eclipse.commons 1 0 2025-06-20 15:22:52.548
!MESSAGE exists = true open = true => deleted = false

!ENTRY org.springframework.tooling.ls.eclipse.commons 1 0 2025-06-20 15:22:52.549
!MESSAGE ClasspathListenerHandler addClasspathListener sts4.classpath.ukTNFsqM => OK

!ENTRY org.springframework.tooling.ls.eclipse.commons 1 0 2025-06-20 15:22:52.549
!MESSAGE classpath=57 entries

!ENTRY org.springframework.tooling.ls.eclipse.commons 1 0 2025-06-20 15:22:52.550
!MESSAGE buffering callback sts4.classpath.ukTNFsqM ServiceExam false 57

!ENTRY org.springframework.tooling.ls.eclipse.commons 1 0 2025-06-20 15:22:52.550
!MESSAGE executing callback sts4.classpath.ukTNFsqM 1 batched events

!ENTRY org.springframework.tooling.ls.eclipse.commons 1 0 2025-06-20 15:22:52.755
!MESSAGE executing callback sts4.classpath.ukTNFsqM SUCCESS [done]

!ENTRY org.eclipse.lsp4e 4 0 2025-06-20 15:22:52.755
!MESSAGE org.eclipse.lsp4j.jsonrpc.JsonRpcException: java.io.IOException: 파이프가 닫히는 중입니다
!STACK 0
java.util.concurrent.ExecutionException: org.eclipse.lsp4j.jsonrpc.JsonRpcException: java.io.IOException: 파이프가 닫히는 중입니다
	at java.base/java.util.concurrent.CompletableFuture.reportGet(CompletableFuture.java:395)
	at java.base/java.util.concurrent.CompletableFuture.get(CompletableFuture.java:2028)
	at org.eclipse.lsp4e.LanguageServerWrapper.lambda$13(LanguageServerWrapper.java:425)
	at java.base/java.util.concurrent.CompletableFuture$AsyncRun.run(CompletableFuture.java:1736)
	at java.base/java.util.concurrent.CompletableFuture$AsyncRun.exec(CompletableFuture.java:1728)
	at java.base/java.util.concurrent.ForkJoinTask.doExec(ForkJoinTask.java:290)
	at java.base/java.util.concurrent.ForkJoinPool$WorkQueue.topLevelExec(ForkJoinPool.java:1020)
	at java.base/java.util.concurrent.ForkJoinPool.scan(ForkJoinPool.java:1656)
	at java.base/java.util.concurrent.ForkJoinPool.runWorker(ForkJoinPool.java:1594)
	at java.base/java.util.concurrent.ForkJoinWorkerThread.run(ForkJoinWorkerThread.java:183)
Caused by: org.eclipse.lsp4j.jsonrpc.JsonRpcException: java.io.IOException: 파이프가 닫히는 중입니다
	at org.eclipse.lsp4j.jsonrpc.json.StreamMessageConsumer.consume(StreamMessageConsumer.java:72)
	at org.eclipse.lsp4e.LanguageServerWrapper.lambda$4(LanguageServerWrapper.java:260)
	at org.eclipse.lsp4j.jsonrpc.RemoteEndpoint.request(RemoteEndpoint.java:161)
	at org.eclipse.lsp4j.jsonrpc.services.EndpointProxy.invoke(EndpointProxy.java:91)
	at com.sun.proxy.$Proxy68.shutdown(Unknown Source)
	at org.eclipse.lsp4e.LanguageServerWrapper.lambda$13(LanguageServerWrapper.java:423)
	... 7 more
Caused by: java.io.IOException: 파이프가 닫히는 중입니다
	at java.base/java.io.FileOutputStream.writeBytes(Native Method)
	at java.base/java.io.FileOutputStream.write(FileOutputStream.java:354)
	at java.base/java.io.BufferedOutputStream.flushBuffer(BufferedOutputStream.java:81)
	at java.base/java.io.BufferedOutputStream.flush(BufferedOutputStream.java:142)
	at org.eclipse.lsp4j.jsonrpc.json.StreamMessageConsumer.consume(StreamMessageConsumer.java:69)
	... 12 more

!ENTRY org.eclipse.lsp4e 4 0 2025-06-20 15:22:52.756
!MESSAGE org.eclipse.lsp4j.jsonrpc.JsonRpcException: java.io.IOException: 파이프가 닫히는 중입니다
!STACK 0
java.util.concurrent.ExecutionException: org.eclipse.lsp4j.jsonrpc.JsonRpcException: java.io.IOException: 파이프가 닫히는 중입니다
	at java.base/java.util.concurrent.CompletableFuture.reportGet(CompletableFuture.java:395)
	at java.base/java.util.concurrent.CompletableFuture.get(CompletableFuture.java:2028)
	at org.eclipse.lsp4e.LanguageServerWrapper.lambda$13(LanguageServerWrapper.java:425)
	at java.base/java.util.concurrent.CompletableFuture$AsyncRun.run(CompletableFuture.java:1736)
	at java.base/java.util.concurrent.CompletableFuture$AsyncRun.exec(CompletableFuture.java:1728)
	at java.base/java.util.concurrent.ForkJoinTask.doExec(ForkJoinTask.java:290)
	at java.base/java.util.concurrent.ForkJoinPool$WorkQueue.topLevelExec(ForkJoinPool.java:1020)
	at java.base/java.util.concurrent.ForkJoinPool.scan(ForkJoinPool.java:1656)
	at java.base/java.util.concurrent.ForkJoinPool.runWorker(ForkJoinPool.java:1594)
	at java.base/java.util.concurrent.ForkJoinWorkerThread.run(ForkJoinWorkerThread.java:183)
Caused by: org.eclipse.lsp4j.jsonrpc.JsonRpcException: java.io.IOException: 파이프가 닫히는 중입니다
	at org.eclipse.lsp4j.jsonrpc.json.StreamMessageConsumer.consume(StreamMessageConsumer.java:72)
	at org.eclipse.lsp4e.LanguageServerWrapper.lambda$4(LanguageServerWrapper.java:260)
	at org.eclipse.lsp4j.jsonrpc.RemoteEndpoint.request(RemoteEndpoint.java:161)
	at org.eclipse.lsp4j.jsonrpc.services.EndpointProxy.invoke(EndpointProxy.java:91)
	at com.sun.proxy.$Proxy68.shutdown(Unknown Source)
	at org.eclipse.lsp4e.LanguageServerWrapper.lambda$13(LanguageServerWrapper.java:423)
	... 7 more
Caused by: java.io.IOException: 파이프가 닫히는 중입니다
	at java.base/java.io.FileOutputStream.writeBytes(Native Method)
	at java.base/java.io.FileOutputStream.write(FileOutputStream.java:354)
	at java.base/java.io.BufferedOutputStream.flushBuffer(BufferedOutputStream.java:81)
	at java.base/java.io.BufferedOutputStream.flush(BufferedOutputStream.java:142)
	at org.eclipse.lsp4j.jsonrpc.json.StreamMessageConsumer.consume(StreamMessageConsumer.java:69)
	... 12 more

!ENTRY org.springframework.tooling.ls.eclipse.commons 1 0 2025-06-20 15:22:52.756
!MESSAGE Entering DelegatingStreamConnectionProvider()

!ENTRY org.springframework.tooling.ls.eclipse.commons 1 0 2025-06-20 15:22:52.756
!MESSAGE DelegatingStreamConnectionProvider classloader = org.eclipse.osgi.internal.loader.EquinoxClassLoader@580cb668[org.springframework.tooling.boot.ls:1.28.0.202109130547(id=1001)]

!ENTRY org.springframework.tooling.ls.eclipse.commons 1 0 2025-06-20 15:22:52.756
!MESSAGE SpringBootLanguageServer exists!

!ENTRY org.springframework.tooling.ls.eclipse.commons 1 0 2025-06-20 15:22:53.768
!MESSAGE Boot LS startup time from start to initialized: 1012ms

!ENTRY org.eclipse.jface.text 4 0 2025-06-20 15:22:53.798
!MESSAGE org.eclipse.lsp4j.jsonrpc.JsonRpcException: java.io.IOException: 파이프가 닫히는 중입니다
!STACK 0
java.util.concurrent.CompletionException: org.eclipse.lsp4j.jsonrpc.JsonRpcException: java.io.IOException: 파이프가 닫히는 중입니다
	at java.base/java.util.concurrent.CompletableFuture.encodeThrowable(CompletableFuture.java:331)
	at java.base/java.util.concurrent.CompletableFuture.uniAcceptNow(CompletableFuture.java:743)
	at java.base/java.util.concurrent.CompletableFuture.uniAcceptStage(CompletableFuture.java:731)
	at java.base/java.util.concurrent.CompletableFuture.thenAcceptAsync(CompletableFuture.java:2118)
	at org.eclipse.lsp4e.operations.codelens.CodeLensProvider.lambda$2(CodeLensProvider.java:44)
	at java.base/java.util.stream.ReferencePipeline$3$1.accept(ReferencePipeline.java:195)
	at java.base/java.util.ArrayList$ArrayListSpliterator.forEachRemaining(ArrayList.java:1655)
	at java.base/java.util.stream.AbstractPipeline.copyInto(AbstractPipeline.java:484)
	at java.base/java.util.stream.AbstractPipeline.wrapAndCopyInto(AbstractPipeline.java:474)
	at java.base/java.util.stream.AbstractPipeline.evaluate(AbstractPipeline.java:550)
	at java.base/java.util.stream.AbstractPipeline.evaluateToArrayNode(AbstractPipeline.java:260)
	at java.base/java.util.stream.ReferencePipeline.toArray(ReferencePipeline.java:517)
	at org.eclipse.lsp4e.operations.codelens.CodeLensProvider.lambda$1(CodeLensProvider.java:52)
	at java.base/java.util.concurrent.CompletableFuture$UniCompose.tryFire(CompletableFuture.java:1072)
	at java.base/java.util.concurrent.CompletableFuture$Completion.exec(CompletableFuture.java:479)
	at java.base/java.util.concurrent.ForkJoinTask.doExec(ForkJoinTask.java:290)
	at java.base/java.util.concurrent.ForkJoinPool$WorkQueue.topLevelExec(ForkJoinPool.java:1020)
	at java.base/java.util.concurrent.ForkJoinPool.scan(ForkJoinPool.java:1656)
	at java.base/java.util.concurrent.ForkJoinPool.runWorker(ForkJoinPool.java:1594)
	at java.base/java.util.concurrent.ForkJoinWorkerThread.run(ForkJoinWorkerThread.java:183)
Caused by: org.eclipse.lsp4j.jsonrpc.JsonRpcException: java.io.IOException: 파이프가 닫히는 중입니다
	at org.eclipse.lsp4j.jsonrpc.json.StreamMessageConsumer.consume(StreamMessageConsumer.java:72)
	at org.eclipse.lsp4e.LanguageServerWrapper.lambda$4(LanguageServerWrapper.java:260)
	at org.eclipse.lsp4j.jsonrpc.RemoteEndpoint.request(RemoteEndpoint.java:161)
	at org.eclipse.lsp4j.jsonrpc.services.EndpointProxy.invoke(EndpointProxy.java:91)
	at com.sun.proxy.$Proxy66.codeLens(Unknown Source)
	at org.eclipse.lsp4e.operations.codelens.CodeLensProvider.lambda$2(CodeLensProvider.java:43)
	... 15 more
Caused by: java.io.IOException: 파이프가 닫히는 중입니다
	at java.base/java.io.FileOutputStream.writeBytes(Native Method)
	at java.base/java.io.FileOutputStream.write(FileOutputStream.java:354)
	at java.base/java.io.BufferedOutputStream.flushBuffer(BufferedOutputStream.java:81)
	at java.base/java.io.BufferedOutputStream.flush(BufferedOutputStream.java:142)
	at org.eclipse.lsp4j.jsonrpc.json.StreamMessageConsumer.consume(StreamMessageConsumer.java:69)
	... 20 more

!ENTRY org.eclipse.jface.text 4 0 2025-06-20 15:22:53.798
!MESSAGE org.eclipse.lsp4j.jsonrpc.JsonRpcException: java.io.IOException: 파이프가 닫히는 중입니다
!STACK 0
java.util.concurrent.CompletionException: org.eclipse.lsp4j.jsonrpc.JsonRpcException: java.io.IOException: 파이프가 닫히는 중입니다
	at java.base/java.util.concurrent.CompletableFuture.encodeThrowable(CompletableFuture.java:331)
	at java.base/java.util.concurrent.CompletableFuture.uniAcceptNow(CompletableFuture.java:743)
	at java.base/java.util.concurrent.CompletableFuture.uniAcceptStage(CompletableFuture.java:731)
	at java.base/java.util.concurrent.CompletableFuture.thenAcceptAsync(CompletableFuture.java:2118)
	at org.eclipse.lsp4e.operations.codelens.CodeLensProvider.lambda$2(CodeLensProvider.java:44)
	at java.base/java.util.stream.ReferencePipeline$3$1.accept(ReferencePipeline.java:195)
	at java.base/java.util.ArrayList$ArrayListSpliterator.forEachRemaining(ArrayList.java:1655)
	at java.base/java.util.stream.AbstractPipeline.copyInto(AbstractPipeline.java:484)
	at java.base/java.util.stream.AbstractPipeline.wrapAndCopyInto(AbstractPipeline.java:474)
	at java.base/java.util.stream.AbstractPipeline.evaluate(AbstractPipeline.java:550)
	at java.base/java.util.stream.AbstractPipeline.evaluateToArrayNode(AbstractPipeline.java:260)
	at java.base/java.util.stream.ReferencePipeline.toArray(ReferencePipeline.java:517)
	at org.eclipse.lsp4e.operations.codelens.CodeLensProvider.lambda$1(CodeLensProvider.java:52)
	at java.base/java.util.concurrent.CompletableFuture$UniCompose.tryFire(CompletableFuture.java:1072)
	at java.base/java.util.concurrent.CompletableFuture$Completion.exec(CompletableFuture.java:479)
	at java.base/java.util.concurrent.ForkJoinTask.doExec(ForkJoinTask.java:290)
	at java.base/java.util.concurrent.ForkJoinPool$WorkQueue.topLevelExec(ForkJoinPool.java:1020)
	at java.base/java.util.concurrent.ForkJoinPool.scan(ForkJoinPool.java:1656)
	at java.base/java.util.concurrent.ForkJoinPool.runWorker(ForkJoinPool.java:1594)
	at java.base/java.util.concurrent.ForkJoinWorkerThread.run(ForkJoinWorkerThread.java:183)
Caused by: org.eclipse.lsp4j.jsonrpc.JsonRpcException: java.io.IOException: 파이프가 닫히는 중입니다
	at org.eclipse.lsp4j.jsonrpc.json.StreamMessageConsumer.consume(StreamMessageConsumer.java:72)
	at org.eclipse.lsp4e.LanguageServerWrapper.lambda$4(LanguageServerWrapper.java:260)
	at org.eclipse.lsp4j.jsonrpc.RemoteEndpoint.request(RemoteEndpoint.java:161)
	at org.eclipse.lsp4j.jsonrpc.services.EndpointProxy.invoke(EndpointProxy.java:91)
	at com.sun.proxy.$Proxy66.codeLens(Unknown Source)
	at org.eclipse.lsp4e.operations.codelens.CodeLensProvider.lambda$2(CodeLensProvider.java:43)
	... 15 more
Caused by: java.io.IOException: 파이프가 닫히는 중입니다
	at java.base/java.io.FileOutputStream.writeBytes(Native Method)
	at java.base/java.io.FileOutputStream.write(FileOutputStream.java:354)
	at java.base/java.io.BufferedOutputStream.flushBuffer(BufferedOutputStream.java:81)
	at java.base/java.io.BufferedOutputStream.flush(BufferedOutputStream.java:142)
	at org.eclipse.lsp4j.jsonrpc.json.StreamMessageConsumer.consume(StreamMessageConsumer.java:69)
	... 20 more

!ENTRY org.eclipse.jface.text 4 0 2025-06-20 15:22:53.799
!MESSAGE org.eclipse.lsp4j.jsonrpc.JsonRpcException: java.io.IOException: 파이프가 닫히는 중입니다
!STACK 0
java.util.concurrent.CompletionException: org.eclipse.lsp4j.jsonrpc.JsonRpcException: java.io.IOException: 파이프가 닫히는 중입니다
	at java.base/java.util.concurrent.CompletableFuture.encodeThrowable(CompletableFuture.java:331)
	at java.base/java.util.concurrent.CompletableFuture.uniAcceptNow(CompletableFuture.java:743)
	at java.base/java.util.concurrent.CompletableFuture.uniAcceptStage(CompletableFuture.java:731)
	at java.base/java.util.concurrent.CompletableFuture.thenAcceptAsync(CompletableFuture.java:2118)
	at org.eclipse.lsp4e.operations.codelens.CodeLensProvider.lambda$2(CodeLensProvider.java:44)
	at java.base/java.util.stream.ReferencePipeline$3$1.accept(ReferencePipeline.java:195)
	at java.base/java.util.ArrayList$ArrayListSpliterator.forEachRemaining(ArrayList.java:1655)
	at java.base/java.util.stream.AbstractPipeline.copyInto(AbstractPipeline.java:484)
	at java.base/java.util.stream.AbstractPipeline.wrapAndCopyInto(AbstractPipeline.java:474)
	at java.base/java.util.stream.AbstractPipeline.evaluate(AbstractPipeline.java:550)
	at java.base/java.util.stream.AbstractPipeline.evaluateToArrayNode(AbstractPipeline.java:260)
	at java.base/java.util.stream.ReferencePipeline.toArray(ReferencePipeline.java:517)
	at org.eclipse.lsp4e.operations.codelens.CodeLensProvider.lambda$1(CodeLensProvider.java:52)
	at java.base/java.util.concurrent.CompletableFuture$UniCompose.tryFire(CompletableFuture.java:1072)
	at java.base/java.util.concurrent.CompletableFuture$Completion.exec(CompletableFuture.java:479)
	at java.base/java.util.concurrent.ForkJoinTask.doExec(ForkJoinTask.java:290)
	at java.base/java.util.concurrent.ForkJoinPool$WorkQueue.topLevelExec(ForkJoinPool.java:1020)
	at java.base/java.util.concurrent.ForkJoinPool.scan(ForkJoinPool.java:1656)
	at java.base/java.util.concurrent.ForkJoinPool.runWorker(ForkJoinPool.java:1594)
	at java.base/java.util.concurrent.ForkJoinWorkerThread.run(ForkJoinWorkerThread.java:183)
Caused by: org.eclipse.lsp4j.jsonrpc.JsonRpcException: java.io.IOException: 파이프가 닫히는 중입니다
	at org.eclipse.lsp4j.jsonrpc.json.StreamMessageConsumer.consume(StreamMessageConsumer.java:72)
	at org.eclipse.lsp4e.LanguageServerWrapper.lambda$4(LanguageServerWrapper.java:260)
	at org.eclipse.lsp4j.jsonrpc.RemoteEndpoint.request(RemoteEndpoint.java:161)
	at org.eclipse.lsp4j.jsonrpc.services.EndpointProxy.invoke(EndpointProxy.java:91)
	at com.sun.proxy.$Proxy66.codeLens(Unknown Source)
	at org.eclipse.lsp4e.operations.codelens.CodeLensProvider.lambda$2(CodeLensProvider.java:43)
	... 15 more
Caused by: java.io.IOException: 파이프가 닫히는 중입니다
	at java.base/java.io.FileOutputStream.writeBytes(Native Method)
	at java.base/java.io.FileOutputStream.write(FileOutputStream.java:354)
	at java.base/java.io.BufferedOutputStream.flushBuffer(BufferedOutputStream.java:81)
	at java.base/java.io.BufferedOutputStream.flush(BufferedOutputStream.java:142)
	at org.eclipse.lsp4j.jsonrpc.json.StreamMessageConsumer.consume(StreamMessageConsumer.java:69)
	... 20 more

!ENTRY org.eclipse.jface.text 4 0 2025-06-20 15:22:53.799
!MESSAGE org.eclipse.lsp4j.jsonrpc.JsonRpcException: java.io.IOException: 파이프가 닫히는 중입니다
!STACK 0
java.util.concurrent.CompletionException: org.eclipse.lsp4j.jsonrpc.JsonRpcException: java.io.IOException: 파이프가 닫히는 중입니다
	at java.base/java.util.concurrent.CompletableFuture.encodeThrowable(CompletableFuture.java:331)
	at java.base/java.util.concurrent.CompletableFuture.uniAcceptNow(CompletableFuture.java:743)
	at java.base/java.util.concurrent.CompletableFuture.uniAcceptStage(CompletableFuture.java:731)
	at java.base/java.util.concurrent.CompletableFuture.thenAcceptAsync(CompletableFuture.java:2118)
	at org.eclipse.lsp4e.operations.codelens.CodeLensProvider.lambda$2(CodeLensProvider.java:44)
	at java.base/java.util.stream.ReferencePipeline$3$1.accept(ReferencePipeline.java:195)
	at java.base/java.util.ArrayList$ArrayListSpliterator.forEachRemaining(ArrayList.java:1655)
	at java.base/java.util.stream.AbstractPipeline.copyInto(AbstractPipeline.java:484)
	at java.base/java.util.stream.AbstractPipeline.wrapAndCopyInto(AbstractPipeline.java:474)
	at java.base/java.util.stream.AbstractPipeline.evaluate(AbstractPipeline.java:550)
	at java.base/java.util.stream.AbstractPipeline.evaluateToArrayNode(AbstractPipeline.java:260)
	at java.base/java.util.stream.ReferencePipeline.toArray(ReferencePipeline.java:517)
	at org.eclipse.lsp4e.operations.codelens.CodeLensProvider.lambda$1(CodeLensProvider.java:52)
	at java.base/java.util.concurrent.CompletableFuture$UniCompose.tryFire(CompletableFuture.java:1072)
	at java.base/java.util.concurrent.CompletableFuture$Completion.exec(CompletableFuture.java:479)
	at java.base/java.util.concurrent.ForkJoinTask.doExec(ForkJoinTask.java:290)
	at java.base/java.util.concurrent.ForkJoinPool$WorkQueue.topLevelExec(ForkJoinPool.java:1020)
	at java.base/java.util.concurrent.ForkJoinPool.scan(ForkJoinPool.java:1656)
	at java.base/java.util.concurrent.ForkJoinPool.runWorker(ForkJoinPool.java:1594)
	at java.base/java.util.concurrent.ForkJoinWorkerThread.run(ForkJoinWorkerThread.java:183)
Caused by: org.eclipse.lsp4j.jsonrpc.JsonRpcException: java.io.IOException: 파이프가 닫히는 중입니다
	at org.eclipse.lsp4j.jsonrpc.json.StreamMessageConsumer.consume(StreamMessageConsumer.java:72)
	at org.eclipse.lsp4e.LanguageServerWrapper.lambda$4(LanguageServerWrapper.java:260)
	at org.eclipse.lsp4j.jsonrpc.RemoteEndpoint.request(RemoteEndpoint.java:161)
	at org.eclipse.lsp4j.jsonrpc.services.EndpointProxy.invoke(EndpointProxy.java:91)
	at com.sun.proxy.$Proxy66.codeLens(Unknown Source)
	at org.eclipse.lsp4e.operations.codelens.CodeLensProvider.lambda$2(CodeLensProvider.java:43)
	... 15 more
Caused by: java.io.IOException: 파이프가 닫히는 중입니다
	at java.base/java.io.FileOutputStream.writeBytes(Native Method)
	at java.base/java.io.FileOutputStream.write(FileOutputStream.java:354)
	at java.base/java.io.BufferedOutputStream.flushBuffer(BufferedOutputStream.java:81)
	at java.base/java.io.BufferedOutputStream.flush(BufferedOutputStream.java:142)
	at org.eclipse.lsp4j.jsonrpc.json.StreamMessageConsumer.consume(StreamMessageConsumer.java:69)
	... 20 more

!ENTRY org.springframework.tooling.ls.eclipse.commons 1 0 2025-06-20 15:22:53.826
!MESSAGE ClasspathListenerHandler addClasspathListener sts4.classpath.awQTdxzcisBatched = true

!ENTRY org.springframework.tooling.ls.eclipse.commons 1 0 2025-06-20 15:22:53.826
!MESSAGE Setting up ClasspathListenerManager

!ENTRY org.springframework.tooling.ls.eclipse.commons 1 0 2025-06-20 15:22:53.826
!MESSAGE Scheduling initial event for all projects ...

!ENTRY org.springframework.tooling.ls.eclipse.commons 1 0 2025-06-20 15:22:53.826
!MESSAGE Scheduling initial event for all projects DONE

!ENTRY org.springframework.tooling.ls.eclipse.commons 1 0 2025-06-20 15:22:53.826
!MESSAGE exists = true open = true => deleted = false

!ENTRY org.springframework.tooling.ls.eclipse.commons 1 0 2025-06-20 15:22:53.827
!MESSAGE ClasspathListenerHandler addClasspathListener sts4.classpath.awQTdxzc => OK

!ENTRY org.springframework.tooling.ls.eclipse.commons 1 0 2025-06-20 15:22:53.827
!MESSAGE classpath=57 entries

!ENTRY org.springframework.tooling.ls.eclipse.commons 1 0 2025-06-20 15:22:53.828
!MESSAGE buffering callback sts4.classpath.awQTdxzc ServiceExam false 57

!ENTRY org.springframework.tooling.ls.eclipse.commons 1 0 2025-06-20 15:22:53.828
!MESSAGE executing callback sts4.classpath.awQTdxzc 1 batched events

!ENTRY org.springframework.tooling.ls.eclipse.commons 1 0 2025-06-20 15:22:54.029
!MESSAGE executing callback sts4.classpath.awQTdxzc SUCCESS [done]

!ENTRY org.eclipse.lsp4e 4 0 2025-06-20 15:22:54.030
!MESSAGE org.eclipse.lsp4j.jsonrpc.JsonRpcException: java.io.IOException: 파이프가 닫히는 중입니다
!STACK 0
java.util.concurrent.ExecutionException: org.eclipse.lsp4j.jsonrpc.JsonRpcException: java.io.IOException: 파이프가 닫히는 중입니다
	at java.base/java.util.concurrent.CompletableFuture.reportGet(CompletableFuture.java:395)
	at java.base/java.util.concurrent.CompletableFuture.get(CompletableFuture.java:2028)
	at org.eclipse.lsp4e.LanguageServerWrapper.lambda$13(LanguageServerWrapper.java:425)
	at java.base/java.util.concurrent.CompletableFuture$AsyncRun.run(CompletableFuture.java:1736)
	at java.base/java.util.concurrent.CompletableFuture$AsyncRun.exec(CompletableFuture.java:1728)
	at java.base/java.util.concurrent.ForkJoinTask.doExec(ForkJoinTask.java:290)
	at java.base/java.util.concurrent.ForkJoinPool$WorkQueue.topLevelExec(ForkJoinPool.java:1020)
	at java.base/java.util.concurrent.ForkJoinPool.scan(ForkJoinPool.java:1656)
	at java.base/java.util.concurrent.ForkJoinPool.runWorker(ForkJoinPool.java:1594)
	at java.base/java.util.concurrent.ForkJoinWorkerThread.run(ForkJoinWorkerThread.java:183)
Caused by: org.eclipse.lsp4j.jsonrpc.JsonRpcException: java.io.IOException: 파이프가 닫히는 중입니다
	at org.eclipse.lsp4j.jsonrpc.json.StreamMessageConsumer.consume(StreamMessageConsumer.java:72)
	at org.eclipse.lsp4e.LanguageServerWrapper.lambda$4(LanguageServerWrapper.java:260)
	at org.eclipse.lsp4j.jsonrpc.RemoteEndpoint.request(RemoteEndpoint.java:161)
	at org.eclipse.lsp4j.jsonrpc.services.EndpointProxy.invoke(EndpointProxy.java:91)
	at com.sun.proxy.$Proxy68.shutdown(Unknown Source)
	at org.eclipse.lsp4e.LanguageServerWrapper.lambda$13(LanguageServerWrapper.java:423)
	... 7 more
Caused by: java.io.IOException: 파이프가 닫히는 중입니다
	at java.base/java.io.FileOutputStream.writeBytes(Native Method)
	at java.base/java.io.FileOutputStream.write(FileOutputStream.java:354)
	at java.base/java.io.BufferedOutputStream.flushBuffer(BufferedOutputStream.java:81)
	at java.base/java.io.BufferedOutputStream.flush(BufferedOutputStream.java:142)
	at org.eclipse.lsp4j.jsonrpc.json.StreamMessageConsumer.consume(StreamMessageConsumer.java:69)
	... 12 more

!ENTRY org.springframework.tooling.ls.eclipse.commons 1 0 2025-06-20 15:22:54.031
!MESSAGE Entering DelegatingStreamConnectionProvider()

!ENTRY org.eclipse.lsp4e 4 0 2025-06-20 15:22:54.031
!MESSAGE org.eclipse.lsp4j.jsonrpc.JsonRpcException: java.io.IOException: 파이프가 닫히는 중입니다
!STACK 0
java.util.concurrent.ExecutionException: org.eclipse.lsp4j.jsonrpc.JsonRpcException: java.io.IOException: 파이프가 닫히는 중입니다
	at java.base/java.util.concurrent.CompletableFuture.reportGet(CompletableFuture.java:395)
	at java.base/java.util.concurrent.CompletableFuture.get(CompletableFuture.java:2028)
	at org.eclipse.lsp4e.LanguageServerWrapper.lambda$13(LanguageServerWrapper.java:425)
	at java.base/java.util.concurrent.CompletableFuture$AsyncRun.run(CompletableFuture.java:1736)
	at java.base/java.util.concurrent.CompletableFuture$AsyncRun.exec(CompletableFuture.java:1728)
	at java.base/java.util.concurrent.ForkJoinTask.doExec(ForkJoinTask.java:290)
	at java.base/java.util.concurrent.ForkJoinPool$WorkQueue.topLevelExec(ForkJoinPool.java:1020)
	at java.base/java.util.concurrent.ForkJoinPool.scan(ForkJoinPool.java:1656)
	at java.base/java.util.concurrent.ForkJoinPool.runWorker(ForkJoinPool.java:1594)
	at java.base/java.util.concurrent.ForkJoinWorkerThread.run(ForkJoinWorkerThread.java:183)
Caused by: org.eclipse.lsp4j.jsonrpc.JsonRpcException: java.io.IOException: 파이프가 닫히는 중입니다
	at org.eclipse.lsp4j.jsonrpc.json.StreamMessageConsumer.consume(StreamMessageConsumer.java:72)
	at org.eclipse.lsp4e.LanguageServerWrapper.lambda$4(LanguageServerWrapper.java:260)
	at org.eclipse.lsp4j.jsonrpc.RemoteEndpoint.request(RemoteEndpoint.java:161)
	at org.eclipse.lsp4j.jsonrpc.services.EndpointProxy.invoke(EndpointProxy.java:91)
	at com.sun.proxy.$Proxy68.shutdown(Unknown Source)
	at org.eclipse.lsp4e.LanguageServerWrapper.lambda$13(LanguageServerWrapper.java:423)
	... 7 more
Caused by: java.io.IOException: 파이프가 닫히는 중입니다
	at java.base/java.io.FileOutputStream.writeBytes(Native Method)
	at java.base/java.io.FileOutputStream.write(FileOutputStream.java:354)
	at java.base/java.io.BufferedOutputStream.flushBuffer(BufferedOutputStream.java:81)
	at java.base/java.io.BufferedOutputStream.flush(BufferedOutputStream.java:142)
	at org.eclipse.lsp4j.jsonrpc.json.StreamMessageConsumer.consume(StreamMessageConsumer.java:69)
	... 12 more

!ENTRY org.springframework.tooling.ls.eclipse.commons 1 0 2025-06-20 15:22:54.031
!MESSAGE DelegatingStreamConnectionProvider classloader = org.eclipse.osgi.internal.loader.EquinoxClassLoader@580cb668[org.springframework.tooling.boot.ls:1.28.0.202109130547(id=1001)]

!ENTRY org.springframework.tooling.ls.eclipse.commons 1 0 2025-06-20 15:22:54.031
!MESSAGE SpringBootLanguageServer exists!

!ENTRY org.springframework.tooling.ls.eclipse.commons 1 0 2025-06-20 15:22:55.066
!MESSAGE Boot LS startup time from start to initialized: 1034ms

!ENTRY org.eclipse.jface.text 4 0 2025-06-20 15:22:55.097
!MESSAGE org.eclipse.lsp4j.jsonrpc.JsonRpcException: java.io.IOException: 파이프가 닫히는 중입니다
!STACK 0
java.util.concurrent.CompletionException: org.eclipse.lsp4j.jsonrpc.JsonRpcException: java.io.IOException: 파이프가 닫히는 중입니다
	at java.base/java.util.concurrent.CompletableFuture.encodeThrowable(CompletableFuture.java:331)
	at java.base/java.util.concurrent.CompletableFuture.uniAcceptNow(CompletableFuture.java:743)
	at java.base/java.util.concurrent.CompletableFuture.uniAcceptStage(CompletableFuture.java:731)
	at java.base/java.util.concurrent.CompletableFuture.thenAcceptAsync(CompletableFuture.java:2118)
	at org.eclipse.lsp4e.operations.codelens.CodeLensProvider.lambda$2(CodeLensProvider.java:44)
	at java.base/java.util.stream.ReferencePipeline$3$1.accept(ReferencePipeline.java:195)
	at java.base/java.util.ArrayList$ArrayListSpliterator.forEachRemaining(ArrayList.java:1655)
	at java.base/java.util.stream.AbstractPipeline.copyInto(AbstractPipeline.java:484)
	at java.base/java.util.stream.AbstractPipeline.wrapAndCopyInto(AbstractPipeline.java:474)
	at java.base/java.util.stream.AbstractPipeline.evaluate(AbstractPipeline.java:550)
	at java.base/java.util.stream.AbstractPipeline.evaluateToArrayNode(AbstractPipeline.java:260)
	at java.base/java.util.stream.ReferencePipeline.toArray(ReferencePipeline.java:517)
	at org.eclipse.lsp4e.operations.codelens.CodeLensProvider.lambda$1(CodeLensProvider.java:52)
	at java.base/java.util.concurrent.CompletableFuture$UniCompose.tryFire(CompletableFuture.java:1072)
	at java.base/java.util.concurrent.CompletableFuture$Completion.exec(CompletableFuture.java:479)
	at java.base/java.util.concurrent.ForkJoinTask.doExec(ForkJoinTask.java:290)
	at java.base/java.util.concurrent.ForkJoinPool$WorkQueue.topLevelExec(ForkJoinPool.java:1020)
	at java.base/java.util.concurrent.ForkJoinPool.scan(ForkJoinPool.java:1656)
	at java.base/java.util.concurrent.ForkJoinPool.runWorker(ForkJoinPool.java:1594)
	at java.base/java.util.concurrent.ForkJoinWorkerThread.run(ForkJoinWorkerThread.java:183)
Caused by: org.eclipse.lsp4j.jsonrpc.JsonRpcException: java.io.IOException: 파이프가 닫히는 중입니다
	at org.eclipse.lsp4j.jsonrpc.json.StreamMessageConsumer.consume(StreamMessageConsumer.java:72)
	at org.eclipse.lsp4e.LanguageServerWrapper.lambda$4(LanguageServerWrapper.java:260)
	at org.eclipse.lsp4j.jsonrpc.RemoteEndpoint.request(RemoteEndpoint.java:161)
	at org.eclipse.lsp4j.jsonrpc.services.EndpointProxy.invoke(EndpointProxy.java:91)
	at com.sun.proxy.$Proxy66.codeLens(Unknown Source)
	at org.eclipse.lsp4e.operations.codelens.CodeLensProvider.lambda$2(CodeLensProvider.java:43)
	... 15 more
Caused by: java.io.IOException: 파이프가 닫히는 중입니다
	at java.base/java.io.FileOutputStream.writeBytes(Native Method)
	at java.base/java.io.FileOutputStream.write(FileOutputStream.java:354)
	at java.base/java.io.BufferedOutputStream.flushBuffer(BufferedOutputStream.java:81)
	at java.base/java.io.BufferedOutputStream.flush(BufferedOutputStream.java:142)
	at org.eclipse.lsp4j.jsonrpc.json.StreamMessageConsumer.consume(StreamMessageConsumer.java:69)
	... 20 more

!ENTRY org.eclipse.jface.text 4 0 2025-06-20 15:22:55.097
!MESSAGE org.eclipse.lsp4j.jsonrpc.JsonRpcException: java.io.IOException: 파이프가 닫히는 중입니다
!STACK 0
java.util.concurrent.CompletionException: org.eclipse.lsp4j.jsonrpc.JsonRpcException: java.io.IOException: 파이프가 닫히는 중입니다
	at java.base/java.util.concurrent.CompletableFuture.encodeThrowable(CompletableFuture.java:331)
	at java.base/java.util.concurrent.CompletableFuture.uniAcceptNow(CompletableFuture.java:743)
	at java.base/java.util.concurrent.CompletableFuture.uniAcceptStage(CompletableFuture.java:731)
	at java.base/java.util.concurrent.CompletableFuture.thenAcceptAsync(CompletableFuture.java:2118)
	at org.eclipse.lsp4e.operations.codelens.CodeLensProvider.lambda$2(CodeLensProvider.java:44)
	at java.base/java.util.stream.ReferencePipeline$3$1.accept(ReferencePipeline.java:195)
	at java.base/java.util.ArrayList$ArrayListSpliterator.forEachRemaining(ArrayList.java:1655)
	at java.base/java.util.stream.AbstractPipeline.copyInto(AbstractPipeline.java:484)
	at java.base/java.util.stream.AbstractPipeline.wrapAndCopyInto(AbstractPipeline.java:474)
	at java.base/java.util.stream.AbstractPipeline.evaluate(AbstractPipeline.java:550)
	at java.base/java.util.stream.AbstractPipeline.evaluateToArrayNode(AbstractPipeline.java:260)
	at java.base/java.util.stream.ReferencePipeline.toArray(ReferencePipeline.java:517)
	at org.eclipse.lsp4e.operations.codelens.CodeLensProvider.lambda$1(CodeLensProvider.java:52)
	at java.base/java.util.concurrent.CompletableFuture$UniCompose.tryFire(CompletableFuture.java:1072)
	at java.base/java.util.concurrent.CompletableFuture$Completion.exec(CompletableFuture.java:479)
	at java.base/java.util.concurrent.ForkJoinTask.doExec(ForkJoinTask.java:290)
	at java.base/java.util.concurrent.ForkJoinPool$WorkQueue.topLevelExec(ForkJoinPool.java:1020)
	at java.base/java.util.concurrent.ForkJoinPool.scan(ForkJoinPool.java:1656)
	at java.base/java.util.concurrent.ForkJoinPool.runWorker(ForkJoinPool.java:1594)
	at java.base/java.util.concurrent.ForkJoinWorkerThread.run(ForkJoinWorkerThread.java:183)
Caused by: org.eclipse.lsp4j.jsonrpc.JsonRpcException: java.io.IOException: 파이프가 닫히는 중입니다
	at org.eclipse.lsp4j.jsonrpc.json.StreamMessageConsumer.consume(StreamMessageConsumer.java:72)
	at org.eclipse.lsp4e.LanguageServerWrapper.lambda$4(LanguageServerWrapper.java:260)
	at org.eclipse.lsp4j.jsonrpc.RemoteEndpoint.request(RemoteEndpoint.java:161)
	at org.eclipse.lsp4j.jsonrpc.services.EndpointProxy.invoke(EndpointProxy.java:91)
	at com.sun.proxy.$Proxy66.codeLens(Unknown Source)
	at org.eclipse.lsp4e.operations.codelens.CodeLensProvider.lambda$2(CodeLensProvider.java:43)
	... 15 more
Caused by: java.io.IOException: 파이프가 닫히는 중입니다
	at java.base/java.io.FileOutputStream.writeBytes(Native Method)
	at java.base/java.io.FileOutputStream.write(FileOutputStream.java:354)
	at java.base/java.io.BufferedOutputStream.flushBuffer(BufferedOutputStream.java:81)
	at java.base/java.io.BufferedOutputStream.flush(BufferedOutputStream.java:142)
	at org.eclipse.lsp4j.jsonrpc.json.StreamMessageConsumer.consume(StreamMessageConsumer.java:69)
	... 20 more

!ENTRY org.eclipse.jface.text 4 0 2025-06-20 15:22:55.098
!MESSAGE org.eclipse.lsp4j.jsonrpc.JsonRpcException: java.io.IOException: 파이프가 닫히는 중입니다
!STACK 0
java.util.concurrent.CompletionException: org.eclipse.lsp4j.jsonrpc.JsonRpcException: java.io.IOException: 파이프가 닫히는 중입니다
	at java.base/java.util.concurrent.CompletableFuture.encodeThrowable(CompletableFuture.java:331)
	at java.base/java.util.concurrent.CompletableFuture.uniAcceptNow(CompletableFuture.java:743)
	at java.base/java.util.concurrent.CompletableFuture.uniAcceptStage(CompletableFuture.java:731)
	at java.base/java.util.concurrent.CompletableFuture.thenAcceptAsync(CompletableFuture.java:2118)
	at org.eclipse.lsp4e.operations.codelens.CodeLensProvider.lambda$2(CodeLensProvider.java:44)
	at java.base/java.util.stream.ReferencePipeline$3$1.accept(ReferencePipeline.java:195)
	at java.base/java.util.ArrayList$ArrayListSpliterator.forEachRemaining(ArrayList.java:1655)
	at java.base/java.util.stream.AbstractPipeline.copyInto(AbstractPipeline.java:484)
	at java.base/java.util.stream.AbstractPipeline.wrapAndCopyInto(AbstractPipeline.java:474)
	at java.base/java.util.stream.AbstractPipeline.evaluate(AbstractPipeline.java:550)
	at java.base/java.util.stream.AbstractPipeline.evaluateToArrayNode(AbstractPipeline.java:260)
	at java.base/java.util.stream.ReferencePipeline.toArray(ReferencePipeline.java:517)
	at org.eclipse.lsp4e.operations.codelens.CodeLensProvider.lambda$1(CodeLensProvider.java:52)
	at java.base/java.util.concurrent.CompletableFuture$UniCompose.tryFire(CompletableFuture.java:1072)
	at java.base/java.util.concurrent.CompletableFuture$Completion.exec(CompletableFuture.java:479)
	at java.base/java.util.concurrent.ForkJoinTask.doExec(ForkJoinTask.java:290)
	at java.base/java.util.concurrent.ForkJoinPool$WorkQueue.topLevelExec(ForkJoinPool.java:1020)
	at java.base/java.util.concurrent.ForkJoinPool.scan(ForkJoinPool.java:1656)
	at java.base/java.util.concurrent.ForkJoinPool.runWorker(ForkJoinPool.java:1594)
	at java.base/java.util.concurrent.ForkJoinWorkerThread.run(ForkJoinWorkerThread.java:183)
Caused by: org.eclipse.lsp4j.jsonrpc.JsonRpcException: java.io.IOException: 파이프가 닫히는 중입니다
	at org.eclipse.lsp4j.jsonrpc.json.StreamMessageConsumer.consume(StreamMessageConsumer.java:72)
	at org.eclipse.lsp4e.LanguageServerWrapper.lambda$4(LanguageServerWrapper.java:260)
	at org.eclipse.lsp4j.jsonrpc.RemoteEndpoint.request(RemoteEndpoint.java:161)
	at org.eclipse.lsp4j.jsonrpc.services.EndpointProxy.invoke(EndpointProxy.java:91)
	at com.sun.proxy.$Proxy66.codeLens(Unknown Source)
	at org.eclipse.lsp4e.operations.codelens.CodeLensProvider.lambda$2(CodeLensProvider.java:43)
	... 15 more
Caused by: java.io.IOException: 파이프가 닫히는 중입니다
	at java.base/java.io.FileOutputStream.writeBytes(Native Method)
	at java.base/java.io.FileOutputStream.write(FileOutputStream.java:354)
	at java.base/java.io.BufferedOutputStream.flushBuffer(BufferedOutputStream.java:81)
	at java.base/java.io.BufferedOutputStream.flush(BufferedOutputStream.java:142)
	at org.eclipse.lsp4j.jsonrpc.json.StreamMessageConsumer.consume(StreamMessageConsumer.java:69)
	... 20 more

!ENTRY org.eclipse.jface.text 4 0 2025-06-20 15:22:55.102
!MESSAGE org.eclipse.lsp4j.jsonrpc.JsonRpcException: java.io.IOException: 파이프가 닫히는 중입니다
!STACK 0
java.util.concurrent.CompletionException: org.eclipse.lsp4j.jsonrpc.JsonRpcException: java.io.IOException: 파이프가 닫히는 중입니다
	at java.base/java.util.concurrent.CompletableFuture.encodeThrowable(CompletableFuture.java:331)
	at java.base/java.util.concurrent.CompletableFuture.uniAcceptNow(CompletableFuture.java:743)
	at java.base/java.util.concurrent.CompletableFuture.uniAcceptStage(CompletableFuture.java:731)
	at java.base/java.util.concurrent.CompletableFuture.thenAcceptAsync(CompletableFuture.java:2118)
	at org.eclipse.lsp4e.operations.codelens.CodeLensProvider.lambda$2(CodeLensProvider.java:44)
	at java.base/java.util.stream.ReferencePipeline$3$1.accept(ReferencePipeline.java:195)
	at java.base/java.util.ArrayList$ArrayListSpliterator.forEachRemaining(ArrayList.java:1655)
	at java.base/java.util.stream.AbstractPipeline.copyInto(AbstractPipeline.java:484)
	at java.base/java.util.stream.AbstractPipeline.wrapAndCopyInto(AbstractPipeline.java:474)
	at java.base/java.util.stream.AbstractPipeline.evaluate(AbstractPipeline.java:550)
	at java.base/java.util.stream.AbstractPipeline.evaluateToArrayNode(AbstractPipeline.java:260)
	at java.base/java.util.stream.ReferencePipeline.toArray(ReferencePipeline.java:517)
	at org.eclipse.lsp4e.operations.codelens.CodeLensProvider.lambda$1(CodeLensProvider.java:52)
	at java.base/java.util.concurrent.CompletableFuture$UniCompose.tryFire(CompletableFuture.java:1072)
	at java.base/java.util.concurrent.CompletableFuture$Completion.exec(CompletableFuture.java:479)
	at java.base/java.util.concurrent.ForkJoinTask.doExec(ForkJoinTask.java:290)
	at java.base/java.util.concurrent.ForkJoinPool$WorkQueue.topLevelExec(ForkJoinPool.java:1020)
	at java.base/java.util.concurrent.ForkJoinPool.scan(ForkJoinPool.java:1656)
	at java.base/java.util.concurrent.ForkJoinPool.runWorker(ForkJoinPool.java:1594)
	at java.base/java.util.concurrent.ForkJoinWorkerThread.run(ForkJoinWorkerThread.java:183)
Caused by: org.eclipse.lsp4j.jsonrpc.JsonRpcException: java.io.IOException: 파이프가 닫히는 중입니다
	at org.eclipse.lsp4j.jsonrpc.json.StreamMessageConsumer.consume(StreamMessageConsumer.java:72)
	at org.eclipse.lsp4e.LanguageServerWrapper.lambda$4(LanguageServerWrapper.java:260)
	at org.eclipse.lsp4j.jsonrpc.RemoteEndpoint.request(RemoteEndpoint.java:161)
	at org.eclipse.lsp4j.jsonrpc.services.EndpointProxy.invoke(EndpointProxy.java:91)
	at com.sun.proxy.$Proxy66.codeLens(Unknown Source)
	at org.eclipse.lsp4e.operations.codelens.CodeLensProvider.lambda$2(CodeLensProvider.java:43)
	... 15 more
Caused by: java.io.IOException: 파이프가 닫히는 중입니다
	at java.base/java.io.FileOutputStream.writeBytes(Native Method)
	at java.base/java.io.FileOutputStream.write(FileOutputStream.java:354)
	at java.base/java.io.BufferedOutputStream.flushBuffer(BufferedOutputStream.java:81)
	at java.base/java.io.BufferedOutputStream.flush(BufferedOutputStream.java:142)
	at org.eclipse.lsp4j.jsonrpc.json.StreamMessageConsumer.consume(StreamMessageConsumer.java:69)
	... 20 more

!ENTRY org.springframework.tooling.ls.eclipse.commons 1 0 2025-06-20 15:22:55.129
!MESSAGE ClasspathListenerHandler addClasspathListener sts4.classpath.ISjSupdQisBatched = true

!ENTRY org.springframework.tooling.ls.eclipse.commons 1 0 2025-06-20 15:22:55.129
!MESSAGE Setting up ClasspathListenerManager

!ENTRY org.springframework.tooling.ls.eclipse.commons 1 0 2025-06-20 15:22:55.129
!MESSAGE Scheduling initial event for all projects ...

!ENTRY org.springframework.tooling.ls.eclipse.commons 1 0 2025-06-20 15:22:55.129
!MESSAGE Scheduling initial event for all projects DONE

!ENTRY org.springframework.tooling.ls.eclipse.commons 1 0 2025-06-20 15:22:55.129
!MESSAGE exists = true open = true => deleted = false

!ENTRY org.springframework.tooling.ls.eclipse.commons 1 0 2025-06-20 15:22:55.129
!MESSAGE ClasspathListenerHandler addClasspathListener sts4.classpath.ISjSupdQ => OK

!ENTRY org.springframework.tooling.ls.eclipse.commons 1 0 2025-06-20 15:22:55.131
!MESSAGE classpath=57 entries

!ENTRY org.springframework.tooling.ls.eclipse.commons 1 0 2025-06-20 15:22:55.132
!MESSAGE buffering callback sts4.classpath.ISjSupdQ ServiceExam false 57

!ENTRY org.springframework.tooling.ls.eclipse.commons 1 0 2025-06-20 15:22:55.132
!MESSAGE executing callback sts4.classpath.ISjSupdQ 1 batched events

!ENTRY org.springframework.tooling.ls.eclipse.commons 1 0 2025-06-20 15:22:55.329
!MESSAGE executing callback sts4.classpath.ISjSupdQ SUCCESS [done]

!ENTRY org.eclipse.lsp4e 4 0 2025-06-20 15:22:55.330
!MESSAGE org.eclipse.lsp4j.jsonrpc.JsonRpcException: java.io.IOException: 파이프가 닫히는 중입니다
!STACK 0
java.util.concurrent.ExecutionException: org.eclipse.lsp4j.jsonrpc.JsonRpcException: java.io.IOException: 파이프가 닫히는 중입니다
	at java.base/java.util.concurrent.CompletableFuture.reportGet(CompletableFuture.java:395)
	at java.base/java.util.concurrent.CompletableFuture.get(CompletableFuture.java:2028)
	at org.eclipse.lsp4e.LanguageServerWrapper.lambda$13(LanguageServerWrapper.java:425)
	at java.base/java.util.concurrent.CompletableFuture$AsyncRun.run(CompletableFuture.java:1736)
	at java.base/java.util.concurrent.CompletableFuture$AsyncRun.exec(CompletableFuture.java:1728)
	at java.base/java.util.concurrent.ForkJoinTask.doExec(ForkJoinTask.java:290)
	at java.base/java.util.concurrent.ForkJoinPool$WorkQueue.topLevelExec(ForkJoinPool.java:1020)
	at java.base/java.util.concurrent.ForkJoinPool.scan(ForkJoinPool.java:1656)
	at java.base/java.util.concurrent.ForkJoinPool.runWorker(ForkJoinPool.java:1594)
	at java.base/java.util.concurrent.ForkJoinWorkerThread.run(ForkJoinWorkerThread.java:183)
Caused by: org.eclipse.lsp4j.jsonrpc.JsonRpcException: java.io.IOException: 파이프가 닫히는 중입니다
	at org.eclipse.lsp4j.jsonrpc.json.StreamMessageConsumer.consume(StreamMessageConsumer.java:72)
	at org.eclipse.lsp4e.LanguageServerWrapper.lambda$4(LanguageServerWrapper.java:260)
	at org.eclipse.lsp4j.jsonrpc.RemoteEndpoint.request(RemoteEndpoint.java:161)
	at org.eclipse.lsp4j.jsonrpc.services.EndpointProxy.invoke(EndpointProxy.java:91)
	at com.sun.proxy.$Proxy68.shutdown(Unknown Source)
	at org.eclipse.lsp4e.LanguageServerWrapper.lambda$13(LanguageServerWrapper.java:423)
	... 7 more
Caused by: java.io.IOException: 파이프가 닫히는 중입니다
	at java.base/java.io.FileOutputStream.writeBytes(Native Method)
	at java.base/java.io.FileOutputStream.write(FileOutputStream.java:354)
	at java.base/java.io.BufferedOutputStream.flushBuffer(BufferedOutputStream.java:81)
	at java.base/java.io.BufferedOutputStream.flush(BufferedOutputStream.java:142)
	at org.eclipse.lsp4j.jsonrpc.json.StreamMessageConsumer.consume(StreamMessageConsumer.java:69)
	... 12 more

!ENTRY org.eclipse.lsp4e 4 0 2025-06-20 15:22:55.330
!MESSAGE org.eclipse.lsp4j.jsonrpc.JsonRpcException: java.io.IOException: 파이프가 닫히는 중입니다
!STACK 0
java.util.concurrent.ExecutionException: org.eclipse.lsp4j.jsonrpc.JsonRpcException: java.io.IOException: 파이프가 닫히는 중입니다
	at java.base/java.util.concurrent.CompletableFuture.reportGet(CompletableFuture.java:395)
	at java.base/java.util.concurrent.CompletableFuture.get(CompletableFuture.java:2028)
	at org.eclipse.lsp4e.LanguageServerWrapper.lambda$13(LanguageServerWrapper.java:425)
	at java.base/java.util.concurrent.CompletableFuture$AsyncRun.run(CompletableFuture.java:1736)
	at java.base/java.util.concurrent.CompletableFuture$AsyncRun.exec(CompletableFuture.java:1728)
	at java.base/java.util.concurrent.ForkJoinTask.doExec(ForkJoinTask.java:290)
	at java.base/java.util.concurrent.ForkJoinPool$WorkQueue.topLevelExec(ForkJoinPool.java:1020)
	at java.base/java.util.concurrent.ForkJoinPool.scan(ForkJoinPool.java:1656)
	at java.base/java.util.concurrent.ForkJoinPool.runWorker(ForkJoinPool.java:1594)
	at java.base/java.util.concurrent.ForkJoinWorkerThread.run(ForkJoinWorkerThread.java:183)
Caused by: org.eclipse.lsp4j.jsonrpc.JsonRpcException: java.io.IOException: 파이프가 닫히는 중입니다
	at org.eclipse.lsp4j.jsonrpc.json.StreamMessageConsumer.consume(StreamMessageConsumer.java:72)
	at org.eclipse.lsp4e.LanguageServerWrapper.lambda$4(LanguageServerWrapper.java:260)
	at org.eclipse.lsp4j.jsonrpc.RemoteEndpoint.request(RemoteEndpoint.java:161)
	at org.eclipse.lsp4j.jsonrpc.services.EndpointProxy.invoke(EndpointProxy.java:91)
	at com.sun.proxy.$Proxy68.shutdown(Unknown Source)
	at org.eclipse.lsp4e.LanguageServerWrapper.lambda$13(LanguageServerWrapper.java:423)
	... 7 more
Caused by: java.io.IOException: 파이프가 닫히는 중입니다
	at java.base/java.io.FileOutputStream.writeBytes(Native Method)
	at java.base/java.io.FileOutputStream.write(FileOutputStream.java:354)
	at java.base/java.io.BufferedOutputStream.flushBuffer(BufferedOutputStream.java:81)
	at java.base/java.io.BufferedOutputStream.flush(BufferedOutputStream.java:142)
	at org.eclipse.lsp4j.jsonrpc.json.StreamMessageConsumer.consume(StreamMessageConsumer.java:69)
	... 12 more

!ENTRY org.springframework.tooling.ls.eclipse.commons 1 0 2025-06-20 15:22:55.330
!MESSAGE Entering DelegatingStreamConnectionProvider()

!ENTRY org.springframework.tooling.ls.eclipse.commons 1 0 2025-06-20 15:22:55.330
!MESSAGE DelegatingStreamConnectionProvider classloader = org.eclipse.osgi.internal.loader.EquinoxClassLoader@580cb668[org.springframework.tooling.boot.ls:1.28.0.202109130547(id=1001)]

!ENTRY org.springframework.tooling.ls.eclipse.commons 1 0 2025-06-20 15:22:55.332
!MESSAGE SpringBootLanguageServer exists!

!ENTRY org.springframework.tooling.ls.eclipse.commons 1 0 2025-06-20 15:22:56.378
!MESSAGE Boot LS startup time from start to initialized: 1046ms

!ENTRY org.eclipse.jface.text 4 0 2025-06-20 15:22:56.407
!MESSAGE org.eclipse.lsp4j.jsonrpc.JsonRpcException: java.io.IOException: 파이프가 닫히는 중입니다
!STACK 0
java.util.concurrent.CompletionException: org.eclipse.lsp4j.jsonrpc.JsonRpcException: java.io.IOException: 파이프가 닫히는 중입니다
	at java.base/java.util.concurrent.CompletableFuture.encodeThrowable(CompletableFuture.java:331)
	at java.base/java.util.concurrent.CompletableFuture.uniAcceptNow(CompletableFuture.java:743)
	at java.base/java.util.concurrent.CompletableFuture.uniAcceptStage(CompletableFuture.java:731)
	at java.base/java.util.concurrent.CompletableFuture.thenAcceptAsync(CompletableFuture.java:2118)
	at org.eclipse.lsp4e.operations.codelens.CodeLensProvider.lambda$2(CodeLensProvider.java:44)
	at java.base/java.util.stream.ReferencePipeline$3$1.accept(ReferencePipeline.java:195)
	at java.base/java.util.ArrayList$ArrayListSpliterator.forEachRemaining(ArrayList.java:1655)
	at java.base/java.util.stream.AbstractPipeline.copyInto(AbstractPipeline.java:484)
	at java.base/java.util.stream.AbstractPipeline.wrapAndCopyInto(AbstractPipeline.java:474)
	at java.base/java.util.stream.AbstractPipeline.evaluate(AbstractPipeline.java:550)
	at java.base/java.util.stream.AbstractPipeline.evaluateToArrayNode(AbstractPipeline.java:260)
	at java.base/java.util.stream.ReferencePipeline.toArray(ReferencePipeline.java:517)
	at org.eclipse.lsp4e.operations.codelens.CodeLensProvider.lambda$1(CodeLensProvider.java:52)
	at java.base/java.util.concurrent.CompletableFuture$UniCompose.tryFire(CompletableFuture.java:1072)
	at java.base/java.util.concurrent.CompletableFuture$Completion.exec(CompletableFuture.java:479)
	at java.base/java.util.concurrent.ForkJoinTask.doExec(ForkJoinTask.java:290)
	at java.base/java.util.concurrent.ForkJoinPool$WorkQueue.topLevelExec(ForkJoinPool.java:1020)
	at java.base/java.util.concurrent.ForkJoinPool.scan(ForkJoinPool.java:1656)
	at java.base/java.util.concurrent.ForkJoinPool.runWorker(ForkJoinPool.java:1594)
	at java.base/java.util.concurrent.ForkJoinWorkerThread.run(ForkJoinWorkerThread.java:183)
Caused by: org.eclipse.lsp4j.jsonrpc.JsonRpcException: java.io.IOException: 파이프가 닫히는 중입니다
	at org.eclipse.lsp4j.jsonrpc.json.StreamMessageConsumer.consume(StreamMessageConsumer.java:72)
	at org.eclipse.lsp4e.LanguageServerWrapper.lambda$4(LanguageServerWrapper.java:260)
	at org.eclipse.lsp4j.jsonrpc.RemoteEndpoint.request(RemoteEndpoint.java:161)
	at org.eclipse.lsp4j.jsonrpc.services.EndpointProxy.invoke(EndpointProxy.java:91)
	at com.sun.proxy.$Proxy66.codeLens(Unknown Source)
	at org.eclipse.lsp4e.operations.codelens.CodeLensProvider.lambda$2(CodeLensProvider.java:43)
	... 15 more
Caused by: java.io.IOException: 파이프가 닫히는 중입니다
	at java.base/java.io.FileOutputStream.writeBytes(Native Method)
	at java.base/java.io.FileOutputStream.write(FileOutputStream.java:354)
	at java.base/java.io.BufferedOutputStream.flushBuffer(BufferedOutputStream.java:81)
	at java.base/java.io.BufferedOutputStream.flush(BufferedOutputStream.java:142)
	at org.eclipse.lsp4j.jsonrpc.json.StreamMessageConsumer.consume(StreamMessageConsumer.java:69)
	... 20 more

!ENTRY org.eclipse.jface.text 4 0 2025-06-20 15:22:56.407
!MESSAGE org.eclipse.lsp4j.jsonrpc.JsonRpcException: java.io.IOException: 파이프가 닫히는 중입니다
!STACK 0
java.util.concurrent.CompletionException: org.eclipse.lsp4j.jsonrpc.JsonRpcException: java.io.IOException: 파이프가 닫히는 중입니다
	at java.base/java.util.concurrent.CompletableFuture.encodeThrowable(CompletableFuture.java:331)
	at java.base/java.util.concurrent.CompletableFuture.uniAcceptNow(CompletableFuture.java:743)
	at java.base/java.util.concurrent.CompletableFuture.uniAcceptStage(CompletableFuture.java:731)
	at java.base/java.util.concurrent.CompletableFuture.thenAcceptAsync(CompletableFuture.java:2118)
	at org.eclipse.lsp4e.operations.codelens.CodeLensProvider.lambda$2(CodeLensProvider.java:44)
	at java.base/java.util.stream.ReferencePipeline$3$1.accept(ReferencePipeline.java:195)
	at java.base/java.util.ArrayList$ArrayListSpliterator.forEachRemaining(ArrayList.java:1655)
	at java.base/java.util.stream.AbstractPipeline.copyInto(AbstractPipeline.java:484)
	at java.base/java.util.stream.AbstractPipeline.wrapAndCopyInto(AbstractPipeline.java:474)
	at java.base/java.util.stream.AbstractPipeline.evaluate(AbstractPipeline.java:550)
	at java.base/java.util.stream.AbstractPipeline.evaluateToArrayNode(AbstractPipeline.java:260)
	at java.base/java.util.stream.ReferencePipeline.toArray(ReferencePipeline.java:517)
	at org.eclipse.lsp4e.operations.codelens.CodeLensProvider.lambda$1(CodeLensProvider.java:52)
	at java.base/java.util.concurrent.CompletableFuture$UniCompose.tryFire(CompletableFuture.java:1072)
	at java.base/java.util.concurrent.CompletableFuture$Completion.exec(CompletableFuture.java:479)
	at java.base/java.util.concurrent.ForkJoinTask.doExec(ForkJoinTask.java:290)
	at java.base/java.util.concurrent.ForkJoinPool$WorkQueue.topLevelExec(ForkJoinPool.java:1020)
	at java.base/java.util.concurrent.ForkJoinPool.scan(ForkJoinPool.java:1656)
	at java.base/java.util.concurrent.ForkJoinPool.runWorker(ForkJoinPool.java:1594)
	at java.base/java.util.concurrent.ForkJoinWorkerThread.run(ForkJoinWorkerThread.java:183)
Caused by: org.eclipse.lsp4j.jsonrpc.JsonRpcException: java.io.IOException: 파이프가 닫히는 중입니다
	at org.eclipse.lsp4j.jsonrpc.json.StreamMessageConsumer.consume(StreamMessageConsumer.java:72)
	at org.eclipse.lsp4e.LanguageServerWrapper.lambda$4(LanguageServerWrapper.java:260)
	at org.eclipse.lsp4j.jsonrpc.RemoteEndpoint.request(RemoteEndpoint.java:161)
	at org.eclipse.lsp4j.jsonrpc.services.EndpointProxy.invoke(EndpointProxy.java:91)
	at com.sun.proxy.$Proxy66.codeLens(Unknown Source)
	at org.eclipse.lsp4e.operations.codelens.CodeLensProvider.lambda$2(CodeLensProvider.java:43)
	... 15 more
Caused by: java.io.IOException: 파이프가 닫히는 중입니다
	at java.base/java.io.FileOutputStream.writeBytes(Native Method)
	at java.base/java.io.FileOutputStream.write(FileOutputStream.java:354)
	at java.base/java.io.BufferedOutputStream.flushBuffer(BufferedOutputStream.java:81)
	at java.base/java.io.BufferedOutputStream.flush(BufferedOutputStream.java:142)
	at org.eclipse.lsp4j.jsonrpc.json.StreamMessageConsumer.consume(StreamMessageConsumer.java:69)
	... 20 more

!ENTRY org.eclipse.jface.text 4 0 2025-06-20 15:22:56.407
!MESSAGE org.eclipse.lsp4j.jsonrpc.JsonRpcException: java.io.IOException: 파이프가 닫히는 중입니다
!STACK 0
java.util.concurrent.CompletionException: org.eclipse.lsp4j.jsonrpc.JsonRpcException: java.io.IOException: 파이프가 닫히는 중입니다
	at java.base/java.util.concurrent.CompletableFuture.encodeThrowable(CompletableFuture.java:331)
	at java.base/java.util.concurrent.CompletableFuture.uniAcceptNow(CompletableFuture.java:743)
	at java.base/java.util.concurrent.CompletableFuture.uniAcceptStage(CompletableFuture.java:731)
	at java.base/java.util.concurrent.CompletableFuture.thenAcceptAsync(CompletableFuture.java:2118)
	at org.eclipse.lsp4e.operations.codelens.CodeLensProvider.lambda$2(CodeLensProvider.java:44)
	at java.base/java.util.stream.ReferencePipeline$3$1.accept(ReferencePipeline.java:195)
	at java.base/java.util.ArrayList$ArrayListSpliterator.forEachRemaining(ArrayList.java:1655)
	at java.base/java.util.stream.AbstractPipeline.copyInto(AbstractPipeline.java:484)
	at java.base/java.util.stream.AbstractPipeline.wrapAndCopyInto(AbstractPipeline.java:474)
	at java.base/java.util.stream.AbstractPipeline.evaluate(AbstractPipeline.java:550)
	at java.base/java.util.stream.AbstractPipeline.evaluateToArrayNode(AbstractPipeline.java:260)
	at java.base/java.util.stream.ReferencePipeline.toArray(ReferencePipeline.java:517)
	at org.eclipse.lsp4e.operations.codelens.CodeLensProvider.lambda$1(CodeLensProvider.java:52)
	at java.base/java.util.concurrent.CompletableFuture$UniCompose.tryFire(CompletableFuture.java:1072)
	at java.base/java.util.concurrent.CompletableFuture$Completion.exec(CompletableFuture.java:479)
	at java.base/java.util.concurrent.ForkJoinTask.doExec(ForkJoinTask.java:290)
	at java.base/java.util.concurrent.ForkJoinPool$WorkQueue.topLevelExec(ForkJoinPool.java:1020)
	at java.base/java.util.concurrent.ForkJoinPool.scan(ForkJoinPool.java:1656)
	at java.base/java.util.concurrent.ForkJoinPool.runWorker(ForkJoinPool.java:1594)
	at java.base/java.util.concurrent.ForkJoinWorkerThread.run(ForkJoinWorkerThread.java:183)
Caused by: org.eclipse.lsp4j.jsonrpc.JsonRpcException: java.io.IOException: 파이프가 닫히는 중입니다
	at org.eclipse.lsp4j.jsonrpc.json.StreamMessageConsumer.consume(StreamMessageConsumer.java:72)
	at org.eclipse.lsp4e.LanguageServerWrapper.lambda$4(LanguageServerWrapper.java:260)
	at org.eclipse.lsp4j.jsonrpc.RemoteEndpoint.request(RemoteEndpoint.java:161)
	at org.eclipse.lsp4j.jsonrpc.services.EndpointProxy.invoke(EndpointProxy.java:91)
	at com.sun.proxy.$Proxy66.codeLens(Unknown Source)
	at org.eclipse.lsp4e.operations.codelens.CodeLensProvider.lambda$2(CodeLensProvider.java:43)
	... 15 more
Caused by: java.io.IOException: 파이프가 닫히는 중입니다
	at java.base/java.io.FileOutputStream.writeBytes(Native Method)
	at java.base/java.io.FileOutputStream.write(FileOutputStream.java:354)
	at java.base/java.io.BufferedOutputStream.flushBuffer(BufferedOutputStream.java:81)
	at java.base/java.io.BufferedOutputStream.flush(BufferedOutputStream.java:142)
	at org.eclipse.lsp4j.jsonrpc.json.StreamMessageConsumer.consume(StreamMessageConsumer.java:69)
	... 20 more

!ENTRY org.eclipse.jface.text 4 0 2025-06-20 15:22:56.407
!MESSAGE org.eclipse.lsp4j.jsonrpc.JsonRpcException: java.io.IOException: 파이프가 닫히는 중입니다
!STACK 0
java.util.concurrent.CompletionException: org.eclipse.lsp4j.jsonrpc.JsonRpcException: java.io.IOException: 파이프가 닫히는 중입니다
	at java.base/java.util.concurrent.CompletableFuture.encodeThrowable(CompletableFuture.java:331)
	at java.base/java.util.concurrent.CompletableFuture.uniAcceptNow(CompletableFuture.java:743)
	at java.base/java.util.concurrent.CompletableFuture.uniAcceptStage(CompletableFuture.java:731)
	at java.base/java.util.concurrent.CompletableFuture.thenAcceptAsync(CompletableFuture.java:2118)
	at org.eclipse.lsp4e.operations.codelens.CodeLensProvider.lambda$2(CodeLensProvider.java:44)
	at java.base/java.util.stream.ReferencePipeline$3$1.accept(ReferencePipeline.java:195)
	at java.base/java.util.ArrayList$ArrayListSpliterator.forEachRemaining(ArrayList.java:1655)
	at java.base/java.util.stream.AbstractPipeline.copyInto(AbstractPipeline.java:484)
	at java.base/java.util.stream.AbstractPipeline.wrapAndCopyInto(AbstractPipeline.java:474)
	at java.base/java.util.stream.AbstractPipeline.evaluate(AbstractPipeline.java:550)
	at java.base/java.util.stream.AbstractPipeline.evaluateToArrayNode(AbstractPipeline.java:260)
	at java.base/java.util.stream.ReferencePipeline.toArray(ReferencePipeline.java:517)
	at org.eclipse.lsp4e.operations.codelens.CodeLensProvider.lambda$1(CodeLensProvider.java:52)
	at java.base/java.util.concurrent.CompletableFuture$UniCompose.tryFire(CompletableFuture.java:1072)
	at java.base/java.util.concurrent.CompletableFuture$Completion.exec(CompletableFuture.java:479)
	at java.base/java.util.concurrent.ForkJoinTask.doExec(ForkJoinTask.java:290)
	at java.base/java.util.concurrent.ForkJoinPool$WorkQueue.topLevelExec(ForkJoinPool.java:1020)
	at java.base/java.util.concurrent.ForkJoinPool.scan(ForkJoinPool.java:1656)
	at java.base/java.util.concurrent.ForkJoinPool.runWorker(ForkJoinPool.java:1594)
	at java.base/java.util.concurrent.ForkJoinWorkerThread.run(ForkJoinWorkerThread.java:183)
Caused by: org.eclipse.lsp4j.jsonrpc.JsonRpcException: java.io.IOException: 파이프가 닫히는 중입니다
	at org.eclipse.lsp4j.jsonrpc.json.StreamMessageConsumer.consume(StreamMessageConsumer.java:72)
	at org.eclipse.lsp4e.LanguageServerWrapper.lambda$4(LanguageServerWrapper.java:260)
	at org.eclipse.lsp4j.jsonrpc.RemoteEndpoint.request(RemoteEndpoint.java:161)
	at org.eclipse.lsp4j.jsonrpc.services.EndpointProxy.invoke(EndpointProxy.java:91)
	at com.sun.proxy.$Proxy66.codeLens(Unknown Source)
	at org.eclipse.lsp4e.operations.codelens.CodeLensProvider.lambda$2(CodeLensProvider.java:43)
	... 15 more
Caused by: java.io.IOException: 파이프가 닫히는 중입니다
	at java.base/java.io.FileOutputStream.writeBytes(Native Method)
	at java.base/java.io.FileOutputStream.write(FileOutputStream.java:354)
	at java.base/java.io.BufferedOutputStream.flushBuffer(BufferedOutputStream.java:81)
	at java.base/java.io.BufferedOutputStream.flush(BufferedOutputStream.java:142)
	at org.eclipse.lsp4j.jsonrpc.json.StreamMessageConsumer.consume(StreamMessageConsumer.java:69)
	... 20 more

!ENTRY org.springframework.tooling.ls.eclipse.commons 1 0 2025-06-20 15:22:56.437
!MESSAGE ClasspathListenerHandler addClasspathListener sts4.classpath.fnLPgTHMisBatched = true

!ENTRY org.springframework.tooling.ls.eclipse.commons 1 0 2025-06-20 15:22:56.437
!MESSAGE Setting up ClasspathListenerManager

!ENTRY org.springframework.tooling.ls.eclipse.commons 1 0 2025-06-20 15:22:56.437
!MESSAGE Scheduling initial event for all projects ...

!ENTRY org.springframework.tooling.ls.eclipse.commons 1 0 2025-06-20 15:22:56.437
!MESSAGE Scheduling initial event for all projects DONE

!ENTRY org.springframework.tooling.ls.eclipse.commons 1 0 2025-06-20 15:22:56.437
!MESSAGE exists = true open = true => deleted = false

!ENTRY org.springframework.tooling.ls.eclipse.commons 1 0 2025-06-20 15:22:56.437
!MESSAGE ClasspathListenerHandler addClasspathListener sts4.classpath.fnLPgTHM => OK

!ENTRY org.springframework.tooling.ls.eclipse.commons 1 0 2025-06-20 15:22:56.439
!MESSAGE classpath=57 entries

!ENTRY org.springframework.tooling.ls.eclipse.commons 1 0 2025-06-20 15:22:56.440
!MESSAGE buffering callback sts4.classpath.fnLPgTHM ServiceExam false 57

!ENTRY org.springframework.tooling.ls.eclipse.commons 1 0 2025-06-20 15:22:56.440
!MESSAGE executing callback sts4.classpath.fnLPgTHM 1 batched events

!ENTRY org.springframework.tooling.ls.eclipse.commons 1 0 2025-06-20 15:22:56.639
!MESSAGE executing callback sts4.classpath.fnLPgTHM SUCCESS [done]

!ENTRY org.eclipse.lsp4e 4 0 2025-06-20 15:22:56.640
!MESSAGE org.eclipse.lsp4j.jsonrpc.JsonRpcException: java.io.IOException: 파이프가 닫히는 중입니다
!STACK 0
java.util.concurrent.ExecutionException: org.eclipse.lsp4j.jsonrpc.JsonRpcException: java.io.IOException: 파이프가 닫히는 중입니다
	at java.base/java.util.concurrent.CompletableFuture.reportGet(CompletableFuture.java:395)
	at java.base/java.util.concurrent.CompletableFuture.get(CompletableFuture.java:2028)
	at org.eclipse.lsp4e.LanguageServerWrapper.lambda$13(LanguageServerWrapper.java:425)
	at java.base/java.util.concurrent.CompletableFuture$AsyncRun.run(CompletableFuture.java:1736)
	at java.base/java.util.concurrent.CompletableFuture$AsyncRun.exec(CompletableFuture.java:1728)
	at java.base/java.util.concurrent.ForkJoinTask.doExec(ForkJoinTask.java:290)
	at java.base/java.util.concurrent.ForkJoinPool$WorkQueue.topLevelExec(ForkJoinPool.java:1020)
	at java.base/java.util.concurrent.ForkJoinPool.scan(ForkJoinPool.java:1656)
	at java.base/java.util.concurrent.ForkJoinPool.runWorker(ForkJoinPool.java:1594)
	at java.base/java.util.concurrent.ForkJoinWorkerThread.run(ForkJoinWorkerThread.java:183)
Caused by: org.eclipse.lsp4j.jsonrpc.JsonRpcException: java.io.IOException: 파이프가 닫히는 중입니다
	at org.eclipse.lsp4j.jsonrpc.json.StreamMessageConsumer.consume(StreamMessageConsumer.java:72)
	at org.eclipse.lsp4e.LanguageServerWrapper.lambda$4(LanguageServerWrapper.java:260)
	at org.eclipse.lsp4j.jsonrpc.RemoteEndpoint.request(RemoteEndpoint.java:161)
	at org.eclipse.lsp4j.jsonrpc.services.EndpointProxy.invoke(EndpointProxy.java:91)
	at com.sun.proxy.$Proxy68.shutdown(Unknown Source)
	at org.eclipse.lsp4e.LanguageServerWrapper.lambda$13(LanguageServerWrapper.java:423)
	... 7 more
Caused by: java.io.IOException: 파이프가 닫히는 중입니다
	at java.base/java.io.FileOutputStream.writeBytes(Native Method)
	at java.base/java.io.FileOutputStream.write(FileOutputStream.java:354)
	at java.base/java.io.BufferedOutputStream.flushBuffer(BufferedOutputStream.java:81)
	at java.base/java.io.BufferedOutputStream.flush(BufferedOutputStream.java:142)
	at org.eclipse.lsp4j.jsonrpc.json.StreamMessageConsumer.consume(StreamMessageConsumer.java:69)
	... 12 more

!ENTRY org.eclipse.lsp4e 4 0 2025-06-20 15:22:56.640
!MESSAGE org.eclipse.lsp4j.jsonrpc.JsonRpcException: java.io.IOException: 파이프가 닫히는 중입니다
!STACK 0
java.util.concurrent.ExecutionException: org.eclipse.lsp4j.jsonrpc.JsonRpcException: java.io.IOException: 파이프가 닫히는 중입니다
	at java.base/java.util.concurrent.CompletableFuture.reportGet(CompletableFuture.java:395)
	at java.base/java.util.concurrent.CompletableFuture.get(CompletableFuture.java:2028)
	at org.eclipse.lsp4e.LanguageServerWrapper.lambda$13(LanguageServerWrapper.java:425)
	at java.base/java.util.concurrent.CompletableFuture$AsyncRun.run(CompletableFuture.java:1736)
	at java.base/java.util.concurrent.CompletableFuture$AsyncRun.exec(CompletableFuture.java:1728)
	at java.base/java.util.concurrent.ForkJoinTask.doExec(ForkJoinTask.java:290)
	at java.base/java.util.concurrent.ForkJoinPool$WorkQueue.topLevelExec(ForkJoinPool.java:1020)
	at java.base/java.util.concurrent.ForkJoinPool.scan(ForkJoinPool.java:1656)
	at java.base/java.util.concurrent.ForkJoinPool.runWorker(ForkJoinPool.java:1594)
	at java.base/java.util.concurrent.ForkJoinWorkerThread.run(ForkJoinWorkerThread.java:183)
Caused by: org.eclipse.lsp4j.jsonrpc.JsonRpcException: java.io.IOException: 파이프가 닫히는 중입니다
	at org.eclipse.lsp4j.jsonrpc.json.StreamMessageConsumer.consume(StreamMessageConsumer.java:72)
	at org.eclipse.lsp4e.LanguageServerWrapper.lambda$4(LanguageServerWrapper.java:260)
	at org.eclipse.lsp4j.jsonrpc.RemoteEndpoint.request(RemoteEndpoint.java:161)
	at org.eclipse.lsp4j.jsonrpc.services.EndpointProxy.invoke(EndpointProxy.java:91)
	at com.sun.proxy.$Proxy68.shutdown(Unknown Source)
	at org.eclipse.lsp4e.LanguageServerWrapper.lambda$13(LanguageServerWrapper.java:423)
	... 7 more
Caused by: java.io.IOException: 파이프가 닫히는 중입니다
	at java.base/java.io.FileOutputStream.writeBytes(Native Method)
	at java.base/java.io.FileOutputStream.write(FileOutputStream.java:354)
	at java.base/java.io.BufferedOutputStream.flushBuffer(BufferedOutputStream.java:81)
	at java.base/java.io.BufferedOutputStream.flush(BufferedOutputStream.java:142)
	at org.eclipse.lsp4j.jsonrpc.json.StreamMessageConsumer.consume(StreamMessageConsumer.java:69)
	... 12 more

!ENTRY org.springframework.tooling.ls.eclipse.commons 1 0 2025-06-20 15:22:56.640
!MESSAGE Entering DelegatingStreamConnectionProvider()

!ENTRY org.springframework.tooling.ls.eclipse.commons 1 0 2025-06-20 15:22:56.640
!MESSAGE DelegatingStreamConnectionProvider classloader = org.eclipse.osgi.internal.loader.EquinoxClassLoader@580cb668[org.springframework.tooling.boot.ls:1.28.0.202109130547(id=1001)]

!ENTRY org.springframework.tooling.ls.eclipse.commons 1 0 2025-06-20 15:22:56.641
!MESSAGE SpringBootLanguageServer exists!

!ENTRY org.springframework.tooling.ls.eclipse.commons 1 0 2025-06-20 15:22:57.669
!MESSAGE Boot LS startup time from start to initialized: 1028ms

!ENTRY org.eclipse.jface.text 4 0 2025-06-20 15:22:57.699
!MESSAGE org.eclipse.lsp4j.jsonrpc.JsonRpcException: java.io.IOException: 파이프가 닫히는 중입니다
!STACK 0
java.util.concurrent.CompletionException: org.eclipse.lsp4j.jsonrpc.JsonRpcException: java.io.IOException: 파이프가 닫히는 중입니다
	at java.base/java.util.concurrent.CompletableFuture.encodeThrowable(CompletableFuture.java:331)
	at java.base/java.util.concurrent.CompletableFuture.uniAcceptNow(CompletableFuture.java:743)
	at java.base/java.util.concurrent.CompletableFuture.uniAcceptStage(CompletableFuture.java:731)
	at java.base/java.util.concurrent.CompletableFuture.thenAcceptAsync(CompletableFuture.java:2118)
	at org.eclipse.lsp4e.operations.codelens.CodeLensProvider.lambda$2(CodeLensProvider.java:44)
	at java.base/java.util.stream.ReferencePipeline$3$1.accept(ReferencePipeline.java:195)
	at java.base/java.util.ArrayList$ArrayListSpliterator.forEachRemaining(ArrayList.java:1655)
	at java.base/java.util.stream.AbstractPipeline.copyInto(AbstractPipeline.java:484)
	at java.base/java.util.stream.AbstractPipeline.wrapAndCopyInto(AbstractPipeline.java:474)
	at java.base/java.util.stream.AbstractPipeline.evaluate(AbstractPipeline.java:550)
	at java.base/java.util.stream.AbstractPipeline.evaluateToArrayNode(AbstractPipeline.java:260)
	at java.base/java.util.stream.ReferencePipeline.toArray(ReferencePipeline.java:517)
	at org.eclipse.lsp4e.operations.codelens.CodeLensProvider.lambda$1(CodeLensProvider.java:52)
	at java.base/java.util.concurrent.CompletableFuture$UniCompose.tryFire(CompletableFuture.java:1072)
	at java.base/java.util.concurrent.CompletableFuture$Completion.exec(CompletableFuture.java:479)
	at java.base/java.util.concurrent.ForkJoinTask.doExec(ForkJoinTask.java:290)
	at java.base/java.util.concurrent.ForkJoinPool$WorkQueue.topLevelExec(ForkJoinPool.java:1020)
	at java.base/java.util.concurrent.ForkJoinPool.scan(ForkJoinPool.java:1656)
	at java.base/java.util.concurrent.ForkJoinPool.runWorker(ForkJoinPool.java:1594)
	at java.base/java.util.concurrent.ForkJoinWorkerThread.run(ForkJoinWorkerThread.java:183)
Caused by: org.eclipse.lsp4j.jsonrpc.JsonRpcException: java.io.IOException: 파이프가 닫히는 중입니다
	at org.eclipse.lsp4j.jsonrpc.json.StreamMessageConsumer.consume(StreamMessageConsumer.java:72)
	at org.eclipse.lsp4e.LanguageServerWrapper.lambda$4(LanguageServerWrapper.java:260)
	at org.eclipse.lsp4j.jsonrpc.RemoteEndpoint.request(RemoteEndpoint.java:161)
	at org.eclipse.lsp4j.jsonrpc.services.EndpointProxy.invoke(EndpointProxy.java:91)
	at com.sun.proxy.$Proxy66.codeLens(Unknown Source)
	at org.eclipse.lsp4e.operations.codelens.CodeLensProvider.lambda$2(CodeLensProvider.java:43)
	... 15 more
Caused by: java.io.IOException: 파이프가 닫히는 중입니다
	at java.base/java.io.FileOutputStream.writeBytes(Native Method)
	at java.base/java.io.FileOutputStream.write(FileOutputStream.java:354)
	at java.base/java.io.BufferedOutputStream.flushBuffer(BufferedOutputStream.java:81)
	at java.base/java.io.BufferedOutputStream.flush(BufferedOutputStream.java:142)
	at org.eclipse.lsp4j.jsonrpc.json.StreamMessageConsumer.consume(StreamMessageConsumer.java:69)
	... 20 more

!ENTRY org.eclipse.jface.text 4 0 2025-06-20 15:22:57.700
!MESSAGE org.eclipse.lsp4j.jsonrpc.JsonRpcException: java.io.IOException: 파이프가 닫히는 중입니다
!STACK 0
java.util.concurrent.CompletionException: org.eclipse.lsp4j.jsonrpc.JsonRpcException: java.io.IOException: 파이프가 닫히는 중입니다
	at java.base/java.util.concurrent.CompletableFuture.encodeThrowable(CompletableFuture.java:331)
	at java.base/java.util.concurrent.CompletableFuture.uniAcceptNow(CompletableFuture.java:743)
	at java.base/java.util.concurrent.CompletableFuture.uniAcceptStage(CompletableFuture.java:731)
	at java.base/java.util.concurrent.CompletableFuture.thenAcceptAsync(CompletableFuture.java:2118)
	at org.eclipse.lsp4e.operations.codelens.CodeLensProvider.lambda$2(CodeLensProvider.java:44)
	at java.base/java.util.stream.ReferencePipeline$3$1.accept(ReferencePipeline.java:195)
	at java.base/java.util.ArrayList$ArrayListSpliterator.forEachRemaining(ArrayList.java:1655)
	at java.base/java.util.stream.AbstractPipeline.copyInto(AbstractPipeline.java:484)
	at java.base/java.util.stream.AbstractPipeline.wrapAndCopyInto(AbstractPipeline.java:474)
	at java.base/java.util.stream.AbstractPipeline.evaluate(AbstractPipeline.java:550)
	at java.base/java.util.stream.AbstractPipeline.evaluateToArrayNode(AbstractPipeline.java:260)
	at java.base/java.util.stream.ReferencePipeline.toArray(ReferencePipeline.java:517)
	at org.eclipse.lsp4e.operations.codelens.CodeLensProvider.lambda$1(CodeLensProvider.java:52)
	at java.base/java.util.concurrent.CompletableFuture$UniCompose.tryFire(CompletableFuture.java:1072)
	at java.base/java.util.concurrent.CompletableFuture$Completion.exec(CompletableFuture.java:479)
	at java.base/java.util.concurrent.ForkJoinTask.doExec(ForkJoinTask.java:290)
	at java.base/java.util.concurrent.ForkJoinPool$WorkQueue.topLevelExec(ForkJoinPool.java:1020)
	at java.base/java.util.concurrent.ForkJoinPool.scan(ForkJoinPool.java:1656)
	at java.base/java.util.concurrent.ForkJoinPool.runWorker(ForkJoinPool.java:1594)
	at java.base/java.util.concurrent.ForkJoinWorkerThread.run(ForkJoinWorkerThread.java:183)
Caused by: org.eclipse.lsp4j.jsonrpc.JsonRpcException: java.io.IOException: 파이프가 닫히는 중입니다
	at org.eclipse.lsp4j.jsonrpc.json.StreamMessageConsumer.consume(StreamMessageConsumer.java:72)
	at org.eclipse.lsp4e.LanguageServerWrapper.lambda$4(LanguageServerWrapper.java:260)
	at org.eclipse.lsp4j.jsonrpc.RemoteEndpoint.request(RemoteEndpoint.java:161)
	at org.eclipse.lsp4j.jsonrpc.services.EndpointProxy.invoke(EndpointProxy.java:91)
	at com.sun.proxy.$Proxy66.codeLens(Unknown Source)
	at org.eclipse.lsp4e.operations.codelens.CodeLensProvider.lambda$2(CodeLensProvider.java:43)
	... 15 more
Caused by: java.io.IOException: 파이프가 닫히는 중입니다
	at java.base/java.io.FileOutputStream.writeBytes(Native Method)
	at java.base/java.io.FileOutputStream.write(FileOutputStream.java:354)
	at java.base/java.io.BufferedOutputStream.flushBuffer(BufferedOutputStream.java:81)
	at java.base/java.io.BufferedOutputStream.flush(BufferedOutputStream.java:142)
	at org.eclipse.lsp4j.jsonrpc.json.StreamMessageConsumer.consume(StreamMessageConsumer.java:69)
	... 20 more

!ENTRY org.eclipse.jface.text 4 0 2025-06-20 15:22:57.700
!MESSAGE org.eclipse.lsp4j.jsonrpc.JsonRpcException: java.io.IOException: 파이프가 닫히는 중입니다
!STACK 0
java.util.concurrent.CompletionException: org.eclipse.lsp4j.jsonrpc.JsonRpcException: java.io.IOException: 파이프가 닫히는 중입니다
	at java.base/java.util.concurrent.CompletableFuture.encodeThrowable(CompletableFuture.java:331)
	at java.base/java.util.concurrent.CompletableFuture.uniAcceptNow(CompletableFuture.java:743)
	at java.base/java.util.concurrent.CompletableFuture.uniAcceptStage(CompletableFuture.java:731)
	at java.base/java.util.concurrent.CompletableFuture.thenAcceptAsync(CompletableFuture.java:2118)
	at org.eclipse.lsp4e.operations.codelens.CodeLensProvider.lambda$2(CodeLensProvider.java:44)
	at java.base/java.util.stream.ReferencePipeline$3$1.accept(ReferencePipeline.java:195)
	at java.base/java.util.ArrayList$ArrayListSpliterator.forEachRemaining(ArrayList.java:1655)
	at java.base/java.util.stream.AbstractPipeline.copyInto(AbstractPipeline.java:484)
	at java.base/java.util.stream.AbstractPipeline.wrapAndCopyInto(AbstractPipeline.java:474)
	at java.base/java.util.stream.AbstractPipeline.evaluate(AbstractPipeline.java:550)
	at java.base/java.util.stream.AbstractPipeline.evaluateToArrayNode(AbstractPipeline.java:260)
	at java.base/java.util.stream.ReferencePipeline.toArray(ReferencePipeline.java:517)
	at org.eclipse.lsp4e.operations.codelens.CodeLensProvider.lambda$1(CodeLensProvider.java:52)
	at java.base/java.util.concurrent.CompletableFuture$UniCompose.tryFire(CompletableFuture.java:1072)
	at java.base/java.util.concurrent.CompletableFuture$Completion.exec(CompletableFuture.java:479)
	at java.base/java.util.concurrent.ForkJoinTask.doExec(ForkJoinTask.java:290)
	at java.base/java.util.concurrent.ForkJoinPool$WorkQueue.topLevelExec(ForkJoinPool.java:1020)
	at java.base/java.util.concurrent.ForkJoinPool.scan(ForkJoinPool.java:1656)
	at java.base/java.util.concurrent.ForkJoinPool.runWorker(ForkJoinPool.java:1594)
	at java.base/java.util.concurrent.ForkJoinWorkerThread.run(ForkJoinWorkerThread.java:183)
Caused by: org.eclipse.lsp4j.jsonrpc.JsonRpcException: java.io.IOException: 파이프가 닫히는 중입니다
	at org.eclipse.lsp4j.jsonrpc.json.StreamMessageConsumer.consume(StreamMessageConsumer.java:72)
	at org.eclipse.lsp4e.LanguageServerWrapper.lambda$4(LanguageServerWrapper.java:260)
	at org.eclipse.lsp4j.jsonrpc.RemoteEndpoint.request(RemoteEndpoint.java:161)
	at org.eclipse.lsp4j.jsonrpc.services.EndpointProxy.invoke(EndpointProxy.java:91)
	at com.sun.proxy.$Proxy66.codeLens(Unknown Source)
	at org.eclipse.lsp4e.operations.codelens.CodeLensProvider.lambda$2(CodeLensProvider.java:43)
	... 15 more
Caused by: java.io.IOException: 파이프가 닫히는 중입니다
	at java.base/java.io.FileOutputStream.writeBytes(Native Method)
	at java.base/java.io.FileOutputStream.write(FileOutputStream.java:354)
	at java.base/java.io.BufferedOutputStream.flushBuffer(BufferedOutputStream.java:81)
	at java.base/java.io.BufferedOutputStream.flush(BufferedOutputStream.java:142)
	at org.eclipse.lsp4j.jsonrpc.json.StreamMessageConsumer.consume(StreamMessageConsumer.java:69)
	... 20 more

!ENTRY org.eclipse.jface.text 4 0 2025-06-20 15:22:57.700
!MESSAGE org.eclipse.lsp4j.jsonrpc.JsonRpcException: java.io.IOException: 파이프가 닫히는 중입니다
!STACK 0
java.util.concurrent.CompletionException: org.eclipse.lsp4j.jsonrpc.JsonRpcException: java.io.IOException: 파이프가 닫히는 중입니다
	at java.base/java.util.concurrent.CompletableFuture.encodeThrowable(CompletableFuture.java:331)
	at java.base/java.util.concurrent.CompletableFuture.uniAcceptNow(CompletableFuture.java:743)
	at java.base/java.util.concurrent.CompletableFuture.uniAcceptStage(CompletableFuture.java:731)
	at java.base/java.util.concurrent.CompletableFuture.thenAcceptAsync(CompletableFuture.java:2118)
	at org.eclipse.lsp4e.operations.codelens.CodeLensProvider.lambda$2(CodeLensProvider.java:44)
	at java.base/java.util.stream.ReferencePipeline$3$1.accept(ReferencePipeline.java:195)
	at java.base/java.util.ArrayList$ArrayListSpliterator.forEachRemaining(ArrayList.java:1655)
	at java.base/java.util.stream.AbstractPipeline.copyInto(AbstractPipeline.java:484)
	at java.base/java.util.stream.AbstractPipeline.wrapAndCopyInto(AbstractPipeline.java:474)
	at java.base/java.util.stream.AbstractPipeline.evaluate(AbstractPipeline.java:550)
	at java.base/java.util.stream.AbstractPipeline.evaluateToArrayNode(AbstractPipeline.java:260)
	at java.base/java.util.stream.ReferencePipeline.toArray(ReferencePipeline.java:517)
	at org.eclipse.lsp4e.operations.codelens.CodeLensProvider.lambda$1(CodeLensProvider.java:52)
	at java.base/java.util.concurrent.CompletableFuture$UniCompose.tryFire(CompletableFuture.java:1072)
	at java.base/java.util.concurrent.CompletableFuture$Completion.exec(CompletableFuture.java:479)
	at java.base/java.util.concurrent.ForkJoinTask.doExec(ForkJoinTask.java:290)
	at java.base/java.util.concurrent.ForkJoinPool$WorkQueue.topLevelExec(ForkJoinPool.java:1020)
	at java.base/java.util.concurrent.ForkJoinPool.scan(ForkJoinPool.java:1656)
	at java.base/java.util.concurrent.ForkJoinPool.runWorker(ForkJoinPool.java:1594)
	at java.base/java.util.concurrent.ForkJoinWorkerThread.run(ForkJoinWorkerThread.java:183)
Caused by: org.eclipse.lsp4j.jsonrpc.JsonRpcException: java.io.IOException: 파이프가 닫히는 중입니다
	at org.eclipse.lsp4j.jsonrpc.json.StreamMessageConsumer.consume(StreamMessageConsumer.java:72)
	at org.eclipse.lsp4e.LanguageServerWrapper.lambda$4(LanguageServerWrapper.java:260)
	at org.eclipse.lsp4j.jsonrpc.RemoteEndpoint.request(RemoteEndpoint.java:161)
	at org.eclipse.lsp4j.jsonrpc.services.EndpointProxy.invoke(EndpointProxy.java:91)
	at com.sun.proxy.$Proxy66.codeLens(Unknown Source)
	at org.eclipse.lsp4e.operations.codelens.CodeLensProvider.lambda$2(CodeLensProvider.java:43)
	... 15 more
Caused by: java.io.IOException: 파이프가 닫히는 중입니다
	at java.base/java.io.FileOutputStream.writeBytes(Native Method)
	at java.base/java.io.FileOutputStream.write(FileOutputStream.java:354)
	at java.base/java.io.BufferedOutputStream.flushBuffer(BufferedOutputStream.java:81)
	at java.base/java.io.BufferedOutputStream.flush(BufferedOutputStream.java:142)
	at org.eclipse.lsp4j.jsonrpc.json.StreamMessageConsumer.consume(StreamMessageConsumer.java:69)
	... 20 more

!ENTRY org.springframework.tooling.ls.eclipse.commons 1 0 2025-06-20 15:22:57.724
!MESSAGE ClasspathListenerHandler addClasspathListener sts4.classpath.aMMTDSmdisBatched = true

!ENTRY org.springframework.tooling.ls.eclipse.commons 1 0 2025-06-20 15:22:57.724
!MESSAGE Setting up ClasspathListenerManager

!ENTRY org.springframework.tooling.ls.eclipse.commons 1 0 2025-06-20 15:22:57.724
!MESSAGE Scheduling initial event for all projects ...

!ENTRY org.springframework.tooling.ls.eclipse.commons 1 0 2025-06-20 15:22:57.724
!MESSAGE Scheduling initial event for all projects DONE

!ENTRY org.springframework.tooling.ls.eclipse.commons 1 0 2025-06-20 15:22:57.724
!MESSAGE exists = true open = true => deleted = false

!ENTRY org.springframework.tooling.ls.eclipse.commons 1 0 2025-06-20 15:22:57.724
!MESSAGE ClasspathListenerHandler addClasspathListener sts4.classpath.aMMTDSmd => OK

!ENTRY org.springframework.tooling.ls.eclipse.commons 1 0 2025-06-20 15:22:57.725
!MESSAGE classpath=57 entries

!ENTRY org.springframework.tooling.ls.eclipse.commons 1 0 2025-06-20 15:22:57.726
!MESSAGE buffering callback sts4.classpath.aMMTDSmd ServiceExam false 57

!ENTRY org.springframework.tooling.ls.eclipse.commons 1 0 2025-06-20 15:22:57.726
!MESSAGE executing callback sts4.classpath.aMMTDSmd 1 batched events

!ENTRY org.springframework.tooling.ls.eclipse.commons 1 0 2025-06-20 15:22:57.932
!MESSAGE executing callback sts4.classpath.aMMTDSmd SUCCESS [done]

!ENTRY org.eclipse.lsp4e 4 0 2025-06-20 15:22:57.933
!MESSAGE org.eclipse.lsp4j.jsonrpc.JsonRpcException: java.io.IOException: 파이프가 닫히는 중입니다
!STACK 0
java.util.concurrent.ExecutionException: org.eclipse.lsp4j.jsonrpc.JsonRpcException: java.io.IOException: 파이프가 닫히는 중입니다
	at java.base/java.util.concurrent.CompletableFuture.reportGet(CompletableFuture.java:395)
	at java.base/java.util.concurrent.CompletableFuture.get(CompletableFuture.java:2028)
	at org.eclipse.lsp4e.LanguageServerWrapper.lambda$13(LanguageServerWrapper.java:425)
	at java.base/java.util.concurrent.CompletableFuture$AsyncRun.run(CompletableFuture.java:1736)
	at java.base/java.util.concurrent.CompletableFuture$AsyncRun.exec(CompletableFuture.java:1728)
	at java.base/java.util.concurrent.ForkJoinTask.doExec(ForkJoinTask.java:290)
	at java.base/java.util.concurrent.ForkJoinPool$WorkQueue.topLevelExec(ForkJoinPool.java:1020)
	at java.base/java.util.concurrent.ForkJoinPool.scan(ForkJoinPool.java:1656)
	at java.base/java.util.concurrent.ForkJoinPool.runWorker(ForkJoinPool.java:1594)
	at java.base/java.util.concurrent.ForkJoinWorkerThread.run(ForkJoinWorkerThread.java:183)
Caused by: org.eclipse.lsp4j.jsonrpc.JsonRpcException: java.io.IOException: 파이프가 닫히는 중입니다
	at org.eclipse.lsp4j.jsonrpc.json.StreamMessageConsumer.consume(StreamMessageConsumer.java:72)
	at org.eclipse.lsp4e.LanguageServerWrapper.lambda$4(LanguageServerWrapper.java:260)
	at org.eclipse.lsp4j.jsonrpc.RemoteEndpoint.request(RemoteEndpoint.java:161)
	at org.eclipse.lsp4j.jsonrpc.services.EndpointProxy.invoke(EndpointProxy.java:91)
	at com.sun.proxy.$Proxy68.shutdown(Unknown Source)
	at org.eclipse.lsp4e.LanguageServerWrapper.lambda$13(LanguageServerWrapper.java:423)
	... 7 more
Caused by: java.io.IOException: 파이프가 닫히는 중입니다
	at java.base/java.io.FileOutputStream.writeBytes(Native Method)
	at java.base/java.io.FileOutputStream.write(FileOutputStream.java:354)
	at java.base/java.io.BufferedOutputStream.flushBuffer(BufferedOutputStream.java:81)
	at java.base/java.io.BufferedOutputStream.flush(BufferedOutputStream.java:142)
	at org.eclipse.lsp4j.jsonrpc.json.StreamMessageConsumer.consume(StreamMessageConsumer.java:69)
	... 12 more

!ENTRY org.eclipse.lsp4e 4 0 2025-06-20 15:22:57.933
!MESSAGE org.eclipse.lsp4j.jsonrpc.JsonRpcException: java.io.IOException: 파이프가 닫히는 중입니다
!STACK 0
java.util.concurrent.ExecutionException: org.eclipse.lsp4j.jsonrpc.JsonRpcException: java.io.IOException: 파이프가 닫히는 중입니다
	at java.base/java.util.concurrent.CompletableFuture.reportGet(CompletableFuture.java:395)
	at java.base/java.util.concurrent.CompletableFuture.get(CompletableFuture.java:2028)
	at org.eclipse.lsp4e.LanguageServerWrapper.lambda$13(LanguageServerWrapper.java:425)
	at java.base/java.util.concurrent.CompletableFuture$AsyncRun.run(CompletableFuture.java:1736)
	at java.base/java.util.concurrent.CompletableFuture$AsyncRun.exec(CompletableFuture.java:1728)
	at java.base/java.util.concurrent.ForkJoinTask.doExec(ForkJoinTask.java:290)
	at java.base/java.util.concurrent.ForkJoinPool$WorkQueue.topLevelExec(ForkJoinPool.java:1020)
	at java.base/java.util.concurrent.ForkJoinPool.scan(ForkJoinPool.java:1656)
	at java.base/java.util.concurrent.ForkJoinPool.runWorker(ForkJoinPool.java:1594)
	at java.base/java.util.concurrent.ForkJoinWorkerThread.run(ForkJoinWorkerThread.java:183)
Caused by: org.eclipse.lsp4j.jsonrpc.JsonRpcException: java.io.IOException: 파이프가 닫히는 중입니다
	at org.eclipse.lsp4j.jsonrpc.json.StreamMessageConsumer.consume(StreamMessageConsumer.java:72)
	at org.eclipse.lsp4e.LanguageServerWrapper.lambda$4(LanguageServerWrapper.java:260)
	at org.eclipse.lsp4j.jsonrpc.RemoteEndpoint.request(RemoteEndpoint.java:161)
	at org.eclipse.lsp4j.jsonrpc.services.EndpointProxy.invoke(EndpointProxy.java:91)
	at com.sun.proxy.$Proxy68.shutdown(Unknown Source)
	at org.eclipse.lsp4e.LanguageServerWrapper.lambda$13(LanguageServerWrapper.java:423)
	... 7 more
Caused by: java.io.IOException: 파이프가 닫히는 중입니다
	at java.base/java.io.FileOutputStream.writeBytes(Native Method)
	at java.base/java.io.FileOutputStream.write(FileOutputStream.java:354)
	at java.base/java.io.BufferedOutputStream.flushBuffer(BufferedOutputStream.java:81)
	at java.base/java.io.BufferedOutputStream.flush(BufferedOutputStream.java:142)
	at org.eclipse.lsp4j.jsonrpc.json.StreamMessageConsumer.consume(StreamMessageConsumer.java:69)
	... 12 more

!ENTRY org.springframework.tooling.ls.eclipse.commons 1 0 2025-06-20 15:22:57.933
!MESSAGE Entering DelegatingStreamConnectionProvider()

!ENTRY org.springframework.tooling.ls.eclipse.commons 1 0 2025-06-20 15:22:57.934
!MESSAGE DelegatingStreamConnectionProvider classloader = org.eclipse.osgi.internal.loader.EquinoxClassLoader@580cb668[org.springframework.tooling.boot.ls:1.28.0.202109130547(id=1001)]

!ENTRY org.springframework.tooling.ls.eclipse.commons 1 0 2025-06-20 15:22:57.934
!MESSAGE SpringBootLanguageServer exists!

!ENTRY org.springframework.tooling.ls.eclipse.commons 1 0 2025-06-20 15:22:58.958
!MESSAGE Boot LS startup time from start to initialized: 1024ms

!ENTRY org.eclipse.jface.text 4 0 2025-06-20 15:22:58.986
!MESSAGE org.eclipse.lsp4j.jsonrpc.JsonRpcException: java.io.IOException: 파이프가 닫히는 중입니다
!STACK 0
java.util.concurrent.CompletionException: org.eclipse.lsp4j.jsonrpc.JsonRpcException: java.io.IOException: 파이프가 닫히는 중입니다
	at java.base/java.util.concurrent.CompletableFuture.encodeThrowable(CompletableFuture.java:331)
	at java.base/java.util.concurrent.CompletableFuture.uniAcceptNow(CompletableFuture.java:743)
	at java.base/java.util.concurrent.CompletableFuture.uniAcceptStage(CompletableFuture.java:731)
	at java.base/java.util.concurrent.CompletableFuture.thenAcceptAsync(CompletableFuture.java:2118)
	at org.eclipse.lsp4e.operations.codelens.CodeLensProvider.lambda$2(CodeLensProvider.java:44)
	at java.base/java.util.stream.ReferencePipeline$3$1.accept(ReferencePipeline.java:195)
	at java.base/java.util.ArrayList$ArrayListSpliterator.forEachRemaining(ArrayList.java:1655)
	at java.base/java.util.stream.AbstractPipeline.copyInto(AbstractPipeline.java:484)
	at java.base/java.util.stream.AbstractPipeline.wrapAndCopyInto(AbstractPipeline.java:474)
	at java.base/java.util.stream.AbstractPipeline.evaluate(AbstractPipeline.java:550)
	at java.base/java.util.stream.AbstractPipeline.evaluateToArrayNode(AbstractPipeline.java:260)
	at java.base/java.util.stream.ReferencePipeline.toArray(ReferencePipeline.java:517)
	at org.eclipse.lsp4e.operations.codelens.CodeLensProvider.lambda$1(CodeLensProvider.java:52)
	at java.base/java.util.concurrent.CompletableFuture$UniCompose.tryFire(CompletableFuture.java:1072)
	at java.base/java.util.concurrent.CompletableFuture$Completion.exec(CompletableFuture.java:479)
	at java.base/java.util.concurrent.ForkJoinTask.doExec(ForkJoinTask.java:290)
	at java.base/java.util.concurrent.ForkJoinPool$WorkQueue.topLevelExec(ForkJoinPool.java:1020)
	at java.base/java.util.concurrent.ForkJoinPool.scan(ForkJoinPool.java:1656)
	at java.base/java.util.concurrent.ForkJoinPool.runWorker(ForkJoinPool.java:1594)
	at java.base/java.util.concurrent.ForkJoinWorkerThread.run(ForkJoinWorkerThread.java:183)
Caused by: org.eclipse.lsp4j.jsonrpc.JsonRpcException: java.io.IOException: 파이프가 닫히는 중입니다
	at org.eclipse.lsp4j.jsonrpc.json.StreamMessageConsumer.consume(StreamMessageConsumer.java:72)
	at org.eclipse.lsp4e.LanguageServerWrapper.lambda$4(LanguageServerWrapper.java:260)
	at org.eclipse.lsp4j.jsonrpc.RemoteEndpoint.request(RemoteEndpoint.java:161)
	at org.eclipse.lsp4j.jsonrpc.services.EndpointProxy.invoke(EndpointProxy.java:91)
	at com.sun.proxy.$Proxy66.codeLens(Unknown Source)
	at org.eclipse.lsp4e.operations.codelens.CodeLensProvider.lambda$2(CodeLensProvider.java:43)
	... 15 more
Caused by: java.io.IOException: 파이프가 닫히는 중입니다
	at java.base/java.io.FileOutputStream.writeBytes(Native Method)
	at java.base/java.io.FileOutputStream.write(FileOutputStream.java:354)
	at java.base/java.io.BufferedOutputStream.flushBuffer(BufferedOutputStream.java:81)
	at java.base/java.io.BufferedOutputStream.flush(BufferedOutputStream.java:142)
	at org.eclipse.lsp4j.jsonrpc.json.StreamMessageConsumer.consume(StreamMessageConsumer.java:69)
	... 20 more

!ENTRY org.eclipse.jface.text 4 0 2025-06-20 15:22:58.986
!MESSAGE org.eclipse.lsp4j.jsonrpc.JsonRpcException: java.io.IOException: 파이프가 닫히는 중입니다
!STACK 0
java.util.concurrent.CompletionException: org.eclipse.lsp4j.jsonrpc.JsonRpcException: java.io.IOException: 파이프가 닫히는 중입니다
	at java.base/java.util.concurrent.CompletableFuture.encodeThrowable(CompletableFuture.java:331)
	at java.base/java.util.concurrent.CompletableFuture.uniAcceptNow(CompletableFuture.java:743)
	at java.base/java.util.concurrent.CompletableFuture.uniAcceptStage(CompletableFuture.java:731)
	at java.base/java.util.concurrent.CompletableFuture.thenAcceptAsync(CompletableFuture.java:2118)
	at org.eclipse.lsp4e.operations.codelens.CodeLensProvider.lambda$2(CodeLensProvider.java:44)
	at java.base/java.util.stream.ReferencePipeline$3$1.accept(ReferencePipeline.java:195)
	at java.base/java.util.ArrayList$ArrayListSpliterator.forEachRemaining(ArrayList.java:1655)
	at java.base/java.util.stream.AbstractPipeline.copyInto(AbstractPipeline.java:484)
	at java.base/java.util.stream.AbstractPipeline.wrapAndCopyInto(AbstractPipeline.java:474)
	at java.base/java.util.stream.AbstractPipeline.evaluate(AbstractPipeline.java:550)
	at java.base/java.util.stream.AbstractPipeline.evaluateToArrayNode(AbstractPipeline.java:260)
	at java.base/java.util.stream.ReferencePipeline.toArray(ReferencePipeline.java:517)
	at org.eclipse.lsp4e.operations.codelens.CodeLensProvider.lambda$1(CodeLensProvider.java:52)
	at java.base/java.util.concurrent.CompletableFuture$UniCompose.tryFire(CompletableFuture.java:1072)
	at java.base/java.util.concurrent.CompletableFuture$Completion.exec(CompletableFuture.java:479)
	at java.base/java.util.concurrent.ForkJoinTask.doExec(ForkJoinTask.java:290)
	at java.base/java.util.concurrent.ForkJoinPool$WorkQueue.topLevelExec(ForkJoinPool.java:1020)
	at java.base/java.util.concurrent.ForkJoinPool.scan(ForkJoinPool.java:1656)
	at java.base/java.util.concurrent.ForkJoinPool.runWorker(ForkJoinPool.java:1594)
	at java.base/java.util.concurrent.ForkJoinWorkerThread.run(ForkJoinWorkerThread.java:183)
Caused by: org.eclipse.lsp4j.jsonrpc.JsonRpcException: java.io.IOException: 파이프가 닫히는 중입니다
	at org.eclipse.lsp4j.jsonrpc.json.StreamMessageConsumer.consume(StreamMessageConsumer.java:72)
	at org.eclipse.lsp4e.LanguageServerWrapper.lambda$4(LanguageServerWrapper.java:260)
	at org.eclipse.lsp4j.jsonrpc.RemoteEndpoint.request(RemoteEndpoint.java:161)
	at org.eclipse.lsp4j.jsonrpc.services.EndpointProxy.invoke(EndpointProxy.java:91)
	at com.sun.proxy.$Proxy66.codeLens(Unknown Source)
	at org.eclipse.lsp4e.operations.codelens.CodeLensProvider.lambda$2(CodeLensProvider.java:43)
	... 15 more
Caused by: java.io.IOException: 파이프가 닫히는 중입니다
	at java.base/java.io.FileOutputStream.writeBytes(Native Method)
	at java.base/java.io.FileOutputStream.write(FileOutputStream.java:354)
	at java.base/java.io.BufferedOutputStream.flushBuffer(BufferedOutputStream.java:81)
	at java.base/java.io.BufferedOutputStream.flush(BufferedOutputStream.java:142)
	at org.eclipse.lsp4j.jsonrpc.json.StreamMessageConsumer.consume(StreamMessageConsumer.java:69)
	... 20 more

!ENTRY org.eclipse.jface.text 4 0 2025-06-20 15:22:58.988
!MESSAGE org.eclipse.lsp4j.jsonrpc.JsonRpcException: java.io.IOException: 파이프가 닫히는 중입니다
!STACK 0
java.util.concurrent.CompletionException: org.eclipse.lsp4j.jsonrpc.JsonRpcException: java.io.IOException: 파이프가 닫히는 중입니다
	at java.base/java.util.concurrent.CompletableFuture.encodeThrowable(CompletableFuture.java:331)
	at java.base/java.util.concurrent.CompletableFuture.uniAcceptNow(CompletableFuture.java:743)
	at java.base/java.util.concurrent.CompletableFuture.uniAcceptStage(CompletableFuture.java:731)
	at java.base/java.util.concurrent.CompletableFuture.thenAcceptAsync(CompletableFuture.java:2118)
	at org.eclipse.lsp4e.operations.codelens.CodeLensProvider.lambda$2(CodeLensProvider.java:44)
	at java.base/java.util.stream.ReferencePipeline$3$1.accept(ReferencePipeline.java:195)
	at java.base/java.util.ArrayList$ArrayListSpliterator.forEachRemaining(ArrayList.java:1655)
	at java.base/java.util.stream.AbstractPipeline.copyInto(AbstractPipeline.java:484)
	at java.base/java.util.stream.AbstractPipeline.wrapAndCopyInto(AbstractPipeline.java:474)
	at java.base/java.util.stream.AbstractPipeline.evaluate(AbstractPipeline.java:550)
	at java.base/java.util.stream.AbstractPipeline.evaluateToArrayNode(AbstractPipeline.java:260)
	at java.base/java.util.stream.ReferencePipeline.toArray(ReferencePipeline.java:517)
	at org.eclipse.lsp4e.operations.codelens.CodeLensProvider.lambda$1(CodeLensProvider.java:52)
	at java.base/java.util.concurrent.CompletableFuture$UniCompose.tryFire(CompletableFuture.java:1072)
	at java.base/java.util.concurrent.CompletableFuture$Completion.exec(CompletableFuture.java:479)
	at java.base/java.util.concurrent.ForkJoinTask.doExec(ForkJoinTask.java:290)
	at java.base/java.util.concurrent.ForkJoinPool$WorkQueue.topLevelExec(ForkJoinPool.java:1020)
	at java.base/java.util.concurrent.ForkJoinPool.scan(ForkJoinPool.java:1656)
	at java.base/java.util.concurrent.ForkJoinPool.runWorker(ForkJoinPool.java:1594)
	at java.base/java.util.concurrent.ForkJoinWorkerThread.run(ForkJoinWorkerThread.java:183)
Caused by: org.eclipse.lsp4j.jsonrpc.JsonRpcException: java.io.IOException: 파이프가 닫히는 중입니다
	at org.eclipse.lsp4j.jsonrpc.json.StreamMessageConsumer.consume(StreamMessageConsumer.java:72)
	at org.eclipse.lsp4e.LanguageServerWrapper.lambda$4(LanguageServerWrapper.java:260)
	at org.eclipse.lsp4j.jsonrpc.RemoteEndpoint.request(RemoteEndpoint.java:161)
	at org.eclipse.lsp4j.jsonrpc.services.EndpointProxy.invoke(EndpointProxy.java:91)
	at com.sun.proxy.$Proxy66.codeLens(Unknown Source)
	at org.eclipse.lsp4e.operations.codelens.CodeLensProvider.lambda$2(CodeLensProvider.java:43)
	... 15 more
Caused by: java.io.IOException: 파이프가 닫히는 중입니다
	at java.base/java.io.FileOutputStream.writeBytes(Native Method)
	at java.base/java.io.FileOutputStream.write(FileOutputStream.java:354)
	at java.base/java.io.BufferedOutputStream.flushBuffer(BufferedOutputStream.java:81)
	at java.base/java.io.BufferedOutputStream.flush(BufferedOutputStream.java:142)
	at org.eclipse.lsp4j.jsonrpc.json.StreamMessageConsumer.consume(StreamMessageConsumer.java:69)
	... 20 more

!ENTRY org.eclipse.jface.text 4 0 2025-06-20 15:22:58.988
!MESSAGE org.eclipse.lsp4j.jsonrpc.JsonRpcException: java.io.IOException: 파이프가 닫히는 중입니다
!STACK 0
java.util.concurrent.CompletionException: org.eclipse.lsp4j.jsonrpc.JsonRpcException: java.io.IOException: 파이프가 닫히는 중입니다
	at java.base/java.util.concurrent.CompletableFuture.encodeThrowable(CompletableFuture.java:331)
	at java.base/java.util.concurrent.CompletableFuture.uniAcceptNow(CompletableFuture.java:743)
	at java.base/java.util.concurrent.CompletableFuture.uniAcceptStage(CompletableFuture.java:731)
	at java.base/java.util.concurrent.CompletableFuture.thenAcceptAsync(CompletableFuture.java:2118)
	at org.eclipse.lsp4e.operations.codelens.CodeLensProvider.lambda$2(CodeLensProvider.java:44)
	at java.base/java.util.stream.ReferencePipeline$3$1.accept(ReferencePipeline.java:195)
	at java.base/java.util.ArrayList$ArrayListSpliterator.forEachRemaining(ArrayList.java:1655)
	at java.base/java.util.stream.AbstractPipeline.copyInto(AbstractPipeline.java:484)
	at java.base/java.util.stream.AbstractPipeline.wrapAndCopyInto(AbstractPipeline.java:474)
	at java.base/java.util.stream.AbstractPipeline.evaluate(AbstractPipeline.java:550)
	at java.base/java.util.stream.AbstractPipeline.evaluateToArrayNode(AbstractPipeline.java:260)
	at java.base/java.util.stream.ReferencePipeline.toArray(ReferencePipeline.java:517)
	at org.eclipse.lsp4e.operations.codelens.CodeLensProvider.lambda$1(CodeLensProvider.java:52)
	at java.base/java.util.concurrent.CompletableFuture$UniCompose.tryFire(CompletableFuture.java:1072)
	at java.base/java.util.concurrent.CompletableFuture$Completion.exec(CompletableFuture.java:479)
	at java.base/java.util.concurrent.ForkJoinTask.doExec(ForkJoinTask.java:290)
	at java.base/java.util.concurrent.ForkJoinPool$WorkQueue.topLevelExec(ForkJoinPool.java:1020)
	at java.base/java.util.concurrent.ForkJoinPool.scan(ForkJoinPool.java:1656)
	at java.base/java.util.concurrent.ForkJoinPool.runWorker(ForkJoinPool.java:1594)
	at java.base/java.util.concurrent.ForkJoinWorkerThread.run(ForkJoinWorkerThread.java:183)
Caused by: org.eclipse.lsp4j.jsonrpc.JsonRpcException: java.io.IOException: 파이프가 닫히는 중입니다
	at org.eclipse.lsp4j.jsonrpc.json.StreamMessageConsumer.consume(StreamMessageConsumer.java:72)
	at org.eclipse.lsp4e.LanguageServerWrapper.lambda$4(LanguageServerWrapper.java:260)
	at org.eclipse.lsp4j.jsonrpc.RemoteEndpoint.request(RemoteEndpoint.java:161)
	at org.eclipse.lsp4j.jsonrpc.services.EndpointProxy.invoke(EndpointProxy.java:91)
	at com.sun.proxy.$Proxy66.codeLens(Unknown Source)
	at org.eclipse.lsp4e.operations.codelens.CodeLensProvider.lambda$2(CodeLensProvider.java:43)
	... 15 more
Caused by: java.io.IOException: 파이프가 닫히는 중입니다
	at java.base/java.io.FileOutputStream.writeBytes(Native Method)
	at java.base/java.io.FileOutputStream.write(FileOutputStream.java:354)
	at java.base/java.io.BufferedOutputStream.flushBuffer(BufferedOutputStream.java:81)
	at java.base/java.io.BufferedOutputStream.flush(BufferedOutputStream.java:142)
	at org.eclipse.lsp4j.jsonrpc.json.StreamMessageConsumer.consume(StreamMessageConsumer.java:69)
	... 20 more

!ENTRY org.springframework.tooling.ls.eclipse.commons 1 0 2025-06-20 15:22:59.015
!MESSAGE ClasspathListenerHandler addClasspathListener sts4.classpath.qzexdYyfisBatched = true

!ENTRY org.springframework.tooling.ls.eclipse.commons 1 0 2025-06-20 15:22:59.015
!MESSAGE Setting up ClasspathListenerManager

!ENTRY org.springframework.tooling.ls.eclipse.commons 1 0 2025-06-20 15:22:59.015
!MESSAGE Scheduling initial event for all projects ...

!ENTRY org.springframework.tooling.ls.eclipse.commons 1 0 2025-06-20 15:22:59.015
!MESSAGE Scheduling initial event for all projects DONE

!ENTRY org.springframework.tooling.ls.eclipse.commons 1 0 2025-06-20 15:22:59.015
!MESSAGE exists = true open = true => deleted = false

!ENTRY org.springframework.tooling.ls.eclipse.commons 1 0 2025-06-20 15:22:59.015
!MESSAGE ClasspathListenerHandler addClasspathListener sts4.classpath.qzexdYyf => OK

!ENTRY org.springframework.tooling.ls.eclipse.commons 1 0 2025-06-20 15:22:59.016
!MESSAGE classpath=57 entries

!ENTRY org.springframework.tooling.ls.eclipse.commons 1 0 2025-06-20 15:22:59.017
!MESSAGE buffering callback sts4.classpath.qzexdYyf ServiceExam false 57

!ENTRY org.springframework.tooling.ls.eclipse.commons 1 0 2025-06-20 15:22:59.017
!MESSAGE executing callback sts4.classpath.qzexdYyf 1 batched events

!ENTRY org.springframework.tooling.ls.eclipse.commons 1 0 2025-06-20 15:22:59.219
!MESSAGE executing callback sts4.classpath.qzexdYyf SUCCESS [done]

!ENTRY org.eclipse.lsp4e 4 0 2025-06-20 15:22:59.220
!MESSAGE org.eclipse.lsp4j.jsonrpc.JsonRpcException: java.io.IOException: 파이프가 닫히는 중입니다
!STACK 0
java.util.concurrent.ExecutionException: org.eclipse.lsp4j.jsonrpc.JsonRpcException: java.io.IOException: 파이프가 닫히는 중입니다
	at java.base/java.util.concurrent.CompletableFuture.reportGet(CompletableFuture.java:395)
	at java.base/java.util.concurrent.CompletableFuture.get(CompletableFuture.java:2028)
	at org.eclipse.lsp4e.LanguageServerWrapper.lambda$13(LanguageServerWrapper.java:425)
	at java.base/java.util.concurrent.CompletableFuture$AsyncRun.run(CompletableFuture.java:1736)
	at java.base/java.util.concurrent.CompletableFuture$AsyncRun.exec(CompletableFuture.java:1728)
	at java.base/java.util.concurrent.ForkJoinTask.doExec(ForkJoinTask.java:290)
	at java.base/java.util.concurrent.ForkJoinPool$WorkQueue.topLevelExec(ForkJoinPool.java:1020)
	at java.base/java.util.concurrent.ForkJoinPool.scan(ForkJoinPool.java:1656)
	at java.base/java.util.concurrent.ForkJoinPool.runWorker(ForkJoinPool.java:1594)
	at java.base/java.util.concurrent.ForkJoinWorkerThread.run(ForkJoinWorkerThread.java:183)
Caused by: org.eclipse.lsp4j.jsonrpc.JsonRpcException: java.io.IOException: 파이프가 닫히는 중입니다
	at org.eclipse.lsp4j.jsonrpc.json.StreamMessageConsumer.consume(StreamMessageConsumer.java:72)
	at org.eclipse.lsp4e.LanguageServerWrapper.lambda$4(LanguageServerWrapper.java:260)
	at org.eclipse.lsp4j.jsonrpc.RemoteEndpoint.request(RemoteEndpoint.java:161)
	at org.eclipse.lsp4j.jsonrpc.services.EndpointProxy.invoke(EndpointProxy.java:91)
	at com.sun.proxy.$Proxy68.shutdown(Unknown Source)
	at org.eclipse.lsp4e.LanguageServerWrapper.lambda$13(LanguageServerWrapper.java:423)
	... 7 more
Caused by: java.io.IOException: 파이프가 닫히는 중입니다
	at java.base/java.io.FileOutputStream.writeBytes(Native Method)
	at java.base/java.io.FileOutputStream.write(FileOutputStream.java:354)
	at java.base/java.io.BufferedOutputStream.flushBuffer(BufferedOutputStream.java:81)
	at java.base/java.io.BufferedOutputStream.flush(BufferedOutputStream.java:142)
	at org.eclipse.lsp4j.jsonrpc.json.StreamMessageConsumer.consume(StreamMessageConsumer.java:69)
	... 12 more

!ENTRY org.springframework.tooling.ls.eclipse.commons 1 0 2025-06-20 15:22:59.220
!MESSAGE Entering DelegatingStreamConnectionProvider()

!ENTRY org.eclipse.lsp4e 4 0 2025-06-20 15:22:59.220
!MESSAGE org.eclipse.lsp4j.jsonrpc.JsonRpcException: java.io.IOException: 파이프가 닫히는 중입니다
!STACK 0
java.util.concurrent.ExecutionException: org.eclipse.lsp4j.jsonrpc.JsonRpcException: java.io.IOException: 파이프가 닫히는 중입니다
	at java.base/java.util.concurrent.CompletableFuture.reportGet(CompletableFuture.java:395)
	at java.base/java.util.concurrent.CompletableFuture.get(CompletableFuture.java:2028)
	at org.eclipse.lsp4e.LanguageServerWrapper.lambda$13(LanguageServerWrapper.java:425)
	at java.base/java.util.concurrent.CompletableFuture$AsyncRun.run(CompletableFuture.java:1736)
	at java.base/java.util.concurrent.CompletableFuture$AsyncRun.exec(CompletableFuture.java:1728)
	at java.base/java.util.concurrent.ForkJoinTask.doExec(ForkJoinTask.java:290)
	at java.base/java.util.concurrent.ForkJoinPool$WorkQueue.topLevelExec(ForkJoinPool.java:1020)
	at java.base/java.util.concurrent.ForkJoinPool.scan(ForkJoinPool.java:1656)
	at java.base/java.util.concurrent.ForkJoinPool.runWorker(ForkJoinPool.java:1594)
	at java.base/java.util.concurrent.ForkJoinWorkerThread.run(ForkJoinWorkerThread.java:183)
Caused by: org.eclipse.lsp4j.jsonrpc.JsonRpcException: java.io.IOException: 파이프가 닫히는 중입니다
	at org.eclipse.lsp4j.jsonrpc.json.StreamMessageConsumer.consume(StreamMessageConsumer.java:72)
	at org.eclipse.lsp4e.LanguageServerWrapper.lambda$4(LanguageServerWrapper.java:260)
	at org.eclipse.lsp4j.jsonrpc.RemoteEndpoint.request(RemoteEndpoint.java:161)
	at org.eclipse.lsp4j.jsonrpc.services.EndpointProxy.invoke(EndpointProxy.java:91)
	at com.sun.proxy.$Proxy68.shutdown(Unknown Source)
	at org.eclipse.lsp4e.LanguageServerWrapper.lambda$13(LanguageServerWrapper.java:423)
	... 7 more
Caused by: java.io.IOException: 파이프가 닫히는 중입니다
	at java.base/java.io.FileOutputStream.writeBytes(Native Method)
	at java.base/java.io.FileOutputStream.write(FileOutputStream.java:354)
	at java.base/java.io.BufferedOutputStream.flushBuffer(BufferedOutputStream.java:81)
	at java.base/java.io.BufferedOutputStream.flush(BufferedOutputStream.java:142)
	at org.eclipse.lsp4j.jsonrpc.json.StreamMessageConsumer.consume(StreamMessageConsumer.java:69)
	... 12 more

!ENTRY org.springframework.tooling.ls.eclipse.commons 1 0 2025-06-20 15:22:59.221
!MESSAGE DelegatingStreamConnectionProvider classloader = org.eclipse.osgi.internal.loader.EquinoxClassLoader@580cb668[org.springframework.tooling.boot.ls:1.28.0.202109130547(id=1001)]

!ENTRY org.springframework.tooling.ls.eclipse.commons 1 0 2025-06-20 15:22:59.221
!MESSAGE SpringBootLanguageServer exists!

!ENTRY org.springframework.tooling.ls.eclipse.commons 1 0 2025-06-20 15:23:00.268
!MESSAGE Boot LS startup time from start to initialized: 1047ms

!ENTRY org.eclipse.jface.text 4 0 2025-06-20 15:23:00.300
!MESSAGE org.eclipse.lsp4j.jsonrpc.JsonRpcException: java.io.IOException: 파이프가 닫히는 중입니다
!STACK 0
java.util.concurrent.CompletionException: org.eclipse.lsp4j.jsonrpc.JsonRpcException: java.io.IOException: 파이프가 닫히는 중입니다
	at java.base/java.util.concurrent.CompletableFuture.encodeThrowable(CompletableFuture.java:331)
	at java.base/java.util.concurrent.CompletableFuture.uniAcceptNow(CompletableFuture.java:743)
	at java.base/java.util.concurrent.CompletableFuture.uniAcceptStage(CompletableFuture.java:731)
	at java.base/java.util.concurrent.CompletableFuture.thenAcceptAsync(CompletableFuture.java:2118)
	at org.eclipse.lsp4e.operations.codelens.CodeLensProvider.lambda$2(CodeLensProvider.java:44)
	at java.base/java.util.stream.ReferencePipeline$3$1.accept(ReferencePipeline.java:195)
	at java.base/java.util.ArrayList$ArrayListSpliterator.forEachRemaining(ArrayList.java:1655)
	at java.base/java.util.stream.AbstractPipeline.copyInto(AbstractPipeline.java:484)
	at java.base/java.util.stream.AbstractPipeline.wrapAndCopyInto(AbstractPipeline.java:474)
	at java.base/java.util.stream.AbstractPipeline.evaluate(AbstractPipeline.java:550)
	at java.base/java.util.stream.AbstractPipeline.evaluateToArrayNode(AbstractPipeline.java:260)
	at java.base/java.util.stream.ReferencePipeline.toArray(ReferencePipeline.java:517)
	at org.eclipse.lsp4e.operations.codelens.CodeLensProvider.lambda$1(CodeLensProvider.java:52)
	at java.base/java.util.concurrent.CompletableFuture$UniCompose.tryFire(CompletableFuture.java:1072)
	at java.base/java.util.concurrent.CompletableFuture$Completion.exec(CompletableFuture.java:479)
	at java.base/java.util.concurrent.ForkJoinTask.doExec(ForkJoinTask.java:290)
	at java.base/java.util.concurrent.ForkJoinPool$WorkQueue.topLevelExec(ForkJoinPool.java:1020)
	at java.base/java.util.concurrent.ForkJoinPool.scan(ForkJoinPool.java:1656)
	at java.base/java.util.concurrent.ForkJoinPool.runWorker(ForkJoinPool.java:1594)
	at java.base/java.util.concurrent.ForkJoinWorkerThread.run(ForkJoinWorkerThread.java:183)
Caused by: org.eclipse.lsp4j.jsonrpc.JsonRpcException: java.io.IOException: 파이프가 닫히는 중입니다
	at org.eclipse.lsp4j.jsonrpc.json.StreamMessageConsumer.consume(StreamMessageConsumer.java:72)
	at org.eclipse.lsp4e.LanguageServerWrapper.lambda$4(LanguageServerWrapper.java:260)
	at org.eclipse.lsp4j.jsonrpc.RemoteEndpoint.request(RemoteEndpoint.java:161)
	at org.eclipse.lsp4j.jsonrpc.services.EndpointProxy.invoke(EndpointProxy.java:91)
	at com.sun.proxy.$Proxy66.codeLens(Unknown Source)
	at org.eclipse.lsp4e.operations.codelens.CodeLensProvider.lambda$2(CodeLensProvider.java:43)
	... 15 more
Caused by: java.io.IOException: 파이프가 닫히는 중입니다
	at java.base/java.io.FileOutputStream.writeBytes(Native Method)
	at java.base/java.io.FileOutputStream.write(FileOutputStream.java:354)
	at java.base/java.io.BufferedOutputStream.flushBuffer(BufferedOutputStream.java:81)
	at java.base/java.io.BufferedOutputStream.flush(BufferedOutputStream.java:142)
	at org.eclipse.lsp4j.jsonrpc.json.StreamMessageConsumer.consume(StreamMessageConsumer.java:69)
	... 20 more

!ENTRY org.eclipse.jface.text 4 0 2025-06-20 15:23:00.300
!MESSAGE org.eclipse.lsp4j.jsonrpc.JsonRpcException: java.io.IOException: 파이프가 닫히는 중입니다
!STACK 0
java.util.concurrent.CompletionException: org.eclipse.lsp4j.jsonrpc.JsonRpcException: java.io.IOException: 파이프가 닫히는 중입니다
	at java.base/java.util.concurrent.CompletableFuture.encodeThrowable(CompletableFuture.java:331)
	at java.base/java.util.concurrent.CompletableFuture.uniAcceptNow(CompletableFuture.java:743)
	at java.base/java.util.concurrent.CompletableFuture.uniAcceptStage(CompletableFuture.java:731)
	at java.base/java.util.concurrent.CompletableFuture.thenAcceptAsync(CompletableFuture.java:2118)
	at org.eclipse.lsp4e.operations.codelens.CodeLensProvider.lambda$2(CodeLensProvider.java:44)
	at java.base/java.util.stream.ReferencePipeline$3$1.accept(ReferencePipeline.java:195)
	at java.base/java.util.ArrayList$ArrayListSpliterator.forEachRemaining(ArrayList.java:1655)
	at java.base/java.util.stream.AbstractPipeline.copyInto(AbstractPipeline.java:484)
	at java.base/java.util.stream.AbstractPipeline.wrapAndCopyInto(AbstractPipeline.java:474)
	at java.base/java.util.stream.AbstractPipeline.evaluate(AbstractPipeline.java:550)
	at java.base/java.util.stream.AbstractPipeline.evaluateToArrayNode(AbstractPipeline.java:260)
	at java.base/java.util.stream.ReferencePipeline.toArray(ReferencePipeline.java:517)
	at org.eclipse.lsp4e.operations.codelens.CodeLensProvider.lambda$1(CodeLensProvider.java:52)
	at java.base/java.util.concurrent.CompletableFuture$UniCompose.tryFire(CompletableFuture.java:1072)
	at java.base/java.util.concurrent.CompletableFuture$Completion.exec(CompletableFuture.java:479)
	at java.base/java.util.concurrent.ForkJoinTask.doExec(ForkJoinTask.java:290)
	at java.base/java.util.concurrent.ForkJoinPool$WorkQueue.topLevelExec(ForkJoinPool.java:1020)
	at java.base/java.util.concurrent.ForkJoinPool.scan(ForkJoinPool.java:1656)
	at java.base/java.util.concurrent.ForkJoinPool.runWorker(ForkJoinPool.java:1594)
	at java.base/java.util.concurrent.ForkJoinWorkerThread.run(ForkJoinWorkerThread.java:183)
Caused by: org.eclipse.lsp4j.jsonrpc.JsonRpcException: java.io.IOException: 파이프가 닫히는 중입니다
	at org.eclipse.lsp4j.jsonrpc.json.StreamMessageConsumer.consume(StreamMessageConsumer.java:72)
	at org.eclipse.lsp4e.LanguageServerWrapper.lambda$4(LanguageServerWrapper.java:260)
	at org.eclipse.lsp4j.jsonrpc.RemoteEndpoint.request(RemoteEndpoint.java:161)
	at org.eclipse.lsp4j.jsonrpc.services.EndpointProxy.invoke(EndpointProxy.java:91)
	at com.sun.proxy.$Proxy66.codeLens(Unknown Source)
	at org.eclipse.lsp4e.operations.codelens.CodeLensProvider.lambda$2(CodeLensProvider.java:43)
	... 15 more
Caused by: java.io.IOException: 파이프가 닫히는 중입니다
	at java.base/java.io.FileOutputStream.writeBytes(Native Method)
	at java.base/java.io.FileOutputStream.write(FileOutputStream.java:354)
	at java.base/java.io.BufferedOutputStream.flushBuffer(BufferedOutputStream.java:81)
	at java.base/java.io.BufferedOutputStream.flush(BufferedOutputStream.java:142)
	at org.eclipse.lsp4j.jsonrpc.json.StreamMessageConsumer.consume(StreamMessageConsumer.java:69)
	... 20 more

!ENTRY org.eclipse.jface.text 4 0 2025-06-20 15:23:00.303
!MESSAGE org.eclipse.lsp4j.jsonrpc.JsonRpcException: java.io.IOException: 파이프가 닫히는 중입니다
!STACK 0
java.util.concurrent.CompletionException: org.eclipse.lsp4j.jsonrpc.JsonRpcException: java.io.IOException: 파이프가 닫히는 중입니다
	at java.base/java.util.concurrent.CompletableFuture.encodeThrowable(CompletableFuture.java:331)
	at java.base/java.util.concurrent.CompletableFuture.uniAcceptNow(CompletableFuture.java:743)
	at java.base/java.util.concurrent.CompletableFuture.uniAcceptStage(CompletableFuture.java:731)
	at java.base/java.util.concurrent.CompletableFuture.thenAcceptAsync(CompletableFuture.java:2118)
	at org.eclipse.lsp4e.operations.codelens.CodeLensProvider.lambda$2(CodeLensProvider.java:44)
	at java.base/java.util.stream.ReferencePipeline$3$1.accept(ReferencePipeline.java:195)
	at java.base/java.util.ArrayList$ArrayListSpliterator.forEachRemaining(ArrayList.java:1655)
	at java.base/java.util.stream.AbstractPipeline.copyInto(AbstractPipeline.java:484)
	at java.base/java.util.stream.AbstractPipeline.wrapAndCopyInto(AbstractPipeline.java:474)
	at java.base/java.util.stream.AbstractPipeline.evaluate(AbstractPipeline.java:550)
	at java.base/java.util.stream.AbstractPipeline.evaluateToArrayNode(AbstractPipeline.java:260)
	at java.base/java.util.stream.ReferencePipeline.toArray(ReferencePipeline.java:517)
	at org.eclipse.lsp4e.operations.codelens.CodeLensProvider.lambda$1(CodeLensProvider.java:52)
	at java.base/java.util.concurrent.CompletableFuture$UniCompose.tryFire(CompletableFuture.java:1072)
	at java.base/java.util.concurrent.CompletableFuture$Completion.exec(CompletableFuture.java:479)
	at java.base/java.util.concurrent.ForkJoinTask.doExec(ForkJoinTask.java:290)
	at java.base/java.util.concurrent.ForkJoinPool$WorkQueue.topLevelExec(ForkJoinPool.java:1020)
	at java.base/java.util.concurrent.ForkJoinPool.scan(ForkJoinPool.java:1656)
	at java.base/java.util.concurrent.ForkJoinPool.runWorker(ForkJoinPool.java:1594)
	at java.base/java.util.concurrent.ForkJoinWorkerThread.run(ForkJoinWorkerThread.java:183)
Caused by: org.eclipse.lsp4j.jsonrpc.JsonRpcException: java.io.IOException: 파이프가 닫히는 중입니다
	at org.eclipse.lsp4j.jsonrpc.json.StreamMessageConsumer.consume(StreamMessageConsumer.java:72)
	at org.eclipse.lsp4e.LanguageServerWrapper.lambda$4(LanguageServerWrapper.java:260)
	at org.eclipse.lsp4j.jsonrpc.RemoteEndpoint.request(RemoteEndpoint.java:161)
	at org.eclipse.lsp4j.jsonrpc.services.EndpointProxy.invoke(EndpointProxy.java:91)
	at com.sun.proxy.$Proxy66.codeLens(Unknown Source)
	at org.eclipse.lsp4e.operations.codelens.CodeLensProvider.lambda$2(CodeLensProvider.java:43)
	... 15 more
Caused by: java.io.IOException: 파이프가 닫히는 중입니다
	at java.base/java.io.FileOutputStream.writeBytes(Native Method)
	at java.base/java.io.FileOutputStream.write(FileOutputStream.java:354)
	at java.base/java.io.BufferedOutputStream.flushBuffer(BufferedOutputStream.java:81)
	at java.base/java.io.BufferedOutputStream.flush(BufferedOutputStream.java:142)
	at org.eclipse.lsp4j.jsonrpc.json.StreamMessageConsumer.consume(StreamMessageConsumer.java:69)
	... 20 more

!ENTRY org.eclipse.jface.text 4 0 2025-06-20 15:23:00.303
!MESSAGE org.eclipse.lsp4j.jsonrpc.JsonRpcException: java.io.IOException: 파이프가 닫히는 중입니다
!STACK 0
java.util.concurrent.CompletionException: org.eclipse.lsp4j.jsonrpc.JsonRpcException: java.io.IOException: 파이프가 닫히는 중입니다
	at java.base/java.util.concurrent.CompletableFuture.encodeThrowable(CompletableFuture.java:331)
	at java.base/java.util.concurrent.CompletableFuture.uniAcceptNow(CompletableFuture.java:743)
	at java.base/java.util.concurrent.CompletableFuture.uniAcceptStage(CompletableFuture.java:731)
	at java.base/java.util.concurrent.CompletableFuture.thenAcceptAsync(CompletableFuture.java:2118)
	at org.eclipse.lsp4e.operations.codelens.CodeLensProvider.lambda$2(CodeLensProvider.java:44)
	at java.base/java.util.stream.ReferencePipeline$3$1.accept(ReferencePipeline.java:195)
	at java.base/java.util.ArrayList$ArrayListSpliterator.forEachRemaining(ArrayList.java:1655)
	at java.base/java.util.stream.AbstractPipeline.copyInto(AbstractPipeline.java:484)
	at java.base/java.util.stream.AbstractPipeline.wrapAndCopyInto(AbstractPipeline.java:474)
	at java.base/java.util.stream.AbstractPipeline.evaluate(AbstractPipeline.java:550)
	at java.base/java.util.stream.AbstractPipeline.evaluateToArrayNode(AbstractPipeline.java:260)
	at java.base/java.util.stream.ReferencePipeline.toArray(ReferencePipeline.java:517)
	at org.eclipse.lsp4e.operations.codelens.CodeLensProvider.lambda$1(CodeLensProvider.java:52)
	at java.base/java.util.concurrent.CompletableFuture$UniCompose.tryFire(CompletableFuture.java:1072)
	at java.base/java.util.concurrent.CompletableFuture$Completion.exec(CompletableFuture.java:479)
	at java.base/java.util.concurrent.ForkJoinTask.doExec(ForkJoinTask.java:290)
	at java.base/java.util.concurrent.ForkJoinPool$WorkQueue.topLevelExec(ForkJoinPool.java:1020)
	at java.base/java.util.concurrent.ForkJoinPool.scan(ForkJoinPool.java:1656)
	at java.base/java.util.concurrent.ForkJoinPool.runWorker(ForkJoinPool.java:1594)
	at java.base/java.util.concurrent.ForkJoinWorkerThread.run(ForkJoinWorkerThread.java:183)
Caused by: org.eclipse.lsp4j.jsonrpc.JsonRpcException: java.io.IOException: 파이프가 닫히는 중입니다
	at org.eclipse.lsp4j.jsonrpc.json.StreamMessageConsumer.consume(StreamMessageConsumer.java:72)
	at org.eclipse.lsp4e.LanguageServerWrapper.lambda$4(LanguageServerWrapper.java:260)
	at org.eclipse.lsp4j.jsonrpc.RemoteEndpoint.request(RemoteEndpoint.java:161)
	at org.eclipse.lsp4j.jsonrpc.services.EndpointProxy.invoke(EndpointProxy.java:91)
	at com.sun.proxy.$Proxy66.codeLens(Unknown Source)
	at org.eclipse.lsp4e.operations.codelens.CodeLensProvider.lambda$2(CodeLensProvider.java:43)
	... 15 more
Caused by: java.io.IOException: 파이프가 닫히는 중입니다
	at java.base/java.io.FileOutputStream.writeBytes(Native Method)
	at java.base/java.io.FileOutputStream.write(FileOutputStream.java:354)
	at java.base/java.io.BufferedOutputStream.flushBuffer(BufferedOutputStream.java:81)
	at java.base/java.io.BufferedOutputStream.flush(BufferedOutputStream.java:142)
	at org.eclipse.lsp4j.jsonrpc.json.StreamMessageConsumer.consume(StreamMessageConsumer.java:69)
	... 20 more

!ENTRY org.springframework.tooling.ls.eclipse.commons 1 0 2025-06-20 15:23:00.332
!MESSAGE ClasspathListenerHandler addClasspathListener sts4.classpath.ztDCGyomisBatched = true

!ENTRY org.springframework.tooling.ls.eclipse.commons 1 0 2025-06-20 15:23:00.333
!MESSAGE Setting up ClasspathListenerManager

!ENTRY org.springframework.tooling.ls.eclipse.commons 1 0 2025-06-20 15:23:00.333
!MESSAGE Scheduling initial event for all projects ...

!ENTRY org.springframework.tooling.ls.eclipse.commons 1 0 2025-06-20 15:23:00.333
!MESSAGE Scheduling initial event for all projects DONE

!ENTRY org.springframework.tooling.ls.eclipse.commons 1 0 2025-06-20 15:23:00.333
!MESSAGE exists = true open = true => deleted = false

!ENTRY org.springframework.tooling.ls.eclipse.commons 1 0 2025-06-20 15:23:00.333
!MESSAGE ClasspathListenerHandler addClasspathListener sts4.classpath.ztDCGyom => OK

!ENTRY org.springframework.tooling.ls.eclipse.commons 1 0 2025-06-20 15:23:00.334
!MESSAGE classpath=57 entries

!ENTRY org.springframework.tooling.ls.eclipse.commons 1 0 2025-06-20 15:23:00.335
!MESSAGE buffering callback sts4.classpath.ztDCGyom ServiceExam false 57

!ENTRY org.springframework.tooling.ls.eclipse.commons 1 0 2025-06-20 15:23:00.335
!MESSAGE executing callback sts4.classpath.ztDCGyom 1 batched events

!ENTRY org.springframework.tooling.ls.eclipse.commons 1 0 2025-06-20 15:23:00.538
!MESSAGE executing callback sts4.classpath.ztDCGyom SUCCESS [done]

!ENTRY org.springframework.tooling.ls.eclipse.commons 1 0 2025-06-20 15:23:00.539
!MESSAGE Entering DelegatingStreamConnectionProvider()

!ENTRY org.eclipse.lsp4e 4 0 2025-06-20 15:23:00.539
!MESSAGE org.eclipse.lsp4j.jsonrpc.JsonRpcException: java.io.IOException: 파이프가 닫히는 중입니다
!STACK 0
java.util.concurrent.ExecutionException: org.eclipse.lsp4j.jsonrpc.JsonRpcException: java.io.IOException: 파이프가 닫히는 중입니다
	at java.base/java.util.concurrent.CompletableFuture.reportGet(CompletableFuture.java:395)
	at java.base/java.util.concurrent.CompletableFuture.get(CompletableFuture.java:2028)
	at org.eclipse.lsp4e.LanguageServerWrapper.lambda$13(LanguageServerWrapper.java:425)
	at java.base/java.util.concurrent.CompletableFuture$AsyncRun.run(CompletableFuture.java:1736)
	at java.base/java.util.concurrent.CompletableFuture$AsyncRun.exec(CompletableFuture.java:1728)
	at java.base/java.util.concurrent.ForkJoinTask.doExec(ForkJoinTask.java:290)
	at java.base/java.util.concurrent.ForkJoinPool$WorkQueue.topLevelExec(ForkJoinPool.java:1020)
	at java.base/java.util.concurrent.ForkJoinPool.scan(ForkJoinPool.java:1656)
	at java.base/java.util.concurrent.ForkJoinPool.runWorker(ForkJoinPool.java:1594)
	at java.base/java.util.concurrent.ForkJoinWorkerThread.run(ForkJoinWorkerThread.java:183)
Caused by: org.eclipse.lsp4j.jsonrpc.JsonRpcException: java.io.IOException: 파이프가 닫히는 중입니다
	at org.eclipse.lsp4j.jsonrpc.json.StreamMessageConsumer.consume(StreamMessageConsumer.java:72)
	at org.eclipse.lsp4e.LanguageServerWrapper.lambda$4(LanguageServerWrapper.java:260)
	at org.eclipse.lsp4j.jsonrpc.RemoteEndpoint.request(RemoteEndpoint.java:161)
	at org.eclipse.lsp4j.jsonrpc.services.EndpointProxy.invoke(EndpointProxy.java:91)
	at com.sun.proxy.$Proxy68.shutdown(Unknown Source)
	at org.eclipse.lsp4e.LanguageServerWrapper.lambda$13(LanguageServerWrapper.java:423)
	... 7 more
Caused by: java.io.IOException: 파이프가 닫히는 중입니다
	at java.base/java.io.FileOutputStream.writeBytes(Native Method)
	at java.base/java.io.FileOutputStream.write(FileOutputStream.java:354)
	at java.base/java.io.BufferedOutputStream.flushBuffer(BufferedOutputStream.java:81)
	at java.base/java.io.BufferedOutputStream.flush(BufferedOutputStream.java:142)
	at org.eclipse.lsp4j.jsonrpc.json.StreamMessageConsumer.consume(StreamMessageConsumer.java:69)
	... 12 more

!ENTRY org.eclipse.lsp4e 4 0 2025-06-20 15:23:00.539
!MESSAGE org.eclipse.lsp4j.jsonrpc.JsonRpcException: java.io.IOException: 파이프가 닫히는 중입니다
!STACK 0
java.util.concurrent.ExecutionException: org.eclipse.lsp4j.jsonrpc.JsonRpcException: java.io.IOException: 파이프가 닫히는 중입니다
	at java.base/java.util.concurrent.CompletableFuture.reportGet(CompletableFuture.java:395)
	at java.base/java.util.concurrent.CompletableFuture.get(CompletableFuture.java:2028)
	at org.eclipse.lsp4e.LanguageServerWrapper.lambda$13(LanguageServerWrapper.java:425)
	at java.base/java.util.concurrent.CompletableFuture$AsyncRun.run(CompletableFuture.java:1736)
	at java.base/java.util.concurrent.CompletableFuture$AsyncRun.exec(CompletableFuture.java:1728)
	at java.base/java.util.concurrent.ForkJoinTask.doExec(ForkJoinTask.java:290)
	at java.base/java.util.concurrent.ForkJoinPool$WorkQueue.topLevelExec(ForkJoinPool.java:1020)
	at java.base/java.util.concurrent.ForkJoinPool.scan(ForkJoinPool.java:1656)
	at java.base/java.util.concurrent.ForkJoinPool.runWorker(ForkJoinPool.java:1594)
	at java.base/java.util.concurrent.ForkJoinWorkerThread.run(ForkJoinWorkerThread.java:183)
Caused by: org.eclipse.lsp4j.jsonrpc.JsonRpcException: java.io.IOException: 파이프가 닫히는 중입니다
	at org.eclipse.lsp4j.jsonrpc.json.StreamMessageConsumer.consume(StreamMessageConsumer.java:72)
	at org.eclipse.lsp4e.LanguageServerWrapper.lambda$4(LanguageServerWrapper.java:260)
	at org.eclipse.lsp4j.jsonrpc.RemoteEndpoint.request(RemoteEndpoint.java:161)
	at org.eclipse.lsp4j.jsonrpc.services.EndpointProxy.invoke(EndpointProxy.java:91)
	at com.sun.proxy.$Proxy68.shutdown(Unknown Source)
	at org.eclipse.lsp4e.LanguageServerWrapper.lambda$13(LanguageServerWrapper.java:423)
	... 7 more
Caused by: java.io.IOException: 파이프가 닫히는 중입니다
	at java.base/java.io.FileOutputStream.writeBytes(Native Method)
	at java.base/java.io.FileOutputStream.write(FileOutputStream.java:354)
	at java.base/java.io.BufferedOutputStream.flushBuffer(BufferedOutputStream.java:81)
	at java.base/java.io.BufferedOutputStream.flush(BufferedOutputStream.java:142)
	at org.eclipse.lsp4j.jsonrpc.json.StreamMessageConsumer.consume(StreamMessageConsumer.java:69)
	... 12 more

!ENTRY org.springframework.tooling.ls.eclipse.commons 1 0 2025-06-20 15:23:00.539
!MESSAGE DelegatingStreamConnectionProvider classloader = org.eclipse.osgi.internal.loader.EquinoxClassLoader@580cb668[org.springframework.tooling.boot.ls:1.28.0.202109130547(id=1001)]

!ENTRY org.springframework.tooling.ls.eclipse.commons 1 0 2025-06-20 15:23:00.539
!MESSAGE SpringBootLanguageServer exists!

!ENTRY org.springframework.tooling.ls.eclipse.commons 1 0 2025-06-20 15:23:01.583
!MESSAGE Boot LS startup time from start to initialized: 1044ms

!ENTRY org.eclipse.jface.text 4 0 2025-06-20 15:23:01.613
!MESSAGE org.eclipse.lsp4j.jsonrpc.JsonRpcException: java.io.IOException: 파이프가 닫히는 중입니다
!STACK 0
java.util.concurrent.CompletionException: org.eclipse.lsp4j.jsonrpc.JsonRpcException: java.io.IOException: 파이프가 닫히는 중입니다
	at java.base/java.util.concurrent.CompletableFuture.encodeThrowable(CompletableFuture.java:331)
	at java.base/java.util.concurrent.CompletableFuture.uniAcceptNow(CompletableFuture.java:743)
	at java.base/java.util.concurrent.CompletableFuture.uniAcceptStage(CompletableFuture.java:731)
	at java.base/java.util.concurrent.CompletableFuture.thenAcceptAsync(CompletableFuture.java:2118)
	at org.eclipse.lsp4e.operations.codelens.CodeLensProvider.lambda$2(CodeLensProvider.java:44)
	at java.base/java.util.stream.ReferencePipeline$3$1.accept(ReferencePipeline.java:195)
	at java.base/java.util.ArrayList$ArrayListSpliterator.forEachRemaining(ArrayList.java:1655)
	at java.base/java.util.stream.AbstractPipeline.copyInto(AbstractPipeline.java:484)
	at java.base/java.util.stream.AbstractPipeline.wrapAndCopyInto(AbstractPipeline.java:474)
	at java.base/java.util.stream.AbstractPipeline.evaluate(AbstractPipeline.java:550)
	at java.base/java.util.stream.AbstractPipeline.evaluateToArrayNode(AbstractPipeline.java:260)
	at java.base/java.util.stream.ReferencePipeline.toArray(ReferencePipeline.java:517)
	at org.eclipse.lsp4e.operations.codelens.CodeLensProvider.lambda$1(CodeLensProvider.java:52)
	at java.base/java.util.concurrent.CompletableFuture$UniCompose.tryFire(CompletableFuture.java:1072)
	at java.base/java.util.concurrent.CompletableFuture$Completion.exec(CompletableFuture.java:479)
	at java.base/java.util.concurrent.ForkJoinTask.doExec(ForkJoinTask.java:290)
	at java.base/java.util.concurrent.ForkJoinPool$WorkQueue.topLevelExec(ForkJoinPool.java:1020)
	at java.base/java.util.concurrent.ForkJoinPool.scan(ForkJoinPool.java:1656)
	at java.base/java.util.concurrent.ForkJoinPool.runWorker(ForkJoinPool.java:1594)
	at java.base/java.util.concurrent.ForkJoinWorkerThread.run(ForkJoinWorkerThread.java:183)
Caused by: org.eclipse.lsp4j.jsonrpc.JsonRpcException: java.io.IOException: 파이프가 닫히는 중입니다
	at org.eclipse.lsp4j.jsonrpc.json.StreamMessageConsumer.consume(StreamMessageConsumer.java:72)
	at org.eclipse.lsp4e.LanguageServerWrapper.lambda$4(LanguageServerWrapper.java:260)
	at org.eclipse.lsp4j.jsonrpc.RemoteEndpoint.request(RemoteEndpoint.java:161)
	at org.eclipse.lsp4j.jsonrpc.services.EndpointProxy.invoke(EndpointProxy.java:91)
	at com.sun.proxy.$Proxy66.codeLens(Unknown Source)
	at org.eclipse.lsp4e.operations.codelens.CodeLensProvider.lambda$2(CodeLensProvider.java:43)
	... 15 more
Caused by: java.io.IOException: 파이프가 닫히는 중입니다
	at java.base/java.io.FileOutputStream.writeBytes(Native Method)
	at java.base/java.io.FileOutputStream.write(FileOutputStream.java:354)
	at java.base/java.io.BufferedOutputStream.flushBuffer(BufferedOutputStream.java:81)
	at java.base/java.io.BufferedOutputStream.flush(BufferedOutputStream.java:142)
	at org.eclipse.lsp4j.jsonrpc.json.StreamMessageConsumer.consume(StreamMessageConsumer.java:69)
	... 20 more

!ENTRY org.eclipse.jface.text 4 0 2025-06-20 15:23:01.614
!MESSAGE org.eclipse.lsp4j.jsonrpc.JsonRpcException: java.io.IOException: 파이프가 닫히는 중입니다
!STACK 0
java.util.concurrent.CompletionException: org.eclipse.lsp4j.jsonrpc.JsonRpcException: java.io.IOException: 파이프가 닫히는 중입니다
	at java.base/java.util.concurrent.CompletableFuture.encodeThrowable(CompletableFuture.java:331)
	at java.base/java.util.concurrent.CompletableFuture.uniAcceptNow(CompletableFuture.java:743)
	at java.base/java.util.concurrent.CompletableFuture.uniAcceptStage(CompletableFuture.java:731)
	at java.base/java.util.concurrent.CompletableFuture.thenAcceptAsync(CompletableFuture.java:2118)
	at org.eclipse.lsp4e.operations.codelens.CodeLensProvider.lambda$2(CodeLensProvider.java:44)
	at java.base/java.util.stream.ReferencePipeline$3$1.accept(ReferencePipeline.java:195)
	at java.base/java.util.ArrayList$ArrayListSpliterator.forEachRemaining(ArrayList.java:1655)
	at java.base/java.util.stream.AbstractPipeline.copyInto(AbstractPipeline.java:484)
	at java.base/java.util.stream.AbstractPipeline.wrapAndCopyInto(AbstractPipeline.java:474)
	at java.base/java.util.stream.AbstractPipeline.evaluate(AbstractPipeline.java:550)
	at java.base/java.util.stream.AbstractPipeline.evaluateToArrayNode(AbstractPipeline.java:260)
	at java.base/java.util.stream.ReferencePipeline.toArray(ReferencePipeline.java:517)
	at org.eclipse.lsp4e.operations.codelens.CodeLensProvider.lambda$1(CodeLensProvider.java:52)
	at java.base/java.util.concurrent.CompletableFuture$UniCompose.tryFire(CompletableFuture.java:1072)
	at java.base/java.util.concurrent.CompletableFuture$Completion.exec(CompletableFuture.java:479)
	at java.base/java.util.concurrent.ForkJoinTask.doExec(ForkJoinTask.java:290)
	at java.base/java.util.concurrent.ForkJoinPool$WorkQueue.topLevelExec(ForkJoinPool.java:1020)
	at java.base/java.util.concurrent.ForkJoinPool.scan(ForkJoinPool.java:1656)
	at java.base/java.util.concurrent.ForkJoinPool.runWorker(ForkJoinPool.java:1594)
	at java.base/java.util.concurrent.ForkJoinWorkerThread.run(ForkJoinWorkerThread.java:183)
Caused by: org.eclipse.lsp4j.jsonrpc.JsonRpcException: java.io.IOException: 파이프가 닫히는 중입니다
	at org.eclipse.lsp4j.jsonrpc.json.StreamMessageConsumer.consume(StreamMessageConsumer.java:72)
	at org.eclipse.lsp4e.LanguageServerWrapper.lambda$4(LanguageServerWrapper.java:260)
	at org.eclipse.lsp4j.jsonrpc.RemoteEndpoint.request(RemoteEndpoint.java:161)
	at org.eclipse.lsp4j.jsonrpc.services.EndpointProxy.invoke(EndpointProxy.java:91)
	at com.sun.proxy.$Proxy66.codeLens(Unknown Source)
	at org.eclipse.lsp4e.operations.codelens.CodeLensProvider.lambda$2(CodeLensProvider.java:43)
	... 15 more
Caused by: java.io.IOException: 파이프가 닫히는 중입니다
	at java.base/java.io.FileOutputStream.writeBytes(Native Method)
	at java.base/java.io.FileOutputStream.write(FileOutputStream.java:354)
	at java.base/java.io.BufferedOutputStream.flushBuffer(BufferedOutputStream.java:81)
	at java.base/java.io.BufferedOutputStream.flush(BufferedOutputStream.java:142)
	at org.eclipse.lsp4j.jsonrpc.json.StreamMessageConsumer.consume(StreamMessageConsumer.java:69)
	... 20 more

!ENTRY org.eclipse.jface.text 4 0 2025-06-20 15:23:01.614
!MESSAGE org.eclipse.lsp4j.jsonrpc.JsonRpcException: java.io.IOException: 파이프가 닫히는 중입니다
!STACK 0
java.util.concurrent.CompletionException: org.eclipse.lsp4j.jsonrpc.JsonRpcException: java.io.IOException: 파이프가 닫히는 중입니다
	at java.base/java.util.concurrent.CompletableFuture.encodeThrowable(CompletableFuture.java:331)
	at java.base/java.util.concurrent.CompletableFuture.uniAcceptNow(CompletableFuture.java:743)
	at java.base/java.util.concurrent.CompletableFuture.uniAcceptStage(CompletableFuture.java:731)
	at java.base/java.util.concurrent.CompletableFuture.thenAcceptAsync(CompletableFuture.java:2118)
	at org.eclipse.lsp4e.operations.codelens.CodeLensProvider.lambda$2(CodeLensProvider.java:44)
	at java.base/java.util.stream.ReferencePipeline$3$1.accept(ReferencePipeline.java:195)
	at java.base/java.util.ArrayList$ArrayListSpliterator.forEachRemaining(ArrayList.java:1655)
	at java.base/java.util.stream.AbstractPipeline.copyInto(AbstractPipeline.java:484)
	at java.base/java.util.stream.AbstractPipeline.wrapAndCopyInto(AbstractPipeline.java:474)
	at java.base/java.util.stream.AbstractPipeline.evaluate(AbstractPipeline.java:550)
	at java.base/java.util.stream.AbstractPipeline.evaluateToArrayNode(AbstractPipeline.java:260)
	at java.base/java.util.stream.ReferencePipeline.toArray(ReferencePipeline.java:517)
	at org.eclipse.lsp4e.operations.codelens.CodeLensProvider.lambda$1(CodeLensProvider.java:52)
	at java.base/java.util.concurrent.CompletableFuture$UniCompose.tryFire(CompletableFuture.java:1072)
	at java.base/java.util.concurrent.CompletableFuture$Completion.exec(CompletableFuture.java:479)
	at java.base/java.util.concurrent.ForkJoinTask.doExec(ForkJoinTask.java:290)
	at java.base/java.util.concurrent.ForkJoinPool$WorkQueue.topLevelExec(ForkJoinPool.java:1020)
	at java.base/java.util.concurrent.ForkJoinPool.scan(ForkJoinPool.java:1656)
	at java.base/java.util.concurrent.ForkJoinPool.runWorker(ForkJoinPool.java:1594)
	at java.base/java.util.concurrent.ForkJoinWorkerThread.run(ForkJoinWorkerThread.java:183)
Caused by: org.eclipse.lsp4j.jsonrpc.JsonRpcException: java.io.IOException: 파이프가 닫히는 중입니다
	at org.eclipse.lsp4j.jsonrpc.json.StreamMessageConsumer.consume(StreamMessageConsumer.java:72)
	at org.eclipse.lsp4e.LanguageServerWrapper.lambda$4(LanguageServerWrapper.java:260)
	at org.eclipse.lsp4j.jsonrpc.RemoteEndpoint.request(RemoteEndpoint.java:161)
	at org.eclipse.lsp4j.jsonrpc.services.EndpointProxy.invoke(EndpointProxy.java:91)
	at com.sun.proxy.$Proxy66.codeLens(Unknown Source)
	at org.eclipse.lsp4e.operations.codelens.CodeLensProvider.lambda$2(CodeLensProvider.java:43)
	... 15 more
Caused by: java.io.IOException: 파이프가 닫히는 중입니다
	at java.base/java.io.FileOutputStream.writeBytes(Native Method)
	at java.base/java.io.FileOutputStream.write(FileOutputStream.java:354)
	at java.base/java.io.BufferedOutputStream.flushBuffer(BufferedOutputStream.java:81)
	at java.base/java.io.BufferedOutputStream.flush(BufferedOutputStream.java:142)
	at org.eclipse.lsp4j.jsonrpc.json.StreamMessageConsumer.consume(StreamMessageConsumer.java:69)
	... 20 more

!ENTRY org.eclipse.jface.text 4 0 2025-06-20 15:23:01.614
!MESSAGE org.eclipse.lsp4j.jsonrpc.JsonRpcException: java.io.IOException: 파이프가 닫히는 중입니다
!STACK 0
java.util.concurrent.CompletionException: org.eclipse.lsp4j.jsonrpc.JsonRpcException: java.io.IOException: 파이프가 닫히는 중입니다
	at java.base/java.util.concurrent.CompletableFuture.encodeThrowable(CompletableFuture.java:331)
	at java.base/java.util.concurrent.CompletableFuture.uniAcceptNow(CompletableFuture.java:743)
	at java.base/java.util.concurrent.CompletableFuture.uniAcceptStage(CompletableFuture.java:731)
	at java.base/java.util.concurrent.CompletableFuture.thenAcceptAsync(CompletableFuture.java:2118)
	at org.eclipse.lsp4e.operations.codelens.CodeLensProvider.lambda$2(CodeLensProvider.java:44)
	at java.base/java.util.stream.ReferencePipeline$3$1.accept(ReferencePipeline.java:195)
	at java.base/java.util.ArrayList$ArrayListSpliterator.forEachRemaining(ArrayList.java:1655)
	at java.base/java.util.stream.AbstractPipeline.copyInto(AbstractPipeline.java:484)
	at java.base/java.util.stream.AbstractPipeline.wrapAndCopyInto(AbstractPipeline.java:474)
	at java.base/java.util.stream.AbstractPipeline.evaluate(AbstractPipeline.java:550)
	at java.base/java.util.stream.AbstractPipeline.evaluateToArrayNode(AbstractPipeline.java:260)
	at java.base/java.util.stream.ReferencePipeline.toArray(ReferencePipeline.java:517)
	at org.eclipse.lsp4e.operations.codelens.CodeLensProvider.lambda$1(CodeLensProvider.java:52)
	at java.base/java.util.concurrent.CompletableFuture$UniCompose.tryFire(CompletableFuture.java:1072)
	at java.base/java.util.concurrent.CompletableFuture$Completion.exec(CompletableFuture.java:479)
	at java.base/java.util.concurrent.ForkJoinTask.doExec(ForkJoinTask.java:290)
	at java.base/java.util.concurrent.ForkJoinPool$WorkQueue.topLevelExec(ForkJoinPool.java:1020)
	at java.base/java.util.concurrent.ForkJoinPool.scan(ForkJoinPool.java:1656)
	at java.base/java.util.concurrent.ForkJoinPool.runWorker(ForkJoinPool.java:1594)
	at java.base/java.util.concurrent.ForkJoinWorkerThread.run(ForkJoinWorkerThread.java:183)
Caused by: org.eclipse.lsp4j.jsonrpc.JsonRpcException: java.io.IOException: 파이프가 닫히는 중입니다
	at org.eclipse.lsp4j.jsonrpc.json.StreamMessageConsumer.consume(StreamMessageConsumer.java:72)
	at org.eclipse.lsp4e.LanguageServerWrapper.lambda$4(LanguageServerWrapper.java:260)
	at org.eclipse.lsp4j.jsonrpc.RemoteEndpoint.request(RemoteEndpoint.java:161)
	at org.eclipse.lsp4j.jsonrpc.services.EndpointProxy.invoke(EndpointProxy.java:91)
	at com.sun.proxy.$Proxy66.codeLens(Unknown Source)
	at org.eclipse.lsp4e.operations.codelens.CodeLensProvider.lambda$2(CodeLensProvider.java:43)
	... 15 more
Caused by: java.io.IOException: 파이프가 닫히는 중입니다
	at java.base/java.io.FileOutputStream.writeBytes(Native Method)
	at java.base/java.io.FileOutputStream.write(FileOutputStream.java:354)
	at java.base/java.io.BufferedOutputStream.flushBuffer(BufferedOutputStream.java:81)
	at java.base/java.io.BufferedOutputStream.flush(BufferedOutputStream.java:142)
	at org.eclipse.lsp4j.jsonrpc.json.StreamMessageConsumer.consume(StreamMessageConsumer.java:69)
	... 20 more

!ENTRY org.springframework.tooling.ls.eclipse.commons 1 0 2025-06-20 15:23:01.644
!MESSAGE ClasspathListenerHandler addClasspathListener sts4.classpath.UiDmCmITisBatched = true

!ENTRY org.springframework.tooling.ls.eclipse.commons 1 0 2025-06-20 15:23:01.644
!MESSAGE Setting up ClasspathListenerManager

!ENTRY org.springframework.tooling.ls.eclipse.commons 1 0 2025-06-20 15:23:01.646
!MESSAGE Scheduling initial event for all projects ...

!ENTRY org.springframework.tooling.ls.eclipse.commons 1 0 2025-06-20 15:23:01.646
!MESSAGE Scheduling initial event for all projects DONE

!ENTRY org.springframework.tooling.ls.eclipse.commons 1 0 2025-06-20 15:23:01.646
!MESSAGE exists = true open = true => deleted = false

!ENTRY org.springframework.tooling.ls.eclipse.commons 1 0 2025-06-20 15:23:01.646
!MESSAGE ClasspathListenerHandler addClasspathListener sts4.classpath.UiDmCmIT => OK

!ENTRY org.springframework.tooling.ls.eclipse.commons 1 0 2025-06-20 15:23:01.647
!MESSAGE classpath=57 entries

!ENTRY org.springframework.tooling.ls.eclipse.commons 1 0 2025-06-20 15:23:01.647
!MESSAGE buffering callback sts4.classpath.UiDmCmIT ServiceExam false 57

!ENTRY org.springframework.tooling.ls.eclipse.commons 1 0 2025-06-20 15:23:01.647
!MESSAGE executing callback sts4.classpath.UiDmCmIT 1 batched events

!ENTRY org.springframework.tooling.ls.eclipse.commons 1 0 2025-06-20 15:23:01.852
!MESSAGE executing callback sts4.classpath.UiDmCmIT SUCCESS [done]

!ENTRY org.eclipse.lsp4e 4 0 2025-06-20 15:23:01.853
!MESSAGE org.eclipse.lsp4j.jsonrpc.JsonRpcException: java.io.IOException: 파이프가 닫히는 중입니다
!STACK 0
java.util.concurrent.ExecutionException: org.eclipse.lsp4j.jsonrpc.JsonRpcException: java.io.IOException: 파이프가 닫히는 중입니다
	at java.base/java.util.concurrent.CompletableFuture.reportGet(CompletableFuture.java:395)
	at java.base/java.util.concurrent.CompletableFuture.get(CompletableFuture.java:2028)
	at org.eclipse.lsp4e.LanguageServerWrapper.lambda$13(LanguageServerWrapper.java:425)
	at java.base/java.util.concurrent.CompletableFuture$AsyncRun.run(CompletableFuture.java:1736)
	at java.base/java.util.concurrent.CompletableFuture$AsyncRun.exec(CompletableFuture.java:1728)
	at java.base/java.util.concurrent.ForkJoinTask.doExec(ForkJoinTask.java:290)
	at java.base/java.util.concurrent.ForkJoinPool$WorkQueue.topLevelExec(ForkJoinPool.java:1020)
	at java.base/java.util.concurrent.ForkJoinPool.scan(ForkJoinPool.java:1656)
	at java.base/java.util.concurrent.ForkJoinPool.runWorker(ForkJoinPool.java:1594)
	at java.base/java.util.concurrent.ForkJoinWorkerThread.run(ForkJoinWorkerThread.java:183)
Caused by: org.eclipse.lsp4j.jsonrpc.JsonRpcException: java.io.IOException: 파이프가 닫히는 중입니다
	at org.eclipse.lsp4j.jsonrpc.json.StreamMessageConsumer.consume(StreamMessageConsumer.java:72)
	at org.eclipse.lsp4e.LanguageServerWrapper.lambda$4(LanguageServerWrapper.java:260)
	at org.eclipse.lsp4j.jsonrpc.RemoteEndpoint.request(RemoteEndpoint.java:161)
	at org.eclipse.lsp4j.jsonrpc.services.EndpointProxy.invoke(EndpointProxy.java:91)
	at com.sun.proxy.$Proxy68.shutdown(Unknown Source)
	at org.eclipse.lsp4e.LanguageServerWrapper.lambda$13(LanguageServerWrapper.java:423)
	... 7 more
Caused by: java.io.IOException: 파이프가 닫히는 중입니다
	at java.base/java.io.FileOutputStream.writeBytes(Native Method)
	at java.base/java.io.FileOutputStream.write(FileOutputStream.java:354)
	at java.base/java.io.BufferedOutputStream.flushBuffer(BufferedOutputStream.java:81)
	at java.base/java.io.BufferedOutputStream.flush(BufferedOutputStream.java:142)
	at org.eclipse.lsp4j.jsonrpc.json.StreamMessageConsumer.consume(StreamMessageConsumer.java:69)
	... 12 more

!ENTRY org.eclipse.lsp4e 4 0 2025-06-20 15:23:01.853
!MESSAGE org.eclipse.lsp4j.jsonrpc.JsonRpcException: java.io.IOException: 파이프가 닫히는 중입니다
!STACK 0
java.util.concurrent.ExecutionException: org.eclipse.lsp4j.jsonrpc.JsonRpcException: java.io.IOException: 파이프가 닫히는 중입니다
	at java.base/java.util.concurrent.CompletableFuture.reportGet(CompletableFuture.java:395)
	at java.base/java.util.concurrent.CompletableFuture.get(CompletableFuture.java:2028)
	at org.eclipse.lsp4e.LanguageServerWrapper.lambda$13(LanguageServerWrapper.java:425)
	at java.base/java.util.concurrent.CompletableFuture$AsyncRun.run(CompletableFuture.java:1736)
	at java.base/java.util.concurrent.CompletableFuture$AsyncRun.exec(CompletableFuture.java:1728)
	at java.base/java.util.concurrent.ForkJoinTask.doExec(ForkJoinTask.java:290)
	at java.base/java.util.concurrent.ForkJoinPool$WorkQueue.topLevelExec(ForkJoinPool.java:1020)
	at java.base/java.util.concurrent.ForkJoinPool.scan(ForkJoinPool.java:1656)
	at java.base/java.util.concurrent.ForkJoinPool.runWorker(ForkJoinPool.java:1594)
	at java.base/java.util.concurrent.ForkJoinWorkerThread.run(ForkJoinWorkerThread.java:183)
Caused by: org.eclipse.lsp4j.jsonrpc.JsonRpcException: java.io.IOException: 파이프가 닫히는 중입니다
	at org.eclipse.lsp4j.jsonrpc.json.StreamMessageConsumer.consume(StreamMessageConsumer.java:72)
	at org.eclipse.lsp4e.LanguageServerWrapper.lambda$4(LanguageServerWrapper.java:260)
	at org.eclipse.lsp4j.jsonrpc.RemoteEndpoint.request(RemoteEndpoint.java:161)
	at org.eclipse.lsp4j.jsonrpc.services.EndpointProxy.invoke(EndpointProxy.java:91)
	at com.sun.proxy.$Proxy68.shutdown(Unknown Source)
	at org.eclipse.lsp4e.LanguageServerWrapper.lambda$13(LanguageServerWrapper.java:423)
	... 7 more
Caused by: java.io.IOException: 파이프가 닫히는 중입니다
	at java.base/java.io.FileOutputStream.writeBytes(Native Method)
	at java.base/java.io.FileOutputStream.write(FileOutputStream.java:354)
	at java.base/java.io.BufferedOutputStream.flushBuffer(BufferedOutputStream.java:81)
	at java.base/java.io.BufferedOutputStream.flush(BufferedOutputStream.java:142)
	at org.eclipse.lsp4j.jsonrpc.json.StreamMessageConsumer.consume(StreamMessageConsumer.java:69)
	... 12 more

!ENTRY org.springframework.tooling.ls.eclipse.commons 1 0 2025-06-20 15:23:01.853
!MESSAGE Entering DelegatingStreamConnectionProvider()

!ENTRY org.springframework.tooling.ls.eclipse.commons 1 0 2025-06-20 15:23:01.854
!MESSAGE DelegatingStreamConnectionProvider classloader = org.eclipse.osgi.internal.loader.EquinoxClassLoader@580cb668[org.springframework.tooling.boot.ls:1.28.0.202109130547(id=1001)]

!ENTRY org.springframework.tooling.ls.eclipse.commons 1 0 2025-06-20 15:23:01.854
!MESSAGE SpringBootLanguageServer exists!

!ENTRY org.springframework.tooling.ls.eclipse.commons 1 0 2025-06-20 15:23:02.884
!MESSAGE Boot LS startup time from start to initialized: 1030ms

!ENTRY org.eclipse.jface.text 4 0 2025-06-20 15:23:02.912
!MESSAGE org.eclipse.lsp4j.jsonrpc.JsonRpcException: java.io.IOException: 파이프가 닫히는 중입니다
!STACK 0
java.util.concurrent.CompletionException: org.eclipse.lsp4j.jsonrpc.JsonRpcException: java.io.IOException: 파이프가 닫히는 중입니다
	at java.base/java.util.concurrent.CompletableFuture.encodeThrowable(CompletableFuture.java:331)
	at java.base/java.util.concurrent.CompletableFuture.uniAcceptNow(CompletableFuture.java:743)
	at java.base/java.util.concurrent.CompletableFuture.uniAcceptStage(CompletableFuture.java:731)
	at java.base/java.util.concurrent.CompletableFuture.thenAcceptAsync(CompletableFuture.java:2118)
	at org.eclipse.lsp4e.operations.codelens.CodeLensProvider.lambda$2(CodeLensProvider.java:44)
	at java.base/java.util.stream.ReferencePipeline$3$1.accept(ReferencePipeline.java:195)
	at java.base/java.util.ArrayList$ArrayListSpliterator.forEachRemaining(ArrayList.java:1655)
	at java.base/java.util.stream.AbstractPipeline.copyInto(AbstractPipeline.java:484)
	at java.base/java.util.stream.AbstractPipeline.wrapAndCopyInto(AbstractPipeline.java:474)
	at java.base/java.util.stream.AbstractPipeline.evaluate(AbstractPipeline.java:550)
	at java.base/java.util.stream.AbstractPipeline.evaluateToArrayNode(AbstractPipeline.java:260)
	at java.base/java.util.stream.ReferencePipeline.toArray(ReferencePipeline.java:517)
	at org.eclipse.lsp4e.operations.codelens.CodeLensProvider.lambda$1(CodeLensProvider.java:52)
	at java.base/java.util.concurrent.CompletableFuture$UniCompose.tryFire(CompletableFuture.java:1072)
	at java.base/java.util.concurrent.CompletableFuture$Completion.exec(CompletableFuture.java:479)
	at java.base/java.util.concurrent.ForkJoinTask.doExec(ForkJoinTask.java:290)
	at java.base/java.util.concurrent.ForkJoinPool$WorkQueue.topLevelExec(ForkJoinPool.java:1020)
	at java.base/java.util.concurrent.ForkJoinPool.scan(ForkJoinPool.java:1656)
	at java.base/java.util.concurrent.ForkJoinPool.runWorker(ForkJoinPool.java:1594)
	at java.base/java.util.concurrent.ForkJoinWorkerThread.run(ForkJoinWorkerThread.java:183)
Caused by: org.eclipse.lsp4j.jsonrpc.JsonRpcException: java.io.IOException: 파이프가 닫히는 중입니다
	at org.eclipse.lsp4j.jsonrpc.json.StreamMessageConsumer.consume(StreamMessageConsumer.java:72)
	at org.eclipse.lsp4e.LanguageServerWrapper.lambda$4(LanguageServerWrapper.java:260)
	at org.eclipse.lsp4j.jsonrpc.RemoteEndpoint.request(RemoteEndpoint.java:161)
	at org.eclipse.lsp4j.jsonrpc.services.EndpointProxy.invoke(EndpointProxy.java:91)
	at com.sun.proxy.$Proxy66.codeLens(Unknown Source)
	at org.eclipse.lsp4e.operations.codelens.CodeLensProvider.lambda$2(CodeLensProvider.java:43)
	... 15 more
Caused by: java.io.IOException: 파이프가 닫히는 중입니다
	at java.base/java.io.FileOutputStream.writeBytes(Native Method)
	at java.base/java.io.FileOutputStream.write(FileOutputStream.java:354)
	at java.base/java.io.BufferedOutputStream.flushBuffer(BufferedOutputStream.java:81)
	at java.base/java.io.BufferedOutputStream.flush(BufferedOutputStream.java:142)
	at org.eclipse.lsp4j.jsonrpc.json.StreamMessageConsumer.consume(StreamMessageConsumer.java:69)
	... 20 more

!ENTRY org.eclipse.jface.text 4 0 2025-06-20 15:23:02.913
!MESSAGE org.eclipse.lsp4j.jsonrpc.JsonRpcException: java.io.IOException: 파이프가 닫히는 중입니다
!STACK 0
java.util.concurrent.CompletionException: org.eclipse.lsp4j.jsonrpc.JsonRpcException: java.io.IOException: 파이프가 닫히는 중입니다
	at java.base/java.util.concurrent.CompletableFuture.encodeThrowable(CompletableFuture.java:331)
	at java.base/java.util.concurrent.CompletableFuture.uniAcceptNow(CompletableFuture.java:743)
	at java.base/java.util.concurrent.CompletableFuture.uniAcceptStage(CompletableFuture.java:731)
	at java.base/java.util.concurrent.CompletableFuture.thenAcceptAsync(CompletableFuture.java:2118)
	at org.eclipse.lsp4e.operations.codelens.CodeLensProvider.lambda$2(CodeLensProvider.java:44)
	at java.base/java.util.stream.ReferencePipeline$3$1.accept(ReferencePipeline.java:195)
	at java.base/java.util.ArrayList$ArrayListSpliterator.forEachRemaining(ArrayList.java:1655)
	at java.base/java.util.stream.AbstractPipeline.copyInto(AbstractPipeline.java:484)
	at java.base/java.util.stream.AbstractPipeline.wrapAndCopyInto(AbstractPipeline.java:474)
	at java.base/java.util.stream.AbstractPipeline.evaluate(AbstractPipeline.java:550)
	at java.base/java.util.stream.AbstractPipeline.evaluateToArrayNode(AbstractPipeline.java:260)
	at java.base/java.util.stream.ReferencePipeline.toArray(ReferencePipeline.java:517)
	at org.eclipse.lsp4e.operations.codelens.CodeLensProvider.lambda$1(CodeLensProvider.java:52)
	at java.base/java.util.concurrent.CompletableFuture$UniCompose.tryFire(CompletableFuture.java:1072)
	at java.base/java.util.concurrent.CompletableFuture$Completion.exec(CompletableFuture.java:479)
	at java.base/java.util.concurrent.ForkJoinTask.doExec(ForkJoinTask.java:290)
	at java.base/java.util.concurrent.ForkJoinPool$WorkQueue.topLevelExec(ForkJoinPool.java:1020)
	at java.base/java.util.concurrent.ForkJoinPool.scan(ForkJoinPool.java:1656)
	at java.base/java.util.concurrent.ForkJoinPool.runWorker(ForkJoinPool.java:1594)
	at java.base/java.util.concurrent.ForkJoinWorkerThread.run(ForkJoinWorkerThread.java:183)
Caused by: org.eclipse.lsp4j.jsonrpc.JsonRpcException: java.io.IOException: 파이프가 닫히는 중입니다
	at org.eclipse.lsp4j.jsonrpc.json.StreamMessageConsumer.consume(StreamMessageConsumer.java:72)
	at org.eclipse.lsp4e.LanguageServerWrapper.lambda$4(LanguageServerWrapper.java:260)
	at org.eclipse.lsp4j.jsonrpc.RemoteEndpoint.request(RemoteEndpoint.java:161)
	at org.eclipse.lsp4j.jsonrpc.services.EndpointProxy.invoke(EndpointProxy.java:91)
	at com.sun.proxy.$Proxy66.codeLens(Unknown Source)
	at org.eclipse.lsp4e.operations.codelens.CodeLensProvider.lambda$2(CodeLensProvider.java:43)
	... 15 more
Caused by: java.io.IOException: 파이프가 닫히는 중입니다
	at java.base/java.io.FileOutputStream.writeBytes(Native Method)
	at java.base/java.io.FileOutputStream.write(FileOutputStream.java:354)
	at java.base/java.io.BufferedOutputStream.flushBuffer(BufferedOutputStream.java:81)
	at java.base/java.io.BufferedOutputStream.flush(BufferedOutputStream.java:142)
	at org.eclipse.lsp4j.jsonrpc.json.StreamMessageConsumer.consume(StreamMessageConsumer.java:69)
	... 20 more

!ENTRY org.eclipse.jface.text 4 0 2025-06-20 15:23:02.913
!MESSAGE org.eclipse.lsp4j.jsonrpc.JsonRpcException: java.io.IOException: 파이프가 닫히는 중입니다
!STACK 0
java.util.concurrent.CompletionException: org.eclipse.lsp4j.jsonrpc.JsonRpcException: java.io.IOException: 파이프가 닫히는 중입니다
	at java.base/java.util.concurrent.CompletableFuture.encodeThrowable(CompletableFuture.java:331)
	at java.base/java.util.concurrent.CompletableFuture.uniAcceptNow(CompletableFuture.java:743)
	at java.base/java.util.concurrent.CompletableFuture.uniAcceptStage(CompletableFuture.java:731)
	at java.base/java.util.concurrent.CompletableFuture.thenAcceptAsync(CompletableFuture.java:2118)
	at org.eclipse.lsp4e.operations.codelens.CodeLensProvider.lambda$2(CodeLensProvider.java:44)
	at java.base/java.util.stream.ReferencePipeline$3$1.accept(ReferencePipeline.java:195)
	at java.base/java.util.ArrayList$ArrayListSpliterator.forEachRemaining(ArrayList.java:1655)
	at java.base/java.util.stream.AbstractPipeline.copyInto(AbstractPipeline.java:484)
	at java.base/java.util.stream.AbstractPipeline.wrapAndCopyInto(AbstractPipeline.java:474)
	at java.base/java.util.stream.AbstractPipeline.evaluate(AbstractPipeline.java:550)
	at java.base/java.util.stream.AbstractPipeline.evaluateToArrayNode(AbstractPipeline.java:260)
	at java.base/java.util.stream.ReferencePipeline.toArray(ReferencePipeline.java:517)
	at org.eclipse.lsp4e.operations.codelens.CodeLensProvider.lambda$1(CodeLensProvider.java:52)
	at java.base/java.util.concurrent.CompletableFuture$UniCompose.tryFire(CompletableFuture.java:1072)
	at java.base/java.util.concurrent.CompletableFuture$Completion.exec(CompletableFuture.java:479)
	at java.base/java.util.concurrent.ForkJoinTask.doExec(ForkJoinTask.java:290)
	at java.base/java.util.concurrent.ForkJoinPool$WorkQueue.topLevelExec(ForkJoinPool.java:1020)
	at java.base/java.util.concurrent.ForkJoinPool.scan(ForkJoinPool.java:1656)
	at java.base/java.util.concurrent.ForkJoinPool.runWorker(ForkJoinPool.java:1594)
	at java.base/java.util.concurrent.ForkJoinWorkerThread.run(ForkJoinWorkerThread.java:183)
Caused by: org.eclipse.lsp4j.jsonrpc.JsonRpcException: java.io.IOException: 파이프가 닫히는 중입니다
	at org.eclipse.lsp4j.jsonrpc.json.StreamMessageConsumer.consume(StreamMessageConsumer.java:72)
	at org.eclipse.lsp4e.LanguageServerWrapper.lambda$4(LanguageServerWrapper.java:260)
	at org.eclipse.lsp4j.jsonrpc.RemoteEndpoint.request(RemoteEndpoint.java:161)
	at org.eclipse.lsp4j.jsonrpc.services.EndpointProxy.invoke(EndpointProxy.java:91)
	at com.sun.proxy.$Proxy66.codeLens(Unknown Source)
	at org.eclipse.lsp4e.operations.codelens.CodeLensProvider.lambda$2(CodeLensProvider.java:43)
	... 15 more
Caused by: java.io.IOException: 파이프가 닫히는 중입니다
	at java.base/java.io.FileOutputStream.writeBytes(Native Method)
	at java.base/java.io.FileOutputStream.write(FileOutputStream.java:354)
	at java.base/java.io.BufferedOutputStream.flushBuffer(BufferedOutputStream.java:81)
	at java.base/java.io.BufferedOutputStream.flush(BufferedOutputStream.java:142)
	at org.eclipse.lsp4j.jsonrpc.json.StreamMessageConsumer.consume(StreamMessageConsumer.java:69)
	... 20 more

!ENTRY org.eclipse.jface.text 4 0 2025-06-20 15:23:02.913
!MESSAGE org.eclipse.lsp4j.jsonrpc.JsonRpcException: java.io.IOException: 파이프가 닫히는 중입니다
!STACK 0
java.util.concurrent.CompletionException: org.eclipse.lsp4j.jsonrpc.JsonRpcException: java.io.IOException: 파이프가 닫히는 중입니다
	at java.base/java.util.concurrent.CompletableFuture.encodeThrowable(CompletableFuture.java:331)
	at java.base/java.util.concurrent.CompletableFuture.uniAcceptNow(CompletableFuture.java:743)
	at java.base/java.util.concurrent.CompletableFuture.uniAcceptStage(CompletableFuture.java:731)
	at java.base/java.util.concurrent.CompletableFuture.thenAcceptAsync(CompletableFuture.java:2118)
	at org.eclipse.lsp4e.operations.codelens.CodeLensProvider.lambda$2(CodeLensProvider.java:44)
	at java.base/java.util.stream.ReferencePipeline$3$1.accept(ReferencePipeline.java:195)
	at java.base/java.util.ArrayList$ArrayListSpliterator.forEachRemaining(ArrayList.java:1655)
	at java.base/java.util.stream.AbstractPipeline.copyInto(AbstractPipeline.java:484)
	at java.base/java.util.stream.AbstractPipeline.wrapAndCopyInto(AbstractPipeline.java:474)
	at java.base/java.util.stream.AbstractPipeline.evaluate(AbstractPipeline.java:550)
	at java.base/java.util.stream.AbstractPipeline.evaluateToArrayNode(AbstractPipeline.java:260)
	at java.base/java.util.stream.ReferencePipeline.toArray(ReferencePipeline.java:517)
	at org.eclipse.lsp4e.operations.codelens.CodeLensProvider.lambda$1(CodeLensProvider.java:52)
	at java.base/java.util.concurrent.CompletableFuture$UniCompose.tryFire(CompletableFuture.java:1072)
	at java.base/java.util.concurrent.CompletableFuture$Completion.exec(CompletableFuture.java:479)
	at java.base/java.util.concurrent.ForkJoinTask.doExec(ForkJoinTask.java:290)
	at java.base/java.util.concurrent.ForkJoinPool$WorkQueue.topLevelExec(ForkJoinPool.java:1020)
	at java.base/java.util.concurrent.ForkJoinPool.scan(ForkJoinPool.java:1656)
	at java.base/java.util.concurrent.ForkJoinPool.runWorker(ForkJoinPool.java:1594)
	at java.base/java.util.concurrent.ForkJoinWorkerThread.run(ForkJoinWorkerThread.java:183)
Caused by: org.eclipse.lsp4j.jsonrpc.JsonRpcException: java.io.IOException: 파이프가 닫히는 중입니다
	at org.eclipse.lsp4j.jsonrpc.json.StreamMessageConsumer.consume(StreamMessageConsumer.java:72)
	at org.eclipse.lsp4e.LanguageServerWrapper.lambda$4(LanguageServerWrapper.java:260)
	at org.eclipse.lsp4j.jsonrpc.RemoteEndpoint.request(RemoteEndpoint.java:161)
	at org.eclipse.lsp4j.jsonrpc.services.EndpointProxy.invoke(EndpointProxy.java:91)
	at com.sun.proxy.$Proxy66.codeLens(Unknown Source)
	at org.eclipse.lsp4e.operations.codelens.CodeLensProvider.lambda$2(CodeLensProvider.java:43)
	... 15 more
Caused by: java.io.IOException: 파이프가 닫히는 중입니다
	at java.base/java.io.FileOutputStream.writeBytes(Native Method)
	at java.base/java.io.FileOutputStream.write(FileOutputStream.java:354)
	at java.base/java.io.BufferedOutputStream.flushBuffer(BufferedOutputStream.java:81)
	at java.base/java.io.BufferedOutputStream.flush(BufferedOutputStream.java:142)
	at org.eclipse.lsp4j.jsonrpc.json.StreamMessageConsumer.consume(StreamMessageConsumer.java:69)
	... 20 more

!ENTRY org.springframework.tooling.ls.eclipse.commons 1 0 2025-06-20 15:23:02.940
!MESSAGE ClasspathListenerHandler addClasspathListener sts4.classpath.wrHhptrvisBatched = true

!ENTRY org.springframework.tooling.ls.eclipse.commons 1 0 2025-06-20 15:23:02.941
!MESSAGE Setting up ClasspathListenerManager

!ENTRY org.springframework.tooling.ls.eclipse.commons 1 0 2025-06-20 15:23:02.941
!MESSAGE Scheduling initial event for all projects ...

!ENTRY org.springframework.tooling.ls.eclipse.commons 1 0 2025-06-20 15:23:02.941
!MESSAGE Scheduling initial event for all projects DONE

!ENTRY org.springframework.tooling.ls.eclipse.commons 1 0 2025-06-20 15:23:02.941
!MESSAGE exists = true open = true => deleted = false

!ENTRY org.springframework.tooling.ls.eclipse.commons 1 0 2025-06-20 15:23:02.941
!MESSAGE ClasspathListenerHandler addClasspathListener sts4.classpath.wrHhptrv => OK

!ENTRY org.springframework.tooling.ls.eclipse.commons 1 0 2025-06-20 15:23:02.942
!MESSAGE classpath=57 entries

!ENTRY org.springframework.tooling.ls.eclipse.commons 1 0 2025-06-20 15:23:02.943
!MESSAGE buffering callback sts4.classpath.wrHhptrv ServiceExam false 57

!ENTRY org.springframework.tooling.ls.eclipse.commons 1 0 2025-06-20 15:23:02.943
!MESSAGE executing callback sts4.classpath.wrHhptrv 1 batched events
