2025-06-20 16:44:17,558 [Worker-2: Loading available Gradle versions] INFO  o.e.b.c.i.u.g.PublishedGradleVersions - Gradle version information cache is up-to-date. Trying to read.
2025-06-20 16:45:33,056 [main] INFO  o.e.m.c.i.p.ProjectConfigurationManager - Update started
2025-06-20 16:45:33,577 [main] INFO  o.e.m.c.i.l.LifecycleMappingFactory - Using org.maven.ide.eclipse.wtp.WarLifecycleMapping lifecycle mapping for MavenProject: com.simplecoding:MapperExam:1.0.0 @ C:\Work\07_Mapper\MapperExam\pom.xml.
2025-06-20 16:45:35,008 [main] INFO  o.e.m.j.i.AbstractJavaProjectConfigurator - Adding source folder /MapperExam/src/main/java
2025-06-20 16:45:35,009 [main] INFO  o.e.m.j.i.AbstractJavaProjectConfigurator - Adding resource folder /MapperExam/src/main/resources
2025-06-20 16:45:35,014 [main] INFO  o.e.m.j.i.AbstractJavaProjectConfigurator - Adding source folder /MapperExam/src/test/java
2025-06-20 16:45:35,014 [main] INFO  o.e.m.j.i.AbstractJavaProjectConfigurator - Adding resource folder /MapperExam/src/test/resources
2025-06-20 16:45:35,562 [Worker-2: Updating Maven Dependencies] INFO  o.e.m.c.i.l.LifecycleMappingFactory - Using org.maven.ide.eclipse.wtp.WarLifecycleMapping lifecycle mapping for MavenProject: com.simplecoding:MapperExam:1.0.0 @ C:\Work\07_Mapper\MapperExam\pom.xml.
2025-06-20 16:45:36,806 [main] INFO  o.e.m.w.i.f.ResourceFilteringBuildParticipant - Cleaning filtered folder for MapperExam
2025-06-20 16:45:36,826 [main] INFO  o.e.m.c.i.p.ProjectConfigurationManager - Update completed: 3 sec
2025-06-20 16:45:37,868 [Worker-31: Building] WARN  o.e.m.c.i.embedder.EclipseLogger - Using platform encoding (UTF-8 actually) to copy filtered resources, i.e. build is platform dependent!
2025-06-20 16:45:37,877 [Worker-31: Building] INFO  o.e.m.c.i.embedder.EclipseLogger - Copying 18 resources
2025-06-20 16:45:37,903 [Worker-31: Building] WARN  o.e.m.c.i.embedder.EclipseLogger - Using platform encoding (UTF-8 actually) to copy filtered resources, i.e. build is platform dependent!
2025-06-20 16:45:37,904 [Worker-31: Building] INFO  o.e.m.c.i.embedder.EclipseLogger - Copying 0 resource
2025-06-20 16:46:59,018 [Worker-4: Loading available Gradle versions] INFO  o.e.b.c.i.u.g.PublishedGradleVersions - Gradle version information cache is up-to-date. Trying to read.
2025-06-20 16:47:01,998 [Worker-8: Building] WARN  o.e.m.c.i.embedder.EclipseLogger - Using platform encoding (UTF-8 actually) to copy filtered resources, i.e. build is platform dependent!
2025-06-20 16:47:02,008 [Worker-8: Building] INFO  o.e.m.c.i.embedder.EclipseLogger - Copying 18 resources
2025-06-20 16:47:02,017 [Worker-8: Building] WARN  o.e.m.c.i.embedder.EclipseLogger - Using platform encoding (UTF-8 actually) to copy filtered resources, i.e. build is platform dependent!
2025-06-20 16:47:02,019 [Worker-8: Building] INFO  o.e.m.c.i.embedder.EclipseLogger - Copying 0 resource
2025-06-23 09:02:04,229 [Worker-3: Loading available Gradle versions] INFO  o.e.b.c.i.u.g.PublishedGradleVersions - Gradle version information cache is out-of-date. Trying to update.
2025-06-23 09:39:06,842 [Worker-48: Building] INFO  o.e.m.c.i.l.LifecycleMappingFactory - Using org.maven.ide.eclipse.wtp.WarLifecycleMapping lifecycle mapping for MavenProject: com.simplecoding:MapperExam:1.0.0 @ C:\Work\07_Mapper\MapperExam\pom.xml.
2025-06-23 09:39:08,082 [Worker-48: Building] INFO  o.e.m.c.i.e.AbstractTransferListenerAdapter - Downloading https://repo1.maven.org/maven2/com/googlecode/log4jdbc/log4jdbc/1.2/log4jdbc-1.2.pom
2025-06-23 09:39:08,398 [Worker-48: Building] INFO  o.e.m.c.i.e.AbstractTransferListenerAdapter - Downloaded https://repo1.maven.org/maven2/com/googlecode/log4jdbc/log4jdbc/1.2/log4jdbc-1.2.pom
2025-06-23 09:39:08,566 [Worker-48: Building] INFO  o.e.m.c.i.e.AbstractTransferListenerAdapter - Downloading https://repo1.maven.org/maven2/org/apache/commons/commons-dbcp2/2.4.0/commons-dbcp2-2.4.0.pom
2025-06-23 09:39:08,791 [Worker-48: Building] INFO  o.e.m.c.i.e.AbstractTransferListenerAdapter - Downloaded https://repo1.maven.org/maven2/org/apache/commons/commons-dbcp2/2.4.0/commons-dbcp2-2.4.0.pom
2025-06-23 09:39:08,956 [Worker-48: Building] INFO  o.e.m.c.i.e.AbstractTransferListenerAdapter - Downloading https://repo1.maven.org/maven2/org/apache/commons/commons-parent/46/commons-parent-46.pom
2025-06-23 09:39:09,346 [Worker-48: Building] INFO  o.e.m.c.i.e.AbstractTransferListenerAdapter - Downloaded https://repo1.maven.org/maven2/org/apache/commons/commons-parent/46/commons-parent-46.pom
2025-06-23 09:39:09,519 [Worker-48: Building] INFO  o.e.m.c.i.e.AbstractTransferListenerAdapter - Downloading https://repo1.maven.org/maven2/org/apache/commons/commons-pool2/2.5.0/commons-pool2-2.5.0.pom
2025-06-23 09:39:09,710 [Worker-48: Building] INFO  o.e.m.c.i.e.AbstractTransferListenerAdapter - Downloaded https://repo1.maven.org/maven2/org/apache/commons/commons-pool2/2.5.0/commons-pool2-2.5.0.pom
2025-06-23 09:39:09,883 [Worker-48: Building] INFO  o.e.m.c.i.e.AbstractTransferListenerAdapter - Downloading https://repo1.maven.org/maven2/org/apache/commons/commons-parent/42/commons-parent-42.pom
2025-06-23 09:39:10,109 [Worker-48: Building] INFO  o.e.m.c.i.e.AbstractTransferListenerAdapter - Downloaded https://repo1.maven.org/maven2/org/apache/commons/commons-parent/42/commons-parent-42.pom
2025-06-23 09:39:10,284 [Worker-48: Building] INFO  o.e.m.c.i.e.AbstractTransferListenerAdapter - Downloading https://repo1.maven.org/maven2/org/apache/apache/18/apache-18.pom
2025-06-23 09:39:10,478 [Worker-48: Building] INFO  o.e.m.c.i.e.AbstractTransferListenerAdapter - Downloaded https://repo1.maven.org/maven2/org/apache/apache/18/apache-18.pom
2025-06-23 09:39:10,645 [Worker-48: Building] INFO  o.e.m.c.i.e.AbstractTransferListenerAdapter - Downloading https://repo1.maven.org/maven2/commons-logging/commons-logging/1.2/commons-logging-1.2.pom
2025-06-23 09:39:10,843 [Worker-48: Building] INFO  o.e.m.c.i.e.AbstractTransferListenerAdapter - Downloaded https://repo1.maven.org/maven2/commons-logging/commons-logging/1.2/commons-logging-1.2.pom
2025-06-23 09:39:11,006 [Worker-48: Building] INFO  o.e.m.c.i.e.AbstractTransferListenerAdapter - Downloading https://repo1.maven.org/maven2/org/apache/commons/commons-parent/34/commons-parent-34.pom
2025-06-23 09:39:11,236 [Worker-48: Building] INFO  o.e.m.c.i.e.AbstractTransferListenerAdapter - Downloaded https://repo1.maven.org/maven2/org/apache/commons/commons-parent/34/commons-parent-34.pom
2025-06-23 09:39:11,416 [AetherRepositoryConnector-repo1.maven.org-0-2] INFO  o.e.m.c.i.e.AbstractTransferListenerAdapter - Downloading https://repo1.maven.org/maven2/org/apache/commons/commons-pool2/2.5.0/commons-pool2-2.5.0.jar
2025-06-23 09:39:11,573 [AetherRepositoryConnector-repo1.maven.org-0-3] INFO  o.e.m.c.i.e.AbstractTransferListenerAdapter - Downloading https://repo1.maven.org/maven2/commons-logging/commons-logging/1.2/commons-logging-1.2.jar
2025-06-23 09:39:11,611 [AetherRepositoryConnector-repo1.maven.org-0-1] INFO  o.e.m.c.i.e.AbstractTransferListenerAdapter - Downloading https://repo1.maven.org/maven2/org/apache/commons/commons-dbcp2/2.4.0/commons-dbcp2-2.4.0.jar
2025-06-23 09:39:11,651 [AetherRepositoryConnector-repo1.maven.org-0-0] INFO  o.e.m.c.i.e.AbstractTransferListenerAdapter - Downloading https://repo1.maven.org/maven2/com/googlecode/log4jdbc/log4jdbc/1.2/log4jdbc-1.2.jar
2025-06-23 09:39:11,771 [AetherRepositoryConnector-repo1.maven.org-0-2] INFO  o.e.m.c.i.e.AbstractTransferListenerAdapter - Downloaded https://repo1.maven.org/maven2/org/apache/commons/commons-pool2/2.5.0/commons-pool2-2.5.0.jar
2025-06-23 09:39:11,788 [AetherRepositoryConnector-repo1.maven.org-0-3] INFO  o.e.m.c.i.e.AbstractTransferListenerAdapter - Downloaded https://repo1.maven.org/maven2/commons-logging/commons-logging/1.2/commons-logging-1.2.jar
2025-06-23 09:39:11,941 [AetherRepositoryConnector-repo1.maven.org-0-0] INFO  o.e.m.c.i.e.AbstractTransferListenerAdapter - Downloaded https://repo1.maven.org/maven2/com/googlecode/log4jdbc/log4jdbc/1.2/log4jdbc-1.2.jar
2025-06-23 09:39:11,947 [AetherRepositoryConnector-repo1.maven.org-0-1] INFO  o.e.m.c.i.e.AbstractTransferListenerAdapter - Downloaded https://repo1.maven.org/maven2/org/apache/commons/commons-dbcp2/2.4.0/commons-dbcp2-2.4.0.jar
2025-06-23 09:39:13,777 [Worker-48: Building] WARN  o.e.m.c.i.embedder.EclipseLogger - Using platform encoding (UTF-8 actually) to copy filtered resources, i.e. build is platform dependent!
2025-06-23 09:39:13,782 [Worker-48: Building] INFO  o.e.m.c.i.embedder.EclipseLogger - Copying 18 resources
2025-06-23 09:39:13,788 [Worker-48: Building] WARN  o.e.m.c.i.embedder.EclipseLogger - Using platform encoding (UTF-8 actually) to copy filtered resources, i.e. build is platform dependent!
2025-06-23 09:39:13,790 [Worker-48: Building] INFO  o.e.m.c.i.embedder.EclipseLogger - Copying 0 resource
2025-06-23 09:39:13,793 [Worker-48: Building] INFO  o.e.m.w.i.f.ResourceFilteringBuildParticipant - Changed resources require a complete clean of filtered resources of MapperExam
2025-06-23 09:39:13,794 [Worker-48: Building] INFO  o.e.m.w.i.f.ResourceFilteringBuildParticipant - Executing resource filtering for MapperExam
2025-06-23 09:39:13,796 [Worker-48: Building] WARN  o.e.m.c.i.embedder.EclipseLogger - Using platform encoding (UTF-8 actually) to copy filtered resources, i.e. build is platform dependent!
2025-06-23 09:39:15,186 [Worker-51: Download sources and javadoc] INFO  o.e.m.c.i.e.AbstractTransferListenerAdapter - Downloading https://repo1.maven.org/maven2/com/googlecode/log4jdbc/log4jdbc/1.2/log4jdbc-1.2-sources.jar
2025-06-23 09:39:15,753 [Worker-51: Download sources and javadoc] INFO  o.e.m.c.i.e.AbstractTransferListenerAdapter - Downloaded https://repo1.maven.org/maven2/com/googlecode/log4jdbc/log4jdbc/1.2/log4jdbc-1.2-sources.jar
2025-06-23 09:39:15,756 [Worker-51: Download sources and javadoc] INFO  o.e.m.j.internal.DownloadSourcesJob - Downloaded sources for com.googlecode.log4jdbc:log4jdbc:1.2
2025-06-23 09:39:16,469 [Worker-51: Download sources and javadoc] INFO  o.e.m.c.i.e.AbstractTransferListenerAdapter - Downloading https://repo1.maven.org/maven2/org/apache/commons/commons-dbcp2/2.4.0/commons-dbcp2-2.4.0-sources.jar
2025-06-23 09:39:17,078 [Worker-51: Download sources and javadoc] INFO  o.e.m.c.i.e.AbstractTransferListenerAdapter - Downloaded https://repo1.maven.org/maven2/org/apache/commons/commons-dbcp2/2.4.0/commons-dbcp2-2.4.0-sources.jar
2025-06-23 09:39:17,080 [Worker-51: Download sources and javadoc] INFO  o.e.m.j.internal.DownloadSourcesJob - Downloaded sources for org.apache.commons:commons-dbcp2:2.4.0
2025-06-23 09:39:17,800 [Worker-51: Download sources and javadoc] INFO  o.e.m.c.i.e.AbstractTransferListenerAdapter - Downloading https://repo1.maven.org/maven2/org/apache/commons/commons-pool2/2.5.0/commons-pool2-2.5.0-sources.jar
2025-06-23 09:39:18,394 [Worker-51: Download sources and javadoc] INFO  o.e.m.c.i.e.AbstractTransferListenerAdapter - Downloaded https://repo1.maven.org/maven2/org/apache/commons/commons-pool2/2.5.0/commons-pool2-2.5.0-sources.jar
2025-06-23 09:39:18,399 [Worker-51: Download sources and javadoc] INFO  o.e.m.j.internal.DownloadSourcesJob - Downloaded sources for org.apache.commons:commons-pool2:2.5.0
2025-06-23 09:39:19,040 [Worker-51: Download sources and javadoc] INFO  o.e.m.c.i.e.AbstractTransferListenerAdapter - Downloading https://repo1.maven.org/maven2/commons-logging/commons-logging/1.2/commons-logging-1.2-sources.jar
2025-06-23 09:39:19,415 [Worker-51: Download sources and javadoc] INFO  o.e.m.c.i.e.AbstractTransferListenerAdapter - Downloaded https://repo1.maven.org/maven2/commons-logging/commons-logging/1.2/commons-logging-1.2-sources.jar
2025-06-23 09:39:19,416 [Worker-51: Download sources and javadoc] INFO  o.e.m.j.internal.DownloadSourcesJob - Downloaded sources for commons-logging:commons-logging:1.2
2025-06-23 09:39:20,094 [Worker-51: Download sources and javadoc] INFO  o.e.m.c.i.e.AbstractTransferListenerAdapter - Downloaded https://repo1.maven.org/maven2/ojdbc/ojdbc/14/ojdbc-14-sources.jar
2025-06-23 09:39:20,238 [Worker-51: Download sources and javadoc] INFO  o.e.m.c.i.e.AbstractTransferListenerAdapter - Downloaded https://maven.egovframe.go.kr/maven/ojdbc/ojdbc/14/ojdbc-14-sources.jar
2025-06-23 09:39:20,334 [Worker-51: Download sources and javadoc] INFO  o.e.m.c.i.e.AbstractTransferListenerAdapter - Downloaded https://repo.maven.apache.org/maven2/ojdbc/ojdbc/14/ojdbc-14-sources.jar
2025-06-23 09:39:20,343 [Worker-51: Download sources and javadoc] ERROR o.e.m.j.internal.DownloadSourcesJob - Could not download sources for ojdbc:ojdbc:14
org.eclipse.core.runtime.CoreException: Could not resolve artifact ojdbc:ojdbc:jar:sources:14
	at org.eclipse.m2e.core.internal.embedder.MavenImpl.lambda$4(MavenImpl.java:804)
	at org.eclipse.m2e.core.internal.embedder.MavenExecutionContext.executeBare(MavenExecutionContext.java:179)
	at org.eclipse.m2e.core.internal.embedder.MavenExecutionContext.execute(MavenExecutionContext.java:114)
	at org.eclipse.m2e.core.internal.embedder.MavenExecutionContext.execute(MavenExecutionContext.java:101)
	at org.eclipse.m2e.core.internal.embedder.MavenImpl.resolve(MavenImpl.java:772)
	at org.eclipse.m2e.core.internal.embedder.MavenImpl.resolve(MavenImpl.java:749)
	at org.eclipse.m2e.jdt.internal.DownloadSourcesJob.download(DownloadSourcesJob.java:330)
	at org.eclipse.m2e.jdt.internal.DownloadSourcesJob.downloadAttachments(DownloadSourcesJob.java:304)
	at org.eclipse.m2e.jdt.internal.DownloadSourcesJob.downloadMaven(DownloadSourcesJob.java:269)
	at org.eclipse.m2e.jdt.internal.DownloadSourcesJob.downloadFilesAndPopulateToUpdate(DownloadSourcesJob.java:233)
	at org.eclipse.m2e.jdt.internal.DownloadSourcesJob.lambda$0(DownloadSourcesJob.java:161)
	at org.eclipse.m2e.core.internal.embedder.MavenExecutionContext.executeBare(MavenExecutionContext.java:179)
	at org.eclipse.m2e.core.internal.embedder.MavenExecutionContext.execute(MavenExecutionContext.java:153)
	at org.eclipse.m2e.core.internal.embedder.MavenExecutionContext.execute(MavenExecutionContext.java:101)
	at org.eclipse.m2e.core.internal.embedder.MavenImpl.execute(MavenImpl.java:1374)
	at org.eclipse.m2e.jdt.internal.DownloadSourcesJob.run(DownloadSourcesJob.java:161)
	at org.eclipse.core.internal.jobs.Worker.run(Worker.java:63)
2025-06-23 09:39:20,502 [Worker-50: Building] WARN  o.e.m.c.i.embedder.EclipseLogger - Using platform encoding (UTF-8 actually) to copy filtered resources, i.e. build is platform dependent!
2025-06-23 09:39:20,504 [Worker-50: Building] INFO  o.e.m.c.i.embedder.EclipseLogger - Copying 0 resource
2025-06-23 09:39:20,505 [Worker-50: Building] WARN  o.e.m.c.i.embedder.EclipseLogger - Using platform encoding (UTF-8 actually) to copy filtered resources, i.e. build is platform dependent!
2025-06-23 09:39:20,506 [Worker-50: Building] INFO  o.e.m.c.i.embedder.EclipseLogger - Copying 0 resource
2025-06-23 09:39:22,118 [Worker-53: Download sources and javadoc] INFO  o.e.m.c.i.e.AbstractTransferListenerAdapter - Downloaded https://repo1.maven.org/maven2/ojdbc/ojdbc/14/ojdbc-14-javadoc.jar
2025-06-23 09:39:22,261 [Worker-53: Download sources and javadoc] INFO  o.e.m.c.i.e.AbstractTransferListenerAdapter - Downloaded https://maven.egovframe.go.kr/maven/ojdbc/ojdbc/14/ojdbc-14-javadoc.jar
2025-06-23 09:39:22,318 [Worker-53: Download sources and javadoc] INFO  o.e.m.c.i.e.AbstractTransferListenerAdapter - Downloaded https://repo.maven.apache.org/maven2/ojdbc/ojdbc/14/ojdbc-14-javadoc.jar
2025-06-23 09:39:22,319 [Worker-53: Download sources and javadoc] ERROR o.e.m.j.internal.DownloadSourcesJob - Could not download javadoc for ojdbc:ojdbc:14
org.eclipse.core.runtime.CoreException: Could not resolve artifact ojdbc:ojdbc:jar:javadoc:14
	at org.eclipse.m2e.core.internal.embedder.MavenImpl.lambda$4(MavenImpl.java:804)
	at org.eclipse.m2e.core.internal.embedder.MavenExecutionContext.executeBare(MavenExecutionContext.java:179)
	at org.eclipse.m2e.core.internal.embedder.MavenExecutionContext.execute(MavenExecutionContext.java:114)
	at org.eclipse.m2e.core.internal.embedder.MavenExecutionContext.execute(MavenExecutionContext.java:101)
	at org.eclipse.m2e.core.internal.embedder.MavenImpl.resolve(MavenImpl.java:772)
	at org.eclipse.m2e.core.internal.embedder.MavenImpl.resolve(MavenImpl.java:749)
	at org.eclipse.m2e.jdt.internal.DownloadSourcesJob.download(DownloadSourcesJob.java:330)
	at org.eclipse.m2e.jdt.internal.DownloadSourcesJob.downloadAttachments(DownloadSourcesJob.java:316)
	at org.eclipse.m2e.jdt.internal.DownloadSourcesJob.downloadMaven(DownloadSourcesJob.java:269)
	at org.eclipse.m2e.jdt.internal.DownloadSourcesJob.downloadFilesAndPopulateToUpdate(DownloadSourcesJob.java:233)
	at org.eclipse.m2e.jdt.internal.DownloadSourcesJob.lambda$0(DownloadSourcesJob.java:161)
	at org.eclipse.m2e.core.internal.embedder.MavenExecutionContext.executeBare(MavenExecutionContext.java:179)
	at org.eclipse.m2e.core.internal.embedder.MavenExecutionContext.execute(MavenExecutionContext.java:153)
	at org.eclipse.m2e.core.internal.embedder.MavenExecutionContext.execute(MavenExecutionContext.java:101)
	at org.eclipse.m2e.core.internal.embedder.MavenImpl.execute(MavenImpl.java:1374)
	at org.eclipse.m2e.jdt.internal.DownloadSourcesJob.run(DownloadSourcesJob.java:161)
	at org.eclipse.core.internal.jobs.Worker.run(Worker.java:63)
2025-06-23 09:40:09,937 [Worker-56: Building] INFO  o.e.m.c.i.l.LifecycleMappingFactory - Using org.maven.ide.eclipse.wtp.WarLifecycleMapping lifecycle mapping for MavenProject: com.simplecoding:MapperExam:1.0.0 @ C:\Work\07_Mapper\MapperExam\pom.xml.
2025-06-23 09:40:10,253 [Worker-56: Building] WARN  o.e.m.c.i.embedder.EclipseLogger - Using platform encoding (UTF-8 actually) to copy filtered resources, i.e. build is platform dependent!
2025-06-23 09:40:10,255 [Worker-56: Building] INFO  o.e.m.c.i.embedder.EclipseLogger - Copying 0 resource
2025-06-23 09:40:10,256 [Worker-56: Building] WARN  o.e.m.c.i.embedder.EclipseLogger - Using platform encoding (UTF-8 actually) to copy filtered resources, i.e. build is platform dependent!
2025-06-23 09:40:10,256 [Worker-56: Building] INFO  o.e.m.c.i.embedder.EclipseLogger - Copying 0 resource
2025-06-23 09:40:10,257 [Worker-56: Building] INFO  o.e.m.w.i.f.ResourceFilteringBuildParticipant - Changed resources require a complete clean of filtered resources of MapperExam
2025-06-23 09:40:10,257 [Worker-56: Building] INFO  o.e.m.w.i.f.ResourceFilteringBuildParticipant - Executing resource filtering for MapperExam
2025-06-23 09:40:10,259 [Worker-56: Building] WARN  o.e.m.c.i.embedder.EclipseLogger - Using platform encoding (UTF-8 actually) to copy filtered resources, i.e. build is platform dependent!
2025-06-23 09:44:08,509 [Worker-54: Building] WARN  o.e.m.c.i.embedder.EclipseLogger - Using platform encoding (UTF-8 actually) to copy filtered resources, i.e. build is platform dependent!
2025-06-23 09:44:08,510 [Worker-54: Building] INFO  o.e.m.c.i.embedder.EclipseLogger - Copying 0 resource
2025-06-23 09:44:08,511 [Worker-54: Building] WARN  o.e.m.c.i.embedder.EclipseLogger - Using platform encoding (UTF-8 actually) to copy filtered resources, i.e. build is platform dependent!
2025-06-23 09:44:08,511 [Worker-54: Building] INFO  o.e.m.c.i.embedder.EclipseLogger - Copying 0 resource
2025-06-23 09:44:42,655 [Worker-57: Updating Maven Project] INFO  o.e.m.c.i.p.ProjectConfigurationManager - Update started
2025-06-23 09:44:42,800 [Worker-57: Updating Maven Project] INFO  o.e.m.c.i.l.LifecycleMappingFactory - Using org.maven.ide.eclipse.wtp.WarLifecycleMapping lifecycle mapping for MavenProject: com.simplecoding:MapperExam:1.0.0 @ C:\Work\07_Mapper\MapperExam\pom.xml.
2025-06-23 09:44:43,142 [Worker-57: Updating Maven Project] INFO  o.e.m.j.i.AbstractJavaProjectConfigurator - Adding source folder /MapperExam/src/main/java
2025-06-23 09:44:43,143 [Worker-57: Updating Maven Project] INFO  o.e.m.j.i.AbstractJavaProjectConfigurator - Adding resource folder /MapperExam/src/main/resources
2025-06-23 09:44:43,143 [Worker-57: Updating Maven Project] INFO  o.e.m.j.i.AbstractJavaProjectConfigurator - Adding source folder /MapperExam/src/test/java
2025-06-23 09:44:43,143 [Worker-57: Updating Maven Project] INFO  o.e.m.j.i.AbstractJavaProjectConfigurator - Adding resource folder /MapperExam/src/test/resources
2025-06-23 09:44:43,315 [Worker-57: Updating Maven Project] INFO  o.e.m.w.i.f.ResourceFilteringBuildParticipant - Cleaning filtered folder for MapperExam
2025-06-23 09:44:43,318 [Worker-57: Updating Maven Project] INFO  o.e.m.c.i.p.ProjectConfigurationManager - Update completed: 0 sec
2025-06-23 09:44:44,092 [Worker-53: Building] WARN  o.e.m.c.i.embedder.EclipseLogger - Using platform encoding (UTF-8 actually) to copy filtered resources, i.e. build is platform dependent!
2025-06-23 09:44:44,093 [Worker-53: Building] INFO  o.e.m.c.i.embedder.EclipseLogger - Copying 18 resources
2025-06-23 09:44:44,138 [Worker-53: Building] WARN  o.e.m.c.i.embedder.EclipseLogger - Using platform encoding (UTF-8 actually) to copy filtered resources, i.e. build is platform dependent!
2025-06-23 09:44:44,139 [Worker-53: Building] INFO  o.e.m.c.i.embedder.EclipseLogger - Copying 0 resource
2025-06-23 09:44:44,139 [Worker-53: Building] INFO  o.e.m.w.i.f.ResourceFilteringBuildParticipant - Changed resources require a complete clean of filtered resources of MapperExam
2025-06-23 09:44:44,139 [Worker-53: Building] INFO  o.e.m.w.i.f.ResourceFilteringBuildParticipant - Executing resource filtering for MapperExam
2025-06-23 09:44:44,143 [Worker-53: Building] WARN  o.e.m.c.i.embedder.EclipseLogger - Using platform encoding (UTF-8 actually) to copy filtered resources, i.e. build is platform dependent!
2025-06-23 10:00:39,750 [Worker-64: Updating Maven Project] INFO  o.e.m.c.i.p.ProjectConfigurationManager - Update started
2025-06-23 10:00:39,891 [Worker-64: Updating Maven Project] INFO  o.e.m.c.i.l.LifecycleMappingFactory - Using org.maven.ide.eclipse.wtp.WarLifecycleMapping lifecycle mapping for MavenProject: com.simplecoding:MapperExam:1.0.0 @ C:\Work\07_Mapper\MapperExam\pom.xml.
2025-06-23 10:00:40,185 [Worker-64: Updating Maven Project] INFO  o.e.m.j.i.AbstractJavaProjectConfigurator - Adding source folder /MapperExam/src/main/java
2025-06-23 10:00:40,185 [Worker-64: Updating Maven Project] INFO  o.e.m.j.i.AbstractJavaProjectConfigurator - Adding resource folder /MapperExam/src/main/resources
2025-06-23 10:00:40,186 [Worker-64: Updating Maven Project] INFO  o.e.m.j.i.AbstractJavaProjectConfigurator - Adding source folder /MapperExam/src/test/java
2025-06-23 10:00:40,186 [Worker-64: Updating Maven Project] INFO  o.e.m.j.i.AbstractJavaProjectConfigurator - Adding resource folder /MapperExam/src/test/resources
2025-06-23 10:00:40,282 [Worker-64: Updating Maven Project] INFO  o.e.m.w.i.f.ResourceFilteringBuildParticipant - Cleaning filtered folder for MapperExam
2025-06-23 10:00:40,284 [Worker-64: Updating Maven Project] INFO  o.e.m.c.i.p.ProjectConfigurationManager - Update completed: 0 sec
2025-06-23 10:00:41,023 [Worker-65: Building] WARN  o.e.m.c.i.embedder.EclipseLogger - Using platform encoding (UTF-8 actually) to copy filtered resources, i.e. build is platform dependent!
2025-06-23 10:00:41,026 [Worker-65: Building] INFO  o.e.m.c.i.embedder.EclipseLogger - Copying 18 resources
2025-06-23 10:00:41,054 [Worker-65: Building] WARN  o.e.m.c.i.embedder.EclipseLogger - Using platform encoding (UTF-8 actually) to copy filtered resources, i.e. build is platform dependent!
2025-06-23 10:00:41,055 [Worker-65: Building] INFO  o.e.m.c.i.embedder.EclipseLogger - Copying 0 resource
2025-06-23 10:00:41,055 [Worker-65: Building] INFO  o.e.m.w.i.f.ResourceFilteringBuildParticipant - Changed resources require a complete clean of filtered resources of MapperExam
2025-06-23 10:00:41,055 [Worker-65: Building] INFO  o.e.m.w.i.f.ResourceFilteringBuildParticipant - Executing resource filtering for MapperExam
2025-06-23 10:00:41,058 [Worker-65: Building] WARN  o.e.m.c.i.embedder.EclipseLogger - Using platform encoding (UTF-8 actually) to copy filtered resources, i.e. build is platform dependent!
2025-06-23 10:01:13,298 [Worker-64: Updating Maven Project] INFO  o.e.m.c.i.p.ProjectConfigurationManager - Update started
2025-06-23 10:01:13,425 [Worker-64: Updating Maven Project] INFO  o.e.m.c.i.l.LifecycleMappingFactory - Using org.maven.ide.eclipse.wtp.WarLifecycleMapping lifecycle mapping for MavenProject: com.simplecoding:MapperExam:1.0.0 @ C:\Work\07_Mapper\MapperExam\pom.xml.
2025-06-23 10:01:13,695 [Worker-64: Updating Maven Project] INFO  o.e.m.j.i.AbstractJavaProjectConfigurator - Adding source folder /MapperExam/src/main/java
2025-06-23 10:01:13,695 [Worker-64: Updating Maven Project] INFO  o.e.m.j.i.AbstractJavaProjectConfigurator - Adding resource folder /MapperExam/src/main/resources
2025-06-23 10:01:13,695 [Worker-64: Updating Maven Project] INFO  o.e.m.j.i.AbstractJavaProjectConfigurator - Adding source folder /MapperExam/src/test/java
2025-06-23 10:01:13,695 [Worker-64: Updating Maven Project] INFO  o.e.m.j.i.AbstractJavaProjectConfigurator - Adding resource folder /MapperExam/src/test/resources
2025-06-23 10:01:13,767 [Worker-64: Updating Maven Project] INFO  o.e.m.w.i.f.ResourceFilteringBuildParticipant - Cleaning filtered folder for MapperExam
2025-06-23 10:01:13,769 [Worker-64: Updating Maven Project] INFO  o.e.m.c.i.p.ProjectConfigurationManager - Update completed: 0 sec
2025-06-23 10:01:14,599 [Worker-69: Building] WARN  o.e.m.c.i.embedder.EclipseLogger - Using platform encoding (UTF-8 actually) to copy filtered resources, i.e. build is platform dependent!
2025-06-23 10:01:14,600 [Worker-69: Building] INFO  o.e.m.c.i.embedder.EclipseLogger - Copying 18 resources
2025-06-23 10:01:14,623 [Worker-69: Building] WARN  o.e.m.c.i.embedder.EclipseLogger - Using platform encoding (UTF-8 actually) to copy filtered resources, i.e. build is platform dependent!
2025-06-23 10:01:14,628 [Worker-69: Building] INFO  o.e.m.c.i.embedder.EclipseLogger - Copying 0 resource
2025-06-23 10:01:14,629 [Worker-69: Building] INFO  o.e.m.w.i.f.ResourceFilteringBuildParticipant - Changed resources require a complete clean of filtered resources of MapperExam
2025-06-23 10:01:14,629 [Worker-69: Building] INFO  o.e.m.w.i.f.ResourceFilteringBuildParticipant - Executing resource filtering for MapperExam
2025-06-23 10:01:14,631 [Worker-69: Building] WARN  o.e.m.c.i.embedder.EclipseLogger - Using platform encoding (UTF-8 actually) to copy filtered resources, i.e. build is platform dependent!
2025-06-23 10:01:52,929 [Worker-68: Updating Maven Project] INFO  o.e.m.c.i.p.ProjectConfigurationManager - Update started
2025-06-23 10:01:53,169 [Worker-68: Updating Maven Project] INFO  o.e.m.c.i.l.LifecycleMappingFactory - Using org.maven.ide.eclipse.wtp.WarLifecycleMapping lifecycle mapping for MavenProject: com.simplecoding:MapperExam:1.0.0 @ C:\Work\07_Mapper\MapperExam\pom.xml.
2025-06-23 10:01:53,416 [Worker-68: Updating Maven Project] INFO  o.e.m.j.i.AbstractJavaProjectConfigurator - Adding source folder /MapperExam/src/main/java
2025-06-23 10:01:53,416 [Worker-68: Updating Maven Project] INFO  o.e.m.j.i.AbstractJavaProjectConfigurator - Adding resource folder /MapperExam/src/main/resources
2025-06-23 10:01:53,417 [Worker-68: Updating Maven Project] INFO  o.e.m.j.i.AbstractJavaProjectConfigurator - Adding source folder /MapperExam/src/test/java
2025-06-23 10:01:53,417 [Worker-68: Updating Maven Project] INFO  o.e.m.j.i.AbstractJavaProjectConfigurator - Adding resource folder /MapperExam/src/test/resources
2025-06-23 10:01:53,487 [Worker-68: Updating Maven Project] INFO  o.e.m.w.i.f.ResourceFilteringBuildParticipant - Cleaning filtered folder for MapperExam
2025-06-23 10:01:53,489 [Worker-68: Updating Maven Project] INFO  o.e.m.c.i.p.ProjectConfigurationManager - Update completed: 0 sec
2025-06-23 10:01:54,299 [Worker-71: Building] WARN  o.e.m.c.i.embedder.EclipseLogger - Using platform encoding (UTF-8 actually) to copy filtered resources, i.e. build is platform dependent!
2025-06-23 10:01:54,300 [Worker-71: Building] INFO  o.e.m.c.i.embedder.EclipseLogger - Copying 18 resources
2025-06-23 10:01:54,318 [Worker-71: Building] WARN  o.e.m.c.i.embedder.EclipseLogger - Using platform encoding (UTF-8 actually) to copy filtered resources, i.e. build is platform dependent!
2025-06-23 10:01:54,319 [Worker-71: Building] INFO  o.e.m.c.i.embedder.EclipseLogger - Copying 0 resource
2025-06-23 10:01:54,319 [Worker-71: Building] INFO  o.e.m.w.i.f.ResourceFilteringBuildParticipant - Changed resources require a complete clean of filtered resources of MapperExam
2025-06-23 10:01:54,319 [Worker-71: Building] INFO  o.e.m.w.i.f.ResourceFilteringBuildParticipant - Executing resource filtering for MapperExam
2025-06-23 10:01:54,321 [Worker-71: Building] WARN  o.e.m.c.i.embedder.EclipseLogger - Using platform encoding (UTF-8 actually) to copy filtered resources, i.e. build is platform dependent!
2025-06-23 10:03:12,527 [Worker-65: Building] INFO  o.e.m.c.i.l.LifecycleMappingFactory - Using org.maven.ide.eclipse.wtp.WarLifecycleMapping lifecycle mapping for MavenProject: com.simplecoding:MapperExam:1.0.0 @ C:\Work\07_Mapper\MapperExam\pom.xml.
2025-06-23 10:03:13,664 [Worker-65: Building] INFO  o.e.m.c.i.e.AbstractTransferListenerAdapter - Downloading https://repo1.maven.org/maven2/commons-fileupload/commons-fileupload/1.2.2/commons-fileupload-1.2.2.pom
2025-06-23 10:03:13,963 [Worker-65: Building] INFO  o.e.m.c.i.e.AbstractTransferListenerAdapter - Downloaded https://repo1.maven.org/maven2/commons-fileupload/commons-fileupload/1.2.2/commons-fileupload-1.2.2.pom
2025-06-23 10:03:14,116 [Worker-65: Building] INFO  o.e.m.c.i.e.AbstractTransferListenerAdapter - Downloading https://repo1.maven.org/maven2/org/apache/commons/commons-parent/16/commons-parent-16.pom
2025-06-23 10:03:14,359 [Worker-65: Building] INFO  o.e.m.c.i.e.AbstractTransferListenerAdapter - Downloaded https://repo1.maven.org/maven2/org/apache/commons/commons-parent/16/commons-parent-16.pom
2025-06-23 10:03:14,512 [Worker-65: Building] INFO  o.e.m.c.i.e.AbstractTransferListenerAdapter - Downloading https://repo1.maven.org/maven2/commons-io/commons-io/2.0.1/commons-io-2.0.1.pom
2025-06-23 10:03:14,698 [Worker-65: Building] INFO  o.e.m.c.i.e.AbstractTransferListenerAdapter - Downloaded https://repo1.maven.org/maven2/commons-io/commons-io/2.0.1/commons-io-2.0.1.pom
2025-06-23 10:03:14,850 [Worker-65: Building] INFO  o.e.m.c.i.e.AbstractTransferListenerAdapter - Downloading https://repo1.maven.org/maven2/org/apache/commons/commons-parent/15/commons-parent-15.pom
2025-06-23 10:03:15,077 [Worker-65: Building] INFO  o.e.m.c.i.e.AbstractTransferListenerAdapter - Downloaded https://repo1.maven.org/maven2/org/apache/commons/commons-parent/15/commons-parent-15.pom
2025-06-23 10:03:15,228 [Worker-65: Building] INFO  o.e.m.c.i.e.AbstractTransferListenerAdapter - Downloading https://repo1.maven.org/maven2/org/springframework/spring-test/5.3.6/spring-test-5.3.6.pom
2025-06-23 10:03:15,401 [Worker-65: Building] INFO  o.e.m.c.i.e.AbstractTransferListenerAdapter - Downloaded https://repo1.maven.org/maven2/org/springframework/spring-test/5.3.6/spring-test-5.3.6.pom
2025-06-23 10:03:15,567 [AetherRepositoryConnector-repo1.maven.org-1-1] INFO  o.e.m.c.i.e.AbstractTransferListenerAdapter - Downloading https://repo1.maven.org/maven2/commons-io/commons-io/2.0.1/commons-io-2.0.1.jar
2025-06-23 10:03:15,782 [AetherRepositoryConnector-repo1.maven.org-1-2] INFO  o.e.m.c.i.e.AbstractTransferListenerAdapter - Downloading https://repo1.maven.org/maven2/org/springframework/spring-test/5.3.6/spring-test-5.3.6.jar
2025-06-23 10:03:15,797 [AetherRepositoryConnector-repo1.maven.org-1-0] INFO  o.e.m.c.i.e.AbstractTransferListenerAdapter - Downloading https://repo1.maven.org/maven2/commons-fileupload/commons-fileupload/1.2.2/commons-fileupload-1.2.2.jar
2025-06-23 10:03:16,107 [AetherRepositoryConnector-repo1.maven.org-1-1] INFO  o.e.m.c.i.e.AbstractTransferListenerAdapter - Downloaded https://repo1.maven.org/maven2/commons-io/commons-io/2.0.1/commons-io-2.0.1.jar
2025-06-23 10:03:16,178 [AetherRepositoryConnector-repo1.maven.org-1-0] INFO  o.e.m.c.i.e.AbstractTransferListenerAdapter - Downloaded https://repo1.maven.org/maven2/commons-fileupload/commons-fileupload/1.2.2/commons-fileupload-1.2.2.jar
2025-06-23 10:03:16,350 [AetherRepositoryConnector-repo1.maven.org-1-2] INFO  o.e.m.c.i.e.AbstractTransferListenerAdapter - Downloaded https://repo1.maven.org/maven2/org/springframework/spring-test/5.3.6/spring-test-5.3.6.jar
2025-06-23 10:03:16,598 [Worker-65: Building] WARN  o.e.m.c.i.embedder.EclipseLogger - Using platform encoding (UTF-8 actually) to copy filtered resources, i.e. build is platform dependent!
2025-06-23 10:03:16,599 [Worker-65: Building] INFO  o.e.m.c.i.embedder.EclipseLogger - Copying 0 resource
2025-06-23 10:03:16,602 [Worker-65: Building] WARN  o.e.m.c.i.embedder.EclipseLogger - Using platform encoding (UTF-8 actually) to copy filtered resources, i.e. build is platform dependent!
2025-06-23 10:03:16,602 [Worker-65: Building] INFO  o.e.m.c.i.embedder.EclipseLogger - Copying 0 resource
2025-06-23 10:03:16,602 [Worker-65: Building] INFO  o.e.m.w.i.f.ResourceFilteringBuildParticipant - Changed resources require a complete clean of filtered resources of MapperExam
2025-06-23 10:03:16,602 [Worker-65: Building] INFO  o.e.m.w.i.f.ResourceFilteringBuildParticipant - Executing resource filtering for MapperExam
2025-06-23 10:03:16,603 [Worker-65: Building] WARN  o.e.m.c.i.embedder.EclipseLogger - Using platform encoding (UTF-8 actually) to copy filtered resources, i.e. build is platform dependent!
2025-06-23 10:03:18,270 [Worker-64: Download sources and javadoc] INFO  o.e.m.c.i.e.AbstractTransferListenerAdapter - Downloading https://repo1.maven.org/maven2/commons-fileupload/commons-fileupload/1.2.2/commons-fileupload-1.2.2-sources.jar
2025-06-23 10:03:18,617 [Worker-64: Download sources and javadoc] INFO  o.e.m.c.i.e.AbstractTransferListenerAdapter - Downloaded https://repo1.maven.org/maven2/commons-fileupload/commons-fileupload/1.2.2/commons-fileupload-1.2.2-sources.jar
2025-06-23 10:03:18,619 [Worker-64: Download sources and javadoc] INFO  o.e.m.j.internal.DownloadSourcesJob - Downloaded sources for commons-fileupload:commons-fileupload:1.2.2
2025-06-23 10:03:19,251 [Worker-64: Download sources and javadoc] INFO  o.e.m.c.i.e.AbstractTransferListenerAdapter - Downloading https://repo1.maven.org/maven2/commons-io/commons-io/2.0.1/commons-io-2.0.1-sources.jar
2025-06-23 10:03:19,805 [Worker-64: Download sources and javadoc] INFO  o.e.m.c.i.e.AbstractTransferListenerAdapter - Downloaded https://repo1.maven.org/maven2/commons-io/commons-io/2.0.1/commons-io-2.0.1-sources.jar
2025-06-23 10:03:19,806 [Worker-64: Download sources and javadoc] INFO  o.e.m.j.internal.DownloadSourcesJob - Downloaded sources for commons-io:commons-io:2.0.1
2025-06-23 10:03:20,429 [Worker-64: Download sources and javadoc] INFO  o.e.m.c.i.e.AbstractTransferListenerAdapter - Downloading https://repo1.maven.org/maven2/org/springframework/spring-test/5.3.6/spring-test-5.3.6-sources.jar
2025-06-23 10:03:21,264 [Worker-64: Download sources and javadoc] INFO  o.e.m.c.i.e.AbstractTransferListenerAdapter - Downloaded https://repo1.maven.org/maven2/org/springframework/spring-test/5.3.6/spring-test-5.3.6-sources.jar
2025-06-23 10:03:21,265 [Worker-64: Download sources and javadoc] INFO  o.e.m.j.internal.DownloadSourcesJob - Downloaded sources for org.springframework:spring-test:5.3.6
2025-06-23 10:03:21,466 [Worker-64: Building] WARN  o.e.m.c.i.embedder.EclipseLogger - Using platform encoding (UTF-8 actually) to copy filtered resources, i.e. build is platform dependent!
2025-06-23 10:03:21,467 [Worker-64: Building] INFO  o.e.m.c.i.embedder.EclipseLogger - Copying 0 resource
2025-06-23 10:03:21,468 [Worker-64: Building] WARN  o.e.m.c.i.embedder.EclipseLogger - Using platform encoding (UTF-8 actually) to copy filtered resources, i.e. build is platform dependent!
2025-06-23 10:03:21,468 [Worker-64: Building] INFO  o.e.m.c.i.embedder.EclipseLogger - Copying 0 resource
2025-06-23 10:03:37,593 [Worker-68: Updating Maven Project] INFO  o.e.m.c.i.p.ProjectConfigurationManager - Update started
2025-06-23 10:03:37,705 [Worker-68: Updating Maven Project] INFO  o.e.m.c.i.l.LifecycleMappingFactory - Using org.maven.ide.eclipse.wtp.WarLifecycleMapping lifecycle mapping for MavenProject: com.simplecoding:MapperExam:1.0.0 @ C:\Work\07_Mapper\MapperExam\pom.xml.
2025-06-23 10:03:37,992 [Worker-68: Updating Maven Project] INFO  o.e.m.j.i.AbstractJavaProjectConfigurator - Adding source folder /MapperExam/src/main/java
2025-06-23 10:03:37,993 [Worker-68: Updating Maven Project] INFO  o.e.m.j.i.AbstractJavaProjectConfigurator - Adding resource folder /MapperExam/src/main/resources
2025-06-23 10:03:37,993 [Worker-68: Updating Maven Project] INFO  o.e.m.j.i.AbstractJavaProjectConfigurator - Adding source folder /MapperExam/src/test/java
2025-06-23 10:03:37,993 [Worker-68: Updating Maven Project] INFO  o.e.m.j.i.AbstractJavaProjectConfigurator - Adding resource folder /MapperExam/src/test/resources
2025-06-23 10:03:38,072 [Worker-68: Updating Maven Project] INFO  o.e.m.w.i.f.ResourceFilteringBuildParticipant - Cleaning filtered folder for MapperExam
2025-06-23 10:03:38,074 [Worker-68: Updating Maven Project] INFO  o.e.m.c.i.p.ProjectConfigurationManager - Update completed: 0 sec
2025-06-23 10:03:38,940 [Worker-64: Building] WARN  o.e.m.c.i.embedder.EclipseLogger - Using platform encoding (UTF-8 actually) to copy filtered resources, i.e. build is platform dependent!
2025-06-23 10:03:38,942 [Worker-64: Building] INFO  o.e.m.c.i.embedder.EclipseLogger - Copying 18 resources
2025-06-23 10:03:38,969 [Worker-64: Building] WARN  o.e.m.c.i.embedder.EclipseLogger - Using platform encoding (UTF-8 actually) to copy filtered resources, i.e. build is platform dependent!
2025-06-23 10:03:38,969 [Worker-64: Building] INFO  o.e.m.c.i.embedder.EclipseLogger - Copying 0 resource
2025-06-23 10:03:38,970 [Worker-64: Building] INFO  o.e.m.w.i.f.ResourceFilteringBuildParticipant - Changed resources require a complete clean of filtered resources of MapperExam
2025-06-23 10:03:38,970 [Worker-64: Building] INFO  o.e.m.w.i.f.ResourceFilteringBuildParticipant - Executing resource filtering for MapperExam
2025-06-23 10:03:38,972 [Worker-64: Building] WARN  o.e.m.c.i.embedder.EclipseLogger - Using platform encoding (UTF-8 actually) to copy filtered resources, i.e. build is platform dependent!
2025-06-23 10:04:20,092 [Worker-71: Building] INFO  o.e.m.c.i.l.LifecycleMappingFactory - Using org.maven.ide.eclipse.wtp.WarLifecycleMapping lifecycle mapping for MavenProject: com.simplecoding:MapperExam:1.0.0 @ C:\Work\07_Mapper\MapperExam\pom.xml.
2025-06-23 10:04:20,371 [Worker-71: Building] WARN  o.e.m.c.i.embedder.EclipseLogger - Using platform encoding (UTF-8 actually) to copy filtered resources, i.e. build is platform dependent!
2025-06-23 10:04:20,373 [Worker-71: Building] INFO  o.e.m.c.i.embedder.EclipseLogger - Copying 0 resource
2025-06-23 10:04:20,374 [Worker-71: Building] WARN  o.e.m.c.i.embedder.EclipseLogger - Using platform encoding (UTF-8 actually) to copy filtered resources, i.e. build is platform dependent!
2025-06-23 10:04:20,375 [Worker-71: Building] INFO  o.e.m.c.i.embedder.EclipseLogger - Copying 0 resource
2025-06-23 10:04:20,375 [Worker-71: Building] INFO  o.e.m.w.i.f.ResourceFilteringBuildParticipant - Changed resources require a complete clean of filtered resources of MapperExam
2025-06-23 10:04:20,375 [Worker-71: Building] INFO  o.e.m.w.i.f.ResourceFilteringBuildParticipant - Executing resource filtering for MapperExam
2025-06-23 10:04:20,377 [Worker-71: Building] WARN  o.e.m.c.i.embedder.EclipseLogger - Using platform encoding (UTF-8 actually) to copy filtered resources, i.e. build is platform dependent!
2025-06-23 10:04:22,129 [Worker-69: Building] WARN  o.e.m.c.i.embedder.EclipseLogger - Using platform encoding (UTF-8 actually) to copy filtered resources, i.e. build is platform dependent!
2025-06-23 10:04:22,135 [Worker-69: Building] INFO  o.e.m.c.i.embedder.EclipseLogger - Copying 18 resources
2025-06-23 10:04:22,156 [Worker-69: Building] WARN  o.e.m.c.i.embedder.EclipseLogger - Using platform encoding (UTF-8 actually) to copy filtered resources, i.e. build is platform dependent!
2025-06-23 10:04:22,157 [Worker-69: Building] INFO  o.e.m.c.i.embedder.EclipseLogger - Copying 0 resource
2025-06-23 10:04:35,194 [Worker-72: Updating Maven Project] INFO  o.e.m.c.i.p.ProjectConfigurationManager - Update started
2025-06-23 10:04:35,316 [Worker-72: Updating Maven Project] INFO  o.e.m.c.i.l.LifecycleMappingFactory - Using org.maven.ide.eclipse.wtp.WarLifecycleMapping lifecycle mapping for MavenProject: com.simplecoding:MapperExam:1.0.0 @ C:\Work\07_Mapper\MapperExam\pom.xml.
2025-06-23 10:04:35,578 [Worker-72: Updating Maven Project] INFO  o.e.m.j.i.AbstractJavaProjectConfigurator - Adding source folder /MapperExam/src/main/java
2025-06-23 10:04:35,578 [Worker-72: Updating Maven Project] INFO  o.e.m.j.i.AbstractJavaProjectConfigurator - Adding resource folder /MapperExam/src/main/resources
2025-06-23 10:04:35,578 [Worker-72: Updating Maven Project] INFO  o.e.m.j.i.AbstractJavaProjectConfigurator - Adding source folder /MapperExam/src/test/java
2025-06-23 10:04:35,578 [Worker-72: Updating Maven Project] INFO  o.e.m.j.i.AbstractJavaProjectConfigurator - Adding resource folder /MapperExam/src/test/resources
2025-06-23 10:04:35,692 [Worker-72: Updating Maven Project] INFO  o.e.m.w.i.f.ResourceFilteringBuildParticipant - Cleaning filtered folder for MapperExam
2025-06-23 10:04:35,696 [Worker-72: Updating Maven Project] INFO  o.e.m.c.i.p.ProjectConfigurationManager - Update completed: 0 sec
2025-06-23 10:04:36,432 [Worker-67: Building] WARN  o.e.m.c.i.embedder.EclipseLogger - Using platform encoding (UTF-8 actually) to copy filtered resources, i.e. build is platform dependent!
2025-06-23 10:04:36,433 [Worker-67: Building] INFO  o.e.m.c.i.embedder.EclipseLogger - Copying 18 resources
2025-06-23 10:04:36,453 [Worker-67: Building] WARN  o.e.m.c.i.embedder.EclipseLogger - Using platform encoding (UTF-8 actually) to copy filtered resources, i.e. build is platform dependent!
2025-06-23 10:04:36,455 [Worker-67: Building] INFO  o.e.m.c.i.embedder.EclipseLogger - Copying 0 resource
2025-06-23 10:04:36,455 [Worker-67: Building] INFO  o.e.m.w.i.f.ResourceFilteringBuildParticipant - Changed resources require a complete clean of filtered resources of MapperExam
2025-06-23 10:04:36,455 [Worker-67: Building] INFO  o.e.m.w.i.f.ResourceFilteringBuildParticipant - Executing resource filtering for MapperExam
2025-06-23 10:04:36,457 [Worker-67: Building] WARN  o.e.m.c.i.embedder.EclipseLogger - Using platform encoding (UTF-8 actually) to copy filtered resources, i.e. build is platform dependent!
2025-06-23 10:09:13,649 [Worker-69: Building] WARN  o.e.m.c.i.embedder.EclipseLogger - Using platform encoding (UTF-8 actually) to copy filtered resources, i.e. build is platform dependent!
2025-06-23 10:09:13,653 [Worker-69: Building] INFO  o.e.m.c.i.embedder.EclipseLogger - Copying 1 resource
2025-06-23 10:09:13,654 [Worker-69: Building] WARN  o.e.m.c.i.embedder.EclipseLogger - Using platform encoding (UTF-8 actually) to copy filtered resources, i.e. build is platform dependent!
2025-06-23 10:09:13,655 [Worker-69: Building] INFO  o.e.m.c.i.embedder.EclipseLogger - Copying 0 resource
2025-06-23 10:10:44,085 [Worker-82: Building] WARN  o.e.m.c.i.embedder.EclipseLogger - Using platform encoding (UTF-8 actually) to copy filtered resources, i.e. build is platform dependent!
2025-06-23 10:10:44,086 [Worker-82: Building] INFO  o.e.m.c.i.embedder.EclipseLogger - Copying 1 resource
2025-06-23 10:10:44,088 [Worker-82: Building] WARN  o.e.m.c.i.embedder.EclipseLogger - Using platform encoding (UTF-8 actually) to copy filtered resources, i.e. build is platform dependent!
2025-06-23 10:10:44,089 [Worker-82: Building] INFO  o.e.m.c.i.embedder.EclipseLogger - Copying 0 resource
2025-06-23 10:11:17,864 [Worker-79: Building] WARN  o.e.m.c.i.embedder.EclipseLogger - Using platform encoding (UTF-8 actually) to copy filtered resources, i.e. build is platform dependent!
2025-06-23 10:11:17,865 [Worker-79: Building] INFO  o.e.m.c.i.embedder.EclipseLogger - Copying 1 resource
2025-06-23 10:11:17,867 [Worker-79: Building] WARN  o.e.m.c.i.embedder.EclipseLogger - Using platform encoding (UTF-8 actually) to copy filtered resources, i.e. build is platform dependent!
2025-06-23 10:11:17,867 [Worker-79: Building] INFO  o.e.m.c.i.embedder.EclipseLogger - Copying 0 resource
2025-06-23 10:15:12,832 [Worker-81: Building] WARN  o.e.m.c.i.embedder.EclipseLogger - Using platform encoding (UTF-8 actually) to copy filtered resources, i.e. build is platform dependent!
2025-06-23 10:15:12,833 [Worker-81: Building] INFO  o.e.m.c.i.embedder.EclipseLogger - Copying 1 resource
2025-06-23 10:15:12,835 [Worker-81: Building] WARN  o.e.m.c.i.embedder.EclipseLogger - Using platform encoding (UTF-8 actually) to copy filtered resources, i.e. build is platform dependent!
2025-06-23 10:15:12,835 [Worker-81: Building] INFO  o.e.m.c.i.embedder.EclipseLogger - Copying 0 resource
2025-06-23 10:15:32,930 [Worker-77: Building] WARN  o.e.m.c.i.embedder.EclipseLogger - Using platform encoding (UTF-8 actually) to copy filtered resources, i.e. build is platform dependent!
2025-06-23 10:15:32,931 [Worker-77: Building] INFO  o.e.m.c.i.embedder.EclipseLogger - Copying 1 resource
2025-06-23 10:15:32,932 [Worker-77: Building] WARN  o.e.m.c.i.embedder.EclipseLogger - Using platform encoding (UTF-8 actually) to copy filtered resources, i.e. build is platform dependent!
2025-06-23 10:15:32,933 [Worker-77: Building] INFO  o.e.m.c.i.embedder.EclipseLogger - Copying 0 resource
2025-06-23 10:18:54,756 [Worker-74: Building] WARN  o.e.m.c.i.embedder.EclipseLogger - Using platform encoding (UTF-8 actually) to copy filtered resources, i.e. build is platform dependent!
2025-06-23 10:18:54,756 [Worker-74: Building] INFO  o.e.m.c.i.embedder.EclipseLogger - Copying 1 resource
2025-06-23 10:18:54,757 [Worker-74: Building] WARN  o.e.m.c.i.embedder.EclipseLogger - Using platform encoding (UTF-8 actually) to copy filtered resources, i.e. build is platform dependent!
2025-06-23 10:18:54,758 [Worker-74: Building] INFO  o.e.m.c.i.embedder.EclipseLogger - Copying 0 resource
2025-06-23 10:19:36,954 [Worker-86: Building] WARN  o.e.m.c.i.embedder.EclipseLogger - Using platform encoding (UTF-8 actually) to copy filtered resources, i.e. build is platform dependent!
2025-06-23 10:19:36,955 [Worker-86: Building] INFO  o.e.m.c.i.embedder.EclipseLogger - Copying 1 resource
2025-06-23 10:19:36,956 [Worker-86: Building] WARN  o.e.m.c.i.embedder.EclipseLogger - Using platform encoding (UTF-8 actually) to copy filtered resources, i.e. build is platform dependent!
2025-06-23 10:19:36,957 [Worker-86: Building] INFO  o.e.m.c.i.embedder.EclipseLogger - Copying 0 resource
2025-06-23 10:19:51,174 [Worker-84: Building] WARN  o.e.m.c.i.embedder.EclipseLogger - Using platform encoding (UTF-8 actually) to copy filtered resources, i.e. build is platform dependent!
2025-06-23 10:19:51,174 [Worker-84: Building] INFO  o.e.m.c.i.embedder.EclipseLogger - Copying 1 resource
2025-06-23 10:19:51,175 [Worker-84: Building] WARN  o.e.m.c.i.embedder.EclipseLogger - Using platform encoding (UTF-8 actually) to copy filtered resources, i.e. build is platform dependent!
2025-06-23 10:19:51,176 [Worker-84: Building] INFO  o.e.m.c.i.embedder.EclipseLogger - Copying 0 resource
2025-06-23 10:21:38,366 [Worker-73: Building] WARN  o.e.m.c.i.embedder.EclipseLogger - Using platform encoding (UTF-8 actually) to copy filtered resources, i.e. build is platform dependent!
2025-06-23 10:21:38,367 [Worker-73: Building] INFO  o.e.m.c.i.embedder.EclipseLogger - Copying 1 resource
2025-06-23 10:21:38,368 [Worker-73: Building] WARN  o.e.m.c.i.embedder.EclipseLogger - Using platform encoding (UTF-8 actually) to copy filtered resources, i.e. build is platform dependent!
2025-06-23 10:21:38,368 [Worker-73: Building] INFO  o.e.m.c.i.embedder.EclipseLogger - Copying 0 resource
2025-06-23 10:24:59,297 [Worker-74: Building] WARN  o.e.m.c.i.embedder.EclipseLogger - Using platform encoding (UTF-8 actually) to copy filtered resources, i.e. build is platform dependent!
2025-06-23 10:24:59,297 [Worker-74: Building] INFO  o.e.m.c.i.embedder.EclipseLogger - Copying 0 resource
2025-06-23 10:24:59,298 [Worker-74: Building] WARN  o.e.m.c.i.embedder.EclipseLogger - Using platform encoding (UTF-8 actually) to copy filtered resources, i.e. build is platform dependent!
2025-06-23 10:24:59,298 [Worker-74: Building] INFO  o.e.m.c.i.embedder.EclipseLogger - Copying 0 resource
2025-06-23 10:27:29,388 [Worker-75: Building] WARN  o.e.m.c.i.embedder.EclipseLogger - Using platform encoding (UTF-8 actually) to copy filtered resources, i.e. build is platform dependent!
2025-06-23 10:27:29,389 [Worker-75: Building] INFO  o.e.m.c.i.embedder.EclipseLogger - Copying 1 resource
2025-06-23 10:27:29,390 [Worker-75: Building] WARN  o.e.m.c.i.embedder.EclipseLogger - Using platform encoding (UTF-8 actually) to copy filtered resources, i.e. build is platform dependent!
2025-06-23 10:27:29,390 [Worker-75: Building] INFO  o.e.m.c.i.embedder.EclipseLogger - Copying 0 resource
2025-06-23 10:27:34,633 [Worker-96: Building] WARN  o.e.m.c.i.embedder.EclipseLogger - Using platform encoding (UTF-8 actually) to copy filtered resources, i.e. build is platform dependent!
2025-06-23 10:27:34,635 [Worker-96: Building] INFO  o.e.m.c.i.embedder.EclipseLogger - Copying 1 resource
2025-06-23 10:27:34,636 [Worker-96: Building] WARN  o.e.m.c.i.embedder.EclipseLogger - Using platform encoding (UTF-8 actually) to copy filtered resources, i.e. build is platform dependent!
2025-06-23 10:27:34,637 [Worker-96: Building] INFO  o.e.m.c.i.embedder.EclipseLogger - Copying 0 resource
2025-06-23 10:41:43,358 [Worker-79: Building] WARN  o.e.m.c.i.embedder.EclipseLogger - Using platform encoding (UTF-8 actually) to copy filtered resources, i.e. build is platform dependent!
2025-06-23 10:41:43,359 [Worker-79: Building] INFO  o.e.m.c.i.embedder.EclipseLogger - Copying 20 resources
2025-06-23 10:41:43,361 [Worker-79: Building] WARN  o.e.m.c.i.embedder.EclipseLogger - Using platform encoding (UTF-8 actually) to copy filtered resources, i.e. build is platform dependent!
2025-06-23 10:41:43,361 [Worker-79: Building] INFO  o.e.m.c.i.embedder.EclipseLogger - Copying 0 resource
2025-06-23 10:41:53,792 [Worker-98: Building] WARN  o.e.m.c.i.embedder.EclipseLogger - Using platform encoding (UTF-8 actually) to copy filtered resources, i.e. build is platform dependent!
2025-06-23 10:41:53,793 [Worker-98: Building] INFO  o.e.m.c.i.embedder.EclipseLogger - Copying 20 resources
2025-06-23 10:41:53,795 [Worker-98: Building] WARN  o.e.m.c.i.embedder.EclipseLogger - Using platform encoding (UTF-8 actually) to copy filtered resources, i.e. build is platform dependent!
2025-06-23 10:41:53,795 [Worker-98: Building] INFO  o.e.m.c.i.embedder.EclipseLogger - Copying 0 resource
2025-06-23 10:42:33,638 [Worker-73: Building] WARN  o.e.m.c.i.embedder.EclipseLogger - Using platform encoding (UTF-8 actually) to copy filtered resources, i.e. build is platform dependent!
2025-06-23 10:42:33,639 [Worker-73: Building] INFO  o.e.m.c.i.embedder.EclipseLogger - Copying 20 resources
2025-06-23 10:42:33,642 [Worker-73: Building] WARN  o.e.m.c.i.embedder.EclipseLogger - Using platform encoding (UTF-8 actually) to copy filtered resources, i.e. build is platform dependent!
2025-06-23 10:42:33,642 [Worker-73: Building] INFO  o.e.m.c.i.embedder.EclipseLogger - Copying 0 resource
2025-06-23 10:42:44,081 [Worker-97: Building] WARN  o.e.m.c.i.embedder.EclipseLogger - Using platform encoding (UTF-8 actually) to copy filtered resources, i.e. build is platform dependent!
2025-06-23 10:42:44,082 [Worker-97: Building] INFO  o.e.m.c.i.embedder.EclipseLogger - Copying 20 resources
2025-06-23 10:42:44,084 [Worker-97: Building] WARN  o.e.m.c.i.embedder.EclipseLogger - Using platform encoding (UTF-8 actually) to copy filtered resources, i.e. build is platform dependent!
2025-06-23 10:42:44,084 [Worker-97: Building] INFO  o.e.m.c.i.embedder.EclipseLogger - Copying 0 resource
2025-06-23 10:42:56,249 [Worker-89: Building] WARN  o.e.m.c.i.embedder.EclipseLogger - Using platform encoding (UTF-8 actually) to copy filtered resources, i.e. build is platform dependent!
2025-06-23 10:42:56,250 [Worker-89: Building] INFO  o.e.m.c.i.embedder.EclipseLogger - Copying 20 resources
2025-06-23 10:42:56,251 [Worker-89: Building] WARN  o.e.m.c.i.embedder.EclipseLogger - Using platform encoding (UTF-8 actually) to copy filtered resources, i.e. build is platform dependent!
2025-06-23 10:42:56,251 [Worker-89: Building] INFO  o.e.m.c.i.embedder.EclipseLogger - Copying 0 resource
2025-06-23 10:43:05,459 [Worker-132: Building] WARN  o.e.m.c.i.embedder.EclipseLogger - Using platform encoding (UTF-8 actually) to copy filtered resources, i.e. build is platform dependent!
2025-06-23 10:43:05,462 [Worker-132: Building] INFO  o.e.m.c.i.embedder.EclipseLogger - Copying 20 resources
2025-06-23 10:43:05,464 [Worker-132: Building] WARN  o.e.m.c.i.embedder.EclipseLogger - Using platform encoding (UTF-8 actually) to copy filtered resources, i.e. build is platform dependent!
2025-06-23 10:43:05,464 [Worker-132: Building] INFO  o.e.m.c.i.embedder.EclipseLogger - Copying 0 resource
2025-06-23 10:45:01,535 [Worker-82: Building] WARN  o.e.m.c.i.embedder.EclipseLogger - Using platform encoding (UTF-8 actually) to copy filtered resources, i.e. build is platform dependent!
2025-06-23 10:45:01,537 [Worker-82: Building] INFO  o.e.m.c.i.embedder.EclipseLogger - Copying 20 resources
2025-06-23 10:45:01,538 [Worker-82: Building] WARN  o.e.m.c.i.embedder.EclipseLogger - Using platform encoding (UTF-8 actually) to copy filtered resources, i.e. build is platform dependent!
2025-06-23 10:45:01,538 [Worker-82: Building] INFO  o.e.m.c.i.embedder.EclipseLogger - Copying 0 resource
2025-06-23 11:10:30,605 [Worker-155: Building] WARN  o.e.m.c.i.embedder.EclipseLogger - Using platform encoding (UTF-8 actually) to copy filtered resources, i.e. build is platform dependent!
2025-06-23 11:10:30,608 [Worker-155: Building] INFO  o.e.m.c.i.embedder.EclipseLogger - Copying 20 resources
2025-06-23 11:10:30,609 [Worker-155: Building] WARN  o.e.m.c.i.embedder.EclipseLogger - Using platform encoding (UTF-8 actually) to copy filtered resources, i.e. build is platform dependent!
2025-06-23 11:10:30,609 [Worker-155: Building] INFO  o.e.m.c.i.embedder.EclipseLogger - Copying 0 resource
2025-06-23 11:16:06,671 [Worker-153: Building] WARN  o.e.m.c.i.embedder.EclipseLogger - Using platform encoding (UTF-8 actually) to copy filtered resources, i.e. build is platform dependent!
2025-06-23 11:16:06,673 [Worker-153: Building] INFO  o.e.m.c.i.embedder.EclipseLogger - Copying 20 resources
2025-06-23 11:16:06,675 [Worker-153: Building] WARN  o.e.m.c.i.embedder.EclipseLogger - Using platform encoding (UTF-8 actually) to copy filtered resources, i.e. build is platform dependent!
2025-06-23 11:16:06,675 [Worker-153: Building] INFO  o.e.m.c.i.embedder.EclipseLogger - Copying 0 resource
2025-06-23 11:16:16,219 [Worker-160: Building] WARN  o.e.m.c.i.embedder.EclipseLogger - Using platform encoding (UTF-8 actually) to copy filtered resources, i.e. build is platform dependent!
2025-06-23 11:16:16,221 [Worker-160: Building] INFO  o.e.m.c.i.embedder.EclipseLogger - Copying 20 resources
2025-06-23 11:16:16,222 [Worker-160: Building] WARN  o.e.m.c.i.embedder.EclipseLogger - Using platform encoding (UTF-8 actually) to copy filtered resources, i.e. build is platform dependent!
2025-06-23 11:16:16,223 [Worker-160: Building] INFO  o.e.m.c.i.embedder.EclipseLogger - Copying 0 resource
2025-06-23 11:16:31,197 [Worker-108: Building] WARN  o.e.m.c.i.embedder.EclipseLogger - Using platform encoding (UTF-8 actually) to copy filtered resources, i.e. build is platform dependent!
2025-06-23 11:16:31,199 [Worker-108: Building] INFO  o.e.m.c.i.embedder.EclipseLogger - Copying 20 resources
2025-06-23 11:16:31,201 [Worker-108: Building] WARN  o.e.m.c.i.embedder.EclipseLogger - Using platform encoding (UTF-8 actually) to copy filtered resources, i.e. build is platform dependent!
2025-06-23 11:16:31,201 [Worker-108: Building] INFO  o.e.m.c.i.embedder.EclipseLogger - Copying 0 resource
2025-06-23 11:17:12,560 [Worker-200: Building] WARN  o.e.m.c.i.embedder.EclipseLogger - Using platform encoding (UTF-8 actually) to copy filtered resources, i.e. build is platform dependent!
2025-06-23 11:17:12,561 [Worker-200: Building] INFO  o.e.m.c.i.embedder.EclipseLogger - Copying 20 resources
2025-06-23 11:17:12,562 [Worker-200: Building] WARN  o.e.m.c.i.embedder.EclipseLogger - Using platform encoding (UTF-8 actually) to copy filtered resources, i.e. build is platform dependent!
2025-06-23 11:17:12,563 [Worker-200: Building] INFO  o.e.m.c.i.embedder.EclipseLogger - Copying 0 resource
2025-06-23 11:17:23,453 [Worker-88: Building] WARN  o.e.m.c.i.embedder.EclipseLogger - Using platform encoding (UTF-8 actually) to copy filtered resources, i.e. build is platform dependent!
2025-06-23 11:17:23,455 [Worker-88: Building] INFO  o.e.m.c.i.embedder.EclipseLogger - Copying 20 resources
2025-06-23 11:17:23,456 [Worker-88: Building] WARN  o.e.m.c.i.embedder.EclipseLogger - Using platform encoding (UTF-8 actually) to copy filtered resources, i.e. build is platform dependent!
2025-06-23 11:17:23,457 [Worker-88: Building] INFO  o.e.m.c.i.embedder.EclipseLogger - Copying 0 resource
2025-06-23 11:18:36,269 [Worker-213: Building] WARN  o.e.m.c.i.embedder.EclipseLogger - Using platform encoding (UTF-8 actually) to copy filtered resources, i.e. build is platform dependent!
2025-06-23 11:18:36,272 [Worker-213: Building] INFO  o.e.m.c.i.embedder.EclipseLogger - Copying 20 resources
2025-06-23 11:18:36,274 [Worker-213: Building] WARN  o.e.m.c.i.embedder.EclipseLogger - Using platform encoding (UTF-8 actually) to copy filtered resources, i.e. build is platform dependent!
2025-06-23 11:18:36,274 [Worker-213: Building] INFO  o.e.m.c.i.embedder.EclipseLogger - Copying 0 resource
2025-06-23 11:18:49,899 [Worker-214: Building] WARN  o.e.m.c.i.embedder.EclipseLogger - Using platform encoding (UTF-8 actually) to copy filtered resources, i.e. build is platform dependent!
2025-06-23 11:18:49,900 [Worker-214: Building] INFO  o.e.m.c.i.embedder.EclipseLogger - Copying 20 resources
2025-06-23 11:18:49,902 [Worker-214: Building] WARN  o.e.m.c.i.embedder.EclipseLogger - Using platform encoding (UTF-8 actually) to copy filtered resources, i.e. build is platform dependent!
2025-06-23 11:18:49,902 [Worker-214: Building] INFO  o.e.m.c.i.embedder.EclipseLogger - Copying 0 resource
2025-06-23 11:23:02,378 [Worker-88: Building] WARN  o.e.m.c.i.embedder.EclipseLogger - Using platform encoding (UTF-8 actually) to copy filtered resources, i.e. build is platform dependent!
2025-06-23 11:23:02,380 [Worker-88: Building] INFO  o.e.m.c.i.embedder.EclipseLogger - Copying 20 resources
2025-06-23 11:23:02,381 [Worker-88: Building] WARN  o.e.m.c.i.embedder.EclipseLogger - Using platform encoding (UTF-8 actually) to copy filtered resources, i.e. build is platform dependent!
2025-06-23 11:23:02,381 [Worker-88: Building] INFO  o.e.m.c.i.embedder.EclipseLogger - Copying 0 resource
2025-06-23 11:31:46,885 [Worker-252: Building] WARN  o.e.m.c.i.embedder.EclipseLogger - Using platform encoding (UTF-8 actually) to copy filtered resources, i.e. build is platform dependent!
2025-06-23 11:31:46,887 [Worker-252: Building] INFO  o.e.m.c.i.embedder.EclipseLogger - Copying 20 resources
2025-06-23 11:31:46,889 [Worker-252: Building] WARN  o.e.m.c.i.embedder.EclipseLogger - Using platform encoding (UTF-8 actually) to copy filtered resources, i.e. build is platform dependent!
2025-06-23 11:31:46,889 [Worker-252: Building] INFO  o.e.m.c.i.embedder.EclipseLogger - Copying 0 resource
2025-06-23 11:32:54,828 [Worker-291: Building] WARN  o.e.m.c.i.embedder.EclipseLogger - Using platform encoding (UTF-8 actually) to copy filtered resources, i.e. build is platform dependent!
2025-06-23 11:32:54,829 [Worker-291: Building] INFO  o.e.m.c.i.embedder.EclipseLogger - Copying 20 resources
2025-06-23 11:32:54,830 [Worker-291: Building] WARN  o.e.m.c.i.embedder.EclipseLogger - Using platform encoding (UTF-8 actually) to copy filtered resources, i.e. build is platform dependent!
2025-06-23 11:32:54,830 [Worker-291: Building] INFO  o.e.m.c.i.embedder.EclipseLogger - Copying 0 resource
2025-06-23 11:40:01,919 [Worker-299: Building] WARN  o.e.m.c.i.embedder.EclipseLogger - Using platform encoding (UTF-8 actually) to copy filtered resources, i.e. build is platform dependent!
2025-06-23 11:40:01,919 [Worker-299: Building] INFO  o.e.m.c.i.embedder.EclipseLogger - Copying 1 resource
2025-06-23 11:40:01,921 [Worker-299: Building] WARN  o.e.m.c.i.embedder.EclipseLogger - Using platform encoding (UTF-8 actually) to copy filtered resources, i.e. build is platform dependent!
2025-06-23 11:40:01,921 [Worker-299: Building] INFO  o.e.m.c.i.embedder.EclipseLogger - Copying 0 resource
2025-06-23 11:43:39,762 [Worker-291: Building] WARN  o.e.m.c.i.embedder.EclipseLogger - Using platform encoding (UTF-8 actually) to copy filtered resources, i.e. build is platform dependent!
2025-06-23 11:43:39,763 [Worker-291: Building] INFO  o.e.m.c.i.embedder.EclipseLogger - Copying 1 resource
2025-06-23 11:43:39,764 [Worker-291: Building] WARN  o.e.m.c.i.embedder.EclipseLogger - Using platform encoding (UTF-8 actually) to copy filtered resources, i.e. build is platform dependent!
2025-06-23 11:43:39,764 [Worker-291: Building] INFO  o.e.m.c.i.embedder.EclipseLogger - Copying 0 resource
2025-06-23 12:03:16,139 [Worker-287: Building] WARN  o.e.m.c.i.embedder.EclipseLogger - Using platform encoding (UTF-8 actually) to copy filtered resources, i.e. build is platform dependent!
2025-06-23 12:03:16,140 [Worker-287: Building] INFO  o.e.m.c.i.embedder.EclipseLogger - Copying 1 resource
2025-06-23 12:03:16,141 [Worker-287: Building] WARN  o.e.m.c.i.embedder.EclipseLogger - Using platform encoding (UTF-8 actually) to copy filtered resources, i.e. build is platform dependent!
2025-06-23 12:03:16,141 [Worker-287: Building] INFO  o.e.m.c.i.embedder.EclipseLogger - Copying 0 resource
2025-06-23 12:07:55,008 [Worker-289: Building] WARN  o.e.m.c.i.embedder.EclipseLogger - Using platform encoding (UTF-8 actually) to copy filtered resources, i.e. build is platform dependent!
2025-06-23 12:07:55,009 [Worker-289: Building] INFO  o.e.m.c.i.embedder.EclipseLogger - Copying 1 resource
2025-06-23 12:07:55,010 [Worker-289: Building] WARN  o.e.m.c.i.embedder.EclipseLogger - Using platform encoding (UTF-8 actually) to copy filtered resources, i.e. build is platform dependent!
2025-06-23 12:07:55,010 [Worker-289: Building] INFO  o.e.m.c.i.embedder.EclipseLogger - Copying 0 resource
2025-06-23 12:08:01,487 [Worker-306: Building] WARN  o.e.m.c.i.embedder.EclipseLogger - Using platform encoding (UTF-8 actually) to copy filtered resources, i.e. build is platform dependent!
2025-06-23 12:08:01,489 [Worker-306: Building] INFO  o.e.m.c.i.embedder.EclipseLogger - Copying 21 resources
2025-06-23 12:08:01,490 [Worker-306: Building] WARN  o.e.m.c.i.embedder.EclipseLogger - Using platform encoding (UTF-8 actually) to copy filtered resources, i.e. build is platform dependent!
2025-06-23 12:08:01,491 [Worker-306: Building] INFO  o.e.m.c.i.embedder.EclipseLogger - Copying 0 resource
2025-06-23 12:10:04,300 [Worker-214: Building] WARN  o.e.m.c.i.embedder.EclipseLogger - Using platform encoding (UTF-8 actually) to copy filtered resources, i.e. build is platform dependent!
2025-06-23 12:10:04,300 [Worker-214: Building] INFO  o.e.m.c.i.embedder.EclipseLogger - Copying 1 resource
2025-06-23 12:10:04,301 [Worker-214: Building] WARN  o.e.m.c.i.embedder.EclipseLogger - Using platform encoding (UTF-8 actually) to copy filtered resources, i.e. build is platform dependent!
2025-06-23 12:10:04,302 [Worker-214: Building] INFO  o.e.m.c.i.embedder.EclipseLogger - Copying 0 resource
2025-06-23 12:10:13,179 [Worker-219: Building] WARN  o.e.m.c.i.embedder.EclipseLogger - Using platform encoding (UTF-8 actually) to copy filtered resources, i.e. build is platform dependent!
2025-06-23 12:10:13,181 [Worker-219: Building] INFO  o.e.m.c.i.embedder.EclipseLogger - Copying 21 resources
2025-06-23 12:10:13,182 [Worker-219: Building] WARN  o.e.m.c.i.embedder.EclipseLogger - Using platform encoding (UTF-8 actually) to copy filtered resources, i.e. build is platform dependent!
2025-06-23 12:10:13,183 [Worker-219: Building] INFO  o.e.m.c.i.embedder.EclipseLogger - Copying 0 resource
2025-06-23 12:10:18,533 [Worker-176: Building] WARN  o.e.m.c.i.embedder.EclipseLogger - Using platform encoding (UTF-8 actually) to copy filtered resources, i.e. build is platform dependent!
2025-06-23 12:10:18,534 [Worker-176: Building] INFO  o.e.m.c.i.embedder.EclipseLogger - Copying 1 resource
2025-06-23 12:10:18,535 [Worker-176: Building] WARN  o.e.m.c.i.embedder.EclipseLogger - Using platform encoding (UTF-8 actually) to copy filtered resources, i.e. build is platform dependent!
2025-06-23 12:10:18,535 [Worker-176: Building] INFO  o.e.m.c.i.embedder.EclipseLogger - Copying 0 resource
2025-06-23 12:10:44,187 [Worker-298: Building] WARN  o.e.m.c.i.embedder.EclipseLogger - Using platform encoding (UTF-8 actually) to copy filtered resources, i.e. build is platform dependent!
2025-06-23 12:10:44,188 [Worker-298: Building] INFO  o.e.m.c.i.embedder.EclipseLogger - Copying 1 resource
2025-06-23 12:10:44,189 [Worker-298: Building] WARN  o.e.m.c.i.embedder.EclipseLogger - Using platform encoding (UTF-8 actually) to copy filtered resources, i.e. build is platform dependent!
2025-06-23 12:10:44,189 [Worker-298: Building] INFO  o.e.m.c.i.embedder.EclipseLogger - Copying 0 resource
2025-06-23 12:11:40,100 [Worker-322: Building] WARN  o.e.m.c.i.embedder.EclipseLogger - Using platform encoding (UTF-8 actually) to copy filtered resources, i.e. build is platform dependent!
2025-06-23 12:11:40,101 [Worker-322: Building] INFO  o.e.m.c.i.embedder.EclipseLogger - Copying 1 resource
2025-06-23 12:11:40,103 [Worker-322: Building] WARN  o.e.m.c.i.embedder.EclipseLogger - Using platform encoding (UTF-8 actually) to copy filtered resources, i.e. build is platform dependent!
2025-06-23 12:11:40,103 [Worker-322: Building] INFO  o.e.m.c.i.embedder.EclipseLogger - Copying 0 resource
2025-06-23 12:12:22,799 [Worker-296: Building] WARN  o.e.m.c.i.embedder.EclipseLogger - Using platform encoding (UTF-8 actually) to copy filtered resources, i.e. build is platform dependent!
2025-06-23 12:12:22,800 [Worker-296: Building] INFO  o.e.m.c.i.embedder.EclipseLogger - Copying 1 resource
2025-06-23 12:12:22,801 [Worker-296: Building] WARN  o.e.m.c.i.embedder.EclipseLogger - Using platform encoding (UTF-8 actually) to copy filtered resources, i.e. build is platform dependent!
2025-06-23 12:12:22,801 [Worker-296: Building] INFO  o.e.m.c.i.embedder.EclipseLogger - Copying 0 resource
2025-06-23 12:12:30,974 [Worker-344: Building] WARN  o.e.m.c.i.embedder.EclipseLogger - Using platform encoding (UTF-8 actually) to copy filtered resources, i.e. build is platform dependent!
2025-06-23 12:12:30,974 [Worker-344: Building] INFO  o.e.m.c.i.embedder.EclipseLogger - Copying 1 resource
2025-06-23 12:12:30,975 [Worker-344: Building] WARN  o.e.m.c.i.embedder.EclipseLogger - Using platform encoding (UTF-8 actually) to copy filtered resources, i.e. build is platform dependent!
2025-06-23 12:12:30,975 [Worker-344: Building] INFO  o.e.m.c.i.embedder.EclipseLogger - Copying 0 resource
2025-06-23 12:16:22,601 [Worker-340: Building] WARN  o.e.m.c.i.embedder.EclipseLogger - Using platform encoding (UTF-8 actually) to copy filtered resources, i.e. build is platform dependent!
2025-06-23 12:16:22,601 [Worker-340: Building] INFO  o.e.m.c.i.embedder.EclipseLogger - Copying 1 resource
2025-06-23 12:16:22,602 [Worker-340: Building] WARN  o.e.m.c.i.embedder.EclipseLogger - Using platform encoding (UTF-8 actually) to copy filtered resources, i.e. build is platform dependent!
2025-06-23 12:16:22,604 [Worker-340: Building] INFO  o.e.m.c.i.embedder.EclipseLogger - Copying 0 resource
2025-06-23 12:17:51,091 [Worker-391: Building] WARN  o.e.m.c.i.embedder.EclipseLogger - Using platform encoding (UTF-8 actually) to copy filtered resources, i.e. build is platform dependent!
2025-06-23 12:17:51,092 [Worker-391: Building] INFO  o.e.m.c.i.embedder.EclipseLogger - Copying 1 resource
2025-06-23 12:17:51,093 [Worker-391: Building] WARN  o.e.m.c.i.embedder.EclipseLogger - Using platform encoding (UTF-8 actually) to copy filtered resources, i.e. build is platform dependent!
2025-06-23 12:17:51,093 [Worker-391: Building] INFO  o.e.m.c.i.embedder.EclipseLogger - Copying 0 resource
2025-06-23 12:18:01,664 [Worker-390: Building] WARN  o.e.m.c.i.embedder.EclipseLogger - Using platform encoding (UTF-8 actually) to copy filtered resources, i.e. build is platform dependent!
2025-06-23 12:18:01,664 [Worker-390: Building] INFO  o.e.m.c.i.embedder.EclipseLogger - Copying 1 resource
2025-06-23 12:18:01,665 [Worker-390: Building] WARN  o.e.m.c.i.embedder.EclipseLogger - Using platform encoding (UTF-8 actually) to copy filtered resources, i.e. build is platform dependent!
2025-06-23 12:18:01,665 [Worker-390: Building] INFO  o.e.m.c.i.embedder.EclipseLogger - Copying 0 resource
2025-06-23 12:24:32,849 [Worker-427: Building] WARN  o.e.m.c.i.embedder.EclipseLogger - Using platform encoding (UTF-8 actually) to copy filtered resources, i.e. build is platform dependent!
2025-06-23 12:24:32,849 [Worker-427: Building] INFO  o.e.m.c.i.embedder.EclipseLogger - Copying 1 resource
2025-06-23 12:24:32,850 [Worker-427: Building] WARN  o.e.m.c.i.embedder.EclipseLogger - Using platform encoding (UTF-8 actually) to copy filtered resources, i.e. build is platform dependent!
2025-06-23 12:24:32,851 [Worker-427: Building] INFO  o.e.m.c.i.embedder.EclipseLogger - Copying 0 resource
2025-06-23 12:24:46,458 [Worker-449: Building] WARN  o.e.m.c.i.embedder.EclipseLogger - Using platform encoding (UTF-8 actually) to copy filtered resources, i.e. build is platform dependent!
2025-06-23 12:24:46,459 [Worker-449: Building] INFO  o.e.m.c.i.embedder.EclipseLogger - Copying 1 resource
2025-06-23 12:24:46,460 [Worker-449: Building] WARN  o.e.m.c.i.embedder.EclipseLogger - Using platform encoding (UTF-8 actually) to copy filtered resources, i.e. build is platform dependent!
2025-06-23 12:24:46,460 [Worker-449: Building] INFO  o.e.m.c.i.embedder.EclipseLogger - Copying 0 resource
2025-06-23 12:27:29,067 [Worker-455: Building] WARN  o.e.m.c.i.embedder.EclipseLogger - Using platform encoding (UTF-8 actually) to copy filtered resources, i.e. build is platform dependent!
2025-06-23 12:27:29,068 [Worker-455: Building] INFO  o.e.m.c.i.embedder.EclipseLogger - Copying 21 resources
2025-06-23 12:27:29,069 [Worker-455: Building] WARN  o.e.m.c.i.embedder.EclipseLogger - Using platform encoding (UTF-8 actually) to copy filtered resources, i.e. build is platform dependent!
2025-06-23 12:27:29,069 [Worker-455: Building] INFO  o.e.m.c.i.embedder.EclipseLogger - Copying 0 resource
2025-06-23 12:28:01,814 [Worker-470: Building] WARN  o.e.m.c.i.embedder.EclipseLogger - Using platform encoding (UTF-8 actually) to copy filtered resources, i.e. build is platform dependent!
2025-06-23 12:28:01,815 [Worker-470: Building] INFO  o.e.m.c.i.embedder.EclipseLogger - Copying 21 resources
2025-06-23 12:28:01,816 [Worker-470: Building] WARN  o.e.m.c.i.embedder.EclipseLogger - Using platform encoding (UTF-8 actually) to copy filtered resources, i.e. build is platform dependent!
2025-06-23 12:28:01,817 [Worker-470: Building] INFO  o.e.m.c.i.embedder.EclipseLogger - Copying 0 resource
2025-06-23 12:28:03,884 [Worker-492: Building] WARN  o.e.m.c.i.embedder.EclipseLogger - Using platform encoding (UTF-8 actually) to copy filtered resources, i.e. build is platform dependent!
2025-06-23 12:28:03,885 [Worker-492: Building] INFO  o.e.m.c.i.embedder.EclipseLogger - Copying 21 resources
2025-06-23 12:28:03,887 [Worker-492: Building] WARN  o.e.m.c.i.embedder.EclipseLogger - Using platform encoding (UTF-8 actually) to copy filtered resources, i.e. build is platform dependent!
2025-06-23 12:28:03,887 [Worker-492: Building] INFO  o.e.m.c.i.embedder.EclipseLogger - Copying 0 resource
2025-06-23 12:29:13,690 [Worker-465: Building] WARN  o.e.m.c.i.embedder.EclipseLogger - Using platform encoding (UTF-8 actually) to copy filtered resources, i.e. build is platform dependent!
2025-06-23 12:29:13,691 [Worker-465: Building] INFO  o.e.m.c.i.embedder.EclipseLogger - Copying 21 resources
2025-06-23 12:29:13,692 [Worker-465: Building] WARN  o.e.m.c.i.embedder.EclipseLogger - Using platform encoding (UTF-8 actually) to copy filtered resources, i.e. build is platform dependent!
2025-06-23 12:29:13,693 [Worker-465: Building] INFO  o.e.m.c.i.embedder.EclipseLogger - Copying 0 resource
2025-06-23 12:31:16,909 [Worker-500: Building] WARN  o.e.m.c.i.embedder.EclipseLogger - Using platform encoding (UTF-8 actually) to copy filtered resources, i.e. build is platform dependent!
2025-06-23 12:31:16,911 [Worker-500: Building] INFO  o.e.m.c.i.embedder.EclipseLogger - Copying 21 resources
2025-06-23 12:31:16,912 [Worker-500: Building] WARN  o.e.m.c.i.embedder.EclipseLogger - Using platform encoding (UTF-8 actually) to copy filtered resources, i.e. build is platform dependent!
2025-06-23 12:31:16,912 [Worker-500: Building] INFO  o.e.m.c.i.embedder.EclipseLogger - Copying 0 resource
2025-06-23 12:31:52,927 [Worker-287: Building] WARN  o.e.m.c.i.embedder.EclipseLogger - Using platform encoding (UTF-8 actually) to copy filtered resources, i.e. build is platform dependent!
2025-06-23 12:31:52,928 [Worker-287: Building] INFO  o.e.m.c.i.embedder.EclipseLogger - Copying 21 resources
2025-06-23 12:31:52,933 [Worker-287: Building] WARN  o.e.m.c.i.embedder.EclipseLogger - Using platform encoding (UTF-8 actually) to copy filtered resources, i.e. build is platform dependent!
2025-06-23 12:31:52,933 [Worker-287: Building] INFO  o.e.m.c.i.embedder.EclipseLogger - Copying 0 resource
2025-06-23 12:35:50,606 [Worker-9812: Building] WARN  o.e.m.c.i.embedder.EclipseLogger - Using platform encoding (UTF-8 actually) to copy filtered resources, i.e. build is platform dependent!
2025-06-23 12:35:52,795 [Worker-9812: Building] INFO  o.e.m.c.i.embedder.EclipseLogger - Copying 21 resources
2025-06-23 12:35:52,866 [Worker-9812: Building] WARN  o.e.m.c.i.embedder.EclipseLogger - Using platform encoding (UTF-8 actually) to copy filtered resources, i.e. build is platform dependent!
2025-06-23 12:35:54,622 [Worker-9812: Building] INFO  o.e.m.c.i.embedder.EclipseLogger - Copying 0 resource
2025-06-23 12:39:52,552 [Worker-4: Loading available Gradle versions] INFO  o.e.b.c.i.u.g.PublishedGradleVersions - Gradle version information cache is up-to-date. Trying to read.
2025-06-23 12:40:40,174 [Worker-32: Building] WARN  o.e.m.c.i.embedder.EclipseLogger - Using platform encoding (UTF-8 actually) to copy filtered resources, i.e. build is platform dependent!
2025-06-23 12:40:40,178 [Worker-32: Building] INFO  o.e.m.c.i.embedder.EclipseLogger - Copying 21 resources
2025-06-23 12:40:40,195 [Worker-32: Building] WARN  o.e.m.c.i.embedder.EclipseLogger - Using platform encoding (UTF-8 actually) to copy filtered resources, i.e. build is platform dependent!
2025-06-23 12:40:40,196 [Worker-32: Building] INFO  o.e.m.c.i.embedder.EclipseLogger - Copying 0 resource
2025-06-23 12:40:50,659 [Worker-9: Updating Maven Project] INFO  o.e.m.c.i.p.ProjectConfigurationManager - Update started
2025-06-23 12:40:52,082 [Worker-9: Updating Maven Project] INFO  o.e.m.c.i.l.LifecycleMappingFactory - Using org.maven.ide.eclipse.wtp.WarLifecycleMapping lifecycle mapping for MavenProject: com.simplecoding:MapperExam:1.0.0 @ C:\Work\07_Mapper\MapperExam\pom.xml.
2025-06-23 12:40:52,797 [Worker-9: Updating Maven Project] INFO  o.e.m.j.i.AbstractJavaProjectConfigurator - Adding source folder /MapperExam/src/main/java
2025-06-23 12:40:52,798 [Worker-9: Updating Maven Project] INFO  o.e.m.j.i.AbstractJavaProjectConfigurator - Adding resource folder /MapperExam/src/main/resources
2025-06-23 12:40:52,798 [Worker-9: Updating Maven Project] INFO  o.e.m.j.i.AbstractJavaProjectConfigurator - Adding source folder /MapperExam/src/test/java
2025-06-23 12:40:52,798 [Worker-9: Updating Maven Project] INFO  o.e.m.j.i.AbstractJavaProjectConfigurator - Adding resource folder /MapperExam/src/test/resources
2025-06-23 12:40:53,019 [Worker-9: Updating Maven Project] INFO  o.e.m.w.i.f.ResourceFilteringBuildParticipant - Cleaning filtered folder for MapperExam
2025-06-23 12:40:53,022 [Worker-9: Updating Maven Project] INFO  o.e.m.c.i.p.ProjectConfigurationManager - Update completed: 2 sec
2025-06-23 12:40:54,044 [Worker-4: Building] WARN  o.e.m.c.i.embedder.EclipseLogger - Using platform encoding (UTF-8 actually) to copy filtered resources, i.e. build is platform dependent!
2025-06-23 12:40:54,046 [Worker-4: Building] INFO  o.e.m.c.i.embedder.EclipseLogger - Copying 21 resources
2025-06-23 12:40:54,077 [Worker-4: Building] WARN  o.e.m.c.i.embedder.EclipseLogger - Using platform encoding (UTF-8 actually) to copy filtered resources, i.e. build is platform dependent!
2025-06-23 12:40:54,078 [Worker-4: Building] INFO  o.e.m.c.i.embedder.EclipseLogger - Copying 0 resource
2025-06-23 12:40:54,079 [Worker-4: Building] INFO  o.e.m.w.i.f.ResourceFilteringBuildParticipant - Changed resources require a complete clean of filtered resources of MapperExam
2025-06-23 12:40:54,080 [Worker-4: Building] INFO  o.e.m.w.i.f.ResourceFilteringBuildParticipant - Executing resource filtering for MapperExam
2025-06-23 12:40:54,087 [Worker-4: Building] WARN  o.e.m.c.i.embedder.EclipseLogger - Using platform encoding (UTF-8 actually) to copy filtered resources, i.e. build is platform dependent!
2025-06-23 12:49:36,826 [Worker-47: Building] WARN  o.e.m.c.i.embedder.EclipseLogger - Using platform encoding (UTF-8 actually) to copy filtered resources, i.e. build is platform dependent!
2025-06-23 12:49:36,831 [Worker-47: Building] INFO  o.e.m.c.i.embedder.EclipseLogger - Copying 0 resource
2025-06-23 12:49:36,832 [Worker-47: Building] WARN  o.e.m.c.i.embedder.EclipseLogger - Using platform encoding (UTF-8 actually) to copy filtered resources, i.e. build is platform dependent!
2025-06-23 12:49:36,835 [Worker-47: Building] INFO  o.e.m.c.i.embedder.EclipseLogger - Copying 0 resource
2025-06-23 12:52:42,056 [Worker-44: Building] WARN  o.e.m.c.i.embedder.EclipseLogger - Using platform encoding (UTF-8 actually) to copy filtered resources, i.e. build is platform dependent!
2025-06-23 12:52:42,057 [Worker-44: Building] INFO  o.e.m.c.i.embedder.EclipseLogger - Copying 0 resource
2025-06-23 12:52:42,058 [Worker-44: Building] WARN  o.e.m.c.i.embedder.EclipseLogger - Using platform encoding (UTF-8 actually) to copy filtered resources, i.e. build is platform dependent!
2025-06-23 12:52:42,058 [Worker-44: Building] INFO  o.e.m.c.i.embedder.EclipseLogger - Copying 0 resource
2025-06-23 14:22:09,162 [Worker-80: Building] WARN  o.e.m.c.i.embedder.EclipseLogger - Using platform encoding (UTF-8 actually) to copy filtered resources, i.e. build is platform dependent!
2025-06-23 14:22:09,165 [Worker-80: Building] INFO  o.e.m.c.i.embedder.EclipseLogger - Copying 21 resources
2025-06-23 14:22:09,166 [Worker-80: Building] WARN  o.e.m.c.i.embedder.EclipseLogger - Using platform encoding (UTF-8 actually) to copy filtered resources, i.e. build is platform dependent!
2025-06-23 14:22:09,166 [Worker-80: Building] INFO  o.e.m.c.i.embedder.EclipseLogger - Copying 0 resource
2025-06-23 14:22:50,370 [Worker-82: Building] WARN  o.e.m.c.i.embedder.EclipseLogger - Using platform encoding (UTF-8 actually) to copy filtered resources, i.e. build is platform dependent!
2025-06-23 14:22:50,372 [Worker-82: Building] INFO  o.e.m.c.i.embedder.EclipseLogger - Copying 21 resources
2025-06-23 14:22:50,373 [Worker-82: Building] WARN  o.e.m.c.i.embedder.EclipseLogger - Using platform encoding (UTF-8 actually) to copy filtered resources, i.e. build is platform dependent!
2025-06-23 14:22:50,374 [Worker-82: Building] INFO  o.e.m.c.i.embedder.EclipseLogger - Copying 0 resource
2025-06-23 14:23:20,809 [Worker-80: Building] WARN  o.e.m.c.i.embedder.EclipseLogger - Using platform encoding (UTF-8 actually) to copy filtered resources, i.e. build is platform dependent!
2025-06-23 14:23:20,811 [Worker-80: Building] INFO  o.e.m.c.i.embedder.EclipseLogger - Copying 21 resources
2025-06-23 14:23:20,812 [Worker-80: Building] WARN  o.e.m.c.i.embedder.EclipseLogger - Using platform encoding (UTF-8 actually) to copy filtered resources, i.e. build is platform dependent!
2025-06-23 14:23:20,813 [Worker-80: Building] INFO  o.e.m.c.i.embedder.EclipseLogger - Copying 0 resource
2025-06-23 14:23:41,013 [Worker-84: Building] WARN  o.e.m.c.i.embedder.EclipseLogger - Using platform encoding (UTF-8 actually) to copy filtered resources, i.e. build is platform dependent!
2025-06-23 14:23:41,016 [Worker-84: Building] INFO  o.e.m.c.i.embedder.EclipseLogger - Copying 21 resources
2025-06-23 14:23:41,019 [Worker-84: Building] WARN  o.e.m.c.i.embedder.EclipseLogger - Using platform encoding (UTF-8 actually) to copy filtered resources, i.e. build is platform dependent!
2025-06-23 14:23:41,020 [Worker-84: Building] INFO  o.e.m.c.i.embedder.EclipseLogger - Copying 0 resource
2025-06-23 14:25:07,476 [Worker-85: Building] WARN  o.e.m.c.i.embedder.EclipseLogger - Using platform encoding (UTF-8 actually) to copy filtered resources, i.e. build is platform dependent!
2025-06-23 14:25:07,479 [Worker-85: Building] INFO  o.e.m.c.i.embedder.EclipseLogger - Copying 21 resources
2025-06-23 14:25:07,480 [Worker-85: Building] WARN  o.e.m.c.i.embedder.EclipseLogger - Using platform encoding (UTF-8 actually) to copy filtered resources, i.e. build is platform dependent!
2025-06-23 14:25:07,480 [Worker-85: Building] INFO  o.e.m.c.i.embedder.EclipseLogger - Copying 0 resource
2025-06-23 14:29:04,305 [Worker-80: Building] WARN  o.e.m.c.i.embedder.EclipseLogger - Using platform encoding (UTF-8 actually) to copy filtered resources, i.e. build is platform dependent!
2025-06-23 14:29:04,306 [Worker-80: Building] INFO  o.e.m.c.i.embedder.EclipseLogger - Copying 1 resource
2025-06-23 14:29:04,309 [Worker-80: Building] WARN  o.e.m.c.i.embedder.EclipseLogger - Using platform encoding (UTF-8 actually) to copy filtered resources, i.e. build is platform dependent!
2025-06-23 14:29:04,309 [Worker-80: Building] INFO  o.e.m.c.i.embedder.EclipseLogger - Copying 0 resource
2025-06-23 14:30:51,095 [Worker-89: Building] WARN  o.e.m.c.i.embedder.EclipseLogger - Using platform encoding (UTF-8 actually) to copy filtered resources, i.e. build is platform dependent!
2025-06-23 14:30:51,096 [Worker-89: Building] INFO  o.e.m.c.i.embedder.EclipseLogger - Copying 1 resource
2025-06-23 14:30:51,098 [Worker-89: Building] WARN  o.e.m.c.i.embedder.EclipseLogger - Using platform encoding (UTF-8 actually) to copy filtered resources, i.e. build is platform dependent!
2025-06-23 14:30:51,100 [Worker-89: Building] INFO  o.e.m.c.i.embedder.EclipseLogger - Copying 0 resource
2025-06-23 14:34:23,361 [Worker-89: Building] WARN  o.e.m.c.i.embedder.EclipseLogger - Using platform encoding (UTF-8 actually) to copy filtered resources, i.e. build is platform dependent!
2025-06-23 14:34:23,362 [Worker-89: Building] INFO  o.e.m.c.i.embedder.EclipseLogger - Copying 1 resource
2025-06-23 14:34:23,364 [Worker-89: Building] WARN  o.e.m.c.i.embedder.EclipseLogger - Using platform encoding (UTF-8 actually) to copy filtered resources, i.e. build is platform dependent!
2025-06-23 14:34:23,366 [Worker-89: Building] INFO  o.e.m.c.i.embedder.EclipseLogger - Copying 0 resource
2025-06-23 14:34:34,044 [Worker-91: Building] WARN  o.e.m.c.i.embedder.EclipseLogger - Using platform encoding (UTF-8 actually) to copy filtered resources, i.e. build is platform dependent!
2025-06-23 14:34:34,044 [Worker-91: Building] INFO  o.e.m.c.i.embedder.EclipseLogger - Copying 1 resource
2025-06-23 14:34:34,046 [Worker-91: Building] WARN  o.e.m.c.i.embedder.EclipseLogger - Using platform encoding (UTF-8 actually) to copy filtered resources, i.e. build is platform dependent!
2025-06-23 14:34:34,046 [Worker-91: Building] INFO  o.e.m.c.i.embedder.EclipseLogger - Copying 0 resource
2025-06-23 14:36:45,506 [Worker-89: Building] WARN  o.e.m.c.i.embedder.EclipseLogger - Using platform encoding (UTF-8 actually) to copy filtered resources, i.e. build is platform dependent!
2025-06-23 14:36:45,507 [Worker-89: Building] INFO  o.e.m.c.i.embedder.EclipseLogger - Copying 1 resource
2025-06-23 14:36:45,508 [Worker-89: Building] WARN  o.e.m.c.i.embedder.EclipseLogger - Using platform encoding (UTF-8 actually) to copy filtered resources, i.e. build is platform dependent!
2025-06-23 14:36:45,508 [Worker-89: Building] INFO  o.e.m.c.i.embedder.EclipseLogger - Copying 0 resource
2025-06-23 14:39:21,104 [Worker-89: Building] WARN  o.e.m.c.i.embedder.EclipseLogger - Using platform encoding (UTF-8 actually) to copy filtered resources, i.e. build is platform dependent!
2025-06-23 14:39:21,106 [Worker-89: Building] INFO  o.e.m.c.i.embedder.EclipseLogger - Copying 22 resources
2025-06-23 14:39:21,108 [Worker-89: Building] WARN  o.e.m.c.i.embedder.EclipseLogger - Using platform encoding (UTF-8 actually) to copy filtered resources, i.e. build is platform dependent!
2025-06-23 14:39:21,109 [Worker-89: Building] INFO  o.e.m.c.i.embedder.EclipseLogger - Copying 0 resource
2025-06-23 14:39:25,345 [Worker-94: Building] WARN  o.e.m.c.i.embedder.EclipseLogger - Using platform encoding (UTF-8 actually) to copy filtered resources, i.e. build is platform dependent!
2025-06-23 14:39:25,348 [Worker-94: Building] INFO  o.e.m.c.i.embedder.EclipseLogger - Copying 22 resources
2025-06-23 14:39:25,350 [Worker-94: Building] WARN  o.e.m.c.i.embedder.EclipseLogger - Using platform encoding (UTF-8 actually) to copy filtered resources, i.e. build is platform dependent!
2025-06-23 14:39:25,352 [Worker-94: Building] INFO  o.e.m.c.i.embedder.EclipseLogger - Copying 0 resource
2025-06-23 14:39:40,040 [Worker-97: Building] WARN  o.e.m.c.i.embedder.EclipseLogger - Using platform encoding (UTF-8 actually) to copy filtered resources, i.e. build is platform dependent!
2025-06-23 14:39:40,041 [Worker-97: Building] INFO  o.e.m.c.i.embedder.EclipseLogger - Copying 22 resources
2025-06-23 14:39:40,043 [Worker-97: Building] WARN  o.e.m.c.i.embedder.EclipseLogger - Using platform encoding (UTF-8 actually) to copy filtered resources, i.e. build is platform dependent!
2025-06-23 14:39:40,043 [Worker-97: Building] INFO  o.e.m.c.i.embedder.EclipseLogger - Copying 0 resource
2025-06-23 14:39:59,712 [Worker-98: Building] WARN  o.e.m.c.i.embedder.EclipseLogger - Using platform encoding (UTF-8 actually) to copy filtered resources, i.e. build is platform dependent!
2025-06-23 14:39:59,713 [Worker-98: Building] INFO  o.e.m.c.i.embedder.EclipseLogger - Copying 22 resources
2025-06-23 14:39:59,715 [Worker-98: Building] WARN  o.e.m.c.i.embedder.EclipseLogger - Using platform encoding (UTF-8 actually) to copy filtered resources, i.e. build is platform dependent!
2025-06-23 14:39:59,716 [Worker-98: Building] INFO  o.e.m.c.i.embedder.EclipseLogger - Copying 0 resource
2025-06-23 14:40:19,026 [Worker-98: Building] WARN  o.e.m.c.i.embedder.EclipseLogger - Using platform encoding (UTF-8 actually) to copy filtered resources, i.e. build is platform dependent!
2025-06-23 14:40:19,028 [Worker-98: Building] INFO  o.e.m.c.i.embedder.EclipseLogger - Copying 22 resources
2025-06-23 14:40:19,029 [Worker-98: Building] WARN  o.e.m.c.i.embedder.EclipseLogger - Using platform encoding (UTF-8 actually) to copy filtered resources, i.e. build is platform dependent!
2025-06-23 14:40:19,030 [Worker-98: Building] INFO  o.e.m.c.i.embedder.EclipseLogger - Copying 0 resource
2025-06-23 14:41:14,220 [Worker-94: Building] WARN  o.e.m.c.i.embedder.EclipseLogger - Using platform encoding (UTF-8 actually) to copy filtered resources, i.e. build is platform dependent!
2025-06-23 14:41:14,222 [Worker-94: Building] INFO  o.e.m.c.i.embedder.EclipseLogger - Copying 22 resources
2025-06-23 14:41:14,224 [Worker-94: Building] WARN  o.e.m.c.i.embedder.EclipseLogger - Using platform encoding (UTF-8 actually) to copy filtered resources, i.e. build is platform dependent!
2025-06-23 14:41:14,225 [Worker-94: Building] INFO  o.e.m.c.i.embedder.EclipseLogger - Copying 0 resource
2025-06-23 14:41:34,148 [Worker-98: Building] WARN  o.e.m.c.i.embedder.EclipseLogger - Using platform encoding (UTF-8 actually) to copy filtered resources, i.e. build is platform dependent!
2025-06-23 14:41:34,150 [Worker-98: Building] INFO  o.e.m.c.i.embedder.EclipseLogger - Copying 22 resources
2025-06-23 14:41:34,151 [Worker-98: Building] WARN  o.e.m.c.i.embedder.EclipseLogger - Using platform encoding (UTF-8 actually) to copy filtered resources, i.e. build is platform dependent!
2025-06-23 14:41:34,152 [Worker-98: Building] INFO  o.e.m.c.i.embedder.EclipseLogger - Copying 0 resource
2025-06-23 14:44:06,979 [Worker-100: Building] WARN  o.e.m.c.i.embedder.EclipseLogger - Using platform encoding (UTF-8 actually) to copy filtered resources, i.e. build is platform dependent!
2025-06-23 14:44:06,981 [Worker-100: Building] INFO  o.e.m.c.i.embedder.EclipseLogger - Copying 22 resources
2025-06-23 14:44:06,983 [Worker-100: Building] WARN  o.e.m.c.i.embedder.EclipseLogger - Using platform encoding (UTF-8 actually) to copy filtered resources, i.e. build is platform dependent!
2025-06-23 14:44:06,984 [Worker-100: Building] INFO  o.e.m.c.i.embedder.EclipseLogger - Copying 0 resource
2025-06-23 14:46:25,583 [Worker-97: Building] WARN  o.e.m.c.i.embedder.EclipseLogger - Using platform encoding (UTF-8 actually) to copy filtered resources, i.e. build is platform dependent!
2025-06-23 14:46:25,586 [Worker-97: Building] INFO  o.e.m.c.i.embedder.EclipseLogger - Copying 22 resources
2025-06-23 14:46:25,587 [Worker-97: Building] WARN  o.e.m.c.i.embedder.EclipseLogger - Using platform encoding (UTF-8 actually) to copy filtered resources, i.e. build is platform dependent!
2025-06-23 14:46:25,588 [Worker-97: Building] INFO  o.e.m.c.i.embedder.EclipseLogger - Copying 0 resource
2025-06-23 14:46:29,972 [Worker-97: Building] WARN  o.e.m.c.i.embedder.EclipseLogger - Using platform encoding (UTF-8 actually) to copy filtered resources, i.e. build is platform dependent!
2025-06-23 14:46:29,974 [Worker-97: Building] INFO  o.e.m.c.i.embedder.EclipseLogger - Copying 22 resources
2025-06-23 14:46:29,983 [Worker-97: Building] WARN  o.e.m.c.i.embedder.EclipseLogger - Using platform encoding (UTF-8 actually) to copy filtered resources, i.e. build is platform dependent!
2025-06-23 14:46:29,984 [Worker-97: Building] INFO  o.e.m.c.i.embedder.EclipseLogger - Copying 0 resource
2025-06-23 14:47:21,548 [Worker-102: Building] WARN  o.e.m.c.i.embedder.EclipseLogger - Using platform encoding (UTF-8 actually) to copy filtered resources, i.e. build is platform dependent!
2025-06-23 14:47:21,549 [Worker-102: Building] INFO  o.e.m.c.i.embedder.EclipseLogger - Copying 0 resource
2025-06-23 14:47:21,550 [Worker-102: Building] WARN  o.e.m.c.i.embedder.EclipseLogger - Using platform encoding (UTF-8 actually) to copy filtered resources, i.e. build is platform dependent!
2025-06-23 14:47:21,550 [Worker-102: Building] INFO  o.e.m.c.i.embedder.EclipseLogger - Copying 0 resource
2025-06-23 14:48:49,847 [Worker-106: Building] WARN  o.e.m.c.i.embedder.EclipseLogger - Using platform encoding (UTF-8 actually) to copy filtered resources, i.e. build is platform dependent!
2025-06-23 14:48:49,848 [Worker-106: Building] INFO  o.e.m.c.i.embedder.EclipseLogger - Copying 0 resource
2025-06-23 14:48:49,848 [Worker-106: Building] WARN  o.e.m.c.i.embedder.EclipseLogger - Using platform encoding (UTF-8 actually) to copy filtered resources, i.e. build is platform dependent!
2025-06-23 14:48:49,850 [Worker-106: Building] INFO  o.e.m.c.i.embedder.EclipseLogger - Copying 0 resource
2025-06-23 14:49:18,554 [Worker-99: Building] WARN  o.e.m.c.i.embedder.EclipseLogger - Using platform encoding (UTF-8 actually) to copy filtered resources, i.e. build is platform dependent!
2025-06-23 14:49:18,555 [Worker-99: Building] INFO  o.e.m.c.i.embedder.EclipseLogger - Copying 0 resource
2025-06-23 14:49:18,555 [Worker-99: Building] WARN  o.e.m.c.i.embedder.EclipseLogger - Using platform encoding (UTF-8 actually) to copy filtered resources, i.e. build is platform dependent!
2025-06-23 14:49:18,556 [Worker-99: Building] INFO  o.e.m.c.i.embedder.EclipseLogger - Copying 0 resource
2025-06-23 14:50:04,705 [Worker-104: Building] WARN  o.e.m.c.i.embedder.EclipseLogger - Using platform encoding (UTF-8 actually) to copy filtered resources, i.e. build is platform dependent!
2025-06-23 14:50:04,706 [Worker-104: Building] INFO  o.e.m.c.i.embedder.EclipseLogger - Copying 0 resource
2025-06-23 14:50:04,706 [Worker-104: Building] WARN  o.e.m.c.i.embedder.EclipseLogger - Using platform encoding (UTF-8 actually) to copy filtered resources, i.e. build is platform dependent!
2025-06-23 14:50:04,706 [Worker-104: Building] INFO  o.e.m.c.i.embedder.EclipseLogger - Copying 0 resource
2025-06-23 15:01:36,879 [Worker-104: Building] WARN  o.e.m.c.i.embedder.EclipseLogger - Using platform encoding (UTF-8 actually) to copy filtered resources, i.e. build is platform dependent!
2025-06-23 15:01:36,880 [Worker-104: Building] INFO  o.e.m.c.i.embedder.EclipseLogger - Copying 0 resource
2025-06-23 15:01:36,880 [Worker-104: Building] WARN  o.e.m.c.i.embedder.EclipseLogger - Using platform encoding (UTF-8 actually) to copy filtered resources, i.e. build is platform dependent!
2025-06-23 15:01:36,881 [Worker-104: Building] INFO  o.e.m.c.i.embedder.EclipseLogger - Copying 0 resource
2025-06-23 15:29:17,005 [Worker-118: Building] WARN  o.e.m.c.i.embedder.EclipseLogger - Using platform encoding (UTF-8 actually) to copy filtered resources, i.e. build is platform dependent!
2025-06-23 15:29:17,006 [Worker-118: Building] INFO  o.e.m.c.i.embedder.EclipseLogger - Copying 22 resources
2025-06-23 15:29:17,007 [Worker-118: Building] WARN  o.e.m.c.i.embedder.EclipseLogger - Using platform encoding (UTF-8 actually) to copy filtered resources, i.e. build is platform dependent!
2025-06-23 15:29:17,007 [Worker-118: Building] INFO  o.e.m.c.i.embedder.EclipseLogger - Copying 0 resource
2025-06-23 15:29:42,594 [Worker-120: Building] WARN  o.e.m.c.i.embedder.EclipseLogger - Using platform encoding (UTF-8 actually) to copy filtered resources, i.e. build is platform dependent!
2025-06-23 15:29:42,596 [Worker-120: Building] INFO  o.e.m.c.i.embedder.EclipseLogger - Copying 22 resources
2025-06-23 15:29:42,597 [Worker-120: Building] WARN  o.e.m.c.i.embedder.EclipseLogger - Using platform encoding (UTF-8 actually) to copy filtered resources, i.e. build is platform dependent!
2025-06-23 15:29:42,597 [Worker-120: Building] INFO  o.e.m.c.i.embedder.EclipseLogger - Copying 0 resource
2025-06-23 15:31:37,062 [Worker-119: Building] WARN  o.e.m.c.i.embedder.EclipseLogger - Using platform encoding (UTF-8 actually) to copy filtered resources, i.e. build is platform dependent!
2025-06-23 15:31:37,065 [Worker-119: Building] INFO  o.e.m.c.i.embedder.EclipseLogger - Copying 22 resources
2025-06-23 15:31:37,067 [Worker-119: Building] WARN  o.e.m.c.i.embedder.EclipseLogger - Using platform encoding (UTF-8 actually) to copy filtered resources, i.e. build is platform dependent!
2025-06-23 15:31:37,068 [Worker-119: Building] INFO  o.e.m.c.i.embedder.EclipseLogger - Copying 0 resource
2025-06-23 15:33:21,827 [Worker-118: Building] WARN  o.e.m.c.i.embedder.EclipseLogger - Using platform encoding (UTF-8 actually) to copy filtered resources, i.e. build is platform dependent!
2025-06-23 15:33:21,828 [Worker-118: Building] INFO  o.e.m.c.i.embedder.EclipseLogger - Copying 0 resource
2025-06-23 15:33:21,829 [Worker-118: Building] WARN  o.e.m.c.i.embedder.EclipseLogger - Using platform encoding (UTF-8 actually) to copy filtered resources, i.e. build is platform dependent!
2025-06-23 15:33:21,830 [Worker-118: Building] INFO  o.e.m.c.i.embedder.EclipseLogger - Copying 0 resource
2025-06-23 15:34:37,522 [Worker-124: Building] WARN  o.e.m.c.i.embedder.EclipseLogger - Using platform encoding (UTF-8 actually) to copy filtered resources, i.e. build is platform dependent!
2025-06-23 15:34:37,522 [Worker-124: Building] INFO  o.e.m.c.i.embedder.EclipseLogger - Copying 0 resource
2025-06-23 15:34:37,524 [Worker-124: Building] WARN  o.e.m.c.i.embedder.EclipseLogger - Using platform encoding (UTF-8 actually) to copy filtered resources, i.e. build is platform dependent!
2025-06-23 15:34:37,525 [Worker-124: Building] INFO  o.e.m.c.i.embedder.EclipseLogger - Copying 0 resource
2025-06-23 15:35:13,058 [Worker-126: Building] WARN  o.e.m.c.i.embedder.EclipseLogger - Using platform encoding (UTF-8 actually) to copy filtered resources, i.e. build is platform dependent!
2025-06-23 15:35:13,059 [Worker-126: Building] INFO  o.e.m.c.i.embedder.EclipseLogger - Copying 0 resource
2025-06-23 15:35:13,060 [Worker-126: Building] WARN  o.e.m.c.i.embedder.EclipseLogger - Using platform encoding (UTF-8 actually) to copy filtered resources, i.e. build is platform dependent!
2025-06-23 15:35:13,060 [Worker-126: Building] INFO  o.e.m.c.i.embedder.EclipseLogger - Copying 0 resource
2025-06-23 16:02:19,778 [Worker-134: Building] WARN  o.e.m.c.i.embedder.EclipseLogger - Using platform encoding (UTF-8 actually) to copy filtered resources, i.e. build is platform dependent!
2025-06-23 16:02:19,779 [Worker-134: Building] INFO  o.e.m.c.i.embedder.EclipseLogger - Copying 0 resource
2025-06-23 16:02:19,779 [Worker-134: Building] WARN  o.e.m.c.i.embedder.EclipseLogger - Using platform encoding (UTF-8 actually) to copy filtered resources, i.e. build is platform dependent!
2025-06-23 16:02:19,780 [Worker-134: Building] INFO  o.e.m.c.i.embedder.EclipseLogger - Copying 0 resource
2025-06-23 16:02:25,002 [Worker-130: Building] WARN  o.e.m.c.i.embedder.EclipseLogger - Using platform encoding (UTF-8 actually) to copy filtered resources, i.e. build is platform dependent!
2025-06-23 16:02:25,004 [Worker-130: Building] INFO  o.e.m.c.i.embedder.EclipseLogger - Copying 0 resource
2025-06-23 16:02:25,005 [Worker-130: Building] WARN  o.e.m.c.i.embedder.EclipseLogger - Using platform encoding (UTF-8 actually) to copy filtered resources, i.e. build is platform dependent!
2025-06-23 16:02:25,005 [Worker-130: Building] INFO  o.e.m.c.i.embedder.EclipseLogger - Copying 0 resource
2025-06-23 16:03:39,050 [Worker-137: Building] WARN  o.e.m.c.i.embedder.EclipseLogger - Using platform encoding (UTF-8 actually) to copy filtered resources, i.e. build is platform dependent!
2025-06-23 16:03:39,051 [Worker-137: Building] INFO  o.e.m.c.i.embedder.EclipseLogger - Copying 0 resource
2025-06-23 16:03:39,051 [Worker-137: Building] WARN  o.e.m.c.i.embedder.EclipseLogger - Using platform encoding (UTF-8 actually) to copy filtered resources, i.e. build is platform dependent!
2025-06-23 16:03:39,052 [Worker-137: Building] INFO  o.e.m.c.i.embedder.EclipseLogger - Copying 0 resource
2025-06-23 16:04:52,388 [Worker-138: Building] WARN  o.e.m.c.i.embedder.EclipseLogger - Using platform encoding (UTF-8 actually) to copy filtered resources, i.e. build is platform dependent!
2025-06-23 16:04:52,389 [Worker-138: Building] INFO  o.e.m.c.i.embedder.EclipseLogger - Copying 0 resource
2025-06-23 16:04:52,389 [Worker-138: Building] WARN  o.e.m.c.i.embedder.EclipseLogger - Using platform encoding (UTF-8 actually) to copy filtered resources, i.e. build is platform dependent!
2025-06-23 16:04:52,389 [Worker-138: Building] INFO  o.e.m.c.i.embedder.EclipseLogger - Copying 0 resource
2025-06-23 16:06:49,071 [Worker-138: Building] WARN  o.e.m.c.i.embedder.EclipseLogger - Using platform encoding (UTF-8 actually) to copy filtered resources, i.e. build is platform dependent!
2025-06-23 16:06:49,072 [Worker-138: Building] INFO  o.e.m.c.i.embedder.EclipseLogger - Copying 0 resource
2025-06-23 16:06:49,073 [Worker-138: Building] WARN  o.e.m.c.i.embedder.EclipseLogger - Using platform encoding (UTF-8 actually) to copy filtered resources, i.e. build is platform dependent!
2025-06-23 16:06:49,073 [Worker-138: Building] INFO  o.e.m.c.i.embedder.EclipseLogger - Copying 0 resource
2025-06-23 16:08:47,156 [Worker-144: Building] WARN  o.e.m.c.i.embedder.EclipseLogger - Using platform encoding (UTF-8 actually) to copy filtered resources, i.e. build is platform dependent!
2025-06-23 16:08:47,157 [Worker-144: Building] INFO  o.e.m.c.i.embedder.EclipseLogger - Copying 0 resource
2025-06-23 16:08:47,157 [Worker-144: Building] WARN  o.e.m.c.i.embedder.EclipseLogger - Using platform encoding (UTF-8 actually) to copy filtered resources, i.e. build is platform dependent!
2025-06-23 16:08:47,157 [Worker-144: Building] INFO  o.e.m.c.i.embedder.EclipseLogger - Copying 0 resource
2025-06-23 16:09:12,367 [Worker-143: Building] WARN  o.e.m.c.i.embedder.EclipseLogger - Using platform encoding (UTF-8 actually) to copy filtered resources, i.e. build is platform dependent!
2025-06-23 16:09:12,368 [Worker-143: Building] INFO  o.e.m.c.i.embedder.EclipseLogger - Copying 0 resource
2025-06-23 16:09:12,369 [Worker-143: Building] WARN  o.e.m.c.i.embedder.EclipseLogger - Using platform encoding (UTF-8 actually) to copy filtered resources, i.e. build is platform dependent!
2025-06-23 16:09:12,370 [Worker-143: Building] INFO  o.e.m.c.i.embedder.EclipseLogger - Copying 0 resource
2025-06-23 16:09:27,313 [Worker-138: Building] WARN  o.e.m.c.i.embedder.EclipseLogger - Using platform encoding (UTF-8 actually) to copy filtered resources, i.e. build is platform dependent!
2025-06-23 16:09:27,314 [Worker-138: Building] INFO  o.e.m.c.i.embedder.EclipseLogger - Copying 0 resource
2025-06-23 16:09:27,314 [Worker-138: Building] WARN  o.e.m.c.i.embedder.EclipseLogger - Using platform encoding (UTF-8 actually) to copy filtered resources, i.e. build is platform dependent!
2025-06-23 16:09:27,315 [Worker-138: Building] INFO  o.e.m.c.i.embedder.EclipseLogger - Copying 0 resource
2025-06-23 16:12:05,513 [Worker-147: Building] WARN  o.e.m.c.i.embedder.EclipseLogger - Using platform encoding (UTF-8 actually) to copy filtered resources, i.e. build is platform dependent!
2025-06-23 16:12:05,515 [Worker-147: Building] INFO  o.e.m.c.i.embedder.EclipseLogger - Copying 22 resources
2025-06-23 16:12:05,516 [Worker-147: Building] WARN  o.e.m.c.i.embedder.EclipseLogger - Using platform encoding (UTF-8 actually) to copy filtered resources, i.e. build is platform dependent!
2025-06-23 16:12:05,517 [Worker-147: Building] INFO  o.e.m.c.i.embedder.EclipseLogger - Copying 0 resource
2025-06-23 16:15:29,754 [Worker-122: Building] WARN  o.e.m.c.i.embedder.EclipseLogger - Using platform encoding (UTF-8 actually) to copy filtered resources, i.e. build is platform dependent!
2025-06-23 16:15:29,756 [Worker-122: Building] INFO  o.e.m.c.i.embedder.EclipseLogger - Copying 22 resources
2025-06-23 16:15:29,757 [Worker-122: Building] WARN  o.e.m.c.i.embedder.EclipseLogger - Using platform encoding (UTF-8 actually) to copy filtered resources, i.e. build is platform dependent!
2025-06-23 16:15:29,758 [Worker-122: Building] INFO  o.e.m.c.i.embedder.EclipseLogger - Copying 0 resource
2025-06-23 16:22:02,075 [Worker-144: Building] WARN  o.e.m.c.i.embedder.EclipseLogger - Using platform encoding (UTF-8 actually) to copy filtered resources, i.e. build is platform dependent!
2025-06-23 16:22:02,077 [Worker-144: Building] INFO  o.e.m.c.i.embedder.EclipseLogger - Copying 22 resources
2025-06-23 16:22:02,079 [Worker-144: Building] WARN  o.e.m.c.i.embedder.EclipseLogger - Using platform encoding (UTF-8 actually) to copy filtered resources, i.e. build is platform dependent!
2025-06-23 16:22:02,079 [Worker-144: Building] INFO  o.e.m.c.i.embedder.EclipseLogger - Copying 0 resource
2025-06-23 16:22:48,186 [Worker-151: Building] WARN  o.e.m.c.i.embedder.EclipseLogger - Using platform encoding (UTF-8 actually) to copy filtered resources, i.e. build is platform dependent!
2025-06-23 16:22:48,187 [Worker-151: Building] INFO  o.e.m.c.i.embedder.EclipseLogger - Copying 22 resources
2025-06-23 16:22:48,189 [Worker-151: Building] WARN  o.e.m.c.i.embedder.EclipseLogger - Using platform encoding (UTF-8 actually) to copy filtered resources, i.e. build is platform dependent!
2025-06-23 16:22:48,189 [Worker-151: Building] INFO  o.e.m.c.i.embedder.EclipseLogger - Copying 0 resource
2025-06-23 16:23:34,574 [Worker-157: Building] WARN  o.e.m.c.i.embedder.EclipseLogger - Using platform encoding (UTF-8 actually) to copy filtered resources, i.e. build is platform dependent!
2025-06-23 16:23:34,575 [Worker-157: Building] INFO  o.e.m.c.i.embedder.EclipseLogger - Copying 0 resource
2025-06-23 16:23:34,577 [Worker-157: Building] WARN  o.e.m.c.i.embedder.EclipseLogger - Using platform encoding (UTF-8 actually) to copy filtered resources, i.e. build is platform dependent!
2025-06-23 16:23:34,577 [Worker-157: Building] INFO  o.e.m.c.i.embedder.EclipseLogger - Copying 0 resource
2025-06-23 16:23:38,860 [Worker-122: Building] WARN  o.e.m.c.i.embedder.EclipseLogger - Using platform encoding (UTF-8 actually) to copy filtered resources, i.e. build is platform dependent!
2025-06-23 16:23:38,861 [Worker-122: Building] INFO  o.e.m.c.i.embedder.EclipseLogger - Copying 0 resource
2025-06-23 16:23:38,862 [Worker-122: Building] WARN  o.e.m.c.i.embedder.EclipseLogger - Using platform encoding (UTF-8 actually) to copy filtered resources, i.e. build is platform dependent!
2025-06-23 16:23:38,862 [Worker-122: Building] INFO  o.e.m.c.i.embedder.EclipseLogger - Copying 0 resource
2025-06-23 16:23:52,183 [Worker-144: Building] WARN  o.e.m.c.i.embedder.EclipseLogger - Using platform encoding (UTF-8 actually) to copy filtered resources, i.e. build is platform dependent!
2025-06-23 16:23:52,183 [Worker-144: Building] INFO  o.e.m.c.i.embedder.EclipseLogger - Copying 0 resource
2025-06-23 16:23:52,184 [Worker-144: Building] WARN  o.e.m.c.i.embedder.EclipseLogger - Using platform encoding (UTF-8 actually) to copy filtered resources, i.e. build is platform dependent!
2025-06-23 16:23:52,184 [Worker-144: Building] INFO  o.e.m.c.i.embedder.EclipseLogger - Copying 0 resource
2025-06-23 16:24:13,147 [Worker-152: Building] WARN  o.e.m.c.i.embedder.EclipseLogger - Using platform encoding (UTF-8 actually) to copy filtered resources, i.e. build is platform dependent!
2025-06-23 16:24:13,147 [Worker-152: Building] INFO  o.e.m.c.i.embedder.EclipseLogger - Copying 0 resource
2025-06-23 16:24:13,148 [Worker-152: Building] WARN  o.e.m.c.i.embedder.EclipseLogger - Using platform encoding (UTF-8 actually) to copy filtered resources, i.e. build is platform dependent!
2025-06-23 16:24:13,148 [Worker-152: Building] INFO  o.e.m.c.i.embedder.EclipseLogger - Copying 0 resource
2025-06-23 16:25:44,763 [Worker-157: Building] WARN  o.e.m.c.i.embedder.EclipseLogger - Using platform encoding (UTF-8 actually) to copy filtered resources, i.e. build is platform dependent!
2025-06-23 16:25:44,764 [Worker-157: Building] INFO  o.e.m.c.i.embedder.EclipseLogger - Copying 0 resource
2025-06-23 16:25:44,764 [Worker-157: Building] WARN  o.e.m.c.i.embedder.EclipseLogger - Using platform encoding (UTF-8 actually) to copy filtered resources, i.e. build is platform dependent!
2025-06-23 16:25:44,765 [Worker-157: Building] INFO  o.e.m.c.i.embedder.EclipseLogger - Copying 0 resource
2025-06-23 16:26:17,191 [Worker-153: Building] WARN  o.e.m.c.i.embedder.EclipseLogger - Using platform encoding (UTF-8 actually) to copy filtered resources, i.e. build is platform dependent!
2025-06-23 16:26:17,193 [Worker-153: Building] INFO  o.e.m.c.i.embedder.EclipseLogger - Copying 0 resource
2025-06-23 16:26:17,193 [Worker-153: Building] WARN  o.e.m.c.i.embedder.EclipseLogger - Using platform encoding (UTF-8 actually) to copy filtered resources, i.e. build is platform dependent!
2025-06-23 16:26:17,194 [Worker-153: Building] INFO  o.e.m.c.i.embedder.EclipseLogger - Copying 0 resource
2025-06-23 16:26:31,999 [Worker-152: Building] WARN  o.e.m.c.i.embedder.EclipseLogger - Using platform encoding (UTF-8 actually) to copy filtered resources, i.e. build is platform dependent!
2025-06-23 16:26:31,999 [Worker-152: Building] INFO  o.e.m.c.i.embedder.EclipseLogger - Copying 0 resource
2025-06-23 16:26:32,000 [Worker-152: Building] WARN  o.e.m.c.i.embedder.EclipseLogger - Using platform encoding (UTF-8 actually) to copy filtered resources, i.e. build is platform dependent!
2025-06-23 16:26:32,000 [Worker-152: Building] INFO  o.e.m.c.i.embedder.EclipseLogger - Copying 0 resource
2025-06-23 16:28:45,983 [Worker-153: Building] WARN  o.e.m.c.i.embedder.EclipseLogger - Using platform encoding (UTF-8 actually) to copy filtered resources, i.e. build is platform dependent!
2025-06-23 16:28:45,983 [Worker-153: Building] INFO  o.e.m.c.i.embedder.EclipseLogger - Copying 0 resource
2025-06-23 16:28:45,984 [Worker-153: Building] WARN  o.e.m.c.i.embedder.EclipseLogger - Using platform encoding (UTF-8 actually) to copy filtered resources, i.e. build is platform dependent!
2025-06-23 16:28:45,984 [Worker-153: Building] INFO  o.e.m.c.i.embedder.EclipseLogger - Copying 0 resource
2025-06-23 16:29:42,558 [Worker-148: Building] WARN  o.e.m.c.i.embedder.EclipseLogger - Using platform encoding (UTF-8 actually) to copy filtered resources, i.e. build is platform dependent!
2025-06-23 16:29:42,558 [Worker-148: Building] INFO  o.e.m.c.i.embedder.EclipseLogger - Copying 0 resource
2025-06-23 16:29:42,559 [Worker-148: Building] WARN  o.e.m.c.i.embedder.EclipseLogger - Using platform encoding (UTF-8 actually) to copy filtered resources, i.e. build is platform dependent!
2025-06-23 16:29:42,559 [Worker-148: Building] INFO  o.e.m.c.i.embedder.EclipseLogger - Copying 0 resource
2025-06-23 16:31:59,787 [Worker-148: Building] WARN  o.e.m.c.i.embedder.EclipseLogger - Using platform encoding (UTF-8 actually) to copy filtered resources, i.e. build is platform dependent!
2025-06-23 16:31:59,788 [Worker-148: Building] INFO  o.e.m.c.i.embedder.EclipseLogger - Copying 0 resource
2025-06-23 16:31:59,789 [Worker-148: Building] WARN  o.e.m.c.i.embedder.EclipseLogger - Using platform encoding (UTF-8 actually) to copy filtered resources, i.e. build is platform dependent!
2025-06-23 16:31:59,789 [Worker-148: Building] INFO  o.e.m.c.i.embedder.EclipseLogger - Copying 0 resource
2025-06-23 16:33:29,164 [Worker-148: Building] WARN  o.e.m.c.i.embedder.EclipseLogger - Using platform encoding (UTF-8 actually) to copy filtered resources, i.e. build is platform dependent!
2025-06-23 16:33:29,164 [Worker-148: Building] INFO  o.e.m.c.i.embedder.EclipseLogger - Copying 0 resource
2025-06-23 16:33:29,165 [Worker-148: Building] WARN  o.e.m.c.i.embedder.EclipseLogger - Using platform encoding (UTF-8 actually) to copy filtered resources, i.e. build is platform dependent!
2025-06-23 16:33:29,165 [Worker-148: Building] INFO  o.e.m.c.i.embedder.EclipseLogger - Copying 0 resource
2025-06-23 16:34:26,389 [Worker-161: Building] WARN  o.e.m.c.i.embedder.EclipseLogger - Using platform encoding (UTF-8 actually) to copy filtered resources, i.e. build is platform dependent!
2025-06-23 16:34:26,389 [Worker-161: Building] INFO  o.e.m.c.i.embedder.EclipseLogger - Copying 0 resource
2025-06-23 16:34:26,391 [Worker-161: Building] WARN  o.e.m.c.i.embedder.EclipseLogger - Using platform encoding (UTF-8 actually) to copy filtered resources, i.e. build is platform dependent!
2025-06-23 16:34:26,391 [Worker-161: Building] INFO  o.e.m.c.i.embedder.EclipseLogger - Copying 0 resource
2025-06-23 16:36:21,454 [Worker-161: Building] WARN  o.e.m.c.i.embedder.EclipseLogger - Using platform encoding (UTF-8 actually) to copy filtered resources, i.e. build is platform dependent!
2025-06-23 16:36:21,455 [Worker-161: Building] INFO  o.e.m.c.i.embedder.EclipseLogger - Copying 0 resource
2025-06-23 16:36:21,455 [Worker-161: Building] WARN  o.e.m.c.i.embedder.EclipseLogger - Using platform encoding (UTF-8 actually) to copy filtered resources, i.e. build is platform dependent!
2025-06-23 16:36:21,457 [Worker-161: Building] INFO  o.e.m.c.i.embedder.EclipseLogger - Copying 0 resource
2025-06-23 16:36:31,354 [Worker-148: Building] WARN  o.e.m.c.i.embedder.EclipseLogger - Using platform encoding (UTF-8 actually) to copy filtered resources, i.e. build is platform dependent!
2025-06-23 16:36:31,356 [Worker-148: Building] INFO  o.e.m.c.i.embedder.EclipseLogger - Copying 0 resource
2025-06-23 16:36:31,356 [Worker-148: Building] WARN  o.e.m.c.i.embedder.EclipseLogger - Using platform encoding (UTF-8 actually) to copy filtered resources, i.e. build is platform dependent!
2025-06-23 16:36:31,357 [Worker-148: Building] INFO  o.e.m.c.i.embedder.EclipseLogger - Copying 0 resource
2025-06-23 16:36:54,570 [Worker-162: Building] WARN  o.e.m.c.i.embedder.EclipseLogger - Using platform encoding (UTF-8 actually) to copy filtered resources, i.e. build is platform dependent!
2025-06-23 16:36:54,570 [Worker-162: Building] INFO  o.e.m.c.i.embedder.EclipseLogger - Copying 0 resource
2025-06-23 16:36:54,572 [Worker-162: Building] WARN  o.e.m.c.i.embedder.EclipseLogger - Using platform encoding (UTF-8 actually) to copy filtered resources, i.e. build is platform dependent!
2025-06-23 16:36:54,572 [Worker-162: Building] INFO  o.e.m.c.i.embedder.EclipseLogger - Copying 0 resource
2025-06-23 16:38:54,227 [Worker-163: Building] WARN  o.e.m.c.i.embedder.EclipseLogger - Using platform encoding (UTF-8 actually) to copy filtered resources, i.e. build is platform dependent!
2025-06-23 16:38:54,228 [Worker-163: Building] INFO  o.e.m.c.i.embedder.EclipseLogger - Copying 0 resource
2025-06-23 16:38:54,228 [Worker-163: Building] WARN  o.e.m.c.i.embedder.EclipseLogger - Using platform encoding (UTF-8 actually) to copy filtered resources, i.e. build is platform dependent!
2025-06-23 16:38:54,229 [Worker-163: Building] INFO  o.e.m.c.i.embedder.EclipseLogger - Copying 0 resource
2025-06-23 16:39:15,600 [Worker-159: Building] WARN  o.e.m.c.i.embedder.EclipseLogger - Using platform encoding (UTF-8 actually) to copy filtered resources, i.e. build is platform dependent!
2025-06-23 16:39:15,601 [Worker-159: Building] INFO  o.e.m.c.i.embedder.EclipseLogger - Copying 0 resource
2025-06-23 16:39:15,602 [Worker-159: Building] WARN  o.e.m.c.i.embedder.EclipseLogger - Using platform encoding (UTF-8 actually) to copy filtered resources, i.e. build is platform dependent!
2025-06-23 16:39:15,603 [Worker-159: Building] INFO  o.e.m.c.i.embedder.EclipseLogger - Copying 0 resource
2025-06-23 16:40:10,622 [Worker-160: Building] WARN  o.e.m.c.i.embedder.EclipseLogger - Using platform encoding (UTF-8 actually) to copy filtered resources, i.e. build is platform dependent!
2025-06-23 16:40:10,624 [Worker-160: Building] INFO  o.e.m.c.i.embedder.EclipseLogger - Copying 22 resources
2025-06-23 16:40:10,625 [Worker-160: Building] WARN  o.e.m.c.i.embedder.EclipseLogger - Using platform encoding (UTF-8 actually) to copy filtered resources, i.e. build is platform dependent!
2025-06-23 16:40:10,626 [Worker-160: Building] INFO  o.e.m.c.i.embedder.EclipseLogger - Copying 0 resource
2025-06-23 16:42:59,668 [Worker-163: Building] WARN  o.e.m.c.i.embedder.EclipseLogger - Using platform encoding (UTF-8 actually) to copy filtered resources, i.e. build is platform dependent!
2025-06-23 16:42:59,670 [Worker-163: Building] INFO  o.e.m.c.i.embedder.EclipseLogger - Copying 22 resources
2025-06-23 16:42:59,672 [Worker-163: Building] WARN  o.e.m.c.i.embedder.EclipseLogger - Using platform encoding (UTF-8 actually) to copy filtered resources, i.e. build is platform dependent!
2025-06-23 16:42:59,673 [Worker-163: Building] INFO  o.e.m.c.i.embedder.EclipseLogger - Copying 0 resource
2025-06-23 16:46:03,867 [Worker-160: Building] WARN  o.e.m.c.i.embedder.EclipseLogger - Using platform encoding (UTF-8 actually) to copy filtered resources, i.e. build is platform dependent!
2025-06-23 16:46:03,868 [Worker-160: Building] INFO  o.e.m.c.i.embedder.EclipseLogger - Copying 0 resource
2025-06-23 16:46:03,874 [Worker-160: Building] WARN  o.e.m.c.i.embedder.EclipseLogger - Using platform encoding (UTF-8 actually) to copy filtered resources, i.e. build is platform dependent!
2025-06-23 16:46:03,875 [Worker-160: Building] INFO  o.e.m.c.i.embedder.EclipseLogger - Copying 0 resource
