!SESSION 2025-06-25 08:44:09.347 -----------------------------------------------
eclipse.buildId=4.19.0.I20210303-1800
java.version=11.0.27
java.vendor=Azul Systems, Inc.
BootLoader constants: OS=win32, ARCH=x86_64, WS=win32, NL=ko_KR
Framework arguments:  -product org.eclipse.epp.package.jee.product
Command-line arguments:  -os win32 -ws win32 -arch x86_64 -product org.eclipse.epp.package.jee.product

This is a continuation of log file C:\Work\07_Mapper\.metadata\.bak_3.log
Created Time: 2025-06-25 19:07:55.255

!ENTRY org.springframework.tooling.ls.eclipse.commons 1 0 2025-06-25 19:07:55.256
!MESSAGE SpringBootLanguageServer exists!

!ENTRY org.springframework.tooling.ls.eclipse.commons 1 0 2025-06-25 19:07:55.256
!MESSAGE Entering DelegatingStreamConnectionProvider()

!ENTRY org.eclipse.lsp4e 4 0 2025-06-25 19:07:55.258
!MESSAGE org.eclipse.lsp4j.jsonrpc.JsonRpcException: java.io.IOException: 파이프가 닫히는 중입니다
!STACK 0
java.util.concurrent.ExecutionException: org.eclipse.lsp4j.jsonrpc.JsonRpcException: java.io.IOException: 파이프가 닫히는 중입니다
	at java.base/java.util.concurrent.CompletableFuture.reportGet(CompletableFuture.java:395)
	at java.base/java.util.concurrent.CompletableFuture.get(CompletableFuture.java:2028)
	at org.eclipse.lsp4e.LanguageServerWrapper.lambda$13(LanguageServerWrapper.java:425)
	at java.base/java.util.concurrent.CompletableFuture$AsyncRun.run(CompletableFuture.java:1736)
	at java.base/java.util.concurrent.CompletableFuture$AsyncRun.exec(CompletableFuture.java:1728)
	at java.base/java.util.concurrent.ForkJoinTask.doExec(ForkJoinTask.java:290)
	at java.base/java.util.concurrent.ForkJoinPool$WorkQueue.topLevelExec(ForkJoinPool.java:1020)
	at java.base/java.util.concurrent.ForkJoinPool.scan(ForkJoinPool.java:1656)
	at java.base/java.util.concurrent.ForkJoinPool.runWorker(ForkJoinPool.java:1594)
	at java.base/java.util.concurrent.ForkJoinWorkerThread.run(ForkJoinWorkerThread.java:183)
Caused by: org.eclipse.lsp4j.jsonrpc.JsonRpcException: java.io.IOException: 파이프가 닫히는 중입니다
	at org.eclipse.lsp4j.jsonrpc.json.StreamMessageConsumer.consume(StreamMessageConsumer.java:72)
	at org.eclipse.lsp4e.LanguageServerWrapper.lambda$4(LanguageServerWrapper.java:260)
	at org.eclipse.lsp4j.jsonrpc.RemoteEndpoint.request(RemoteEndpoint.java:161)
	at org.eclipse.lsp4j.jsonrpc.services.EndpointProxy.invoke(EndpointProxy.java:91)
	at com.sun.proxy.$Proxy49.shutdown(Unknown Source)
	at org.eclipse.lsp4e.LanguageServerWrapper.lambda$13(LanguageServerWrapper.java:423)
	... 7 more
Caused by: java.io.IOException: 파이프가 닫히는 중입니다
	at java.base/java.io.FileOutputStream.writeBytes(Native Method)
	at java.base/java.io.FileOutputStream.write(FileOutputStream.java:354)
	at java.base/java.io.BufferedOutputStream.flushBuffer(BufferedOutputStream.java:81)
	at java.base/java.io.BufferedOutputStream.flush(BufferedOutputStream.java:142)
	at org.eclipse.lsp4j.jsonrpc.json.StreamMessageConsumer.consume(StreamMessageConsumer.java:69)
	... 12 more

!ENTRY org.eclipse.lsp4e 4 0 2025-06-25 19:07:55.258
!MESSAGE org.eclipse.lsp4j.jsonrpc.JsonRpcException: java.io.IOException: 파이프가 닫히는 중입니다
!STACK 0
java.util.concurrent.ExecutionException: org.eclipse.lsp4j.jsonrpc.JsonRpcException: java.io.IOException: 파이프가 닫히는 중입니다
	at java.base/java.util.concurrent.CompletableFuture.reportGet(CompletableFuture.java:395)
	at java.base/java.util.concurrent.CompletableFuture.get(CompletableFuture.java:2028)
	at org.eclipse.lsp4e.LanguageServerWrapper.lambda$13(LanguageServerWrapper.java:425)
	at java.base/java.util.concurrent.CompletableFuture$AsyncRun.run(CompletableFuture.java:1736)
	at java.base/java.util.concurrent.CompletableFuture$AsyncRun.exec(CompletableFuture.java:1728)
	at java.base/java.util.concurrent.ForkJoinTask.doExec(ForkJoinTask.java:290)
	at java.base/java.util.concurrent.ForkJoinPool$WorkQueue.topLevelExec(ForkJoinPool.java:1020)
	at java.base/java.util.concurrent.ForkJoinPool.scan(ForkJoinPool.java:1656)
	at java.base/java.util.concurrent.ForkJoinPool.runWorker(ForkJoinPool.java:1594)
	at java.base/java.util.concurrent.ForkJoinWorkerThread.run(ForkJoinWorkerThread.java:183)
Caused by: org.eclipse.lsp4j.jsonrpc.JsonRpcException: java.io.IOException: 파이프가 닫히는 중입니다
	at org.eclipse.lsp4j.jsonrpc.json.StreamMessageConsumer.consume(StreamMessageConsumer.java:72)
	at org.eclipse.lsp4e.LanguageServerWrapper.lambda$4(LanguageServerWrapper.java:260)
	at org.eclipse.lsp4j.jsonrpc.RemoteEndpoint.request(RemoteEndpoint.java:161)
	at org.eclipse.lsp4j.jsonrpc.services.EndpointProxy.invoke(EndpointProxy.java:91)
	at com.sun.proxy.$Proxy49.shutdown(Unknown Source)
	at org.eclipse.lsp4e.LanguageServerWrapper.lambda$13(LanguageServerWrapper.java:423)
	... 7 more
Caused by: java.io.IOException: 파이프가 닫히는 중입니다
	at java.base/java.io.FileOutputStream.writeBytes(Native Method)
	at java.base/java.io.FileOutputStream.write(FileOutputStream.java:354)
	at java.base/java.io.BufferedOutputStream.flushBuffer(BufferedOutputStream.java:81)
	at java.base/java.io.BufferedOutputStream.flush(BufferedOutputStream.java:142)
	at org.eclipse.lsp4j.jsonrpc.json.StreamMessageConsumer.consume(StreamMessageConsumer.java:69)
	... 12 more

!ENTRY org.springframework.tooling.ls.eclipse.commons 1 0 2025-06-25 19:07:55.258
!MESSAGE Entering DelegatingStreamConnectionProvider()

!ENTRY org.eclipse.lsp4e 4 0 2025-06-25 19:07:55.259
!MESSAGE org.eclipse.lsp4j.jsonrpc.JsonRpcException: java.io.IOException: 파이프가 닫히는 중입니다
!STACK 0
java.util.concurrent.ExecutionException: org.eclipse.lsp4j.jsonrpc.JsonRpcException: java.io.IOException: 파이프가 닫히는 중입니다
	at java.base/java.util.concurrent.CompletableFuture.reportGet(CompletableFuture.java:395)
	at java.base/java.util.concurrent.CompletableFuture.get(CompletableFuture.java:2028)
	at org.eclipse.lsp4e.LanguageServerWrapper.lambda$13(LanguageServerWrapper.java:425)
	at java.base/java.util.concurrent.CompletableFuture$AsyncRun.run(CompletableFuture.java:1736)
	at java.base/java.util.concurrent.CompletableFuture$AsyncRun.exec(CompletableFuture.java:1728)
	at java.base/java.util.concurrent.ForkJoinTask.doExec(ForkJoinTask.java:290)
	at java.base/java.util.concurrent.ForkJoinPool$WorkQueue.topLevelExec(ForkJoinPool.java:1020)
	at java.base/java.util.concurrent.ForkJoinPool.scan(ForkJoinPool.java:1656)
	at java.base/java.util.concurrent.ForkJoinPool.runWorker(ForkJoinPool.java:1594)
	at java.base/java.util.concurrent.ForkJoinWorkerThread.run(ForkJoinWorkerThread.java:183)
Caused by: org.eclipse.lsp4j.jsonrpc.JsonRpcException: java.io.IOException: 파이프가 닫히는 중입니다
	at org.eclipse.lsp4j.jsonrpc.json.StreamMessageConsumer.consume(StreamMessageConsumer.java:72)
	at org.eclipse.lsp4e.LanguageServerWrapper.lambda$4(LanguageServerWrapper.java:260)
	at org.eclipse.lsp4j.jsonrpc.RemoteEndpoint.request(RemoteEndpoint.java:161)
	at org.eclipse.lsp4j.jsonrpc.services.EndpointProxy.invoke(EndpointProxy.java:91)
	at com.sun.proxy.$Proxy49.shutdown(Unknown Source)
	at org.eclipse.lsp4e.LanguageServerWrapper.lambda$13(LanguageServerWrapper.java:423)
	... 7 more
Caused by: java.io.IOException: 파이프가 닫히는 중입니다
	at java.base/java.io.FileOutputStream.writeBytes(Native Method)
	at java.base/java.io.FileOutputStream.write(FileOutputStream.java:354)
	at java.base/java.io.BufferedOutputStream.flushBuffer(BufferedOutputStream.java:81)
	at java.base/java.io.BufferedOutputStream.flush(BufferedOutputStream.java:142)
	at org.eclipse.lsp4j.jsonrpc.json.StreamMessageConsumer.consume(StreamMessageConsumer.java:69)
	... 12 more

!ENTRY org.springframework.tooling.ls.eclipse.commons 1 0 2025-06-25 19:07:55.259
!MESSAGE Entering DelegatingStreamConnectionProvider()

!ENTRY org.springframework.tooling.ls.eclipse.commons 1 0 2025-06-25 19:07:55.259
!MESSAGE DelegatingStreamConnectionProvider classloader = org.eclipse.osgi.internal.loader.EquinoxClassLoader@500e5b3f[org.springframework.tooling.boot.ls:1.28.0.202109130547(id=1001)]

!ENTRY org.springframework.tooling.ls.eclipse.commons 1 0 2025-06-25 19:07:55.260
!MESSAGE SpringBootLanguageServer exists!

!ENTRY org.springframework.tooling.ls.eclipse.commons 1 0 2025-06-25 19:07:55.260
!MESSAGE DelegatingStreamConnectionProvider classloader = org.eclipse.osgi.internal.loader.EquinoxClassLoader@500e5b3f[org.springframework.tooling.boot.ls:1.28.0.202109130547(id=1001)]

!ENTRY org.eclipse.lsp4e 4 0 2025-06-25 19:07:55.260
!MESSAGE org.eclipse.lsp4j.jsonrpc.JsonRpcException: java.io.IOException: 파이프가 닫히는 중입니다
!STACK 0
java.util.concurrent.ExecutionException: org.eclipse.lsp4j.jsonrpc.JsonRpcException: java.io.IOException: 파이프가 닫히는 중입니다
	at java.base/java.util.concurrent.CompletableFuture.reportGet(CompletableFuture.java:395)
	at java.base/java.util.concurrent.CompletableFuture.get(CompletableFuture.java:2028)
	at org.eclipse.lsp4e.LanguageServerWrapper.lambda$13(LanguageServerWrapper.java:425)
	at java.base/java.util.concurrent.CompletableFuture$AsyncRun.run(CompletableFuture.java:1736)
	at java.base/java.util.concurrent.CompletableFuture$AsyncRun.exec(CompletableFuture.java:1728)
	at java.base/java.util.concurrent.ForkJoinTask.doExec(ForkJoinTask.java:290)
	at java.base/java.util.concurrent.ForkJoinPool$WorkQueue.topLevelExec(ForkJoinPool.java:1020)
	at java.base/java.util.concurrent.ForkJoinPool.scan(ForkJoinPool.java:1656)
	at java.base/java.util.concurrent.ForkJoinPool.runWorker(ForkJoinPool.java:1594)
	at java.base/java.util.concurrent.ForkJoinWorkerThread.run(ForkJoinWorkerThread.java:183)
Caused by: org.eclipse.lsp4j.jsonrpc.JsonRpcException: java.io.IOException: 파이프가 닫히는 중입니다
	at org.eclipse.lsp4j.jsonrpc.json.StreamMessageConsumer.consume(StreamMessageConsumer.java:72)
	at org.eclipse.lsp4e.LanguageServerWrapper.lambda$4(LanguageServerWrapper.java:260)
	at org.eclipse.lsp4j.jsonrpc.RemoteEndpoint.request(RemoteEndpoint.java:161)
	at org.eclipse.lsp4j.jsonrpc.services.EndpointProxy.invoke(EndpointProxy.java:91)
	at com.sun.proxy.$Proxy49.shutdown(Unknown Source)
	at org.eclipse.lsp4e.LanguageServerWrapper.lambda$13(LanguageServerWrapper.java:423)
	... 7 more
Caused by: java.io.IOException: 파이프가 닫히는 중입니다
	at java.base/java.io.FileOutputStream.writeBytes(Native Method)
	at java.base/java.io.FileOutputStream.write(FileOutputStream.java:354)
	at java.base/java.io.BufferedOutputStream.flushBuffer(BufferedOutputStream.java:81)
	at java.base/java.io.BufferedOutputStream.flush(BufferedOutputStream.java:142)
	at org.eclipse.lsp4j.jsonrpc.json.StreamMessageConsumer.consume(StreamMessageConsumer.java:69)
	... 12 more

!ENTRY org.eclipse.lsp4e 4 0 2025-06-25 19:07:55.261
!MESSAGE org.eclipse.lsp4j.jsonrpc.JsonRpcException: java.io.IOException: 파이프가 닫히는 중입니다
!STACK 0
java.util.concurrent.ExecutionException: org.eclipse.lsp4j.jsonrpc.JsonRpcException: java.io.IOException: 파이프가 닫히는 중입니다
	at java.base/java.util.concurrent.CompletableFuture.reportGet(CompletableFuture.java:395)
	at java.base/java.util.concurrent.CompletableFuture.get(CompletableFuture.java:2028)
	at org.eclipse.lsp4e.LanguageServerWrapper.lambda$13(LanguageServerWrapper.java:425)
	at java.base/java.util.concurrent.CompletableFuture$AsyncRun.run(CompletableFuture.java:1736)
	at java.base/java.util.concurrent.CompletableFuture$AsyncRun.exec(CompletableFuture.java:1728)
	at java.base/java.util.concurrent.ForkJoinTask.doExec(ForkJoinTask.java:290)
	at java.base/java.util.concurrent.ForkJoinPool$WorkQueue.topLevelExec(ForkJoinPool.java:1020)
	at java.base/java.util.concurrent.ForkJoinPool.scan(ForkJoinPool.java:1656)
	at java.base/java.util.concurrent.ForkJoinPool.runWorker(ForkJoinPool.java:1594)
	at java.base/java.util.concurrent.ForkJoinWorkerThread.run(ForkJoinWorkerThread.java:183)
Caused by: org.eclipse.lsp4j.jsonrpc.JsonRpcException: java.io.IOException: 파이프가 닫히는 중입니다
	at org.eclipse.lsp4j.jsonrpc.json.StreamMessageConsumer.consume(StreamMessageConsumer.java:72)
	at org.eclipse.lsp4e.LanguageServerWrapper.lambda$4(LanguageServerWrapper.java:260)
	at org.eclipse.lsp4j.jsonrpc.RemoteEndpoint.request(RemoteEndpoint.java:161)
	at org.eclipse.lsp4j.jsonrpc.services.EndpointProxy.invoke(EndpointProxy.java:91)
	at com.sun.proxy.$Proxy49.shutdown(Unknown Source)
	at org.eclipse.lsp4e.LanguageServerWrapper.lambda$13(LanguageServerWrapper.java:423)
	... 7 more
Caused by: java.io.IOException: 파이프가 닫히는 중입니다
	at java.base/java.io.FileOutputStream.writeBytes(Native Method)
	at java.base/java.io.FileOutputStream.write(FileOutputStream.java:354)
	at java.base/java.io.BufferedOutputStream.flushBuffer(BufferedOutputStream.java:81)
	at java.base/java.io.BufferedOutputStream.flush(BufferedOutputStream.java:142)
	at org.eclipse.lsp4j.jsonrpc.json.StreamMessageConsumer.consume(StreamMessageConsumer.java:69)
	... 12 more

!ENTRY org.springframework.tooling.ls.eclipse.commons 1 0 2025-06-25 19:07:55.261
!MESSAGE Entering DelegatingStreamConnectionProvider()

!ENTRY org.springframework.tooling.ls.eclipse.commons 1 0 2025-06-25 19:07:55.261
!MESSAGE DelegatingStreamConnectionProvider classloader = org.eclipse.osgi.internal.loader.EquinoxClassLoader@500e5b3f[org.springframework.tooling.boot.ls:1.28.0.202109130547(id=1001)]

!ENTRY org.springframework.tooling.ls.eclipse.commons 1 0 2025-06-25 19:07:55.262
!MESSAGE SpringBootLanguageServer exists!

!ENTRY org.springframework.tooling.ls.eclipse.commons 1 0 2025-06-25 19:07:55.263
!MESSAGE DelegatingStreamConnectionProvider classloader = org.eclipse.osgi.internal.loader.EquinoxClassLoader@500e5b3f[org.springframework.tooling.boot.ls:1.28.0.202109130547(id=1001)]

!ENTRY org.springframework.tooling.ls.eclipse.commons 1 0 2025-06-25 19:07:55.263
!MESSAGE Entering DelegatingStreamConnectionProvider()

!ENTRY org.eclipse.lsp4e 4 0 2025-06-25 19:07:55.263
!MESSAGE org.eclipse.lsp4j.jsonrpc.JsonRpcException: java.io.IOException: 파이프가 닫히는 중입니다
!STACK 0
java.util.concurrent.ExecutionException: org.eclipse.lsp4j.jsonrpc.JsonRpcException: java.io.IOException: 파이프가 닫히는 중입니다
	at java.base/java.util.concurrent.CompletableFuture.reportGet(CompletableFuture.java:395)
	at java.base/java.util.concurrent.CompletableFuture.get(CompletableFuture.java:2028)
	at org.eclipse.lsp4e.LanguageServerWrapper.lambda$13(LanguageServerWrapper.java:425)
	at java.base/java.util.concurrent.CompletableFuture$AsyncRun.run(CompletableFuture.java:1736)
	at java.base/java.util.concurrent.CompletableFuture$AsyncRun.exec(CompletableFuture.java:1728)
	at java.base/java.util.concurrent.ForkJoinTask.doExec(ForkJoinTask.java:290)
	at java.base/java.util.concurrent.ForkJoinPool$WorkQueue.topLevelExec(ForkJoinPool.java:1020)
	at java.base/java.util.concurrent.ForkJoinPool.scan(ForkJoinPool.java:1656)
	at java.base/java.util.concurrent.ForkJoinPool.runWorker(ForkJoinPool.java:1594)
	at java.base/java.util.concurrent.ForkJoinWorkerThread.run(ForkJoinWorkerThread.java:183)
Caused by: org.eclipse.lsp4j.jsonrpc.JsonRpcException: java.io.IOException: 파이프가 닫히는 중입니다
	at org.eclipse.lsp4j.jsonrpc.json.StreamMessageConsumer.consume(StreamMessageConsumer.java:72)
	at org.eclipse.lsp4e.LanguageServerWrapper.lambda$4(LanguageServerWrapper.java:260)
	at org.eclipse.lsp4j.jsonrpc.RemoteEndpoint.request(RemoteEndpoint.java:161)
	at org.eclipse.lsp4j.jsonrpc.services.EndpointProxy.invoke(EndpointProxy.java:91)
	at com.sun.proxy.$Proxy49.shutdown(Unknown Source)
	at org.eclipse.lsp4e.LanguageServerWrapper.lambda$13(LanguageServerWrapper.java:423)
	... 7 more
Caused by: java.io.IOException: 파이프가 닫히는 중입니다
	at java.base/java.io.FileOutputStream.writeBytes(Native Method)
	at java.base/java.io.FileOutputStream.write(FileOutputStream.java:354)
	at java.base/java.io.BufferedOutputStream.flushBuffer(BufferedOutputStream.java:81)
	at java.base/java.io.BufferedOutputStream.flush(BufferedOutputStream.java:142)
	at org.eclipse.lsp4j.jsonrpc.json.StreamMessageConsumer.consume(StreamMessageConsumer.java:69)
	... 12 more

!ENTRY org.springframework.tooling.ls.eclipse.commons 1 0 2025-06-25 19:07:55.264
!MESSAGE SpringBootLanguageServer exists!

!ENTRY org.springframework.tooling.ls.eclipse.commons 1 0 2025-06-25 19:07:55.264
!MESSAGE Entering DelegatingStreamConnectionProvider()

!ENTRY org.springframework.tooling.ls.eclipse.commons 1 0 2025-06-25 19:07:55.264
!MESSAGE DelegatingStreamConnectionProvider classloader = org.eclipse.osgi.internal.loader.EquinoxClassLoader@500e5b3f[org.springframework.tooling.boot.ls:1.28.0.202109130547(id=1001)]

!ENTRY org.springframework.tooling.ls.eclipse.commons 1 0 2025-06-25 19:07:55.264
!MESSAGE SpringBootLanguageServer exists!

!ENTRY org.springframework.tooling.ls.eclipse.commons 1 0 2025-06-25 19:07:55.265
!MESSAGE DelegatingStreamConnectionProvider classloader = org.eclipse.osgi.internal.loader.EquinoxClassLoader@500e5b3f[org.springframework.tooling.boot.ls:1.28.0.202109130547(id=1001)]

!ENTRY org.springframework.tooling.ls.eclipse.commons 1 0 2025-06-25 19:07:55.265
!MESSAGE SpringBootLanguageServer exists!

!ENTRY org.springframework.tooling.ls.eclipse.commons 1 0 2025-06-25 19:07:55.265
!MESSAGE SpringBootLanguageServer exists!

!ENTRY org.eclipse.lsp4e 4 0 2025-06-25 19:07:55.266
!MESSAGE org.eclipse.lsp4j.jsonrpc.JsonRpcException: java.io.IOException: 파이프가 닫히는 중입니다
!STACK 0
java.util.concurrent.ExecutionException: org.eclipse.lsp4j.jsonrpc.JsonRpcException: java.io.IOException: 파이프가 닫히는 중입니다
	at java.base/java.util.concurrent.CompletableFuture.reportGet(CompletableFuture.java:395)
	at java.base/java.util.concurrent.CompletableFuture.get(CompletableFuture.java:2028)
	at org.eclipse.lsp4e.LanguageServerWrapper.lambda$13(LanguageServerWrapper.java:425)
	at java.base/java.util.concurrent.CompletableFuture$AsyncRun.run(CompletableFuture.java:1736)
	at java.base/java.util.concurrent.CompletableFuture$AsyncRun.exec(CompletableFuture.java:1728)
	at java.base/java.util.concurrent.ForkJoinTask.doExec(ForkJoinTask.java:290)
	at java.base/java.util.concurrent.ForkJoinPool$WorkQueue.topLevelExec(ForkJoinPool.java:1020)
	at java.base/java.util.concurrent.ForkJoinPool.scan(ForkJoinPool.java:1656)
	at java.base/java.util.concurrent.ForkJoinPool.runWorker(ForkJoinPool.java:1594)
	at java.base/java.util.concurrent.ForkJoinWorkerThread.run(ForkJoinWorkerThread.java:183)
Caused by: org.eclipse.lsp4j.jsonrpc.JsonRpcException: java.io.IOException: 파이프가 닫히는 중입니다
	at org.eclipse.lsp4j.jsonrpc.json.StreamMessageConsumer.consume(StreamMessageConsumer.java:72)
	at org.eclipse.lsp4e.LanguageServerWrapper.lambda$4(LanguageServerWrapper.java:260)
	at org.eclipse.lsp4j.jsonrpc.RemoteEndpoint.request(RemoteEndpoint.java:161)
	at org.eclipse.lsp4j.jsonrpc.services.EndpointProxy.invoke(EndpointProxy.java:91)
	at com.sun.proxy.$Proxy49.shutdown(Unknown Source)
	at org.eclipse.lsp4e.LanguageServerWrapper.lambda$13(LanguageServerWrapper.java:423)
	... 7 more
Caused by: java.io.IOException: 파이프가 닫히는 중입니다
	at java.base/java.io.FileOutputStream.writeBytes(Native Method)
	at java.base/java.io.FileOutputStream.write(FileOutputStream.java:354)
	at java.base/java.io.BufferedOutputStream.flushBuffer(BufferedOutputStream.java:81)
	at java.base/java.io.BufferedOutputStream.flush(BufferedOutputStream.java:142)
	at org.eclipse.lsp4j.jsonrpc.json.StreamMessageConsumer.consume(StreamMessageConsumer.java:69)
	... 12 more

!ENTRY org.springframework.tooling.ls.eclipse.commons 1 0 2025-06-25 19:07:55.266
!MESSAGE Entering DelegatingStreamConnectionProvider()

!ENTRY org.springframework.tooling.ls.eclipse.commons 1 0 2025-06-25 19:07:55.266
!MESSAGE DelegatingStreamConnectionProvider classloader = org.eclipse.osgi.internal.loader.EquinoxClassLoader@500e5b3f[org.springframework.tooling.boot.ls:1.28.0.202109130547(id=1001)]

!ENTRY org.springframework.tooling.ls.eclipse.commons 1 0 2025-06-25 19:07:55.267
!MESSAGE SpringBootLanguageServer exists!

!ENTRY org.eclipse.lsp4e 4 0 2025-06-25 19:07:55.267
!MESSAGE org.eclipse.lsp4j.jsonrpc.JsonRpcException: java.io.IOException: 파이프가 닫히는 중입니다
!STACK 0
java.util.concurrent.ExecutionException: org.eclipse.lsp4j.jsonrpc.JsonRpcException: java.io.IOException: 파이프가 닫히는 중입니다
	at java.base/java.util.concurrent.CompletableFuture.reportGet(CompletableFuture.java:395)
	at java.base/java.util.concurrent.CompletableFuture.get(CompletableFuture.java:2028)
	at org.eclipse.lsp4e.LanguageServerWrapper.lambda$13(LanguageServerWrapper.java:425)
	at java.base/java.util.concurrent.CompletableFuture$AsyncRun.run(CompletableFuture.java:1736)
	at java.base/java.util.concurrent.CompletableFuture$AsyncRun.exec(CompletableFuture.java:1728)
	at java.base/java.util.concurrent.ForkJoinTask.doExec(ForkJoinTask.java:290)
	at java.base/java.util.concurrent.ForkJoinPool$WorkQueue.topLevelExec(ForkJoinPool.java:1020)
	at java.base/java.util.concurrent.ForkJoinPool.scan(ForkJoinPool.java:1656)
	at java.base/java.util.concurrent.ForkJoinPool.runWorker(ForkJoinPool.java:1594)
	at java.base/java.util.concurrent.ForkJoinWorkerThread.run(ForkJoinWorkerThread.java:183)
Caused by: org.eclipse.lsp4j.jsonrpc.JsonRpcException: java.io.IOException: 파이프가 닫히는 중입니다
	at org.eclipse.lsp4j.jsonrpc.json.StreamMessageConsumer.consume(StreamMessageConsumer.java:72)
	at org.eclipse.lsp4e.LanguageServerWrapper.lambda$4(LanguageServerWrapper.java:260)
	at org.eclipse.lsp4j.jsonrpc.RemoteEndpoint.request(RemoteEndpoint.java:161)
	at org.eclipse.lsp4j.jsonrpc.services.EndpointProxy.invoke(EndpointProxy.java:91)
	at com.sun.proxy.$Proxy49.shutdown(Unknown Source)
	at org.eclipse.lsp4e.LanguageServerWrapper.lambda$13(LanguageServerWrapper.java:423)
	... 7 more
Caused by: java.io.IOException: 파이프가 닫히는 중입니다
	at java.base/java.io.FileOutputStream.writeBytes(Native Method)
	at java.base/java.io.FileOutputStream.write(FileOutputStream.java:354)
	at java.base/java.io.BufferedOutputStream.flushBuffer(BufferedOutputStream.java:81)
	at java.base/java.io.BufferedOutputStream.flush(BufferedOutputStream.java:142)
	at org.eclipse.lsp4j.jsonrpc.json.StreamMessageConsumer.consume(StreamMessageConsumer.java:69)
	... 12 more

!ENTRY org.springframework.tooling.ls.eclipse.commons 1 0 2025-06-25 19:07:55.268
!MESSAGE Entering DelegatingStreamConnectionProvider()

!ENTRY org.springframework.tooling.ls.eclipse.commons 1 0 2025-06-25 19:07:55.268
!MESSAGE DelegatingStreamConnectionProvider classloader = org.eclipse.osgi.internal.loader.EquinoxClassLoader@500e5b3f[org.springframework.tooling.boot.ls:1.28.0.202109130547(id=1001)]

!ENTRY org.springframework.tooling.ls.eclipse.commons 1 0 2025-06-25 19:07:55.268
!MESSAGE SpringBootLanguageServer exists!

!ENTRY org.eclipse.lsp4e 4 0 2025-06-25 19:07:55.270
!MESSAGE org.eclipse.lsp4j.jsonrpc.JsonRpcException: java.io.IOException: 파이프가 닫히는 중입니다
!STACK 0
java.util.concurrent.ExecutionException: org.eclipse.lsp4j.jsonrpc.JsonRpcException: java.io.IOException: 파이프가 닫히는 중입니다
	at java.base/java.util.concurrent.CompletableFuture.reportGet(CompletableFuture.java:395)
	at java.base/java.util.concurrent.CompletableFuture.get(CompletableFuture.java:2028)
	at org.eclipse.lsp4e.LanguageServerWrapper.lambda$13(LanguageServerWrapper.java:425)
	at java.base/java.util.concurrent.CompletableFuture$AsyncRun.run(CompletableFuture.java:1736)
	at java.base/java.util.concurrent.CompletableFuture$AsyncRun.exec(CompletableFuture.java:1728)
	at java.base/java.util.concurrent.ForkJoinTask.doExec(ForkJoinTask.java:290)
	at java.base/java.util.concurrent.ForkJoinPool$WorkQueue.topLevelExec(ForkJoinPool.java:1020)
	at java.base/java.util.concurrent.ForkJoinPool.scan(ForkJoinPool.java:1656)
	at java.base/java.util.concurrent.ForkJoinPool.runWorker(ForkJoinPool.java:1594)
	at java.base/java.util.concurrent.ForkJoinWorkerThread.run(ForkJoinWorkerThread.java:183)
Caused by: org.eclipse.lsp4j.jsonrpc.JsonRpcException: java.io.IOException: 파이프가 닫히는 중입니다
	at org.eclipse.lsp4j.jsonrpc.json.StreamMessageConsumer.consume(StreamMessageConsumer.java:72)
	at org.eclipse.lsp4e.LanguageServerWrapper.lambda$4(LanguageServerWrapper.java:260)
	at org.eclipse.lsp4j.jsonrpc.RemoteEndpoint.request(RemoteEndpoint.java:161)
	at org.eclipse.lsp4j.jsonrpc.services.EndpointProxy.invoke(EndpointProxy.java:91)
	at com.sun.proxy.$Proxy49.shutdown(Unknown Source)
	at org.eclipse.lsp4e.LanguageServerWrapper.lambda$13(LanguageServerWrapper.java:423)
	... 7 more
Caused by: java.io.IOException: 파이프가 닫히는 중입니다
	at java.base/java.io.FileOutputStream.writeBytes(Native Method)
	at java.base/java.io.FileOutputStream.write(FileOutputStream.java:354)
	at java.base/java.io.BufferedOutputStream.flushBuffer(BufferedOutputStream.java:81)
	at java.base/java.io.BufferedOutputStream.flush(BufferedOutputStream.java:142)
	at org.eclipse.lsp4j.jsonrpc.json.StreamMessageConsumer.consume(StreamMessageConsumer.java:69)
	... 12 more

!ENTRY org.springframework.tooling.ls.eclipse.commons 1 0 2025-06-25 19:07:55.271
!MESSAGE Entering DelegatingStreamConnectionProvider()

!ENTRY org.springframework.tooling.ls.eclipse.commons 1 0 2025-06-25 19:07:55.271
!MESSAGE DelegatingStreamConnectionProvider classloader = org.eclipse.osgi.internal.loader.EquinoxClassLoader@500e5b3f[org.springframework.tooling.boot.ls:1.28.0.202109130547(id=1001)]

!ENTRY org.springframework.tooling.ls.eclipse.commons 1 0 2025-06-25 19:07:55.271
!MESSAGE SpringBootLanguageServer exists!

!ENTRY org.eclipse.lsp4e 4 0 2025-06-25 19:07:55.272
!MESSAGE org.eclipse.lsp4j.jsonrpc.JsonRpcException: java.io.IOException: 파이프가 닫히는 중입니다
!STACK 0
java.util.concurrent.ExecutionException: org.eclipse.lsp4j.jsonrpc.JsonRpcException: java.io.IOException: 파이프가 닫히는 중입니다
	at java.base/java.util.concurrent.CompletableFuture.reportGet(CompletableFuture.java:395)
	at java.base/java.util.concurrent.CompletableFuture.get(CompletableFuture.java:2028)
	at org.eclipse.lsp4e.LanguageServerWrapper.lambda$13(LanguageServerWrapper.java:425)
	at java.base/java.util.concurrent.CompletableFuture$AsyncRun.run(CompletableFuture.java:1736)
	at java.base/java.util.concurrent.CompletableFuture$AsyncRun.exec(CompletableFuture.java:1728)
	at java.base/java.util.concurrent.ForkJoinTask.doExec(ForkJoinTask.java:290)
	at java.base/java.util.concurrent.ForkJoinPool$WorkQueue.topLevelExec(ForkJoinPool.java:1020)
	at java.base/java.util.concurrent.ForkJoinPool.scan(ForkJoinPool.java:1656)
	at java.base/java.util.concurrent.ForkJoinPool.runWorker(ForkJoinPool.java:1594)
	at java.base/java.util.concurrent.ForkJoinWorkerThread.run(ForkJoinWorkerThread.java:183)
Caused by: org.eclipse.lsp4j.jsonrpc.JsonRpcException: java.io.IOException: 파이프가 닫히는 중입니다
	at org.eclipse.lsp4j.jsonrpc.json.StreamMessageConsumer.consume(StreamMessageConsumer.java:72)
	at org.eclipse.lsp4e.LanguageServerWrapper.lambda$4(LanguageServerWrapper.java:260)
	at org.eclipse.lsp4j.jsonrpc.RemoteEndpoint.request(RemoteEndpoint.java:161)
	at org.eclipse.lsp4j.jsonrpc.services.EndpointProxy.invoke(EndpointProxy.java:91)
	at com.sun.proxy.$Proxy49.shutdown(Unknown Source)
	at org.eclipse.lsp4e.LanguageServerWrapper.lambda$13(LanguageServerWrapper.java:423)
	... 7 more
Caused by: java.io.IOException: 파이프가 닫히는 중입니다
	at java.base/java.io.FileOutputStream.writeBytes(Native Method)
	at java.base/java.io.FileOutputStream.write(FileOutputStream.java:354)
	at java.base/java.io.BufferedOutputStream.flushBuffer(BufferedOutputStream.java:81)
	at java.base/java.io.BufferedOutputStream.flush(BufferedOutputStream.java:142)
	at org.eclipse.lsp4j.jsonrpc.json.StreamMessageConsumer.consume(StreamMessageConsumer.java:69)
	... 12 more

!ENTRY org.springframework.tooling.ls.eclipse.commons 1 0 2025-06-25 19:07:55.273
!MESSAGE Entering DelegatingStreamConnectionProvider()

!ENTRY org.springframework.tooling.ls.eclipse.commons 1 0 2025-06-25 19:07:55.273
!MESSAGE DelegatingStreamConnectionProvider classloader = org.eclipse.osgi.internal.loader.EquinoxClassLoader@500e5b3f[org.springframework.tooling.boot.ls:1.28.0.202109130547(id=1001)]

!ENTRY org.springframework.tooling.ls.eclipse.commons 1 0 2025-06-25 19:07:55.273
!MESSAGE SpringBootLanguageServer exists!

!ENTRY org.eclipse.lsp4e 4 0 2025-06-25 19:07:55.274
!MESSAGE org.eclipse.lsp4j.jsonrpc.JsonRpcException: java.io.IOException: 파이프가 닫히는 중입니다
!STACK 0
java.util.concurrent.ExecutionException: org.eclipse.lsp4j.jsonrpc.JsonRpcException: java.io.IOException: 파이프가 닫히는 중입니다
	at java.base/java.util.concurrent.CompletableFuture.reportGet(CompletableFuture.java:395)
	at java.base/java.util.concurrent.CompletableFuture.get(CompletableFuture.java:2028)
	at org.eclipse.lsp4e.LanguageServerWrapper.lambda$13(LanguageServerWrapper.java:425)
	at java.base/java.util.concurrent.CompletableFuture$AsyncRun.run(CompletableFuture.java:1736)
	at java.base/java.util.concurrent.CompletableFuture$AsyncRun.exec(CompletableFuture.java:1728)
	at java.base/java.util.concurrent.ForkJoinTask.doExec(ForkJoinTask.java:290)
	at java.base/java.util.concurrent.ForkJoinPool$WorkQueue.topLevelExec(ForkJoinPool.java:1020)
	at java.base/java.util.concurrent.ForkJoinPool.scan(ForkJoinPool.java:1656)
	at java.base/java.util.concurrent.ForkJoinPool.runWorker(ForkJoinPool.java:1594)
	at java.base/java.util.concurrent.ForkJoinWorkerThread.run(ForkJoinWorkerThread.java:183)
Caused by: org.eclipse.lsp4j.jsonrpc.JsonRpcException: java.io.IOException: 파이프가 닫히는 중입니다
	at org.eclipse.lsp4j.jsonrpc.json.StreamMessageConsumer.consume(StreamMessageConsumer.java:72)
	at org.eclipse.lsp4e.LanguageServerWrapper.lambda$4(LanguageServerWrapper.java:260)
	at org.eclipse.lsp4j.jsonrpc.RemoteEndpoint.request(RemoteEndpoint.java:161)
	at org.eclipse.lsp4j.jsonrpc.services.EndpointProxy.invoke(EndpointProxy.java:91)
	at com.sun.proxy.$Proxy49.shutdown(Unknown Source)
	at org.eclipse.lsp4e.LanguageServerWrapper.lambda$13(LanguageServerWrapper.java:423)
	... 7 more
Caused by: java.io.IOException: 파이프가 닫히는 중입니다
	at java.base/java.io.FileOutputStream.writeBytes(Native Method)
	at java.base/java.io.FileOutputStream.write(FileOutputStream.java:354)
	at java.base/java.io.BufferedOutputStream.flushBuffer(BufferedOutputStream.java:81)
	at java.base/java.io.BufferedOutputStream.flush(BufferedOutputStream.java:142)
	at org.eclipse.lsp4j.jsonrpc.json.StreamMessageConsumer.consume(StreamMessageConsumer.java:69)
	... 12 more

!ENTRY org.springframework.tooling.ls.eclipse.commons 1 0 2025-06-25 19:07:55.274
!MESSAGE Entering DelegatingStreamConnectionProvider()

!ENTRY org.springframework.tooling.ls.eclipse.commons 1 0 2025-06-25 19:07:55.274
!MESSAGE DelegatingStreamConnectionProvider classloader = org.eclipse.osgi.internal.loader.EquinoxClassLoader@500e5b3f[org.springframework.tooling.boot.ls:1.28.0.202109130547(id=1001)]

!ENTRY org.springframework.tooling.ls.eclipse.commons 1 0 2025-06-25 19:07:55.274
!MESSAGE SpringBootLanguageServer exists!

!ENTRY org.eclipse.lsp4e 4 0 2025-06-25 19:07:55.276
!MESSAGE org.eclipse.lsp4j.jsonrpc.JsonRpcException: java.io.IOException: 파이프가 닫히는 중입니다
!STACK 0
java.util.concurrent.ExecutionException: org.eclipse.lsp4j.jsonrpc.JsonRpcException: java.io.IOException: 파이프가 닫히는 중입니다
	at java.base/java.util.concurrent.CompletableFuture.reportGet(CompletableFuture.java:395)
	at java.base/java.util.concurrent.CompletableFuture.get(CompletableFuture.java:2028)
	at org.eclipse.lsp4e.LanguageServerWrapper.lambda$13(LanguageServerWrapper.java:425)
	at java.base/java.util.concurrent.CompletableFuture$AsyncRun.run(CompletableFuture.java:1736)
	at java.base/java.util.concurrent.CompletableFuture$AsyncRun.exec(CompletableFuture.java:1728)
	at java.base/java.util.concurrent.ForkJoinTask.doExec(ForkJoinTask.java:290)
	at java.base/java.util.concurrent.ForkJoinPool$WorkQueue.topLevelExec(ForkJoinPool.java:1020)
	at java.base/java.util.concurrent.ForkJoinPool.scan(ForkJoinPool.java:1656)
	at java.base/java.util.concurrent.ForkJoinPool.runWorker(ForkJoinPool.java:1594)
	at java.base/java.util.concurrent.ForkJoinWorkerThread.run(ForkJoinWorkerThread.java:183)
Caused by: org.eclipse.lsp4j.jsonrpc.JsonRpcException: java.io.IOException: 파이프가 닫히는 중입니다
	at org.eclipse.lsp4j.jsonrpc.json.StreamMessageConsumer.consume(StreamMessageConsumer.java:72)
	at org.eclipse.lsp4e.LanguageServerWrapper.lambda$4(LanguageServerWrapper.java:260)
	at org.eclipse.lsp4j.jsonrpc.RemoteEndpoint.request(RemoteEndpoint.java:161)
	at org.eclipse.lsp4j.jsonrpc.services.EndpointProxy.invoke(EndpointProxy.java:91)
	at com.sun.proxy.$Proxy49.shutdown(Unknown Source)
	at org.eclipse.lsp4e.LanguageServerWrapper.lambda$13(LanguageServerWrapper.java:423)
	... 7 more
Caused by: java.io.IOException: 파이프가 닫히는 중입니다
	at java.base/java.io.FileOutputStream.writeBytes(Native Method)
	at java.base/java.io.FileOutputStream.write(FileOutputStream.java:354)
	at java.base/java.io.BufferedOutputStream.flushBuffer(BufferedOutputStream.java:81)
	at java.base/java.io.BufferedOutputStream.flush(BufferedOutputStream.java:142)
	at org.eclipse.lsp4j.jsonrpc.json.StreamMessageConsumer.consume(StreamMessageConsumer.java:69)
	... 12 more

!ENTRY org.springframework.tooling.ls.eclipse.commons 1 0 2025-06-25 19:07:55.276
!MESSAGE Entering DelegatingStreamConnectionProvider()

!ENTRY org.springframework.tooling.ls.eclipse.commons 1 0 2025-06-25 19:07:55.276
!MESSAGE DelegatingStreamConnectionProvider classloader = org.eclipse.osgi.internal.loader.EquinoxClassLoader@500e5b3f[org.springframework.tooling.boot.ls:1.28.0.202109130547(id=1001)]

!ENTRY org.springframework.tooling.ls.eclipse.commons 1 0 2025-06-25 19:07:55.276
!MESSAGE SpringBootLanguageServer exists!

!ENTRY org.eclipse.lsp4e 4 0 2025-06-25 19:07:55.281
!MESSAGE org.eclipse.lsp4j.jsonrpc.JsonRpcException: java.io.IOException: 파이프가 닫히는 중입니다
!STACK 0
java.util.concurrent.ExecutionException: org.eclipse.lsp4j.jsonrpc.JsonRpcException: java.io.IOException: 파이프가 닫히는 중입니다
	at java.base/java.util.concurrent.CompletableFuture.reportGet(CompletableFuture.java:395)
	at java.base/java.util.concurrent.CompletableFuture.get(CompletableFuture.java:2028)
	at org.eclipse.lsp4e.LanguageServerWrapper.lambda$13(LanguageServerWrapper.java:425)
	at java.base/java.util.concurrent.CompletableFuture$AsyncRun.run(CompletableFuture.java:1736)
	at java.base/java.util.concurrent.CompletableFuture$AsyncRun.exec(CompletableFuture.java:1728)
	at java.base/java.util.concurrent.ForkJoinTask.doExec(ForkJoinTask.java:290)
	at java.base/java.util.concurrent.ForkJoinPool$WorkQueue.topLevelExec(ForkJoinPool.java:1020)
	at java.base/java.util.concurrent.ForkJoinPool.scan(ForkJoinPool.java:1656)
	at java.base/java.util.concurrent.ForkJoinPool.runWorker(ForkJoinPool.java:1594)
	at java.base/java.util.concurrent.ForkJoinWorkerThread.run(ForkJoinWorkerThread.java:183)
Caused by: org.eclipse.lsp4j.jsonrpc.JsonRpcException: java.io.IOException: 파이프가 닫히는 중입니다
	at org.eclipse.lsp4j.jsonrpc.json.StreamMessageConsumer.consume(StreamMessageConsumer.java:72)
	at org.eclipse.lsp4e.LanguageServerWrapper.lambda$4(LanguageServerWrapper.java:260)
	at org.eclipse.lsp4j.jsonrpc.RemoteEndpoint.request(RemoteEndpoint.java:161)
	at org.eclipse.lsp4j.jsonrpc.services.EndpointProxy.invoke(EndpointProxy.java:91)
	at com.sun.proxy.$Proxy49.shutdown(Unknown Source)
	at org.eclipse.lsp4e.LanguageServerWrapper.lambda$13(LanguageServerWrapper.java:423)
	... 7 more
Caused by: java.io.IOException: 파이프가 닫히는 중입니다
	at java.base/java.io.FileOutputStream.writeBytes(Native Method)
	at java.base/java.io.FileOutputStream.write(FileOutputStream.java:354)
	at java.base/java.io.BufferedOutputStream.flushBuffer(BufferedOutputStream.java:81)
	at java.base/java.io.BufferedOutputStream.flush(BufferedOutputStream.java:142)
	at org.eclipse.lsp4j.jsonrpc.json.StreamMessageConsumer.consume(StreamMessageConsumer.java:69)
	... 12 more

!ENTRY org.eclipse.lsp4e 4 0 2025-06-25 19:07:55.282
!MESSAGE org.eclipse.lsp4j.jsonrpc.JsonRpcException: java.io.IOException: 파이프가 닫히는 중입니다
!STACK 0
java.util.concurrent.ExecutionException: org.eclipse.lsp4j.jsonrpc.JsonRpcException: java.io.IOException: 파이프가 닫히는 중입니다
	at java.base/java.util.concurrent.CompletableFuture.reportGet(CompletableFuture.java:395)
	at java.base/java.util.concurrent.CompletableFuture.get(CompletableFuture.java:2028)
	at org.eclipse.lsp4e.LanguageServerWrapper.lambda$13(LanguageServerWrapper.java:425)
	at java.base/java.util.concurrent.CompletableFuture$AsyncRun.run(CompletableFuture.java:1736)
	at java.base/java.util.concurrent.CompletableFuture$AsyncRun.exec(CompletableFuture.java:1728)
	at java.base/java.util.concurrent.ForkJoinTask.doExec(ForkJoinTask.java:290)
	at java.base/java.util.concurrent.ForkJoinPool$WorkQueue.topLevelExec(ForkJoinPool.java:1020)
	at java.base/java.util.concurrent.ForkJoinPool.scan(ForkJoinPool.java:1656)
	at java.base/java.util.concurrent.ForkJoinPool.runWorker(ForkJoinPool.java:1594)
	at java.base/java.util.concurrent.ForkJoinWorkerThread.run(ForkJoinWorkerThread.java:183)
Caused by: org.eclipse.lsp4j.jsonrpc.JsonRpcException: java.io.IOException: 파이프가 닫히는 중입니다
	at org.eclipse.lsp4j.jsonrpc.json.StreamMessageConsumer.consume(StreamMessageConsumer.java:72)
	at org.eclipse.lsp4e.LanguageServerWrapper.lambda$4(LanguageServerWrapper.java:260)
	at org.eclipse.lsp4j.jsonrpc.RemoteEndpoint.request(RemoteEndpoint.java:161)
	at org.eclipse.lsp4j.jsonrpc.services.EndpointProxy.invoke(EndpointProxy.java:91)
	at com.sun.proxy.$Proxy49.shutdown(Unknown Source)
	at org.eclipse.lsp4e.LanguageServerWrapper.lambda$13(LanguageServerWrapper.java:423)
	... 7 more
Caused by: java.io.IOException: 파이프가 닫히는 중입니다
	at java.base/java.io.FileOutputStream.writeBytes(Native Method)
	at java.base/java.io.FileOutputStream.write(FileOutputStream.java:354)
	at java.base/java.io.BufferedOutputStream.flushBuffer(BufferedOutputStream.java:81)
	at java.base/java.io.BufferedOutputStream.flush(BufferedOutputStream.java:142)
	at org.eclipse.lsp4j.jsonrpc.json.StreamMessageConsumer.consume(StreamMessageConsumer.java:69)
	... 12 more

!ENTRY org.springframework.tooling.ls.eclipse.commons 1 0 2025-06-25 19:07:55.282
!MESSAGE Entering DelegatingStreamConnectionProvider()

!ENTRY org.springframework.tooling.ls.eclipse.commons 1 0 2025-06-25 19:07:55.282
!MESSAGE Entering DelegatingStreamConnectionProvider()

!ENTRY org.springframework.tooling.ls.eclipse.commons 1 0 2025-06-25 19:07:55.282
!MESSAGE DelegatingStreamConnectionProvider classloader = org.eclipse.osgi.internal.loader.EquinoxClassLoader@500e5b3f[org.springframework.tooling.boot.ls:1.28.0.202109130547(id=1001)]

!ENTRY org.springframework.tooling.ls.eclipse.commons 1 0 2025-06-25 19:07:55.283
!MESSAGE DelegatingStreamConnectionProvider classloader = org.eclipse.osgi.internal.loader.EquinoxClassLoader@500e5b3f[org.springframework.tooling.boot.ls:1.28.0.202109130547(id=1001)]

!ENTRY org.springframework.tooling.ls.eclipse.commons 1 0 2025-06-25 19:07:55.283
!MESSAGE SpringBootLanguageServer exists!

!ENTRY org.springframework.tooling.ls.eclipse.commons 1 0 2025-06-25 19:07:55.283
!MESSAGE SpringBootLanguageServer exists!

!ENTRY org.eclipse.lsp4e 4 0 2025-06-25 19:07:55.284
!MESSAGE org.eclipse.lsp4j.jsonrpc.JsonRpcException: java.io.IOException: 파이프가 닫히는 중입니다
!STACK 0
java.util.concurrent.ExecutionException: org.eclipse.lsp4j.jsonrpc.JsonRpcException: java.io.IOException: 파이프가 닫히는 중입니다
	at java.base/java.util.concurrent.CompletableFuture.reportGet(CompletableFuture.java:395)
	at java.base/java.util.concurrent.CompletableFuture.get(CompletableFuture.java:2028)
	at org.eclipse.lsp4e.LanguageServerWrapper.lambda$13(LanguageServerWrapper.java:425)
	at java.base/java.util.concurrent.CompletableFuture$AsyncRun.run(CompletableFuture.java:1736)
	at java.base/java.util.concurrent.CompletableFuture$AsyncRun.exec(CompletableFuture.java:1728)
	at java.base/java.util.concurrent.ForkJoinTask.doExec(ForkJoinTask.java:290)
	at java.base/java.util.concurrent.ForkJoinPool$WorkQueue.topLevelExec(ForkJoinPool.java:1020)
	at java.base/java.util.concurrent.ForkJoinPool.scan(ForkJoinPool.java:1656)
	at java.base/java.util.concurrent.ForkJoinPool.runWorker(ForkJoinPool.java:1594)
	at java.base/java.util.concurrent.ForkJoinWorkerThread.run(ForkJoinWorkerThread.java:183)
Caused by: org.eclipse.lsp4j.jsonrpc.JsonRpcException: java.io.IOException: 파이프가 닫히는 중입니다
	at org.eclipse.lsp4j.jsonrpc.json.StreamMessageConsumer.consume(StreamMessageConsumer.java:72)
	at org.eclipse.lsp4e.LanguageServerWrapper.lambda$4(LanguageServerWrapper.java:260)
	at org.eclipse.lsp4j.jsonrpc.RemoteEndpoint.request(RemoteEndpoint.java:161)
	at org.eclipse.lsp4j.jsonrpc.services.EndpointProxy.invoke(EndpointProxy.java:91)
	at com.sun.proxy.$Proxy49.shutdown(Unknown Source)
	at org.eclipse.lsp4e.LanguageServerWrapper.lambda$13(LanguageServerWrapper.java:423)
	... 7 more
Caused by: java.io.IOException: 파이프가 닫히는 중입니다
	at java.base/java.io.FileOutputStream.writeBytes(Native Method)
	at java.base/java.io.FileOutputStream.write(FileOutputStream.java:354)
	at java.base/java.io.BufferedOutputStream.flushBuffer(BufferedOutputStream.java:81)
	at java.base/java.io.BufferedOutputStream.flush(BufferedOutputStream.java:142)
	at org.eclipse.lsp4j.jsonrpc.json.StreamMessageConsumer.consume(StreamMessageConsumer.java:69)
	... 12 more

!ENTRY org.springframework.tooling.ls.eclipse.commons 1 0 2025-06-25 19:07:55.284
!MESSAGE Entering DelegatingStreamConnectionProvider()

!ENTRY org.springframework.tooling.ls.eclipse.commons 1 0 2025-06-25 19:07:55.284
!MESSAGE DelegatingStreamConnectionProvider classloader = org.eclipse.osgi.internal.loader.EquinoxClassLoader@500e5b3f[org.springframework.tooling.boot.ls:1.28.0.202109130547(id=1001)]

!ENTRY org.springframework.tooling.ls.eclipse.commons 1 0 2025-06-25 19:07:55.286
!MESSAGE SpringBootLanguageServer exists!

!ENTRY org.eclipse.lsp4e 4 0 2025-06-25 19:07:55.289
!MESSAGE org.eclipse.lsp4j.jsonrpc.JsonRpcException: java.io.IOException: 파이프가 닫히는 중입니다
!STACK 0
java.util.concurrent.ExecutionException: org.eclipse.lsp4j.jsonrpc.JsonRpcException: java.io.IOException: 파이프가 닫히는 중입니다
	at java.base/java.util.concurrent.CompletableFuture.reportGet(CompletableFuture.java:395)
	at java.base/java.util.concurrent.CompletableFuture.get(CompletableFuture.java:2028)
	at org.eclipse.lsp4e.LanguageServerWrapper.lambda$13(LanguageServerWrapper.java:425)
	at java.base/java.util.concurrent.CompletableFuture$AsyncRun.run(CompletableFuture.java:1736)
	at java.base/java.util.concurrent.CompletableFuture$AsyncRun.exec(CompletableFuture.java:1728)
	at java.base/java.util.concurrent.ForkJoinTask.doExec(ForkJoinTask.java:290)
	at java.base/java.util.concurrent.ForkJoinPool$WorkQueue.topLevelExec(ForkJoinPool.java:1020)
	at java.base/java.util.concurrent.ForkJoinPool.scan(ForkJoinPool.java:1656)
	at java.base/java.util.concurrent.ForkJoinPool.runWorker(ForkJoinPool.java:1594)
	at java.base/java.util.concurrent.ForkJoinWorkerThread.run(ForkJoinWorkerThread.java:183)
Caused by: org.eclipse.lsp4j.jsonrpc.JsonRpcException: java.io.IOException: 파이프가 닫히는 중입니다
	at org.eclipse.lsp4j.jsonrpc.json.StreamMessageConsumer.consume(StreamMessageConsumer.java:72)
	at org.eclipse.lsp4e.LanguageServerWrapper.lambda$4(LanguageServerWrapper.java:260)
	at org.eclipse.lsp4j.jsonrpc.RemoteEndpoint.request(RemoteEndpoint.java:161)
	at org.eclipse.lsp4j.jsonrpc.services.EndpointProxy.invoke(EndpointProxy.java:91)
	at com.sun.proxy.$Proxy49.shutdown(Unknown Source)
	at org.eclipse.lsp4e.LanguageServerWrapper.lambda$13(LanguageServerWrapper.java:423)
	... 7 more
Caused by: java.io.IOException: 파이프가 닫히는 중입니다
	at java.base/java.io.FileOutputStream.writeBytes(Native Method)
	at java.base/java.io.FileOutputStream.write(FileOutputStream.java:354)
	at java.base/java.io.BufferedOutputStream.flushBuffer(BufferedOutputStream.java:81)
	at java.base/java.io.BufferedOutputStream.flush(BufferedOutputStream.java:142)
	at org.eclipse.lsp4j.jsonrpc.json.StreamMessageConsumer.consume(StreamMessageConsumer.java:69)
	... 12 more

!ENTRY org.springframework.tooling.ls.eclipse.commons 1 0 2025-06-25 19:07:55.289
!MESSAGE Entering DelegatingStreamConnectionProvider()

!ENTRY org.springframework.tooling.ls.eclipse.commons 1 0 2025-06-25 19:07:55.290
!MESSAGE DelegatingStreamConnectionProvider classloader = org.eclipse.osgi.internal.loader.EquinoxClassLoader@500e5b3f[org.springframework.tooling.boot.ls:1.28.0.202109130547(id=1001)]

!ENTRY org.springframework.tooling.ls.eclipse.commons 1 0 2025-06-25 19:07:55.290
!MESSAGE SpringBootLanguageServer exists!

!ENTRY org.eclipse.lsp4e 4 0 2025-06-25 19:07:55.291
!MESSAGE org.eclipse.lsp4j.jsonrpc.JsonRpcException: java.io.IOException: 파이프가 닫히는 중입니다
!STACK 0
java.util.concurrent.ExecutionException: org.eclipse.lsp4j.jsonrpc.JsonRpcException: java.io.IOException: 파이프가 닫히는 중입니다
	at java.base/java.util.concurrent.CompletableFuture.reportGet(CompletableFuture.java:395)
	at java.base/java.util.concurrent.CompletableFuture.get(CompletableFuture.java:2028)
	at org.eclipse.lsp4e.LanguageServerWrapper.lambda$13(LanguageServerWrapper.java:425)
	at java.base/java.util.concurrent.CompletableFuture$AsyncRun.run(CompletableFuture.java:1736)
	at java.base/java.util.concurrent.CompletableFuture$AsyncRun.exec(CompletableFuture.java:1728)
	at java.base/java.util.concurrent.ForkJoinTask.doExec(ForkJoinTask.java:290)
	at java.base/java.util.concurrent.ForkJoinPool$WorkQueue.topLevelExec(ForkJoinPool.java:1020)
	at java.base/java.util.concurrent.ForkJoinPool.scan(ForkJoinPool.java:1656)
	at java.base/java.util.concurrent.ForkJoinPool.runWorker(ForkJoinPool.java:1594)
	at java.base/java.util.concurrent.ForkJoinWorkerThread.run(ForkJoinWorkerThread.java:183)
Caused by: org.eclipse.lsp4j.jsonrpc.JsonRpcException: java.io.IOException: 파이프가 닫히는 중입니다
	at org.eclipse.lsp4j.jsonrpc.json.StreamMessageConsumer.consume(StreamMessageConsumer.java:72)
	at org.eclipse.lsp4e.LanguageServerWrapper.lambda$4(LanguageServerWrapper.java:260)
	at org.eclipse.lsp4j.jsonrpc.RemoteEndpoint.request(RemoteEndpoint.java:161)
	at org.eclipse.lsp4j.jsonrpc.services.EndpointProxy.invoke(EndpointProxy.java:91)
	at com.sun.proxy.$Proxy49.shutdown(Unknown Source)
	at org.eclipse.lsp4e.LanguageServerWrapper.lambda$13(LanguageServerWrapper.java:423)
	... 7 more
Caused by: java.io.IOException: 파이프가 닫히는 중입니다
	at java.base/java.io.FileOutputStream.writeBytes(Native Method)
	at java.base/java.io.FileOutputStream.write(FileOutputStream.java:354)
	at java.base/java.io.BufferedOutputStream.flushBuffer(BufferedOutputStream.java:81)
	at java.base/java.io.BufferedOutputStream.flush(BufferedOutputStream.java:142)
	at org.eclipse.lsp4j.jsonrpc.json.StreamMessageConsumer.consume(StreamMessageConsumer.java:69)
	... 12 more

!ENTRY org.springframework.tooling.ls.eclipse.commons 1 0 2025-06-25 19:07:55.292
!MESSAGE Entering DelegatingStreamConnectionProvider()

!ENTRY org.springframework.tooling.ls.eclipse.commons 1 0 2025-06-25 19:07:55.293
!MESSAGE DelegatingStreamConnectionProvider classloader = org.eclipse.osgi.internal.loader.EquinoxClassLoader@500e5b3f[org.springframework.tooling.boot.ls:1.28.0.202109130547(id=1001)]

!ENTRY org.springframework.tooling.ls.eclipse.commons 1 0 2025-06-25 19:07:55.293
!MESSAGE SpringBootLanguageServer exists!

!ENTRY org.eclipse.lsp4e 4 0 2025-06-25 19:07:55.294
!MESSAGE org.eclipse.lsp4j.jsonrpc.JsonRpcException: java.io.IOException: 파이프가 닫히는 중입니다
!STACK 0
java.util.concurrent.ExecutionException: org.eclipse.lsp4j.jsonrpc.JsonRpcException: java.io.IOException: 파이프가 닫히는 중입니다
	at java.base/java.util.concurrent.CompletableFuture.reportGet(CompletableFuture.java:395)
	at java.base/java.util.concurrent.CompletableFuture.get(CompletableFuture.java:2028)
	at org.eclipse.lsp4e.LanguageServerWrapper.lambda$13(LanguageServerWrapper.java:425)
	at java.base/java.util.concurrent.CompletableFuture$AsyncRun.run(CompletableFuture.java:1736)
	at java.base/java.util.concurrent.CompletableFuture$AsyncRun.exec(CompletableFuture.java:1728)
	at java.base/java.util.concurrent.ForkJoinTask.doExec(ForkJoinTask.java:290)
	at java.base/java.util.concurrent.ForkJoinPool$WorkQueue.topLevelExec(ForkJoinPool.java:1020)
	at java.base/java.util.concurrent.ForkJoinPool.scan(ForkJoinPool.java:1656)
	at java.base/java.util.concurrent.ForkJoinPool.runWorker(ForkJoinPool.java:1594)
	at java.base/java.util.concurrent.ForkJoinWorkerThread.run(ForkJoinWorkerThread.java:183)
Caused by: org.eclipse.lsp4j.jsonrpc.JsonRpcException: java.io.IOException: 파이프가 닫히는 중입니다
	at org.eclipse.lsp4j.jsonrpc.json.StreamMessageConsumer.consume(StreamMessageConsumer.java:72)
	at org.eclipse.lsp4e.LanguageServerWrapper.lambda$4(LanguageServerWrapper.java:260)
	at org.eclipse.lsp4j.jsonrpc.RemoteEndpoint.request(RemoteEndpoint.java:161)
	at org.eclipse.lsp4j.jsonrpc.services.EndpointProxy.invoke(EndpointProxy.java:91)
	at com.sun.proxy.$Proxy49.shutdown(Unknown Source)
	at org.eclipse.lsp4e.LanguageServerWrapper.lambda$13(LanguageServerWrapper.java:423)
	... 7 more
Caused by: java.io.IOException: 파이프가 닫히는 중입니다
	at java.base/java.io.FileOutputStream.writeBytes(Native Method)
	at java.base/java.io.FileOutputStream.write(FileOutputStream.java:354)
	at java.base/java.io.BufferedOutputStream.flushBuffer(BufferedOutputStream.java:81)
	at java.base/java.io.BufferedOutputStream.flush(BufferedOutputStream.java:142)
	at org.eclipse.lsp4j.jsonrpc.json.StreamMessageConsumer.consume(StreamMessageConsumer.java:69)
	... 12 more

!ENTRY org.springframework.tooling.ls.eclipse.commons 1 0 2025-06-25 19:07:55.294
!MESSAGE Entering DelegatingStreamConnectionProvider()

!ENTRY org.springframework.tooling.ls.eclipse.commons 1 0 2025-06-25 19:07:55.295
!MESSAGE DelegatingStreamConnectionProvider classloader = org.eclipse.osgi.internal.loader.EquinoxClassLoader@500e5b3f[org.springframework.tooling.boot.ls:1.28.0.202109130547(id=1001)]

!ENTRY org.springframework.tooling.ls.eclipse.commons 1 0 2025-06-25 19:07:55.295
!MESSAGE SpringBootLanguageServer exists!

!ENTRY org.eclipse.lsp4e 4 0 2025-06-25 19:07:55.296
!MESSAGE org.eclipse.lsp4j.jsonrpc.JsonRpcException: java.io.IOException: 파이프가 닫히는 중입니다
!STACK 0
java.util.concurrent.ExecutionException: org.eclipse.lsp4j.jsonrpc.JsonRpcException: java.io.IOException: 파이프가 닫히는 중입니다
	at java.base/java.util.concurrent.CompletableFuture.reportGet(CompletableFuture.java:395)
	at java.base/java.util.concurrent.CompletableFuture.get(CompletableFuture.java:2028)
	at org.eclipse.lsp4e.LanguageServerWrapper.lambda$13(LanguageServerWrapper.java:425)
	at java.base/java.util.concurrent.CompletableFuture$AsyncRun.run(CompletableFuture.java:1736)
	at java.base/java.util.concurrent.CompletableFuture$AsyncRun.exec(CompletableFuture.java:1728)
	at java.base/java.util.concurrent.ForkJoinTask.doExec(ForkJoinTask.java:290)
	at java.base/java.util.concurrent.ForkJoinPool$WorkQueue.topLevelExec(ForkJoinPool.java:1020)
	at java.base/java.util.concurrent.ForkJoinPool.scan(ForkJoinPool.java:1656)
	at java.base/java.util.concurrent.ForkJoinPool.runWorker(ForkJoinPool.java:1594)
	at java.base/java.util.concurrent.ForkJoinWorkerThread.run(ForkJoinWorkerThread.java:183)
Caused by: org.eclipse.lsp4j.jsonrpc.JsonRpcException: java.io.IOException: 파이프가 닫히는 중입니다
	at org.eclipse.lsp4j.jsonrpc.json.StreamMessageConsumer.consume(StreamMessageConsumer.java:72)
	at org.eclipse.lsp4e.LanguageServerWrapper.lambda$4(LanguageServerWrapper.java:260)
	at org.eclipse.lsp4j.jsonrpc.RemoteEndpoint.request(RemoteEndpoint.java:161)
	at org.eclipse.lsp4j.jsonrpc.services.EndpointProxy.invoke(EndpointProxy.java:91)
	at com.sun.proxy.$Proxy49.shutdown(Unknown Source)
	at org.eclipse.lsp4e.LanguageServerWrapper.lambda$13(LanguageServerWrapper.java:423)
	... 7 more
Caused by: java.io.IOException: 파이프가 닫히는 중입니다
	at java.base/java.io.FileOutputStream.writeBytes(Native Method)
	at java.base/java.io.FileOutputStream.write(FileOutputStream.java:354)
	at java.base/java.io.BufferedOutputStream.flushBuffer(BufferedOutputStream.java:81)
	at java.base/java.io.BufferedOutputStream.flush(BufferedOutputStream.java:142)
	at org.eclipse.lsp4j.jsonrpc.json.StreamMessageConsumer.consume(StreamMessageConsumer.java:69)
	... 12 more

!ENTRY org.springframework.tooling.ls.eclipse.commons 1 0 2025-06-25 19:07:55.296
!MESSAGE Entering DelegatingStreamConnectionProvider()

!ENTRY org.springframework.tooling.ls.eclipse.commons 1 0 2025-06-25 19:07:55.296
!MESSAGE DelegatingStreamConnectionProvider classloader = org.eclipse.osgi.internal.loader.EquinoxClassLoader@500e5b3f[org.springframework.tooling.boot.ls:1.28.0.202109130547(id=1001)]

!ENTRY org.springframework.tooling.ls.eclipse.commons 1 0 2025-06-25 19:07:55.297
!MESSAGE SpringBootLanguageServer exists!

!ENTRY org.eclipse.lsp4e 4 0 2025-06-25 19:07:55.297
!MESSAGE org.eclipse.lsp4j.jsonrpc.JsonRpcException: java.io.IOException: 파이프가 닫히는 중입니다
!STACK 0
java.util.concurrent.ExecutionException: org.eclipse.lsp4j.jsonrpc.JsonRpcException: java.io.IOException: 파이프가 닫히는 중입니다
	at java.base/java.util.concurrent.CompletableFuture.reportGet(CompletableFuture.java:395)
	at java.base/java.util.concurrent.CompletableFuture.get(CompletableFuture.java:2028)
	at org.eclipse.lsp4e.LanguageServerWrapper.lambda$13(LanguageServerWrapper.java:425)
	at java.base/java.util.concurrent.CompletableFuture$AsyncRun.run(CompletableFuture.java:1736)
	at java.base/java.util.concurrent.CompletableFuture$AsyncRun.exec(CompletableFuture.java:1728)
	at java.base/java.util.concurrent.ForkJoinTask.doExec(ForkJoinTask.java:290)
	at java.base/java.util.concurrent.ForkJoinPool$WorkQueue.topLevelExec(ForkJoinPool.java:1020)
	at java.base/java.util.concurrent.ForkJoinPool.scan(ForkJoinPool.java:1656)
	at java.base/java.util.concurrent.ForkJoinPool.runWorker(ForkJoinPool.java:1594)
	at java.base/java.util.concurrent.ForkJoinWorkerThread.run(ForkJoinWorkerThread.java:183)
Caused by: org.eclipse.lsp4j.jsonrpc.JsonRpcException: java.io.IOException: 파이프가 닫히는 중입니다
	at org.eclipse.lsp4j.jsonrpc.json.StreamMessageConsumer.consume(StreamMessageConsumer.java:72)
	at org.eclipse.lsp4e.LanguageServerWrapper.lambda$4(LanguageServerWrapper.java:260)
	at org.eclipse.lsp4j.jsonrpc.RemoteEndpoint.request(RemoteEndpoint.java:161)
	at org.eclipse.lsp4j.jsonrpc.services.EndpointProxy.invoke(EndpointProxy.java:91)
	at com.sun.proxy.$Proxy49.shutdown(Unknown Source)
	at org.eclipse.lsp4e.LanguageServerWrapper.lambda$13(LanguageServerWrapper.java:423)
	... 7 more
Caused by: java.io.IOException: 파이프가 닫히는 중입니다
	at java.base/java.io.FileOutputStream.writeBytes(Native Method)
	at java.base/java.io.FileOutputStream.write(FileOutputStream.java:354)
	at java.base/java.io.BufferedOutputStream.flushBuffer(BufferedOutputStream.java:81)
	at java.base/java.io.BufferedOutputStream.flush(BufferedOutputStream.java:142)
	at org.eclipse.lsp4j.jsonrpc.json.StreamMessageConsumer.consume(StreamMessageConsumer.java:69)
	... 12 more

!ENTRY org.springframework.tooling.ls.eclipse.commons 1 0 2025-06-25 19:07:55.298
!MESSAGE Entering DelegatingStreamConnectionProvider()

!ENTRY org.springframework.tooling.ls.eclipse.commons 1 0 2025-06-25 19:07:55.298
!MESSAGE DelegatingStreamConnectionProvider classloader = org.eclipse.osgi.internal.loader.EquinoxClassLoader@500e5b3f[org.springframework.tooling.boot.ls:1.28.0.202109130547(id=1001)]

!ENTRY org.springframework.tooling.ls.eclipse.commons 1 0 2025-06-25 19:07:55.299
!MESSAGE SpringBootLanguageServer exists!

!ENTRY org.eclipse.lsp4e 4 0 2025-06-25 19:07:55.305
!MESSAGE org.eclipse.lsp4j.jsonrpc.JsonRpcException: java.io.IOException: 파이프가 닫히는 중입니다
!STACK 0
java.util.concurrent.ExecutionException: org.eclipse.lsp4j.jsonrpc.JsonRpcException: java.io.IOException: 파이프가 닫히는 중입니다
	at java.base/java.util.concurrent.CompletableFuture.reportGet(CompletableFuture.java:395)
	at java.base/java.util.concurrent.CompletableFuture.get(CompletableFuture.java:2028)
	at org.eclipse.lsp4e.LanguageServerWrapper.lambda$13(LanguageServerWrapper.java:425)
	at java.base/java.util.concurrent.CompletableFuture$AsyncRun.run(CompletableFuture.java:1736)
	at java.base/java.util.concurrent.CompletableFuture$AsyncRun.exec(CompletableFuture.java:1728)
	at java.base/java.util.concurrent.ForkJoinTask.doExec(ForkJoinTask.java:290)
	at java.base/java.util.concurrent.ForkJoinPool$WorkQueue.topLevelExec(ForkJoinPool.java:1020)
	at java.base/java.util.concurrent.ForkJoinPool.scan(ForkJoinPool.java:1656)
	at java.base/java.util.concurrent.ForkJoinPool.runWorker(ForkJoinPool.java:1594)
	at java.base/java.util.concurrent.ForkJoinWorkerThread.run(ForkJoinWorkerThread.java:183)
Caused by: org.eclipse.lsp4j.jsonrpc.JsonRpcException: java.io.IOException: 파이프가 닫히는 중입니다
	at org.eclipse.lsp4j.jsonrpc.json.StreamMessageConsumer.consume(StreamMessageConsumer.java:72)
	at org.eclipse.lsp4e.LanguageServerWrapper.lambda$4(LanguageServerWrapper.java:260)
	at org.eclipse.lsp4j.jsonrpc.RemoteEndpoint.request(RemoteEndpoint.java:161)
	at org.eclipse.lsp4j.jsonrpc.services.EndpointProxy.invoke(EndpointProxy.java:91)
	at com.sun.proxy.$Proxy49.shutdown(Unknown Source)
	at org.eclipse.lsp4e.LanguageServerWrapper.lambda$13(LanguageServerWrapper.java:423)
	... 7 more
Caused by: java.io.IOException: 파이프가 닫히는 중입니다
	at java.base/java.io.FileOutputStream.writeBytes(Native Method)
	at java.base/java.io.FileOutputStream.write(FileOutputStream.java:354)
	at java.base/java.io.BufferedOutputStream.flushBuffer(BufferedOutputStream.java:81)
	at java.base/java.io.BufferedOutputStream.flush(BufferedOutputStream.java:142)
	at org.eclipse.lsp4j.jsonrpc.json.StreamMessageConsumer.consume(StreamMessageConsumer.java:69)
	... 12 more

!ENTRY org.springframework.tooling.ls.eclipse.commons 1 0 2025-06-25 19:07:55.307
!MESSAGE Entering DelegatingStreamConnectionProvider()

!ENTRY org.springframework.tooling.ls.eclipse.commons 1 0 2025-06-25 19:07:55.307
!MESSAGE DelegatingStreamConnectionProvider classloader = org.eclipse.osgi.internal.loader.EquinoxClassLoader@500e5b3f[org.springframework.tooling.boot.ls:1.28.0.202109130547(id=1001)]

!ENTRY org.springframework.tooling.ls.eclipse.commons 1 0 2025-06-25 19:07:55.307
!MESSAGE SpringBootLanguageServer exists!

!ENTRY org.eclipse.lsp4e 4 0 2025-06-25 19:07:55.308
!MESSAGE org.eclipse.lsp4j.jsonrpc.JsonRpcException: java.io.IOException: 파이프가 닫히는 중입니다
!STACK 0
java.util.concurrent.ExecutionException: org.eclipse.lsp4j.jsonrpc.JsonRpcException: java.io.IOException: 파이프가 닫히는 중입니다
	at java.base/java.util.concurrent.CompletableFuture.reportGet(CompletableFuture.java:395)
	at java.base/java.util.concurrent.CompletableFuture.get(CompletableFuture.java:2028)
	at org.eclipse.lsp4e.LanguageServerWrapper.lambda$13(LanguageServerWrapper.java:425)
	at java.base/java.util.concurrent.CompletableFuture$AsyncRun.run(CompletableFuture.java:1736)
	at java.base/java.util.concurrent.CompletableFuture$AsyncRun.exec(CompletableFuture.java:1728)
	at java.base/java.util.concurrent.ForkJoinTask.doExec(ForkJoinTask.java:290)
	at java.base/java.util.concurrent.ForkJoinPool$WorkQueue.topLevelExec(ForkJoinPool.java:1020)
	at java.base/java.util.concurrent.ForkJoinPool.scan(ForkJoinPool.java:1656)
	at java.base/java.util.concurrent.ForkJoinPool.runWorker(ForkJoinPool.java:1594)
	at java.base/java.util.concurrent.ForkJoinWorkerThread.run(ForkJoinWorkerThread.java:183)
Caused by: org.eclipse.lsp4j.jsonrpc.JsonRpcException: java.io.IOException: 파이프가 닫히는 중입니다
	at org.eclipse.lsp4j.jsonrpc.json.StreamMessageConsumer.consume(StreamMessageConsumer.java:72)
	at org.eclipse.lsp4e.LanguageServerWrapper.lambda$4(LanguageServerWrapper.java:260)
	at org.eclipse.lsp4j.jsonrpc.RemoteEndpoint.request(RemoteEndpoint.java:161)
	at org.eclipse.lsp4j.jsonrpc.services.EndpointProxy.invoke(EndpointProxy.java:91)
	at com.sun.proxy.$Proxy49.shutdown(Unknown Source)
	at org.eclipse.lsp4e.LanguageServerWrapper.lambda$13(LanguageServerWrapper.java:423)
	... 7 more
Caused by: java.io.IOException: 파이프가 닫히는 중입니다
	at java.base/java.io.FileOutputStream.writeBytes(Native Method)
	at java.base/java.io.FileOutputStream.write(FileOutputStream.java:354)
	at java.base/java.io.BufferedOutputStream.flushBuffer(BufferedOutputStream.java:81)
	at java.base/java.io.BufferedOutputStream.flush(BufferedOutputStream.java:142)
	at org.eclipse.lsp4j.jsonrpc.json.StreamMessageConsumer.consume(StreamMessageConsumer.java:69)
	... 12 more

!ENTRY org.springframework.tooling.ls.eclipse.commons 1 0 2025-06-25 19:07:55.308
!MESSAGE Entering DelegatingStreamConnectionProvider()

!ENTRY org.springframework.tooling.ls.eclipse.commons 1 0 2025-06-25 19:07:55.309
!MESSAGE DelegatingStreamConnectionProvider classloader = org.eclipse.osgi.internal.loader.EquinoxClassLoader@500e5b3f[org.springframework.tooling.boot.ls:1.28.0.202109130547(id=1001)]

!ENTRY org.springframework.tooling.ls.eclipse.commons 1 0 2025-06-25 19:07:55.309
!MESSAGE SpringBootLanguageServer exists!

!ENTRY org.eclipse.lsp4e 4 0 2025-06-25 19:07:55.310
!MESSAGE org.eclipse.lsp4j.jsonrpc.JsonRpcException: java.io.IOException: 파이프가 닫히는 중입니다
!STACK 0
java.util.concurrent.ExecutionException: org.eclipse.lsp4j.jsonrpc.JsonRpcException: java.io.IOException: 파이프가 닫히는 중입니다
	at java.base/java.util.concurrent.CompletableFuture.reportGet(CompletableFuture.java:395)
	at java.base/java.util.concurrent.CompletableFuture.get(CompletableFuture.java:2028)
	at org.eclipse.lsp4e.LanguageServerWrapper.lambda$13(LanguageServerWrapper.java:425)
	at java.base/java.util.concurrent.CompletableFuture$AsyncRun.run(CompletableFuture.java:1736)
	at java.base/java.util.concurrent.CompletableFuture$AsyncRun.exec(CompletableFuture.java:1728)
	at java.base/java.util.concurrent.ForkJoinTask.doExec(ForkJoinTask.java:290)
	at java.base/java.util.concurrent.ForkJoinPool$WorkQueue.topLevelExec(ForkJoinPool.java:1020)
	at java.base/java.util.concurrent.ForkJoinPool.scan(ForkJoinPool.java:1656)
	at java.base/java.util.concurrent.ForkJoinPool.runWorker(ForkJoinPool.java:1594)
	at java.base/java.util.concurrent.ForkJoinWorkerThread.run(ForkJoinWorkerThread.java:183)
Caused by: org.eclipse.lsp4j.jsonrpc.JsonRpcException: java.io.IOException: 파이프가 닫히는 중입니다
	at org.eclipse.lsp4j.jsonrpc.json.StreamMessageConsumer.consume(StreamMessageConsumer.java:72)
	at org.eclipse.lsp4e.LanguageServerWrapper.lambda$4(LanguageServerWrapper.java:260)
	at org.eclipse.lsp4j.jsonrpc.RemoteEndpoint.request(RemoteEndpoint.java:161)
	at org.eclipse.lsp4j.jsonrpc.services.EndpointProxy.invoke(EndpointProxy.java:91)
	at com.sun.proxy.$Proxy49.shutdown(Unknown Source)
	at org.eclipse.lsp4e.LanguageServerWrapper.lambda$13(LanguageServerWrapper.java:423)
	... 7 more
Caused by: java.io.IOException: 파이프가 닫히는 중입니다
	at java.base/java.io.FileOutputStream.writeBytes(Native Method)
	at java.base/java.io.FileOutputStream.write(FileOutputStream.java:354)
	at java.base/java.io.BufferedOutputStream.flushBuffer(BufferedOutputStream.java:81)
	at java.base/java.io.BufferedOutputStream.flush(BufferedOutputStream.java:142)
	at org.eclipse.lsp4j.jsonrpc.json.StreamMessageConsumer.consume(StreamMessageConsumer.java:69)
	... 12 more

!ENTRY org.springframework.tooling.ls.eclipse.commons 1 0 2025-06-25 19:07:55.310
!MESSAGE Entering DelegatingStreamConnectionProvider()

!ENTRY org.springframework.tooling.ls.eclipse.commons 1 0 2025-06-25 19:07:55.311
!MESSAGE DelegatingStreamConnectionProvider classloader = org.eclipse.osgi.internal.loader.EquinoxClassLoader@500e5b3f[org.springframework.tooling.boot.ls:1.28.0.202109130547(id=1001)]

!ENTRY org.springframework.tooling.ls.eclipse.commons 1 0 2025-06-25 19:07:55.311
!MESSAGE SpringBootLanguageServer exists!

!ENTRY org.eclipse.lsp4e 4 0 2025-06-25 19:07:55.318
!MESSAGE org.eclipse.lsp4j.jsonrpc.JsonRpcException: java.io.IOException: 파이프가 닫히는 중입니다
!STACK 0
java.util.concurrent.ExecutionException: org.eclipse.lsp4j.jsonrpc.JsonRpcException: java.io.IOException: 파이프가 닫히는 중입니다
	at java.base/java.util.concurrent.CompletableFuture.reportGet(CompletableFuture.java:395)
	at java.base/java.util.concurrent.CompletableFuture.get(CompletableFuture.java:2028)
	at org.eclipse.lsp4e.LanguageServerWrapper.lambda$13(LanguageServerWrapper.java:425)
	at java.base/java.util.concurrent.CompletableFuture$AsyncRun.run(CompletableFuture.java:1736)
	at java.base/java.util.concurrent.CompletableFuture$AsyncRun.exec(CompletableFuture.java:1728)
	at java.base/java.util.concurrent.ForkJoinTask.doExec(ForkJoinTask.java:290)
	at java.base/java.util.concurrent.ForkJoinPool$WorkQueue.topLevelExec(ForkJoinPool.java:1020)
	at java.base/java.util.concurrent.ForkJoinPool.scan(ForkJoinPool.java:1656)
	at java.base/java.util.concurrent.ForkJoinPool.runWorker(ForkJoinPool.java:1594)
	at java.base/java.util.concurrent.ForkJoinWorkerThread.run(ForkJoinWorkerThread.java:183)
Caused by: org.eclipse.lsp4j.jsonrpc.JsonRpcException: java.io.IOException: 파이프가 닫히는 중입니다
	at org.eclipse.lsp4j.jsonrpc.json.StreamMessageConsumer.consume(StreamMessageConsumer.java:72)
	at org.eclipse.lsp4e.LanguageServerWrapper.lambda$4(LanguageServerWrapper.java:260)
	at org.eclipse.lsp4j.jsonrpc.RemoteEndpoint.request(RemoteEndpoint.java:161)
	at org.eclipse.lsp4j.jsonrpc.services.EndpointProxy.invoke(EndpointProxy.java:91)
	at com.sun.proxy.$Proxy49.shutdown(Unknown Source)
	at org.eclipse.lsp4e.LanguageServerWrapper.lambda$13(LanguageServerWrapper.java:423)
	... 7 more
Caused by: java.io.IOException: 파이프가 닫히는 중입니다
	at java.base/java.io.FileOutputStream.writeBytes(Native Method)
	at java.base/java.io.FileOutputStream.write(FileOutputStream.java:354)
	at java.base/java.io.BufferedOutputStream.flushBuffer(BufferedOutputStream.java:81)
	at java.base/java.io.BufferedOutputStream.flush(BufferedOutputStream.java:142)
	at org.eclipse.lsp4j.jsonrpc.json.StreamMessageConsumer.consume(StreamMessageConsumer.java:69)
	... 12 more

!ENTRY org.springframework.tooling.ls.eclipse.commons 1 0 2025-06-25 19:07:55.319
!MESSAGE Entering DelegatingStreamConnectionProvider()

!ENTRY org.springframework.tooling.ls.eclipse.commons 1 0 2025-06-25 19:07:55.319
!MESSAGE DelegatingStreamConnectionProvider classloader = org.eclipse.osgi.internal.loader.EquinoxClassLoader@500e5b3f[org.springframework.tooling.boot.ls:1.28.0.202109130547(id=1001)]

!ENTRY org.springframework.tooling.ls.eclipse.commons 1 0 2025-06-25 19:07:55.319
!MESSAGE SpringBootLanguageServer exists!

!ENTRY org.eclipse.lsp4e 4 0 2025-06-25 19:07:55.321
!MESSAGE org.eclipse.lsp4j.jsonrpc.JsonRpcException: java.io.IOException: 파이프가 닫히는 중입니다
!STACK 0
java.util.concurrent.ExecutionException: org.eclipse.lsp4j.jsonrpc.JsonRpcException: java.io.IOException: 파이프가 닫히는 중입니다
	at java.base/java.util.concurrent.CompletableFuture.reportGet(CompletableFuture.java:395)
	at java.base/java.util.concurrent.CompletableFuture.get(CompletableFuture.java:2028)
	at org.eclipse.lsp4e.LanguageServerWrapper.lambda$13(LanguageServerWrapper.java:425)
	at java.base/java.util.concurrent.CompletableFuture$AsyncRun.run(CompletableFuture.java:1736)
	at java.base/java.util.concurrent.CompletableFuture$AsyncRun.exec(CompletableFuture.java:1728)
	at java.base/java.util.concurrent.ForkJoinTask.doExec(ForkJoinTask.java:290)
	at java.base/java.util.concurrent.ForkJoinPool$WorkQueue.topLevelExec(ForkJoinPool.java:1020)
	at java.base/java.util.concurrent.ForkJoinPool.scan(ForkJoinPool.java:1656)
	at java.base/java.util.concurrent.ForkJoinPool.runWorker(ForkJoinPool.java:1594)
	at java.base/java.util.concurrent.ForkJoinWorkerThread.run(ForkJoinWorkerThread.java:183)
Caused by: org.eclipse.lsp4j.jsonrpc.JsonRpcException: java.io.IOException: 파이프가 닫히는 중입니다
	at org.eclipse.lsp4j.jsonrpc.json.StreamMessageConsumer.consume(StreamMessageConsumer.java:72)
	at org.eclipse.lsp4e.LanguageServerWrapper.lambda$4(LanguageServerWrapper.java:260)
	at org.eclipse.lsp4j.jsonrpc.RemoteEndpoint.request(RemoteEndpoint.java:161)
	at org.eclipse.lsp4j.jsonrpc.services.EndpointProxy.invoke(EndpointProxy.java:91)
	at com.sun.proxy.$Proxy49.shutdown(Unknown Source)
	at org.eclipse.lsp4e.LanguageServerWrapper.lambda$13(LanguageServerWrapper.java:423)
	... 7 more
Caused by: java.io.IOException: 파이프가 닫히는 중입니다
	at java.base/java.io.FileOutputStream.writeBytes(Native Method)
	at java.base/java.io.FileOutputStream.write(FileOutputStream.java:354)
	at java.base/java.io.BufferedOutputStream.flushBuffer(BufferedOutputStream.java:81)
	at java.base/java.io.BufferedOutputStream.flush(BufferedOutputStream.java:142)
	at org.eclipse.lsp4j.jsonrpc.json.StreamMessageConsumer.consume(StreamMessageConsumer.java:69)
	... 12 more

!ENTRY org.springframework.tooling.ls.eclipse.commons 1 0 2025-06-25 19:07:55.321
!MESSAGE Entering DelegatingStreamConnectionProvider()

!ENTRY org.springframework.tooling.ls.eclipse.commons 1 0 2025-06-25 19:07:55.321
!MESSAGE DelegatingStreamConnectionProvider classloader = org.eclipse.osgi.internal.loader.EquinoxClassLoader@500e5b3f[org.springframework.tooling.boot.ls:1.28.0.202109130547(id=1001)]

!ENTRY org.eclipse.lsp4e 4 0 2025-06-25 19:07:55.321
!MESSAGE org.eclipse.lsp4j.jsonrpc.JsonRpcException: java.io.IOException: 파이프가 닫히는 중입니다
!STACK 0
java.util.concurrent.ExecutionException: org.eclipse.lsp4j.jsonrpc.JsonRpcException: java.io.IOException: 파이프가 닫히는 중입니다
	at java.base/java.util.concurrent.CompletableFuture.reportGet(CompletableFuture.java:395)
	at java.base/java.util.concurrent.CompletableFuture.get(CompletableFuture.java:2028)
	at org.eclipse.lsp4e.LanguageServerWrapper.lambda$13(LanguageServerWrapper.java:425)
	at java.base/java.util.concurrent.CompletableFuture$AsyncRun.run(CompletableFuture.java:1736)
	at java.base/java.util.concurrent.CompletableFuture$AsyncRun.exec(CompletableFuture.java:1728)
	at java.base/java.util.concurrent.ForkJoinTask.doExec(ForkJoinTask.java:290)
	at java.base/java.util.concurrent.ForkJoinPool$WorkQueue.topLevelExec(ForkJoinPool.java:1020)
	at java.base/java.util.concurrent.ForkJoinPool.scan(ForkJoinPool.java:1656)
	at java.base/java.util.concurrent.ForkJoinPool.runWorker(ForkJoinPool.java:1594)
	at java.base/java.util.concurrent.ForkJoinWorkerThread.run(ForkJoinWorkerThread.java:183)
Caused by: org.eclipse.lsp4j.jsonrpc.JsonRpcException: java.io.IOException: 파이프가 닫히는 중입니다
	at org.eclipse.lsp4j.jsonrpc.json.StreamMessageConsumer.consume(StreamMessageConsumer.java:72)
	at org.eclipse.lsp4e.LanguageServerWrapper.lambda$4(LanguageServerWrapper.java:260)
	at org.eclipse.lsp4j.jsonrpc.RemoteEndpoint.request(RemoteEndpoint.java:161)
	at org.eclipse.lsp4j.jsonrpc.services.EndpointProxy.invoke(EndpointProxy.java:91)
	at com.sun.proxy.$Proxy49.shutdown(Unknown Source)
	at org.eclipse.lsp4e.LanguageServerWrapper.lambda$13(LanguageServerWrapper.java:423)
	... 7 more
Caused by: java.io.IOException: 파이프가 닫히는 중입니다
	at java.base/java.io.FileOutputStream.writeBytes(Native Method)
	at java.base/java.io.FileOutputStream.write(FileOutputStream.java:354)
	at java.base/java.io.BufferedOutputStream.flushBuffer(BufferedOutputStream.java:81)
	at java.base/java.io.BufferedOutputStream.flush(BufferedOutputStream.java:142)
	at org.eclipse.lsp4j.jsonrpc.json.StreamMessageConsumer.consume(StreamMessageConsumer.java:69)
	... 12 more

!ENTRY org.springframework.tooling.ls.eclipse.commons 1 0 2025-06-25 19:07:55.323
!MESSAGE Entering DelegatingStreamConnectionProvider()

!ENTRY org.springframework.tooling.ls.eclipse.commons 1 0 2025-06-25 19:07:55.323
!MESSAGE DelegatingStreamConnectionProvider classloader = org.eclipse.osgi.internal.loader.EquinoxClassLoader@500e5b3f[org.springframework.tooling.boot.ls:1.28.0.202109130547(id=1001)]

!ENTRY org.springframework.tooling.ls.eclipse.commons 1 0 2025-06-25 19:07:55.323
!MESSAGE SpringBootLanguageServer exists!

!ENTRY org.springframework.tooling.ls.eclipse.commons 1 0 2025-06-25 19:07:55.324
!MESSAGE SpringBootLanguageServer exists!

!ENTRY org.eclipse.lsp4e 4 0 2025-06-25 19:07:55.325
!MESSAGE org.eclipse.lsp4j.jsonrpc.JsonRpcException: java.io.IOException: 파이프가 닫히는 중입니다
!STACK 0
java.util.concurrent.ExecutionException: org.eclipse.lsp4j.jsonrpc.JsonRpcException: java.io.IOException: 파이프가 닫히는 중입니다
	at java.base/java.util.concurrent.CompletableFuture.reportGet(CompletableFuture.java:395)
	at java.base/java.util.concurrent.CompletableFuture.get(CompletableFuture.java:2028)
	at org.eclipse.lsp4e.LanguageServerWrapper.lambda$13(LanguageServerWrapper.java:425)
	at java.base/java.util.concurrent.CompletableFuture$AsyncRun.run(CompletableFuture.java:1736)
	at java.base/java.util.concurrent.CompletableFuture$AsyncRun.exec(CompletableFuture.java:1728)
	at java.base/java.util.concurrent.ForkJoinTask.doExec(ForkJoinTask.java:290)
	at java.base/java.util.concurrent.ForkJoinPool$WorkQueue.topLevelExec(ForkJoinPool.java:1020)
	at java.base/java.util.concurrent.ForkJoinPool.scan(ForkJoinPool.java:1656)
	at java.base/java.util.concurrent.ForkJoinPool.runWorker(ForkJoinPool.java:1594)
	at java.base/java.util.concurrent.ForkJoinWorkerThread.run(ForkJoinWorkerThread.java:183)
Caused by: org.eclipse.lsp4j.jsonrpc.JsonRpcException: java.io.IOException: 파이프가 닫히는 중입니다
	at org.eclipse.lsp4j.jsonrpc.json.StreamMessageConsumer.consume(StreamMessageConsumer.java:72)
	at org.eclipse.lsp4e.LanguageServerWrapper.lambda$4(LanguageServerWrapper.java:260)
	at org.eclipse.lsp4j.jsonrpc.RemoteEndpoint.request(RemoteEndpoint.java:161)
	at org.eclipse.lsp4j.jsonrpc.services.EndpointProxy.invoke(EndpointProxy.java:91)
	at com.sun.proxy.$Proxy49.shutdown(Unknown Source)
	at org.eclipse.lsp4e.LanguageServerWrapper.lambda$13(LanguageServerWrapper.java:423)
	... 7 more
Caused by: java.io.IOException: 파이프가 닫히는 중입니다
	at java.base/java.io.FileOutputStream.writeBytes(Native Method)
	at java.base/java.io.FileOutputStream.write(FileOutputStream.java:354)
	at java.base/java.io.BufferedOutputStream.flushBuffer(BufferedOutputStream.java:81)
	at java.base/java.io.BufferedOutputStream.flush(BufferedOutputStream.java:142)
	at org.eclipse.lsp4j.jsonrpc.json.StreamMessageConsumer.consume(StreamMessageConsumer.java:69)
	... 12 more

!ENTRY org.springframework.tooling.ls.eclipse.commons 1 0 2025-06-25 19:07:55.326
!MESSAGE Entering DelegatingStreamConnectionProvider()

!ENTRY org.springframework.tooling.ls.eclipse.commons 1 0 2025-06-25 19:07:55.326
!MESSAGE DelegatingStreamConnectionProvider classloader = org.eclipse.osgi.internal.loader.EquinoxClassLoader@500e5b3f[org.springframework.tooling.boot.ls:1.28.0.202109130547(id=1001)]

!ENTRY org.springframework.tooling.ls.eclipse.commons 1 0 2025-06-25 19:07:55.327
!MESSAGE SpringBootLanguageServer exists!

!ENTRY org.eclipse.lsp4e 4 0 2025-06-25 19:07:55.329
!MESSAGE org.eclipse.lsp4j.jsonrpc.JsonRpcException: java.io.IOException: 파이프가 닫히는 중입니다
!STACK 0
java.util.concurrent.ExecutionException: org.eclipse.lsp4j.jsonrpc.JsonRpcException: java.io.IOException: 파이프가 닫히는 중입니다
	at java.base/java.util.concurrent.CompletableFuture.reportGet(CompletableFuture.java:395)
	at java.base/java.util.concurrent.CompletableFuture.get(CompletableFuture.java:2028)
	at org.eclipse.lsp4e.LanguageServerWrapper.lambda$13(LanguageServerWrapper.java:425)
	at java.base/java.util.concurrent.CompletableFuture$AsyncRun.run(CompletableFuture.java:1736)
	at java.base/java.util.concurrent.CompletableFuture$AsyncRun.exec(CompletableFuture.java:1728)
	at java.base/java.util.concurrent.ForkJoinTask.doExec(ForkJoinTask.java:290)
	at java.base/java.util.concurrent.ForkJoinPool$WorkQueue.topLevelExec(ForkJoinPool.java:1020)
	at java.base/java.util.concurrent.ForkJoinPool.scan(ForkJoinPool.java:1656)
	at java.base/java.util.concurrent.ForkJoinPool.runWorker(ForkJoinPool.java:1594)
	at java.base/java.util.concurrent.ForkJoinWorkerThread.run(ForkJoinWorkerThread.java:183)
Caused by: org.eclipse.lsp4j.jsonrpc.JsonRpcException: java.io.IOException: 파이프가 닫히는 중입니다
	at org.eclipse.lsp4j.jsonrpc.json.StreamMessageConsumer.consume(StreamMessageConsumer.java:72)
	at org.eclipse.lsp4e.LanguageServerWrapper.lambda$4(LanguageServerWrapper.java:260)
	at org.eclipse.lsp4j.jsonrpc.RemoteEndpoint.request(RemoteEndpoint.java:161)
	at org.eclipse.lsp4j.jsonrpc.services.EndpointProxy.invoke(EndpointProxy.java:91)
	at com.sun.proxy.$Proxy49.shutdown(Unknown Source)
	at org.eclipse.lsp4e.LanguageServerWrapper.lambda$13(LanguageServerWrapper.java:423)
	... 7 more
Caused by: java.io.IOException: 파이프가 닫히는 중입니다
	at java.base/java.io.FileOutputStream.writeBytes(Native Method)
	at java.base/java.io.FileOutputStream.write(FileOutputStream.java:354)
	at java.base/java.io.BufferedOutputStream.flushBuffer(BufferedOutputStream.java:81)
	at java.base/java.io.BufferedOutputStream.flush(BufferedOutputStream.java:142)
	at org.eclipse.lsp4j.jsonrpc.json.StreamMessageConsumer.consume(StreamMessageConsumer.java:69)
	... 12 more

!ENTRY org.springframework.tooling.ls.eclipse.commons 1 0 2025-06-25 19:07:55.331
!MESSAGE Entering DelegatingStreamConnectionProvider()

!ENTRY org.springframework.tooling.ls.eclipse.commons 1 0 2025-06-25 19:07:55.331
!MESSAGE DelegatingStreamConnectionProvider classloader = org.eclipse.osgi.internal.loader.EquinoxClassLoader@500e5b3f[org.springframework.tooling.boot.ls:1.28.0.202109130547(id=1001)]

!ENTRY org.springframework.tooling.ls.eclipse.commons 1 0 2025-06-25 19:07:55.331
!MESSAGE SpringBootLanguageServer exists!

!ENTRY org.eclipse.lsp4e 4 0 2025-06-25 19:07:55.335
!MESSAGE org.eclipse.lsp4j.jsonrpc.JsonRpcException: java.io.IOException: 파이프가 닫히는 중입니다
!STACK 0
java.util.concurrent.ExecutionException: org.eclipse.lsp4j.jsonrpc.JsonRpcException: java.io.IOException: 파이프가 닫히는 중입니다
	at java.base/java.util.concurrent.CompletableFuture.reportGet(CompletableFuture.java:395)
	at java.base/java.util.concurrent.CompletableFuture.get(CompletableFuture.java:2028)
	at org.eclipse.lsp4e.LanguageServerWrapper.lambda$13(LanguageServerWrapper.java:425)
	at java.base/java.util.concurrent.CompletableFuture$AsyncRun.run(CompletableFuture.java:1736)
	at java.base/java.util.concurrent.CompletableFuture$AsyncRun.exec(CompletableFuture.java:1728)
	at java.base/java.util.concurrent.ForkJoinTask.doExec(ForkJoinTask.java:290)
	at java.base/java.util.concurrent.ForkJoinPool$WorkQueue.topLevelExec(ForkJoinPool.java:1020)
	at java.base/java.util.concurrent.ForkJoinPool.scan(ForkJoinPool.java:1656)
	at java.base/java.util.concurrent.ForkJoinPool.runWorker(ForkJoinPool.java:1594)
	at java.base/java.util.concurrent.ForkJoinWorkerThread.run(ForkJoinWorkerThread.java:183)
Caused by: org.eclipse.lsp4j.jsonrpc.JsonRpcException: java.io.IOException: 파이프가 닫히는 중입니다
	at org.eclipse.lsp4j.jsonrpc.json.StreamMessageConsumer.consume(StreamMessageConsumer.java:72)
	at org.eclipse.lsp4e.LanguageServerWrapper.lambda$4(LanguageServerWrapper.java:260)
	at org.eclipse.lsp4j.jsonrpc.RemoteEndpoint.request(RemoteEndpoint.java:161)
	at org.eclipse.lsp4j.jsonrpc.services.EndpointProxy.invoke(EndpointProxy.java:91)
	at com.sun.proxy.$Proxy49.shutdown(Unknown Source)
	at org.eclipse.lsp4e.LanguageServerWrapper.lambda$13(LanguageServerWrapper.java:423)
	... 7 more
Caused by: java.io.IOException: 파이프가 닫히는 중입니다
	at java.base/java.io.FileOutputStream.writeBytes(Native Method)
	at java.base/java.io.FileOutputStream.write(FileOutputStream.java:354)
	at java.base/java.io.BufferedOutputStream.flushBuffer(BufferedOutputStream.java:81)
	at java.base/java.io.BufferedOutputStream.flush(BufferedOutputStream.java:142)
	at org.eclipse.lsp4j.jsonrpc.json.StreamMessageConsumer.consume(StreamMessageConsumer.java:69)
	... 12 more

!ENTRY org.springframework.tooling.ls.eclipse.commons 1 0 2025-06-25 19:07:55.336
!MESSAGE Entering DelegatingStreamConnectionProvider()

!ENTRY org.springframework.tooling.ls.eclipse.commons 1 0 2025-06-25 19:07:55.336
!MESSAGE DelegatingStreamConnectionProvider classloader = org.eclipse.osgi.internal.loader.EquinoxClassLoader@500e5b3f[org.springframework.tooling.boot.ls:1.28.0.202109130547(id=1001)]

!ENTRY org.springframework.tooling.ls.eclipse.commons 1 0 2025-06-25 19:07:55.337
!MESSAGE SpringBootLanguageServer exists!

!ENTRY org.eclipse.lsp4e 4 0 2025-06-25 19:07:55.344
!MESSAGE org.eclipse.lsp4j.jsonrpc.JsonRpcException: java.io.IOException: 파이프가 닫히는 중입니다
!STACK 0
java.util.concurrent.ExecutionException: org.eclipse.lsp4j.jsonrpc.JsonRpcException: java.io.IOException: 파이프가 닫히는 중입니다
	at java.base/java.util.concurrent.CompletableFuture.reportGet(CompletableFuture.java:395)
	at java.base/java.util.concurrent.CompletableFuture.get(CompletableFuture.java:2028)
	at org.eclipse.lsp4e.LanguageServerWrapper.lambda$13(LanguageServerWrapper.java:425)
	at java.base/java.util.concurrent.CompletableFuture$AsyncRun.run(CompletableFuture.java:1736)
	at java.base/java.util.concurrent.CompletableFuture$AsyncRun.exec(CompletableFuture.java:1728)
	at java.base/java.util.concurrent.ForkJoinTask.doExec(ForkJoinTask.java:290)
	at java.base/java.util.concurrent.ForkJoinPool$WorkQueue.topLevelExec(ForkJoinPool.java:1020)
	at java.base/java.util.concurrent.ForkJoinPool.scan(ForkJoinPool.java:1656)
	at java.base/java.util.concurrent.ForkJoinPool.runWorker(ForkJoinPool.java:1594)
	at java.base/java.util.concurrent.ForkJoinWorkerThread.run(ForkJoinWorkerThread.java:183)
Caused by: org.eclipse.lsp4j.jsonrpc.JsonRpcException: java.io.IOException: 파이프가 닫히는 중입니다
	at org.eclipse.lsp4j.jsonrpc.json.StreamMessageConsumer.consume(StreamMessageConsumer.java:72)
	at org.eclipse.lsp4e.LanguageServerWrapper.lambda$4(LanguageServerWrapper.java:260)
	at org.eclipse.lsp4j.jsonrpc.RemoteEndpoint.request(RemoteEndpoint.java:161)
	at org.eclipse.lsp4j.jsonrpc.services.EndpointProxy.invoke(EndpointProxy.java:91)
	at com.sun.proxy.$Proxy49.shutdown(Unknown Source)
	at org.eclipse.lsp4e.LanguageServerWrapper.lambda$13(LanguageServerWrapper.java:423)
	... 7 more
Caused by: java.io.IOException: 파이프가 닫히는 중입니다
	at java.base/java.io.FileOutputStream.writeBytes(Native Method)
	at java.base/java.io.FileOutputStream.write(FileOutputStream.java:354)
	at java.base/java.io.BufferedOutputStream.flushBuffer(BufferedOutputStream.java:81)
	at java.base/java.io.BufferedOutputStream.flush(BufferedOutputStream.java:142)
	at org.eclipse.lsp4j.jsonrpc.json.StreamMessageConsumer.consume(StreamMessageConsumer.java:69)
	... 12 more

!ENTRY org.springframework.tooling.ls.eclipse.commons 1 0 2025-06-25 19:07:55.345
!MESSAGE Entering DelegatingStreamConnectionProvider()

!ENTRY org.springframework.tooling.ls.eclipse.commons 1 0 2025-06-25 19:07:55.345
!MESSAGE DelegatingStreamConnectionProvider classloader = org.eclipse.osgi.internal.loader.EquinoxClassLoader@500e5b3f[org.springframework.tooling.boot.ls:1.28.0.202109130547(id=1001)]

!ENTRY org.springframework.tooling.ls.eclipse.commons 1 0 2025-06-25 19:07:55.347
!MESSAGE SpringBootLanguageServer exists!

!ENTRY org.springframework.tooling.ls.eclipse.commons 1 0 2025-06-25 19:07:56.519
!MESSAGE Boot LS startup time from start to initialized: 1229ms

!ENTRY org.springframework.tooling.ls.eclipse.commons 1 0 2025-06-25 19:07:56.571
!MESSAGE ClasspathListenerHandler addClasspathListener sts4.classpath.KfYNgMfGisBatched = true

!ENTRY org.springframework.tooling.ls.eclipse.commons 1 0 2025-06-25 19:07:56.572
!MESSAGE Setting up ClasspathListenerManager

!ENTRY org.springframework.tooling.ls.eclipse.commons 1 0 2025-06-25 19:07:56.572
!MESSAGE Scheduling initial event for all projects ...

!ENTRY org.springframework.tooling.ls.eclipse.commons 1 0 2025-06-25 19:07:56.572
!MESSAGE Scheduling initial event for all projects DONE

!ENTRY org.springframework.tooling.ls.eclipse.commons 1 0 2025-06-25 19:07:56.572
!MESSAGE ClasspathListenerHandler addClasspathListener sts4.classpath.KfYNgMfG => OK

!ENTRY org.springframework.tooling.ls.eclipse.commons 1 0 2025-06-25 19:07:56.572
!MESSAGE exists = true open = true => deleted = false

!ENTRY org.springframework.tooling.ls.eclipse.commons 1 0 2025-06-25 19:07:56.575
!MESSAGE classpath=79 entries

!ENTRY org.springframework.tooling.ls.eclipse.commons 1 0 2025-06-25 19:07:56.576
!MESSAGE buffering callback sts4.classpath.KfYNgMfG MapperExam false 79

!ENTRY org.springframework.tooling.ls.eclipse.commons 1 0 2025-06-25 19:07:56.576
!MESSAGE executing callback sts4.classpath.KfYNgMfG 1 batched events

!ENTRY org.springframework.tooling.ls.eclipse.commons 1 0 2025-06-25 19:07:56.827
!MESSAGE executing callback sts4.classpath.KfYNgMfG SUCCESS [done]

!ENTRY org.eclipse.lsp4e 4 0 2025-06-25 19:07:56.840
!MESSAGE org.eclipse.lsp4j.jsonrpc.JsonRpcException: java.io.IOException: 파이프가 닫히는 중입니다
!STACK 0
java.util.concurrent.ExecutionException: org.eclipse.lsp4j.jsonrpc.JsonRpcException: java.io.IOException: 파이프가 닫히는 중입니다
	at java.base/java.util.concurrent.CompletableFuture.reportGet(CompletableFuture.java:395)
	at java.base/java.util.concurrent.CompletableFuture.get(CompletableFuture.java:2028)
	at org.eclipse.lsp4e.LanguageServerWrapper.lambda$13(LanguageServerWrapper.java:425)
	at java.base/java.util.concurrent.CompletableFuture$AsyncRun.run(CompletableFuture.java:1736)
	at java.base/java.util.concurrent.CompletableFuture$AsyncRun.exec(CompletableFuture.java:1728)
	at java.base/java.util.concurrent.ForkJoinTask.doExec(ForkJoinTask.java:290)
	at java.base/java.util.concurrent.ForkJoinPool$WorkQueue.topLevelExec(ForkJoinPool.java:1020)
	at java.base/java.util.concurrent.ForkJoinPool.scan(ForkJoinPool.java:1656)
	at java.base/java.util.concurrent.ForkJoinPool.runWorker(ForkJoinPool.java:1594)
	at java.base/java.util.concurrent.ForkJoinWorkerThread.run(ForkJoinWorkerThread.java:183)
Caused by: org.eclipse.lsp4j.jsonrpc.JsonRpcException: java.io.IOException: 파이프가 닫히는 중입니다
	at org.eclipse.lsp4j.jsonrpc.json.StreamMessageConsumer.consume(StreamMessageConsumer.java:72)
	at org.eclipse.lsp4e.LanguageServerWrapper.lambda$4(LanguageServerWrapper.java:260)
	at org.eclipse.lsp4j.jsonrpc.RemoteEndpoint.request(RemoteEndpoint.java:161)
	at org.eclipse.lsp4j.jsonrpc.services.EndpointProxy.invoke(EndpointProxy.java:91)
	at com.sun.proxy.$Proxy49.shutdown(Unknown Source)
	at org.eclipse.lsp4e.LanguageServerWrapper.lambda$13(LanguageServerWrapper.java:423)
	... 7 more
Caused by: java.io.IOException: 파이프가 닫히는 중입니다
	at java.base/java.io.FileOutputStream.writeBytes(Native Method)
	at java.base/java.io.FileOutputStream.write(FileOutputStream.java:354)
	at java.base/java.io.BufferedOutputStream.flushBuffer(BufferedOutputStream.java:81)
	at java.base/java.io.BufferedOutputStream.flush(BufferedOutputStream.java:142)
	at org.eclipse.lsp4j.jsonrpc.json.StreamMessageConsumer.consume(StreamMessageConsumer.java:69)
	... 12 more

!ENTRY org.springframework.tooling.ls.eclipse.commons 1 0 2025-06-25 19:07:56.843
!MESSAGE Entering DelegatingStreamConnectionProvider()

!ENTRY org.springframework.tooling.ls.eclipse.commons 1 0 2025-06-25 19:07:56.843
!MESSAGE Entering DelegatingStreamConnectionProvider()

!ENTRY org.eclipse.lsp4e 4 0 2025-06-25 19:07:56.843
!MESSAGE org.eclipse.lsp4j.jsonrpc.JsonRpcException: java.io.IOException: 파이프가 닫히는 중입니다
!STACK 0
java.util.concurrent.ExecutionException: org.eclipse.lsp4j.jsonrpc.JsonRpcException: java.io.IOException: 파이프가 닫히는 중입니다
	at java.base/java.util.concurrent.CompletableFuture.reportGet(CompletableFuture.java:395)
	at java.base/java.util.concurrent.CompletableFuture.get(CompletableFuture.java:2028)
	at org.eclipse.lsp4e.LanguageServerWrapper.lambda$13(LanguageServerWrapper.java:425)
	at java.base/java.util.concurrent.CompletableFuture$AsyncRun.run(CompletableFuture.java:1736)
	at java.base/java.util.concurrent.CompletableFuture$AsyncRun.exec(CompletableFuture.java:1728)
	at java.base/java.util.concurrent.ForkJoinTask.doExec(ForkJoinTask.java:290)
	at java.base/java.util.concurrent.ForkJoinPool$WorkQueue.topLevelExec(ForkJoinPool.java:1020)
	at java.base/java.util.concurrent.ForkJoinPool.scan(ForkJoinPool.java:1656)
	at java.base/java.util.concurrent.ForkJoinPool.runWorker(ForkJoinPool.java:1594)
	at java.base/java.util.concurrent.ForkJoinWorkerThread.run(ForkJoinWorkerThread.java:183)
Caused by: org.eclipse.lsp4j.jsonrpc.JsonRpcException: java.io.IOException: 파이프가 닫히는 중입니다
	at org.eclipse.lsp4j.jsonrpc.json.StreamMessageConsumer.consume(StreamMessageConsumer.java:72)
	at org.eclipse.lsp4e.LanguageServerWrapper.lambda$4(LanguageServerWrapper.java:260)
	at org.eclipse.lsp4j.jsonrpc.RemoteEndpoint.request(RemoteEndpoint.java:161)
	at org.eclipse.lsp4j.jsonrpc.services.EndpointProxy.invoke(EndpointProxy.java:91)
	at com.sun.proxy.$Proxy49.shutdown(Unknown Source)
	at org.eclipse.lsp4e.LanguageServerWrapper.lambda$13(LanguageServerWrapper.java:423)
	... 7 more
Caused by: java.io.IOException: 파이프가 닫히는 중입니다
	at java.base/java.io.FileOutputStream.writeBytes(Native Method)
	at java.base/java.io.FileOutputStream.write(FileOutputStream.java:354)
	at java.base/java.io.BufferedOutputStream.flushBuffer(BufferedOutputStream.java:81)
	at java.base/java.io.BufferedOutputStream.flush(BufferedOutputStream.java:142)
	at org.eclipse.lsp4j.jsonrpc.json.StreamMessageConsumer.consume(StreamMessageConsumer.java:69)
	... 12 more

!ENTRY org.springframework.tooling.ls.eclipse.commons 1 0 2025-06-25 19:07:56.845
!MESSAGE Entering DelegatingStreamConnectionProvider()

!ENTRY org.eclipse.lsp4e 4 0 2025-06-25 19:07:56.845
!MESSAGE org.eclipse.lsp4j.jsonrpc.JsonRpcException: java.io.IOException: 파이프가 닫히는 중입니다
!STACK 0
java.util.concurrent.ExecutionException: org.eclipse.lsp4j.jsonrpc.JsonRpcException: java.io.IOException: 파이프가 닫히는 중입니다
	at java.base/java.util.concurrent.CompletableFuture.reportGet(CompletableFuture.java:395)
	at java.base/java.util.concurrent.CompletableFuture.get(CompletableFuture.java:2028)
	at org.eclipse.lsp4e.LanguageServerWrapper.lambda$13(LanguageServerWrapper.java:425)
	at java.base/java.util.concurrent.CompletableFuture$AsyncRun.run(CompletableFuture.java:1736)
	at java.base/java.util.concurrent.CompletableFuture$AsyncRun.exec(CompletableFuture.java:1728)
	at java.base/java.util.concurrent.ForkJoinTask.doExec(ForkJoinTask.java:290)
	at java.base/java.util.concurrent.ForkJoinPool$WorkQueue.topLevelExec(ForkJoinPool.java:1020)
	at java.base/java.util.concurrent.ForkJoinPool.scan(ForkJoinPool.java:1656)
	at java.base/java.util.concurrent.ForkJoinPool.runWorker(ForkJoinPool.java:1594)
	at java.base/java.util.concurrent.ForkJoinWorkerThread.run(ForkJoinWorkerThread.java:183)
Caused by: org.eclipse.lsp4j.jsonrpc.JsonRpcException: java.io.IOException: 파이프가 닫히는 중입니다
	at org.eclipse.lsp4j.jsonrpc.json.StreamMessageConsumer.consume(StreamMessageConsumer.java:72)
	at org.eclipse.lsp4e.LanguageServerWrapper.lambda$4(LanguageServerWrapper.java:260)
	at org.eclipse.lsp4j.jsonrpc.RemoteEndpoint.request(RemoteEndpoint.java:161)
	at org.eclipse.lsp4j.jsonrpc.services.EndpointProxy.invoke(EndpointProxy.java:91)
	at com.sun.proxy.$Proxy49.shutdown(Unknown Source)
	at org.eclipse.lsp4e.LanguageServerWrapper.lambda$13(LanguageServerWrapper.java:423)
	... 7 more
Caused by: java.io.IOException: 파이프가 닫히는 중입니다
	at java.base/java.io.FileOutputStream.writeBytes(Native Method)
	at java.base/java.io.FileOutputStream.write(FileOutputStream.java:354)
	at java.base/java.io.BufferedOutputStream.flushBuffer(BufferedOutputStream.java:81)
	at java.base/java.io.BufferedOutputStream.flush(BufferedOutputStream.java:142)
	at org.eclipse.lsp4j.jsonrpc.json.StreamMessageConsumer.consume(StreamMessageConsumer.java:69)
	... 12 more

!ENTRY org.eclipse.lsp4e 4 0 2025-06-25 19:07:56.845
!MESSAGE org.eclipse.lsp4j.jsonrpc.JsonRpcException: java.io.IOException: 파이프가 닫히는 중입니다
!STACK 0
java.util.concurrent.ExecutionException: org.eclipse.lsp4j.jsonrpc.JsonRpcException: java.io.IOException: 파이프가 닫히는 중입니다
	at java.base/java.util.concurrent.CompletableFuture.reportGet(CompletableFuture.java:395)
	at java.base/java.util.concurrent.CompletableFuture.get(CompletableFuture.java:2028)
	at org.eclipse.lsp4e.LanguageServerWrapper.lambda$13(LanguageServerWrapper.java:425)
	at java.base/java.util.concurrent.CompletableFuture$AsyncRun.run(CompletableFuture.java:1736)
	at java.base/java.util.concurrent.CompletableFuture$AsyncRun.exec(CompletableFuture.java:1728)
	at java.base/java.util.concurrent.ForkJoinTask.doExec(ForkJoinTask.java:290)
	at java.base/java.util.concurrent.ForkJoinPool$WorkQueue.topLevelExec(ForkJoinPool.java:1020)
	at java.base/java.util.concurrent.ForkJoinPool.scan(ForkJoinPool.java:1656)
	at java.base/java.util.concurrent.ForkJoinPool.runWorker(ForkJoinPool.java:1594)
	at java.base/java.util.concurrent.ForkJoinWorkerThread.run(ForkJoinWorkerThread.java:183)
Caused by: org.eclipse.lsp4j.jsonrpc.JsonRpcException: java.io.IOException: 파이프가 닫히는 중입니다
	at org.eclipse.lsp4j.jsonrpc.json.StreamMessageConsumer.consume(StreamMessageConsumer.java:72)
	at org.eclipse.lsp4e.LanguageServerWrapper.lambda$4(LanguageServerWrapper.java:260)
	at org.eclipse.lsp4j.jsonrpc.RemoteEndpoint.request(RemoteEndpoint.java:161)
	at org.eclipse.lsp4j.jsonrpc.services.EndpointProxy.invoke(EndpointProxy.java:91)
	at com.sun.proxy.$Proxy49.shutdown(Unknown Source)
	at org.eclipse.lsp4e.LanguageServerWrapper.lambda$13(LanguageServerWrapper.java:423)
	... 7 more
Caused by: java.io.IOException: 파이프가 닫히는 중입니다
	at java.base/java.io.FileOutputStream.writeBytes(Native Method)
	at java.base/java.io.FileOutputStream.write(FileOutputStream.java:354)
	at java.base/java.io.BufferedOutputStream.flushBuffer(BufferedOutputStream.java:81)
	at java.base/java.io.BufferedOutputStream.flush(BufferedOutputStream.java:142)
	at org.eclipse.lsp4j.jsonrpc.json.StreamMessageConsumer.consume(StreamMessageConsumer.java:69)
	... 12 more

!ENTRY org.springframework.tooling.ls.eclipse.commons 1 0 2025-06-25 19:07:56.846
!MESSAGE Entering DelegatingStreamConnectionProvider()

!ENTRY org.springframework.tooling.ls.eclipse.commons 1 0 2025-06-25 19:07:56.846
!MESSAGE DelegatingStreamConnectionProvider classloader = org.eclipse.osgi.internal.loader.EquinoxClassLoader@500e5b3f[org.springframework.tooling.boot.ls:1.28.0.202109130547(id=1001)]

!ENTRY org.eclipse.jface.text 4 0 2025-06-25 19:07:56.846
!MESSAGE org.eclipse.lsp4j.jsonrpc.JsonRpcException: java.io.IOException: 파이프가 닫히는 중입니다
!STACK 0
java.util.concurrent.CompletionException: org.eclipse.lsp4j.jsonrpc.JsonRpcException: java.io.IOException: 파이프가 닫히는 중입니다
	at java.base/java.util.concurrent.CompletableFuture.encodeRelay(CompletableFuture.java:367)
	at java.base/java.util.concurrent.CompletableFuture.completeRelay(CompletableFuture.java:376)
	at java.base/java.util.concurrent.CompletableFuture$UniCompose.tryFire(CompletableFuture.java:1074)
	at java.base/java.util.concurrent.CompletableFuture.postComplete(CompletableFuture.java:506)
	at java.base/java.util.concurrent.CompletableFuture$AsyncSupply.run(CompletableFuture.java:1705)
	at java.base/java.util.concurrent.CompletableFuture$AsyncSupply.exec(CompletableFuture.java:1692)
	at java.base/java.util.concurrent.ForkJoinTask.doExec(ForkJoinTask.java:290)
	at java.base/java.util.concurrent.ForkJoinPool$WorkQueue.topLevelExec(ForkJoinPool.java:1020)
	at java.base/java.util.concurrent.ForkJoinPool.scan(ForkJoinPool.java:1656)
	at java.base/java.util.concurrent.ForkJoinPool.runWorker(ForkJoinPool.java:1594)
	at java.base/java.util.concurrent.ForkJoinWorkerThread.run(ForkJoinWorkerThread.java:183)
Caused by: org.eclipse.lsp4j.jsonrpc.JsonRpcException: java.io.IOException: 파이프가 닫히는 중입니다
	at org.eclipse.lsp4j.jsonrpc.json.StreamMessageConsumer.consume(StreamMessageConsumer.java:72)
	at org.eclipse.lsp4e.LanguageServerWrapper.lambda$4(LanguageServerWrapper.java:260)
	at org.eclipse.lsp4j.jsonrpc.RemoteEndpoint.request(RemoteEndpoint.java:161)
	at org.eclipse.lsp4j.jsonrpc.services.EndpointProxy.invoke(EndpointProxy.java:91)
	at com.sun.proxy.$Proxy49.initialize(Unknown Source)
	at org.eclipse.lsp4e.LanguageServerWrapper.lambda$8(LanguageServerWrapper.java:359)
	at java.base/java.util.concurrent.CompletableFuture$UniCompose.tryFire(CompletableFuture.java:1072)
	... 8 more
Caused by: java.io.IOException: 파이프가 닫히는 중입니다
	at java.base/java.io.FileOutputStream.writeBytes(Native Method)
	at java.base/java.io.FileOutputStream.write(FileOutputStream.java:354)
	at java.base/java.io.BufferedOutputStream.flushBuffer(BufferedOutputStream.java:81)
	at java.base/java.io.BufferedOutputStream.flush(BufferedOutputStream.java:142)
	at org.eclipse.lsp4j.jsonrpc.json.StreamMessageConsumer.consume(StreamMessageConsumer.java:69)
	... 14 more

!ENTRY org.eclipse.jface.text 4 0 2025-06-25 19:07:56.847
!MESSAGE org.eclipse.lsp4j.jsonrpc.JsonRpcException: java.io.IOException: 파이프가 닫히는 중입니다
!STACK 0
java.util.concurrent.CompletionException: org.eclipse.lsp4j.jsonrpc.JsonRpcException: java.io.IOException: 파이프가 닫히는 중입니다
	at java.base/java.util.concurrent.CompletableFuture.encodeRelay(CompletableFuture.java:367)
	at java.base/java.util.concurrent.CompletableFuture.completeRelay(CompletableFuture.java:376)
	at java.base/java.util.concurrent.CompletableFuture$UniCompose.tryFire(CompletableFuture.java:1074)
	at java.base/java.util.concurrent.CompletableFuture.postComplete(CompletableFuture.java:506)
	at java.base/java.util.concurrent.CompletableFuture$AsyncSupply.run(CompletableFuture.java:1705)
	at java.base/java.util.concurrent.CompletableFuture$AsyncSupply.exec(CompletableFuture.java:1692)
	at java.base/java.util.concurrent.ForkJoinTask.doExec(ForkJoinTask.java:290)
	at java.base/java.util.concurrent.ForkJoinPool$WorkQueue.topLevelExec(ForkJoinPool.java:1020)
	at java.base/java.util.concurrent.ForkJoinPool.scan(ForkJoinPool.java:1656)
	at java.base/java.util.concurrent.ForkJoinPool.runWorker(ForkJoinPool.java:1594)
	at java.base/java.util.concurrent.ForkJoinWorkerThread.run(ForkJoinWorkerThread.java:183)
Caused by: org.eclipse.lsp4j.jsonrpc.JsonRpcException: java.io.IOException: 파이프가 닫히는 중입니다
	at org.eclipse.lsp4j.jsonrpc.json.StreamMessageConsumer.consume(StreamMessageConsumer.java:72)
	at org.eclipse.lsp4e.LanguageServerWrapper.lambda$4(LanguageServerWrapper.java:260)
	at org.eclipse.lsp4j.jsonrpc.RemoteEndpoint.request(RemoteEndpoint.java:161)
	at org.eclipse.lsp4j.jsonrpc.services.EndpointProxy.invoke(EndpointProxy.java:91)
	at com.sun.proxy.$Proxy49.initialize(Unknown Source)
	at org.eclipse.lsp4e.LanguageServerWrapper.lambda$8(LanguageServerWrapper.java:359)
	at java.base/java.util.concurrent.CompletableFuture$UniCompose.tryFire(CompletableFuture.java:1072)
	... 8 more
Caused by: java.io.IOException: 파이프가 닫히는 중입니다
	at java.base/java.io.FileOutputStream.writeBytes(Native Method)
	at java.base/java.io.FileOutputStream.write(FileOutputStream.java:354)
	at java.base/java.io.BufferedOutputStream.flushBuffer(BufferedOutputStream.java:81)
	at java.base/java.io.BufferedOutputStream.flush(BufferedOutputStream.java:142)
	at org.eclipse.lsp4j.jsonrpc.json.StreamMessageConsumer.consume(StreamMessageConsumer.java:69)
	... 14 more

!ENTRY org.eclipse.lsp4e 4 0 2025-06-25 19:07:56.847
!MESSAGE java.util.concurrent.CancellationException
!STACK 0
java.util.concurrent.ExecutionException: java.util.concurrent.CancellationException
	at java.base/java.util.concurrent.CompletableFuture.reportGet(CompletableFuture.java:395)
	at java.base/java.util.concurrent.CompletableFuture.get(CompletableFuture.java:2028)
	at org.eclipse.lsp4e.LanguageServerWrapper.getServerCapabilities(LanguageServerWrapper.java:699)
	at org.eclipse.lsp4e.LanguageServiceAccessor.lambda$15(LanguageServiceAccessor.java:590)
	at java.base/java.util.concurrent.CompletableFuture$UniCompose.tryFire(CompletableFuture.java:1072)
	at java.base/java.util.concurrent.CompletableFuture$Completion.exec(CompletableFuture.java:479)
	at java.base/java.util.concurrent.ForkJoinTask.doExec(ForkJoinTask.java:290)
	at java.base/java.util.concurrent.ForkJoinPool$WorkQueue.topLevelExec(ForkJoinPool.java:1020)
	at java.base/java.util.concurrent.ForkJoinPool.scan(ForkJoinPool.java:1656)
	at java.base/java.util.concurrent.ForkJoinPool.runWorker(ForkJoinPool.java:1594)
	at java.base/java.util.concurrent.ForkJoinWorkerThread.run(ForkJoinWorkerThread.java:183)
Caused by: java.util.concurrent.CancellationException
	at java.base/java.util.concurrent.CompletableFuture.cancel(CompletableFuture.java:2402)
	at org.eclipse.lsp4e.LanguageServerWrapper.stop(LanguageServerWrapper.java:410)
	at org.eclipse.lsp4e.LanguageServerWrapper.start(LanguageServerWrapper.java:212)
	at org.eclipse.lsp4e.LanguageServerWrapper.getInitializedServer(LanguageServerWrapper.java:667)
	at org.eclipse.lsp4e.LanguageServiceAccessor.lambda$14(LanguageServiceAccessor.java:589)
	at java.base/java.util.stream.ReferencePipeline$3$1.accept(ReferencePipeline.java:195)
	at java.base/java.util.Iterator.forEachRemaining(Iterator.java:133)
	at java.base/java.util.Spliterators$IteratorSpliterator.forEachRemaining(Spliterators.java:1801)
	at java.base/java.util.stream.AbstractPipeline.copyInto(AbstractPipeline.java:484)
	at java.base/java.util.stream.AbstractPipeline.wrapAndCopyInto(AbstractPipeline.java:474)
	at java.base/java.util.stream.AbstractPipeline.evaluate(AbstractPipeline.java:550)
	at java.base/java.util.stream.AbstractPipeline.evaluateToArrayNode(AbstractPipeline.java:260)
	at java.base/java.util.stream.ReferencePipeline.toArray(ReferencePipeline.java:517)
	at org.eclipse.lsp4e.LanguageServiceAccessor.getLanguageServers(LanguageServiceAccessor.java:602)
	at org.eclipse.lsp4e.operations.codelens.CodeLensProvider.provideCodeMinings(CodeLensProvider.java:41)
	at org.eclipse.lsp4e.operations.codelens.CodeLensProvider.provideCodeMinings(CodeLensProvider.java:73)
	at org.eclipse.jface.internal.text.codemining.CodeMiningManager.lambda$2(CodeMiningManager.java:189)
	at java.base/java.util.stream.ReferencePipeline$3$1.accept(ReferencePipeline.java:195)
	at java.base/java.util.Spliterators$ArraySpliterator.forEachRemaining(Spliterators.java:948)
	at java.base/java.util.stream.AbstractPipeline.copyInto(AbstractPipeline.java:484)
	at java.base/java.util.stream.AbstractPipeline.wrapAndCopyInto(AbstractPipeline.java:474)
	at java.base/java.util.stream.ReduceOps$ReduceOp.evaluateSequential(ReduceOps.java:913)
	at java.base/java.util.stream.AbstractPipeline.evaluate(AbstractPipeline.java:234)
	at java.base/java.util.stream.ReferencePipeline.collect(ReferencePipeline.java:578)
	at org.eclipse.jface.internal.text.codemining.CodeMiningManager.getCodeMinings(CodeMiningManager.java:195)
	at org.eclipse.jface.internal.text.codemining.CodeMiningManager.updateCodeMinings(CodeMiningManager.java:140)
	at org.eclipse.jface.internal.text.codemining.CodeMiningManager.run(CodeMiningManager.java:129)
	at org.eclipse.jface.text.source.SourceViewer.updateCodeMinings(SourceViewer.java:1313)
	at org.springframework.tooling.ls.eclipse.commons.STS4LanguageClientImpl.lambda$9(STS4LanguageClientImpl.java:409)
	at org.springframework.tooling.jdt.ls.commons.classpath.ReusableClasspathListenerHandler$CallbackJob.lambda$0(ReusableClasspathListenerHandler.java:77)
	at java.base/java.lang.Iterable.forEach(Iterable.java:75)
	at org.springframework.tooling.jdt.ls.commons.classpath.ReusableClasspathListenerHandler$CallbackJob.run(ReusableClasspathListenerHandler.java:77)
	at org.eclipse.core.internal.jobs.Worker.run(Worker.java:63)

!ENTRY org.springframework.tooling.ls.eclipse.commons 1 0 2025-06-25 19:07:56.847
!MESSAGE Entering DelegatingStreamConnectionProvider()

!ENTRY org.springframework.tooling.ls.eclipse.commons 1 0 2025-06-25 19:07:56.848
!MESSAGE DelegatingStreamConnectionProvider classloader = org.eclipse.osgi.internal.loader.EquinoxClassLoader@500e5b3f[org.springframework.tooling.boot.ls:1.28.0.202109130547(id=1001)]

!ENTRY org.springframework.tooling.ls.eclipse.commons 1 0 2025-06-25 19:07:56.848
!MESSAGE SpringBootLanguageServer exists!

!ENTRY org.eclipse.lsp4e 4 0 2025-06-25 19:07:56.849
!MESSAGE java.util.concurrent.CancellationException
!STACK 0
java.util.concurrent.ExecutionException: java.util.concurrent.CancellationException
	at java.base/java.util.concurrent.CompletableFuture.reportGet(CompletableFuture.java:395)
	at java.base/java.util.concurrent.CompletableFuture.get(CompletableFuture.java:2028)
	at org.eclipse.lsp4e.LanguageServerWrapper.getServerCapabilities(LanguageServerWrapper.java:699)
	at org.eclipse.lsp4e.LanguageServiceAccessor.lambda$15(LanguageServiceAccessor.java:590)
	at java.base/java.util.concurrent.CompletableFuture$UniCompose.tryFire(CompletableFuture.java:1072)
	at java.base/java.util.concurrent.CompletableFuture$Completion.exec(CompletableFuture.java:479)
	at java.base/java.util.concurrent.ForkJoinTask.doExec(ForkJoinTask.java:290)
	at java.base/java.util.concurrent.ForkJoinPool$WorkQueue.topLevelExec(ForkJoinPool.java:1020)
	at java.base/java.util.concurrent.ForkJoinPool.scan(ForkJoinPool.java:1656)
	at java.base/java.util.concurrent.ForkJoinPool.runWorker(ForkJoinPool.java:1594)
	at java.base/java.util.concurrent.ForkJoinWorkerThread.run(ForkJoinWorkerThread.java:183)
Caused by: java.util.concurrent.CancellationException
	at java.base/java.util.concurrent.CompletableFuture.cancel(CompletableFuture.java:2402)
	at org.eclipse.lsp4e.LanguageServerWrapper.stop(LanguageServerWrapper.java:410)
	at org.eclipse.lsp4e.LanguageServerWrapper.start(LanguageServerWrapper.java:212)
	at org.eclipse.lsp4e.LanguageServerWrapper.getInitializedServer(LanguageServerWrapper.java:667)
	at org.eclipse.lsp4e.LanguageServiceAccessor.lambda$14(LanguageServiceAccessor.java:589)
	at java.base/java.util.stream.ReferencePipeline$3$1.accept(ReferencePipeline.java:195)
	at java.base/java.util.Iterator.forEachRemaining(Iterator.java:133)
	at java.base/java.util.Spliterators$IteratorSpliterator.forEachRemaining(Spliterators.java:1801)
	at java.base/java.util.stream.AbstractPipeline.copyInto(AbstractPipeline.java:484)
	at java.base/java.util.stream.AbstractPipeline.wrapAndCopyInto(AbstractPipeline.java:474)
	at java.base/java.util.stream.AbstractPipeline.evaluate(AbstractPipeline.java:550)
	at java.base/java.util.stream.AbstractPipeline.evaluateToArrayNode(AbstractPipeline.java:260)
	at java.base/java.util.stream.ReferencePipeline.toArray(ReferencePipeline.java:517)
	at org.eclipse.lsp4e.LanguageServiceAccessor.getLanguageServers(LanguageServiceAccessor.java:602)
	at org.eclipse.lsp4e.operations.codelens.CodeLensProvider.provideCodeMinings(CodeLensProvider.java:41)
	at org.eclipse.lsp4e.operations.codelens.CodeLensProvider.provideCodeMinings(CodeLensProvider.java:73)
	at org.eclipse.jface.internal.text.codemining.CodeMiningManager.lambda$2(CodeMiningManager.java:189)
	at java.base/java.util.stream.ReferencePipeline$3$1.accept(ReferencePipeline.java:195)
	at java.base/java.util.Spliterators$ArraySpliterator.forEachRemaining(Spliterators.java:948)
	at java.base/java.util.stream.AbstractPipeline.copyInto(AbstractPipeline.java:484)
	at java.base/java.util.stream.AbstractPipeline.wrapAndCopyInto(AbstractPipeline.java:474)
	at java.base/java.util.stream.ReduceOps$ReduceOp.evaluateSequential(ReduceOps.java:913)
	at java.base/java.util.stream.AbstractPipeline.evaluate(AbstractPipeline.java:234)
	at java.base/java.util.stream.ReferencePipeline.collect(ReferencePipeline.java:578)
	at org.eclipse.jface.internal.text.codemining.CodeMiningManager.getCodeMinings(CodeMiningManager.java:195)
	at org.eclipse.jface.internal.text.codemining.CodeMiningManager.updateCodeMinings(CodeMiningManager.java:140)
	at org.eclipse.jface.internal.text.codemining.CodeMiningManager.run(CodeMiningManager.java:129)
	at org.eclipse.jface.text.source.SourceViewer.updateCodeMinings(SourceViewer.java:1313)
	at org.springframework.tooling.ls.eclipse.commons.STS4LanguageClientImpl.lambda$9(STS4LanguageClientImpl.java:409)
	at org.springframework.tooling.jdt.ls.commons.classpath.ReusableClasspathListenerHandler$CallbackJob.lambda$0(ReusableClasspathListenerHandler.java:77)
	at java.base/java.lang.Iterable.forEach(Iterable.java:75)
	at org.springframework.tooling.jdt.ls.commons.classpath.ReusableClasspathListenerHandler$CallbackJob.run(ReusableClasspathListenerHandler.java:77)
	at org.eclipse.core.internal.jobs.Worker.run(Worker.java:63)

!ENTRY org.springframework.tooling.ls.eclipse.commons 1 0 2025-06-25 19:07:56.849
!MESSAGE DelegatingStreamConnectionProvider classloader = org.eclipse.osgi.internal.loader.EquinoxClassLoader@500e5b3f[org.springframework.tooling.boot.ls:1.28.0.202109130547(id=1001)]

!ENTRY org.eclipse.lsp4e 4 0 2025-06-25 19:07:56.849
!MESSAGE org.eclipse.lsp4j.jsonrpc.JsonRpcException: java.io.IOException: 파이프가 닫히는 중입니다
!STACK 0
java.util.concurrent.ExecutionException: org.eclipse.lsp4j.jsonrpc.JsonRpcException: java.io.IOException: 파이프가 닫히는 중입니다
	at java.base/java.util.concurrent.CompletableFuture.reportGet(CompletableFuture.java:395)
	at java.base/java.util.concurrent.CompletableFuture.get(CompletableFuture.java:2028)
	at org.eclipse.lsp4e.LanguageServerWrapper.lambda$13(LanguageServerWrapper.java:425)
	at java.base/java.util.concurrent.CompletableFuture$AsyncRun.run(CompletableFuture.java:1736)
	at java.base/java.util.concurrent.CompletableFuture$AsyncRun.exec(CompletableFuture.java:1728)
	at java.base/java.util.concurrent.ForkJoinTask.doExec(ForkJoinTask.java:290)
	at java.base/java.util.concurrent.ForkJoinPool$WorkQueue.topLevelExec(ForkJoinPool.java:1020)
	at java.base/java.util.concurrent.ForkJoinPool.scan(ForkJoinPool.java:1656)
	at java.base/java.util.concurrent.ForkJoinPool.runWorker(ForkJoinPool.java:1594)
	at java.base/java.util.concurrent.ForkJoinWorkerThread.run(ForkJoinWorkerThread.java:183)
Caused by: org.eclipse.lsp4j.jsonrpc.JsonRpcException: java.io.IOException: 파이프가 닫히는 중입니다
	at org.eclipse.lsp4j.jsonrpc.json.StreamMessageConsumer.consume(StreamMessageConsumer.java:72)
	at org.eclipse.lsp4e.LanguageServerWrapper.lambda$4(LanguageServerWrapper.java:260)
	at org.eclipse.lsp4j.jsonrpc.RemoteEndpoint.request(RemoteEndpoint.java:161)
	at org.eclipse.lsp4j.jsonrpc.services.EndpointProxy.invoke(EndpointProxy.java:91)
	at com.sun.proxy.$Proxy49.shutdown(Unknown Source)
	at org.eclipse.lsp4e.LanguageServerWrapper.lambda$13(LanguageServerWrapper.java:423)
	... 7 more
Caused by: java.io.IOException: 파이프가 닫히는 중입니다
	at java.base/java.io.FileOutputStream.writeBytes(Native Method)
	at java.base/java.io.FileOutputStream.write(FileOutputStream.java:354)
	at java.base/java.io.BufferedOutputStream.flushBuffer(BufferedOutputStream.java:81)
	at java.base/java.io.BufferedOutputStream.flush(BufferedOutputStream.java:142)
	at org.eclipse.lsp4j.jsonrpc.json.StreamMessageConsumer.consume(StreamMessageConsumer.java:69)
	... 12 more

!ENTRY org.springframework.tooling.ls.eclipse.commons 1 0 2025-06-25 19:07:56.850
!MESSAGE Entering DelegatingStreamConnectionProvider()

!ENTRY org.eclipse.lsp4e 4 0 2025-06-25 19:07:56.850
!MESSAGE org.eclipse.lsp4j.jsonrpc.JsonRpcException: java.io.IOException: 파이프가 닫히는 중입니다
!STACK 0
java.util.concurrent.ExecutionException: org.eclipse.lsp4j.jsonrpc.JsonRpcException: java.io.IOException: 파이프가 닫히는 중입니다
	at java.base/java.util.concurrent.CompletableFuture.reportGet(CompletableFuture.java:395)
	at java.base/java.util.concurrent.CompletableFuture.get(CompletableFuture.java:2028)
	at org.eclipse.lsp4e.LanguageServerWrapper.lambda$13(LanguageServerWrapper.java:425)
	at java.base/java.util.concurrent.CompletableFuture$AsyncRun.run(CompletableFuture.java:1736)
	at java.base/java.util.concurrent.CompletableFuture$AsyncRun.exec(CompletableFuture.java:1728)
	at java.base/java.util.concurrent.ForkJoinTask.doExec(ForkJoinTask.java:290)
	at java.base/java.util.concurrent.ForkJoinPool$WorkQueue.topLevelExec(ForkJoinPool.java:1020)
	at java.base/java.util.concurrent.ForkJoinPool.scan(ForkJoinPool.java:1656)
	at java.base/java.util.concurrent.ForkJoinPool.runWorker(ForkJoinPool.java:1594)
	at java.base/java.util.concurrent.ForkJoinWorkerThread.run(ForkJoinWorkerThread.java:183)
Caused by: org.eclipse.lsp4j.jsonrpc.JsonRpcException: java.io.IOException: 파이프가 닫히는 중입니다
	at org.eclipse.lsp4j.jsonrpc.json.StreamMessageConsumer.consume(StreamMessageConsumer.java:72)
	at org.eclipse.lsp4e.LanguageServerWrapper.lambda$4(LanguageServerWrapper.java:260)
	at org.eclipse.lsp4j.jsonrpc.RemoteEndpoint.request(RemoteEndpoint.java:161)
	at org.eclipse.lsp4j.jsonrpc.services.EndpointProxy.invoke(EndpointProxy.java:91)
	at com.sun.proxy.$Proxy49.shutdown(Unknown Source)
	at org.eclipse.lsp4e.LanguageServerWrapper.lambda$13(LanguageServerWrapper.java:423)
	... 7 more
Caused by: java.io.IOException: 파이프가 닫히는 중입니다
	at java.base/java.io.FileOutputStream.writeBytes(Native Method)
	at java.base/java.io.FileOutputStream.write(FileOutputStream.java:354)
	at java.base/java.io.BufferedOutputStream.flushBuffer(BufferedOutputStream.java:81)
	at java.base/java.io.BufferedOutputStream.flush(BufferedOutputStream.java:142)
	at org.eclipse.lsp4j.jsonrpc.json.StreamMessageConsumer.consume(StreamMessageConsumer.java:69)
	... 12 more

!ENTRY org.springframework.tooling.ls.eclipse.commons 1 0 2025-06-25 19:07:56.851
!MESSAGE Entering DelegatingStreamConnectionProvider()

!ENTRY org.springframework.tooling.ls.eclipse.commons 1 0 2025-06-25 19:07:56.851
!MESSAGE DelegatingStreamConnectionProvider classloader = org.eclipse.osgi.internal.loader.EquinoxClassLoader@500e5b3f[org.springframework.tooling.boot.ls:1.28.0.202109130547(id=1001)]

!ENTRY org.springframework.tooling.ls.eclipse.commons 1 0 2025-06-25 19:07:56.851
!MESSAGE SpringBootLanguageServer exists!

!ENTRY org.eclipse.lsp4e 4 0 2025-06-25 19:07:56.852
!MESSAGE org.eclipse.lsp4j.jsonrpc.JsonRpcException: java.io.IOException: 파이프가 닫히는 중입니다
!STACK 0
java.util.concurrent.ExecutionException: org.eclipse.lsp4j.jsonrpc.JsonRpcException: java.io.IOException: 파이프가 닫히는 중입니다
	at java.base/java.util.concurrent.CompletableFuture.reportGet(CompletableFuture.java:395)
	at java.base/java.util.concurrent.CompletableFuture.get(CompletableFuture.java:2028)
	at org.eclipse.lsp4e.LanguageServerWrapper.lambda$13(LanguageServerWrapper.java:425)
	at java.base/java.util.concurrent.CompletableFuture$AsyncRun.run(CompletableFuture.java:1736)
	at java.base/java.util.concurrent.CompletableFuture$AsyncRun.exec(CompletableFuture.java:1728)
	at java.base/java.util.concurrent.ForkJoinTask.doExec(ForkJoinTask.java:290)
	at java.base/java.util.concurrent.ForkJoinPool$WorkQueue.topLevelExec(ForkJoinPool.java:1020)
	at java.base/java.util.concurrent.ForkJoinPool.scan(ForkJoinPool.java:1656)
	at java.base/java.util.concurrent.ForkJoinPool.runWorker(ForkJoinPool.java:1594)
	at java.base/java.util.concurrent.ForkJoinWorkerThread.run(ForkJoinWorkerThread.java:183)
Caused by: org.eclipse.lsp4j.jsonrpc.JsonRpcException: java.io.IOException: 파이프가 닫히는 중입니다
	at org.eclipse.lsp4j.jsonrpc.json.StreamMessageConsumer.consume(StreamMessageConsumer.java:72)
	at org.eclipse.lsp4e.LanguageServerWrapper.lambda$4(LanguageServerWrapper.java:260)
	at org.eclipse.lsp4j.jsonrpc.RemoteEndpoint.request(RemoteEndpoint.java:161)
	at org.eclipse.lsp4j.jsonrpc.services.EndpointProxy.invoke(EndpointProxy.java:91)
	at com.sun.proxy.$Proxy49.shutdown(Unknown Source)
	at org.eclipse.lsp4e.LanguageServerWrapper.lambda$13(LanguageServerWrapper.java:423)
	... 7 more
Caused by: java.io.IOException: 파이프가 닫히는 중입니다
	at java.base/java.io.FileOutputStream.writeBytes(Native Method)
	at java.base/java.io.FileOutputStream.write(FileOutputStream.java:354)
	at java.base/java.io.BufferedOutputStream.flushBuffer(BufferedOutputStream.java:81)
	at java.base/java.io.BufferedOutputStream.flush(BufferedOutputStream.java:142)
	at org.eclipse.lsp4j.jsonrpc.json.StreamMessageConsumer.consume(StreamMessageConsumer.java:69)
	... 12 more

!ENTRY org.springframework.tooling.ls.eclipse.commons 1 0 2025-06-25 19:07:56.852
!MESSAGE Entering DelegatingStreamConnectionProvider()

!ENTRY org.springframework.tooling.ls.eclipse.commons 1 0 2025-06-25 19:07:56.853
!MESSAGE DelegatingStreamConnectionProvider classloader = org.eclipse.osgi.internal.loader.EquinoxClassLoader@500e5b3f[org.springframework.tooling.boot.ls:1.28.0.202109130547(id=1001)]

!ENTRY org.springframework.tooling.ls.eclipse.commons 1 0 2025-06-25 19:07:56.853
!MESSAGE DelegatingStreamConnectionProvider classloader = org.eclipse.osgi.internal.loader.EquinoxClassLoader@500e5b3f[org.springframework.tooling.boot.ls:1.28.0.202109130547(id=1001)]

!ENTRY org.springframework.tooling.ls.eclipse.commons 1 0 2025-06-25 19:07:56.853
!MESSAGE SpringBootLanguageServer exists!

!ENTRY org.eclipse.lsp4e 4 0 2025-06-25 19:07:56.853
!MESSAGE org.eclipse.lsp4j.jsonrpc.JsonRpcException: java.io.IOException: 파이프가 닫히는 중입니다
!STACK 0
java.util.concurrent.ExecutionException: org.eclipse.lsp4j.jsonrpc.JsonRpcException: java.io.IOException: 파이프가 닫히는 중입니다
	at java.base/java.util.concurrent.CompletableFuture.reportGet(CompletableFuture.java:395)
	at java.base/java.util.concurrent.CompletableFuture.get(CompletableFuture.java:2028)
	at org.eclipse.lsp4e.LanguageServerWrapper.lambda$13(LanguageServerWrapper.java:425)
	at java.base/java.util.concurrent.CompletableFuture$AsyncRun.run(CompletableFuture.java:1736)
	at java.base/java.util.concurrent.CompletableFuture$AsyncRun.exec(CompletableFuture.java:1728)
	at java.base/java.util.concurrent.ForkJoinTask.doExec(ForkJoinTask.java:290)
	at java.base/java.util.concurrent.ForkJoinPool$WorkQueue.topLevelExec(ForkJoinPool.java:1020)
	at java.base/java.util.concurrent.ForkJoinPool.scan(ForkJoinPool.java:1656)
	at java.base/java.util.concurrent.ForkJoinPool.runWorker(ForkJoinPool.java:1594)
	at java.base/java.util.concurrent.ForkJoinWorkerThread.run(ForkJoinWorkerThread.java:183)
Caused by: org.eclipse.lsp4j.jsonrpc.JsonRpcException: java.io.IOException: 파이프가 닫히는 중입니다
	at org.eclipse.lsp4j.jsonrpc.json.StreamMessageConsumer.consume(StreamMessageConsumer.java:72)
	at org.eclipse.lsp4e.LanguageServerWrapper.lambda$4(LanguageServerWrapper.java:260)
	at org.eclipse.lsp4j.jsonrpc.RemoteEndpoint.request(RemoteEndpoint.java:161)
	at org.eclipse.lsp4j.jsonrpc.services.EndpointProxy.invoke(EndpointProxy.java:91)
	at com.sun.proxy.$Proxy49.shutdown(Unknown Source)
	at org.eclipse.lsp4e.LanguageServerWrapper.lambda$13(LanguageServerWrapper.java:423)
	... 7 more
Caused by: java.io.IOException: 파이프가 닫히는 중입니다
	at java.base/java.io.FileOutputStream.writeBytes(Native Method)
	at java.base/java.io.FileOutputStream.write(FileOutputStream.java:354)
	at java.base/java.io.BufferedOutputStream.flushBuffer(BufferedOutputStream.java:81)
	at java.base/java.io.BufferedOutputStream.flush(BufferedOutputStream.java:142)
	at org.eclipse.lsp4j.jsonrpc.json.StreamMessageConsumer.consume(StreamMessageConsumer.java:69)
	... 12 more

!ENTRY org.springframework.tooling.ls.eclipse.commons 1 0 2025-06-25 19:07:56.855
!MESSAGE Entering DelegatingStreamConnectionProvider()

!ENTRY org.springframework.tooling.ls.eclipse.commons 1 0 2025-06-25 19:07:56.855
!MESSAGE DelegatingStreamConnectionProvider classloader = org.eclipse.osgi.internal.loader.EquinoxClassLoader@500e5b3f[org.springframework.tooling.boot.ls:1.28.0.202109130547(id=1001)]

!ENTRY org.springframework.tooling.ls.eclipse.commons 1 0 2025-06-25 19:07:56.856
!MESSAGE SpringBootLanguageServer exists!

!ENTRY org.springframework.tooling.ls.eclipse.commons 1 0 2025-06-25 19:07:56.856
!MESSAGE Entering DelegatingStreamConnectionProvider()

!ENTRY org.springframework.tooling.ls.eclipse.commons 1 0 2025-06-25 19:07:56.857
!MESSAGE DelegatingStreamConnectionProvider classloader = org.eclipse.osgi.internal.loader.EquinoxClassLoader@500e5b3f[org.springframework.tooling.boot.ls:1.28.0.202109130547(id=1001)]

!ENTRY org.springframework.tooling.ls.eclipse.commons 1 0 2025-06-25 19:07:56.857
!MESSAGE SpringBootLanguageServer exists!

!ENTRY org.springframework.tooling.ls.eclipse.commons 1 0 2025-06-25 19:07:56.857
!MESSAGE Entering DelegatingStreamConnectionProvider()

!ENTRY org.eclipse.lsp4e 4 0 2025-06-25 19:07:56.857
!MESSAGE org.eclipse.lsp4j.jsonrpc.JsonRpcException: java.io.IOException: 파이프가 닫히는 중입니다
!STACK 0
java.util.concurrent.ExecutionException: org.eclipse.lsp4j.jsonrpc.JsonRpcException: java.io.IOException: 파이프가 닫히는 중입니다
	at java.base/java.util.concurrent.CompletableFuture.reportGet(CompletableFuture.java:395)
	at java.base/java.util.concurrent.CompletableFuture.get(CompletableFuture.java:2028)
	at org.eclipse.lsp4e.LanguageServerWrapper.lambda$13(LanguageServerWrapper.java:425)
	at java.base/java.util.concurrent.CompletableFuture$AsyncRun.run(CompletableFuture.java:1736)
	at java.base/java.util.concurrent.CompletableFuture$AsyncRun.exec(CompletableFuture.java:1728)
	at java.base/java.util.concurrent.ForkJoinTask.doExec(ForkJoinTask.java:290)
	at java.base/java.util.concurrent.ForkJoinPool$WorkQueue.topLevelExec(ForkJoinPool.java:1020)
	at java.base/java.util.concurrent.ForkJoinPool.scan(ForkJoinPool.java:1656)
	at java.base/java.util.concurrent.ForkJoinPool.runWorker(ForkJoinPool.java:1594)
	at java.base/java.util.concurrent.ForkJoinWorkerThread.run(ForkJoinWorkerThread.java:183)
Caused by: org.eclipse.lsp4j.jsonrpc.JsonRpcException: java.io.IOException: 파이프가 닫히는 중입니다
	at org.eclipse.lsp4j.jsonrpc.json.StreamMessageConsumer.consume(StreamMessageConsumer.java:72)
	at org.eclipse.lsp4e.LanguageServerWrapper.lambda$4(LanguageServerWrapper.java:260)
	at org.eclipse.lsp4j.jsonrpc.RemoteEndpoint.request(RemoteEndpoint.java:161)
	at org.eclipse.lsp4j.jsonrpc.services.EndpointProxy.invoke(EndpointProxy.java:91)
	at com.sun.proxy.$Proxy49.shutdown(Unknown Source)
	at org.eclipse.lsp4e.LanguageServerWrapper.lambda$13(LanguageServerWrapper.java:423)
	... 7 more
Caused by: java.io.IOException: 파이프가 닫히는 중입니다
	at java.base/java.io.FileOutputStream.writeBytes(Native Method)
	at java.base/java.io.FileOutputStream.write(FileOutputStream.java:354)
	at java.base/java.io.BufferedOutputStream.flushBuffer(BufferedOutputStream.java:81)
	at java.base/java.io.BufferedOutputStream.flush(BufferedOutputStream.java:142)
	at org.eclipse.lsp4j.jsonrpc.json.StreamMessageConsumer.consume(StreamMessageConsumer.java:69)
	... 12 more

!ENTRY org.eclipse.lsp4e 4 0 2025-06-25 19:07:56.858
!MESSAGE org.eclipse.lsp4j.jsonrpc.JsonRpcException: java.io.IOException: 파이프가 닫히는 중입니다
!STACK 0
java.util.concurrent.ExecutionException: org.eclipse.lsp4j.jsonrpc.JsonRpcException: java.io.IOException: 파이프가 닫히는 중입니다
	at java.base/java.util.concurrent.CompletableFuture.reportGet(CompletableFuture.java:395)
	at java.base/java.util.concurrent.CompletableFuture.get(CompletableFuture.java:2028)
	at org.eclipse.lsp4e.LanguageServerWrapper.lambda$13(LanguageServerWrapper.java:425)
	at java.base/java.util.concurrent.CompletableFuture$AsyncRun.run(CompletableFuture.java:1736)
	at java.base/java.util.concurrent.CompletableFuture$AsyncRun.exec(CompletableFuture.java:1728)
	at java.base/java.util.concurrent.ForkJoinTask.doExec(ForkJoinTask.java:290)
	at java.base/java.util.concurrent.ForkJoinPool$WorkQueue.topLevelExec(ForkJoinPool.java:1020)
	at java.base/java.util.concurrent.ForkJoinPool.scan(ForkJoinPool.java:1656)
	at java.base/java.util.concurrent.ForkJoinPool.runWorker(ForkJoinPool.java:1594)
	at java.base/java.util.concurrent.ForkJoinWorkerThread.run(ForkJoinWorkerThread.java:183)
Caused by: org.eclipse.lsp4j.jsonrpc.JsonRpcException: java.io.IOException: 파이프가 닫히는 중입니다
	at org.eclipse.lsp4j.jsonrpc.json.StreamMessageConsumer.consume(StreamMessageConsumer.java:72)
	at org.eclipse.lsp4e.LanguageServerWrapper.lambda$4(LanguageServerWrapper.java:260)
	at org.eclipse.lsp4j.jsonrpc.RemoteEndpoint.request(RemoteEndpoint.java:161)
	at org.eclipse.lsp4j.jsonrpc.services.EndpointProxy.invoke(EndpointProxy.java:91)
	at com.sun.proxy.$Proxy49.shutdown(Unknown Source)
	at org.eclipse.lsp4e.LanguageServerWrapper.lambda$13(LanguageServerWrapper.java:423)
	... 7 more
Caused by: java.io.IOException: 파이프가 닫히는 중입니다
	at java.base/java.io.FileOutputStream.writeBytes(Native Method)
	at java.base/java.io.FileOutputStream.write(FileOutputStream.java:354)
	at java.base/java.io.BufferedOutputStream.flushBuffer(BufferedOutputStream.java:81)
	at java.base/java.io.BufferedOutputStream.flush(BufferedOutputStream.java:142)
	at org.eclipse.lsp4j.jsonrpc.json.StreamMessageConsumer.consume(StreamMessageConsumer.java:69)
	... 12 more

!ENTRY org.springframework.tooling.ls.eclipse.commons 1 0 2025-06-25 19:07:56.858
!MESSAGE Entering DelegatingStreamConnectionProvider()

!ENTRY org.eclipse.lsp4e 4 0 2025-06-25 19:07:56.859
!MESSAGE org.eclipse.lsp4j.jsonrpc.JsonRpcException: java.io.IOException: 파이프가 닫히는 중입니다
!STACK 0
java.util.concurrent.ExecutionException: org.eclipse.lsp4j.jsonrpc.JsonRpcException: java.io.IOException: 파이프가 닫히는 중입니다
	at java.base/java.util.concurrent.CompletableFuture.reportGet(CompletableFuture.java:395)
	at java.base/java.util.concurrent.CompletableFuture.get(CompletableFuture.java:2028)
	at org.eclipse.lsp4e.LanguageServerWrapper.lambda$13(LanguageServerWrapper.java:425)
	at java.base/java.util.concurrent.CompletableFuture$AsyncRun.run(CompletableFuture.java:1736)
	at java.base/java.util.concurrent.CompletableFuture$AsyncRun.exec(CompletableFuture.java:1728)
	at java.base/java.util.concurrent.ForkJoinTask.doExec(ForkJoinTask.java:290)
	at java.base/java.util.concurrent.ForkJoinPool$WorkQueue.topLevelExec(ForkJoinPool.java:1020)
	at java.base/java.util.concurrent.ForkJoinPool.scan(ForkJoinPool.java:1656)
	at java.base/java.util.concurrent.ForkJoinPool.runWorker(ForkJoinPool.java:1594)
	at java.base/java.util.concurrent.ForkJoinWorkerThread.run(ForkJoinWorkerThread.java:183)
Caused by: org.eclipse.lsp4j.jsonrpc.JsonRpcException: java.io.IOException: 파이프가 닫히는 중입니다
	at org.eclipse.lsp4j.jsonrpc.json.StreamMessageConsumer.consume(StreamMessageConsumer.java:72)
	at org.eclipse.lsp4e.LanguageServerWrapper.lambda$4(LanguageServerWrapper.java:260)
	at org.eclipse.lsp4j.jsonrpc.RemoteEndpoint.request(RemoteEndpoint.java:161)
	at org.eclipse.lsp4j.jsonrpc.services.EndpointProxy.invoke(EndpointProxy.java:91)
	at com.sun.proxy.$Proxy49.shutdown(Unknown Source)
	at org.eclipse.lsp4e.LanguageServerWrapper.lambda$13(LanguageServerWrapper.java:423)
	... 7 more
Caused by: java.io.IOException: 파이프가 닫히는 중입니다
	at java.base/java.io.FileOutputStream.writeBytes(Native Method)
	at java.base/java.io.FileOutputStream.write(FileOutputStream.java:354)
	at java.base/java.io.BufferedOutputStream.flushBuffer(BufferedOutputStream.java:81)
	at java.base/java.io.BufferedOutputStream.flush(BufferedOutputStream.java:142)
	at org.eclipse.lsp4j.jsonrpc.json.StreamMessageConsumer.consume(StreamMessageConsumer.java:69)
	... 12 more

!ENTRY org.springframework.tooling.ls.eclipse.commons 1 0 2025-06-25 19:07:56.859
!MESSAGE DelegatingStreamConnectionProvider classloader = org.eclipse.osgi.internal.loader.EquinoxClassLoader@500e5b3f[org.springframework.tooling.boot.ls:1.28.0.202109130547(id=1001)]

!ENTRY org.springframework.tooling.ls.eclipse.commons 1 0 2025-06-25 19:07:56.859
!MESSAGE Entering DelegatingStreamConnectionProvider()

!ENTRY org.springframework.tooling.ls.eclipse.commons 1 0 2025-06-25 19:07:56.859
!MESSAGE DelegatingStreamConnectionProvider classloader = org.eclipse.osgi.internal.loader.EquinoxClassLoader@500e5b3f[org.springframework.tooling.boot.ls:1.28.0.202109130547(id=1001)]

!ENTRY org.springframework.tooling.ls.eclipse.commons 1 0 2025-06-25 19:07:56.859
!MESSAGE SpringBootLanguageServer exists!

!ENTRY org.springframework.tooling.ls.eclipse.commons 1 0 2025-06-25 19:07:56.860
!MESSAGE DelegatingStreamConnectionProvider classloader = org.eclipse.osgi.internal.loader.EquinoxClassLoader@500e5b3f[org.springframework.tooling.boot.ls:1.28.0.202109130547(id=1001)]

!ENTRY org.springframework.tooling.ls.eclipse.commons 1 0 2025-06-25 19:07:56.860
!MESSAGE SpringBootLanguageServer exists!

!ENTRY org.eclipse.lsp4e 4 0 2025-06-25 19:07:56.861
!MESSAGE org.eclipse.lsp4j.jsonrpc.JsonRpcException: java.io.IOException: 파이프가 닫히는 중입니다
!STACK 0
java.util.concurrent.ExecutionException: org.eclipse.lsp4j.jsonrpc.JsonRpcException: java.io.IOException: 파이프가 닫히는 중입니다
	at java.base/java.util.concurrent.CompletableFuture.reportGet(CompletableFuture.java:395)
	at java.base/java.util.concurrent.CompletableFuture.get(CompletableFuture.java:2028)
	at org.eclipse.lsp4e.LanguageServerWrapper.lambda$13(LanguageServerWrapper.java:425)
	at java.base/java.util.concurrent.CompletableFuture$AsyncRun.run(CompletableFuture.java:1736)
	at java.base/java.util.concurrent.CompletableFuture$AsyncRun.exec(CompletableFuture.java:1728)
	at java.base/java.util.concurrent.ForkJoinTask.doExec(ForkJoinTask.java:290)
	at java.base/java.util.concurrent.ForkJoinPool$WorkQueue.topLevelExec(ForkJoinPool.java:1020)
	at java.base/java.util.concurrent.ForkJoinPool.scan(ForkJoinPool.java:1656)
	at java.base/java.util.concurrent.ForkJoinPool.runWorker(ForkJoinPool.java:1594)
	at java.base/java.util.concurrent.ForkJoinWorkerThread.run(ForkJoinWorkerThread.java:183)
Caused by: org.eclipse.lsp4j.jsonrpc.JsonRpcException: java.io.IOException: 파이프가 닫히는 중입니다
	at org.eclipse.lsp4j.jsonrpc.json.StreamMessageConsumer.consume(StreamMessageConsumer.java:72)
	at org.eclipse.lsp4e.LanguageServerWrapper.lambda$4(LanguageServerWrapper.java:260)
	at org.eclipse.lsp4j.jsonrpc.RemoteEndpoint.request(RemoteEndpoint.java:161)
	at org.eclipse.lsp4j.jsonrpc.services.EndpointProxy.invoke(EndpointProxy.java:91)
	at com.sun.proxy.$Proxy49.shutdown(Unknown Source)
	at org.eclipse.lsp4e.LanguageServerWrapper.lambda$13(LanguageServerWrapper.java:423)
	... 7 more
Caused by: java.io.IOException: 파이프가 닫히는 중입니다
	at java.base/java.io.FileOutputStream.writeBytes(Native Method)
	at java.base/java.io.FileOutputStream.write(FileOutputStream.java:354)
	at java.base/java.io.BufferedOutputStream.flushBuffer(BufferedOutputStream.java:81)
	at java.base/java.io.BufferedOutputStream.flush(BufferedOutputStream.java:142)
	at org.eclipse.lsp4j.jsonrpc.json.StreamMessageConsumer.consume(StreamMessageConsumer.java:69)
	... 12 more

!ENTRY org.eclipse.lsp4e 4 0 2025-06-25 19:07:56.862
!MESSAGE org.eclipse.lsp4j.jsonrpc.JsonRpcException: java.io.IOException: 파이프가 닫히는 중입니다
!STACK 0
java.util.concurrent.ExecutionException: org.eclipse.lsp4j.jsonrpc.JsonRpcException: java.io.IOException: 파이프가 닫히는 중입니다
	at java.base/java.util.concurrent.CompletableFuture.reportGet(CompletableFuture.java:395)
	at java.base/java.util.concurrent.CompletableFuture.get(CompletableFuture.java:2028)
	at org.eclipse.lsp4e.LanguageServerWrapper.lambda$13(LanguageServerWrapper.java:425)
	at java.base/java.util.concurrent.CompletableFuture$AsyncRun.run(CompletableFuture.java:1736)
	at java.base/java.util.concurrent.CompletableFuture$AsyncRun.exec(CompletableFuture.java:1728)
	at java.base/java.util.concurrent.ForkJoinTask.doExec(ForkJoinTask.java:290)
	at java.base/java.util.concurrent.ForkJoinPool$WorkQueue.topLevelExec(ForkJoinPool.java:1020)
	at java.base/java.util.concurrent.ForkJoinPool.scan(ForkJoinPool.java:1656)
	at java.base/java.util.concurrent.ForkJoinPool.runWorker(ForkJoinPool.java:1594)
	at java.base/java.util.concurrent.ForkJoinWorkerThread.run(ForkJoinWorkerThread.java:183)
Caused by: org.eclipse.lsp4j.jsonrpc.JsonRpcException: java.io.IOException: 파이프가 닫히는 중입니다
	at org.eclipse.lsp4j.jsonrpc.json.StreamMessageConsumer.consume(StreamMessageConsumer.java:72)
	at org.eclipse.lsp4e.LanguageServerWrapper.lambda$4(LanguageServerWrapper.java:260)
	at org.eclipse.lsp4j.jsonrpc.RemoteEndpoint.request(RemoteEndpoint.java:161)
	at org.eclipse.lsp4j.jsonrpc.services.EndpointProxy.invoke(EndpointProxy.java:91)
	at com.sun.proxy.$Proxy49.shutdown(Unknown Source)
	at org.eclipse.lsp4e.LanguageServerWrapper.lambda$13(LanguageServerWrapper.java:423)
	... 7 more
Caused by: java.io.IOException: 파이프가 닫히는 중입니다
	at java.base/java.io.FileOutputStream.writeBytes(Native Method)
	at java.base/java.io.FileOutputStream.write(FileOutputStream.java:354)
	at java.base/java.io.BufferedOutputStream.flushBuffer(BufferedOutputStream.java:81)
	at java.base/java.io.BufferedOutputStream.flush(BufferedOutputStream.java:142)
	at org.eclipse.lsp4j.jsonrpc.json.StreamMessageConsumer.consume(StreamMessageConsumer.java:69)
	... 12 more

!ENTRY org.springframework.tooling.ls.eclipse.commons 1 0 2025-06-25 19:07:56.862
!MESSAGE Entering DelegatingStreamConnectionProvider()

!ENTRY org.springframework.tooling.ls.eclipse.commons 1 0 2025-06-25 19:07:56.862
!MESSAGE DelegatingStreamConnectionProvider classloader = org.eclipse.osgi.internal.loader.EquinoxClassLoader@500e5b3f[org.springframework.tooling.boot.ls:1.28.0.202109130547(id=1001)]

!ENTRY org.springframework.tooling.ls.eclipse.commons 1 0 2025-06-25 19:07:56.864
!MESSAGE SpringBootLanguageServer exists!

!ENTRY org.springframework.tooling.ls.eclipse.commons 1 0 2025-06-25 19:07:56.864
!MESSAGE Entering DelegatingStreamConnectionProvider()

!ENTRY org.springframework.tooling.ls.eclipse.commons 1 0 2025-06-25 19:07:56.864
!MESSAGE DelegatingStreamConnectionProvider classloader = org.eclipse.osgi.internal.loader.EquinoxClassLoader@500e5b3f[org.springframework.tooling.boot.ls:1.28.0.202109130547(id=1001)]

!ENTRY org.springframework.tooling.ls.eclipse.commons 1 0 2025-06-25 19:07:56.864
!MESSAGE SpringBootLanguageServer exists!

!ENTRY org.springframework.tooling.ls.eclipse.commons 1 0 2025-06-25 19:07:56.865
!MESSAGE DelegatingStreamConnectionProvider classloader = org.eclipse.osgi.internal.loader.EquinoxClassLoader@500e5b3f[org.springframework.tooling.boot.ls:1.28.0.202109130547(id=1001)]

!ENTRY org.springframework.tooling.ls.eclipse.commons 1 0 2025-06-25 19:07:56.865
!MESSAGE SpringBootLanguageServer exists!

!ENTRY org.eclipse.lsp4e 4 0 2025-06-25 19:07:56.866
!MESSAGE org.eclipse.lsp4j.jsonrpc.JsonRpcException: java.io.IOException: 파이프가 닫히는 중입니다
!STACK 0
java.util.concurrent.ExecutionException: org.eclipse.lsp4j.jsonrpc.JsonRpcException: java.io.IOException: 파이프가 닫히는 중입니다
	at java.base/java.util.concurrent.CompletableFuture.reportGet(CompletableFuture.java:395)
	at java.base/java.util.concurrent.CompletableFuture.get(CompletableFuture.java:2028)
	at org.eclipse.lsp4e.LanguageServerWrapper.lambda$13(LanguageServerWrapper.java:425)
	at java.base/java.util.concurrent.CompletableFuture$AsyncRun.run(CompletableFuture.java:1736)
	at java.base/java.util.concurrent.CompletableFuture$AsyncRun.exec(CompletableFuture.java:1728)
	at java.base/java.util.concurrent.ForkJoinTask.doExec(ForkJoinTask.java:290)
	at java.base/java.util.concurrent.ForkJoinPool$WorkQueue.topLevelExec(ForkJoinPool.java:1020)
	at java.base/java.util.concurrent.ForkJoinPool.scan(ForkJoinPool.java:1656)
	at java.base/java.util.concurrent.ForkJoinPool.runWorker(ForkJoinPool.java:1594)
	at java.base/java.util.concurrent.ForkJoinWorkerThread.run(ForkJoinWorkerThread.java:183)
Caused by: org.eclipse.lsp4j.jsonrpc.JsonRpcException: java.io.IOException: 파이프가 닫히는 중입니다
	at org.eclipse.lsp4j.jsonrpc.json.StreamMessageConsumer.consume(StreamMessageConsumer.java:72)
	at org.eclipse.lsp4e.LanguageServerWrapper.lambda$4(LanguageServerWrapper.java:260)
	at org.eclipse.lsp4j.jsonrpc.RemoteEndpoint.request(RemoteEndpoint.java:161)
	at org.eclipse.lsp4j.jsonrpc.services.EndpointProxy.invoke(EndpointProxy.java:91)
	at com.sun.proxy.$Proxy49.shutdown(Unknown Source)
	at org.eclipse.lsp4e.LanguageServerWrapper.lambda$13(LanguageServerWrapper.java:423)
	... 7 more
Caused by: java.io.IOException: 파이프가 닫히는 중입니다
	at java.base/java.io.FileOutputStream.writeBytes(Native Method)
	at java.base/java.io.FileOutputStream.write(FileOutputStream.java:354)
	at java.base/java.io.BufferedOutputStream.flushBuffer(BufferedOutputStream.java:81)
	at java.base/java.io.BufferedOutputStream.flush(BufferedOutputStream.java:142)
	at org.eclipse.lsp4j.jsonrpc.json.StreamMessageConsumer.consume(StreamMessageConsumer.java:69)
	... 12 more

!ENTRY org.eclipse.lsp4e 4 0 2025-06-25 19:07:56.866
!MESSAGE org.eclipse.lsp4j.jsonrpc.JsonRpcException: java.io.IOException: 파이프가 닫히는 중입니다
!STACK 0
java.util.concurrent.ExecutionException: org.eclipse.lsp4j.jsonrpc.JsonRpcException: java.io.IOException: 파이프가 닫히는 중입니다
	at java.base/java.util.concurrent.CompletableFuture.reportGet(CompletableFuture.java:395)
	at java.base/java.util.concurrent.CompletableFuture.get(CompletableFuture.java:2028)
	at org.eclipse.lsp4e.LanguageServerWrapper.lambda$13(LanguageServerWrapper.java:425)
	at java.base/java.util.concurrent.CompletableFuture$AsyncRun.run(CompletableFuture.java:1736)
	at java.base/java.util.concurrent.CompletableFuture$AsyncRun.exec(CompletableFuture.java:1728)
	at java.base/java.util.concurrent.ForkJoinTask.doExec(ForkJoinTask.java:290)
	at java.base/java.util.concurrent.ForkJoinPool$WorkQueue.topLevelExec(ForkJoinPool.java:1020)
	at java.base/java.util.concurrent.ForkJoinPool.scan(ForkJoinPool.java:1656)
	at java.base/java.util.concurrent.ForkJoinPool.runWorker(ForkJoinPool.java:1594)
	at java.base/java.util.concurrent.ForkJoinWorkerThread.run(ForkJoinWorkerThread.java:183)
Caused by: org.eclipse.lsp4j.jsonrpc.JsonRpcException: java.io.IOException: 파이프가 닫히는 중입니다
	at org.eclipse.lsp4j.jsonrpc.json.StreamMessageConsumer.consume(StreamMessageConsumer.java:72)
	at org.eclipse.lsp4e.LanguageServerWrapper.lambda$4(LanguageServerWrapper.java:260)
	at org.eclipse.lsp4j.jsonrpc.RemoteEndpoint.request(RemoteEndpoint.java:161)
	at org.eclipse.lsp4j.jsonrpc.services.EndpointProxy.invoke(EndpointProxy.java:91)
	at com.sun.proxy.$Proxy49.shutdown(Unknown Source)
	at org.eclipse.lsp4e.LanguageServerWrapper.lambda$13(LanguageServerWrapper.java:423)
	... 7 more
Caused by: java.io.IOException: 파이프가 닫히는 중입니다
	at java.base/java.io.FileOutputStream.writeBytes(Native Method)
	at java.base/java.io.FileOutputStream.write(FileOutputStream.java:354)
	at java.base/java.io.BufferedOutputStream.flushBuffer(BufferedOutputStream.java:81)
	at java.base/java.io.BufferedOutputStream.flush(BufferedOutputStream.java:142)
	at org.eclipse.lsp4j.jsonrpc.json.StreamMessageConsumer.consume(StreamMessageConsumer.java:69)
	... 12 more

!ENTRY org.springframework.tooling.ls.eclipse.commons 1 0 2025-06-25 19:07:56.867
!MESSAGE Entering DelegatingStreamConnectionProvider()

!ENTRY org.springframework.tooling.ls.eclipse.commons 1 0 2025-06-25 19:07:56.867
!MESSAGE DelegatingStreamConnectionProvider classloader = org.eclipse.osgi.internal.loader.EquinoxClassLoader@500e5b3f[org.springframework.tooling.boot.ls:1.28.0.202109130547(id=1001)]

!ENTRY org.springframework.tooling.ls.eclipse.commons 1 0 2025-06-25 19:07:56.868
!MESSAGE SpringBootLanguageServer exists!

!ENTRY org.springframework.tooling.ls.eclipse.commons 1 0 2025-06-25 19:07:56.868
!MESSAGE SpringBootLanguageServer exists!

!ENTRY org.springframework.tooling.ls.eclipse.commons 1 0 2025-06-25 19:07:56.868
!MESSAGE Entering DelegatingStreamConnectionProvider()

!ENTRY org.eclipse.lsp4e 4 0 2025-06-25 19:07:56.868
!MESSAGE org.eclipse.lsp4j.jsonrpc.JsonRpcException: java.io.IOException: 파이프가 닫히는 중입니다
!STACK 0
java.util.concurrent.ExecutionException: org.eclipse.lsp4j.jsonrpc.JsonRpcException: java.io.IOException: 파이프가 닫히는 중입니다
	at java.base/java.util.concurrent.CompletableFuture.reportGet(CompletableFuture.java:395)
	at java.base/java.util.concurrent.CompletableFuture.get(CompletableFuture.java:2028)
	at org.eclipse.lsp4e.LanguageServerWrapper.lambda$13(LanguageServerWrapper.java:425)
	at java.base/java.util.concurrent.CompletableFuture$AsyncRun.run(CompletableFuture.java:1736)
	at java.base/java.util.concurrent.CompletableFuture$AsyncRun.exec(CompletableFuture.java:1728)
	at java.base/java.util.concurrent.ForkJoinTask.doExec(ForkJoinTask.java:290)
	at java.base/java.util.concurrent.ForkJoinPool$WorkQueue.topLevelExec(ForkJoinPool.java:1020)
	at java.base/java.util.concurrent.ForkJoinPool.scan(ForkJoinPool.java:1656)
	at java.base/java.util.concurrent.ForkJoinPool.runWorker(ForkJoinPool.java:1594)
	at java.base/java.util.concurrent.ForkJoinWorkerThread.run(ForkJoinWorkerThread.java:183)
Caused by: org.eclipse.lsp4j.jsonrpc.JsonRpcException: java.io.IOException: 파이프가 닫히는 중입니다
	at org.eclipse.lsp4j.jsonrpc.json.StreamMessageConsumer.consume(StreamMessageConsumer.java:72)
	at org.eclipse.lsp4e.LanguageServerWrapper.lambda$4(LanguageServerWrapper.java:260)
	at org.eclipse.lsp4j.jsonrpc.RemoteEndpoint.request(RemoteEndpoint.java:161)
	at org.eclipse.lsp4j.jsonrpc.services.EndpointProxy.invoke(EndpointProxy.java:91)
	at com.sun.proxy.$Proxy49.shutdown(Unknown Source)
	at org.eclipse.lsp4e.LanguageServerWrapper.lambda$13(LanguageServerWrapper.java:423)
	... 7 more
Caused by: java.io.IOException: 파이프가 닫히는 중입니다
	at java.base/java.io.FileOutputStream.writeBytes(Native Method)
	at java.base/java.io.FileOutputStream.write(FileOutputStream.java:354)
	at java.base/java.io.BufferedOutputStream.flushBuffer(BufferedOutputStream.java:81)
	at java.base/java.io.BufferedOutputStream.flush(BufferedOutputStream.java:142)
	at org.eclipse.lsp4j.jsonrpc.json.StreamMessageConsumer.consume(StreamMessageConsumer.java:69)
	... 12 more

!ENTRY org.eclipse.lsp4e 4 0 2025-06-25 19:07:56.869
!MESSAGE org.eclipse.lsp4j.jsonrpc.JsonRpcException: java.io.IOException: 파이프가 닫히는 중입니다
!STACK 0
java.util.concurrent.ExecutionException: org.eclipse.lsp4j.jsonrpc.JsonRpcException: java.io.IOException: 파이프가 닫히는 중입니다
	at java.base/java.util.concurrent.CompletableFuture.reportGet(CompletableFuture.java:395)
	at java.base/java.util.concurrent.CompletableFuture.get(CompletableFuture.java:2028)
	at org.eclipse.lsp4e.LanguageServerWrapper.lambda$13(LanguageServerWrapper.java:425)
	at java.base/java.util.concurrent.CompletableFuture$AsyncRun.run(CompletableFuture.java:1736)
	at java.base/java.util.concurrent.CompletableFuture$AsyncRun.exec(CompletableFuture.java:1728)
	at java.base/java.util.concurrent.ForkJoinTask.doExec(ForkJoinTask.java:290)
	at java.base/java.util.concurrent.ForkJoinPool$WorkQueue.topLevelExec(ForkJoinPool.java:1020)
	at java.base/java.util.concurrent.ForkJoinPool.scan(ForkJoinPool.java:1656)
	at java.base/java.util.concurrent.ForkJoinPool.runWorker(ForkJoinPool.java:1594)
	at java.base/java.util.concurrent.ForkJoinWorkerThread.run(ForkJoinWorkerThread.java:183)
Caused by: org.eclipse.lsp4j.jsonrpc.JsonRpcException: java.io.IOException: 파이프가 닫히는 중입니다
	at org.eclipse.lsp4j.jsonrpc.json.StreamMessageConsumer.consume(StreamMessageConsumer.java:72)
	at org.eclipse.lsp4e.LanguageServerWrapper.lambda$4(LanguageServerWrapper.java:260)
	at org.eclipse.lsp4j.jsonrpc.RemoteEndpoint.request(RemoteEndpoint.java:161)
	at org.eclipse.lsp4j.jsonrpc.services.EndpointProxy.invoke(EndpointProxy.java:91)
	at com.sun.proxy.$Proxy49.shutdown(Unknown Source)
	at org.eclipse.lsp4e.LanguageServerWrapper.lambda$13(LanguageServerWrapper.java:423)
	... 7 more
Caused by: java.io.IOException: 파이프가 닫히는 중입니다
	at java.base/java.io.FileOutputStream.writeBytes(Native Method)
	at java.base/java.io.FileOutputStream.write(FileOutputStream.java:354)
	at java.base/java.io.BufferedOutputStream.flushBuffer(BufferedOutputStream.java:81)
	at java.base/java.io.BufferedOutputStream.flush(BufferedOutputStream.java:142)
	at org.eclipse.lsp4j.jsonrpc.json.StreamMessageConsumer.consume(StreamMessageConsumer.java:69)
	... 12 more

!ENTRY org.springframework.tooling.ls.eclipse.commons 1 0 2025-06-25 19:07:56.869
!MESSAGE Entering DelegatingStreamConnectionProvider()

!ENTRY org.springframework.tooling.ls.eclipse.commons 1 0 2025-06-25 19:07:56.870
!MESSAGE DelegatingStreamConnectionProvider classloader = org.eclipse.osgi.internal.loader.EquinoxClassLoader@500e5b3f[org.springframework.tooling.boot.ls:1.28.0.202109130547(id=1001)]

!ENTRY org.springframework.tooling.ls.eclipse.commons 1 0 2025-06-25 19:07:56.870
!MESSAGE SpringBootLanguageServer exists!

!ENTRY org.springframework.tooling.ls.eclipse.commons 1 0 2025-06-25 19:07:56.870
!MESSAGE DelegatingStreamConnectionProvider classloader = org.eclipse.osgi.internal.loader.EquinoxClassLoader@500e5b3f[org.springframework.tooling.boot.ls:1.28.0.202109130547(id=1001)]

!ENTRY org.springframework.tooling.ls.eclipse.commons 1 0 2025-06-25 19:07:56.871
!MESSAGE SpringBootLanguageServer exists!

!ENTRY org.springframework.tooling.ls.eclipse.commons 1 0 2025-06-25 19:07:56.871
!MESSAGE Entering DelegatingStreamConnectionProvider()

!ENTRY org.springframework.tooling.ls.eclipse.commons 1 0 2025-06-25 19:07:56.871
!MESSAGE DelegatingStreamConnectionProvider classloader = org.eclipse.osgi.internal.loader.EquinoxClassLoader@500e5b3f[org.springframework.tooling.boot.ls:1.28.0.202109130547(id=1001)]

!ENTRY org.springframework.tooling.ls.eclipse.commons 1 0 2025-06-25 19:07:56.872
!MESSAGE SpringBootLanguageServer exists!

!ENTRY org.springframework.tooling.ls.eclipse.commons 1 0 2025-06-25 19:07:56.872
!MESSAGE SpringBootLanguageServer exists!

!ENTRY org.eclipse.lsp4e 4 0 2025-06-25 19:07:56.872
!MESSAGE org.eclipse.lsp4j.jsonrpc.JsonRpcException: java.io.IOException: 파이프가 닫히는 중입니다
!STACK 0
java.util.concurrent.ExecutionException: org.eclipse.lsp4j.jsonrpc.JsonRpcException: java.io.IOException: 파이프가 닫히는 중입니다
	at java.base/java.util.concurrent.CompletableFuture.reportGet(CompletableFuture.java:395)
	at java.base/java.util.concurrent.CompletableFuture.get(CompletableFuture.java:2028)
	at org.eclipse.lsp4e.LanguageServerWrapper.lambda$13(LanguageServerWrapper.java:425)
	at java.base/java.util.concurrent.CompletableFuture$AsyncRun.run(CompletableFuture.java:1736)
	at java.base/java.util.concurrent.CompletableFuture$AsyncRun.exec(CompletableFuture.java:1728)
	at java.base/java.util.concurrent.ForkJoinTask.doExec(ForkJoinTask.java:290)
	at java.base/java.util.concurrent.ForkJoinPool$WorkQueue.topLevelExec(ForkJoinPool.java:1020)
	at java.base/java.util.concurrent.ForkJoinPool.scan(ForkJoinPool.java:1656)
	at java.base/java.util.concurrent.ForkJoinPool.runWorker(ForkJoinPool.java:1594)
	at java.base/java.util.concurrent.ForkJoinWorkerThread.run(ForkJoinWorkerThread.java:183)
Caused by: org.eclipse.lsp4j.jsonrpc.JsonRpcException: java.io.IOException: 파이프가 닫히는 중입니다
	at org.eclipse.lsp4j.jsonrpc.json.StreamMessageConsumer.consume(StreamMessageConsumer.java:72)
	at org.eclipse.lsp4e.LanguageServerWrapper.lambda$4(LanguageServerWrapper.java:260)
	at org.eclipse.lsp4j.jsonrpc.RemoteEndpoint.request(RemoteEndpoint.java:161)
	at org.eclipse.lsp4j.jsonrpc.services.EndpointProxy.invoke(EndpointProxy.java:91)
	at com.sun.proxy.$Proxy49.shutdown(Unknown Source)
	at org.eclipse.lsp4e.LanguageServerWrapper.lambda$13(LanguageServerWrapper.java:423)
	... 7 more
Caused by: java.io.IOException: 파이프가 닫히는 중입니다
	at java.base/java.io.FileOutputStream.writeBytes(Native Method)
	at java.base/java.io.FileOutputStream.write(FileOutputStream.java:354)
	at java.base/java.io.BufferedOutputStream.flushBuffer(BufferedOutputStream.java:81)
	at java.base/java.io.BufferedOutputStream.flush(BufferedOutputStream.java:142)
	at org.eclipse.lsp4j.jsonrpc.json.StreamMessageConsumer.consume(StreamMessageConsumer.java:69)
	... 12 more

!ENTRY org.eclipse.lsp4e 4 0 2025-06-25 19:07:56.873
!MESSAGE org.eclipse.lsp4j.jsonrpc.JsonRpcException: java.io.IOException: 파이프가 닫히는 중입니다
!STACK 0
java.util.concurrent.ExecutionException: org.eclipse.lsp4j.jsonrpc.JsonRpcException: java.io.IOException: 파이프가 닫히는 중입니다
	at java.base/java.util.concurrent.CompletableFuture.reportGet(CompletableFuture.java:395)
	at java.base/java.util.concurrent.CompletableFuture.get(CompletableFuture.java:2028)
	at org.eclipse.lsp4e.LanguageServerWrapper.lambda$13(LanguageServerWrapper.java:425)
	at java.base/java.util.concurrent.CompletableFuture$AsyncRun.run(CompletableFuture.java:1736)
	at java.base/java.util.concurrent.CompletableFuture$AsyncRun.exec(CompletableFuture.java:1728)
	at java.base/java.util.concurrent.ForkJoinTask.doExec(ForkJoinTask.java:290)
	at java.base/java.util.concurrent.ForkJoinPool$WorkQueue.topLevelExec(ForkJoinPool.java:1020)
	at java.base/java.util.concurrent.ForkJoinPool.scan(ForkJoinPool.java:1656)
	at java.base/java.util.concurrent.ForkJoinPool.runWorker(ForkJoinPool.java:1594)
	at java.base/java.util.concurrent.ForkJoinWorkerThread.run(ForkJoinWorkerThread.java:183)
Caused by: org.eclipse.lsp4j.jsonrpc.JsonRpcException: java.io.IOException: 파이프가 닫히는 중입니다
	at org.eclipse.lsp4j.jsonrpc.json.StreamMessageConsumer.consume(StreamMessageConsumer.java:72)
	at org.eclipse.lsp4e.LanguageServerWrapper.lambda$4(LanguageServerWrapper.java:260)
	at org.eclipse.lsp4j.jsonrpc.RemoteEndpoint.request(RemoteEndpoint.java:161)
	at org.eclipse.lsp4j.jsonrpc.services.EndpointProxy.invoke(EndpointProxy.java:91)
	at com.sun.proxy.$Proxy49.shutdown(Unknown Source)
	at org.eclipse.lsp4e.LanguageServerWrapper.lambda$13(LanguageServerWrapper.java:423)
	... 7 more
Caused by: java.io.IOException: 파이프가 닫히는 중입니다
	at java.base/java.io.FileOutputStream.writeBytes(Native Method)
	at java.base/java.io.FileOutputStream.write(FileOutputStream.java:354)
	at java.base/java.io.BufferedOutputStream.flushBuffer(BufferedOutputStream.java:81)
	at java.base/java.io.BufferedOutputStream.flush(BufferedOutputStream.java:142)
	at org.eclipse.lsp4j.jsonrpc.json.StreamMessageConsumer.consume(StreamMessageConsumer.java:69)
	... 12 more

!ENTRY org.springframework.tooling.ls.eclipse.commons 1 0 2025-06-25 19:07:56.873
!MESSAGE Entering DelegatingStreamConnectionProvider()

!ENTRY org.springframework.tooling.ls.eclipse.commons 1 0 2025-06-25 19:07:56.874
!MESSAGE DelegatingStreamConnectionProvider classloader = org.eclipse.osgi.internal.loader.EquinoxClassLoader@500e5b3f[org.springframework.tooling.boot.ls:1.28.0.202109130547(id=1001)]

!ENTRY org.springframework.tooling.ls.eclipse.commons 1 0 2025-06-25 19:07:56.874
!MESSAGE SpringBootLanguageServer exists!

!ENTRY org.springframework.tooling.ls.eclipse.commons 1 0 2025-06-25 19:07:56.889
!MESSAGE SpringBootLanguageServer exists!

!ENTRY org.eclipse.lsp4e 4 0 2025-06-25 19:07:56.891
!MESSAGE org.eclipse.lsp4j.jsonrpc.JsonRpcException: java.io.IOException: 파이프가 닫히는 중입니다
!STACK 0
java.util.concurrent.ExecutionException: org.eclipse.lsp4j.jsonrpc.JsonRpcException: java.io.IOException: 파이프가 닫히는 중입니다
	at java.base/java.util.concurrent.CompletableFuture.reportGet(CompletableFuture.java:395)
	at java.base/java.util.concurrent.CompletableFuture.get(CompletableFuture.java:2028)
	at org.eclipse.lsp4e.LanguageServerWrapper.lambda$13(LanguageServerWrapper.java:425)
	at java.base/java.util.concurrent.CompletableFuture$AsyncRun.run(CompletableFuture.java:1736)
	at java.base/java.util.concurrent.CompletableFuture$AsyncRun.exec(CompletableFuture.java:1728)
	at java.base/java.util.concurrent.ForkJoinTask.doExec(ForkJoinTask.java:290)
	at java.base/java.util.concurrent.ForkJoinPool$WorkQueue.topLevelExec(ForkJoinPool.java:1020)
	at java.base/java.util.concurrent.ForkJoinPool.scan(ForkJoinPool.java:1656)
	at java.base/java.util.concurrent.ForkJoinPool.runWorker(ForkJoinPool.java:1594)
	at java.base/java.util.concurrent.ForkJoinWorkerThread.run(ForkJoinWorkerThread.java:183)
Caused by: org.eclipse.lsp4j.jsonrpc.JsonRpcException: java.io.IOException: 파이프가 닫히는 중입니다
	at org.eclipse.lsp4j.jsonrpc.json.StreamMessageConsumer.consume(StreamMessageConsumer.java:72)
	at org.eclipse.lsp4e.LanguageServerWrapper.lambda$4(LanguageServerWrapper.java:260)
	at org.eclipse.lsp4j.jsonrpc.RemoteEndpoint.request(RemoteEndpoint.java:161)
	at org.eclipse.lsp4j.jsonrpc.services.EndpointProxy.invoke(EndpointProxy.java:91)
	at com.sun.proxy.$Proxy49.shutdown(Unknown Source)
	at org.eclipse.lsp4e.LanguageServerWrapper.lambda$13(LanguageServerWrapper.java:423)
	... 7 more
Caused by: java.io.IOException: 파이프가 닫히는 중입니다
	at java.base/java.io.FileOutputStream.writeBytes(Native Method)
	at java.base/java.io.FileOutputStream.write(FileOutputStream.java:354)
	at java.base/java.io.BufferedOutputStream.flushBuffer(BufferedOutputStream.java:81)
	at java.base/java.io.BufferedOutputStream.flush(BufferedOutputStream.java:142)
	at org.eclipse.lsp4j.jsonrpc.json.StreamMessageConsumer.consume(StreamMessageConsumer.java:69)
	... 12 more

!ENTRY org.springframework.tooling.ls.eclipse.commons 1 0 2025-06-25 19:07:56.891
!MESSAGE DelegatingStreamConnectionProvider classloader = org.eclipse.osgi.internal.loader.EquinoxClassLoader@500e5b3f[org.springframework.tooling.boot.ls:1.28.0.202109130547(id=1001)]

!ENTRY org.springframework.tooling.ls.eclipse.commons 1 0 2025-06-25 19:07:56.892
!MESSAGE SpringBootLanguageServer exists!

!ENTRY org.eclipse.lsp4e 4 0 2025-06-25 19:07:56.892
!MESSAGE org.eclipse.lsp4j.jsonrpc.JsonRpcException: java.io.IOException: 파이프가 닫히는 중입니다
!STACK 0
java.util.concurrent.ExecutionException: org.eclipse.lsp4j.jsonrpc.JsonRpcException: java.io.IOException: 파이프가 닫히는 중입니다
	at java.base/java.util.concurrent.CompletableFuture.reportGet(CompletableFuture.java:395)
	at java.base/java.util.concurrent.CompletableFuture.get(CompletableFuture.java:2028)
	at org.eclipse.lsp4e.LanguageServerWrapper.lambda$13(LanguageServerWrapper.java:425)
	at java.base/java.util.concurrent.CompletableFuture$AsyncRun.run(CompletableFuture.java:1736)
	at java.base/java.util.concurrent.CompletableFuture$AsyncRun.exec(CompletableFuture.java:1728)
	at java.base/java.util.concurrent.ForkJoinTask.doExec(ForkJoinTask.java:290)
	at java.base/java.util.concurrent.ForkJoinPool$WorkQueue.topLevelExec(ForkJoinPool.java:1020)
	at java.base/java.util.concurrent.ForkJoinPool.scan(ForkJoinPool.java:1656)
	at java.base/java.util.concurrent.ForkJoinPool.runWorker(ForkJoinPool.java:1594)
	at java.base/java.util.concurrent.ForkJoinWorkerThread.run(ForkJoinWorkerThread.java:183)
Caused by: org.eclipse.lsp4j.jsonrpc.JsonRpcException: java.io.IOException: 파이프가 닫히는 중입니다
	at org.eclipse.lsp4j.jsonrpc.json.StreamMessageConsumer.consume(StreamMessageConsumer.java:72)
	at org.eclipse.lsp4e.LanguageServerWrapper.lambda$4(LanguageServerWrapper.java:260)
	at org.eclipse.lsp4j.jsonrpc.RemoteEndpoint.request(RemoteEndpoint.java:161)
	at org.eclipse.lsp4j.jsonrpc.services.EndpointProxy.invoke(EndpointProxy.java:91)
	at com.sun.proxy.$Proxy49.shutdown(Unknown Source)
	at org.eclipse.lsp4e.LanguageServerWrapper.lambda$13(LanguageServerWrapper.java:423)
	... 7 more
Caused by: java.io.IOException: 파이프가 닫히는 중입니다
	at java.base/java.io.FileOutputStream.writeBytes(Native Method)
	at java.base/java.io.FileOutputStream.write(FileOutputStream.java:354)
	at java.base/java.io.BufferedOutputStream.flushBuffer(BufferedOutputStream.java:81)
	at java.base/java.io.BufferedOutputStream.flush(BufferedOutputStream.java:142)
	at org.eclipse.lsp4j.jsonrpc.json.StreamMessageConsumer.consume(StreamMessageConsumer.java:69)
	... 12 more

!ENTRY org.springframework.tooling.ls.eclipse.commons 1 0 2025-06-25 19:07:56.893
!MESSAGE Entering DelegatingStreamConnectionProvider()

!ENTRY org.springframework.tooling.ls.eclipse.commons 1 0 2025-06-25 19:07:56.893
!MESSAGE SpringBootLanguageServer exists!

!ENTRY org.springframework.tooling.ls.eclipse.commons 1 0 2025-06-25 19:07:56.898
!MESSAGE DelegatingStreamConnectionProvider classloader = org.eclipse.osgi.internal.loader.EquinoxClassLoader@500e5b3f[org.springframework.tooling.boot.ls:1.28.0.202109130547(id=1001)]

!ENTRY org.springframework.tooling.ls.eclipse.commons 1 0 2025-06-25 19:07:56.898
!MESSAGE SpringBootLanguageServer exists!

!ENTRY org.eclipse.lsp4e 4 0 2025-06-25 19:07:56.899
!MESSAGE org.eclipse.lsp4j.jsonrpc.JsonRpcException: java.io.IOException: 파이프가 닫히는 중입니다
!STACK 0
java.util.concurrent.ExecutionException: org.eclipse.lsp4j.jsonrpc.JsonRpcException: java.io.IOException: 파이프가 닫히는 중입니다
	at java.base/java.util.concurrent.CompletableFuture.reportGet(CompletableFuture.java:395)
	at java.base/java.util.concurrent.CompletableFuture.get(CompletableFuture.java:2028)
	at org.eclipse.lsp4e.LanguageServerWrapper.lambda$13(LanguageServerWrapper.java:425)
	at java.base/java.util.concurrent.CompletableFuture$AsyncRun.run(CompletableFuture.java:1736)
	at java.base/java.util.concurrent.CompletableFuture$AsyncRun.exec(CompletableFuture.java:1728)
	at java.base/java.util.concurrent.ForkJoinTask.doExec(ForkJoinTask.java:290)
	at java.base/java.util.concurrent.ForkJoinPool$WorkQueue.topLevelExec(ForkJoinPool.java:1020)
	at java.base/java.util.concurrent.ForkJoinPool.scan(ForkJoinPool.java:1656)
	at java.base/java.util.concurrent.ForkJoinPool.runWorker(ForkJoinPool.java:1594)
	at java.base/java.util.concurrent.ForkJoinWorkerThread.run(ForkJoinWorkerThread.java:183)
Caused by: org.eclipse.lsp4j.jsonrpc.JsonRpcException: java.io.IOException: 파이프가 닫히는 중입니다
	at org.eclipse.lsp4j.jsonrpc.json.StreamMessageConsumer.consume(StreamMessageConsumer.java:72)
	at org.eclipse.lsp4e.LanguageServerWrapper.lambda$4(LanguageServerWrapper.java:260)
	at org.eclipse.lsp4j.jsonrpc.RemoteEndpoint.request(RemoteEndpoint.java:161)
	at org.eclipse.lsp4j.jsonrpc.services.EndpointProxy.invoke(EndpointProxy.java:91)
	at com.sun.proxy.$Proxy49.shutdown(Unknown Source)
	at org.eclipse.lsp4e.LanguageServerWrapper.lambda$13(LanguageServerWrapper.java:423)
	... 7 more
Caused by: java.io.IOException: 파이프가 닫히는 중입니다
	at java.base/java.io.FileOutputStream.writeBytes(Native Method)
	at java.base/java.io.FileOutputStream.write(FileOutputStream.java:354)
	at java.base/java.io.BufferedOutputStream.flushBuffer(BufferedOutputStream.java:81)
	at java.base/java.io.BufferedOutputStream.flush(BufferedOutputStream.java:142)
	at org.eclipse.lsp4j.jsonrpc.json.StreamMessageConsumer.consume(StreamMessageConsumer.java:69)
	... 12 more

!ENTRY org.springframework.tooling.ls.eclipse.commons 1 0 2025-06-25 19:07:56.899
!MESSAGE Entering DelegatingStreamConnectionProvider()

!ENTRY org.springframework.tooling.ls.eclipse.commons 1 0 2025-06-25 19:07:56.900
!MESSAGE DelegatingStreamConnectionProvider classloader = org.eclipse.osgi.internal.loader.EquinoxClassLoader@500e5b3f[org.springframework.tooling.boot.ls:1.28.0.202109130547(id=1001)]

!ENTRY org.springframework.tooling.ls.eclipse.commons 1 0 2025-06-25 19:07:56.900
!MESSAGE SpringBootLanguageServer exists!

!ENTRY org.eclipse.lsp4e 4 0 2025-06-25 19:07:56.908
!MESSAGE org.eclipse.lsp4j.jsonrpc.JsonRpcException: java.io.IOException: 파이프가 닫히는 중입니다
!STACK 0
java.util.concurrent.ExecutionException: org.eclipse.lsp4j.jsonrpc.JsonRpcException: java.io.IOException: 파이프가 닫히는 중입니다
	at java.base/java.util.concurrent.CompletableFuture.reportGet(CompletableFuture.java:395)
	at java.base/java.util.concurrent.CompletableFuture.get(CompletableFuture.java:2028)
	at org.eclipse.lsp4e.LanguageServerWrapper.lambda$13(LanguageServerWrapper.java:425)
	at java.base/java.util.concurrent.CompletableFuture$AsyncRun.run(CompletableFuture.java:1736)
	at java.base/java.util.concurrent.CompletableFuture$AsyncRun.exec(CompletableFuture.java:1728)
	at java.base/java.util.concurrent.ForkJoinTask.doExec(ForkJoinTask.java:290)
	at java.base/java.util.concurrent.ForkJoinPool$WorkQueue.topLevelExec(ForkJoinPool.java:1020)
	at java.base/java.util.concurrent.ForkJoinPool.scan(ForkJoinPool.java:1656)
	at java.base/java.util.concurrent.ForkJoinPool.runWorker(ForkJoinPool.java:1594)
	at java.base/java.util.concurrent.ForkJoinWorkerThread.run(ForkJoinWorkerThread.java:183)
Caused by: org.eclipse.lsp4j.jsonrpc.JsonRpcException: java.io.IOException: 파이프가 닫히는 중입니다
	at org.eclipse.lsp4j.jsonrpc.json.StreamMessageConsumer.consume(StreamMessageConsumer.java:72)
	at org.eclipse.lsp4e.LanguageServerWrapper.lambda$4(LanguageServerWrapper.java:260)
	at org.eclipse.lsp4j.jsonrpc.RemoteEndpoint.request(RemoteEndpoint.java:161)
	at org.eclipse.lsp4j.jsonrpc.services.EndpointProxy.invoke(EndpointProxy.java:91)
	at com.sun.proxy.$Proxy49.shutdown(Unknown Source)
	at org.eclipse.lsp4e.LanguageServerWrapper.lambda$13(LanguageServerWrapper.java:423)
	... 7 more
Caused by: java.io.IOException: 파이프가 닫히는 중입니다
	at java.base/java.io.FileOutputStream.writeBytes(Native Method)
	at java.base/java.io.FileOutputStream.write(FileOutputStream.java:354)
	at java.base/java.io.BufferedOutputStream.flushBuffer(BufferedOutputStream.java:81)
	at java.base/java.io.BufferedOutputStream.flush(BufferedOutputStream.java:142)
	at org.eclipse.lsp4j.jsonrpc.json.StreamMessageConsumer.consume(StreamMessageConsumer.java:69)
	... 12 more

!ENTRY org.springframework.tooling.ls.eclipse.commons 1 0 2025-06-25 19:07:56.909
!MESSAGE Entering DelegatingStreamConnectionProvider()

!ENTRY org.springframework.tooling.ls.eclipse.commons 1 0 2025-06-25 19:07:56.909
!MESSAGE DelegatingStreamConnectionProvider classloader = org.eclipse.osgi.internal.loader.EquinoxClassLoader@500e5b3f[org.springframework.tooling.boot.ls:1.28.0.202109130547(id=1001)]

!ENTRY org.springframework.tooling.ls.eclipse.commons 1 0 2025-06-25 19:07:56.910
!MESSAGE SpringBootLanguageServer exists!

!ENTRY org.eclipse.lsp4e 4 0 2025-06-25 19:07:56.912
!MESSAGE org.eclipse.lsp4j.jsonrpc.JsonRpcException: java.io.IOException: 파이프가 닫히는 중입니다
!STACK 0
java.util.concurrent.ExecutionException: org.eclipse.lsp4j.jsonrpc.JsonRpcException: java.io.IOException: 파이프가 닫히는 중입니다
	at java.base/java.util.concurrent.CompletableFuture.reportGet(CompletableFuture.java:395)
	at java.base/java.util.concurrent.CompletableFuture.get(CompletableFuture.java:2028)
	at org.eclipse.lsp4e.LanguageServerWrapper.lambda$13(LanguageServerWrapper.java:425)
	at java.base/java.util.concurrent.CompletableFuture$AsyncRun.run(CompletableFuture.java:1736)
	at java.base/java.util.concurrent.CompletableFuture$AsyncRun.exec(CompletableFuture.java:1728)
	at java.base/java.util.concurrent.ForkJoinTask.doExec(ForkJoinTask.java:290)
	at java.base/java.util.concurrent.ForkJoinPool$WorkQueue.topLevelExec(ForkJoinPool.java:1020)
	at java.base/java.util.concurrent.ForkJoinPool.scan(ForkJoinPool.java:1656)
	at java.base/java.util.concurrent.ForkJoinPool.runWorker(ForkJoinPool.java:1594)
	at java.base/java.util.concurrent.ForkJoinWorkerThread.run(ForkJoinWorkerThread.java:183)
Caused by: org.eclipse.lsp4j.jsonrpc.JsonRpcException: java.io.IOException: 파이프가 닫히는 중입니다
	at org.eclipse.lsp4j.jsonrpc.json.StreamMessageConsumer.consume(StreamMessageConsumer.java:72)
	at org.eclipse.lsp4e.LanguageServerWrapper.lambda$4(LanguageServerWrapper.java:260)
	at org.eclipse.lsp4j.jsonrpc.RemoteEndpoint.request(RemoteEndpoint.java:161)
	at org.eclipse.lsp4j.jsonrpc.services.EndpointProxy.invoke(EndpointProxy.java:91)
	at com.sun.proxy.$Proxy49.shutdown(Unknown Source)
	at org.eclipse.lsp4e.LanguageServerWrapper.lambda$13(LanguageServerWrapper.java:423)
	... 7 more
Caused by: java.io.IOException: 파이프가 닫히는 중입니다
	at java.base/java.io.FileOutputStream.writeBytes(Native Method)
	at java.base/java.io.FileOutputStream.write(FileOutputStream.java:354)
	at java.base/java.io.BufferedOutputStream.flushBuffer(BufferedOutputStream.java:81)
	at java.base/java.io.BufferedOutputStream.flush(BufferedOutputStream.java:142)
	at org.eclipse.lsp4j.jsonrpc.json.StreamMessageConsumer.consume(StreamMessageConsumer.java:69)
	... 12 more

!ENTRY org.springframework.tooling.ls.eclipse.commons 1 0 2025-06-25 19:07:56.913
!MESSAGE Entering DelegatingStreamConnectionProvider()

!ENTRY org.springframework.tooling.ls.eclipse.commons 1 0 2025-06-25 19:07:56.913
!MESSAGE DelegatingStreamConnectionProvider classloader = org.eclipse.osgi.internal.loader.EquinoxClassLoader@500e5b3f[org.springframework.tooling.boot.ls:1.28.0.202109130547(id=1001)]

!ENTRY org.springframework.tooling.ls.eclipse.commons 1 0 2025-06-25 19:07:56.913
!MESSAGE SpringBootLanguageServer exists!

!ENTRY org.eclipse.lsp4e 4 0 2025-06-25 19:07:56.914
!MESSAGE org.eclipse.lsp4j.jsonrpc.JsonRpcException: java.io.IOException: 파이프가 닫히는 중입니다
!STACK 0
java.util.concurrent.ExecutionException: org.eclipse.lsp4j.jsonrpc.JsonRpcException: java.io.IOException: 파이프가 닫히는 중입니다
	at java.base/java.util.concurrent.CompletableFuture.reportGet(CompletableFuture.java:395)
	at java.base/java.util.concurrent.CompletableFuture.get(CompletableFuture.java:2028)
	at org.eclipse.lsp4e.LanguageServerWrapper.lambda$13(LanguageServerWrapper.java:425)
	at java.base/java.util.concurrent.CompletableFuture$AsyncRun.run(CompletableFuture.java:1736)
	at java.base/java.util.concurrent.CompletableFuture$AsyncRun.exec(CompletableFuture.java:1728)
	at java.base/java.util.concurrent.ForkJoinTask.doExec(ForkJoinTask.java:290)
	at java.base/java.util.concurrent.ForkJoinPool$WorkQueue.topLevelExec(ForkJoinPool.java:1020)
	at java.base/java.util.concurrent.ForkJoinPool.scan(ForkJoinPool.java:1656)
	at java.base/java.util.concurrent.ForkJoinPool.runWorker(ForkJoinPool.java:1594)
	at java.base/java.util.concurrent.ForkJoinWorkerThread.run(ForkJoinWorkerThread.java:183)
Caused by: org.eclipse.lsp4j.jsonrpc.JsonRpcException: java.io.IOException: 파이프가 닫히는 중입니다
	at org.eclipse.lsp4j.jsonrpc.json.StreamMessageConsumer.consume(StreamMessageConsumer.java:72)
	at org.eclipse.lsp4e.LanguageServerWrapper.lambda$4(LanguageServerWrapper.java:260)
	at org.eclipse.lsp4j.jsonrpc.RemoteEndpoint.request(RemoteEndpoint.java:161)
	at org.eclipse.lsp4j.jsonrpc.services.EndpointProxy.invoke(EndpointProxy.java:91)
	at com.sun.proxy.$Proxy49.shutdown(Unknown Source)
	at org.eclipse.lsp4e.LanguageServerWrapper.lambda$13(LanguageServerWrapper.java:423)
	... 7 more
Caused by: java.io.IOException: 파이프가 닫히는 중입니다
	at java.base/java.io.FileOutputStream.writeBytes(Native Method)
	at java.base/java.io.FileOutputStream.write(FileOutputStream.java:354)
	at java.base/java.io.BufferedOutputStream.flushBuffer(BufferedOutputStream.java:81)
	at java.base/java.io.BufferedOutputStream.flush(BufferedOutputStream.java:142)
	at org.eclipse.lsp4j.jsonrpc.json.StreamMessageConsumer.consume(StreamMessageConsumer.java:69)
	... 12 more

!ENTRY org.springframework.tooling.ls.eclipse.commons 1 0 2025-06-25 19:07:56.914
!MESSAGE Entering DelegatingStreamConnectionProvider()

!ENTRY org.springframework.tooling.ls.eclipse.commons 1 0 2025-06-25 19:07:56.914
!MESSAGE DelegatingStreamConnectionProvider classloader = org.eclipse.osgi.internal.loader.EquinoxClassLoader@500e5b3f[org.springframework.tooling.boot.ls:1.28.0.202109130547(id=1001)]

!ENTRY org.springframework.tooling.ls.eclipse.commons 1 0 2025-06-25 19:07:56.916
!MESSAGE SpringBootLanguageServer exists!

!ENTRY org.eclipse.lsp4e 4 0 2025-06-25 19:07:56.917
!MESSAGE org.eclipse.lsp4j.jsonrpc.JsonRpcException: java.io.IOException: 파이프가 닫히는 중입니다
!STACK 0
java.util.concurrent.ExecutionException: org.eclipse.lsp4j.jsonrpc.JsonRpcException: java.io.IOException: 파이프가 닫히는 중입니다
	at java.base/java.util.concurrent.CompletableFuture.reportGet(CompletableFuture.java:395)
	at java.base/java.util.concurrent.CompletableFuture.get(CompletableFuture.java:2028)
	at org.eclipse.lsp4e.LanguageServerWrapper.lambda$13(LanguageServerWrapper.java:425)
	at java.base/java.util.concurrent.CompletableFuture$AsyncRun.run(CompletableFuture.java:1736)
	at java.base/java.util.concurrent.CompletableFuture$AsyncRun.exec(CompletableFuture.java:1728)
	at java.base/java.util.concurrent.ForkJoinTask.doExec(ForkJoinTask.java:290)
	at java.base/java.util.concurrent.ForkJoinPool$WorkQueue.topLevelExec(ForkJoinPool.java:1020)
	at java.base/java.util.concurrent.ForkJoinPool.scan(ForkJoinPool.java:1656)
	at java.base/java.util.concurrent.ForkJoinPool.runWorker(ForkJoinPool.java:1594)
	at java.base/java.util.concurrent.ForkJoinWorkerThread.run(ForkJoinWorkerThread.java:183)
Caused by: org.eclipse.lsp4j.jsonrpc.JsonRpcException: java.io.IOException: 파이프가 닫히는 중입니다
	at org.eclipse.lsp4j.jsonrpc.json.StreamMessageConsumer.consume(StreamMessageConsumer.java:72)
	at org.eclipse.lsp4e.LanguageServerWrapper.lambda$4(LanguageServerWrapper.java:260)
	at org.eclipse.lsp4j.jsonrpc.RemoteEndpoint.request(RemoteEndpoint.java:161)
	at org.eclipse.lsp4j.jsonrpc.services.EndpointProxy.invoke(EndpointProxy.java:91)
	at com.sun.proxy.$Proxy49.shutdown(Unknown Source)
	at org.eclipse.lsp4e.LanguageServerWrapper.lambda$13(LanguageServerWrapper.java:423)
	... 7 more
Caused by: java.io.IOException: 파이프가 닫히는 중입니다
	at java.base/java.io.FileOutputStream.writeBytes(Native Method)
	at java.base/java.io.FileOutputStream.write(FileOutputStream.java:354)
	at java.base/java.io.BufferedOutputStream.flushBuffer(BufferedOutputStream.java:81)
	at java.base/java.io.BufferedOutputStream.flush(BufferedOutputStream.java:142)
	at org.eclipse.lsp4j.jsonrpc.json.StreamMessageConsumer.consume(StreamMessageConsumer.java:69)
	... 12 more

!ENTRY org.springframework.tooling.ls.eclipse.commons 1 0 2025-06-25 19:07:56.918
!MESSAGE Entering DelegatingStreamConnectionProvider()

!ENTRY org.springframework.tooling.ls.eclipse.commons 1 0 2025-06-25 19:07:56.918
!MESSAGE DelegatingStreamConnectionProvider classloader = org.eclipse.osgi.internal.loader.EquinoxClassLoader@500e5b3f[org.springframework.tooling.boot.ls:1.28.0.202109130547(id=1001)]

!ENTRY org.springframework.tooling.ls.eclipse.commons 1 0 2025-06-25 19:07:56.918
!MESSAGE SpringBootLanguageServer exists!

!ENTRY org.eclipse.lsp4e 4 0 2025-06-25 19:07:56.922
!MESSAGE org.eclipse.lsp4j.jsonrpc.JsonRpcException: java.io.IOException: 파이프가 닫히는 중입니다
!STACK 0
java.util.concurrent.ExecutionException: org.eclipse.lsp4j.jsonrpc.JsonRpcException: java.io.IOException: 파이프가 닫히는 중입니다
	at java.base/java.util.concurrent.CompletableFuture.reportGet(CompletableFuture.java:395)
	at java.base/java.util.concurrent.CompletableFuture.get(CompletableFuture.java:2028)
	at org.eclipse.lsp4e.LanguageServerWrapper.lambda$13(LanguageServerWrapper.java:425)
	at java.base/java.util.concurrent.CompletableFuture$AsyncRun.run(CompletableFuture.java:1736)
	at java.base/java.util.concurrent.CompletableFuture$AsyncRun.exec(CompletableFuture.java:1728)
	at java.base/java.util.concurrent.ForkJoinTask.doExec(ForkJoinTask.java:290)
	at java.base/java.util.concurrent.ForkJoinPool$WorkQueue.topLevelExec(ForkJoinPool.java:1020)
	at java.base/java.util.concurrent.ForkJoinPool.scan(ForkJoinPool.java:1656)
	at java.base/java.util.concurrent.ForkJoinPool.runWorker(ForkJoinPool.java:1594)
	at java.base/java.util.concurrent.ForkJoinWorkerThread.run(ForkJoinWorkerThread.java:183)
Caused by: org.eclipse.lsp4j.jsonrpc.JsonRpcException: java.io.IOException: 파이프가 닫히는 중입니다
	at org.eclipse.lsp4j.jsonrpc.json.StreamMessageConsumer.consume(StreamMessageConsumer.java:72)
	at org.eclipse.lsp4e.LanguageServerWrapper.lambda$4(LanguageServerWrapper.java:260)
	at org.eclipse.lsp4j.jsonrpc.RemoteEndpoint.request(RemoteEndpoint.java:161)
	at org.eclipse.lsp4j.jsonrpc.services.EndpointProxy.invoke(EndpointProxy.java:91)
	at com.sun.proxy.$Proxy49.shutdown(Unknown Source)
	at org.eclipse.lsp4e.LanguageServerWrapper.lambda$13(LanguageServerWrapper.java:423)
	... 7 more
Caused by: java.io.IOException: 파이프가 닫히는 중입니다
	at java.base/java.io.FileOutputStream.writeBytes(Native Method)
	at java.base/java.io.FileOutputStream.write(FileOutputStream.java:354)
	at java.base/java.io.BufferedOutputStream.flushBuffer(BufferedOutputStream.java:81)
	at java.base/java.io.BufferedOutputStream.flush(BufferedOutputStream.java:142)
	at org.eclipse.lsp4j.jsonrpc.json.StreamMessageConsumer.consume(StreamMessageConsumer.java:69)
	... 12 more

!ENTRY org.springframework.tooling.ls.eclipse.commons 1 0 2025-06-25 19:07:56.923
!MESSAGE Entering DelegatingStreamConnectionProvider()

!ENTRY org.springframework.tooling.ls.eclipse.commons 1 0 2025-06-25 19:07:56.923
!MESSAGE DelegatingStreamConnectionProvider classloader = org.eclipse.osgi.internal.loader.EquinoxClassLoader@500e5b3f[org.springframework.tooling.boot.ls:1.28.0.202109130547(id=1001)]

!ENTRY org.springframework.tooling.ls.eclipse.commons 1 0 2025-06-25 19:07:56.924
!MESSAGE SpringBootLanguageServer exists!

!ENTRY org.eclipse.lsp4e 4 0 2025-06-25 19:07:56.924
!MESSAGE org.eclipse.lsp4j.jsonrpc.JsonRpcException: java.io.IOException: 파이프가 닫히는 중입니다
!STACK 0
java.util.concurrent.ExecutionException: org.eclipse.lsp4j.jsonrpc.JsonRpcException: java.io.IOException: 파이프가 닫히는 중입니다
	at java.base/java.util.concurrent.CompletableFuture.reportGet(CompletableFuture.java:395)
	at java.base/java.util.concurrent.CompletableFuture.get(CompletableFuture.java:2028)
	at org.eclipse.lsp4e.LanguageServerWrapper.lambda$13(LanguageServerWrapper.java:425)
	at java.base/java.util.concurrent.CompletableFuture$AsyncRun.run(CompletableFuture.java:1736)
	at java.base/java.util.concurrent.CompletableFuture$AsyncRun.exec(CompletableFuture.java:1728)
	at java.base/java.util.concurrent.ForkJoinTask.doExec(ForkJoinTask.java:290)
	at java.base/java.util.concurrent.ForkJoinPool$WorkQueue.topLevelExec(ForkJoinPool.java:1020)
	at java.base/java.util.concurrent.ForkJoinPool.scan(ForkJoinPool.java:1656)
	at java.base/java.util.concurrent.ForkJoinPool.runWorker(ForkJoinPool.java:1594)
	at java.base/java.util.concurrent.ForkJoinWorkerThread.run(ForkJoinWorkerThread.java:183)
Caused by: org.eclipse.lsp4j.jsonrpc.JsonRpcException: java.io.IOException: 파이프가 닫히는 중입니다
	at org.eclipse.lsp4j.jsonrpc.json.StreamMessageConsumer.consume(StreamMessageConsumer.java:72)
	at org.eclipse.lsp4e.LanguageServerWrapper.lambda$4(LanguageServerWrapper.java:260)
	at org.eclipse.lsp4j.jsonrpc.RemoteEndpoint.request(RemoteEndpoint.java:161)
	at org.eclipse.lsp4j.jsonrpc.services.EndpointProxy.invoke(EndpointProxy.java:91)
	at com.sun.proxy.$Proxy49.shutdown(Unknown Source)
	at org.eclipse.lsp4e.LanguageServerWrapper.lambda$13(LanguageServerWrapper.java:423)
	... 7 more
Caused by: java.io.IOException: 파이프가 닫히는 중입니다
	at java.base/java.io.FileOutputStream.writeBytes(Native Method)
	at java.base/java.io.FileOutputStream.write(FileOutputStream.java:354)
	at java.base/java.io.BufferedOutputStream.flushBuffer(BufferedOutputStream.java:81)
	at java.base/java.io.BufferedOutputStream.flush(BufferedOutputStream.java:142)
	at org.eclipse.lsp4j.jsonrpc.json.StreamMessageConsumer.consume(StreamMessageConsumer.java:69)
	... 12 more

!ENTRY org.springframework.tooling.ls.eclipse.commons 1 0 2025-06-25 19:07:56.924
!MESSAGE Entering DelegatingStreamConnectionProvider()

!ENTRY org.springframework.tooling.ls.eclipse.commons 1 0 2025-06-25 19:07:56.925
!MESSAGE DelegatingStreamConnectionProvider classloader = org.eclipse.osgi.internal.loader.EquinoxClassLoader@500e5b3f[org.springframework.tooling.boot.ls:1.28.0.202109130547(id=1001)]

!ENTRY org.springframework.tooling.ls.eclipse.commons 1 0 2025-06-25 19:07:56.925
!MESSAGE SpringBootLanguageServer exists!

!ENTRY org.eclipse.lsp4e 4 0 2025-06-25 19:07:56.930
!MESSAGE org.eclipse.lsp4j.jsonrpc.JsonRpcException: java.io.IOException: 파이프가 닫히는 중입니다
!STACK 0
java.util.concurrent.ExecutionException: org.eclipse.lsp4j.jsonrpc.JsonRpcException: java.io.IOException: 파이프가 닫히는 중입니다
	at java.base/java.util.concurrent.CompletableFuture.reportGet(CompletableFuture.java:395)
	at java.base/java.util.concurrent.CompletableFuture.get(CompletableFuture.java:2028)
	at org.eclipse.lsp4e.LanguageServerWrapper.lambda$13(LanguageServerWrapper.java:425)
	at java.base/java.util.concurrent.CompletableFuture$AsyncRun.run(CompletableFuture.java:1736)
	at java.base/java.util.concurrent.CompletableFuture$AsyncRun.exec(CompletableFuture.java:1728)
	at java.base/java.util.concurrent.ForkJoinTask.doExec(ForkJoinTask.java:290)
	at java.base/java.util.concurrent.ForkJoinPool$WorkQueue.topLevelExec(ForkJoinPool.java:1020)
	at java.base/java.util.concurrent.ForkJoinPool.scan(ForkJoinPool.java:1656)
	at java.base/java.util.concurrent.ForkJoinPool.runWorker(ForkJoinPool.java:1594)
	at java.base/java.util.concurrent.ForkJoinWorkerThread.run(ForkJoinWorkerThread.java:183)
Caused by: org.eclipse.lsp4j.jsonrpc.JsonRpcException: java.io.IOException: 파이프가 닫히는 중입니다
	at org.eclipse.lsp4j.jsonrpc.json.StreamMessageConsumer.consume(StreamMessageConsumer.java:72)
	at org.eclipse.lsp4e.LanguageServerWrapper.lambda$4(LanguageServerWrapper.java:260)
	at org.eclipse.lsp4j.jsonrpc.RemoteEndpoint.request(RemoteEndpoint.java:161)
	at org.eclipse.lsp4j.jsonrpc.services.EndpointProxy.invoke(EndpointProxy.java:91)
	at com.sun.proxy.$Proxy49.shutdown(Unknown Source)
	at org.eclipse.lsp4e.LanguageServerWrapper.lambda$13(LanguageServerWrapper.java:423)
	... 7 more
Caused by: java.io.IOException: 파이프가 닫히는 중입니다
	at java.base/java.io.FileOutputStream.writeBytes(Native Method)
	at java.base/java.io.FileOutputStream.write(FileOutputStream.java:354)
	at java.base/java.io.BufferedOutputStream.flushBuffer(BufferedOutputStream.java:81)
	at java.base/java.io.BufferedOutputStream.flush(BufferedOutputStream.java:142)
	at org.eclipse.lsp4j.jsonrpc.json.StreamMessageConsumer.consume(StreamMessageConsumer.java:69)
	... 12 more

!ENTRY org.springframework.tooling.ls.eclipse.commons 1 0 2025-06-25 19:07:56.931
!MESSAGE Entering DelegatingStreamConnectionProvider()

!ENTRY org.springframework.tooling.ls.eclipse.commons 1 0 2025-06-25 19:07:56.931
!MESSAGE DelegatingStreamConnectionProvider classloader = org.eclipse.osgi.internal.loader.EquinoxClassLoader@500e5b3f[org.springframework.tooling.boot.ls:1.28.0.202109130547(id=1001)]

!ENTRY org.springframework.tooling.ls.eclipse.commons 1 0 2025-06-25 19:07:56.932
!MESSAGE SpringBootLanguageServer exists!

!ENTRY org.eclipse.lsp4e 4 0 2025-06-25 19:07:56.936
!MESSAGE org.eclipse.lsp4j.jsonrpc.JsonRpcException: java.io.IOException: 파이프가 닫히는 중입니다
!STACK 0
java.util.concurrent.ExecutionException: org.eclipse.lsp4j.jsonrpc.JsonRpcException: java.io.IOException: 파이프가 닫히는 중입니다
	at java.base/java.util.concurrent.CompletableFuture.reportGet(CompletableFuture.java:395)
	at java.base/java.util.concurrent.CompletableFuture.get(CompletableFuture.java:2028)
	at org.eclipse.lsp4e.LanguageServerWrapper.lambda$13(LanguageServerWrapper.java:425)
	at java.base/java.util.concurrent.CompletableFuture$AsyncRun.run(CompletableFuture.java:1736)
	at java.base/java.util.concurrent.CompletableFuture$AsyncRun.exec(CompletableFuture.java:1728)
	at java.base/java.util.concurrent.ForkJoinTask.doExec(ForkJoinTask.java:290)
	at java.base/java.util.concurrent.ForkJoinPool$WorkQueue.topLevelExec(ForkJoinPool.java:1020)
	at java.base/java.util.concurrent.ForkJoinPool.scan(ForkJoinPool.java:1656)
	at java.base/java.util.concurrent.ForkJoinPool.runWorker(ForkJoinPool.java:1594)
	at java.base/java.util.concurrent.ForkJoinWorkerThread.run(ForkJoinWorkerThread.java:183)
Caused by: org.eclipse.lsp4j.jsonrpc.JsonRpcException: java.io.IOException: 파이프가 닫히는 중입니다
	at org.eclipse.lsp4j.jsonrpc.json.StreamMessageConsumer.consume(StreamMessageConsumer.java:72)
	at org.eclipse.lsp4e.LanguageServerWrapper.lambda$4(LanguageServerWrapper.java:260)
	at org.eclipse.lsp4j.jsonrpc.RemoteEndpoint.request(RemoteEndpoint.java:161)
	at org.eclipse.lsp4j.jsonrpc.services.EndpointProxy.invoke(EndpointProxy.java:91)
	at com.sun.proxy.$Proxy49.shutdown(Unknown Source)
	at org.eclipse.lsp4e.LanguageServerWrapper.lambda$13(LanguageServerWrapper.java:423)
	... 7 more
Caused by: java.io.IOException: 파이프가 닫히는 중입니다
	at java.base/java.io.FileOutputStream.writeBytes(Native Method)
	at java.base/java.io.FileOutputStream.write(FileOutputStream.java:354)
	at java.base/java.io.BufferedOutputStream.flushBuffer(BufferedOutputStream.java:81)
	at java.base/java.io.BufferedOutputStream.flush(BufferedOutputStream.java:142)
	at org.eclipse.lsp4j.jsonrpc.json.StreamMessageConsumer.consume(StreamMessageConsumer.java:69)
	... 12 more

!ENTRY org.springframework.tooling.ls.eclipse.commons 1 0 2025-06-25 19:07:56.937
!MESSAGE Entering DelegatingStreamConnectionProvider()

!ENTRY org.springframework.tooling.ls.eclipse.commons 1 0 2025-06-25 19:07:56.937
!MESSAGE DelegatingStreamConnectionProvider classloader = org.eclipse.osgi.internal.loader.EquinoxClassLoader@500e5b3f[org.springframework.tooling.boot.ls:1.28.0.202109130547(id=1001)]

!ENTRY org.springframework.tooling.ls.eclipse.commons 1 0 2025-06-25 19:07:56.937
!MESSAGE SpringBootLanguageServer exists!

!ENTRY org.eclipse.lsp4e 4 0 2025-06-25 19:07:56.939
!MESSAGE org.eclipse.lsp4j.jsonrpc.JsonRpcException: java.io.IOException: 파이프가 닫히는 중입니다
!STACK 0
java.util.concurrent.ExecutionException: org.eclipse.lsp4j.jsonrpc.JsonRpcException: java.io.IOException: 파이프가 닫히는 중입니다
	at java.base/java.util.concurrent.CompletableFuture.reportGet(CompletableFuture.java:395)
	at java.base/java.util.concurrent.CompletableFuture.get(CompletableFuture.java:2028)
	at org.eclipse.lsp4e.LanguageServerWrapper.lambda$13(LanguageServerWrapper.java:425)
	at java.base/java.util.concurrent.CompletableFuture$AsyncRun.run(CompletableFuture.java:1736)
	at java.base/java.util.concurrent.CompletableFuture$AsyncRun.exec(CompletableFuture.java:1728)
	at java.base/java.util.concurrent.ForkJoinTask.doExec(ForkJoinTask.java:290)
	at java.base/java.util.concurrent.ForkJoinPool$WorkQueue.topLevelExec(ForkJoinPool.java:1020)
	at java.base/java.util.concurrent.ForkJoinPool.scan(ForkJoinPool.java:1656)
	at java.base/java.util.concurrent.ForkJoinPool.runWorker(ForkJoinPool.java:1594)
	at java.base/java.util.concurrent.ForkJoinWorkerThread.run(ForkJoinWorkerThread.java:183)
Caused by: org.eclipse.lsp4j.jsonrpc.JsonRpcException: java.io.IOException: 파이프가 닫히는 중입니다
	at org.eclipse.lsp4j.jsonrpc.json.StreamMessageConsumer.consume(StreamMessageConsumer.java:72)
	at org.eclipse.lsp4e.LanguageServerWrapper.lambda$4(LanguageServerWrapper.java:260)
	at org.eclipse.lsp4j.jsonrpc.RemoteEndpoint.request(RemoteEndpoint.java:161)
	at org.eclipse.lsp4j.jsonrpc.services.EndpointProxy.invoke(EndpointProxy.java:91)
	at com.sun.proxy.$Proxy49.shutdown(Unknown Source)
	at org.eclipse.lsp4e.LanguageServerWrapper.lambda$13(LanguageServerWrapper.java:423)
	... 7 more
Caused by: java.io.IOException: 파이프가 닫히는 중입니다
	at java.base/java.io.FileOutputStream.writeBytes(Native Method)
	at java.base/java.io.FileOutputStream.write(FileOutputStream.java:354)
	at java.base/java.io.BufferedOutputStream.flushBuffer(BufferedOutputStream.java:81)
	at java.base/java.io.BufferedOutputStream.flush(BufferedOutputStream.java:142)
	at org.eclipse.lsp4j.jsonrpc.json.StreamMessageConsumer.consume(StreamMessageConsumer.java:69)
	... 12 more

!ENTRY org.springframework.tooling.ls.eclipse.commons 1 0 2025-06-25 19:07:56.939
!MESSAGE Entering DelegatingStreamConnectionProvider()

!ENTRY org.eclipse.lsp4e 4 0 2025-06-25 19:07:56.939
!MESSAGE org.eclipse.lsp4j.jsonrpc.JsonRpcException: java.io.IOException: 파이프가 닫히는 중입니다
!STACK 0
java.util.concurrent.ExecutionException: org.eclipse.lsp4j.jsonrpc.JsonRpcException: java.io.IOException: 파이프가 닫히는 중입니다
	at java.base/java.util.concurrent.CompletableFuture.reportGet(CompletableFuture.java:395)
	at java.base/java.util.concurrent.CompletableFuture.get(CompletableFuture.java:2028)
	at org.eclipse.lsp4e.LanguageServerWrapper.lambda$13(LanguageServerWrapper.java:425)
	at java.base/java.util.concurrent.CompletableFuture$AsyncRun.run(CompletableFuture.java:1736)
	at java.base/java.util.concurrent.CompletableFuture$AsyncRun.exec(CompletableFuture.java:1728)
	at java.base/java.util.concurrent.ForkJoinTask.doExec(ForkJoinTask.java:290)
	at java.base/java.util.concurrent.ForkJoinPool$WorkQueue.topLevelExec(ForkJoinPool.java:1020)
	at java.base/java.util.concurrent.ForkJoinPool.scan(ForkJoinPool.java:1656)
	at java.base/java.util.concurrent.ForkJoinPool.runWorker(ForkJoinPool.java:1594)
	at java.base/java.util.concurrent.ForkJoinWorkerThread.run(ForkJoinWorkerThread.java:183)
Caused by: org.eclipse.lsp4j.jsonrpc.JsonRpcException: java.io.IOException: 파이프가 닫히는 중입니다
	at org.eclipse.lsp4j.jsonrpc.json.StreamMessageConsumer.consume(StreamMessageConsumer.java:72)
	at org.eclipse.lsp4e.LanguageServerWrapper.lambda$4(LanguageServerWrapper.java:260)
	at org.eclipse.lsp4j.jsonrpc.RemoteEndpoint.request(RemoteEndpoint.java:161)
	at org.eclipse.lsp4j.jsonrpc.services.EndpointProxy.invoke(EndpointProxy.java:91)
	at com.sun.proxy.$Proxy49.shutdown(Unknown Source)
	at org.eclipse.lsp4e.LanguageServerWrapper.lambda$13(LanguageServerWrapper.java:423)
	... 7 more
Caused by: java.io.IOException: 파이프가 닫히는 중입니다
	at java.base/java.io.FileOutputStream.writeBytes(Native Method)
	at java.base/java.io.FileOutputStream.write(FileOutputStream.java:354)
	at java.base/java.io.BufferedOutputStream.flushBuffer(BufferedOutputStream.java:81)
	at java.base/java.io.BufferedOutputStream.flush(BufferedOutputStream.java:142)
	at org.eclipse.lsp4j.jsonrpc.json.StreamMessageConsumer.consume(StreamMessageConsumer.java:69)
	... 12 more

!ENTRY org.springframework.tooling.ls.eclipse.commons 1 0 2025-06-25 19:07:56.939
!MESSAGE DelegatingStreamConnectionProvider classloader = org.eclipse.osgi.internal.loader.EquinoxClassLoader@500e5b3f[org.springframework.tooling.boot.ls:1.28.0.202109130547(id=1001)]

!ENTRY org.springframework.tooling.ls.eclipse.commons 1 0 2025-06-25 19:07:56.944
!MESSAGE Entering DelegatingStreamConnectionProvider()

!ENTRY org.springframework.tooling.ls.eclipse.commons 1 0 2025-06-25 19:07:56.944
!MESSAGE SpringBootLanguageServer exists!

!ENTRY org.eclipse.lsp4e 4 0 2025-06-25 19:07:56.946
!MESSAGE org.eclipse.lsp4j.jsonrpc.JsonRpcException: java.io.IOException: 파이프가 닫히는 중입니다
!STACK 0
java.util.concurrent.ExecutionException: org.eclipse.lsp4j.jsonrpc.JsonRpcException: java.io.IOException: 파이프가 닫히는 중입니다
	at java.base/java.util.concurrent.CompletableFuture.reportGet(CompletableFuture.java:395)
	at java.base/java.util.concurrent.CompletableFuture.get(CompletableFuture.java:2028)
	at org.eclipse.lsp4e.LanguageServerWrapper.lambda$13(LanguageServerWrapper.java:425)
	at java.base/java.util.concurrent.CompletableFuture$AsyncRun.run(CompletableFuture.java:1736)
	at java.base/java.util.concurrent.CompletableFuture$AsyncRun.exec(CompletableFuture.java:1728)
	at java.base/java.util.concurrent.ForkJoinTask.doExec(ForkJoinTask.java:290)
	at java.base/java.util.concurrent.ForkJoinPool$WorkQueue.topLevelExec(ForkJoinPool.java:1020)
	at java.base/java.util.concurrent.ForkJoinPool.scan(ForkJoinPool.java:1656)
	at java.base/java.util.concurrent.ForkJoinPool.runWorker(ForkJoinPool.java:1594)
	at java.base/java.util.concurrent.ForkJoinWorkerThread.run(ForkJoinWorkerThread.java:183)
Caused by: org.eclipse.lsp4j.jsonrpc.JsonRpcException: java.io.IOException: 파이프가 닫히는 중입니다
	at org.eclipse.lsp4j.jsonrpc.json.StreamMessageConsumer.consume(StreamMessageConsumer.java:72)
	at org.eclipse.lsp4e.LanguageServerWrapper.lambda$4(LanguageServerWrapper.java:260)
	at org.eclipse.lsp4j.jsonrpc.RemoteEndpoint.request(RemoteEndpoint.java:161)
	at org.eclipse.lsp4j.jsonrpc.services.EndpointProxy.invoke(EndpointProxy.java:91)
	at com.sun.proxy.$Proxy49.shutdown(Unknown Source)
	at org.eclipse.lsp4e.LanguageServerWrapper.lambda$13(LanguageServerWrapper.java:423)
	... 7 more
Caused by: java.io.IOException: 파이프가 닫히는 중입니다
	at java.base/java.io.FileOutputStream.writeBytes(Native Method)
	at java.base/java.io.FileOutputStream.write(FileOutputStream.java:354)
	at java.base/java.io.BufferedOutputStream.flushBuffer(BufferedOutputStream.java:81)
	at java.base/java.io.BufferedOutputStream.flush(BufferedOutputStream.java:142)
	at org.eclipse.lsp4j.jsonrpc.json.StreamMessageConsumer.consume(StreamMessageConsumer.java:69)
	... 12 more

!ENTRY org.eclipse.lsp4e 4 0 2025-06-25 19:07:56.947
!MESSAGE org.eclipse.lsp4j.jsonrpc.JsonRpcException: java.io.IOException: 파이프가 닫히는 중입니다
!STACK 0
java.util.concurrent.ExecutionException: org.eclipse.lsp4j.jsonrpc.JsonRpcException: java.io.IOException: 파이프가 닫히는 중입니다
	at java.base/java.util.concurrent.CompletableFuture.reportGet(CompletableFuture.java:395)
	at java.base/java.util.concurrent.CompletableFuture.get(CompletableFuture.java:2028)
	at org.eclipse.lsp4e.LanguageServerWrapper.lambda$13(LanguageServerWrapper.java:425)
	at java.base/java.util.concurrent.CompletableFuture$AsyncRun.run(CompletableFuture.java:1736)
	at java.base/java.util.concurrent.CompletableFuture$AsyncRun.exec(CompletableFuture.java:1728)
	at java.base/java.util.concurrent.ForkJoinTask.doExec(ForkJoinTask.java:290)
	at java.base/java.util.concurrent.ForkJoinPool$WorkQueue.topLevelExec(ForkJoinPool.java:1020)
	at java.base/java.util.concurrent.ForkJoinPool.scan(ForkJoinPool.java:1656)
	at java.base/java.util.concurrent.ForkJoinPool.runWorker(ForkJoinPool.java:1594)
	at java.base/java.util.concurrent.ForkJoinWorkerThread.run(ForkJoinWorkerThread.java:183)
Caused by: org.eclipse.lsp4j.jsonrpc.JsonRpcException: java.io.IOException: 파이프가 닫히는 중입니다
	at org.eclipse.lsp4j.jsonrpc.json.StreamMessageConsumer.consume(StreamMessageConsumer.java:72)
	at org.eclipse.lsp4e.LanguageServerWrapper.lambda$4(LanguageServerWrapper.java:260)
	at org.eclipse.lsp4j.jsonrpc.RemoteEndpoint.request(RemoteEndpoint.java:161)
	at org.eclipse.lsp4j.jsonrpc.services.EndpointProxy.invoke(EndpointProxy.java:91)
	at com.sun.proxy.$Proxy49.shutdown(Unknown Source)
	at org.eclipse.lsp4e.LanguageServerWrapper.lambda$13(LanguageServerWrapper.java:423)
	... 7 more
Caused by: java.io.IOException: 파이프가 닫히는 중입니다
	at java.base/java.io.FileOutputStream.writeBytes(Native Method)
	at java.base/java.io.FileOutputStream.write(FileOutputStream.java:354)
	at java.base/java.io.BufferedOutputStream.flushBuffer(BufferedOutputStream.java:81)
	at java.base/java.io.BufferedOutputStream.flush(BufferedOutputStream.java:142)
	at org.eclipse.lsp4j.jsonrpc.json.StreamMessageConsumer.consume(StreamMessageConsumer.java:69)
	... 12 more

!ENTRY org.springframework.tooling.ls.eclipse.commons 1 0 2025-06-25 19:07:56.947
!MESSAGE Entering DelegatingStreamConnectionProvider()

!ENTRY org.eclipse.lsp4e 4 0 2025-06-25 19:07:56.948
!MESSAGE org.eclipse.lsp4j.jsonrpc.JsonRpcException: java.io.IOException: 파이프가 닫히는 중입니다
!STACK 0
java.util.concurrent.ExecutionException: org.eclipse.lsp4j.jsonrpc.JsonRpcException: java.io.IOException: 파이프가 닫히는 중입니다
	at java.base/java.util.concurrent.CompletableFuture.reportGet(CompletableFuture.java:395)
	at java.base/java.util.concurrent.CompletableFuture.get(CompletableFuture.java:2028)
	at org.eclipse.lsp4e.LanguageServerWrapper.lambda$13(LanguageServerWrapper.java:425)
	at java.base/java.util.concurrent.CompletableFuture$AsyncRun.run(CompletableFuture.java:1736)
	at java.base/java.util.concurrent.CompletableFuture$AsyncRun.exec(CompletableFuture.java:1728)
	at java.base/java.util.concurrent.ForkJoinTask.doExec(ForkJoinTask.java:290)
	at java.base/java.util.concurrent.ForkJoinPool$WorkQueue.topLevelExec(ForkJoinPool.java:1020)
	at java.base/java.util.concurrent.ForkJoinPool.scan(ForkJoinPool.java:1656)
	at java.base/java.util.concurrent.ForkJoinPool.runWorker(ForkJoinPool.java:1594)
	at java.base/java.util.concurrent.ForkJoinWorkerThread.run(ForkJoinWorkerThread.java:183)
Caused by: org.eclipse.lsp4j.jsonrpc.JsonRpcException: java.io.IOException: 파이프가 닫히는 중입니다
	at org.eclipse.lsp4j.jsonrpc.json.StreamMessageConsumer.consume(StreamMessageConsumer.java:72)
	at org.eclipse.lsp4e.LanguageServerWrapper.lambda$4(LanguageServerWrapper.java:260)
	at org.eclipse.lsp4j.jsonrpc.RemoteEndpoint.request(RemoteEndpoint.java:161)
	at org.eclipse.lsp4j.jsonrpc.services.EndpointProxy.invoke(EndpointProxy.java:91)
	at com.sun.proxy.$Proxy49.shutdown(Unknown Source)
	at org.eclipse.lsp4e.LanguageServerWrapper.lambda$13(LanguageServerWrapper.java:423)
	... 7 more
Caused by: java.io.IOException: 파이프가 닫히는 중입니다
	at java.base/java.io.FileOutputStream.writeBytes(Native Method)
	at java.base/java.io.FileOutputStream.write(FileOutputStream.java:354)
	at java.base/java.io.BufferedOutputStream.flushBuffer(BufferedOutputStream.java:81)
	at java.base/java.io.BufferedOutputStream.flush(BufferedOutputStream.java:142)
	at org.eclipse.lsp4j.jsonrpc.json.StreamMessageConsumer.consume(StreamMessageConsumer.java:69)
	... 12 more

!ENTRY org.springframework.tooling.ls.eclipse.commons 1 0 2025-06-25 19:07:56.948
!MESSAGE DelegatingStreamConnectionProvider classloader = org.eclipse.osgi.internal.loader.EquinoxClassLoader@500e5b3f[org.springframework.tooling.boot.ls:1.28.0.202109130547(id=1001)]

!ENTRY org.springframework.tooling.ls.eclipse.commons 1 0 2025-06-25 19:07:56.948
!MESSAGE Entering DelegatingStreamConnectionProvider()

!ENTRY org.springframework.tooling.ls.eclipse.commons 1 0 2025-06-25 19:07:56.949
!MESSAGE Entering DelegatingStreamConnectionProvider()

!ENTRY org.springframework.tooling.ls.eclipse.commons 1 0 2025-06-25 19:07:56.949
!MESSAGE DelegatingStreamConnectionProvider classloader = org.eclipse.osgi.internal.loader.EquinoxClassLoader@500e5b3f[org.springframework.tooling.boot.ls:1.28.0.202109130547(id=1001)]

!ENTRY org.springframework.tooling.ls.eclipse.commons 1 0 2025-06-25 19:07:56.949
!MESSAGE SpringBootLanguageServer exists!

!ENTRY org.springframework.tooling.ls.eclipse.commons 1 0 2025-06-25 19:07:56.949
!MESSAGE DelegatingStreamConnectionProvider classloader = org.eclipse.osgi.internal.loader.EquinoxClassLoader@500e5b3f[org.springframework.tooling.boot.ls:1.28.0.202109130547(id=1001)]

!ENTRY org.springframework.tooling.ls.eclipse.commons 1 0 2025-06-25 19:07:56.949
!MESSAGE SpringBootLanguageServer exists!

!ENTRY org.springframework.tooling.ls.eclipse.commons 1 0 2025-06-25 19:07:56.952
!MESSAGE DelegatingStreamConnectionProvider classloader = org.eclipse.osgi.internal.loader.EquinoxClassLoader@500e5b3f[org.springframework.tooling.boot.ls:1.28.0.202109130547(id=1001)]

!ENTRY org.eclipse.lsp4e 4 0 2025-06-25 19:07:56.952
!MESSAGE org.eclipse.lsp4j.jsonrpc.JsonRpcException: java.io.IOException: 파이프가 닫히는 중입니다
!STACK 0
java.util.concurrent.ExecutionException: org.eclipse.lsp4j.jsonrpc.JsonRpcException: java.io.IOException: 파이프가 닫히는 중입니다
	at java.base/java.util.concurrent.CompletableFuture.reportGet(CompletableFuture.java:395)
	at java.base/java.util.concurrent.CompletableFuture.get(CompletableFuture.java:2028)
	at org.eclipse.lsp4e.LanguageServerWrapper.lambda$13(LanguageServerWrapper.java:425)
	at java.base/java.util.concurrent.CompletableFuture$AsyncRun.run(CompletableFuture.java:1736)
	at java.base/java.util.concurrent.CompletableFuture$AsyncRun.exec(CompletableFuture.java:1728)
	at java.base/java.util.concurrent.ForkJoinTask.doExec(ForkJoinTask.java:290)
	at java.base/java.util.concurrent.ForkJoinPool$WorkQueue.topLevelExec(ForkJoinPool.java:1020)
	at java.base/java.util.concurrent.ForkJoinPool.scan(ForkJoinPool.java:1656)
	at java.base/java.util.concurrent.ForkJoinPool.runWorker(ForkJoinPool.java:1594)
	at java.base/java.util.concurrent.ForkJoinWorkerThread.run(ForkJoinWorkerThread.java:183)
Caused by: org.eclipse.lsp4j.jsonrpc.JsonRpcException: java.io.IOException: 파이프가 닫히는 중입니다
	at org.eclipse.lsp4j.jsonrpc.json.StreamMessageConsumer.consume(StreamMessageConsumer.java:72)
	at org.eclipse.lsp4e.LanguageServerWrapper.lambda$4(LanguageServerWrapper.java:260)
	at org.eclipse.lsp4j.jsonrpc.RemoteEndpoint.request(RemoteEndpoint.java:161)
	at org.eclipse.lsp4j.jsonrpc.services.EndpointProxy.invoke(EndpointProxy.java:91)
	at com.sun.proxy.$Proxy49.shutdown(Unknown Source)
	at org.eclipse.lsp4e.LanguageServerWrapper.lambda$13(LanguageServerWrapper.java:423)
	... 7 more
Caused by: java.io.IOException: 파이프가 닫히는 중입니다
	at java.base/java.io.FileOutputStream.writeBytes(Native Method)
	at java.base/java.io.FileOutputStream.write(FileOutputStream.java:354)
	at java.base/java.io.BufferedOutputStream.flushBuffer(BufferedOutputStream.java:81)
	at java.base/java.io.BufferedOutputStream.flush(BufferedOutputStream.java:142)
	at org.eclipse.lsp4j.jsonrpc.json.StreamMessageConsumer.consume(StreamMessageConsumer.java:69)
	... 12 more

!ENTRY org.springframework.tooling.ls.eclipse.commons 1 0 2025-06-25 19:07:56.953
!MESSAGE Entering DelegatingStreamConnectionProvider()

!ENTRY org.springframework.tooling.ls.eclipse.commons 1 0 2025-06-25 19:07:56.953
!MESSAGE DelegatingStreamConnectionProvider classloader = org.eclipse.osgi.internal.loader.EquinoxClassLoader@500e5b3f[org.springframework.tooling.boot.ls:1.28.0.202109130547(id=1001)]

!ENTRY org.springframework.tooling.ls.eclipse.commons 1 0 2025-06-25 19:07:56.953
!MESSAGE SpringBootLanguageServer exists!

!ENTRY org.eclipse.lsp4e 4 0 2025-06-25 19:07:56.954
!MESSAGE org.eclipse.lsp4j.jsonrpc.JsonRpcException: java.io.IOException: 파이프가 닫히는 중입니다
!STACK 0
java.util.concurrent.ExecutionException: org.eclipse.lsp4j.jsonrpc.JsonRpcException: java.io.IOException: 파이프가 닫히는 중입니다
	at java.base/java.util.concurrent.CompletableFuture.reportGet(CompletableFuture.java:395)
	at java.base/java.util.concurrent.CompletableFuture.get(CompletableFuture.java:2028)
	at org.eclipse.lsp4e.LanguageServerWrapper.lambda$13(LanguageServerWrapper.java:425)
	at java.base/java.util.concurrent.CompletableFuture$AsyncRun.run(CompletableFuture.java:1736)
	at java.base/java.util.concurrent.CompletableFuture$AsyncRun.exec(CompletableFuture.java:1728)
	at java.base/java.util.concurrent.ForkJoinTask.doExec(ForkJoinTask.java:290)
	at java.base/java.util.concurrent.ForkJoinPool$WorkQueue.topLevelExec(ForkJoinPool.java:1020)
	at java.base/java.util.concurrent.ForkJoinPool.scan(ForkJoinPool.java:1656)
	at java.base/java.util.concurrent.ForkJoinPool.runWorker(ForkJoinPool.java:1594)
	at java.base/java.util.concurrent.ForkJoinWorkerThread.run(ForkJoinWorkerThread.java:183)
Caused by: org.eclipse.lsp4j.jsonrpc.JsonRpcException: java.io.IOException: 파이프가 닫히는 중입니다
	at org.eclipse.lsp4j.jsonrpc.json.StreamMessageConsumer.consume(StreamMessageConsumer.java:72)
	at org.eclipse.lsp4e.LanguageServerWrapper.lambda$4(LanguageServerWrapper.java:260)
	at org.eclipse.lsp4j.jsonrpc.RemoteEndpoint.request(RemoteEndpoint.java:161)
	at org.eclipse.lsp4j.jsonrpc.services.EndpointProxy.invoke(EndpointProxy.java:91)
	at com.sun.proxy.$Proxy49.shutdown(Unknown Source)
	at org.eclipse.lsp4e.LanguageServerWrapper.lambda$13(LanguageServerWrapper.java:423)
	... 7 more
Caused by: java.io.IOException: 파이프가 닫히는 중입니다
	at java.base/java.io.FileOutputStream.writeBytes(Native Method)
	at java.base/java.io.FileOutputStream.write(FileOutputStream.java:354)
	at java.base/java.io.BufferedOutputStream.flushBuffer(BufferedOutputStream.java:81)
	at java.base/java.io.BufferedOutputStream.flush(BufferedOutputStream.java:142)
	at org.eclipse.lsp4j.jsonrpc.json.StreamMessageConsumer.consume(StreamMessageConsumer.java:69)
	... 12 more

!ENTRY org.springframework.tooling.ls.eclipse.commons 1 0 2025-06-25 19:07:56.954
!MESSAGE Entering DelegatingStreamConnectionProvider()

!ENTRY org.springframework.tooling.ls.eclipse.commons 1 0 2025-06-25 19:07:56.955
!MESSAGE SpringBootLanguageServer exists!

!ENTRY org.springframework.tooling.ls.eclipse.commons 1 0 2025-06-25 19:07:56.955
!MESSAGE DelegatingStreamConnectionProvider classloader = org.eclipse.osgi.internal.loader.EquinoxClassLoader@500e5b3f[org.springframework.tooling.boot.ls:1.28.0.202109130547(id=1001)]

!ENTRY org.springframework.tooling.ls.eclipse.commons 1 0 2025-06-25 19:07:56.955
!MESSAGE SpringBootLanguageServer exists!

!ENTRY org.springframework.tooling.ls.eclipse.commons 1 0 2025-06-25 19:07:56.956
!MESSAGE SpringBootLanguageServer exists!

!ENTRY org.eclipse.lsp4e 4 0 2025-06-25 19:07:56.961
!MESSAGE org.eclipse.lsp4j.jsonrpc.JsonRpcException: java.io.IOException: 파이프가 닫히는 중입니다
!STACK 0
java.util.concurrent.ExecutionException: org.eclipse.lsp4j.jsonrpc.JsonRpcException: java.io.IOException: 파이프가 닫히는 중입니다
	at java.base/java.util.concurrent.CompletableFuture.reportGet(CompletableFuture.java:395)
	at java.base/java.util.concurrent.CompletableFuture.get(CompletableFuture.java:2028)
	at org.eclipse.lsp4e.LanguageServerWrapper.lambda$13(LanguageServerWrapper.java:425)
	at java.base/java.util.concurrent.CompletableFuture$AsyncRun.run(CompletableFuture.java:1736)
	at java.base/java.util.concurrent.CompletableFuture$AsyncRun.exec(CompletableFuture.java:1728)
	at java.base/java.util.concurrent.ForkJoinTask.doExec(ForkJoinTask.java:290)
	at java.base/java.util.concurrent.ForkJoinPool$WorkQueue.topLevelExec(ForkJoinPool.java:1020)
	at java.base/java.util.concurrent.ForkJoinPool.scan(ForkJoinPool.java:1656)
	at java.base/java.util.concurrent.ForkJoinPool.runWorker(ForkJoinPool.java:1594)
	at java.base/java.util.concurrent.ForkJoinWorkerThread.run(ForkJoinWorkerThread.java:183)
Caused by: org.eclipse.lsp4j.jsonrpc.JsonRpcException: java.io.IOException: 파이프가 닫히는 중입니다
	at org.eclipse.lsp4j.jsonrpc.json.StreamMessageConsumer.consume(StreamMessageConsumer.java:72)
	at org.eclipse.lsp4e.LanguageServerWrapper.lambda$4(LanguageServerWrapper.java:260)
	at org.eclipse.lsp4j.jsonrpc.RemoteEndpoint.request(RemoteEndpoint.java:161)
	at org.eclipse.lsp4j.jsonrpc.services.EndpointProxy.invoke(EndpointProxy.java:91)
	at com.sun.proxy.$Proxy49.shutdown(Unknown Source)
	at org.eclipse.lsp4e.LanguageServerWrapper.lambda$13(LanguageServerWrapper.java:423)
	... 7 more
Caused by: java.io.IOException: 파이프가 닫히는 중입니다
	at java.base/java.io.FileOutputStream.writeBytes(Native Method)
	at java.base/java.io.FileOutputStream.write(FileOutputStream.java:354)
	at java.base/java.io.BufferedOutputStream.flushBuffer(BufferedOutputStream.java:81)
	at java.base/java.io.BufferedOutputStream.flush(BufferedOutputStream.java:142)
	at org.eclipse.lsp4j.jsonrpc.json.StreamMessageConsumer.consume(StreamMessageConsumer.java:69)
	... 12 more

!ENTRY org.springframework.tooling.ls.eclipse.commons 1 0 2025-06-25 19:07:56.963
!MESSAGE Entering DelegatingStreamConnectionProvider()

!ENTRY org.springframework.tooling.ls.eclipse.commons 1 0 2025-06-25 19:07:56.963
!MESSAGE DelegatingStreamConnectionProvider classloader = org.eclipse.osgi.internal.loader.EquinoxClassLoader@500e5b3f[org.springframework.tooling.boot.ls:1.28.0.202109130547(id=1001)]

!ENTRY org.springframework.tooling.ls.eclipse.commons 1 0 2025-06-25 19:07:56.963
!MESSAGE SpringBootLanguageServer exists!

!ENTRY org.eclipse.lsp4e 4 0 2025-06-25 19:07:56.967
!MESSAGE org.eclipse.lsp4j.jsonrpc.JsonRpcException: java.io.IOException: 파이프가 닫히는 중입니다
!STACK 0
java.util.concurrent.ExecutionException: org.eclipse.lsp4j.jsonrpc.JsonRpcException: java.io.IOException: 파이프가 닫히는 중입니다
	at java.base/java.util.concurrent.CompletableFuture.reportGet(CompletableFuture.java:395)
	at java.base/java.util.concurrent.CompletableFuture.get(CompletableFuture.java:2028)
	at org.eclipse.lsp4e.LanguageServerWrapper.lambda$13(LanguageServerWrapper.java:425)
	at java.base/java.util.concurrent.CompletableFuture$AsyncRun.run(CompletableFuture.java:1736)
	at java.base/java.util.concurrent.CompletableFuture$AsyncRun.exec(CompletableFuture.java:1728)
	at java.base/java.util.concurrent.ForkJoinTask.doExec(ForkJoinTask.java:290)
	at java.base/java.util.concurrent.ForkJoinPool$WorkQueue.topLevelExec(ForkJoinPool.java:1020)
	at java.base/java.util.concurrent.ForkJoinPool.scan(ForkJoinPool.java:1656)
	at java.base/java.util.concurrent.ForkJoinPool.runWorker(ForkJoinPool.java:1594)
	at java.base/java.util.concurrent.ForkJoinWorkerThread.run(ForkJoinWorkerThread.java:183)
Caused by: org.eclipse.lsp4j.jsonrpc.JsonRpcException: java.io.IOException: 파이프가 닫히는 중입니다
	at org.eclipse.lsp4j.jsonrpc.json.StreamMessageConsumer.consume(StreamMessageConsumer.java:72)
	at org.eclipse.lsp4e.LanguageServerWrapper.lambda$4(LanguageServerWrapper.java:260)
	at org.eclipse.lsp4j.jsonrpc.RemoteEndpoint.request(RemoteEndpoint.java:161)
	at org.eclipse.lsp4j.jsonrpc.services.EndpointProxy.invoke(EndpointProxy.java:91)
	at com.sun.proxy.$Proxy49.shutdown(Unknown Source)
	at org.eclipse.lsp4e.LanguageServerWrapper.lambda$13(LanguageServerWrapper.java:423)
	... 7 more
Caused by: java.io.IOException: 파이프가 닫히는 중입니다
	at java.base/java.io.FileOutputStream.writeBytes(Native Method)
	at java.base/java.io.FileOutputStream.write(FileOutputStream.java:354)
	at java.base/java.io.BufferedOutputStream.flushBuffer(BufferedOutputStream.java:81)
	at java.base/java.io.BufferedOutputStream.flush(BufferedOutputStream.java:142)
	at org.eclipse.lsp4j.jsonrpc.json.StreamMessageConsumer.consume(StreamMessageConsumer.java:69)
	... 12 more

!ENTRY org.springframework.tooling.ls.eclipse.commons 1 0 2025-06-25 19:07:56.968
!MESSAGE Entering DelegatingStreamConnectionProvider()

!ENTRY org.springframework.tooling.ls.eclipse.commons 1 0 2025-06-25 19:07:56.968
!MESSAGE DelegatingStreamConnectionProvider classloader = org.eclipse.osgi.internal.loader.EquinoxClassLoader@500e5b3f[org.springframework.tooling.boot.ls:1.28.0.202109130547(id=1001)]

!ENTRY org.springframework.tooling.ls.eclipse.commons 1 0 2025-06-25 19:07:56.969
!MESSAGE SpringBootLanguageServer exists!

!ENTRY org.eclipse.lsp4e 4 0 2025-06-25 19:07:56.970
!MESSAGE org.eclipse.lsp4j.jsonrpc.JsonRpcException: java.io.IOException: 파이프가 닫히는 중입니다
!STACK 0
java.util.concurrent.ExecutionException: org.eclipse.lsp4j.jsonrpc.JsonRpcException: java.io.IOException: 파이프가 닫히는 중입니다
	at java.base/java.util.concurrent.CompletableFuture.reportGet(CompletableFuture.java:395)
	at java.base/java.util.concurrent.CompletableFuture.get(CompletableFuture.java:2028)
	at org.eclipse.lsp4e.LanguageServerWrapper.lambda$13(LanguageServerWrapper.java:425)
	at java.base/java.util.concurrent.CompletableFuture$AsyncRun.run(CompletableFuture.java:1736)
	at java.base/java.util.concurrent.CompletableFuture$AsyncRun.exec(CompletableFuture.java:1728)
	at java.base/java.util.concurrent.ForkJoinTask.doExec(ForkJoinTask.java:290)
	at java.base/java.util.concurrent.ForkJoinPool$WorkQueue.topLevelExec(ForkJoinPool.java:1020)
	at java.base/java.util.concurrent.ForkJoinPool.scan(ForkJoinPool.java:1656)
	at java.base/java.util.concurrent.ForkJoinPool.runWorker(ForkJoinPool.java:1594)
	at java.base/java.util.concurrent.ForkJoinWorkerThread.run(ForkJoinWorkerThread.java:183)
Caused by: org.eclipse.lsp4j.jsonrpc.JsonRpcException: java.io.IOException: 파이프가 닫히는 중입니다
	at org.eclipse.lsp4j.jsonrpc.json.StreamMessageConsumer.consume(StreamMessageConsumer.java:72)
	at org.eclipse.lsp4e.LanguageServerWrapper.lambda$4(LanguageServerWrapper.java:260)
	at org.eclipse.lsp4j.jsonrpc.RemoteEndpoint.request(RemoteEndpoint.java:161)
	at org.eclipse.lsp4j.jsonrpc.services.EndpointProxy.invoke(EndpointProxy.java:91)
	at com.sun.proxy.$Proxy49.shutdown(Unknown Source)
	at org.eclipse.lsp4e.LanguageServerWrapper.lambda$13(LanguageServerWrapper.java:423)
	... 7 more
Caused by: java.io.IOException: 파이프가 닫히는 중입니다
	at java.base/java.io.FileOutputStream.writeBytes(Native Method)
	at java.base/java.io.FileOutputStream.write(FileOutputStream.java:354)
	at java.base/java.io.BufferedOutputStream.flushBuffer(BufferedOutputStream.java:81)
	at java.base/java.io.BufferedOutputStream.flush(BufferedOutputStream.java:142)
	at org.eclipse.lsp4j.jsonrpc.json.StreamMessageConsumer.consume(StreamMessageConsumer.java:69)
	... 12 more

!ENTRY org.springframework.tooling.ls.eclipse.commons 1 0 2025-06-25 19:07:56.971
!MESSAGE Entering DelegatingStreamConnectionProvider()

!ENTRY org.springframework.tooling.ls.eclipse.commons 1 0 2025-06-25 19:07:56.971
!MESSAGE DelegatingStreamConnectionProvider classloader = org.eclipse.osgi.internal.loader.EquinoxClassLoader@500e5b3f[org.springframework.tooling.boot.ls:1.28.0.202109130547(id=1001)]

!ENTRY org.springframework.tooling.ls.eclipse.commons 1 0 2025-06-25 19:07:56.971
!MESSAGE SpringBootLanguageServer exists!

!ENTRY org.eclipse.lsp4e 4 0 2025-06-25 19:07:56.972
!MESSAGE org.eclipse.lsp4j.jsonrpc.JsonRpcException: java.io.IOException: 파이프가 닫히는 중입니다
!STACK 0
java.util.concurrent.ExecutionException: org.eclipse.lsp4j.jsonrpc.JsonRpcException: java.io.IOException: 파이프가 닫히는 중입니다
	at java.base/java.util.concurrent.CompletableFuture.reportGet(CompletableFuture.java:395)
	at java.base/java.util.concurrent.CompletableFuture.get(CompletableFuture.java:2028)
	at org.eclipse.lsp4e.LanguageServerWrapper.lambda$13(LanguageServerWrapper.java:425)
	at java.base/java.util.concurrent.CompletableFuture$AsyncRun.run(CompletableFuture.java:1736)
	at java.base/java.util.concurrent.CompletableFuture$AsyncRun.exec(CompletableFuture.java:1728)
	at java.base/java.util.concurrent.ForkJoinTask.doExec(ForkJoinTask.java:290)
	at java.base/java.util.concurrent.ForkJoinPool$WorkQueue.topLevelExec(ForkJoinPool.java:1020)
	at java.base/java.util.concurrent.ForkJoinPool.scan(ForkJoinPool.java:1656)
	at java.base/java.util.concurrent.ForkJoinPool.runWorker(ForkJoinPool.java:1594)
	at java.base/java.util.concurrent.ForkJoinWorkerThread.run(ForkJoinWorkerThread.java:183)
Caused by: org.eclipse.lsp4j.jsonrpc.JsonRpcException: java.io.IOException: 파이프가 닫히는 중입니다
	at org.eclipse.lsp4j.jsonrpc.json.StreamMessageConsumer.consume(StreamMessageConsumer.java:72)
	at org.eclipse.lsp4e.LanguageServerWrapper.lambda$4(LanguageServerWrapper.java:260)
	at org.eclipse.lsp4j.jsonrpc.RemoteEndpoint.request(RemoteEndpoint.java:161)
	at org.eclipse.lsp4j.jsonrpc.services.EndpointProxy.invoke(EndpointProxy.java:91)
	at com.sun.proxy.$Proxy49.shutdown(Unknown Source)
	at org.eclipse.lsp4e.LanguageServerWrapper.lambda$13(LanguageServerWrapper.java:423)
	... 7 more
Caused by: java.io.IOException: 파이프가 닫히는 중입니다
	at java.base/java.io.FileOutputStream.writeBytes(Native Method)
	at java.base/java.io.FileOutputStream.write(FileOutputStream.java:354)
	at java.base/java.io.BufferedOutputStream.flushBuffer(BufferedOutputStream.java:81)
	at java.base/java.io.BufferedOutputStream.flush(BufferedOutputStream.java:142)
	at org.eclipse.lsp4j.jsonrpc.json.StreamMessageConsumer.consume(StreamMessageConsumer.java:69)
	... 12 more

!ENTRY org.springframework.tooling.ls.eclipse.commons 1 0 2025-06-25 19:07:56.973
!MESSAGE Entering DelegatingStreamConnectionProvider()

!ENTRY org.springframework.tooling.ls.eclipse.commons 1 0 2025-06-25 19:07:56.973
!MESSAGE DelegatingStreamConnectionProvider classloader = org.eclipse.osgi.internal.loader.EquinoxClassLoader@500e5b3f[org.springframework.tooling.boot.ls:1.28.0.202109130547(id=1001)]

!ENTRY org.springframework.tooling.ls.eclipse.commons 1 0 2025-06-25 19:07:56.973
!MESSAGE SpringBootLanguageServer exists!

!ENTRY org.eclipse.lsp4e 4 0 2025-06-25 19:07:56.978
!MESSAGE org.eclipse.lsp4j.jsonrpc.JsonRpcException: java.io.IOException: 파이프가 닫히는 중입니다
!STACK 0
java.util.concurrent.ExecutionException: org.eclipse.lsp4j.jsonrpc.JsonRpcException: java.io.IOException: 파이프가 닫히는 중입니다
	at java.base/java.util.concurrent.CompletableFuture.reportGet(CompletableFuture.java:395)
	at java.base/java.util.concurrent.CompletableFuture.get(CompletableFuture.java:2028)
	at org.eclipse.lsp4e.LanguageServerWrapper.lambda$13(LanguageServerWrapper.java:425)
	at java.base/java.util.concurrent.CompletableFuture$AsyncRun.run(CompletableFuture.java:1736)
	at java.base/java.util.concurrent.CompletableFuture$AsyncRun.exec(CompletableFuture.java:1728)
	at java.base/java.util.concurrent.ForkJoinTask.doExec(ForkJoinTask.java:290)
	at java.base/java.util.concurrent.ForkJoinPool$WorkQueue.topLevelExec(ForkJoinPool.java:1020)
	at java.base/java.util.concurrent.ForkJoinPool.scan(ForkJoinPool.java:1656)
	at java.base/java.util.concurrent.ForkJoinPool.runWorker(ForkJoinPool.java:1594)
	at java.base/java.util.concurrent.ForkJoinWorkerThread.run(ForkJoinWorkerThread.java:183)
Caused by: org.eclipse.lsp4j.jsonrpc.JsonRpcException: java.io.IOException: 파이프가 닫히는 중입니다
	at org.eclipse.lsp4j.jsonrpc.json.StreamMessageConsumer.consume(StreamMessageConsumer.java:72)
	at org.eclipse.lsp4e.LanguageServerWrapper.lambda$4(LanguageServerWrapper.java:260)
	at org.eclipse.lsp4j.jsonrpc.RemoteEndpoint.request(RemoteEndpoint.java:161)
	at org.eclipse.lsp4j.jsonrpc.services.EndpointProxy.invoke(EndpointProxy.java:91)
	at com.sun.proxy.$Proxy49.shutdown(Unknown Source)
	at org.eclipse.lsp4e.LanguageServerWrapper.lambda$13(LanguageServerWrapper.java:423)
	... 7 more
Caused by: java.io.IOException: 파이프가 닫히는 중입니다
	at java.base/java.io.FileOutputStream.writeBytes(Native Method)
	at java.base/java.io.FileOutputStream.write(FileOutputStream.java:354)
	at java.base/java.io.BufferedOutputStream.flushBuffer(BufferedOutputStream.java:81)
	at java.base/java.io.BufferedOutputStream.flush(BufferedOutputStream.java:142)
	at org.eclipse.lsp4j.jsonrpc.json.StreamMessageConsumer.consume(StreamMessageConsumer.java:69)
	... 12 more

!ENTRY org.springframework.tooling.ls.eclipse.commons 1 0 2025-06-25 19:07:56.979
!MESSAGE Entering DelegatingStreamConnectionProvider()

!ENTRY org.springframework.tooling.ls.eclipse.commons 1 0 2025-06-25 19:07:56.979
!MESSAGE DelegatingStreamConnectionProvider classloader = org.eclipse.osgi.internal.loader.EquinoxClassLoader@500e5b3f[org.springframework.tooling.boot.ls:1.28.0.202109130547(id=1001)]

!ENTRY org.springframework.tooling.ls.eclipse.commons 1 0 2025-06-25 19:07:56.979
!MESSAGE SpringBootLanguageServer exists!

!ENTRY org.eclipse.lsp4e 4 0 2025-06-25 19:07:56.984
!MESSAGE org.eclipse.lsp4j.jsonrpc.JsonRpcException: java.io.IOException: 파이프가 닫히는 중입니다
!STACK 0
java.util.concurrent.ExecutionException: org.eclipse.lsp4j.jsonrpc.JsonRpcException: java.io.IOException: 파이프가 닫히는 중입니다
	at java.base/java.util.concurrent.CompletableFuture.reportGet(CompletableFuture.java:395)
	at java.base/java.util.concurrent.CompletableFuture.get(CompletableFuture.java:2028)
	at org.eclipse.lsp4e.LanguageServerWrapper.lambda$13(LanguageServerWrapper.java:425)
	at java.base/java.util.concurrent.CompletableFuture$AsyncRun.run(CompletableFuture.java:1736)
	at java.base/java.util.concurrent.CompletableFuture$AsyncRun.exec(CompletableFuture.java:1728)
	at java.base/java.util.concurrent.ForkJoinTask.doExec(ForkJoinTask.java:290)
	at java.base/java.util.concurrent.ForkJoinPool$WorkQueue.topLevelExec(ForkJoinPool.java:1020)
	at java.base/java.util.concurrent.ForkJoinPool.scan(ForkJoinPool.java:1656)
	at java.base/java.util.concurrent.ForkJoinPool.runWorker(ForkJoinPool.java:1594)
	at java.base/java.util.concurrent.ForkJoinWorkerThread.run(ForkJoinWorkerThread.java:183)
Caused by: org.eclipse.lsp4j.jsonrpc.JsonRpcException: java.io.IOException: 파이프가 닫히는 중입니다
	at org.eclipse.lsp4j.jsonrpc.json.StreamMessageConsumer.consume(StreamMessageConsumer.java:72)
	at org.eclipse.lsp4e.LanguageServerWrapper.lambda$4(LanguageServerWrapper.java:260)
	at org.eclipse.lsp4j.jsonrpc.RemoteEndpoint.request(RemoteEndpoint.java:161)
	at org.eclipse.lsp4j.jsonrpc.services.EndpointProxy.invoke(EndpointProxy.java:91)
	at com.sun.proxy.$Proxy49.shutdown(Unknown Source)
	at org.eclipse.lsp4e.LanguageServerWrapper.lambda$13(LanguageServerWrapper.java:423)
	... 7 more
Caused by: java.io.IOException: 파이프가 닫히는 중입니다
	at java.base/java.io.FileOutputStream.writeBytes(Native Method)
	at java.base/java.io.FileOutputStream.write(FileOutputStream.java:354)
	at java.base/java.io.BufferedOutputStream.flushBuffer(BufferedOutputStream.java:81)
	at java.base/java.io.BufferedOutputStream.flush(BufferedOutputStream.java:142)
	at org.eclipse.lsp4j.jsonrpc.json.StreamMessageConsumer.consume(StreamMessageConsumer.java:69)
	... 12 more

!ENTRY org.springframework.tooling.ls.eclipse.commons 1 0 2025-06-25 19:07:56.984
!MESSAGE Entering DelegatingStreamConnectionProvider()

!ENTRY org.springframework.tooling.ls.eclipse.commons 1 0 2025-06-25 19:07:56.985
!MESSAGE DelegatingStreamConnectionProvider classloader = org.eclipse.osgi.internal.loader.EquinoxClassLoader@500e5b3f[org.springframework.tooling.boot.ls:1.28.0.202109130547(id=1001)]

!ENTRY org.springframework.tooling.ls.eclipse.commons 1 0 2025-06-25 19:07:56.985
!MESSAGE SpringBootLanguageServer exists!

!ENTRY org.eclipse.lsp4e 4 0 2025-06-25 19:07:56.989
!MESSAGE org.eclipse.lsp4j.jsonrpc.JsonRpcException: java.io.IOException: 파이프가 닫히는 중입니다
!STACK 0
java.util.concurrent.ExecutionException: org.eclipse.lsp4j.jsonrpc.JsonRpcException: java.io.IOException: 파이프가 닫히는 중입니다
	at java.base/java.util.concurrent.CompletableFuture.reportGet(CompletableFuture.java:395)
	at java.base/java.util.concurrent.CompletableFuture.get(CompletableFuture.java:2028)
	at org.eclipse.lsp4e.LanguageServerWrapper.lambda$13(LanguageServerWrapper.java:425)
	at java.base/java.util.concurrent.CompletableFuture$AsyncRun.run(CompletableFuture.java:1736)
	at java.base/java.util.concurrent.CompletableFuture$AsyncRun.exec(CompletableFuture.java:1728)
	at java.base/java.util.concurrent.ForkJoinTask.doExec(ForkJoinTask.java:290)
	at java.base/java.util.concurrent.ForkJoinPool$WorkQueue.topLevelExec(ForkJoinPool.java:1020)
	at java.base/java.util.concurrent.ForkJoinPool.scan(ForkJoinPool.java:1656)
	at java.base/java.util.concurrent.ForkJoinPool.runWorker(ForkJoinPool.java:1594)
	at java.base/java.util.concurrent.ForkJoinWorkerThread.run(ForkJoinWorkerThread.java:183)
Caused by: org.eclipse.lsp4j.jsonrpc.JsonRpcException: java.io.IOException: 파이프가 닫히는 중입니다
	at org.eclipse.lsp4j.jsonrpc.json.StreamMessageConsumer.consume(StreamMessageConsumer.java:72)
	at org.eclipse.lsp4e.LanguageServerWrapper.lambda$4(LanguageServerWrapper.java:260)
	at org.eclipse.lsp4j.jsonrpc.RemoteEndpoint.request(RemoteEndpoint.java:161)
	at org.eclipse.lsp4j.jsonrpc.services.EndpointProxy.invoke(EndpointProxy.java:91)
	at com.sun.proxy.$Proxy49.shutdown(Unknown Source)
	at org.eclipse.lsp4e.LanguageServerWrapper.lambda$13(LanguageServerWrapper.java:423)
	... 7 more
Caused by: java.io.IOException: 파이프가 닫히는 중입니다
	at java.base/java.io.FileOutputStream.writeBytes(Native Method)
	at java.base/java.io.FileOutputStream.write(FileOutputStream.java:354)
	at java.base/java.io.BufferedOutputStream.flushBuffer(BufferedOutputStream.java:81)
	at java.base/java.io.BufferedOutputStream.flush(BufferedOutputStream.java:142)
	at org.eclipse.lsp4j.jsonrpc.json.StreamMessageConsumer.consume(StreamMessageConsumer.java:69)
	... 12 more

!ENTRY org.springframework.tooling.ls.eclipse.commons 1 0 2025-06-25 19:07:56.989
!MESSAGE Entering DelegatingStreamConnectionProvider()

!ENTRY org.springframework.tooling.ls.eclipse.commons 1 0 2025-06-25 19:07:56.989
!MESSAGE DelegatingStreamConnectionProvider classloader = org.eclipse.osgi.internal.loader.EquinoxClassLoader@500e5b3f[org.springframework.tooling.boot.ls:1.28.0.202109130547(id=1001)]

!ENTRY org.springframework.tooling.ls.eclipse.commons 1 0 2025-06-25 19:07:56.989
!MESSAGE SpringBootLanguageServer exists!

!ENTRY org.eclipse.lsp4e 4 0 2025-06-25 19:07:56.995
!MESSAGE org.eclipse.lsp4j.jsonrpc.JsonRpcException: java.io.IOException: 파이프가 닫히는 중입니다
!STACK 0
java.util.concurrent.ExecutionException: org.eclipse.lsp4j.jsonrpc.JsonRpcException: java.io.IOException: 파이프가 닫히는 중입니다
	at java.base/java.util.concurrent.CompletableFuture.reportGet(CompletableFuture.java:395)
	at java.base/java.util.concurrent.CompletableFuture.get(CompletableFuture.java:2028)
	at org.eclipse.lsp4e.LanguageServerWrapper.lambda$13(LanguageServerWrapper.java:425)
	at java.base/java.util.concurrent.CompletableFuture$AsyncRun.run(CompletableFuture.java:1736)
	at java.base/java.util.concurrent.CompletableFuture$AsyncRun.exec(CompletableFuture.java:1728)
	at java.base/java.util.concurrent.ForkJoinTask.doExec(ForkJoinTask.java:290)
	at java.base/java.util.concurrent.ForkJoinPool$WorkQueue.topLevelExec(ForkJoinPool.java:1020)
	at java.base/java.util.concurrent.ForkJoinPool.scan(ForkJoinPool.java:1656)
	at java.base/java.util.concurrent.ForkJoinPool.runWorker(ForkJoinPool.java:1594)
	at java.base/java.util.concurrent.ForkJoinWorkerThread.run(ForkJoinWorkerThread.java:183)
Caused by: org.eclipse.lsp4j.jsonrpc.JsonRpcException: java.io.IOException: 파이프가 닫히는 중입니다
	at org.eclipse.lsp4j.jsonrpc.json.StreamMessageConsumer.consume(StreamMessageConsumer.java:72)
	at org.eclipse.lsp4e.LanguageServerWrapper.lambda$4(LanguageServerWrapper.java:260)
	at org.eclipse.lsp4j.jsonrpc.RemoteEndpoint.request(RemoteEndpoint.java:161)
	at org.eclipse.lsp4j.jsonrpc.services.EndpointProxy.invoke(EndpointProxy.java:91)
	at com.sun.proxy.$Proxy49.shutdown(Unknown Source)
	at org.eclipse.lsp4e.LanguageServerWrapper.lambda$13(LanguageServerWrapper.java:423)
	... 7 more
Caused by: java.io.IOException: 파이프가 닫히는 중입니다
	at java.base/java.io.FileOutputStream.writeBytes(Native Method)
	at java.base/java.io.FileOutputStream.write(FileOutputStream.java:354)
	at java.base/java.io.BufferedOutputStream.flushBuffer(BufferedOutputStream.java:81)
	at java.base/java.io.BufferedOutputStream.flush(BufferedOutputStream.java:142)
	at org.eclipse.lsp4j.jsonrpc.json.StreamMessageConsumer.consume(StreamMessageConsumer.java:69)
	... 12 more

!ENTRY org.springframework.tooling.ls.eclipse.commons 1 0 2025-06-25 19:07:56.996
!MESSAGE Entering DelegatingStreamConnectionProvider()

!ENTRY org.springframework.tooling.ls.eclipse.commons 1 0 2025-06-25 19:07:56.996
!MESSAGE DelegatingStreamConnectionProvider classloader = org.eclipse.osgi.internal.loader.EquinoxClassLoader@500e5b3f[org.springframework.tooling.boot.ls:1.28.0.202109130547(id=1001)]

!ENTRY org.springframework.tooling.ls.eclipse.commons 1 0 2025-06-25 19:07:56.996
!MESSAGE SpringBootLanguageServer exists!

!ENTRY org.eclipse.lsp4e 4 0 2025-06-25 19:07:57.000
!MESSAGE org.eclipse.lsp4j.jsonrpc.JsonRpcException: java.io.IOException: 파이프가 닫히는 중입니다
!STACK 0
java.util.concurrent.ExecutionException: org.eclipse.lsp4j.jsonrpc.JsonRpcException: java.io.IOException: 파이프가 닫히는 중입니다
	at java.base/java.util.concurrent.CompletableFuture.reportGet(CompletableFuture.java:395)
	at java.base/java.util.concurrent.CompletableFuture.get(CompletableFuture.java:2028)
	at org.eclipse.lsp4e.LanguageServerWrapper.lambda$13(LanguageServerWrapper.java:425)
	at java.base/java.util.concurrent.CompletableFuture$AsyncRun.run(CompletableFuture.java:1736)
	at java.base/java.util.concurrent.CompletableFuture$AsyncRun.exec(CompletableFuture.java:1728)
	at java.base/java.util.concurrent.ForkJoinTask.doExec(ForkJoinTask.java:290)
	at java.base/java.util.concurrent.ForkJoinPool$WorkQueue.topLevelExec(ForkJoinPool.java:1020)
	at java.base/java.util.concurrent.ForkJoinPool.scan(ForkJoinPool.java:1656)
	at java.base/java.util.concurrent.ForkJoinPool.runWorker(ForkJoinPool.java:1594)
	at java.base/java.util.concurrent.ForkJoinWorkerThread.run(ForkJoinWorkerThread.java:183)
Caused by: org.eclipse.lsp4j.jsonrpc.JsonRpcException: java.io.IOException: 파이프가 닫히는 중입니다
	at org.eclipse.lsp4j.jsonrpc.json.StreamMessageConsumer.consume(StreamMessageConsumer.java:72)
	at org.eclipse.lsp4e.LanguageServerWrapper.lambda$4(LanguageServerWrapper.java:260)
	at org.eclipse.lsp4j.jsonrpc.RemoteEndpoint.request(RemoteEndpoint.java:161)
	at org.eclipse.lsp4j.jsonrpc.services.EndpointProxy.invoke(EndpointProxy.java:91)
	at com.sun.proxy.$Proxy49.shutdown(Unknown Source)
	at org.eclipse.lsp4e.LanguageServerWrapper.lambda$13(LanguageServerWrapper.java:423)
	... 7 more
Caused by: java.io.IOException: 파이프가 닫히는 중입니다
	at java.base/java.io.FileOutputStream.writeBytes(Native Method)
	at java.base/java.io.FileOutputStream.write(FileOutputStream.java:354)
	at java.base/java.io.BufferedOutputStream.flushBuffer(BufferedOutputStream.java:81)
	at java.base/java.io.BufferedOutputStream.flush(BufferedOutputStream.java:142)
	at org.eclipse.lsp4j.jsonrpc.json.StreamMessageConsumer.consume(StreamMessageConsumer.java:69)
	... 12 more

!ENTRY org.springframework.tooling.ls.eclipse.commons 1 0 2025-06-25 19:07:57.001
!MESSAGE Entering DelegatingStreamConnectionProvider()

!ENTRY org.springframework.tooling.ls.eclipse.commons 1 0 2025-06-25 19:07:57.001
!MESSAGE DelegatingStreamConnectionProvider classloader = org.eclipse.osgi.internal.loader.EquinoxClassLoader@500e5b3f[org.springframework.tooling.boot.ls:1.28.0.202109130547(id=1001)]

!ENTRY org.springframework.tooling.ls.eclipse.commons 1 0 2025-06-25 19:07:57.002
!MESSAGE SpringBootLanguageServer exists!

!ENTRY org.eclipse.lsp4e 4 0 2025-06-25 19:07:57.002
!MESSAGE org.eclipse.lsp4j.jsonrpc.JsonRpcException: java.io.IOException: 파이프가 닫히는 중입니다
!STACK 0
java.util.concurrent.ExecutionException: org.eclipse.lsp4j.jsonrpc.JsonRpcException: java.io.IOException: 파이프가 닫히는 중입니다
	at java.base/java.util.concurrent.CompletableFuture.reportGet(CompletableFuture.java:395)
	at java.base/java.util.concurrent.CompletableFuture.get(CompletableFuture.java:2028)
	at org.eclipse.lsp4e.LanguageServerWrapper.lambda$13(LanguageServerWrapper.java:425)
	at java.base/java.util.concurrent.CompletableFuture$AsyncRun.run(CompletableFuture.java:1736)
	at java.base/java.util.concurrent.CompletableFuture$AsyncRun.exec(CompletableFuture.java:1728)
	at java.base/java.util.concurrent.ForkJoinTask.doExec(ForkJoinTask.java:290)
	at java.base/java.util.concurrent.ForkJoinPool$WorkQueue.topLevelExec(ForkJoinPool.java:1020)
	at java.base/java.util.concurrent.ForkJoinPool.scan(ForkJoinPool.java:1656)
	at java.base/java.util.concurrent.ForkJoinPool.runWorker(ForkJoinPool.java:1594)
	at java.base/java.util.concurrent.ForkJoinWorkerThread.run(ForkJoinWorkerThread.java:183)
Caused by: org.eclipse.lsp4j.jsonrpc.JsonRpcException: java.io.IOException: 파이프가 닫히는 중입니다
	at org.eclipse.lsp4j.jsonrpc.json.StreamMessageConsumer.consume(StreamMessageConsumer.java:72)
	at org.eclipse.lsp4e.LanguageServerWrapper.lambda$4(LanguageServerWrapper.java:260)
	at org.eclipse.lsp4j.jsonrpc.RemoteEndpoint.request(RemoteEndpoint.java:161)
	at org.eclipse.lsp4j.jsonrpc.services.EndpointProxy.invoke(EndpointProxy.java:91)
	at com.sun.proxy.$Proxy49.shutdown(Unknown Source)
	at org.eclipse.lsp4e.LanguageServerWrapper.lambda$13(LanguageServerWrapper.java:423)
	... 7 more
Caused by: java.io.IOException: 파이프가 닫히는 중입니다
	at java.base/java.io.FileOutputStream.writeBytes(Native Method)
	at java.base/java.io.FileOutputStream.write(FileOutputStream.java:354)
	at java.base/java.io.BufferedOutputStream.flushBuffer(BufferedOutputStream.java:81)
	at java.base/java.io.BufferedOutputStream.flush(BufferedOutputStream.java:142)
	at org.eclipse.lsp4j.jsonrpc.json.StreamMessageConsumer.consume(StreamMessageConsumer.java:69)
	... 12 more

!ENTRY org.springframework.tooling.ls.eclipse.commons 1 0 2025-06-25 19:07:57.003
!MESSAGE Entering DelegatingStreamConnectionProvider()

!ENTRY org.springframework.tooling.ls.eclipse.commons 1 0 2025-06-25 19:07:57.003
!MESSAGE DelegatingStreamConnectionProvider classloader = org.eclipse.osgi.internal.loader.EquinoxClassLoader@500e5b3f[org.springframework.tooling.boot.ls:1.28.0.202109130547(id=1001)]

!ENTRY org.springframework.tooling.ls.eclipse.commons 1 0 2025-06-25 19:07:57.003
!MESSAGE SpringBootLanguageServer exists!

!ENTRY org.eclipse.lsp4e 4 0 2025-06-25 19:07:57.003
!MESSAGE org.eclipse.lsp4j.jsonrpc.JsonRpcException: java.io.IOException: 파이프가 닫히는 중입니다
!STACK 0
java.util.concurrent.ExecutionException: org.eclipse.lsp4j.jsonrpc.JsonRpcException: java.io.IOException: 파이프가 닫히는 중입니다
	at java.base/java.util.concurrent.CompletableFuture.reportGet(CompletableFuture.java:395)
	at java.base/java.util.concurrent.CompletableFuture.get(CompletableFuture.java:2028)
	at org.eclipse.lsp4e.LanguageServerWrapper.lambda$13(LanguageServerWrapper.java:425)
	at java.base/java.util.concurrent.CompletableFuture$AsyncRun.run(CompletableFuture.java:1736)
	at java.base/java.util.concurrent.CompletableFuture$AsyncRun.exec(CompletableFuture.java:1728)
	at java.base/java.util.concurrent.ForkJoinTask.doExec(ForkJoinTask.java:290)
	at java.base/java.util.concurrent.ForkJoinPool$WorkQueue.topLevelExec(ForkJoinPool.java:1020)
	at java.base/java.util.concurrent.ForkJoinPool.scan(ForkJoinPool.java:1656)
	at java.base/java.util.concurrent.ForkJoinPool.runWorker(ForkJoinPool.java:1594)
	at java.base/java.util.concurrent.ForkJoinWorkerThread.run(ForkJoinWorkerThread.java:183)
Caused by: org.eclipse.lsp4j.jsonrpc.JsonRpcException: java.io.IOException: 파이프가 닫히는 중입니다
	at org.eclipse.lsp4j.jsonrpc.json.StreamMessageConsumer.consume(StreamMessageConsumer.java:72)
	at org.eclipse.lsp4e.LanguageServerWrapper.lambda$4(LanguageServerWrapper.java:260)
	at org.eclipse.lsp4j.jsonrpc.RemoteEndpoint.request(RemoteEndpoint.java:161)
	at org.eclipse.lsp4j.jsonrpc.services.EndpointProxy.invoke(EndpointProxy.java:91)
	at com.sun.proxy.$Proxy49.shutdown(Unknown Source)
	at org.eclipse.lsp4e.LanguageServerWrapper.lambda$13(LanguageServerWrapper.java:423)
	... 7 more
Caused by: java.io.IOException: 파이프가 닫히는 중입니다
	at java.base/java.io.FileOutputStream.writeBytes(Native Method)
	at java.base/java.io.FileOutputStream.write(FileOutputStream.java:354)
	at java.base/java.io.BufferedOutputStream.flushBuffer(BufferedOutputStream.java:81)
	at java.base/java.io.BufferedOutputStream.flush(BufferedOutputStream.java:142)
	at org.eclipse.lsp4j.jsonrpc.json.StreamMessageConsumer.consume(StreamMessageConsumer.java:69)
	... 12 more

!ENTRY org.springframework.tooling.ls.eclipse.commons 1 0 2025-06-25 19:07:57.004
!MESSAGE Entering DelegatingStreamConnectionProvider()

!ENTRY org.springframework.tooling.ls.eclipse.commons 1 0 2025-06-25 19:07:57.004
!MESSAGE DelegatingStreamConnectionProvider classloader = org.eclipse.osgi.internal.loader.EquinoxClassLoader@500e5b3f[org.springframework.tooling.boot.ls:1.28.0.202109130547(id=1001)]

!ENTRY org.springframework.tooling.ls.eclipse.commons 1 0 2025-06-25 19:07:57.004
!MESSAGE SpringBootLanguageServer exists!

!ENTRY org.eclipse.lsp4e 4 0 2025-06-25 19:07:57.008
!MESSAGE org.eclipse.lsp4j.jsonrpc.JsonRpcException: java.io.IOException: 파이프가 닫히는 중입니다
!STACK 0
java.util.concurrent.ExecutionException: org.eclipse.lsp4j.jsonrpc.JsonRpcException: java.io.IOException: 파이프가 닫히는 중입니다
	at java.base/java.util.concurrent.CompletableFuture.reportGet(CompletableFuture.java:395)
	at java.base/java.util.concurrent.CompletableFuture.get(CompletableFuture.java:2028)
	at org.eclipse.lsp4e.LanguageServerWrapper.lambda$13(LanguageServerWrapper.java:425)
	at java.base/java.util.concurrent.CompletableFuture$AsyncRun.run(CompletableFuture.java:1736)
	at java.base/java.util.concurrent.CompletableFuture$AsyncRun.exec(CompletableFuture.java:1728)
	at java.base/java.util.concurrent.ForkJoinTask.doExec(ForkJoinTask.java:290)
	at java.base/java.util.concurrent.ForkJoinPool$WorkQueue.topLevelExec(ForkJoinPool.java:1020)
	at java.base/java.util.concurrent.ForkJoinPool.scan(ForkJoinPool.java:1656)
	at java.base/java.util.concurrent.ForkJoinPool.runWorker(ForkJoinPool.java:1594)
	at java.base/java.util.concurrent.ForkJoinWorkerThread.run(ForkJoinWorkerThread.java:183)
Caused by: org.eclipse.lsp4j.jsonrpc.JsonRpcException: java.io.IOException: 파이프가 닫히는 중입니다
	at org.eclipse.lsp4j.jsonrpc.json.StreamMessageConsumer.consume(StreamMessageConsumer.java:72)
	at org.eclipse.lsp4e.LanguageServerWrapper.lambda$4(LanguageServerWrapper.java:260)
	at org.eclipse.lsp4j.jsonrpc.RemoteEndpoint.request(RemoteEndpoint.java:161)
	at org.eclipse.lsp4j.jsonrpc.services.EndpointProxy.invoke(EndpointProxy.java:91)
	at com.sun.proxy.$Proxy49.shutdown(Unknown Source)
	at org.eclipse.lsp4e.LanguageServerWrapper.lambda$13(LanguageServerWrapper.java:423)
	... 7 more
Caused by: java.io.IOException: 파이프가 닫히는 중입니다
	at java.base/java.io.FileOutputStream.writeBytes(Native Method)
	at java.base/java.io.FileOutputStream.write(FileOutputStream.java:354)
	at java.base/java.io.BufferedOutputStream.flushBuffer(BufferedOutputStream.java:81)
	at java.base/java.io.BufferedOutputStream.flush(BufferedOutputStream.java:142)
	at org.eclipse.lsp4j.jsonrpc.json.StreamMessageConsumer.consume(StreamMessageConsumer.java:69)
	... 12 more

!ENTRY org.springframework.tooling.ls.eclipse.commons 1 0 2025-06-25 19:07:57.016
!MESSAGE Entering DelegatingStreamConnectionProvider()

!ENTRY org.eclipse.lsp4e 4 0 2025-06-25 19:07:57.016
!MESSAGE org.eclipse.lsp4j.jsonrpc.JsonRpcException: java.io.IOException: 파이프가 닫히는 중입니다
!STACK 0
java.util.concurrent.ExecutionException: org.eclipse.lsp4j.jsonrpc.JsonRpcException: java.io.IOException: 파이프가 닫히는 중입니다
	at java.base/java.util.concurrent.CompletableFuture.reportGet(CompletableFuture.java:395)
	at java.base/java.util.concurrent.CompletableFuture.get(CompletableFuture.java:2028)
	at org.eclipse.lsp4e.LanguageServerWrapper.lambda$13(LanguageServerWrapper.java:425)
	at java.base/java.util.concurrent.CompletableFuture$AsyncRun.run(CompletableFuture.java:1736)
	at java.base/java.util.concurrent.CompletableFuture$AsyncRun.exec(CompletableFuture.java:1728)
	at java.base/java.util.concurrent.ForkJoinTask.doExec(ForkJoinTask.java:290)
	at java.base/java.util.concurrent.ForkJoinPool$WorkQueue.topLevelExec(ForkJoinPool.java:1020)
	at java.base/java.util.concurrent.ForkJoinPool.scan(ForkJoinPool.java:1656)
	at java.base/java.util.concurrent.ForkJoinPool.runWorker(ForkJoinPool.java:1594)
	at java.base/java.util.concurrent.ForkJoinWorkerThread.run(ForkJoinWorkerThread.java:183)
Caused by: org.eclipse.lsp4j.jsonrpc.JsonRpcException: java.io.IOException: 파이프가 닫히는 중입니다
	at org.eclipse.lsp4j.jsonrpc.json.StreamMessageConsumer.consume(StreamMessageConsumer.java:72)
	at org.eclipse.lsp4e.LanguageServerWrapper.lambda$4(LanguageServerWrapper.java:260)
	at org.eclipse.lsp4j.jsonrpc.RemoteEndpoint.request(RemoteEndpoint.java:161)
	at org.eclipse.lsp4j.jsonrpc.services.EndpointProxy.invoke(EndpointProxy.java:91)
	at com.sun.proxy.$Proxy49.shutdown(Unknown Source)
	at org.eclipse.lsp4e.LanguageServerWrapper.lambda$13(LanguageServerWrapper.java:423)
	... 7 more
Caused by: java.io.IOException: 파이프가 닫히는 중입니다
	at java.base/java.io.FileOutputStream.writeBytes(Native Method)
	at java.base/java.io.FileOutputStream.write(FileOutputStream.java:354)
	at java.base/java.io.BufferedOutputStream.flushBuffer(BufferedOutputStream.java:81)
	at java.base/java.io.BufferedOutputStream.flush(BufferedOutputStream.java:142)
	at org.eclipse.lsp4j.jsonrpc.json.StreamMessageConsumer.consume(StreamMessageConsumer.java:69)
	... 12 more

!ENTRY org.springframework.tooling.ls.eclipse.commons 1 0 2025-06-25 19:07:57.017
!MESSAGE Entering DelegatingStreamConnectionProvider()

!ENTRY org.springframework.tooling.ls.eclipse.commons 1 0 2025-06-25 19:07:57.017
!MESSAGE DelegatingStreamConnectionProvider classloader = org.eclipse.osgi.internal.loader.EquinoxClassLoader@500e5b3f[org.springframework.tooling.boot.ls:1.28.0.202109130547(id=1001)]

!ENTRY org.springframework.tooling.ls.eclipse.commons 1 0 2025-06-25 19:07:57.018
!MESSAGE SpringBootLanguageServer exists!

!ENTRY org.eclipse.lsp4e 4 0 2025-06-25 19:07:57.018
!MESSAGE org.eclipse.lsp4j.jsonrpc.JsonRpcException: java.io.IOException: 파이프가 닫히는 중입니다
!STACK 0
java.util.concurrent.ExecutionException: org.eclipse.lsp4j.jsonrpc.JsonRpcException: java.io.IOException: 파이프가 닫히는 중입니다
	at java.base/java.util.concurrent.CompletableFuture.reportGet(CompletableFuture.java:395)
	at java.base/java.util.concurrent.CompletableFuture.get(CompletableFuture.java:2028)
	at org.eclipse.lsp4e.LanguageServerWrapper.lambda$13(LanguageServerWrapper.java:425)
	at java.base/java.util.concurrent.CompletableFuture$AsyncRun.run(CompletableFuture.java:1736)
	at java.base/java.util.concurrent.CompletableFuture$AsyncRun.exec(CompletableFuture.java:1728)
	at java.base/java.util.concurrent.ForkJoinTask.doExec(ForkJoinTask.java:290)
	at java.base/java.util.concurrent.ForkJoinPool$WorkQueue.topLevelExec(ForkJoinPool.java:1020)
	at java.base/java.util.concurrent.ForkJoinPool.scan(ForkJoinPool.java:1656)
	at java.base/java.util.concurrent.ForkJoinPool.runWorker(ForkJoinPool.java:1594)
	at java.base/java.util.concurrent.ForkJoinWorkerThread.run(ForkJoinWorkerThread.java:183)
Caused by: org.eclipse.lsp4j.jsonrpc.JsonRpcException: java.io.IOException: 파이프가 닫히는 중입니다
	at org.eclipse.lsp4j.jsonrpc.json.StreamMessageConsumer.consume(StreamMessageConsumer.java:72)
	at org.eclipse.lsp4e.LanguageServerWrapper.lambda$4(LanguageServerWrapper.java:260)
	at org.eclipse.lsp4j.jsonrpc.RemoteEndpoint.request(RemoteEndpoint.java:161)
	at org.eclipse.lsp4j.jsonrpc.services.EndpointProxy.invoke(EndpointProxy.java:91)
	at com.sun.proxy.$Proxy49.shutdown(Unknown Source)
	at org.eclipse.lsp4e.LanguageServerWrapper.lambda$13(LanguageServerWrapper.java:423)
	... 7 more
Caused by: java.io.IOException: 파이프가 닫히는 중입니다
	at java.base/java.io.FileOutputStream.writeBytes(Native Method)
	at java.base/java.io.FileOutputStream.write(FileOutputStream.java:354)
	at java.base/java.io.BufferedOutputStream.flushBuffer(BufferedOutputStream.java:81)
	at java.base/java.io.BufferedOutputStream.flush(BufferedOutputStream.java:142)
	at org.eclipse.lsp4j.jsonrpc.json.StreamMessageConsumer.consume(StreamMessageConsumer.java:69)
	... 12 more

!ENTRY org.springframework.tooling.ls.eclipse.commons 1 0 2025-06-25 19:07:57.018
!MESSAGE Entering DelegatingStreamConnectionProvider()

!ENTRY org.springframework.tooling.ls.eclipse.commons 1 0 2025-06-25 19:07:57.019
!MESSAGE DelegatingStreamConnectionProvider classloader = org.eclipse.osgi.internal.loader.EquinoxClassLoader@500e5b3f[org.springframework.tooling.boot.ls:1.28.0.202109130547(id=1001)]

!ENTRY org.springframework.tooling.ls.eclipse.commons 1 0 2025-06-25 19:07:57.019
!MESSAGE DelegatingStreamConnectionProvider classloader = org.eclipse.osgi.internal.loader.EquinoxClassLoader@500e5b3f[org.springframework.tooling.boot.ls:1.28.0.202109130547(id=1001)]

!ENTRY org.springframework.tooling.ls.eclipse.commons 1 0 2025-06-25 19:07:57.019
!MESSAGE SpringBootLanguageServer exists!

!ENTRY org.springframework.tooling.ls.eclipse.commons 1 0 2025-06-25 19:07:57.020
!MESSAGE SpringBootLanguageServer exists!

!ENTRY org.springframework.tooling.ls.eclipse.commons 1 0 2025-06-25 19:07:57.020
!MESSAGE Entering DelegatingStreamConnectionProvider()

!ENTRY org.springframework.tooling.ls.eclipse.commons 1 0 2025-06-25 19:07:57.020
!MESSAGE DelegatingStreamConnectionProvider classloader = org.eclipse.osgi.internal.loader.EquinoxClassLoader@500e5b3f[org.springframework.tooling.boot.ls:1.28.0.202109130547(id=1001)]

!ENTRY org.springframework.tooling.ls.eclipse.commons 1 0 2025-06-25 19:07:57.021
!MESSAGE SpringBootLanguageServer exists!

!ENTRY org.eclipse.lsp4e 4 0 2025-06-25 19:07:57.021
!MESSAGE org.eclipse.lsp4j.jsonrpc.JsonRpcException: java.io.IOException: 파이프가 닫히는 중입니다
!STACK 0
java.util.concurrent.ExecutionException: org.eclipse.lsp4j.jsonrpc.JsonRpcException: java.io.IOException: 파이프가 닫히는 중입니다
	at java.base/java.util.concurrent.CompletableFuture.reportGet(CompletableFuture.java:395)
	at java.base/java.util.concurrent.CompletableFuture.get(CompletableFuture.java:2028)
	at org.eclipse.lsp4e.LanguageServerWrapper.lambda$13(LanguageServerWrapper.java:425)
	at java.base/java.util.concurrent.CompletableFuture$AsyncRun.run(CompletableFuture.java:1736)
	at java.base/java.util.concurrent.CompletableFuture$AsyncRun.exec(CompletableFuture.java:1728)
	at java.base/java.util.concurrent.ForkJoinTask.doExec(ForkJoinTask.java:290)
	at java.base/java.util.concurrent.ForkJoinPool$WorkQueue.topLevelExec(ForkJoinPool.java:1020)
	at java.base/java.util.concurrent.ForkJoinPool.scan(ForkJoinPool.java:1656)
	at java.base/java.util.concurrent.ForkJoinPool.runWorker(ForkJoinPool.java:1594)
	at java.base/java.util.concurrent.ForkJoinWorkerThread.run(ForkJoinWorkerThread.java:183)
Caused by: org.eclipse.lsp4j.jsonrpc.JsonRpcException: java.io.IOException: 파이프가 닫히는 중입니다
	at org.eclipse.lsp4j.jsonrpc.json.StreamMessageConsumer.consume(StreamMessageConsumer.java:72)
	at org.eclipse.lsp4e.LanguageServerWrapper.lambda$4(LanguageServerWrapper.java:260)
	at org.eclipse.lsp4j.jsonrpc.RemoteEndpoint.request(RemoteEndpoint.java:161)
	at org.eclipse.lsp4j.jsonrpc.services.EndpointProxy.invoke(EndpointProxy.java:91)
	at com.sun.proxy.$Proxy49.shutdown(Unknown Source)
	at org.eclipse.lsp4e.LanguageServerWrapper.lambda$13(LanguageServerWrapper.java:423)
	... 7 more
Caused by: java.io.IOException: 파이프가 닫히는 중입니다
	at java.base/java.io.FileOutputStream.writeBytes(Native Method)
	at java.base/java.io.FileOutputStream.write(FileOutputStream.java:354)
	at java.base/java.io.BufferedOutputStream.flushBuffer(BufferedOutputStream.java:81)
	at java.base/java.io.BufferedOutputStream.flush(BufferedOutputStream.java:142)
	at org.eclipse.lsp4j.jsonrpc.json.StreamMessageConsumer.consume(StreamMessageConsumer.java:69)
	... 12 more

!ENTRY org.springframework.tooling.ls.eclipse.commons 1 0 2025-06-25 19:07:57.022
!MESSAGE Entering DelegatingStreamConnectionProvider()

!ENTRY org.springframework.tooling.ls.eclipse.commons 1 0 2025-06-25 19:07:57.022
!MESSAGE DelegatingStreamConnectionProvider classloader = org.eclipse.osgi.internal.loader.EquinoxClassLoader@500e5b3f[org.springframework.tooling.boot.ls:1.28.0.202109130547(id=1001)]

!ENTRY org.springframework.tooling.ls.eclipse.commons 1 0 2025-06-25 19:07:57.022
!MESSAGE SpringBootLanguageServer exists!

!ENTRY org.eclipse.lsp4e 4 0 2025-06-25 19:07:57.023
!MESSAGE org.eclipse.lsp4j.jsonrpc.JsonRpcException: java.io.IOException: 파이프가 닫히는 중입니다
!STACK 0
java.util.concurrent.ExecutionException: org.eclipse.lsp4j.jsonrpc.JsonRpcException: java.io.IOException: 파이프가 닫히는 중입니다
	at java.base/java.util.concurrent.CompletableFuture.reportGet(CompletableFuture.java:395)
	at java.base/java.util.concurrent.CompletableFuture.get(CompletableFuture.java:2028)
	at org.eclipse.lsp4e.LanguageServerWrapper.lambda$13(LanguageServerWrapper.java:425)
	at java.base/java.util.concurrent.CompletableFuture$AsyncRun.run(CompletableFuture.java:1736)
	at java.base/java.util.concurrent.CompletableFuture$AsyncRun.exec(CompletableFuture.java:1728)
	at java.base/java.util.concurrent.ForkJoinTask.doExec(ForkJoinTask.java:290)
	at java.base/java.util.concurrent.ForkJoinPool$WorkQueue.topLevelExec(ForkJoinPool.java:1020)
	at java.base/java.util.concurrent.ForkJoinPool.scan(ForkJoinPool.java:1656)
	at java.base/java.util.concurrent.ForkJoinPool.runWorker(ForkJoinPool.java:1594)
	at java.base/java.util.concurrent.ForkJoinWorkerThread.run(ForkJoinWorkerThread.java:183)
Caused by: org.eclipse.lsp4j.jsonrpc.JsonRpcException: java.io.IOException: 파이프가 닫히는 중입니다
	at org.eclipse.lsp4j.jsonrpc.json.StreamMessageConsumer.consume(StreamMessageConsumer.java:72)
	at org.eclipse.lsp4e.LanguageServerWrapper.lambda$4(LanguageServerWrapper.java:260)
	at org.eclipse.lsp4j.jsonrpc.RemoteEndpoint.request(RemoteEndpoint.java:161)
	at org.eclipse.lsp4j.jsonrpc.services.EndpointProxy.invoke(EndpointProxy.java:91)
	at com.sun.proxy.$Proxy49.shutdown(Unknown Source)
	at org.eclipse.lsp4e.LanguageServerWrapper.lambda$13(LanguageServerWrapper.java:423)
	... 7 more
Caused by: java.io.IOException: 파이프가 닫히는 중입니다
	at java.base/java.io.FileOutputStream.writeBytes(Native Method)
	at java.base/java.io.FileOutputStream.write(FileOutputStream.java:354)
	at java.base/java.io.BufferedOutputStream.flushBuffer(BufferedOutputStream.java:81)
	at java.base/java.io.BufferedOutputStream.flush(BufferedOutputStream.java:142)
	at org.eclipse.lsp4j.jsonrpc.json.StreamMessageConsumer.consume(StreamMessageConsumer.java:69)
	... 12 more

!ENTRY org.eclipse.lsp4e 4 0 2025-06-25 19:07:57.024
!MESSAGE org.eclipse.lsp4j.jsonrpc.JsonRpcException: java.io.IOException: 파이프가 닫히는 중입니다
!STACK 0
java.util.concurrent.ExecutionException: org.eclipse.lsp4j.jsonrpc.JsonRpcException: java.io.IOException: 파이프가 닫히는 중입니다
	at java.base/java.util.concurrent.CompletableFuture.reportGet(CompletableFuture.java:395)
	at java.base/java.util.concurrent.CompletableFuture.get(CompletableFuture.java:2028)
	at org.eclipse.lsp4e.LanguageServerWrapper.lambda$13(LanguageServerWrapper.java:425)
	at java.base/java.util.concurrent.CompletableFuture$AsyncRun.run(CompletableFuture.java:1736)
	at java.base/java.util.concurrent.CompletableFuture$AsyncRun.exec(CompletableFuture.java:1728)
	at java.base/java.util.concurrent.ForkJoinTask.doExec(ForkJoinTask.java:290)
	at java.base/java.util.concurrent.ForkJoinPool$WorkQueue.topLevelExec(ForkJoinPool.java:1020)
	at java.base/java.util.concurrent.ForkJoinPool.scan(ForkJoinPool.java:1656)
	at java.base/java.util.concurrent.ForkJoinPool.runWorker(ForkJoinPool.java:1594)
	at java.base/java.util.concurrent.ForkJoinWorkerThread.run(ForkJoinWorkerThread.java:183)
Caused by: org.eclipse.lsp4j.jsonrpc.JsonRpcException: java.io.IOException: 파이프가 닫히는 중입니다
	at org.eclipse.lsp4j.jsonrpc.json.StreamMessageConsumer.consume(StreamMessageConsumer.java:72)
	at org.eclipse.lsp4e.LanguageServerWrapper.lambda$4(LanguageServerWrapper.java:260)
	at org.eclipse.lsp4j.jsonrpc.RemoteEndpoint.request(RemoteEndpoint.java:161)
	at org.eclipse.lsp4j.jsonrpc.services.EndpointProxy.invoke(EndpointProxy.java:91)
	at com.sun.proxy.$Proxy49.shutdown(Unknown Source)
	at org.eclipse.lsp4e.LanguageServerWrapper.lambda$13(LanguageServerWrapper.java:423)
	... 7 more
Caused by: java.io.IOException: 파이프가 닫히는 중입니다
	at java.base/java.io.FileOutputStream.writeBytes(Native Method)
	at java.base/java.io.FileOutputStream.write(FileOutputStream.java:354)
	at java.base/java.io.BufferedOutputStream.flushBuffer(BufferedOutputStream.java:81)
	at java.base/java.io.BufferedOutputStream.flush(BufferedOutputStream.java:142)
	at org.eclipse.lsp4j.jsonrpc.json.StreamMessageConsumer.consume(StreamMessageConsumer.java:69)
	... 12 more

!ENTRY org.springframework.tooling.ls.eclipse.commons 1 0 2025-06-25 19:07:57.024
!MESSAGE Entering DelegatingStreamConnectionProvider()

!ENTRY org.springframework.tooling.ls.eclipse.commons 1 0 2025-06-25 19:07:57.024
!MESSAGE DelegatingStreamConnectionProvider classloader = org.eclipse.osgi.internal.loader.EquinoxClassLoader@500e5b3f[org.springframework.tooling.boot.ls:1.28.0.202109130547(id=1001)]

!ENTRY org.springframework.tooling.ls.eclipse.commons 1 0 2025-06-25 19:07:57.025
!MESSAGE SpringBootLanguageServer exists!

!ENTRY org.eclipse.lsp4e 4 0 2025-06-25 19:07:57.025
!MESSAGE org.eclipse.lsp4j.jsonrpc.JsonRpcException: java.io.IOException: 파이프가 닫히는 중입니다
!STACK 0
java.util.concurrent.ExecutionException: org.eclipse.lsp4j.jsonrpc.JsonRpcException: java.io.IOException: 파이프가 닫히는 중입니다
	at java.base/java.util.concurrent.CompletableFuture.reportGet(CompletableFuture.java:395)
	at java.base/java.util.concurrent.CompletableFuture.get(CompletableFuture.java:2028)
	at org.eclipse.lsp4e.LanguageServerWrapper.lambda$13(LanguageServerWrapper.java:425)
	at java.base/java.util.concurrent.CompletableFuture$AsyncRun.run(CompletableFuture.java:1736)
	at java.base/java.util.concurrent.CompletableFuture$AsyncRun.exec(CompletableFuture.java:1728)
	at java.base/java.util.concurrent.ForkJoinTask.doExec(ForkJoinTask.java:290)
	at java.base/java.util.concurrent.ForkJoinPool$WorkQueue.topLevelExec(ForkJoinPool.java:1020)
	at java.base/java.util.concurrent.ForkJoinPool.scan(ForkJoinPool.java:1656)
	at java.base/java.util.concurrent.ForkJoinPool.runWorker(ForkJoinPool.java:1594)
	at java.base/java.util.concurrent.ForkJoinWorkerThread.run(ForkJoinWorkerThread.java:183)
Caused by: org.eclipse.lsp4j.jsonrpc.JsonRpcException: java.io.IOException: 파이프가 닫히는 중입니다
	at org.eclipse.lsp4j.jsonrpc.json.StreamMessageConsumer.consume(StreamMessageConsumer.java:72)
	at org.eclipse.lsp4e.LanguageServerWrapper.lambda$4(LanguageServerWrapper.java:260)
	at org.eclipse.lsp4j.jsonrpc.RemoteEndpoint.request(RemoteEndpoint.java:161)
	at org.eclipse.lsp4j.jsonrpc.services.EndpointProxy.invoke(EndpointProxy.java:91)
	at com.sun.proxy.$Proxy49.shutdown(Unknown Source)
	at org.eclipse.lsp4e.LanguageServerWrapper.lambda$13(LanguageServerWrapper.java:423)
	... 7 more
Caused by: java.io.IOException: 파이프가 닫히는 중입니다
	at java.base/java.io.FileOutputStream.writeBytes(Native Method)
	at java.base/java.io.FileOutputStream.write(FileOutputStream.java:354)
	at java.base/java.io.BufferedOutputStream.flushBuffer(BufferedOutputStream.java:81)
	at java.base/java.io.BufferedOutputStream.flush(BufferedOutputStream.java:142)
	at org.eclipse.lsp4j.jsonrpc.json.StreamMessageConsumer.consume(StreamMessageConsumer.java:69)
	... 12 more

!ENTRY org.springframework.tooling.ls.eclipse.commons 1 0 2025-06-25 19:07:57.025
!MESSAGE Entering DelegatingStreamConnectionProvider()

!ENTRY org.springframework.tooling.ls.eclipse.commons 1 0 2025-06-25 19:07:57.026
!MESSAGE DelegatingStreamConnectionProvider classloader = org.eclipse.osgi.internal.loader.EquinoxClassLoader@500e5b3f[org.springframework.tooling.boot.ls:1.28.0.202109130547(id=1001)]

!ENTRY org.springframework.tooling.ls.eclipse.commons 1 0 2025-06-25 19:07:57.026
!MESSAGE SpringBootLanguageServer exists!

!ENTRY org.eclipse.lsp4e 4 0 2025-06-25 19:07:57.028
!MESSAGE org.eclipse.lsp4j.jsonrpc.JsonRpcException: java.io.IOException: 파이프가 닫히는 중입니다
!STACK 0
java.util.concurrent.ExecutionException: org.eclipse.lsp4j.jsonrpc.JsonRpcException: java.io.IOException: 파이프가 닫히는 중입니다
	at java.base/java.util.concurrent.CompletableFuture.reportGet(CompletableFuture.java:395)
	at java.base/java.util.concurrent.CompletableFuture.get(CompletableFuture.java:2028)
	at org.eclipse.lsp4e.LanguageServerWrapper.lambda$13(LanguageServerWrapper.java:425)
	at java.base/java.util.concurrent.CompletableFuture$AsyncRun.run(CompletableFuture.java:1736)
	at java.base/java.util.concurrent.CompletableFuture$AsyncRun.exec(CompletableFuture.java:1728)
	at java.base/java.util.concurrent.ForkJoinTask.doExec(ForkJoinTask.java:290)
	at java.base/java.util.concurrent.ForkJoinPool$WorkQueue.topLevelExec(ForkJoinPool.java:1020)
	at java.base/java.util.concurrent.ForkJoinPool.scan(ForkJoinPool.java:1656)
	at java.base/java.util.concurrent.ForkJoinPool.runWorker(ForkJoinPool.java:1594)
	at java.base/java.util.concurrent.ForkJoinWorkerThread.run(ForkJoinWorkerThread.java:183)
Caused by: org.eclipse.lsp4j.jsonrpc.JsonRpcException: java.io.IOException: 파이프가 닫히는 중입니다
	at org.eclipse.lsp4j.jsonrpc.json.StreamMessageConsumer.consume(StreamMessageConsumer.java:72)
	at org.eclipse.lsp4e.LanguageServerWrapper.lambda$4(LanguageServerWrapper.java:260)
	at org.eclipse.lsp4j.jsonrpc.RemoteEndpoint.request(RemoteEndpoint.java:161)
	at org.eclipse.lsp4j.jsonrpc.services.EndpointProxy.invoke(EndpointProxy.java:91)
	at com.sun.proxy.$Proxy49.shutdown(Unknown Source)
	at org.eclipse.lsp4e.LanguageServerWrapper.lambda$13(LanguageServerWrapper.java:423)
	... 7 more
Caused by: java.io.IOException: 파이프가 닫히는 중입니다
	at java.base/java.io.FileOutputStream.writeBytes(Native Method)
	at java.base/java.io.FileOutputStream.write(FileOutputStream.java:354)
	at java.base/java.io.BufferedOutputStream.flushBuffer(BufferedOutputStream.java:81)
	at java.base/java.io.BufferedOutputStream.flush(BufferedOutputStream.java:142)
	at org.eclipse.lsp4j.jsonrpc.json.StreamMessageConsumer.consume(StreamMessageConsumer.java:69)
	... 12 more

!ENTRY org.springframework.tooling.ls.eclipse.commons 1 0 2025-06-25 19:07:57.030
!MESSAGE Entering DelegatingStreamConnectionProvider()

!ENTRY org.springframework.tooling.ls.eclipse.commons 1 0 2025-06-25 19:07:57.030
!MESSAGE DelegatingStreamConnectionProvider classloader = org.eclipse.osgi.internal.loader.EquinoxClassLoader@500e5b3f[org.springframework.tooling.boot.ls:1.28.0.202109130547(id=1001)]

!ENTRY org.springframework.tooling.ls.eclipse.commons 1 0 2025-06-25 19:07:57.030
!MESSAGE SpringBootLanguageServer exists!

!ENTRY org.eclipse.lsp4e 4 0 2025-06-25 19:07:57.059
!MESSAGE org.eclipse.lsp4j.jsonrpc.JsonRpcException: java.io.IOException: 파이프가 닫히는 중입니다
!STACK 0
java.util.concurrent.ExecutionException: org.eclipse.lsp4j.jsonrpc.JsonRpcException: java.io.IOException: 파이프가 닫히는 중입니다
	at java.base/java.util.concurrent.CompletableFuture.reportGet(CompletableFuture.java:395)
	at java.base/java.util.concurrent.CompletableFuture.get(CompletableFuture.java:2028)
	at org.eclipse.lsp4e.LanguageServerWrapper.lambda$13(LanguageServerWrapper.java:425)
	at java.base/java.util.concurrent.CompletableFuture$AsyncRun.run(CompletableFuture.java:1736)
	at java.base/java.util.concurrent.CompletableFuture$AsyncRun.exec(CompletableFuture.java:1728)
	at java.base/java.util.concurrent.ForkJoinTask.doExec(ForkJoinTask.java:290)
	at java.base/java.util.concurrent.ForkJoinPool$WorkQueue.topLevelExec(ForkJoinPool.java:1020)
	at java.base/java.util.concurrent.ForkJoinPool.scan(ForkJoinPool.java:1656)
	at java.base/java.util.concurrent.ForkJoinPool.runWorker(ForkJoinPool.java:1594)
	at java.base/java.util.concurrent.ForkJoinWorkerThread.run(ForkJoinWorkerThread.java:183)
Caused by: org.eclipse.lsp4j.jsonrpc.JsonRpcException: java.io.IOException: 파이프가 닫히는 중입니다
	at org.eclipse.lsp4j.jsonrpc.json.StreamMessageConsumer.consume(StreamMessageConsumer.java:72)
	at org.eclipse.lsp4e.LanguageServerWrapper.lambda$4(LanguageServerWrapper.java:260)
	at org.eclipse.lsp4j.jsonrpc.RemoteEndpoint.request(RemoteEndpoint.java:161)
	at org.eclipse.lsp4j.jsonrpc.services.EndpointProxy.invoke(EndpointProxy.java:91)
	at com.sun.proxy.$Proxy49.shutdown(Unknown Source)
	at org.eclipse.lsp4e.LanguageServerWrapper.lambda$13(LanguageServerWrapper.java:423)
	... 7 more
Caused by: java.io.IOException: 파이프가 닫히는 중입니다
	at java.base/java.io.FileOutputStream.writeBytes(Native Method)
	at java.base/java.io.FileOutputStream.write(FileOutputStream.java:354)
	at java.base/java.io.BufferedOutputStream.flushBuffer(BufferedOutputStream.java:81)
	at java.base/java.io.BufferedOutputStream.flush(BufferedOutputStream.java:142)
	at org.eclipse.lsp4j.jsonrpc.json.StreamMessageConsumer.consume(StreamMessageConsumer.java:69)
	... 12 more

!ENTRY org.springframework.tooling.ls.eclipse.commons 1 0 2025-06-25 19:07:57.060
!MESSAGE Entering DelegatingStreamConnectionProvider()

!ENTRY org.springframework.tooling.ls.eclipse.commons 1 0 2025-06-25 19:07:57.060
!MESSAGE DelegatingStreamConnectionProvider classloader = org.eclipse.osgi.internal.loader.EquinoxClassLoader@500e5b3f[org.springframework.tooling.boot.ls:1.28.0.202109130547(id=1001)]

!ENTRY org.springframework.tooling.ls.eclipse.commons 1 0 2025-06-25 19:07:57.060
!MESSAGE SpringBootLanguageServer exists!

!ENTRY org.eclipse.lsp4e 4 0 2025-06-25 19:07:57.061
!MESSAGE org.eclipse.lsp4j.jsonrpc.JsonRpcException: java.io.IOException: 파이프가 닫히는 중입니다
!STACK 0
java.util.concurrent.ExecutionException: org.eclipse.lsp4j.jsonrpc.JsonRpcException: java.io.IOException: 파이프가 닫히는 중입니다
	at java.base/java.util.concurrent.CompletableFuture.reportGet(CompletableFuture.java:395)
	at java.base/java.util.concurrent.CompletableFuture.get(CompletableFuture.java:2028)
	at org.eclipse.lsp4e.LanguageServerWrapper.lambda$13(LanguageServerWrapper.java:425)
	at java.base/java.util.concurrent.CompletableFuture$AsyncRun.run(CompletableFuture.java:1736)
	at java.base/java.util.concurrent.CompletableFuture$AsyncRun.exec(CompletableFuture.java:1728)
	at java.base/java.util.concurrent.ForkJoinTask.doExec(ForkJoinTask.java:290)
	at java.base/java.util.concurrent.ForkJoinPool$WorkQueue.topLevelExec(ForkJoinPool.java:1020)
	at java.base/java.util.concurrent.ForkJoinPool.scan(ForkJoinPool.java:1656)
	at java.base/java.util.concurrent.ForkJoinPool.runWorker(ForkJoinPool.java:1594)
	at java.base/java.util.concurrent.ForkJoinWorkerThread.run(ForkJoinWorkerThread.java:183)
Caused by: org.eclipse.lsp4j.jsonrpc.JsonRpcException: java.io.IOException: 파이프가 닫히는 중입니다
	at org.eclipse.lsp4j.jsonrpc.json.StreamMessageConsumer.consume(StreamMessageConsumer.java:72)
	at org.eclipse.lsp4e.LanguageServerWrapper.lambda$4(LanguageServerWrapper.java:260)
	at org.eclipse.lsp4j.jsonrpc.RemoteEndpoint.request(RemoteEndpoint.java:161)
	at org.eclipse.lsp4j.jsonrpc.services.EndpointProxy.invoke(EndpointProxy.java:91)
	at com.sun.proxy.$Proxy49.shutdown(Unknown Source)
	at org.eclipse.lsp4e.LanguageServerWrapper.lambda$13(LanguageServerWrapper.java:423)
	... 7 more
Caused by: java.io.IOException: 파이프가 닫히는 중입니다
	at java.base/java.io.FileOutputStream.writeBytes(Native Method)
	at java.base/java.io.FileOutputStream.write(FileOutputStream.java:354)
	at java.base/java.io.BufferedOutputStream.flushBuffer(BufferedOutputStream.java:81)
	at java.base/java.io.BufferedOutputStream.flush(BufferedOutputStream.java:142)
	at org.eclipse.lsp4j.jsonrpc.json.StreamMessageConsumer.consume(StreamMessageConsumer.java:69)
	... 12 more

!ENTRY org.eclipse.lsp4e 4 0 2025-06-25 19:07:57.069
!MESSAGE org.eclipse.lsp4j.jsonrpc.JsonRpcException: java.io.IOException: 파이프가 닫히는 중입니다
!STACK 0
java.util.concurrent.ExecutionException: org.eclipse.lsp4j.jsonrpc.JsonRpcException: java.io.IOException: 파이프가 닫히는 중입니다
	at java.base/java.util.concurrent.CompletableFuture.reportGet(CompletableFuture.java:395)
	at java.base/java.util.concurrent.CompletableFuture.get(CompletableFuture.java:2028)
	at org.eclipse.lsp4e.LanguageServerWrapper.lambda$13(LanguageServerWrapper.java:425)
	at java.base/java.util.concurrent.CompletableFuture$AsyncRun.run(CompletableFuture.java:1736)
	at java.base/java.util.concurrent.CompletableFuture$AsyncRun.exec(CompletableFuture.java:1728)
	at java.base/java.util.concurrent.ForkJoinTask.doExec(ForkJoinTask.java:290)
	at java.base/java.util.concurrent.ForkJoinPool$WorkQueue.topLevelExec(ForkJoinPool.java:1020)
	at java.base/java.util.concurrent.ForkJoinPool.scan(ForkJoinPool.java:1656)
	at java.base/java.util.concurrent.ForkJoinPool.runWorker(ForkJoinPool.java:1594)
	at java.base/java.util.concurrent.ForkJoinWorkerThread.run(ForkJoinWorkerThread.java:183)
Caused by: org.eclipse.lsp4j.jsonrpc.JsonRpcException: java.io.IOException: 파이프가 닫히는 중입니다
	at org.eclipse.lsp4j.jsonrpc.json.StreamMessageConsumer.consume(StreamMessageConsumer.java:72)
	at org.eclipse.lsp4e.LanguageServerWrapper.lambda$4(LanguageServerWrapper.java:260)
	at org.eclipse.lsp4j.jsonrpc.RemoteEndpoint.request(RemoteEndpoint.java:161)
	at org.eclipse.lsp4j.jsonrpc.services.EndpointProxy.invoke(EndpointProxy.java:91)
	at com.sun.proxy.$Proxy49.shutdown(Unknown Source)
	at org.eclipse.lsp4e.LanguageServerWrapper.lambda$13(LanguageServerWrapper.java:423)
	... 7 more
Caused by: java.io.IOException: 파이프가 닫히는 중입니다
	at java.base/java.io.FileOutputStream.writeBytes(Native Method)
	at java.base/java.io.FileOutputStream.write(FileOutputStream.java:354)
	at java.base/java.io.BufferedOutputStream.flushBuffer(BufferedOutputStream.java:81)
	at java.base/java.io.BufferedOutputStream.flush(BufferedOutputStream.java:142)
	at org.eclipse.lsp4j.jsonrpc.json.StreamMessageConsumer.consume(StreamMessageConsumer.java:69)
	... 12 more

!ENTRY org.springframework.tooling.ls.eclipse.commons 1 0 2025-06-25 19:07:57.070
!MESSAGE Entering DelegatingStreamConnectionProvider()

!ENTRY org.springframework.tooling.ls.eclipse.commons 1 0 2025-06-25 19:07:57.070
!MESSAGE DelegatingStreamConnectionProvider classloader = org.eclipse.osgi.internal.loader.EquinoxClassLoader@500e5b3f[org.springframework.tooling.boot.ls:1.28.0.202109130547(id=1001)]

!ENTRY org.springframework.tooling.ls.eclipse.commons 1 0 2025-06-25 19:07:57.070
!MESSAGE SpringBootLanguageServer exists!

!ENTRY org.springframework.tooling.ls.eclipse.commons 1 0 2025-06-25 19:07:57.071
!MESSAGE Entering DelegatingStreamConnectionProvider()

!ENTRY org.springframework.tooling.ls.eclipse.commons 1 0 2025-06-25 19:07:57.071
!MESSAGE DelegatingStreamConnectionProvider classloader = org.eclipse.osgi.internal.loader.EquinoxClassLoader@500e5b3f[org.springframework.tooling.boot.ls:1.28.0.202109130547(id=1001)]

!ENTRY org.springframework.tooling.ls.eclipse.commons 1 0 2025-06-25 19:07:57.071
!MESSAGE SpringBootLanguageServer exists!

!ENTRY org.springframework.tooling.ls.eclipse.commons 1 0 2025-06-25 19:07:57.073
!MESSAGE Entering DelegatingStreamConnectionProvider()

!ENTRY org.eclipse.lsp4e 4 0 2025-06-25 19:07:57.073
!MESSAGE org.eclipse.lsp4j.jsonrpc.JsonRpcException: java.io.IOException: 파이프가 닫히는 중입니다
!STACK 0
java.util.concurrent.ExecutionException: org.eclipse.lsp4j.jsonrpc.JsonRpcException: java.io.IOException: 파이프가 닫히는 중입니다
	at java.base/java.util.concurrent.CompletableFuture.reportGet(CompletableFuture.java:395)
	at java.base/java.util.concurrent.CompletableFuture.get(CompletableFuture.java:2028)
	at org.eclipse.lsp4e.LanguageServerWrapper.lambda$13(LanguageServerWrapper.java:425)
	at java.base/java.util.concurrent.CompletableFuture$AsyncRun.run(CompletableFuture.java:1736)
	at java.base/java.util.concurrent.CompletableFuture$AsyncRun.exec(CompletableFuture.java:1728)
	at java.base/java.util.concurrent.ForkJoinTask.doExec(ForkJoinTask.java:290)
	at java.base/java.util.concurrent.ForkJoinPool$WorkQueue.topLevelExec(ForkJoinPool.java:1020)
	at java.base/java.util.concurrent.ForkJoinPool.scan(ForkJoinPool.java:1656)
	at java.base/java.util.concurrent.ForkJoinPool.runWorker(ForkJoinPool.java:1594)
	at java.base/java.util.concurrent.ForkJoinWorkerThread.run(ForkJoinWorkerThread.java:183)
Caused by: org.eclipse.lsp4j.jsonrpc.JsonRpcException: java.io.IOException: 파이프가 닫히는 중입니다
	at org.eclipse.lsp4j.jsonrpc.json.StreamMessageConsumer.consume(StreamMessageConsumer.java:72)
	at org.eclipse.lsp4e.LanguageServerWrapper.lambda$4(LanguageServerWrapper.java:260)
	at org.eclipse.lsp4j.jsonrpc.RemoteEndpoint.request(RemoteEndpoint.java:161)
	at org.eclipse.lsp4j.jsonrpc.services.EndpointProxy.invoke(EndpointProxy.java:91)
	at com.sun.proxy.$Proxy49.shutdown(Unknown Source)
	at org.eclipse.lsp4e.LanguageServerWrapper.lambda$13(LanguageServerWrapper.java:423)
	... 7 more
Caused by: java.io.IOException: 파이프가 닫히는 중입니다
	at java.base/java.io.FileOutputStream.writeBytes(Native Method)
	at java.base/java.io.FileOutputStream.write(FileOutputStream.java:354)
	at java.base/java.io.BufferedOutputStream.flushBuffer(BufferedOutputStream.java:81)
	at java.base/java.io.BufferedOutputStream.flush(BufferedOutputStream.java:142)
	at org.eclipse.lsp4j.jsonrpc.json.StreamMessageConsumer.consume(StreamMessageConsumer.java:69)
	... 12 more

!ENTRY org.springframework.tooling.ls.eclipse.commons 1 0 2025-06-25 19:07:57.073
!MESSAGE Entering DelegatingStreamConnectionProvider()

!ENTRY org.springframework.tooling.ls.eclipse.commons 1 0 2025-06-25 19:07:57.073
!MESSAGE DelegatingStreamConnectionProvider classloader = org.eclipse.osgi.internal.loader.EquinoxClassLoader@500e5b3f[org.springframework.tooling.boot.ls:1.28.0.202109130547(id=1001)]

!ENTRY org.eclipse.lsp4e 4 0 2025-06-25 19:07:57.074
!MESSAGE org.eclipse.lsp4j.jsonrpc.JsonRpcException: java.io.IOException: 파이프가 닫히는 중입니다
!STACK 0
java.util.concurrent.ExecutionException: org.eclipse.lsp4j.jsonrpc.JsonRpcException: java.io.IOException: 파이프가 닫히는 중입니다
	at java.base/java.util.concurrent.CompletableFuture.reportGet(CompletableFuture.java:395)
	at java.base/java.util.concurrent.CompletableFuture.get(CompletableFuture.java:2028)
	at org.eclipse.lsp4e.LanguageServerWrapper.lambda$13(LanguageServerWrapper.java:425)
	at java.base/java.util.concurrent.CompletableFuture$AsyncRun.run(CompletableFuture.java:1736)
	at java.base/java.util.concurrent.CompletableFuture$AsyncRun.exec(CompletableFuture.java:1728)
	at java.base/java.util.concurrent.ForkJoinTask.doExec(ForkJoinTask.java:290)
	at java.base/java.util.concurrent.ForkJoinPool$WorkQueue.topLevelExec(ForkJoinPool.java:1020)
	at java.base/java.util.concurrent.ForkJoinPool.scan(ForkJoinPool.java:1656)
	at java.base/java.util.concurrent.ForkJoinPool.runWorker(ForkJoinPool.java:1594)
	at java.base/java.util.concurrent.ForkJoinWorkerThread.run(ForkJoinWorkerThread.java:183)
Caused by: org.eclipse.lsp4j.jsonrpc.JsonRpcException: java.io.IOException: 파이프가 닫히는 중입니다
	at org.eclipse.lsp4j.jsonrpc.json.StreamMessageConsumer.consume(StreamMessageConsumer.java:72)
	at org.eclipse.lsp4e.LanguageServerWrapper.lambda$4(LanguageServerWrapper.java:260)
	at org.eclipse.lsp4j.jsonrpc.RemoteEndpoint.request(RemoteEndpoint.java:161)
	at org.eclipse.lsp4j.jsonrpc.services.EndpointProxy.invoke(EndpointProxy.java:91)
	at com.sun.proxy.$Proxy49.shutdown(Unknown Source)
	at org.eclipse.lsp4e.LanguageServerWrapper.lambda$13(LanguageServerWrapper.java:423)
	... 7 more
Caused by: java.io.IOException: 파이프가 닫히는 중입니다
	at java.base/java.io.FileOutputStream.writeBytes(Native Method)
	at java.base/java.io.FileOutputStream.write(FileOutputStream.java:354)
	at java.base/java.io.BufferedOutputStream.flushBuffer(BufferedOutputStream.java:81)
	at java.base/java.io.BufferedOutputStream.flush(BufferedOutputStream.java:142)
	at org.eclipse.lsp4j.jsonrpc.json.StreamMessageConsumer.consume(StreamMessageConsumer.java:69)
	... 12 more

!ENTRY org.springframework.tooling.ls.eclipse.commons 1 0 2025-06-25 19:07:57.074
!MESSAGE Entering DelegatingStreamConnectionProvider()

!ENTRY org.springframework.tooling.ls.eclipse.commons 1 0 2025-06-25 19:07:57.075
!MESSAGE DelegatingStreamConnectionProvider classloader = org.eclipse.osgi.internal.loader.EquinoxClassLoader@500e5b3f[org.springframework.tooling.boot.ls:1.28.0.202109130547(id=1001)]

!ENTRY org.springframework.tooling.ls.eclipse.commons 1 0 2025-06-25 19:07:57.075
!MESSAGE SpringBootLanguageServer exists!

!ENTRY org.eclipse.lsp4e 4 0 2025-06-25 19:07:57.075
!MESSAGE org.eclipse.lsp4j.jsonrpc.JsonRpcException: java.io.IOException: 파이프가 닫히는 중입니다
!STACK 0
java.util.concurrent.ExecutionException: org.eclipse.lsp4j.jsonrpc.JsonRpcException: java.io.IOException: 파이프가 닫히는 중입니다
	at java.base/java.util.concurrent.CompletableFuture.reportGet(CompletableFuture.java:395)
	at java.base/java.util.concurrent.CompletableFuture.get(CompletableFuture.java:2028)
	at org.eclipse.lsp4e.LanguageServerWrapper.lambda$13(LanguageServerWrapper.java:425)
	at java.base/java.util.concurrent.CompletableFuture$AsyncRun.run(CompletableFuture.java:1736)
	at java.base/java.util.concurrent.CompletableFuture$AsyncRun.exec(CompletableFuture.java:1728)
	at java.base/java.util.concurrent.ForkJoinTask.doExec(ForkJoinTask.java:290)
	at java.base/java.util.concurrent.ForkJoinPool$WorkQueue.topLevelExec(ForkJoinPool.java:1020)
	at java.base/java.util.concurrent.ForkJoinPool.scan(ForkJoinPool.java:1656)
	at java.base/java.util.concurrent.ForkJoinPool.runWorker(ForkJoinPool.java:1594)
	at java.base/java.util.concurrent.ForkJoinWorkerThread.run(ForkJoinWorkerThread.java:183)
Caused by: org.eclipse.lsp4j.jsonrpc.JsonRpcException: java.io.IOException: 파이프가 닫히는 중입니다
	at org.eclipse.lsp4j.jsonrpc.json.StreamMessageConsumer.consume(StreamMessageConsumer.java:72)
	at org.eclipse.lsp4e.LanguageServerWrapper.lambda$4(LanguageServerWrapper.java:260)
	at org.eclipse.lsp4j.jsonrpc.RemoteEndpoint.request(RemoteEndpoint.java:161)
	at org.eclipse.lsp4j.jsonrpc.services.EndpointProxy.invoke(EndpointProxy.java:91)
	at com.sun.proxy.$Proxy49.shutdown(Unknown Source)
	at org.eclipse.lsp4e.LanguageServerWrapper.lambda$13(LanguageServerWrapper.java:423)
	... 7 more
Caused by: java.io.IOException: 파이프가 닫히는 중입니다
	at java.base/java.io.FileOutputStream.writeBytes(Native Method)
	at java.base/java.io.FileOutputStream.write(FileOutputStream.java:354)
	at java.base/java.io.BufferedOutputStream.flushBuffer(BufferedOutputStream.java:81)
	at java.base/java.io.BufferedOutputStream.flush(BufferedOutputStream.java:142)
	at org.eclipse.lsp4j.jsonrpc.json.StreamMessageConsumer.consume(StreamMessageConsumer.java:69)
	... 12 more

!ENTRY org.eclipse.lsp4e 4 0 2025-06-25 19:07:57.076
!MESSAGE org.eclipse.lsp4j.jsonrpc.JsonRpcException: java.io.IOException: 파이프가 닫히는 중입니다
!STACK 0
java.util.concurrent.ExecutionException: org.eclipse.lsp4j.jsonrpc.JsonRpcException: java.io.IOException: 파이프가 닫히는 중입니다
	at java.base/java.util.concurrent.CompletableFuture.reportGet(CompletableFuture.java:395)
	at java.base/java.util.concurrent.CompletableFuture.get(CompletableFuture.java:2028)
	at org.eclipse.lsp4e.LanguageServerWrapper.lambda$13(LanguageServerWrapper.java:425)
	at java.base/java.util.concurrent.CompletableFuture$AsyncRun.run(CompletableFuture.java:1736)
	at java.base/java.util.concurrent.CompletableFuture$AsyncRun.exec(CompletableFuture.java:1728)
	at java.base/java.util.concurrent.ForkJoinTask.doExec(ForkJoinTask.java:290)
	at java.base/java.util.concurrent.ForkJoinPool$WorkQueue.topLevelExec(ForkJoinPool.java:1020)
	at java.base/java.util.concurrent.ForkJoinPool.scan(ForkJoinPool.java:1656)
	at java.base/java.util.concurrent.ForkJoinPool.runWorker(ForkJoinPool.java:1594)
	at java.base/java.util.concurrent.ForkJoinWorkerThread.run(ForkJoinWorkerThread.java:183)
Caused by: org.eclipse.lsp4j.jsonrpc.JsonRpcException: java.io.IOException: 파이프가 닫히는 중입니다
	at org.eclipse.lsp4j.jsonrpc.json.StreamMessageConsumer.consume(StreamMessageConsumer.java:72)
	at org.eclipse.lsp4e.LanguageServerWrapper.lambda$4(LanguageServerWrapper.java:260)
	at org.eclipse.lsp4j.jsonrpc.RemoteEndpoint.request(RemoteEndpoint.java:161)
	at org.eclipse.lsp4j.jsonrpc.services.EndpointProxy.invoke(EndpointProxy.java:91)
	at com.sun.proxy.$Proxy49.shutdown(Unknown Source)
	at org.eclipse.lsp4e.LanguageServerWrapper.lambda$13(LanguageServerWrapper.java:423)
	... 7 more
Caused by: java.io.IOException: 파이프가 닫히는 중입니다
	at java.base/java.io.FileOutputStream.writeBytes(Native Method)
	at java.base/java.io.FileOutputStream.write(FileOutputStream.java:354)
	at java.base/java.io.BufferedOutputStream.flushBuffer(BufferedOutputStream.java:81)
	at java.base/java.io.BufferedOutputStream.flush(BufferedOutputStream.java:142)
	at org.eclipse.lsp4j.jsonrpc.json.StreamMessageConsumer.consume(StreamMessageConsumer.java:69)
	... 12 more

!ENTRY org.springframework.tooling.ls.eclipse.commons 1 0 2025-06-25 19:07:57.076
!MESSAGE Entering DelegatingStreamConnectionProvider()

!ENTRY org.springframework.tooling.ls.eclipse.commons 1 0 2025-06-25 19:07:57.077
!MESSAGE Entering DelegatingStreamConnectionProvider()

!ENTRY org.springframework.tooling.ls.eclipse.commons 1 0 2025-06-25 19:07:57.077
!MESSAGE DelegatingStreamConnectionProvider classloader = org.eclipse.osgi.internal.loader.EquinoxClassLoader@500e5b3f[org.springframework.tooling.boot.ls:1.28.0.202109130547(id=1001)]

!ENTRY org.springframework.tooling.ls.eclipse.commons 1 0 2025-06-25 19:07:57.077
!MESSAGE SpringBootLanguageServer exists!

!ENTRY org.springframework.tooling.ls.eclipse.commons 1 0 2025-06-25 19:07:57.078
!MESSAGE DelegatingStreamConnectionProvider classloader = org.eclipse.osgi.internal.loader.EquinoxClassLoader@500e5b3f[org.springframework.tooling.boot.ls:1.28.0.202109130547(id=1001)]

!ENTRY org.eclipse.lsp4e 4 0 2025-06-25 19:07:57.078
!MESSAGE org.eclipse.lsp4j.jsonrpc.JsonRpcException: java.io.IOException: 파이프가 닫히는 중입니다
!STACK 0
java.util.concurrent.ExecutionException: org.eclipse.lsp4j.jsonrpc.JsonRpcException: java.io.IOException: 파이프가 닫히는 중입니다
	at java.base/java.util.concurrent.CompletableFuture.reportGet(CompletableFuture.java:395)
	at java.base/java.util.concurrent.CompletableFuture.get(CompletableFuture.java:2028)
	at org.eclipse.lsp4e.LanguageServerWrapper.lambda$13(LanguageServerWrapper.java:425)
	at java.base/java.util.concurrent.CompletableFuture$AsyncRun.run(CompletableFuture.java:1736)
	at java.base/java.util.concurrent.CompletableFuture$AsyncRun.exec(CompletableFuture.java:1728)
	at java.base/java.util.concurrent.ForkJoinTask.doExec(ForkJoinTask.java:290)
	at java.base/java.util.concurrent.ForkJoinPool$WorkQueue.topLevelExec(ForkJoinPool.java:1020)
	at java.base/java.util.concurrent.ForkJoinPool.scan(ForkJoinPool.java:1656)
	at java.base/java.util.concurrent.ForkJoinPool.runWorker(ForkJoinPool.java:1594)
	at java.base/java.util.concurrent.ForkJoinWorkerThread.run(ForkJoinWorkerThread.java:183)
Caused by: org.eclipse.lsp4j.jsonrpc.JsonRpcException: java.io.IOException: 파이프가 닫히는 중입니다
	at org.eclipse.lsp4j.jsonrpc.json.StreamMessageConsumer.consume(StreamMessageConsumer.java:72)
	at org.eclipse.lsp4e.LanguageServerWrapper.lambda$4(LanguageServerWrapper.java:260)
	at org.eclipse.lsp4j.jsonrpc.RemoteEndpoint.request(RemoteEndpoint.java:161)
	at org.eclipse.lsp4j.jsonrpc.services.EndpointProxy.invoke(EndpointProxy.java:91)
	at com.sun.proxy.$Proxy49.shutdown(Unknown Source)
	at org.eclipse.lsp4e.LanguageServerWrapper.lambda$13(LanguageServerWrapper.java:423)
	... 7 more
Caused by: java.io.IOException: 파이프가 닫히는 중입니다
	at java.base/java.io.FileOutputStream.writeBytes(Native Method)
	at java.base/java.io.FileOutputStream.write(FileOutputStream.java:354)
	at java.base/java.io.BufferedOutputStream.flushBuffer(BufferedOutputStream.java:81)
	at java.base/java.io.BufferedOutputStream.flush(BufferedOutputStream.java:142)
	at org.eclipse.lsp4j.jsonrpc.json.StreamMessageConsumer.consume(StreamMessageConsumer.java:69)
	... 12 more

!ENTRY org.springframework.tooling.ls.eclipse.commons 1 0 2025-06-25 19:07:57.079
!MESSAGE Entering DelegatingStreamConnectionProvider()

!ENTRY org.eclipse.lsp4e 4 0 2025-06-25 19:07:57.079
!MESSAGE org.eclipse.lsp4j.jsonrpc.JsonRpcException: java.io.IOException: 파이프가 닫히는 중입니다
!STACK 0
java.util.concurrent.ExecutionException: org.eclipse.lsp4j.jsonrpc.JsonRpcException: java.io.IOException: 파이프가 닫히는 중입니다
	at java.base/java.util.concurrent.CompletableFuture.reportGet(CompletableFuture.java:395)
	at java.base/java.util.concurrent.CompletableFuture.get(CompletableFuture.java:2028)
	at org.eclipse.lsp4e.LanguageServerWrapper.lambda$13(LanguageServerWrapper.java:425)
	at java.base/java.util.concurrent.CompletableFuture$AsyncRun.run(CompletableFuture.java:1736)
	at java.base/java.util.concurrent.CompletableFuture$AsyncRun.exec(CompletableFuture.java:1728)
	at java.base/java.util.concurrent.ForkJoinTask.doExec(ForkJoinTask.java:290)
	at java.base/java.util.concurrent.ForkJoinPool$WorkQueue.topLevelExec(ForkJoinPool.java:1020)
	at java.base/java.util.concurrent.ForkJoinPool.scan(ForkJoinPool.java:1656)
	at java.base/java.util.concurrent.ForkJoinPool.runWorker(ForkJoinPool.java:1594)
	at java.base/java.util.concurrent.ForkJoinWorkerThread.run(ForkJoinWorkerThread.java:183)
Caused by: org.eclipse.lsp4j.jsonrpc.JsonRpcException: java.io.IOException: 파이프가 닫히는 중입니다
	at org.eclipse.lsp4j.jsonrpc.json.StreamMessageConsumer.consume(StreamMessageConsumer.java:72)
	at org.eclipse.lsp4e.LanguageServerWrapper.lambda$4(LanguageServerWrapper.java:260)
	at org.eclipse.lsp4j.jsonrpc.RemoteEndpoint.request(RemoteEndpoint.java:161)
	at org.eclipse.lsp4j.jsonrpc.services.EndpointProxy.invoke(EndpointProxy.java:91)
	at com.sun.proxy.$Proxy49.shutdown(Unknown Source)
	at org.eclipse.lsp4e.LanguageServerWrapper.lambda$13(LanguageServerWrapper.java:423)
	... 7 more
Caused by: java.io.IOException: 파이프가 닫히는 중입니다
	at java.base/java.io.FileOutputStream.writeBytes(Native Method)
	at java.base/java.io.FileOutputStream.write(FileOutputStream.java:354)
	at java.base/java.io.BufferedOutputStream.flushBuffer(BufferedOutputStream.java:81)
	at java.base/java.io.BufferedOutputStream.flush(BufferedOutputStream.java:142)
	at org.eclipse.lsp4j.jsonrpc.json.StreamMessageConsumer.consume(StreamMessageConsumer.java:69)
	... 12 more

!ENTRY org.springframework.tooling.ls.eclipse.commons 1 0 2025-06-25 19:07:57.079
!MESSAGE Entering DelegatingStreamConnectionProvider()

!ENTRY org.springframework.tooling.ls.eclipse.commons 1 0 2025-06-25 19:07:57.079
!MESSAGE SpringBootLanguageServer exists!

!ENTRY org.eclipse.lsp4e 4 0 2025-06-25 19:07:57.079
!MESSAGE org.eclipse.lsp4j.jsonrpc.JsonRpcException: java.io.IOException: 파이프가 닫히는 중입니다
!STACK 0
java.util.concurrent.ExecutionException: org.eclipse.lsp4j.jsonrpc.JsonRpcException: java.io.IOException: 파이프가 닫히는 중입니다
	at java.base/java.util.concurrent.CompletableFuture.reportGet(CompletableFuture.java:395)
	at java.base/java.util.concurrent.CompletableFuture.get(CompletableFuture.java:2028)
	at org.eclipse.lsp4e.LanguageServerWrapper.lambda$13(LanguageServerWrapper.java:425)
	at java.base/java.util.concurrent.CompletableFuture$AsyncRun.run(CompletableFuture.java:1736)
	at java.base/java.util.concurrent.CompletableFuture$AsyncRun.exec(CompletableFuture.java:1728)
	at java.base/java.util.concurrent.ForkJoinTask.doExec(ForkJoinTask.java:290)
	at java.base/java.util.concurrent.ForkJoinPool$WorkQueue.topLevelExec(ForkJoinPool.java:1020)
	at java.base/java.util.concurrent.ForkJoinPool.scan(ForkJoinPool.java:1656)
	at java.base/java.util.concurrent.ForkJoinPool.runWorker(ForkJoinPool.java:1594)
	at java.base/java.util.concurrent.ForkJoinWorkerThread.run(ForkJoinWorkerThread.java:183)
Caused by: org.eclipse.lsp4j.jsonrpc.JsonRpcException: java.io.IOException: 파이프가 닫히는 중입니다
	at org.eclipse.lsp4j.jsonrpc.json.StreamMessageConsumer.consume(StreamMessageConsumer.java:72)
	at org.eclipse.lsp4e.LanguageServerWrapper.lambda$4(LanguageServerWrapper.java:260)
	at org.eclipse.lsp4j.jsonrpc.RemoteEndpoint.request(RemoteEndpoint.java:161)
	at org.eclipse.lsp4j.jsonrpc.services.EndpointProxy.invoke(EndpointProxy.java:91)
	at com.sun.proxy.$Proxy49.shutdown(Unknown Source)
	at org.eclipse.lsp4e.LanguageServerWrapper.lambda$13(LanguageServerWrapper.java:423)
	... 7 more
Caused by: java.io.IOException: 파이프가 닫히는 중입니다
	at java.base/java.io.FileOutputStream.writeBytes(Native Method)
	at java.base/java.io.FileOutputStream.write(FileOutputStream.java:354)
	at java.base/java.io.BufferedOutputStream.flushBuffer(BufferedOutputStream.java:81)
	at java.base/java.io.BufferedOutputStream.flush(BufferedOutputStream.java:142)
	at org.eclipse.lsp4j.jsonrpc.json.StreamMessageConsumer.consume(StreamMessageConsumer.java:69)
	... 12 more

!ENTRY org.springframework.tooling.ls.eclipse.commons 1 0 2025-06-25 19:07:57.081
!MESSAGE Entering DelegatingStreamConnectionProvider()

!ENTRY org.springframework.tooling.ls.eclipse.commons 1 0 2025-06-25 19:07:57.081
!MESSAGE DelegatingStreamConnectionProvider classloader = org.eclipse.osgi.internal.loader.EquinoxClassLoader@500e5b3f[org.springframework.tooling.boot.ls:1.28.0.202109130547(id=1001)]

!ENTRY org.springframework.tooling.ls.eclipse.commons 1 0 2025-06-25 19:07:57.081
!MESSAGE SpringBootLanguageServer exists!

!ENTRY org.springframework.tooling.ls.eclipse.commons 1 0 2025-06-25 19:07:57.082
!MESSAGE DelegatingStreamConnectionProvider classloader = org.eclipse.osgi.internal.loader.EquinoxClassLoader@500e5b3f[org.springframework.tooling.boot.ls:1.28.0.202109130547(id=1001)]

!ENTRY org.eclipse.lsp4e 4 0 2025-06-25 19:07:57.082
!MESSAGE org.eclipse.lsp4j.jsonrpc.JsonRpcException: java.io.IOException: 파이프가 닫히는 중입니다
!STACK 0
java.util.concurrent.ExecutionException: org.eclipse.lsp4j.jsonrpc.JsonRpcException: java.io.IOException: 파이프가 닫히는 중입니다
	at java.base/java.util.concurrent.CompletableFuture.reportGet(CompletableFuture.java:395)
	at java.base/java.util.concurrent.CompletableFuture.get(CompletableFuture.java:2028)
	at org.eclipse.lsp4e.LanguageServerWrapper.lambda$13(LanguageServerWrapper.java:425)
	at java.base/java.util.concurrent.CompletableFuture$AsyncRun.run(CompletableFuture.java:1736)
	at java.base/java.util.concurrent.CompletableFuture$AsyncRun.exec(CompletableFuture.java:1728)
	at java.base/java.util.concurrent.ForkJoinTask.doExec(ForkJoinTask.java:290)
	at java.base/java.util.concurrent.ForkJoinPool$WorkQueue.topLevelExec(ForkJoinPool.java:1020)
	at java.base/java.util.concurrent.ForkJoinPool.scan(ForkJoinPool.java:1656)
	at java.base/java.util.concurrent.ForkJoinPool.runWorker(ForkJoinPool.java:1594)
	at java.base/java.util.concurrent.ForkJoinWorkerThread.run(ForkJoinWorkerThread.java:183)
Caused by: org.eclipse.lsp4j.jsonrpc.JsonRpcException: java.io.IOException: 파이프가 닫히는 중입니다
	at org.eclipse.lsp4j.jsonrpc.json.StreamMessageConsumer.consume(StreamMessageConsumer.java:72)
	at org.eclipse.lsp4e.LanguageServerWrapper.lambda$4(LanguageServerWrapper.java:260)
	at org.eclipse.lsp4j.jsonrpc.RemoteEndpoint.request(RemoteEndpoint.java:161)
	at org.eclipse.lsp4j.jsonrpc.services.EndpointProxy.invoke(EndpointProxy.java:91)
	at com.sun.proxy.$Proxy49.shutdown(Unknown Source)
	at org.eclipse.lsp4e.LanguageServerWrapper.lambda$13(LanguageServerWrapper.java:423)
	... 7 more
Caused by: java.io.IOException: 파이프가 닫히는 중입니다
	at java.base/java.io.FileOutputStream.writeBytes(Native Method)
	at java.base/java.io.FileOutputStream.write(FileOutputStream.java:354)
	at java.base/java.io.BufferedOutputStream.flushBuffer(BufferedOutputStream.java:81)
	at java.base/java.io.BufferedOutputStream.flush(BufferedOutputStream.java:142)
	at org.eclipse.lsp4j.jsonrpc.json.StreamMessageConsumer.consume(StreamMessageConsumer.java:69)
	... 12 more

!ENTRY org.eclipse.lsp4e 4 0 2025-06-25 19:07:57.082
!MESSAGE org.eclipse.lsp4j.jsonrpc.JsonRpcException: java.io.IOException: 파이프가 닫히는 중입니다
!STACK 0
java.util.concurrent.ExecutionException: org.eclipse.lsp4j.jsonrpc.JsonRpcException: java.io.IOException: 파이프가 닫히는 중입니다
	at java.base/java.util.concurrent.CompletableFuture.reportGet(CompletableFuture.java:395)
	at java.base/java.util.concurrent.CompletableFuture.get(CompletableFuture.java:2028)
	at org.eclipse.lsp4e.LanguageServerWrapper.lambda$13(LanguageServerWrapper.java:425)
	at java.base/java.util.concurrent.CompletableFuture$AsyncRun.run(CompletableFuture.java:1736)
	at java.base/java.util.concurrent.CompletableFuture$AsyncRun.exec(CompletableFuture.java:1728)
	at java.base/java.util.concurrent.ForkJoinTask.doExec(ForkJoinTask.java:290)
	at java.base/java.util.concurrent.ForkJoinPool$WorkQueue.topLevelExec(ForkJoinPool.java:1020)
	at java.base/java.util.concurrent.ForkJoinPool.scan(ForkJoinPool.java:1656)
	at java.base/java.util.concurrent.ForkJoinPool.runWorker(ForkJoinPool.java:1594)
	at java.base/java.util.concurrent.ForkJoinWorkerThread.run(ForkJoinWorkerThread.java:183)
Caused by: org.eclipse.lsp4j.jsonrpc.JsonRpcException: java.io.IOException: 파이프가 닫히는 중입니다
	at org.eclipse.lsp4j.jsonrpc.json.StreamMessageConsumer.consume(StreamMessageConsumer.java:72)
	at org.eclipse.lsp4e.LanguageServerWrapper.lambda$4(LanguageServerWrapper.java:260)
	at org.eclipse.lsp4j.jsonrpc.RemoteEndpoint.request(RemoteEndpoint.java:161)
	at org.eclipse.lsp4j.jsonrpc.services.EndpointProxy.invoke(EndpointProxy.java:91)
	at com.sun.proxy.$Proxy49.shutdown(Unknown Source)
	at org.eclipse.lsp4e.LanguageServerWrapper.lambda$13(LanguageServerWrapper.java:423)
	... 7 more
Caused by: java.io.IOException: 파이프가 닫히는 중입니다
	at java.base/java.io.FileOutputStream.writeBytes(Native Method)
	at java.base/java.io.FileOutputStream.write(FileOutputStream.java:354)
	at java.base/java.io.BufferedOutputStream.flushBuffer(BufferedOutputStream.java:81)
	at java.base/java.io.BufferedOutputStream.flush(BufferedOutputStream.java:142)
	at org.eclipse.lsp4j.jsonrpc.json.StreamMessageConsumer.consume(StreamMessageConsumer.java:69)
	... 12 more

!ENTRY org.springframework.tooling.ls.eclipse.commons 1 0 2025-06-25 19:07:57.083
!MESSAGE Entering DelegatingStreamConnectionProvider()

!ENTRY org.springframework.tooling.ls.eclipse.commons 1 0 2025-06-25 19:07:57.083
!MESSAGE DelegatingStreamConnectionProvider classloader = org.eclipse.osgi.internal.loader.EquinoxClassLoader@500e5b3f[org.springframework.tooling.boot.ls:1.28.0.202109130547(id=1001)]

!ENTRY org.springframework.tooling.ls.eclipse.commons 1 0 2025-06-25 19:07:57.083
!MESSAGE SpringBootLanguageServer exists!

!ENTRY org.springframework.tooling.ls.eclipse.commons 1 0 2025-06-25 19:07:57.084
!MESSAGE SpringBootLanguageServer exists!

!ENTRY org.eclipse.lsp4e 4 0 2025-06-25 19:07:57.084
!MESSAGE org.eclipse.lsp4j.jsonrpc.JsonRpcException: java.io.IOException: 파이프가 닫히는 중입니다
!STACK 0
java.util.concurrent.ExecutionException: org.eclipse.lsp4j.jsonrpc.JsonRpcException: java.io.IOException: 파이프가 닫히는 중입니다
	at java.base/java.util.concurrent.CompletableFuture.reportGet(CompletableFuture.java:395)
	at java.base/java.util.concurrent.CompletableFuture.get(CompletableFuture.java:2028)
	at org.eclipse.lsp4e.LanguageServerWrapper.lambda$13(LanguageServerWrapper.java:425)
	at java.base/java.util.concurrent.CompletableFuture$AsyncRun.run(CompletableFuture.java:1736)
	at java.base/java.util.concurrent.CompletableFuture$AsyncRun.exec(CompletableFuture.java:1728)
	at java.base/java.util.concurrent.ForkJoinTask.doExec(ForkJoinTask.java:290)
	at java.base/java.util.concurrent.ForkJoinPool$WorkQueue.topLevelExec(ForkJoinPool.java:1020)
	at java.base/java.util.concurrent.ForkJoinPool.scan(ForkJoinPool.java:1656)
	at java.base/java.util.concurrent.ForkJoinPool.runWorker(ForkJoinPool.java:1594)
	at java.base/java.util.concurrent.ForkJoinWorkerThread.run(ForkJoinWorkerThread.java:183)
Caused by: org.eclipse.lsp4j.jsonrpc.JsonRpcException: java.io.IOException: 파이프가 닫히는 중입니다
	at org.eclipse.lsp4j.jsonrpc.json.StreamMessageConsumer.consume(StreamMessageConsumer.java:72)
	at org.eclipse.lsp4e.LanguageServerWrapper.lambda$4(LanguageServerWrapper.java:260)
	at org.eclipse.lsp4j.jsonrpc.RemoteEndpoint.request(RemoteEndpoint.java:161)
	at org.eclipse.lsp4j.jsonrpc.services.EndpointProxy.invoke(EndpointProxy.java:91)
	at com.sun.proxy.$Proxy49.shutdown(Unknown Source)
	at org.eclipse.lsp4e.LanguageServerWrapper.lambda$13(LanguageServerWrapper.java:423)
	... 7 more
Caused by: java.io.IOException: 파이프가 닫히는 중입니다
	at java.base/java.io.FileOutputStream.writeBytes(Native Method)
	at java.base/java.io.FileOutputStream.write(FileOutputStream.java:354)
	at java.base/java.io.BufferedOutputStream.flushBuffer(BufferedOutputStream.java:81)
	at java.base/java.io.BufferedOutputStream.flush(BufferedOutputStream.java:142)
	at org.eclipse.lsp4j.jsonrpc.json.StreamMessageConsumer.consume(StreamMessageConsumer.java:69)
	... 12 more

!ENTRY org.springframework.tooling.ls.eclipse.commons 1 0 2025-06-25 19:07:57.084
!MESSAGE DelegatingStreamConnectionProvider classloader = org.eclipse.osgi.internal.loader.EquinoxClassLoader@500e5b3f[org.springframework.tooling.boot.ls:1.28.0.202109130547(id=1001)]

!ENTRY org.springframework.tooling.ls.eclipse.commons 1 0 2025-06-25 19:07:57.086
!MESSAGE Entering DelegatingStreamConnectionProvider()

!ENTRY org.springframework.tooling.ls.eclipse.commons 1 0 2025-06-25 19:07:57.086
!MESSAGE DelegatingStreamConnectionProvider classloader = org.eclipse.osgi.internal.loader.EquinoxClassLoader@500e5b3f[org.springframework.tooling.boot.ls:1.28.0.202109130547(id=1001)]

!ENTRY org.springframework.tooling.ls.eclipse.commons 1 0 2025-06-25 19:07:57.086
!MESSAGE SpringBootLanguageServer exists!

!ENTRY org.eclipse.lsp4e 4 0 2025-06-25 19:07:57.087
!MESSAGE org.eclipse.lsp4j.jsonrpc.JsonRpcException: java.io.IOException: 파이프가 닫히는 중입니다
!STACK 0
java.util.concurrent.ExecutionException: org.eclipse.lsp4j.jsonrpc.JsonRpcException: java.io.IOException: 파이프가 닫히는 중입니다
	at java.base/java.util.concurrent.CompletableFuture.reportGet(CompletableFuture.java:395)
	at java.base/java.util.concurrent.CompletableFuture.get(CompletableFuture.java:2028)
	at org.eclipse.lsp4e.LanguageServerWrapper.lambda$13(LanguageServerWrapper.java:425)
	at java.base/java.util.concurrent.CompletableFuture$AsyncRun.run(CompletableFuture.java:1736)
	at java.base/java.util.concurrent.CompletableFuture$AsyncRun.exec(CompletableFuture.java:1728)
	at java.base/java.util.concurrent.ForkJoinTask.doExec(ForkJoinTask.java:290)
	at java.base/java.util.concurrent.ForkJoinPool$WorkQueue.topLevelExec(ForkJoinPool.java:1020)
	at java.base/java.util.concurrent.ForkJoinPool.scan(ForkJoinPool.java:1656)
	at java.base/java.util.concurrent.ForkJoinPool.runWorker(ForkJoinPool.java:1594)
	at java.base/java.util.concurrent.ForkJoinWorkerThread.run(ForkJoinWorkerThread.java:183)
Caused by: org.eclipse.lsp4j.jsonrpc.JsonRpcException: java.io.IOException: 파이프가 닫히는 중입니다
	at org.eclipse.lsp4j.jsonrpc.json.StreamMessageConsumer.consume(StreamMessageConsumer.java:72)
	at org.eclipse.lsp4e.LanguageServerWrapper.lambda$4(LanguageServerWrapper.java:260)
	at org.eclipse.lsp4j.jsonrpc.RemoteEndpoint.request(RemoteEndpoint.java:161)
	at org.eclipse.lsp4j.jsonrpc.services.EndpointProxy.invoke(EndpointProxy.java:91)
	at com.sun.proxy.$Proxy49.shutdown(Unknown Source)
	at org.eclipse.lsp4e.LanguageServerWrapper.lambda$13(LanguageServerWrapper.java:423)
	... 7 more
Caused by: java.io.IOException: 파이프가 닫히는 중입니다
	at java.base/java.io.FileOutputStream.writeBytes(Native Method)
	at java.base/java.io.FileOutputStream.write(FileOutputStream.java:354)
	at java.base/java.io.BufferedOutputStream.flushBuffer(BufferedOutputStream.java:81)
	at java.base/java.io.BufferedOutputStream.flush(BufferedOutputStream.java:142)
	at org.eclipse.lsp4j.jsonrpc.json.StreamMessageConsumer.consume(StreamMessageConsumer.java:69)
	... 12 more

!ENTRY org.springframework.tooling.ls.eclipse.commons 1 0 2025-06-25 19:07:57.087
!MESSAGE SpringBootLanguageServer exists!

!ENTRY org.springframework.tooling.ls.eclipse.commons 1 0 2025-06-25 19:07:57.088
!MESSAGE Entering DelegatingStreamConnectionProvider()

!ENTRY org.springframework.tooling.ls.eclipse.commons 1 0 2025-06-25 19:07:57.089
!MESSAGE Entering DelegatingStreamConnectionProvider()

!ENTRY org.springframework.tooling.ls.eclipse.commons 1 0 2025-06-25 19:07:57.089
!MESSAGE DelegatingStreamConnectionProvider classloader = org.eclipse.osgi.internal.loader.EquinoxClassLoader@500e5b3f[org.springframework.tooling.boot.ls:1.28.0.202109130547(id=1001)]

!ENTRY org.springframework.tooling.ls.eclipse.commons 1 0 2025-06-25 19:07:57.089
!MESSAGE SpringBootLanguageServer exists!

!ENTRY org.springframework.tooling.ls.eclipse.commons 1 0 2025-06-25 19:07:57.091
!MESSAGE DelegatingStreamConnectionProvider classloader = org.eclipse.osgi.internal.loader.EquinoxClassLoader@500e5b3f[org.springframework.tooling.boot.ls:1.28.0.202109130547(id=1001)]

!ENTRY org.springframework.tooling.ls.eclipse.commons 1 0 2025-06-25 19:07:57.091
!MESSAGE DelegatingStreamConnectionProvider classloader = org.eclipse.osgi.internal.loader.EquinoxClassLoader@500e5b3f[org.springframework.tooling.boot.ls:1.28.0.202109130547(id=1001)]

!ENTRY org.springframework.tooling.ls.eclipse.commons 1 0 2025-06-25 19:07:57.091
!MESSAGE SpringBootLanguageServer exists!

!ENTRY org.eclipse.lsp4e 4 0 2025-06-25 19:07:57.091
!MESSAGE org.eclipse.lsp4j.jsonrpc.JsonRpcException: java.io.IOException: 파이프가 닫히는 중입니다
!STACK 0
java.util.concurrent.ExecutionException: org.eclipse.lsp4j.jsonrpc.JsonRpcException: java.io.IOException: 파이프가 닫히는 중입니다
	at java.base/java.util.concurrent.CompletableFuture.reportGet(CompletableFuture.java:395)
	at java.base/java.util.concurrent.CompletableFuture.get(CompletableFuture.java:2028)
	at org.eclipse.lsp4e.LanguageServerWrapper.lambda$13(LanguageServerWrapper.java:425)
	at java.base/java.util.concurrent.CompletableFuture$AsyncRun.run(CompletableFuture.java:1736)
	at java.base/java.util.concurrent.CompletableFuture$AsyncRun.exec(CompletableFuture.java:1728)
	at java.base/java.util.concurrent.ForkJoinTask.doExec(ForkJoinTask.java:290)
	at java.base/java.util.concurrent.ForkJoinPool$WorkQueue.topLevelExec(ForkJoinPool.java:1020)
	at java.base/java.util.concurrent.ForkJoinPool.scan(ForkJoinPool.java:1656)
	at java.base/java.util.concurrent.ForkJoinPool.runWorker(ForkJoinPool.java:1594)
	at java.base/java.util.concurrent.ForkJoinWorkerThread.run(ForkJoinWorkerThread.java:183)
Caused by: org.eclipse.lsp4j.jsonrpc.JsonRpcException: java.io.IOException: 파이프가 닫히는 중입니다
	at org.eclipse.lsp4j.jsonrpc.json.StreamMessageConsumer.consume(StreamMessageConsumer.java:72)
	at org.eclipse.lsp4e.LanguageServerWrapper.lambda$4(LanguageServerWrapper.java:260)
	at org.eclipse.lsp4j.jsonrpc.RemoteEndpoint.request(RemoteEndpoint.java:161)
	at org.eclipse.lsp4j.jsonrpc.services.EndpointProxy.invoke(EndpointProxy.java:91)
	at com.sun.proxy.$Proxy49.shutdown(Unknown Source)
	at org.eclipse.lsp4e.LanguageServerWrapper.lambda$13(LanguageServerWrapper.java:423)
	... 7 more
Caused by: java.io.IOException: 파이프가 닫히는 중입니다
	at java.base/java.io.FileOutputStream.writeBytes(Native Method)
	at java.base/java.io.FileOutputStream.write(FileOutputStream.java:354)
	at java.base/java.io.BufferedOutputStream.flushBuffer(BufferedOutputStream.java:81)
	at java.base/java.io.BufferedOutputStream.flush(BufferedOutputStream.java:142)
	at org.eclipse.lsp4j.jsonrpc.json.StreamMessageConsumer.consume(StreamMessageConsumer.java:69)
	... 12 more

!ENTRY org.springframework.tooling.ls.eclipse.commons 1 0 2025-06-25 19:07:57.092
!MESSAGE SpringBootLanguageServer exists!

!ENTRY org.springframework.tooling.ls.eclipse.commons 1 0 2025-06-25 19:07:57.092
!MESSAGE Entering DelegatingStreamConnectionProvider()

!ENTRY org.eclipse.lsp4e 4 0 2025-06-25 19:07:57.092
!MESSAGE org.eclipse.lsp4j.jsonrpc.JsonRpcException: java.io.IOException: 파이프가 닫히는 중입니다
!STACK 0
java.util.concurrent.ExecutionException: org.eclipse.lsp4j.jsonrpc.JsonRpcException: java.io.IOException: 파이프가 닫히는 중입니다
	at java.base/java.util.concurrent.CompletableFuture.reportGet(CompletableFuture.java:395)
	at java.base/java.util.concurrent.CompletableFuture.get(CompletableFuture.java:2028)
	at org.eclipse.lsp4e.LanguageServerWrapper.lambda$13(LanguageServerWrapper.java:425)
	at java.base/java.util.concurrent.CompletableFuture$AsyncRun.run(CompletableFuture.java:1736)
	at java.base/java.util.concurrent.CompletableFuture$AsyncRun.exec(CompletableFuture.java:1728)
	at java.base/java.util.concurrent.ForkJoinTask.doExec(ForkJoinTask.java:290)
	at java.base/java.util.concurrent.ForkJoinPool$WorkQueue.topLevelExec(ForkJoinPool.java:1020)
	at java.base/java.util.concurrent.ForkJoinPool.scan(ForkJoinPool.java:1656)
	at java.base/java.util.concurrent.ForkJoinPool.runWorker(ForkJoinPool.java:1594)
	at java.base/java.util.concurrent.ForkJoinWorkerThread.run(ForkJoinWorkerThread.java:183)
Caused by: org.eclipse.lsp4j.jsonrpc.JsonRpcException: java.io.IOException: 파이프가 닫히는 중입니다
	at org.eclipse.lsp4j.jsonrpc.json.StreamMessageConsumer.consume(StreamMessageConsumer.java:72)
	at org.eclipse.lsp4e.LanguageServerWrapper.lambda$4(LanguageServerWrapper.java:260)
	at org.eclipse.lsp4j.jsonrpc.RemoteEndpoint.request(RemoteEndpoint.java:161)
	at org.eclipse.lsp4j.jsonrpc.services.EndpointProxy.invoke(EndpointProxy.java:91)
	at com.sun.proxy.$Proxy49.shutdown(Unknown Source)
	at org.eclipse.lsp4e.LanguageServerWrapper.lambda$13(LanguageServerWrapper.java:423)
	... 7 more
Caused by: java.io.IOException: 파이프가 닫히는 중입니다
	at java.base/java.io.FileOutputStream.writeBytes(Native Method)
	at java.base/java.io.FileOutputStream.write(FileOutputStream.java:354)
	at java.base/java.io.BufferedOutputStream.flushBuffer(BufferedOutputStream.java:81)
	at java.base/java.io.BufferedOutputStream.flush(BufferedOutputStream.java:142)
	at org.eclipse.lsp4j.jsonrpc.json.StreamMessageConsumer.consume(StreamMessageConsumer.java:69)
	... 12 more

!ENTRY org.springframework.tooling.ls.eclipse.commons 1 0 2025-06-25 19:07:57.092
!MESSAGE DelegatingStreamConnectionProvider classloader = org.eclipse.osgi.internal.loader.EquinoxClassLoader@500e5b3f[org.springframework.tooling.boot.ls:1.28.0.202109130547(id=1001)]

!ENTRY org.springframework.tooling.ls.eclipse.commons 1 0 2025-06-25 19:07:57.093
!MESSAGE SpringBootLanguageServer exists!

!ENTRY org.eclipse.lsp4e 4 0 2025-06-25 19:07:57.093
!MESSAGE org.eclipse.lsp4j.jsonrpc.JsonRpcException: java.io.IOException: 파이프가 닫히는 중입니다
!STACK 0
java.util.concurrent.ExecutionException: org.eclipse.lsp4j.jsonrpc.JsonRpcException: java.io.IOException: 파이프가 닫히는 중입니다
	at java.base/java.util.concurrent.CompletableFuture.reportGet(CompletableFuture.java:395)
	at java.base/java.util.concurrent.CompletableFuture.get(CompletableFuture.java:2028)
	at org.eclipse.lsp4e.LanguageServerWrapper.lambda$13(LanguageServerWrapper.java:425)
	at java.base/java.util.concurrent.CompletableFuture$AsyncRun.run(CompletableFuture.java:1736)
	at java.base/java.util.concurrent.CompletableFuture$AsyncRun.exec(CompletableFuture.java:1728)
	at java.base/java.util.concurrent.ForkJoinTask.doExec(ForkJoinTask.java:290)
	at java.base/java.util.concurrent.ForkJoinPool$WorkQueue.topLevelExec(ForkJoinPool.java:1020)
	at java.base/java.util.concurrent.ForkJoinPool.scan(ForkJoinPool.java:1656)
	at java.base/java.util.concurrent.ForkJoinPool.runWorker(ForkJoinPool.java:1594)
	at java.base/java.util.concurrent.ForkJoinWorkerThread.run(ForkJoinWorkerThread.java:183)
Caused by: org.eclipse.lsp4j.jsonrpc.JsonRpcException: java.io.IOException: 파이프가 닫히는 중입니다
	at org.eclipse.lsp4j.jsonrpc.json.StreamMessageConsumer.consume(StreamMessageConsumer.java:72)
	at org.eclipse.lsp4e.LanguageServerWrapper.lambda$4(LanguageServerWrapper.java:260)
	at org.eclipse.lsp4j.jsonrpc.RemoteEndpoint.request(RemoteEndpoint.java:161)
	at org.eclipse.lsp4j.jsonrpc.services.EndpointProxy.invoke(EndpointProxy.java:91)
	at com.sun.proxy.$Proxy49.shutdown(Unknown Source)
	at org.eclipse.lsp4e.LanguageServerWrapper.lambda$13(LanguageServerWrapper.java:423)
	... 7 more
Caused by: java.io.IOException: 파이프가 닫히는 중입니다
	at java.base/java.io.FileOutputStream.writeBytes(Native Method)
	at java.base/java.io.FileOutputStream.write(FileOutputStream.java:354)
	at java.base/java.io.BufferedOutputStream.flushBuffer(BufferedOutputStream.java:81)
	at java.base/java.io.BufferedOutputStream.flush(BufferedOutputStream.java:142)
	at org.eclipse.lsp4j.jsonrpc.json.StreamMessageConsumer.consume(StreamMessageConsumer.java:69)
	... 12 more

!ENTRY org.springframework.tooling.ls.eclipse.commons 1 0 2025-06-25 19:07:57.094
!MESSAGE SpringBootLanguageServer exists!

!ENTRY org.eclipse.lsp4e 4 0 2025-06-25 19:07:57.095
!MESSAGE org.eclipse.lsp4j.jsonrpc.JsonRpcException: java.io.IOException: 파이프가 닫히는 중입니다
!STACK 0
java.util.concurrent.ExecutionException: org.eclipse.lsp4j.jsonrpc.JsonRpcException: java.io.IOException: 파이프가 닫히는 중입니다
	at java.base/java.util.concurrent.CompletableFuture.reportGet(CompletableFuture.java:395)
	at java.base/java.util.concurrent.CompletableFuture.get(CompletableFuture.java:2028)
	at org.eclipse.lsp4e.LanguageServerWrapper.lambda$13(LanguageServerWrapper.java:425)
	at java.base/java.util.concurrent.CompletableFuture$AsyncRun.run(CompletableFuture.java:1736)
	at java.base/java.util.concurrent.CompletableFuture$AsyncRun.exec(CompletableFuture.java:1728)
	at java.base/java.util.concurrent.ForkJoinTask.doExec(ForkJoinTask.java:290)
	at java.base/java.util.concurrent.ForkJoinPool$WorkQueue.topLevelExec(ForkJoinPool.java:1020)
	at java.base/java.util.concurrent.ForkJoinPool.scan(ForkJoinPool.java:1656)
	at java.base/java.util.concurrent.ForkJoinPool.runWorker(ForkJoinPool.java:1594)
	at java.base/java.util.concurrent.ForkJoinWorkerThread.run(ForkJoinWorkerThread.java:183)
Caused by: org.eclipse.lsp4j.jsonrpc.JsonRpcException: java.io.IOException: 파이프가 닫히는 중입니다
	at org.eclipse.lsp4j.jsonrpc.json.StreamMessageConsumer.consume(StreamMessageConsumer.java:72)
	at org.eclipse.lsp4e.LanguageServerWrapper.lambda$4(LanguageServerWrapper.java:260)
	at org.eclipse.lsp4j.jsonrpc.RemoteEndpoint.request(RemoteEndpoint.java:161)
	at org.eclipse.lsp4j.jsonrpc.services.EndpointProxy.invoke(EndpointProxy.java:91)
	at com.sun.proxy.$Proxy49.shutdown(Unknown Source)
	at org.eclipse.lsp4e.LanguageServerWrapper.lambda$13(LanguageServerWrapper.java:423)
	... 7 more
Caused by: java.io.IOException: 파이프가 닫히는 중입니다
	at java.base/java.io.FileOutputStream.writeBytes(Native Method)
	at java.base/java.io.FileOutputStream.write(FileOutputStream.java:354)
	at java.base/java.io.BufferedOutputStream.flushBuffer(BufferedOutputStream.java:81)
	at java.base/java.io.BufferedOutputStream.flush(BufferedOutputStream.java:142)
	at org.eclipse.lsp4j.jsonrpc.json.StreamMessageConsumer.consume(StreamMessageConsumer.java:69)
	... 12 more

!ENTRY org.springframework.tooling.ls.eclipse.commons 1 0 2025-06-25 19:07:57.097
!MESSAGE Entering DelegatingStreamConnectionProvider()

!ENTRY org.springframework.tooling.ls.eclipse.commons 1 0 2025-06-25 19:07:57.097
!MESSAGE DelegatingStreamConnectionProvider classloader = org.eclipse.osgi.internal.loader.EquinoxClassLoader@500e5b3f[org.springframework.tooling.boot.ls:1.28.0.202109130547(id=1001)]

!ENTRY org.springframework.tooling.ls.eclipse.commons 1 0 2025-06-25 19:07:57.098
!MESSAGE SpringBootLanguageServer exists!

!ENTRY org.eclipse.lsp4e 4 0 2025-06-25 19:07:57.099
!MESSAGE org.eclipse.lsp4j.jsonrpc.JsonRpcException: java.io.IOException: 파이프가 닫히는 중입니다
!STACK 0
java.util.concurrent.ExecutionException: org.eclipse.lsp4j.jsonrpc.JsonRpcException: java.io.IOException: 파이프가 닫히는 중입니다
	at java.base/java.util.concurrent.CompletableFuture.reportGet(CompletableFuture.java:395)
	at java.base/java.util.concurrent.CompletableFuture.get(CompletableFuture.java:2028)
	at org.eclipse.lsp4e.LanguageServerWrapper.lambda$13(LanguageServerWrapper.java:425)
	at java.base/java.util.concurrent.CompletableFuture$AsyncRun.run(CompletableFuture.java:1736)
	at java.base/java.util.concurrent.CompletableFuture$AsyncRun.exec(CompletableFuture.java:1728)
	at java.base/java.util.concurrent.ForkJoinTask.doExec(ForkJoinTask.java:290)
	at java.base/java.util.concurrent.ForkJoinPool$WorkQueue.topLevelExec(ForkJoinPool.java:1020)
	at java.base/java.util.concurrent.ForkJoinPool.scan(ForkJoinPool.java:1656)
	at java.base/java.util.concurrent.ForkJoinPool.runWorker(ForkJoinPool.java:1594)
	at java.base/java.util.concurrent.ForkJoinWorkerThread.run(ForkJoinWorkerThread.java:183)
Caused by: org.eclipse.lsp4j.jsonrpc.JsonRpcException: java.io.IOException: 파이프가 닫히는 중입니다
	at org.eclipse.lsp4j.jsonrpc.json.StreamMessageConsumer.consume(StreamMessageConsumer.java:72)
	at org.eclipse.lsp4e.LanguageServerWrapper.lambda$4(LanguageServerWrapper.java:260)
	at org.eclipse.lsp4j.jsonrpc.RemoteEndpoint.request(RemoteEndpoint.java:161)
	at org.eclipse.lsp4j.jsonrpc.services.EndpointProxy.invoke(EndpointProxy.java:91)
	at com.sun.proxy.$Proxy49.shutdown(Unknown Source)
	at org.eclipse.lsp4e.LanguageServerWrapper.lambda$13(LanguageServerWrapper.java:423)
	... 7 more
Caused by: java.io.IOException: 파이프가 닫히는 중입니다
	at java.base/java.io.FileOutputStream.writeBytes(Native Method)
	at java.base/java.io.FileOutputStream.write(FileOutputStream.java:354)
	at java.base/java.io.BufferedOutputStream.flushBuffer(BufferedOutputStream.java:81)
	at java.base/java.io.BufferedOutputStream.flush(BufferedOutputStream.java:142)
	at org.eclipse.lsp4j.jsonrpc.json.StreamMessageConsumer.consume(StreamMessageConsumer.java:69)
	... 12 more

!ENTRY org.springframework.tooling.ls.eclipse.commons 1 0 2025-06-25 19:07:57.100
!MESSAGE Entering DelegatingStreamConnectionProvider()

!ENTRY org.springframework.tooling.ls.eclipse.commons 1 0 2025-06-25 19:07:57.101
!MESSAGE DelegatingStreamConnectionProvider classloader = org.eclipse.osgi.internal.loader.EquinoxClassLoader@500e5b3f[org.springframework.tooling.boot.ls:1.28.0.202109130547(id=1001)]

!ENTRY org.springframework.tooling.ls.eclipse.commons 1 0 2025-06-25 19:07:57.101
!MESSAGE SpringBootLanguageServer exists!

!ENTRY org.springframework.tooling.ls.eclipse.commons 1 0 2025-06-25 19:07:57.101
!MESSAGE Entering DelegatingStreamConnectionProvider()

!ENTRY org.springframework.tooling.ls.eclipse.commons 1 0 2025-06-25 19:07:57.102
!MESSAGE DelegatingStreamConnectionProvider classloader = org.eclipse.osgi.internal.loader.EquinoxClassLoader@500e5b3f[org.springframework.tooling.boot.ls:1.28.0.202109130547(id=1001)]

!ENTRY org.springframework.tooling.ls.eclipse.commons 1 0 2025-06-25 19:07:57.102
!MESSAGE SpringBootLanguageServer exists!

!ENTRY org.eclipse.lsp4e 4 0 2025-06-25 19:07:57.103
!MESSAGE org.eclipse.lsp4j.jsonrpc.JsonRpcException: java.io.IOException: 파이프가 닫히는 중입니다
!STACK 0
java.util.concurrent.ExecutionException: org.eclipse.lsp4j.jsonrpc.JsonRpcException: java.io.IOException: 파이프가 닫히는 중입니다
	at java.base/java.util.concurrent.CompletableFuture.reportGet(CompletableFuture.java:395)
	at java.base/java.util.concurrent.CompletableFuture.get(CompletableFuture.java:2028)
	at org.eclipse.lsp4e.LanguageServerWrapper.lambda$13(LanguageServerWrapper.java:425)
	at java.base/java.util.concurrent.CompletableFuture$AsyncRun.run(CompletableFuture.java:1736)
	at java.base/java.util.concurrent.CompletableFuture$AsyncRun.exec(CompletableFuture.java:1728)
	at java.base/java.util.concurrent.ForkJoinTask.doExec(ForkJoinTask.java:290)
	at java.base/java.util.concurrent.ForkJoinPool$WorkQueue.topLevelExec(ForkJoinPool.java:1020)
	at java.base/java.util.concurrent.ForkJoinPool.scan(ForkJoinPool.java:1656)
	at java.base/java.util.concurrent.ForkJoinPool.runWorker(ForkJoinPool.java:1594)
	at java.base/java.util.concurrent.ForkJoinWorkerThread.run(ForkJoinWorkerThread.java:183)
Caused by: org.eclipse.lsp4j.jsonrpc.JsonRpcException: java.io.IOException: 파이프가 닫히는 중입니다
	at org.eclipse.lsp4j.jsonrpc.json.StreamMessageConsumer.consume(StreamMessageConsumer.java:72)
	at org.eclipse.lsp4e.LanguageServerWrapper.lambda$4(LanguageServerWrapper.java:260)
	at org.eclipse.lsp4j.jsonrpc.RemoteEndpoint.request(RemoteEndpoint.java:161)
	at org.eclipse.lsp4j.jsonrpc.services.EndpointProxy.invoke(EndpointProxy.java:91)
	at com.sun.proxy.$Proxy49.shutdown(Unknown Source)
	at org.eclipse.lsp4e.LanguageServerWrapper.lambda$13(LanguageServerWrapper.java:423)
	... 7 more
Caused by: java.io.IOException: 파이프가 닫히는 중입니다
	at java.base/java.io.FileOutputStream.writeBytes(Native Method)
	at java.base/java.io.FileOutputStream.write(FileOutputStream.java:354)
	at java.base/java.io.BufferedOutputStream.flushBuffer(BufferedOutputStream.java:81)
	at java.base/java.io.BufferedOutputStream.flush(BufferedOutputStream.java:142)
	at org.eclipse.lsp4j.jsonrpc.json.StreamMessageConsumer.consume(StreamMessageConsumer.java:69)
	... 12 more

!ENTRY org.eclipse.lsp4e 4 0 2025-06-25 19:07:57.103
!MESSAGE org.eclipse.lsp4j.jsonrpc.JsonRpcException: java.io.IOException: 파이프가 닫히는 중입니다
!STACK 0
java.util.concurrent.ExecutionException: org.eclipse.lsp4j.jsonrpc.JsonRpcException: java.io.IOException: 파이프가 닫히는 중입니다
	at java.base/java.util.concurrent.CompletableFuture.reportGet(CompletableFuture.java:395)
	at java.base/java.util.concurrent.CompletableFuture.get(CompletableFuture.java:2028)
	at org.eclipse.lsp4e.LanguageServerWrapper.lambda$13(LanguageServerWrapper.java:425)
	at java.base/java.util.concurrent.CompletableFuture$AsyncRun.run(CompletableFuture.java:1736)
	at java.base/java.util.concurrent.CompletableFuture$AsyncRun.exec(CompletableFuture.java:1728)
	at java.base/java.util.concurrent.ForkJoinTask.doExec(ForkJoinTask.java:290)
	at java.base/java.util.concurrent.ForkJoinPool$WorkQueue.topLevelExec(ForkJoinPool.java:1020)
	at java.base/java.util.concurrent.ForkJoinPool.scan(ForkJoinPool.java:1656)
	at java.base/java.util.concurrent.ForkJoinPool.runWorker(ForkJoinPool.java:1594)
	at java.base/java.util.concurrent.ForkJoinWorkerThread.run(ForkJoinWorkerThread.java:183)
Caused by: org.eclipse.lsp4j.jsonrpc.JsonRpcException: java.io.IOException: 파이프가 닫히는 중입니다
	at org.eclipse.lsp4j.jsonrpc.json.StreamMessageConsumer.consume(StreamMessageConsumer.java:72)
	at org.eclipse.lsp4e.LanguageServerWrapper.lambda$4(LanguageServerWrapper.java:260)
	at org.eclipse.lsp4j.jsonrpc.RemoteEndpoint.request(RemoteEndpoint.java:161)
	at org.eclipse.lsp4j.jsonrpc.services.EndpointProxy.invoke(EndpointProxy.java:91)
	at com.sun.proxy.$Proxy49.shutdown(Unknown Source)
	at org.eclipse.lsp4e.LanguageServerWrapper.lambda$13(LanguageServerWrapper.java:423)
	... 7 more
Caused by: java.io.IOException: 파이프가 닫히는 중입니다
	at java.base/java.io.FileOutputStream.writeBytes(Native Method)
	at java.base/java.io.FileOutputStream.write(FileOutputStream.java:354)
	at java.base/java.io.BufferedOutputStream.flushBuffer(BufferedOutputStream.java:81)
	at java.base/java.io.BufferedOutputStream.flush(BufferedOutputStream.java:142)
	at org.eclipse.lsp4j.jsonrpc.json.StreamMessageConsumer.consume(StreamMessageConsumer.java:69)
	... 12 more

!ENTRY org.springframework.tooling.ls.eclipse.commons 1 0 2025-06-25 19:07:57.105
!MESSAGE Entering DelegatingStreamConnectionProvider()

!ENTRY org.springframework.tooling.ls.eclipse.commons 1 0 2025-06-25 19:07:57.105
!MESSAGE DelegatingStreamConnectionProvider classloader = org.eclipse.osgi.internal.loader.EquinoxClassLoader@500e5b3f[org.springframework.tooling.boot.ls:1.28.0.202109130547(id=1001)]

!ENTRY org.springframework.tooling.ls.eclipse.commons 1 0 2025-06-25 19:07:57.105
!MESSAGE SpringBootLanguageServer exists!

!ENTRY org.eclipse.lsp4e 4 0 2025-06-25 19:07:57.105
!MESSAGE org.eclipse.lsp4j.jsonrpc.JsonRpcException: java.io.IOException: 파이프가 닫히는 중입니다
!STACK 0
java.util.concurrent.ExecutionException: org.eclipse.lsp4j.jsonrpc.JsonRpcException: java.io.IOException: 파이프가 닫히는 중입니다
	at java.base/java.util.concurrent.CompletableFuture.reportGet(CompletableFuture.java:395)
	at java.base/java.util.concurrent.CompletableFuture.get(CompletableFuture.java:2028)
	at org.eclipse.lsp4e.LanguageServerWrapper.lambda$13(LanguageServerWrapper.java:425)
	at java.base/java.util.concurrent.CompletableFuture$AsyncRun.run(CompletableFuture.java:1736)
	at java.base/java.util.concurrent.CompletableFuture$AsyncRun.exec(CompletableFuture.java:1728)
	at java.base/java.util.concurrent.ForkJoinTask.doExec(ForkJoinTask.java:290)
	at java.base/java.util.concurrent.ForkJoinPool$WorkQueue.topLevelExec(ForkJoinPool.java:1020)
	at java.base/java.util.concurrent.ForkJoinPool.scan(ForkJoinPool.java:1656)
	at java.base/java.util.concurrent.ForkJoinPool.runWorker(ForkJoinPool.java:1594)
	at java.base/java.util.concurrent.ForkJoinWorkerThread.run(ForkJoinWorkerThread.java:183)
Caused by: org.eclipse.lsp4j.jsonrpc.JsonRpcException: java.io.IOException: 파이프가 닫히는 중입니다
	at org.eclipse.lsp4j.jsonrpc.json.StreamMessageConsumer.consume(StreamMessageConsumer.java:72)
	at org.eclipse.lsp4e.LanguageServerWrapper.lambda$4(LanguageServerWrapper.java:260)
	at org.eclipse.lsp4j.jsonrpc.RemoteEndpoint.request(RemoteEndpoint.java:161)
	at org.eclipse.lsp4j.jsonrpc.services.EndpointProxy.invoke(EndpointProxy.java:91)
	at com.sun.proxy.$Proxy49.shutdown(Unknown Source)
	at org.eclipse.lsp4e.LanguageServerWrapper.lambda$13(LanguageServerWrapper.java:423)
	... 7 more
Caused by: java.io.IOException: 파이프가 닫히는 중입니다
	at java.base/java.io.FileOutputStream.writeBytes(Native Method)
	at java.base/java.io.FileOutputStream.write(FileOutputStream.java:354)
	at java.base/java.io.BufferedOutputStream.flushBuffer(BufferedOutputStream.java:81)
	at java.base/java.io.BufferedOutputStream.flush(BufferedOutputStream.java:142)
	at org.eclipse.lsp4j.jsonrpc.json.StreamMessageConsumer.consume(StreamMessageConsumer.java:69)
	... 12 more

!ENTRY org.eclipse.lsp4e 4 0 2025-06-25 19:07:57.106
!MESSAGE org.eclipse.lsp4j.jsonrpc.JsonRpcException: java.io.IOException: 파이프가 닫히는 중입니다
!STACK 0
java.util.concurrent.ExecutionException: org.eclipse.lsp4j.jsonrpc.JsonRpcException: java.io.IOException: 파이프가 닫히는 중입니다
	at java.base/java.util.concurrent.CompletableFuture.reportGet(CompletableFuture.java:395)
	at java.base/java.util.concurrent.CompletableFuture.get(CompletableFuture.java:2028)
	at org.eclipse.lsp4e.LanguageServerWrapper.lambda$13(LanguageServerWrapper.java:425)
	at java.base/java.util.concurrent.CompletableFuture$AsyncRun.run(CompletableFuture.java:1736)
	at java.base/java.util.concurrent.CompletableFuture$AsyncRun.exec(CompletableFuture.java:1728)
	at java.base/java.util.concurrent.ForkJoinTask.doExec(ForkJoinTask.java:290)
	at java.base/java.util.concurrent.ForkJoinPool$WorkQueue.topLevelExec(ForkJoinPool.java:1020)
	at java.base/java.util.concurrent.ForkJoinPool.scan(ForkJoinPool.java:1656)
	at java.base/java.util.concurrent.ForkJoinPool.runWorker(ForkJoinPool.java:1594)
	at java.base/java.util.concurrent.ForkJoinWorkerThread.run(ForkJoinWorkerThread.java:183)
Caused by: org.eclipse.lsp4j.jsonrpc.JsonRpcException: java.io.IOException: 파이프가 닫히는 중입니다
	at org.eclipse.lsp4j.jsonrpc.json.StreamMessageConsumer.consume(StreamMessageConsumer.java:72)
	at org.eclipse.lsp4e.LanguageServerWrapper.lambda$4(LanguageServerWrapper.java:260)
	at org.eclipse.lsp4j.jsonrpc.RemoteEndpoint.request(RemoteEndpoint.java:161)
	at org.eclipse.lsp4j.jsonrpc.services.EndpointProxy.invoke(EndpointProxy.java:91)
	at com.sun.proxy.$Proxy49.shutdown(Unknown Source)
	at org.eclipse.lsp4e.LanguageServerWrapper.lambda$13(LanguageServerWrapper.java:423)
	... 7 more
Caused by: java.io.IOException: 파이프가 닫히는 중입니다
	at java.base/java.io.FileOutputStream.writeBytes(Native Method)
	at java.base/java.io.FileOutputStream.write(FileOutputStream.java:354)
	at java.base/java.io.BufferedOutputStream.flushBuffer(BufferedOutputStream.java:81)
	at java.base/java.io.BufferedOutputStream.flush(BufferedOutputStream.java:142)
	at org.eclipse.lsp4j.jsonrpc.json.StreamMessageConsumer.consume(StreamMessageConsumer.java:69)
	... 12 more

!ENTRY org.springframework.tooling.ls.eclipse.commons 1 0 2025-06-25 19:07:57.107
!MESSAGE Entering DelegatingStreamConnectionProvider()

!ENTRY org.springframework.tooling.ls.eclipse.commons 1 0 2025-06-25 19:07:57.107
!MESSAGE Entering DelegatingStreamConnectionProvider()

!ENTRY org.eclipse.lsp4e 4 0 2025-06-25 19:07:57.107
!MESSAGE org.eclipse.lsp4j.jsonrpc.JsonRpcException: java.io.IOException: 파이프가 닫히는 중입니다
!STACK 0
java.util.concurrent.ExecutionException: org.eclipse.lsp4j.jsonrpc.JsonRpcException: java.io.IOException: 파이프가 닫히는 중입니다
	at java.base/java.util.concurrent.CompletableFuture.reportGet(CompletableFuture.java:395)
	at java.base/java.util.concurrent.CompletableFuture.get(CompletableFuture.java:2028)
	at org.eclipse.lsp4e.LanguageServerWrapper.lambda$13(LanguageServerWrapper.java:425)
	at java.base/java.util.concurrent.CompletableFuture$AsyncRun.run(CompletableFuture.java:1736)
	at java.base/java.util.concurrent.CompletableFuture$AsyncRun.exec(CompletableFuture.java:1728)
	at java.base/java.util.concurrent.ForkJoinTask.doExec(ForkJoinTask.java:290)
	at java.base/java.util.concurrent.ForkJoinPool$WorkQueue.topLevelExec(ForkJoinPool.java:1020)
	at java.base/java.util.concurrent.ForkJoinPool.scan(ForkJoinPool.java:1656)
	at java.base/java.util.concurrent.ForkJoinPool.runWorker(ForkJoinPool.java:1594)
	at java.base/java.util.concurrent.ForkJoinWorkerThread.run(ForkJoinWorkerThread.java:183)
Caused by: org.eclipse.lsp4j.jsonrpc.JsonRpcException: java.io.IOException: 파이프가 닫히는 중입니다
	at org.eclipse.lsp4j.jsonrpc.json.StreamMessageConsumer.consume(StreamMessageConsumer.java:72)
	at org.eclipse.lsp4e.LanguageServerWrapper.lambda$4(LanguageServerWrapper.java:260)
	at org.eclipse.lsp4j.jsonrpc.RemoteEndpoint.request(RemoteEndpoint.java:161)
	at org.eclipse.lsp4j.jsonrpc.services.EndpointProxy.invoke(EndpointProxy.java:91)
	at com.sun.proxy.$Proxy49.shutdown(Unknown Source)
	at org.eclipse.lsp4e.LanguageServerWrapper.lambda$13(LanguageServerWrapper.java:423)
	... 7 more
Caused by: java.io.IOException: 파이프가 닫히는 중입니다
	at java.base/java.io.FileOutputStream.writeBytes(Native Method)
	at java.base/java.io.FileOutputStream.write(FileOutputStream.java:354)
	at java.base/java.io.BufferedOutputStream.flushBuffer(BufferedOutputStream.java:81)
	at java.base/java.io.BufferedOutputStream.flush(BufferedOutputStream.java:142)
	at org.eclipse.lsp4j.jsonrpc.json.StreamMessageConsumer.consume(StreamMessageConsumer.java:69)
	... 12 more

!ENTRY org.springframework.tooling.ls.eclipse.commons 1 0 2025-06-25 19:07:57.107
!MESSAGE DelegatingStreamConnectionProvider classloader = org.eclipse.osgi.internal.loader.EquinoxClassLoader@500e5b3f[org.springframework.tooling.boot.ls:1.28.0.202109130547(id=1001)]

!ENTRY org.eclipse.lsp4e 4 0 2025-06-25 19:07:57.108
!MESSAGE org.eclipse.lsp4j.jsonrpc.JsonRpcException: java.io.IOException: 파이프가 닫히는 중입니다
!STACK 0
java.util.concurrent.ExecutionException: org.eclipse.lsp4j.jsonrpc.JsonRpcException: java.io.IOException: 파이프가 닫히는 중입니다
	at java.base/java.util.concurrent.CompletableFuture.reportGet(CompletableFuture.java:395)
	at java.base/java.util.concurrent.CompletableFuture.get(CompletableFuture.java:2028)
	at org.eclipse.lsp4e.LanguageServerWrapper.lambda$13(LanguageServerWrapper.java:425)
	at java.base/java.util.concurrent.CompletableFuture$AsyncRun.run(CompletableFuture.java:1736)
	at java.base/java.util.concurrent.CompletableFuture$AsyncRun.exec(CompletableFuture.java:1728)
	at java.base/java.util.concurrent.ForkJoinTask.doExec(ForkJoinTask.java:290)
	at java.base/java.util.concurrent.ForkJoinPool$WorkQueue.topLevelExec(ForkJoinPool.java:1020)
	at java.base/java.util.concurrent.ForkJoinPool.scan(ForkJoinPool.java:1656)
	at java.base/java.util.concurrent.ForkJoinPool.runWorker(ForkJoinPool.java:1594)
	at java.base/java.util.concurrent.ForkJoinWorkerThread.run(ForkJoinWorkerThread.java:183)
Caused by: org.eclipse.lsp4j.jsonrpc.JsonRpcException: java.io.IOException: 파이프가 닫히는 중입니다
	at org.eclipse.lsp4j.jsonrpc.json.StreamMessageConsumer.consume(StreamMessageConsumer.java:72)
	at org.eclipse.lsp4e.LanguageServerWrapper.lambda$4(LanguageServerWrapper.java:260)
	at org.eclipse.lsp4j.jsonrpc.RemoteEndpoint.request(RemoteEndpoint.java:161)
	at org.eclipse.lsp4j.jsonrpc.services.EndpointProxy.invoke(EndpointProxy.java:91)
	at com.sun.proxy.$Proxy49.shutdown(Unknown Source)
	at org.eclipse.lsp4e.LanguageServerWrapper.lambda$13(LanguageServerWrapper.java:423)
	... 7 more
Caused by: java.io.IOException: 파이프가 닫히는 중입니다
	at java.base/java.io.FileOutputStream.writeBytes(Native Method)
	at java.base/java.io.FileOutputStream.write(FileOutputStream.java:354)
	at java.base/java.io.BufferedOutputStream.flushBuffer(BufferedOutputStream.java:81)
	at java.base/java.io.BufferedOutputStream.flush(BufferedOutputStream.java:142)
	at org.eclipse.lsp4j.jsonrpc.json.StreamMessageConsumer.consume(StreamMessageConsumer.java:69)
	... 12 more

!ENTRY org.springframework.tooling.ls.eclipse.commons 1 0 2025-06-25 19:07:57.108
!MESSAGE DelegatingStreamConnectionProvider classloader = org.eclipse.osgi.internal.loader.EquinoxClassLoader@500e5b3f[org.springframework.tooling.boot.ls:1.28.0.202109130547(id=1001)]

!ENTRY org.eclipse.lsp4e 4 0 2025-06-25 19:07:57.108
!MESSAGE org.eclipse.lsp4j.jsonrpc.JsonRpcException: java.io.IOException: 파이프가 닫히는 중입니다
!STACK 0
java.util.concurrent.ExecutionException: org.eclipse.lsp4j.jsonrpc.JsonRpcException: java.io.IOException: 파이프가 닫히는 중입니다
	at java.base/java.util.concurrent.CompletableFuture.reportGet(CompletableFuture.java:395)
	at java.base/java.util.concurrent.CompletableFuture.get(CompletableFuture.java:2028)
	at org.eclipse.lsp4e.LanguageServerWrapper.lambda$13(LanguageServerWrapper.java:425)
	at java.base/java.util.concurrent.CompletableFuture$AsyncRun.run(CompletableFuture.java:1736)
	at java.base/java.util.concurrent.CompletableFuture$AsyncRun.exec(CompletableFuture.java:1728)
	at java.base/java.util.concurrent.ForkJoinTask.doExec(ForkJoinTask.java:290)
	at java.base/java.util.concurrent.ForkJoinPool$WorkQueue.topLevelExec(ForkJoinPool.java:1020)
	at java.base/java.util.concurrent.ForkJoinPool.scan(ForkJoinPool.java:1656)
	at java.base/java.util.concurrent.ForkJoinPool.runWorker(ForkJoinPool.java:1594)
	at java.base/java.util.concurrent.ForkJoinWorkerThread.run(ForkJoinWorkerThread.java:183)
Caused by: org.eclipse.lsp4j.jsonrpc.JsonRpcException: java.io.IOException: 파이프가 닫히는 중입니다
	at org.eclipse.lsp4j.jsonrpc.json.StreamMessageConsumer.consume(StreamMessageConsumer.java:72)
	at org.eclipse.lsp4e.LanguageServerWrapper.lambda$4(LanguageServerWrapper.java:260)
	at org.eclipse.lsp4j.jsonrpc.RemoteEndpoint.request(RemoteEndpoint.java:161)
	at org.eclipse.lsp4j.jsonrpc.services.EndpointProxy.invoke(EndpointProxy.java:91)
	at com.sun.proxy.$Proxy49.shutdown(Unknown Source)
	at org.eclipse.lsp4e.LanguageServerWrapper.lambda$13(LanguageServerWrapper.java:423)
	... 7 more
Caused by: java.io.IOException: 파이프가 닫히는 중입니다
	at java.base/java.io.FileOutputStream.writeBytes(Native Method)
	at java.base/java.io.FileOutputStream.write(FileOutputStream.java:354)
	at java.base/java.io.BufferedOutputStream.flushBuffer(BufferedOutputStream.java:81)
	at java.base/java.io.BufferedOutputStream.flush(BufferedOutputStream.java:142)
	at org.eclipse.lsp4j.jsonrpc.json.StreamMessageConsumer.consume(StreamMessageConsumer.java:69)
	... 12 more

!ENTRY org.springframework.tooling.ls.eclipse.commons 1 0 2025-06-25 19:07:57.109
!MESSAGE Entering DelegatingStreamConnectionProvider()

!ENTRY org.springframework.tooling.ls.eclipse.commons 1 0 2025-06-25 19:07:57.109
!MESSAGE Entering DelegatingStreamConnectionProvider()

!ENTRY org.springframework.tooling.ls.eclipse.commons 1 0 2025-06-25 19:07:57.109
!MESSAGE SpringBootLanguageServer exists!

!ENTRY org.springframework.tooling.ls.eclipse.commons 1 0 2025-06-25 19:07:57.109
!MESSAGE SpringBootLanguageServer exists!

!ENTRY org.springframework.tooling.ls.eclipse.commons 1 0 2025-06-25 19:07:57.110
!MESSAGE Entering DelegatingStreamConnectionProvider()

!ENTRY org.springframework.tooling.ls.eclipse.commons 1 0 2025-06-25 19:07:57.110
!MESSAGE DelegatingStreamConnectionProvider classloader = org.eclipse.osgi.internal.loader.EquinoxClassLoader@500e5b3f[org.springframework.tooling.boot.ls:1.28.0.202109130547(id=1001)]

!ENTRY org.springframework.tooling.ls.eclipse.commons 1 0 2025-06-25 19:07:57.110
!MESSAGE SpringBootLanguageServer exists!

!ENTRY org.eclipse.lsp4e 4 0 2025-06-25 19:07:57.110
!MESSAGE org.eclipse.lsp4j.jsonrpc.JsonRpcException: java.io.IOException: 파이프가 닫히는 중입니다
!STACK 0
java.util.concurrent.ExecutionException: org.eclipse.lsp4j.jsonrpc.JsonRpcException: java.io.IOException: 파이프가 닫히는 중입니다
	at java.base/java.util.concurrent.CompletableFuture.reportGet(CompletableFuture.java:395)
	at java.base/java.util.concurrent.CompletableFuture.get(CompletableFuture.java:2028)
	at org.eclipse.lsp4e.LanguageServerWrapper.lambda$13(LanguageServerWrapper.java:425)
	at java.base/java.util.concurrent.CompletableFuture$AsyncRun.run(CompletableFuture.java:1736)
	at java.base/java.util.concurrent.CompletableFuture$AsyncRun.exec(CompletableFuture.java:1728)
	at java.base/java.util.concurrent.ForkJoinTask.doExec(ForkJoinTask.java:290)
	at java.base/java.util.concurrent.ForkJoinPool$WorkQueue.topLevelExec(ForkJoinPool.java:1020)
	at java.base/java.util.concurrent.ForkJoinPool.scan(ForkJoinPool.java:1656)
	at java.base/java.util.concurrent.ForkJoinPool.runWorker(ForkJoinPool.java:1594)
	at java.base/java.util.concurrent.ForkJoinWorkerThread.run(ForkJoinWorkerThread.java:183)
Caused by: org.eclipse.lsp4j.jsonrpc.JsonRpcException: java.io.IOException: 파이프가 닫히는 중입니다
	at org.eclipse.lsp4j.jsonrpc.json.StreamMessageConsumer.consume(StreamMessageConsumer.java:72)
	at org.eclipse.lsp4e.LanguageServerWrapper.lambda$4(LanguageServerWrapper.java:260)
	at org.eclipse.lsp4j.jsonrpc.RemoteEndpoint.request(RemoteEndpoint.java:161)
	at org.eclipse.lsp4j.jsonrpc.services.EndpointProxy.invoke(EndpointProxy.java:91)
	at com.sun.proxy.$Proxy49.shutdown(Unknown Source)
	at org.eclipse.lsp4e.LanguageServerWrapper.lambda$13(LanguageServerWrapper.java:423)
	... 7 more
Caused by: java.io.IOException: 파이프가 닫히는 중입니다
	at java.base/java.io.FileOutputStream.writeBytes(Native Method)
	at java.base/java.io.FileOutputStream.write(FileOutputStream.java:354)
	at java.base/java.io.BufferedOutputStream.flushBuffer(BufferedOutputStream.java:81)
	at java.base/java.io.BufferedOutputStream.flush(BufferedOutputStream.java:142)
	at org.eclipse.lsp4j.jsonrpc.json.StreamMessageConsumer.consume(StreamMessageConsumer.java:69)
	... 12 more

!ENTRY org.springframework.tooling.ls.eclipse.commons 1 0 2025-06-25 19:07:57.111
!MESSAGE Entering DelegatingStreamConnectionProvider()

!ENTRY org.springframework.tooling.ls.eclipse.commons 1 0 2025-06-25 19:07:57.111
!MESSAGE DelegatingStreamConnectionProvider classloader = org.eclipse.osgi.internal.loader.EquinoxClassLoader@500e5b3f[org.springframework.tooling.boot.ls:1.28.0.202109130547(id=1001)]

!ENTRY org.springframework.tooling.ls.eclipse.commons 1 0 2025-06-25 19:07:57.111
!MESSAGE SpringBootLanguageServer exists!

!ENTRY org.springframework.tooling.ls.eclipse.commons 1 0 2025-06-25 19:07:57.112
!MESSAGE DelegatingStreamConnectionProvider classloader = org.eclipse.osgi.internal.loader.EquinoxClassLoader@500e5b3f[org.springframework.tooling.boot.ls:1.28.0.202109130547(id=1001)]

!ENTRY org.springframework.tooling.ls.eclipse.commons 1 0 2025-06-25 19:07:57.112
!MESSAGE SpringBootLanguageServer exists!

!ENTRY org.eclipse.lsp4e 4 0 2025-06-25 19:07:57.112
!MESSAGE org.eclipse.lsp4j.jsonrpc.JsonRpcException: java.io.IOException: 파이프가 닫히는 중입니다
!STACK 0
java.util.concurrent.ExecutionException: org.eclipse.lsp4j.jsonrpc.JsonRpcException: java.io.IOException: 파이프가 닫히는 중입니다
	at java.base/java.util.concurrent.CompletableFuture.reportGet(CompletableFuture.java:395)
	at java.base/java.util.concurrent.CompletableFuture.get(CompletableFuture.java:2028)
	at org.eclipse.lsp4e.LanguageServerWrapper.lambda$13(LanguageServerWrapper.java:425)
	at java.base/java.util.concurrent.CompletableFuture$AsyncRun.run(CompletableFuture.java:1736)
	at java.base/java.util.concurrent.CompletableFuture$AsyncRun.exec(CompletableFuture.java:1728)
	at java.base/java.util.concurrent.ForkJoinTask.doExec(ForkJoinTask.java:290)
	at java.base/java.util.concurrent.ForkJoinPool$WorkQueue.topLevelExec(ForkJoinPool.java:1020)
	at java.base/java.util.concurrent.ForkJoinPool.scan(ForkJoinPool.java:1656)
	at java.base/java.util.concurrent.ForkJoinPool.runWorker(ForkJoinPool.java:1594)
	at java.base/java.util.concurrent.ForkJoinWorkerThread.run(ForkJoinWorkerThread.java:183)
Caused by: org.eclipse.lsp4j.jsonrpc.JsonRpcException: java.io.IOException: 파이프가 닫히는 중입니다
	at org.eclipse.lsp4j.jsonrpc.json.StreamMessageConsumer.consume(StreamMessageConsumer.java:72)
	at org.eclipse.lsp4e.LanguageServerWrapper.lambda$4(LanguageServerWrapper.java:260)
	at org.eclipse.lsp4j.jsonrpc.RemoteEndpoint.request(RemoteEndpoint.java:161)
	at org.eclipse.lsp4j.jsonrpc.services.EndpointProxy.invoke(EndpointProxy.java:91)
	at com.sun.proxy.$Proxy49.shutdown(Unknown Source)
	at org.eclipse.lsp4e.LanguageServerWrapper.lambda$13(LanguageServerWrapper.java:423)
	... 7 more
Caused by: java.io.IOException: 파이프가 닫히는 중입니다
	at java.base/java.io.FileOutputStream.writeBytes(Native Method)
	at java.base/java.io.FileOutputStream.write(FileOutputStream.java:354)
	at java.base/java.io.BufferedOutputStream.flushBuffer(BufferedOutputStream.java:81)
	at java.base/java.io.BufferedOutputStream.flush(BufferedOutputStream.java:142)
	at org.eclipse.lsp4j.jsonrpc.json.StreamMessageConsumer.consume(StreamMessageConsumer.java:69)
	... 12 more

!ENTRY org.springframework.tooling.ls.eclipse.commons 1 0 2025-06-25 19:07:57.114
!MESSAGE Entering DelegatingStreamConnectionProvider()

!ENTRY org.springframework.tooling.ls.eclipse.commons 1 0 2025-06-25 19:07:57.114
!MESSAGE DelegatingStreamConnectionProvider classloader = org.eclipse.osgi.internal.loader.EquinoxClassLoader@500e5b3f[org.springframework.tooling.boot.ls:1.28.0.202109130547(id=1001)]

!ENTRY org.springframework.tooling.ls.eclipse.commons 1 0 2025-06-25 19:07:57.120
!MESSAGE SpringBootLanguageServer exists!

!ENTRY org.springframework.tooling.ls.eclipse.commons 1 0 2025-06-25 19:07:57.121
!MESSAGE DelegatingStreamConnectionProvider classloader = org.eclipse.osgi.internal.loader.EquinoxClassLoader@500e5b3f[org.springframework.tooling.boot.ls:1.28.0.202109130547(id=1001)]

!ENTRY org.springframework.tooling.ls.eclipse.commons 1 0 2025-06-25 19:07:57.121
!MESSAGE SpringBootLanguageServer exists!

!ENTRY org.eclipse.lsp4e 4 0 2025-06-25 19:07:57.121
!MESSAGE org.eclipse.lsp4j.jsonrpc.JsonRpcException: java.io.IOException: 파이프가 닫히는 중입니다
!STACK 0
java.util.concurrent.ExecutionException: org.eclipse.lsp4j.jsonrpc.JsonRpcException: java.io.IOException: 파이프가 닫히는 중입니다
	at java.base/java.util.concurrent.CompletableFuture.reportGet(CompletableFuture.java:395)
	at java.base/java.util.concurrent.CompletableFuture.get(CompletableFuture.java:2028)
	at org.eclipse.lsp4e.LanguageServerWrapper.lambda$13(LanguageServerWrapper.java:425)
	at java.base/java.util.concurrent.CompletableFuture$AsyncRun.run(CompletableFuture.java:1736)
	at java.base/java.util.concurrent.CompletableFuture$AsyncRun.exec(CompletableFuture.java:1728)
	at java.base/java.util.concurrent.ForkJoinTask.doExec(ForkJoinTask.java:290)
	at java.base/java.util.concurrent.ForkJoinPool$WorkQueue.topLevelExec(ForkJoinPool.java:1020)
	at java.base/java.util.concurrent.ForkJoinPool.scan(ForkJoinPool.java:1656)
	at java.base/java.util.concurrent.ForkJoinPool.runWorker(ForkJoinPool.java:1594)
	at java.base/java.util.concurrent.ForkJoinWorkerThread.run(ForkJoinWorkerThread.java:183)
Caused by: org.eclipse.lsp4j.jsonrpc.JsonRpcException: java.io.IOException: 파이프가 닫히는 중입니다
	at org.eclipse.lsp4j.jsonrpc.json.StreamMessageConsumer.consume(StreamMessageConsumer.java:72)
	at org.eclipse.lsp4e.LanguageServerWrapper.lambda$4(LanguageServerWrapper.java:260)
	at org.eclipse.lsp4j.jsonrpc.RemoteEndpoint.request(RemoteEndpoint.java:161)
	at org.eclipse.lsp4j.jsonrpc.services.EndpointProxy.invoke(EndpointProxy.java:91)
	at com.sun.proxy.$Proxy49.shutdown(Unknown Source)
	at org.eclipse.lsp4e.LanguageServerWrapper.lambda$13(LanguageServerWrapper.java:423)
	... 7 more
Caused by: java.io.IOException: 파이프가 닫히는 중입니다
	at java.base/java.io.FileOutputStream.writeBytes(Native Method)
	at java.base/java.io.FileOutputStream.write(FileOutputStream.java:354)
	at java.base/java.io.BufferedOutputStream.flushBuffer(BufferedOutputStream.java:81)
	at java.base/java.io.BufferedOutputStream.flush(BufferedOutputStream.java:142)
	at org.eclipse.lsp4j.jsonrpc.json.StreamMessageConsumer.consume(StreamMessageConsumer.java:69)
	... 12 more

!ENTRY org.springframework.tooling.ls.eclipse.commons 1 0 2025-06-25 19:07:57.121
!MESSAGE Entering DelegatingStreamConnectionProvider()

!ENTRY org.springframework.tooling.ls.eclipse.commons 1 0 2025-06-25 19:07:57.122
!MESSAGE DelegatingStreamConnectionProvider classloader = org.eclipse.osgi.internal.loader.EquinoxClassLoader@500e5b3f[org.springframework.tooling.boot.ls:1.28.0.202109130547(id=1001)]

!ENTRY org.springframework.tooling.ls.eclipse.commons 1 0 2025-06-25 19:07:57.122
!MESSAGE SpringBootLanguageServer exists!

!ENTRY org.eclipse.lsp4e 4 0 2025-06-25 19:07:57.126
!MESSAGE org.eclipse.lsp4j.jsonrpc.JsonRpcException: java.io.IOException: 파이프가 닫히는 중입니다
!STACK 0
java.util.concurrent.ExecutionException: org.eclipse.lsp4j.jsonrpc.JsonRpcException: java.io.IOException: 파이프가 닫히는 중입니다
	at java.base/java.util.concurrent.CompletableFuture.reportGet(CompletableFuture.java:395)
	at java.base/java.util.concurrent.CompletableFuture.get(CompletableFuture.java:2028)
	at org.eclipse.lsp4e.LanguageServerWrapper.lambda$13(LanguageServerWrapper.java:425)
	at java.base/java.util.concurrent.CompletableFuture$AsyncRun.run(CompletableFuture.java:1736)
	at java.base/java.util.concurrent.CompletableFuture$AsyncRun.exec(CompletableFuture.java:1728)
	at java.base/java.util.concurrent.ForkJoinTask.doExec(ForkJoinTask.java:290)
	at java.base/java.util.concurrent.ForkJoinPool$WorkQueue.topLevelExec(ForkJoinPool.java:1020)
	at java.base/java.util.concurrent.ForkJoinPool.scan(ForkJoinPool.java:1656)
	at java.base/java.util.concurrent.ForkJoinPool.runWorker(ForkJoinPool.java:1594)
	at java.base/java.util.concurrent.ForkJoinWorkerThread.run(ForkJoinWorkerThread.java:183)
Caused by: org.eclipse.lsp4j.jsonrpc.JsonRpcException: java.io.IOException: 파이프가 닫히는 중입니다
	at org.eclipse.lsp4j.jsonrpc.json.StreamMessageConsumer.consume(StreamMessageConsumer.java:72)
	at org.eclipse.lsp4e.LanguageServerWrapper.lambda$4(LanguageServerWrapper.java:260)
	at org.eclipse.lsp4j.jsonrpc.RemoteEndpoint.request(RemoteEndpoint.java:161)
	at org.eclipse.lsp4j.jsonrpc.services.EndpointProxy.invoke(EndpointProxy.java:91)
	at com.sun.proxy.$Proxy49.shutdown(Unknown Source)
	at org.eclipse.lsp4e.LanguageServerWrapper.lambda$13(LanguageServerWrapper.java:423)
	... 7 more
Caused by: java.io.IOException: 파이프가 닫히는 중입니다
	at java.base/java.io.FileOutputStream.writeBytes(Native Method)
	at java.base/java.io.FileOutputStream.write(FileOutputStream.java:354)
	at java.base/java.io.BufferedOutputStream.flushBuffer(BufferedOutputStream.java:81)
	at java.base/java.io.BufferedOutputStream.flush(BufferedOutputStream.java:142)
	at org.eclipse.lsp4j.jsonrpc.json.StreamMessageConsumer.consume(StreamMessageConsumer.java:69)
	... 12 more

!ENTRY org.springframework.tooling.ls.eclipse.commons 1 0 2025-06-25 19:07:57.127
!MESSAGE Entering DelegatingStreamConnectionProvider()

!ENTRY org.springframework.tooling.ls.eclipse.commons 1 0 2025-06-25 19:07:57.127
!MESSAGE DelegatingStreamConnectionProvider classloader = org.eclipse.osgi.internal.loader.EquinoxClassLoader@500e5b3f[org.springframework.tooling.boot.ls:1.28.0.202109130547(id=1001)]

!ENTRY org.springframework.tooling.ls.eclipse.commons 1 0 2025-06-25 19:07:57.127
!MESSAGE SpringBootLanguageServer exists!

!ENTRY org.eclipse.lsp4e 4 0 2025-06-25 19:07:57.130
!MESSAGE org.eclipse.lsp4j.jsonrpc.JsonRpcException: java.io.IOException: 파이프가 닫히는 중입니다
!STACK 0
java.util.concurrent.ExecutionException: org.eclipse.lsp4j.jsonrpc.JsonRpcException: java.io.IOException: 파이프가 닫히는 중입니다
	at java.base/java.util.concurrent.CompletableFuture.reportGet(CompletableFuture.java:395)
	at java.base/java.util.concurrent.CompletableFuture.get(CompletableFuture.java:2028)
	at org.eclipse.lsp4e.LanguageServerWrapper.lambda$13(LanguageServerWrapper.java:425)
	at java.base/java.util.concurrent.CompletableFuture$AsyncRun.run(CompletableFuture.java:1736)
	at java.base/java.util.concurrent.CompletableFuture$AsyncRun.exec(CompletableFuture.java:1728)
	at java.base/java.util.concurrent.ForkJoinTask.doExec(ForkJoinTask.java:290)
	at java.base/java.util.concurrent.ForkJoinPool$WorkQueue.topLevelExec(ForkJoinPool.java:1020)
	at java.base/java.util.concurrent.ForkJoinPool.scan(ForkJoinPool.java:1656)
	at java.base/java.util.concurrent.ForkJoinPool.runWorker(ForkJoinPool.java:1594)
	at java.base/java.util.concurrent.ForkJoinWorkerThread.run(ForkJoinWorkerThread.java:183)
Caused by: org.eclipse.lsp4j.jsonrpc.JsonRpcException: java.io.IOException: 파이프가 닫히는 중입니다
	at org.eclipse.lsp4j.jsonrpc.json.StreamMessageConsumer.consume(StreamMessageConsumer.java:72)
	at org.eclipse.lsp4e.LanguageServerWrapper.lambda$4(LanguageServerWrapper.java:260)
	at org.eclipse.lsp4j.jsonrpc.RemoteEndpoint.request(RemoteEndpoint.java:161)
	at org.eclipse.lsp4j.jsonrpc.services.EndpointProxy.invoke(EndpointProxy.java:91)
	at com.sun.proxy.$Proxy49.shutdown(Unknown Source)
	at org.eclipse.lsp4e.LanguageServerWrapper.lambda$13(LanguageServerWrapper.java:423)
	... 7 more
Caused by: java.io.IOException: 파이프가 닫히는 중입니다
	at java.base/java.io.FileOutputStream.writeBytes(Native Method)
	at java.base/java.io.FileOutputStream.write(FileOutputStream.java:354)
	at java.base/java.io.BufferedOutputStream.flushBuffer(BufferedOutputStream.java:81)
	at java.base/java.io.BufferedOutputStream.flush(BufferedOutputStream.java:142)
	at org.eclipse.lsp4j.jsonrpc.json.StreamMessageConsumer.consume(StreamMessageConsumer.java:69)
	... 12 more

!ENTRY org.springframework.tooling.ls.eclipse.commons 1 0 2025-06-25 19:07:57.131
!MESSAGE Entering DelegatingStreamConnectionProvider()

!ENTRY org.springframework.tooling.ls.eclipse.commons 1 0 2025-06-25 19:07:57.131
!MESSAGE DelegatingStreamConnectionProvider classloader = org.eclipse.osgi.internal.loader.EquinoxClassLoader@500e5b3f[org.springframework.tooling.boot.ls:1.28.0.202109130547(id=1001)]

!ENTRY org.springframework.tooling.ls.eclipse.commons 1 0 2025-06-25 19:07:57.131
!MESSAGE SpringBootLanguageServer exists!

!ENTRY org.eclipse.lsp4e 4 0 2025-06-25 19:07:57.136
!MESSAGE org.eclipse.lsp4j.jsonrpc.JsonRpcException: java.io.IOException: 파이프가 닫히는 중입니다
!STACK 0
java.util.concurrent.ExecutionException: org.eclipse.lsp4j.jsonrpc.JsonRpcException: java.io.IOException: 파이프가 닫히는 중입니다
	at java.base/java.util.concurrent.CompletableFuture.reportGet(CompletableFuture.java:395)
	at java.base/java.util.concurrent.CompletableFuture.get(CompletableFuture.java:2028)
	at org.eclipse.lsp4e.LanguageServerWrapper.lambda$13(LanguageServerWrapper.java:425)
	at java.base/java.util.concurrent.CompletableFuture$AsyncRun.run(CompletableFuture.java:1736)
	at java.base/java.util.concurrent.CompletableFuture$AsyncRun.exec(CompletableFuture.java:1728)
	at java.base/java.util.concurrent.ForkJoinTask.doExec(ForkJoinTask.java:290)
	at java.base/java.util.concurrent.ForkJoinPool$WorkQueue.topLevelExec(ForkJoinPool.java:1020)
	at java.base/java.util.concurrent.ForkJoinPool.scan(ForkJoinPool.java:1656)
	at java.base/java.util.concurrent.ForkJoinPool.runWorker(ForkJoinPool.java:1594)
	at java.base/java.util.concurrent.ForkJoinWorkerThread.run(ForkJoinWorkerThread.java:183)
Caused by: org.eclipse.lsp4j.jsonrpc.JsonRpcException: java.io.IOException: 파이프가 닫히는 중입니다
	at org.eclipse.lsp4j.jsonrpc.json.StreamMessageConsumer.consume(StreamMessageConsumer.java:72)
	at org.eclipse.lsp4e.LanguageServerWrapper.lambda$4(LanguageServerWrapper.java:260)
	at org.eclipse.lsp4j.jsonrpc.RemoteEndpoint.request(RemoteEndpoint.java:161)
	at org.eclipse.lsp4j.jsonrpc.services.EndpointProxy.invoke(EndpointProxy.java:91)
	at com.sun.proxy.$Proxy49.shutdown(Unknown Source)
	at org.eclipse.lsp4e.LanguageServerWrapper.lambda$13(LanguageServerWrapper.java:423)
	... 7 more
Caused by: java.io.IOException: 파이프가 닫히는 중입니다
	at java.base/java.io.FileOutputStream.writeBytes(Native Method)
	at java.base/java.io.FileOutputStream.write(FileOutputStream.java:354)
	at java.base/java.io.BufferedOutputStream.flushBuffer(BufferedOutputStream.java:81)
	at java.base/java.io.BufferedOutputStream.flush(BufferedOutputStream.java:142)
	at org.eclipse.lsp4j.jsonrpc.json.StreamMessageConsumer.consume(StreamMessageConsumer.java:69)
	... 12 more

!ENTRY org.springframework.tooling.ls.eclipse.commons 1 0 2025-06-25 19:07:57.137
!MESSAGE Entering DelegatingStreamConnectionProvider()

!ENTRY org.eclipse.lsp4e 4 0 2025-06-25 19:07:57.138
!MESSAGE org.eclipse.lsp4j.jsonrpc.JsonRpcException: java.io.IOException: 파이프가 닫히는 중입니다
!STACK 0
java.util.concurrent.ExecutionException: org.eclipse.lsp4j.jsonrpc.JsonRpcException: java.io.IOException: 파이프가 닫히는 중입니다
	at java.base/java.util.concurrent.CompletableFuture.reportGet(CompletableFuture.java:395)
	at java.base/java.util.concurrent.CompletableFuture.get(CompletableFuture.java:2028)
	at org.eclipse.lsp4e.LanguageServerWrapper.lambda$13(LanguageServerWrapper.java:425)
	at java.base/java.util.concurrent.CompletableFuture$AsyncRun.run(CompletableFuture.java:1736)
	at java.base/java.util.concurrent.CompletableFuture$AsyncRun.exec(CompletableFuture.java:1728)
	at java.base/java.util.concurrent.ForkJoinTask.doExec(ForkJoinTask.java:290)
	at java.base/java.util.concurrent.ForkJoinPool$WorkQueue.topLevelExec(ForkJoinPool.java:1020)
	at java.base/java.util.concurrent.ForkJoinPool.scan(ForkJoinPool.java:1656)
	at java.base/java.util.concurrent.ForkJoinPool.runWorker(ForkJoinPool.java:1594)
	at java.base/java.util.concurrent.ForkJoinWorkerThread.run(ForkJoinWorkerThread.java:183)
Caused by: org.eclipse.lsp4j.jsonrpc.JsonRpcException: java.io.IOException: 파이프가 닫히는 중입니다
	at org.eclipse.lsp4j.jsonrpc.json.StreamMessageConsumer.consume(StreamMessageConsumer.java:72)
	at org.eclipse.lsp4e.LanguageServerWrapper.lambda$4(LanguageServerWrapper.java:260)
	at org.eclipse.lsp4j.jsonrpc.RemoteEndpoint.request(RemoteEndpoint.java:161)
	at org.eclipse.lsp4j.jsonrpc.services.EndpointProxy.invoke(EndpointProxy.java:91)
	at com.sun.proxy.$Proxy49.shutdown(Unknown Source)
	at org.eclipse.lsp4e.LanguageServerWrapper.lambda$13(LanguageServerWrapper.java:423)
	... 7 more
Caused by: java.io.IOException: 파이프가 닫히는 중입니다
	at java.base/java.io.FileOutputStream.writeBytes(Native Method)
	at java.base/java.io.FileOutputStream.write(FileOutputStream.java:354)
	at java.base/java.io.BufferedOutputStream.flushBuffer(BufferedOutputStream.java:81)
	at java.base/java.io.BufferedOutputStream.flush(BufferedOutputStream.java:142)
	at org.eclipse.lsp4j.jsonrpc.json.StreamMessageConsumer.consume(StreamMessageConsumer.java:69)
	... 12 more

!ENTRY org.springframework.tooling.ls.eclipse.commons 1 0 2025-06-25 19:07:57.138
!MESSAGE DelegatingStreamConnectionProvider classloader = org.eclipse.osgi.internal.loader.EquinoxClassLoader@500e5b3f[org.springframework.tooling.boot.ls:1.28.0.202109130547(id=1001)]

!ENTRY org.springframework.tooling.ls.eclipse.commons 1 0 2025-06-25 19:07:57.138
!MESSAGE SpringBootLanguageServer exists!

!ENTRY org.springframework.tooling.ls.eclipse.commons 1 0 2025-06-25 19:07:57.138
!MESSAGE Entering DelegatingStreamConnectionProvider()

!ENTRY org.springframework.tooling.ls.eclipse.commons 1 0 2025-06-25 19:07:57.138
!MESSAGE DelegatingStreamConnectionProvider classloader = org.eclipse.osgi.internal.loader.EquinoxClassLoader@500e5b3f[org.springframework.tooling.boot.ls:1.28.0.202109130547(id=1001)]

!ENTRY org.springframework.tooling.ls.eclipse.commons 1 0 2025-06-25 19:07:57.139
!MESSAGE SpringBootLanguageServer exists!

!ENTRY org.eclipse.lsp4e 4 0 2025-06-25 19:07:57.142
!MESSAGE org.eclipse.lsp4j.jsonrpc.JsonRpcException: java.io.IOException: 파이프가 닫히는 중입니다
!STACK 0
java.util.concurrent.ExecutionException: org.eclipse.lsp4j.jsonrpc.JsonRpcException: java.io.IOException: 파이프가 닫히는 중입니다
	at java.base/java.util.concurrent.CompletableFuture.reportGet(CompletableFuture.java:395)
	at java.base/java.util.concurrent.CompletableFuture.get(CompletableFuture.java:2028)
	at org.eclipse.lsp4e.LanguageServerWrapper.lambda$13(LanguageServerWrapper.java:425)
	at java.base/java.util.concurrent.CompletableFuture$AsyncRun.run(CompletableFuture.java:1736)
	at java.base/java.util.concurrent.CompletableFuture$AsyncRun.exec(CompletableFuture.java:1728)
	at java.base/java.util.concurrent.ForkJoinTask.doExec(ForkJoinTask.java:290)
	at java.base/java.util.concurrent.ForkJoinPool$WorkQueue.topLevelExec(ForkJoinPool.java:1020)
	at java.base/java.util.concurrent.ForkJoinPool.scan(ForkJoinPool.java:1656)
	at java.base/java.util.concurrent.ForkJoinPool.runWorker(ForkJoinPool.java:1594)
	at java.base/java.util.concurrent.ForkJoinWorkerThread.run(ForkJoinWorkerThread.java:183)
Caused by: org.eclipse.lsp4j.jsonrpc.JsonRpcException: java.io.IOException: 파이프가 닫히는 중입니다
	at org.eclipse.lsp4j.jsonrpc.json.StreamMessageConsumer.consume(StreamMessageConsumer.java:72)
	at org.eclipse.lsp4e.LanguageServerWrapper.lambda$4(LanguageServerWrapper.java:260)
	at org.eclipse.lsp4j.jsonrpc.RemoteEndpoint.request(RemoteEndpoint.java:161)
	at org.eclipse.lsp4j.jsonrpc.services.EndpointProxy.invoke(EndpointProxy.java:91)
	at com.sun.proxy.$Proxy49.shutdown(Unknown Source)
	at org.eclipse.lsp4e.LanguageServerWrapper.lambda$13(LanguageServerWrapper.java:423)
	... 7 more
Caused by: java.io.IOException: 파이프가 닫히는 중입니다
	at java.base/java.io.FileOutputStream.writeBytes(Native Method)
	at java.base/java.io.FileOutputStream.write(FileOutputStream.java:354)
	at java.base/java.io.BufferedOutputStream.flushBuffer(BufferedOutputStream.java:81)
	at java.base/java.io.BufferedOutputStream.flush(BufferedOutputStream.java:142)
	at org.eclipse.lsp4j.jsonrpc.json.StreamMessageConsumer.consume(StreamMessageConsumer.java:69)
	... 12 more

!ENTRY org.springframework.tooling.ls.eclipse.commons 1 0 2025-06-25 19:07:57.143
!MESSAGE Entering DelegatingStreamConnectionProvider()

!ENTRY org.springframework.tooling.ls.eclipse.commons 1 0 2025-06-25 19:07:57.143
!MESSAGE DelegatingStreamConnectionProvider classloader = org.eclipse.osgi.internal.loader.EquinoxClassLoader@500e5b3f[org.springframework.tooling.boot.ls:1.28.0.202109130547(id=1001)]

!ENTRY org.springframework.tooling.ls.eclipse.commons 1 0 2025-06-25 19:07:57.143
!MESSAGE SpringBootLanguageServer exists!

!ENTRY org.eclipse.lsp4e 4 0 2025-06-25 19:07:57.144
!MESSAGE org.eclipse.lsp4j.jsonrpc.JsonRpcException: java.io.IOException: 파이프가 닫히는 중입니다
!STACK 0
java.util.concurrent.ExecutionException: org.eclipse.lsp4j.jsonrpc.JsonRpcException: java.io.IOException: 파이프가 닫히는 중입니다
	at java.base/java.util.concurrent.CompletableFuture.reportGet(CompletableFuture.java:395)
	at java.base/java.util.concurrent.CompletableFuture.get(CompletableFuture.java:2028)
	at org.eclipse.lsp4e.LanguageServerWrapper.lambda$13(LanguageServerWrapper.java:425)
	at java.base/java.util.concurrent.CompletableFuture$AsyncRun.run(CompletableFuture.java:1736)
	at java.base/java.util.concurrent.CompletableFuture$AsyncRun.exec(CompletableFuture.java:1728)
	at java.base/java.util.concurrent.ForkJoinTask.doExec(ForkJoinTask.java:290)
	at java.base/java.util.concurrent.ForkJoinPool$WorkQueue.topLevelExec(ForkJoinPool.java:1020)
	at java.base/java.util.concurrent.ForkJoinPool.scan(ForkJoinPool.java:1656)
	at java.base/java.util.concurrent.ForkJoinPool.runWorker(ForkJoinPool.java:1594)
	at java.base/java.util.concurrent.ForkJoinWorkerThread.run(ForkJoinWorkerThread.java:183)
Caused by: org.eclipse.lsp4j.jsonrpc.JsonRpcException: java.io.IOException: 파이프가 닫히는 중입니다
	at org.eclipse.lsp4j.jsonrpc.json.StreamMessageConsumer.consume(StreamMessageConsumer.java:72)
	at org.eclipse.lsp4e.LanguageServerWrapper.lambda$4(LanguageServerWrapper.java:260)
	at org.eclipse.lsp4j.jsonrpc.RemoteEndpoint.request(RemoteEndpoint.java:161)
	at org.eclipse.lsp4j.jsonrpc.services.EndpointProxy.invoke(EndpointProxy.java:91)
	at com.sun.proxy.$Proxy49.shutdown(Unknown Source)
	at org.eclipse.lsp4e.LanguageServerWrapper.lambda$13(LanguageServerWrapper.java:423)
	... 7 more
Caused by: java.io.IOException: 파이프가 닫히는 중입니다
	at java.base/java.io.FileOutputStream.writeBytes(Native Method)
	at java.base/java.io.FileOutputStream.write(FileOutputStream.java:354)
	at java.base/java.io.BufferedOutputStream.flushBuffer(BufferedOutputStream.java:81)
	at java.base/java.io.BufferedOutputStream.flush(BufferedOutputStream.java:142)
	at org.eclipse.lsp4j.jsonrpc.json.StreamMessageConsumer.consume(StreamMessageConsumer.java:69)
	... 12 more

!ENTRY org.springframework.tooling.ls.eclipse.commons 1 0 2025-06-25 19:07:57.145
!MESSAGE Entering DelegatingStreamConnectionProvider()

!ENTRY org.eclipse.lsp4e 4 0 2025-06-25 19:07:57.145
!MESSAGE org.eclipse.lsp4j.jsonrpc.JsonRpcException: java.io.IOException: 파이프가 닫히는 중입니다
!STACK 0
java.util.concurrent.ExecutionException: org.eclipse.lsp4j.jsonrpc.JsonRpcException: java.io.IOException: 파이프가 닫히는 중입니다
	at java.base/java.util.concurrent.CompletableFuture.reportGet(CompletableFuture.java:395)
	at java.base/java.util.concurrent.CompletableFuture.get(CompletableFuture.java:2028)
	at org.eclipse.lsp4e.LanguageServerWrapper.lambda$13(LanguageServerWrapper.java:425)
	at java.base/java.util.concurrent.CompletableFuture$AsyncRun.run(CompletableFuture.java:1736)
	at java.base/java.util.concurrent.CompletableFuture$AsyncRun.exec(CompletableFuture.java:1728)
	at java.base/java.util.concurrent.ForkJoinTask.doExec(ForkJoinTask.java:290)
	at java.base/java.util.concurrent.ForkJoinPool$WorkQueue.topLevelExec(ForkJoinPool.java:1020)
	at java.base/java.util.concurrent.ForkJoinPool.scan(ForkJoinPool.java:1656)
	at java.base/java.util.concurrent.ForkJoinPool.runWorker(ForkJoinPool.java:1594)
	at java.base/java.util.concurrent.ForkJoinWorkerThread.run(ForkJoinWorkerThread.java:183)
Caused by: org.eclipse.lsp4j.jsonrpc.JsonRpcException: java.io.IOException: 파이프가 닫히는 중입니다
	at org.eclipse.lsp4j.jsonrpc.json.StreamMessageConsumer.consume(StreamMessageConsumer.java:72)
	at org.eclipse.lsp4e.LanguageServerWrapper.lambda$4(LanguageServerWrapper.java:260)
	at org.eclipse.lsp4j.jsonrpc.RemoteEndpoint.request(RemoteEndpoint.java:161)
	at org.eclipse.lsp4j.jsonrpc.services.EndpointProxy.invoke(EndpointProxy.java:91)
	at com.sun.proxy.$Proxy49.shutdown(Unknown Source)
	at org.eclipse.lsp4e.LanguageServerWrapper.lambda$13(LanguageServerWrapper.java:423)
	... 7 more
Caused by: java.io.IOException: 파이프가 닫히는 중입니다
	at java.base/java.io.FileOutputStream.writeBytes(Native Method)
	at java.base/java.io.FileOutputStream.write(FileOutputStream.java:354)
	at java.base/java.io.BufferedOutputStream.flushBuffer(BufferedOutputStream.java:81)
	at java.base/java.io.BufferedOutputStream.flush(BufferedOutputStream.java:142)
	at org.eclipse.lsp4j.jsonrpc.json.StreamMessageConsumer.consume(StreamMessageConsumer.java:69)
	... 12 more

!ENTRY org.springframework.tooling.ls.eclipse.commons 1 0 2025-06-25 19:07:57.146
!MESSAGE Entering DelegatingStreamConnectionProvider()

!ENTRY org.springframework.tooling.ls.eclipse.commons 1 0 2025-06-25 19:07:57.146
!MESSAGE DelegatingStreamConnectionProvider classloader = org.eclipse.osgi.internal.loader.EquinoxClassLoader@500e5b3f[org.springframework.tooling.boot.ls:1.28.0.202109130547(id=1001)]

!ENTRY org.springframework.tooling.ls.eclipse.commons 1 0 2025-06-25 19:07:57.146
!MESSAGE SpringBootLanguageServer exists!

!ENTRY org.springframework.tooling.ls.eclipse.commons 1 0 2025-06-25 19:07:57.148
!MESSAGE DelegatingStreamConnectionProvider classloader = org.eclipse.osgi.internal.loader.EquinoxClassLoader@500e5b3f[org.springframework.tooling.boot.ls:1.28.0.202109130547(id=1001)]

!ENTRY org.springframework.tooling.ls.eclipse.commons 1 0 2025-06-25 19:07:57.148
!MESSAGE SpringBootLanguageServer exists!

!ENTRY org.eclipse.lsp4e 4 0 2025-06-25 19:07:57.148
!MESSAGE org.eclipse.lsp4j.jsonrpc.JsonRpcException: java.io.IOException: 파이프가 닫히는 중입니다
!STACK 0
java.util.concurrent.ExecutionException: org.eclipse.lsp4j.jsonrpc.JsonRpcException: java.io.IOException: 파이프가 닫히는 중입니다
	at java.base/java.util.concurrent.CompletableFuture.reportGet(CompletableFuture.java:395)
	at java.base/java.util.concurrent.CompletableFuture.get(CompletableFuture.java:2028)
	at org.eclipse.lsp4e.LanguageServerWrapper.lambda$13(LanguageServerWrapper.java:425)
	at java.base/java.util.concurrent.CompletableFuture$AsyncRun.run(CompletableFuture.java:1736)
	at java.base/java.util.concurrent.CompletableFuture$AsyncRun.exec(CompletableFuture.java:1728)
	at java.base/java.util.concurrent.ForkJoinTask.doExec(ForkJoinTask.java:290)
	at java.base/java.util.concurrent.ForkJoinPool$WorkQueue.topLevelExec(ForkJoinPool.java:1020)
	at java.base/java.util.concurrent.ForkJoinPool.scan(ForkJoinPool.java:1656)
	at java.base/java.util.concurrent.ForkJoinPool.runWorker(ForkJoinPool.java:1594)
	at java.base/java.util.concurrent.ForkJoinWorkerThread.run(ForkJoinWorkerThread.java:183)
Caused by: org.eclipse.lsp4j.jsonrpc.JsonRpcException: java.io.IOException: 파이프가 닫히는 중입니다
	at org.eclipse.lsp4j.jsonrpc.json.StreamMessageConsumer.consume(StreamMessageConsumer.java:72)
	at org.eclipse.lsp4e.LanguageServerWrapper.lambda$4(LanguageServerWrapper.java:260)
	at org.eclipse.lsp4j.jsonrpc.RemoteEndpoint.request(RemoteEndpoint.java:161)
	at org.eclipse.lsp4j.jsonrpc.services.EndpointProxy.invoke(EndpointProxy.java:91)
	at com.sun.proxy.$Proxy49.shutdown(Unknown Source)
	at org.eclipse.lsp4e.LanguageServerWrapper.lambda$13(LanguageServerWrapper.java:423)
	... 7 more
Caused by: java.io.IOException: 파이프가 닫히는 중입니다
	at java.base/java.io.FileOutputStream.writeBytes(Native Method)
	at java.base/java.io.FileOutputStream.write(FileOutputStream.java:354)
	at java.base/java.io.BufferedOutputStream.flushBuffer(BufferedOutputStream.java:81)
	at java.base/java.io.BufferedOutputStream.flush(BufferedOutputStream.java:142)
	at org.eclipse.lsp4j.jsonrpc.json.StreamMessageConsumer.consume(StreamMessageConsumer.java:69)
	... 12 more

!ENTRY org.springframework.tooling.ls.eclipse.commons 1 0 2025-06-25 19:07:57.149
!MESSAGE Entering DelegatingStreamConnectionProvider()

!ENTRY org.springframework.tooling.ls.eclipse.commons 1 0 2025-06-25 19:07:57.149
!MESSAGE DelegatingStreamConnectionProvider classloader = org.eclipse.osgi.internal.loader.EquinoxClassLoader@500e5b3f[org.springframework.tooling.boot.ls:1.28.0.202109130547(id=1001)]

!ENTRY org.springframework.tooling.ls.eclipse.commons 1 0 2025-06-25 19:07:57.149
!MESSAGE SpringBootLanguageServer exists!

!ENTRY org.eclipse.lsp4e 4 0 2025-06-25 19:07:57.152
!MESSAGE org.eclipse.lsp4j.jsonrpc.JsonRpcException: java.io.IOException: 파이프가 닫히는 중입니다
!STACK 0
java.util.concurrent.ExecutionException: org.eclipse.lsp4j.jsonrpc.JsonRpcException: java.io.IOException: 파이프가 닫히는 중입니다
	at java.base/java.util.concurrent.CompletableFuture.reportGet(CompletableFuture.java:395)
	at java.base/java.util.concurrent.CompletableFuture.get(CompletableFuture.java:2028)
	at org.eclipse.lsp4e.LanguageServerWrapper.lambda$13(LanguageServerWrapper.java:425)
	at java.base/java.util.concurrent.CompletableFuture$AsyncRun.run(CompletableFuture.java:1736)
	at java.base/java.util.concurrent.CompletableFuture$AsyncRun.exec(CompletableFuture.java:1728)
	at java.base/java.util.concurrent.ForkJoinTask.doExec(ForkJoinTask.java:290)
	at java.base/java.util.concurrent.ForkJoinPool$WorkQueue.topLevelExec(ForkJoinPool.java:1020)
	at java.base/java.util.concurrent.ForkJoinPool.scan(ForkJoinPool.java:1656)
	at java.base/java.util.concurrent.ForkJoinPool.runWorker(ForkJoinPool.java:1594)
	at java.base/java.util.concurrent.ForkJoinWorkerThread.run(ForkJoinWorkerThread.java:183)
Caused by: org.eclipse.lsp4j.jsonrpc.JsonRpcException: java.io.IOException: 파이프가 닫히는 중입니다
	at org.eclipse.lsp4j.jsonrpc.json.StreamMessageConsumer.consume(StreamMessageConsumer.java:72)
	at org.eclipse.lsp4e.LanguageServerWrapper.lambda$4(LanguageServerWrapper.java:260)
	at org.eclipse.lsp4j.jsonrpc.RemoteEndpoint.request(RemoteEndpoint.java:161)
	at org.eclipse.lsp4j.jsonrpc.services.EndpointProxy.invoke(EndpointProxy.java:91)
	at com.sun.proxy.$Proxy49.shutdown(Unknown Source)
	at org.eclipse.lsp4e.LanguageServerWrapper.lambda$13(LanguageServerWrapper.java:423)
	... 7 more
Caused by: java.io.IOException: 파이프가 닫히는 중입니다
	at java.base/java.io.FileOutputStream.writeBytes(Native Method)
	at java.base/java.io.FileOutputStream.write(FileOutputStream.java:354)
	at java.base/java.io.BufferedOutputStream.flushBuffer(BufferedOutputStream.java:81)
	at java.base/java.io.BufferedOutputStream.flush(BufferedOutputStream.java:142)
	at org.eclipse.lsp4j.jsonrpc.json.StreamMessageConsumer.consume(StreamMessageConsumer.java:69)
	... 12 more

!ENTRY org.springframework.tooling.ls.eclipse.commons 1 0 2025-06-25 19:07:57.154
!MESSAGE Entering DelegatingStreamConnectionProvider()

!ENTRY org.springframework.tooling.ls.eclipse.commons 1 0 2025-06-25 19:07:57.154
!MESSAGE DelegatingStreamConnectionProvider classloader = org.eclipse.osgi.internal.loader.EquinoxClassLoader@500e5b3f[org.springframework.tooling.boot.ls:1.28.0.202109130547(id=1001)]

!ENTRY org.springframework.tooling.ls.eclipse.commons 1 0 2025-06-25 19:07:57.154
!MESSAGE SpringBootLanguageServer exists!

!ENTRY org.springframework.tooling.ls.eclipse.commons 1 0 2025-06-25 19:07:58.313
!MESSAGE Boot LS startup time from start to initialized: 1202ms

!ENTRY org.springframework.tooling.ls.eclipse.commons 1 0 2025-06-25 19:07:58.367
!MESSAGE ClasspathListenerHandler addClasspathListener sts4.classpath.gnsckkgDisBatched = true

!ENTRY org.springframework.tooling.ls.eclipse.commons 1 0 2025-06-25 19:07:58.367
!MESSAGE Setting up ClasspathListenerManager

!ENTRY org.springframework.tooling.ls.eclipse.commons 1 0 2025-06-25 19:07:58.368
!MESSAGE Scheduling initial event for all projects ...

!ENTRY org.springframework.tooling.ls.eclipse.commons 1 0 2025-06-25 19:07:58.368
!MESSAGE Scheduling initial event for all projects DONE

!ENTRY org.springframework.tooling.ls.eclipse.commons 1 0 2025-06-25 19:07:58.368
!MESSAGE exists = true open = true => deleted = false

!ENTRY org.springframework.tooling.ls.eclipse.commons 1 0 2025-06-25 19:07:58.368
!MESSAGE ClasspathListenerHandler addClasspathListener sts4.classpath.gnsckkgD => OK

!ENTRY org.springframework.tooling.ls.eclipse.commons 1 0 2025-06-25 19:07:58.369
!MESSAGE classpath=79 entries

!ENTRY org.springframework.tooling.ls.eclipse.commons 1 0 2025-06-25 19:07:58.370
!MESSAGE buffering callback sts4.classpath.gnsckkgD MapperExam false 79

!ENTRY org.springframework.tooling.ls.eclipse.commons 1 0 2025-06-25 19:07:58.370
!MESSAGE executing callback sts4.classpath.gnsckkgD 1 batched events

!ENTRY org.springframework.tooling.ls.eclipse.commons 1 0 2025-06-25 19:07:58.610
!MESSAGE executing callback sts4.classpath.gnsckkgD SUCCESS [done]

!ENTRY org.springframework.tooling.ls.eclipse.commons 1 0 2025-06-25 19:07:58.621
!MESSAGE Entering DelegatingStreamConnectionProvider()

!ENTRY org.eclipse.lsp4e 4 0 2025-06-25 19:07:58.622
!MESSAGE org.eclipse.lsp4j.jsonrpc.JsonRpcException: java.io.IOException: 파이프가 닫히는 중입니다
!STACK 0
java.util.concurrent.ExecutionException: org.eclipse.lsp4j.jsonrpc.JsonRpcException: java.io.IOException: 파이프가 닫히는 중입니다
	at java.base/java.util.concurrent.CompletableFuture.reportGet(CompletableFuture.java:395)
	at java.base/java.util.concurrent.CompletableFuture.get(CompletableFuture.java:2028)
	at org.eclipse.lsp4e.LanguageServerWrapper.lambda$13(LanguageServerWrapper.java:425)
	at java.base/java.util.concurrent.CompletableFuture$AsyncRun.run(CompletableFuture.java:1736)
	at java.base/java.util.concurrent.CompletableFuture$AsyncRun.exec(CompletableFuture.java:1728)
	at java.base/java.util.concurrent.ForkJoinTask.doExec(ForkJoinTask.java:290)
	at java.base/java.util.concurrent.ForkJoinPool$WorkQueue.topLevelExec(ForkJoinPool.java:1020)
	at java.base/java.util.concurrent.ForkJoinPool.scan(ForkJoinPool.java:1656)
	at java.base/java.util.concurrent.ForkJoinPool.runWorker(ForkJoinPool.java:1594)
	at java.base/java.util.concurrent.ForkJoinWorkerThread.run(ForkJoinWorkerThread.java:183)
Caused by: org.eclipse.lsp4j.jsonrpc.JsonRpcException: java.io.IOException: 파이프가 닫히는 중입니다
	at org.eclipse.lsp4j.jsonrpc.json.StreamMessageConsumer.consume(StreamMessageConsumer.java:72)
	at org.eclipse.lsp4e.LanguageServerWrapper.lambda$4(LanguageServerWrapper.java:260)
	at org.eclipse.lsp4j.jsonrpc.RemoteEndpoint.request(RemoteEndpoint.java:161)
	at org.eclipse.lsp4j.jsonrpc.services.EndpointProxy.invoke(EndpointProxy.java:91)
	at com.sun.proxy.$Proxy49.shutdown(Unknown Source)
	at org.eclipse.lsp4e.LanguageServerWrapper.lambda$13(LanguageServerWrapper.java:423)
	... 7 more
Caused by: java.io.IOException: 파이프가 닫히는 중입니다
	at java.base/java.io.FileOutputStream.writeBytes(Native Method)
	at java.base/java.io.FileOutputStream.write(FileOutputStream.java:354)
	at java.base/java.io.BufferedOutputStream.flushBuffer(BufferedOutputStream.java:81)
	at java.base/java.io.BufferedOutputStream.flush(BufferedOutputStream.java:142)
	at org.eclipse.lsp4j.jsonrpc.json.StreamMessageConsumer.consume(StreamMessageConsumer.java:69)
	... 12 more

!ENTRY org.eclipse.lsp4e 4 0 2025-06-25 19:07:58.622
!MESSAGE java.util.concurrent.CancellationException
!STACK 0
java.util.concurrent.ExecutionException: java.util.concurrent.CancellationException
	at java.base/java.util.concurrent.CompletableFuture.reportGet(CompletableFuture.java:395)
	at java.base/java.util.concurrent.CompletableFuture.get(CompletableFuture.java:2028)
	at org.eclipse.lsp4e.LanguageServerWrapper.getServerCapabilities(LanguageServerWrapper.java:699)
	at org.eclipse.lsp4e.LanguageServiceAccessor.lambda$15(LanguageServiceAccessor.java:590)
	at java.base/java.util.concurrent.CompletableFuture$UniCompose.tryFire(CompletableFuture.java:1072)
	at java.base/java.util.concurrent.CompletableFuture$Completion.exec(CompletableFuture.java:479)
	at java.base/java.util.concurrent.ForkJoinTask.doExec(ForkJoinTask.java:290)
	at java.base/java.util.concurrent.ForkJoinPool$WorkQueue.topLevelExec(ForkJoinPool.java:1020)
	at java.base/java.util.concurrent.ForkJoinPool.scan(ForkJoinPool.java:1656)
	at java.base/java.util.concurrent.ForkJoinPool.runWorker(ForkJoinPool.java:1594)
	at java.base/java.util.concurrent.ForkJoinWorkerThread.run(ForkJoinWorkerThread.java:183)
Caused by: java.util.concurrent.CancellationException
	at java.base/java.util.concurrent.CompletableFuture.cancel(CompletableFuture.java:2402)
	at org.eclipse.lsp4e.LanguageServerWrapper.stop(LanguageServerWrapper.java:410)
	at org.eclipse.lsp4e.LanguageServerWrapper.start(LanguageServerWrapper.java:212)
	at org.eclipse.lsp4e.LanguageServerWrapper.getInitializedServer(LanguageServerWrapper.java:667)
	at org.eclipse.lsp4e.LanguageServiceAccessor.lambda$14(LanguageServiceAccessor.java:589)
	at java.base/java.util.stream.ReferencePipeline$3$1.accept(ReferencePipeline.java:195)
	at java.base/java.util.Iterator.forEachRemaining(Iterator.java:133)
	at java.base/java.util.Spliterators$IteratorSpliterator.forEachRemaining(Spliterators.java:1801)
	at java.base/java.util.stream.AbstractPipeline.copyInto(AbstractPipeline.java:484)
	at java.base/java.util.stream.AbstractPipeline.wrapAndCopyInto(AbstractPipeline.java:474)
	at java.base/java.util.stream.AbstractPipeline.evaluate(AbstractPipeline.java:550)
	at java.base/java.util.stream.AbstractPipeline.evaluateToArrayNode(AbstractPipeline.java:260)
	at java.base/java.util.stream.ReferencePipeline.toArray(ReferencePipeline.java:517)
	at org.eclipse.lsp4e.LanguageServiceAccessor.getLanguageServers(LanguageServiceAccessor.java:602)
	at org.eclipse.lsp4e.operations.codelens.CodeLensProvider.provideCodeMinings(CodeLensProvider.java:41)
	at org.eclipse.lsp4e.operations.codelens.CodeLensProvider.provideCodeMinings(CodeLensProvider.java:73)
	at org.eclipse.jface.internal.text.codemining.CodeMiningManager.lambda$2(CodeMiningManager.java:189)
	at java.base/java.util.stream.ReferencePipeline$3$1.accept(ReferencePipeline.java:195)
	at java.base/java.util.Spliterators$ArraySpliterator.forEachRemaining(Spliterators.java:948)
	at java.base/java.util.stream.AbstractPipeline.copyInto(AbstractPipeline.java:484)
	at java.base/java.util.stream.AbstractPipeline.wrapAndCopyInto(AbstractPipeline.java:474)
	at java.base/java.util.stream.ReduceOps$ReduceOp.evaluateSequential(ReduceOps.java:913)
	at java.base/java.util.stream.AbstractPipeline.evaluate(AbstractPipeline.java:234)
	at java.base/java.util.stream.ReferencePipeline.collect(ReferencePipeline.java:578)
	at org.eclipse.jface.internal.text.codemining.CodeMiningManager.getCodeMinings(CodeMiningManager.java:195)
	at org.eclipse.jface.internal.text.codemining.CodeMiningManager.updateCodeMinings(CodeMiningManager.java:140)
	at org.eclipse.jface.internal.text.codemining.CodeMiningManager.run(CodeMiningManager.java:129)
	at org.eclipse.jface.text.source.SourceViewer.updateCodeMinings(SourceViewer.java:1313)
	at org.springframework.tooling.ls.eclipse.commons.STS4LanguageClientImpl.lambda$9(STS4LanguageClientImpl.java:409)
	at org.springframework.tooling.jdt.ls.commons.classpath.ReusableClasspathListenerHandler$CallbackJob.lambda$0(ReusableClasspathListenerHandler.java:77)
	at java.base/java.lang.Iterable.forEach(Iterable.java:75)
	at org.springframework.tooling.jdt.ls.commons.classpath.ReusableClasspathListenerHandler$CallbackJob.run(ReusableClasspathListenerHandler.java:77)
	at org.eclipse.core.internal.jobs.Worker.run(Worker.java:63)

!ENTRY org.springframework.tooling.ls.eclipse.commons 1 0 2025-06-25 19:07:58.622
!MESSAGE Entering DelegatingStreamConnectionProvider()

!ENTRY org.springframework.tooling.ls.eclipse.commons 1 0 2025-06-25 19:07:58.623
!MESSAGE DelegatingStreamConnectionProvider classloader = org.eclipse.osgi.internal.loader.EquinoxClassLoader@500e5b3f[org.springframework.tooling.boot.ls:1.28.0.202109130547(id=1001)]

!ENTRY org.eclipse.lsp4e 4 0 2025-06-25 19:07:58.623
!MESSAGE org.eclipse.lsp4j.jsonrpc.JsonRpcException: java.io.IOException: 파이프가 닫히는 중입니다
!STACK 0
java.util.concurrent.ExecutionException: org.eclipse.lsp4j.jsonrpc.JsonRpcException: java.io.IOException: 파이프가 닫히는 중입니다
	at java.base/java.util.concurrent.CompletableFuture.reportGet(CompletableFuture.java:395)
	at java.base/java.util.concurrent.CompletableFuture.get(CompletableFuture.java:2028)
	at org.eclipse.lsp4e.LanguageServerWrapper.lambda$13(LanguageServerWrapper.java:425)
	at java.base/java.util.concurrent.CompletableFuture$AsyncRun.run(CompletableFuture.java:1736)
	at java.base/java.util.concurrent.CompletableFuture$AsyncRun.exec(CompletableFuture.java:1728)
	at java.base/java.util.concurrent.ForkJoinTask.doExec(ForkJoinTask.java:290)
	at java.base/java.util.concurrent.ForkJoinPool$WorkQueue.topLevelExec(ForkJoinPool.java:1020)
	at java.base/java.util.concurrent.ForkJoinPool.scan(ForkJoinPool.java:1656)
	at java.base/java.util.concurrent.ForkJoinPool.runWorker(ForkJoinPool.java:1594)
	at java.base/java.util.concurrent.ForkJoinWorkerThread.run(ForkJoinWorkerThread.java:183)
Caused by: org.eclipse.lsp4j.jsonrpc.JsonRpcException: java.io.IOException: 파이프가 닫히는 중입니다
	at org.eclipse.lsp4j.jsonrpc.json.StreamMessageConsumer.consume(StreamMessageConsumer.java:72)
	at org.eclipse.lsp4e.LanguageServerWrapper.lambda$4(LanguageServerWrapper.java:260)
	at org.eclipse.lsp4j.jsonrpc.RemoteEndpoint.request(RemoteEndpoint.java:161)
	at org.eclipse.lsp4j.jsonrpc.services.EndpointProxy.invoke(EndpointProxy.java:91)
	at com.sun.proxy.$Proxy49.shutdown(Unknown Source)
	at org.eclipse.lsp4e.LanguageServerWrapper.lambda$13(LanguageServerWrapper.java:423)
	... 7 more
Caused by: java.io.IOException: 파이프가 닫히는 중입니다
	at java.base/java.io.FileOutputStream.writeBytes(Native Method)
	at java.base/java.io.FileOutputStream.write(FileOutputStream.java:354)
	at java.base/java.io.BufferedOutputStream.flushBuffer(BufferedOutputStream.java:81)
	at java.base/java.io.BufferedOutputStream.flush(BufferedOutputStream.java:142)
	at org.eclipse.lsp4j.jsonrpc.json.StreamMessageConsumer.consume(StreamMessageConsumer.java:69)
	... 12 more

!ENTRY org.springframework.tooling.ls.eclipse.commons 1 0 2025-06-25 19:07:58.623
!MESSAGE Entering DelegatingStreamConnectionProvider()

!ENTRY org.eclipse.lsp4e 4 0 2025-06-25 19:07:58.624
!MESSAGE org.eclipse.lsp4j.jsonrpc.JsonRpcException: java.io.IOException: 파이프가 닫히는 중입니다
!STACK 0
java.util.concurrent.ExecutionException: org.eclipse.lsp4j.jsonrpc.JsonRpcException: java.io.IOException: 파이프가 닫히는 중입니다
	at java.base/java.util.concurrent.CompletableFuture.reportGet(CompletableFuture.java:395)
	at java.base/java.util.concurrent.CompletableFuture.get(CompletableFuture.java:2028)
	at org.eclipse.lsp4e.LanguageServerWrapper.lambda$13(LanguageServerWrapper.java:425)
	at java.base/java.util.concurrent.CompletableFuture$AsyncRun.run(CompletableFuture.java:1736)
	at java.base/java.util.concurrent.CompletableFuture$AsyncRun.exec(CompletableFuture.java:1728)
	at java.base/java.util.concurrent.ForkJoinTask.doExec(ForkJoinTask.java:290)
	at java.base/java.util.concurrent.ForkJoinPool$WorkQueue.topLevelExec(ForkJoinPool.java:1020)
	at java.base/java.util.concurrent.ForkJoinPool.scan(ForkJoinPool.java:1656)
	at java.base/java.util.concurrent.ForkJoinPool.runWorker(ForkJoinPool.java:1594)
	at java.base/java.util.concurrent.ForkJoinWorkerThread.run(ForkJoinWorkerThread.java:183)
Caused by: org.eclipse.lsp4j.jsonrpc.JsonRpcException: java.io.IOException: 파이프가 닫히는 중입니다
	at org.eclipse.lsp4j.jsonrpc.json.StreamMessageConsumer.consume(StreamMessageConsumer.java:72)
	at org.eclipse.lsp4e.LanguageServerWrapper.lambda$4(LanguageServerWrapper.java:260)
	at org.eclipse.lsp4j.jsonrpc.RemoteEndpoint.request(RemoteEndpoint.java:161)
	at org.eclipse.lsp4j.jsonrpc.services.EndpointProxy.invoke(EndpointProxy.java:91)
	at com.sun.proxy.$Proxy49.shutdown(Unknown Source)
	at org.eclipse.lsp4e.LanguageServerWrapper.lambda$13(LanguageServerWrapper.java:423)
	... 7 more
Caused by: java.io.IOException: 파이프가 닫히는 중입니다
	at java.base/java.io.FileOutputStream.writeBytes(Native Method)
	at java.base/java.io.FileOutputStream.write(FileOutputStream.java:354)
	at java.base/java.io.BufferedOutputStream.flushBuffer(BufferedOutputStream.java:81)
	at java.base/java.io.BufferedOutputStream.flush(BufferedOutputStream.java:142)
	at org.eclipse.lsp4j.jsonrpc.json.StreamMessageConsumer.consume(StreamMessageConsumer.java:69)
	... 12 more

!ENTRY org.springframework.tooling.ls.eclipse.commons 1 0 2025-06-25 19:07:58.624
!MESSAGE Entering DelegatingStreamConnectionProvider()

!ENTRY org.eclipse.lsp4e 4 0 2025-06-25 19:07:58.624
!MESSAGE org.eclipse.lsp4j.jsonrpc.JsonRpcException: java.io.IOException: 파이프가 닫히는 중입니다
!STACK 0
java.util.concurrent.ExecutionException: org.eclipse.lsp4j.jsonrpc.JsonRpcException: java.io.IOException: 파이프가 닫히는 중입니다
	at java.base/java.util.concurrent.CompletableFuture.reportGet(CompletableFuture.java:395)
	at java.base/java.util.concurrent.CompletableFuture.get(CompletableFuture.java:2028)
	at org.eclipse.lsp4e.LanguageServerWrapper.lambda$13(LanguageServerWrapper.java:425)
	at java.base/java.util.concurrent.CompletableFuture$AsyncRun.run(CompletableFuture.java:1736)
	at java.base/java.util.concurrent.CompletableFuture$AsyncRun.exec(CompletableFuture.java:1728)
	at java.base/java.util.concurrent.ForkJoinTask.doExec(ForkJoinTask.java:290)
	at java.base/java.util.concurrent.ForkJoinPool$WorkQueue.topLevelExec(ForkJoinPool.java:1020)
	at java.base/java.util.concurrent.ForkJoinPool.scan(ForkJoinPool.java:1656)
	at java.base/java.util.concurrent.ForkJoinPool.runWorker(ForkJoinPool.java:1594)
	at java.base/java.util.concurrent.ForkJoinWorkerThread.run(ForkJoinWorkerThread.java:183)
Caused by: org.eclipse.lsp4j.jsonrpc.JsonRpcException: java.io.IOException: 파이프가 닫히는 중입니다
	at org.eclipse.lsp4j.jsonrpc.json.StreamMessageConsumer.consume(StreamMessageConsumer.java:72)
	at org.eclipse.lsp4e.LanguageServerWrapper.lambda$4(LanguageServerWrapper.java:260)
	at org.eclipse.lsp4j.jsonrpc.RemoteEndpoint.request(RemoteEndpoint.java:161)
	at org.eclipse.lsp4j.jsonrpc.services.EndpointProxy.invoke(EndpointProxy.java:91)
	at com.sun.proxy.$Proxy49.shutdown(Unknown Source)
	at org.eclipse.lsp4e.LanguageServerWrapper.lambda$13(LanguageServerWrapper.java:423)
	... 7 more
Caused by: java.io.IOException: 파이프가 닫히는 중입니다
	at java.base/java.io.FileOutputStream.writeBytes(Native Method)
	at java.base/java.io.FileOutputStream.write(FileOutputStream.java:354)
	at java.base/java.io.BufferedOutputStream.flushBuffer(BufferedOutputStream.java:81)
	at java.base/java.io.BufferedOutputStream.flush(BufferedOutputStream.java:142)
	at org.eclipse.lsp4j.jsonrpc.json.StreamMessageConsumer.consume(StreamMessageConsumer.java:69)
	... 12 more

!ENTRY org.springframework.tooling.ls.eclipse.commons 1 0 2025-06-25 19:07:58.625
!MESSAGE DelegatingStreamConnectionProvider classloader = org.eclipse.osgi.internal.loader.EquinoxClassLoader@500e5b3f[org.springframework.tooling.boot.ls:1.28.0.202109130547(id=1001)]

!ENTRY org.springframework.tooling.ls.eclipse.commons 1 0 2025-06-25 19:07:58.625
!MESSAGE Entering DelegatingStreamConnectionProvider()

!ENTRY org.eclipse.jface.text 4 0 2025-06-25 19:07:58.625
!MESSAGE org.eclipse.lsp4j.jsonrpc.JsonRpcException: java.io.IOException: 파이프가 닫히는 중입니다
!STACK 0
java.util.concurrent.CompletionException: org.eclipse.lsp4j.jsonrpc.JsonRpcException: java.io.IOException: 파이프가 닫히는 중입니다
	at java.base/java.util.concurrent.CompletableFuture.encodeRelay(CompletableFuture.java:367)
	at java.base/java.util.concurrent.CompletableFuture.completeRelay(CompletableFuture.java:376)
	at java.base/java.util.concurrent.CompletableFuture$UniCompose.tryFire(CompletableFuture.java:1074)
	at java.base/java.util.concurrent.CompletableFuture.postComplete(CompletableFuture.java:506)
	at java.base/java.util.concurrent.CompletableFuture$AsyncSupply.run(CompletableFuture.java:1705)
	at java.base/java.util.concurrent.CompletableFuture$AsyncSupply.exec(CompletableFuture.java:1692)
	at java.base/java.util.concurrent.ForkJoinTask.doExec(ForkJoinTask.java:290)
	at java.base/java.util.concurrent.ForkJoinPool$WorkQueue.topLevelExec(ForkJoinPool.java:1020)
	at java.base/java.util.concurrent.ForkJoinPool.scan(ForkJoinPool.java:1656)
	at java.base/java.util.concurrent.ForkJoinPool.runWorker(ForkJoinPool.java:1594)
	at java.base/java.util.concurrent.ForkJoinWorkerThread.run(ForkJoinWorkerThread.java:183)
Caused by: org.eclipse.lsp4j.jsonrpc.JsonRpcException: java.io.IOException: 파이프가 닫히는 중입니다
	at org.eclipse.lsp4j.jsonrpc.json.StreamMessageConsumer.consume(StreamMessageConsumer.java:72)
	at org.eclipse.lsp4e.LanguageServerWrapper.lambda$4(LanguageServerWrapper.java:260)
	at org.eclipse.lsp4j.jsonrpc.RemoteEndpoint.request(RemoteEndpoint.java:161)
	at org.eclipse.lsp4j.jsonrpc.services.EndpointProxy.invoke(EndpointProxy.java:91)
	at com.sun.proxy.$Proxy49.initialize(Unknown Source)
	at org.eclipse.lsp4e.LanguageServerWrapper.lambda$8(LanguageServerWrapper.java:359)
	at java.base/java.util.concurrent.CompletableFuture$UniCompose.tryFire(CompletableFuture.java:1072)
	... 8 more
Caused by: java.io.IOException: 파이프가 닫히는 중입니다
	at java.base/java.io.FileOutputStream.writeBytes(Native Method)
	at java.base/java.io.FileOutputStream.write(FileOutputStream.java:354)
	at java.base/java.io.BufferedOutputStream.flushBuffer(BufferedOutputStream.java:81)
	at java.base/java.io.BufferedOutputStream.flush(BufferedOutputStream.java:142)
	at org.eclipse.lsp4j.jsonrpc.json.StreamMessageConsumer.consume(StreamMessageConsumer.java:69)
	... 14 more

!ENTRY org.eclipse.jface.text 4 0 2025-06-25 19:07:58.626
!MESSAGE org.eclipse.lsp4j.jsonrpc.JsonRpcException: java.io.IOException: 파이프가 닫히는 중입니다
!STACK 0
java.util.concurrent.CompletionException: org.eclipse.lsp4j.jsonrpc.JsonRpcException: java.io.IOException: 파이프가 닫히는 중입니다
	at java.base/java.util.concurrent.CompletableFuture.encodeRelay(CompletableFuture.java:367)
	at java.base/java.util.concurrent.CompletableFuture.completeRelay(CompletableFuture.java:376)
	at java.base/java.util.concurrent.CompletableFuture$UniCompose.tryFire(CompletableFuture.java:1074)
	at java.base/java.util.concurrent.CompletableFuture.postComplete(CompletableFuture.java:506)
	at java.base/java.util.concurrent.CompletableFuture$AsyncSupply.run(CompletableFuture.java:1705)
	at java.base/java.util.concurrent.CompletableFuture$AsyncSupply.exec(CompletableFuture.java:1692)
	at java.base/java.util.concurrent.ForkJoinTask.doExec(ForkJoinTask.java:290)
	at java.base/java.util.concurrent.ForkJoinPool$WorkQueue.topLevelExec(ForkJoinPool.java:1020)
	at java.base/java.util.concurrent.ForkJoinPool.scan(ForkJoinPool.java:1656)
	at java.base/java.util.concurrent.ForkJoinPool.runWorker(ForkJoinPool.java:1594)
	at java.base/java.util.concurrent.ForkJoinWorkerThread.run(ForkJoinWorkerThread.java:183)
Caused by: org.eclipse.lsp4j.jsonrpc.JsonRpcException: java.io.IOException: 파이프가 닫히는 중입니다
	at org.eclipse.lsp4j.jsonrpc.json.StreamMessageConsumer.consume(StreamMessageConsumer.java:72)
	at org.eclipse.lsp4e.LanguageServerWrapper.lambda$4(LanguageServerWrapper.java:260)
	at org.eclipse.lsp4j.jsonrpc.RemoteEndpoint.request(RemoteEndpoint.java:161)
	at org.eclipse.lsp4j.jsonrpc.services.EndpointProxy.invoke(EndpointProxy.java:91)
	at com.sun.proxy.$Proxy49.initialize(Unknown Source)
	at org.eclipse.lsp4e.LanguageServerWrapper.lambda$8(LanguageServerWrapper.java:359)
	at java.base/java.util.concurrent.CompletableFuture$UniCompose.tryFire(CompletableFuture.java:1072)
	... 8 more
Caused by: java.io.IOException: 파이프가 닫히는 중입니다
	at java.base/java.io.FileOutputStream.writeBytes(Native Method)
	at java.base/java.io.FileOutputStream.write(FileOutputStream.java:354)
	at java.base/java.io.BufferedOutputStream.flushBuffer(BufferedOutputStream.java:81)
	at java.base/java.io.BufferedOutputStream.flush(BufferedOutputStream.java:142)
	at org.eclipse.lsp4j.jsonrpc.json.StreamMessageConsumer.consume(StreamMessageConsumer.java:69)
	... 14 more

!ENTRY org.springframework.tooling.ls.eclipse.commons 1 0 2025-06-25 19:07:58.627
!MESSAGE DelegatingStreamConnectionProvider classloader = org.eclipse.osgi.internal.loader.EquinoxClassLoader@500e5b3f[org.springframework.tooling.boot.ls:1.28.0.202109130547(id=1001)]

!ENTRY org.eclipse.lsp4e 4 0 2025-06-25 19:07:58.627
!MESSAGE org.eclipse.lsp4j.jsonrpc.JsonRpcException: java.io.IOException: 파이프가 닫히는 중입니다
!STACK 0
java.util.concurrent.ExecutionException: org.eclipse.lsp4j.jsonrpc.JsonRpcException: java.io.IOException: 파이프가 닫히는 중입니다
	at java.base/java.util.concurrent.CompletableFuture.reportGet(CompletableFuture.java:395)
	at java.base/java.util.concurrent.CompletableFuture.get(CompletableFuture.java:2028)
	at org.eclipse.lsp4e.LanguageServerWrapper.lambda$13(LanguageServerWrapper.java:425)
	at java.base/java.util.concurrent.CompletableFuture$AsyncRun.run(CompletableFuture.java:1736)
	at java.base/java.util.concurrent.CompletableFuture$AsyncRun.exec(CompletableFuture.java:1728)
	at java.base/java.util.concurrent.ForkJoinTask.doExec(ForkJoinTask.java:290)
	at java.base/java.util.concurrent.ForkJoinPool$WorkQueue.topLevelExec(ForkJoinPool.java:1020)
	at java.base/java.util.concurrent.ForkJoinPool.scan(ForkJoinPool.java:1656)
	at java.base/java.util.concurrent.ForkJoinPool.runWorker(ForkJoinPool.java:1594)
	at java.base/java.util.concurrent.ForkJoinWorkerThread.run(ForkJoinWorkerThread.java:183)
Caused by: org.eclipse.lsp4j.jsonrpc.JsonRpcException: java.io.IOException: 파이프가 닫히는 중입니다
	at org.eclipse.lsp4j.jsonrpc.json.StreamMessageConsumer.consume(StreamMessageConsumer.java:72)
	at org.eclipse.lsp4e.LanguageServerWrapper.lambda$4(LanguageServerWrapper.java:260)
	at org.eclipse.lsp4j.jsonrpc.RemoteEndpoint.request(RemoteEndpoint.java:161)
	at org.eclipse.lsp4j.jsonrpc.services.EndpointProxy.invoke(EndpointProxy.java:91)
	at com.sun.proxy.$Proxy49.shutdown(Unknown Source)
	at org.eclipse.lsp4e.LanguageServerWrapper.lambda$13(LanguageServerWrapper.java:423)
	... 7 more
Caused by: java.io.IOException: 파이프가 닫히는 중입니다
	at java.base/java.io.FileOutputStream.writeBytes(Native Method)
	at java.base/java.io.FileOutputStream.write(FileOutputStream.java:354)
	at java.base/java.io.BufferedOutputStream.flushBuffer(BufferedOutputStream.java:81)
	at java.base/java.io.BufferedOutputStream.flush(BufferedOutputStream.java:142)
	at org.eclipse.lsp4j.jsonrpc.json.StreamMessageConsumer.consume(StreamMessageConsumer.java:69)
	... 12 more

!ENTRY org.springframework.tooling.ls.eclipse.commons 1 0 2025-06-25 19:07:58.628
!MESSAGE Entering DelegatingStreamConnectionProvider()

!ENTRY org.springframework.tooling.ls.eclipse.commons 1 0 2025-06-25 19:07:58.628
!MESSAGE DelegatingStreamConnectionProvider classloader = org.eclipse.osgi.internal.loader.EquinoxClassLoader@500e5b3f[org.springframework.tooling.boot.ls:1.28.0.202109130547(id=1001)]

!ENTRY org.springframework.tooling.ls.eclipse.commons 1 0 2025-06-25 19:07:58.628
!MESSAGE SpringBootLanguageServer exists!

!ENTRY org.eclipse.lsp4e 4 0 2025-06-25 19:07:58.630
!MESSAGE org.eclipse.lsp4j.jsonrpc.JsonRpcException: java.io.IOException: 파이프가 닫히는 중입니다
!STACK 0
java.util.concurrent.ExecutionException: org.eclipse.lsp4j.jsonrpc.JsonRpcException: java.io.IOException: 파이프가 닫히는 중입니다
	at java.base/java.util.concurrent.CompletableFuture.reportGet(CompletableFuture.java:395)
	at java.base/java.util.concurrent.CompletableFuture.get(CompletableFuture.java:2028)
	at org.eclipse.lsp4e.LanguageServerWrapper.lambda$13(LanguageServerWrapper.java:425)
	at java.base/java.util.concurrent.CompletableFuture$AsyncRun.run(CompletableFuture.java:1736)
	at java.base/java.util.concurrent.CompletableFuture$AsyncRun.exec(CompletableFuture.java:1728)
	at java.base/java.util.concurrent.ForkJoinTask.doExec(ForkJoinTask.java:290)
	at java.base/java.util.concurrent.ForkJoinPool$WorkQueue.topLevelExec(ForkJoinPool.java:1020)
	at java.base/java.util.concurrent.ForkJoinPool.scan(ForkJoinPool.java:1656)
	at java.base/java.util.concurrent.ForkJoinPool.runWorker(ForkJoinPool.java:1594)
	at java.base/java.util.concurrent.ForkJoinWorkerThread.run(ForkJoinWorkerThread.java:183)
Caused by: org.eclipse.lsp4j.jsonrpc.JsonRpcException: java.io.IOException: 파이프가 닫히는 중입니다
	at org.eclipse.lsp4j.jsonrpc.json.StreamMessageConsumer.consume(StreamMessageConsumer.java:72)
	at org.eclipse.lsp4e.LanguageServerWrapper.lambda$4(LanguageServerWrapper.java:260)
	at org.eclipse.lsp4j.jsonrpc.RemoteEndpoint.request(RemoteEndpoint.java:161)
	at org.eclipse.lsp4j.jsonrpc.services.EndpointProxy.invoke(EndpointProxy.java:91)
	at com.sun.proxy.$Proxy49.shutdown(Unknown Source)
	at org.eclipse.lsp4e.LanguageServerWrapper.lambda$13(LanguageServerWrapper.java:423)
	... 7 more
Caused by: java.io.IOException: 파이프가 닫히는 중입니다
	at java.base/java.io.FileOutputStream.writeBytes(Native Method)
	at java.base/java.io.FileOutputStream.write(FileOutputStream.java:354)
	at java.base/java.io.BufferedOutputStream.flushBuffer(BufferedOutputStream.java:81)
	at java.base/java.io.BufferedOutputStream.flush(BufferedOutputStream.java:142)
	at org.eclipse.lsp4j.jsonrpc.json.StreamMessageConsumer.consume(StreamMessageConsumer.java:69)
	... 12 more

!ENTRY org.eclipse.lsp4e 4 0 2025-06-25 19:07:58.630
!MESSAGE org.eclipse.lsp4j.jsonrpc.JsonRpcException: java.io.IOException: 파이프가 닫히는 중입니다
!STACK 0
java.util.concurrent.ExecutionException: org.eclipse.lsp4j.jsonrpc.JsonRpcException: java.io.IOException: 파이프가 닫히는 중입니다
	at java.base/java.util.concurrent.CompletableFuture.reportGet(CompletableFuture.java:395)
	at java.base/java.util.concurrent.CompletableFuture.get(CompletableFuture.java:2028)
	at org.eclipse.lsp4e.LanguageServerWrapper.lambda$13(LanguageServerWrapper.java:425)
	at java.base/java.util.concurrent.CompletableFuture$AsyncRun.run(CompletableFuture.java:1736)
	at java.base/java.util.concurrent.CompletableFuture$AsyncRun.exec(CompletableFuture.java:1728)
	at java.base/java.util.concurrent.ForkJoinTask.doExec(ForkJoinTask.java:290)
	at java.base/java.util.concurrent.ForkJoinPool$WorkQueue.topLevelExec(ForkJoinPool.java:1020)
	at java.base/java.util.concurrent.ForkJoinPool.scan(ForkJoinPool.java:1656)
	at java.base/java.util.concurrent.ForkJoinPool.runWorker(ForkJoinPool.java:1594)
	at java.base/java.util.concurrent.ForkJoinWorkerThread.run(ForkJoinWorkerThread.java:183)
Caused by: org.eclipse.lsp4j.jsonrpc.JsonRpcException: java.io.IOException: 파이프가 닫히는 중입니다
	at org.eclipse.lsp4j.jsonrpc.json.StreamMessageConsumer.consume(StreamMessageConsumer.java:72)
	at org.eclipse.lsp4e.LanguageServerWrapper.lambda$4(LanguageServerWrapper.java:260)
	at org.eclipse.lsp4j.jsonrpc.RemoteEndpoint.request(RemoteEndpoint.java:161)
	at org.eclipse.lsp4j.jsonrpc.services.EndpointProxy.invoke(EndpointProxy.java:91)
	at com.sun.proxy.$Proxy49.shutdown(Unknown Source)
	at org.eclipse.lsp4e.LanguageServerWrapper.lambda$13(LanguageServerWrapper.java:423)
	... 7 more
Caused by: java.io.IOException: 파이프가 닫히는 중입니다
	at java.base/java.io.FileOutputStream.writeBytes(Native Method)
	at java.base/java.io.FileOutputStream.write(FileOutputStream.java:354)
	at java.base/java.io.BufferedOutputStream.flushBuffer(BufferedOutputStream.java:81)
	at java.base/java.io.BufferedOutputStream.flush(BufferedOutputStream.java:142)
	at org.eclipse.lsp4j.jsonrpc.json.StreamMessageConsumer.consume(StreamMessageConsumer.java:69)
	... 12 more

!ENTRY org.springframework.tooling.ls.eclipse.commons 1 0 2025-06-25 19:07:58.631
!MESSAGE Entering DelegatingStreamConnectionProvider()

!ENTRY org.springframework.tooling.ls.eclipse.commons 1 0 2025-06-25 19:07:58.631
!MESSAGE Entering DelegatingStreamConnectionProvider()

!ENTRY org.springframework.tooling.ls.eclipse.commons 1 0 2025-06-25 19:07:58.631
!MESSAGE DelegatingStreamConnectionProvider classloader = org.eclipse.osgi.internal.loader.EquinoxClassLoader@500e5b3f[org.springframework.tooling.boot.ls:1.28.0.202109130547(id=1001)]

!ENTRY org.springframework.tooling.ls.eclipse.commons 1 0 2025-06-25 19:07:58.632
!MESSAGE DelegatingStreamConnectionProvider classloader = org.eclipse.osgi.internal.loader.EquinoxClassLoader@500e5b3f[org.springframework.tooling.boot.ls:1.28.0.202109130547(id=1001)]

!ENTRY org.springframework.tooling.ls.eclipse.commons 1 0 2025-06-25 19:07:58.632
!MESSAGE SpringBootLanguageServer exists!

!ENTRY org.eclipse.lsp4e 4 0 2025-06-25 19:07:58.632
!MESSAGE org.eclipse.lsp4j.jsonrpc.JsonRpcException: java.io.IOException: 파이프가 닫히는 중입니다
!STACK 0
java.util.concurrent.ExecutionException: org.eclipse.lsp4j.jsonrpc.JsonRpcException: java.io.IOException: 파이프가 닫히는 중입니다
	at java.base/java.util.concurrent.CompletableFuture.reportGet(CompletableFuture.java:395)
	at java.base/java.util.concurrent.CompletableFuture.get(CompletableFuture.java:2028)
	at org.eclipse.lsp4e.LanguageServerWrapper.lambda$13(LanguageServerWrapper.java:425)
	at java.base/java.util.concurrent.CompletableFuture$AsyncRun.run(CompletableFuture.java:1736)
	at java.base/java.util.concurrent.CompletableFuture$AsyncRun.exec(CompletableFuture.java:1728)
	at java.base/java.util.concurrent.ForkJoinTask.doExec(ForkJoinTask.java:290)
	at java.base/java.util.concurrent.ForkJoinPool$WorkQueue.topLevelExec(ForkJoinPool.java:1020)
	at java.base/java.util.concurrent.ForkJoinPool.scan(ForkJoinPool.java:1656)
	at java.base/java.util.concurrent.ForkJoinPool.runWorker(ForkJoinPool.java:1594)
	at java.base/java.util.concurrent.ForkJoinWorkerThread.run(ForkJoinWorkerThread.java:183)
Caused by: org.eclipse.lsp4j.jsonrpc.JsonRpcException: java.io.IOException: 파이프가 닫히는 중입니다
	at org.eclipse.lsp4j.jsonrpc.json.StreamMessageConsumer.consume(StreamMessageConsumer.java:72)
	at org.eclipse.lsp4e.LanguageServerWrapper.lambda$4(LanguageServerWrapper.java:260)
	at org.eclipse.lsp4j.jsonrpc.RemoteEndpoint.request(RemoteEndpoint.java:161)
	at org.eclipse.lsp4j.jsonrpc.services.EndpointProxy.invoke(EndpointProxy.java:91)
	at com.sun.proxy.$Proxy49.shutdown(Unknown Source)
	at org.eclipse.lsp4e.LanguageServerWrapper.lambda$13(LanguageServerWrapper.java:423)
	... 7 more
Caused by: java.io.IOException: 파이프가 닫히는 중입니다
	at java.base/java.io.FileOutputStream.writeBytes(Native Method)
	at java.base/java.io.FileOutputStream.write(FileOutputStream.java:354)
	at java.base/java.io.BufferedOutputStream.flushBuffer(BufferedOutputStream.java:81)
	at java.base/java.io.BufferedOutputStream.flush(BufferedOutputStream.java:142)
	at org.eclipse.lsp4j.jsonrpc.json.StreamMessageConsumer.consume(StreamMessageConsumer.java:69)
	... 12 more

!ENTRY org.springframework.tooling.ls.eclipse.commons 1 0 2025-06-25 19:07:58.633
!MESSAGE Entering DelegatingStreamConnectionProvider()

!ENTRY org.eclipse.lsp4e 4 0 2025-06-25 19:07:58.633
!MESSAGE org.eclipse.lsp4j.jsonrpc.JsonRpcException: java.io.IOException: 파이프가 닫히는 중입니다
!STACK 0
java.util.concurrent.ExecutionException: org.eclipse.lsp4j.jsonrpc.JsonRpcException: java.io.IOException: 파이프가 닫히는 중입니다
	at java.base/java.util.concurrent.CompletableFuture.reportGet(CompletableFuture.java:395)
	at java.base/java.util.concurrent.CompletableFuture.get(CompletableFuture.java:2028)
	at org.eclipse.lsp4e.LanguageServerWrapper.lambda$13(LanguageServerWrapper.java:425)
	at java.base/java.util.concurrent.CompletableFuture$AsyncRun.run(CompletableFuture.java:1736)
	at java.base/java.util.concurrent.CompletableFuture$AsyncRun.exec(CompletableFuture.java:1728)
	at java.base/java.util.concurrent.ForkJoinTask.doExec(ForkJoinTask.java:290)
	at java.base/java.util.concurrent.ForkJoinPool$WorkQueue.topLevelExec(ForkJoinPool.java:1020)
	at java.base/java.util.concurrent.ForkJoinPool.scan(ForkJoinPool.java:1656)
	at java.base/java.util.concurrent.ForkJoinPool.runWorker(ForkJoinPool.java:1594)
	at java.base/java.util.concurrent.ForkJoinWorkerThread.run(ForkJoinWorkerThread.java:183)
Caused by: org.eclipse.lsp4j.jsonrpc.JsonRpcException: java.io.IOException: 파이프가 닫히는 중입니다
	at org.eclipse.lsp4j.jsonrpc.json.StreamMessageConsumer.consume(StreamMessageConsumer.java:72)
	at org.eclipse.lsp4e.LanguageServerWrapper.lambda$4(LanguageServerWrapper.java:260)
	at org.eclipse.lsp4j.jsonrpc.RemoteEndpoint.request(RemoteEndpoint.java:161)
	at org.eclipse.lsp4j.jsonrpc.services.EndpointProxy.invoke(EndpointProxy.java:91)
	at com.sun.proxy.$Proxy49.shutdown(Unknown Source)
	at org.eclipse.lsp4e.LanguageServerWrapper.lambda$13(LanguageServerWrapper.java:423)
	... 7 more
Caused by: java.io.IOException: 파이프가 닫히는 중입니다
	at java.base/java.io.FileOutputStream.writeBytes(Native Method)
	at java.base/java.io.FileOutputStream.write(FileOutputStream.java:354)
	at java.base/java.io.BufferedOutputStream.flushBuffer(BufferedOutputStream.java:81)
	at java.base/java.io.BufferedOutputStream.flush(BufferedOutputStream.java:142)
	at org.eclipse.lsp4j.jsonrpc.json.StreamMessageConsumer.consume(StreamMessageConsumer.java:69)
	... 12 more

!ENTRY org.springframework.tooling.ls.eclipse.commons 1 0 2025-06-25 19:07:58.634
!MESSAGE Entering DelegatingStreamConnectionProvider()

!ENTRY org.springframework.tooling.ls.eclipse.commons 1 0 2025-06-25 19:07:58.634
!MESSAGE Entering DelegatingStreamConnectionProvider()

!ENTRY org.eclipse.lsp4e 4 0 2025-06-25 19:07:58.634
!MESSAGE org.eclipse.lsp4j.jsonrpc.JsonRpcException: java.io.IOException: 파이프가 닫히는 중입니다
!STACK 0
java.util.concurrent.ExecutionException: org.eclipse.lsp4j.jsonrpc.JsonRpcException: java.io.IOException: 파이프가 닫히는 중입니다
	at java.base/java.util.concurrent.CompletableFuture.reportGet(CompletableFuture.java:395)
	at java.base/java.util.concurrent.CompletableFuture.get(CompletableFuture.java:2028)
	at org.eclipse.lsp4e.LanguageServerWrapper.lambda$13(LanguageServerWrapper.java:425)
	at java.base/java.util.concurrent.CompletableFuture$AsyncRun.run(CompletableFuture.java:1736)
	at java.base/java.util.concurrent.CompletableFuture$AsyncRun.exec(CompletableFuture.java:1728)
	at java.base/java.util.concurrent.ForkJoinTask.doExec(ForkJoinTask.java:290)
	at java.base/java.util.concurrent.ForkJoinPool$WorkQueue.topLevelExec(ForkJoinPool.java:1020)
	at java.base/java.util.concurrent.ForkJoinPool.scan(ForkJoinPool.java:1656)
	at java.base/java.util.concurrent.ForkJoinPool.runWorker(ForkJoinPool.java:1594)
	at java.base/java.util.concurrent.ForkJoinWorkerThread.run(ForkJoinWorkerThread.java:183)
Caused by: org.eclipse.lsp4j.jsonrpc.JsonRpcException: java.io.IOException: 파이프가 닫히는 중입니다
	at org.eclipse.lsp4j.jsonrpc.json.StreamMessageConsumer.consume(StreamMessageConsumer.java:72)
	at org.eclipse.lsp4e.LanguageServerWrapper.lambda$4(LanguageServerWrapper.java:260)
	at org.eclipse.lsp4j.jsonrpc.RemoteEndpoint.request(RemoteEndpoint.java:161)
	at org.eclipse.lsp4j.jsonrpc.services.EndpointProxy.invoke(EndpointProxy.java:91)
	at com.sun.proxy.$Proxy49.shutdown(Unknown Source)
	at org.eclipse.lsp4e.LanguageServerWrapper.lambda$13(LanguageServerWrapper.java:423)
	... 7 more
Caused by: java.io.IOException: 파이프가 닫히는 중입니다
	at java.base/java.io.FileOutputStream.writeBytes(Native Method)
	at java.base/java.io.FileOutputStream.write(FileOutputStream.java:354)
	at java.base/java.io.BufferedOutputStream.flushBuffer(BufferedOutputStream.java:81)
	at java.base/java.io.BufferedOutputStream.flush(BufferedOutputStream.java:142)
	at org.eclipse.lsp4j.jsonrpc.json.StreamMessageConsumer.consume(StreamMessageConsumer.java:69)
	... 12 more

!ENTRY org.eclipse.lsp4e 4 0 2025-06-25 19:07:58.636
!MESSAGE org.eclipse.lsp4j.jsonrpc.JsonRpcException: java.io.IOException: 파이프가 닫히는 중입니다
!STACK 0
java.util.concurrent.ExecutionException: org.eclipse.lsp4j.jsonrpc.JsonRpcException: java.io.IOException: 파이프가 닫히는 중입니다
	at java.base/java.util.concurrent.CompletableFuture.reportGet(CompletableFuture.java:395)
	at java.base/java.util.concurrent.CompletableFuture.get(CompletableFuture.java:2028)
	at org.eclipse.lsp4e.LanguageServerWrapper.lambda$13(LanguageServerWrapper.java:425)
	at java.base/java.util.concurrent.CompletableFuture$AsyncRun.run(CompletableFuture.java:1736)
	at java.base/java.util.concurrent.CompletableFuture$AsyncRun.exec(CompletableFuture.java:1728)
	at java.base/java.util.concurrent.ForkJoinTask.doExec(ForkJoinTask.java:290)
	at java.base/java.util.concurrent.ForkJoinPool$WorkQueue.topLevelExec(ForkJoinPool.java:1020)
	at java.base/java.util.concurrent.ForkJoinPool.scan(ForkJoinPool.java:1656)
	at java.base/java.util.concurrent.ForkJoinPool.runWorker(ForkJoinPool.java:1594)
	at java.base/java.util.concurrent.ForkJoinWorkerThread.run(ForkJoinWorkerThread.java:183)
Caused by: org.eclipse.lsp4j.jsonrpc.JsonRpcException: java.io.IOException: 파이프가 닫히는 중입니다
	at org.eclipse.lsp4j.jsonrpc.json.StreamMessageConsumer.consume(StreamMessageConsumer.java:72)
	at org.eclipse.lsp4e.LanguageServerWrapper.lambda$4(LanguageServerWrapper.java:260)
	at org.eclipse.lsp4j.jsonrpc.RemoteEndpoint.request(RemoteEndpoint.java:161)
	at org.eclipse.lsp4j.jsonrpc.services.EndpointProxy.invoke(EndpointProxy.java:91)
	at com.sun.proxy.$Proxy49.shutdown(Unknown Source)
	at org.eclipse.lsp4e.LanguageServerWrapper.lambda$13(LanguageServerWrapper.java:423)
	... 7 more
Caused by: java.io.IOException: 파이프가 닫히는 중입니다
	at java.base/java.io.FileOutputStream.writeBytes(Native Method)
	at java.base/java.io.FileOutputStream.write(FileOutputStream.java:354)
	at java.base/java.io.BufferedOutputStream.flushBuffer(BufferedOutputStream.java:81)
	at java.base/java.io.BufferedOutputStream.flush(BufferedOutputStream.java:142)
	at org.eclipse.lsp4j.jsonrpc.json.StreamMessageConsumer.consume(StreamMessageConsumer.java:69)
	... 12 more

!ENTRY org.springframework.tooling.ls.eclipse.commons 1 0 2025-06-25 19:07:58.636
!MESSAGE Entering DelegatingStreamConnectionProvider()

!ENTRY org.springframework.tooling.ls.eclipse.commons 1 0 2025-06-25 19:07:58.636
!MESSAGE DelegatingStreamConnectionProvider classloader = org.eclipse.osgi.internal.loader.EquinoxClassLoader@500e5b3f[org.springframework.tooling.boot.ls:1.28.0.202109130547(id=1001)]

!ENTRY org.eclipse.lsp4e 4 0 2025-06-25 19:07:58.637
!MESSAGE org.eclipse.lsp4j.jsonrpc.JsonRpcException: java.io.IOException: 파이프가 닫히는 중입니다
!STACK 0
java.util.concurrent.ExecutionException: org.eclipse.lsp4j.jsonrpc.JsonRpcException: java.io.IOException: 파이프가 닫히는 중입니다
	at java.base/java.util.concurrent.CompletableFuture.reportGet(CompletableFuture.java:395)
	at java.base/java.util.concurrent.CompletableFuture.get(CompletableFuture.java:2028)
	at org.eclipse.lsp4e.LanguageServerWrapper.lambda$13(LanguageServerWrapper.java:425)
	at java.base/java.util.concurrent.CompletableFuture$AsyncRun.run(CompletableFuture.java:1736)
	at java.base/java.util.concurrent.CompletableFuture$AsyncRun.exec(CompletableFuture.java:1728)
	at java.base/java.util.concurrent.ForkJoinTask.doExec(ForkJoinTask.java:290)
	at java.base/java.util.concurrent.ForkJoinPool$WorkQueue.topLevelExec(ForkJoinPool.java:1020)
	at java.base/java.util.concurrent.ForkJoinPool.scan(ForkJoinPool.java:1656)
	at java.base/java.util.concurrent.ForkJoinPool.runWorker(ForkJoinPool.java:1594)
	at java.base/java.util.concurrent.ForkJoinWorkerThread.run(ForkJoinWorkerThread.java:183)
Caused by: org.eclipse.lsp4j.jsonrpc.JsonRpcException: java.io.IOException: 파이프가 닫히는 중입니다
	at org.eclipse.lsp4j.jsonrpc.json.StreamMessageConsumer.consume(StreamMessageConsumer.java:72)
	at org.eclipse.lsp4e.LanguageServerWrapper.lambda$4(LanguageServerWrapper.java:260)
	at org.eclipse.lsp4j.jsonrpc.RemoteEndpoint.request(RemoteEndpoint.java:161)
	at org.eclipse.lsp4j.jsonrpc.services.EndpointProxy.invoke(EndpointProxy.java:91)
	at com.sun.proxy.$Proxy49.shutdown(Unknown Source)
	at org.eclipse.lsp4e.LanguageServerWrapper.lambda$13(LanguageServerWrapper.java:423)
	... 7 more
Caused by: java.io.IOException: 파이프가 닫히는 중입니다
	at java.base/java.io.FileOutputStream.writeBytes(Native Method)
	at java.base/java.io.FileOutputStream.write(FileOutputStream.java:354)
	at java.base/java.io.BufferedOutputStream.flushBuffer(BufferedOutputStream.java:81)
	at java.base/java.io.BufferedOutputStream.flush(BufferedOutputStream.java:142)
	at org.eclipse.lsp4j.jsonrpc.json.StreamMessageConsumer.consume(StreamMessageConsumer.java:69)
	... 12 more

!ENTRY org.springframework.tooling.ls.eclipse.commons 1 0 2025-06-25 19:07:58.637
!MESSAGE Entering DelegatingStreamConnectionProvider()

!ENTRY org.springframework.tooling.ls.eclipse.commons 1 0 2025-06-25 19:07:58.637
!MESSAGE DelegatingStreamConnectionProvider classloader = org.eclipse.osgi.internal.loader.EquinoxClassLoader@500e5b3f[org.springframework.tooling.boot.ls:1.28.0.202109130547(id=1001)]

!ENTRY org.springframework.tooling.ls.eclipse.commons 1 0 2025-06-25 19:07:58.638
!MESSAGE SpringBootLanguageServer exists!

!ENTRY org.eclipse.lsp4e 4 0 2025-06-25 19:07:58.638
!MESSAGE org.eclipse.lsp4j.jsonrpc.JsonRpcException: java.io.IOException: 파이프가 닫히는 중입니다
!STACK 0
java.util.concurrent.ExecutionException: org.eclipse.lsp4j.jsonrpc.JsonRpcException: java.io.IOException: 파이프가 닫히는 중입니다
	at java.base/java.util.concurrent.CompletableFuture.reportGet(CompletableFuture.java:395)
	at java.base/java.util.concurrent.CompletableFuture.get(CompletableFuture.java:2028)
	at org.eclipse.lsp4e.LanguageServerWrapper.lambda$13(LanguageServerWrapper.java:425)
	at java.base/java.util.concurrent.CompletableFuture$AsyncRun.run(CompletableFuture.java:1736)
	at java.base/java.util.concurrent.CompletableFuture$AsyncRun.exec(CompletableFuture.java:1728)
	at java.base/java.util.concurrent.ForkJoinTask.doExec(ForkJoinTask.java:290)
	at java.base/java.util.concurrent.ForkJoinPool$WorkQueue.topLevelExec(ForkJoinPool.java:1020)
	at java.base/java.util.concurrent.ForkJoinPool.scan(ForkJoinPool.java:1656)
	at java.base/java.util.concurrent.ForkJoinPool.runWorker(ForkJoinPool.java:1594)
	at java.base/java.util.concurrent.ForkJoinWorkerThread.run(ForkJoinWorkerThread.java:183)
Caused by: org.eclipse.lsp4j.jsonrpc.JsonRpcException: java.io.IOException: 파이프가 닫히는 중입니다
	at org.eclipse.lsp4j.jsonrpc.json.StreamMessageConsumer.consume(StreamMessageConsumer.java:72)
	at org.eclipse.lsp4e.LanguageServerWrapper.lambda$4(LanguageServerWrapper.java:260)
	at org.eclipse.lsp4j.jsonrpc.RemoteEndpoint.request(RemoteEndpoint.java:161)
	at org.eclipse.lsp4j.jsonrpc.services.EndpointProxy.invoke(EndpointProxy.java:91)
	at com.sun.proxy.$Proxy49.shutdown(Unknown Source)
	at org.eclipse.lsp4e.LanguageServerWrapper.lambda$13(LanguageServerWrapper.java:423)
	... 7 more
Caused by: java.io.IOException: 파이프가 닫히는 중입니다
	at java.base/java.io.FileOutputStream.writeBytes(Native Method)
	at java.base/java.io.FileOutputStream.write(FileOutputStream.java:354)
	at java.base/java.io.BufferedOutputStream.flushBuffer(BufferedOutputStream.java:81)
	at java.base/java.io.BufferedOutputStream.flush(BufferedOutputStream.java:142)
	at org.eclipse.lsp4j.jsonrpc.json.StreamMessageConsumer.consume(StreamMessageConsumer.java:69)
	... 12 more

!ENTRY org.eclipse.lsp4e 4 0 2025-06-25 19:07:58.638
!MESSAGE org.eclipse.lsp4j.jsonrpc.JsonRpcException: java.io.IOException: 파이프가 닫히는 중입니다
!STACK 0
java.util.concurrent.ExecutionException: org.eclipse.lsp4j.jsonrpc.JsonRpcException: java.io.IOException: 파이프가 닫히는 중입니다
	at java.base/java.util.concurrent.CompletableFuture.reportGet(CompletableFuture.java:395)
	at java.base/java.util.concurrent.CompletableFuture.get(CompletableFuture.java:2028)
	at org.eclipse.lsp4e.LanguageServerWrapper.lambda$13(LanguageServerWrapper.java:425)
	at java.base/java.util.concurrent.CompletableFuture$AsyncRun.run(CompletableFuture.java:1736)
	at java.base/java.util.concurrent.CompletableFuture$AsyncRun.exec(CompletableFuture.java:1728)
	at java.base/java.util.concurrent.ForkJoinTask.doExec(ForkJoinTask.java:290)
	at java.base/java.util.concurrent.ForkJoinPool$WorkQueue.topLevelExec(ForkJoinPool.java:1020)
	at java.base/java.util.concurrent.ForkJoinPool.scan(ForkJoinPool.java:1656)
	at java.base/java.util.concurrent.ForkJoinPool.runWorker(ForkJoinPool.java:1594)
	at java.base/java.util.concurrent.ForkJoinWorkerThread.run(ForkJoinWorkerThread.java:183)
Caused by: org.eclipse.lsp4j.jsonrpc.JsonRpcException: java.io.IOException: 파이프가 닫히는 중입니다
	at org.eclipse.lsp4j.jsonrpc.json.StreamMessageConsumer.consume(StreamMessageConsumer.java:72)
	at org.eclipse.lsp4e.LanguageServerWrapper.lambda$4(LanguageServerWrapper.java:260)
	at org.eclipse.lsp4j.jsonrpc.RemoteEndpoint.request(RemoteEndpoint.java:161)
	at org.eclipse.lsp4j.jsonrpc.services.EndpointProxy.invoke(EndpointProxy.java:91)
	at com.sun.proxy.$Proxy49.shutdown(Unknown Source)
	at org.eclipse.lsp4e.LanguageServerWrapper.lambda$13(LanguageServerWrapper.java:423)
	... 7 more
Caused by: java.io.IOException: 파이프가 닫히는 중입니다
	at java.base/java.io.FileOutputStream.writeBytes(Native Method)
	at java.base/java.io.FileOutputStream.write(FileOutputStream.java:354)
	at java.base/java.io.BufferedOutputStream.flushBuffer(BufferedOutputStream.java:81)
	at java.base/java.io.BufferedOutputStream.flush(BufferedOutputStream.java:142)
	at org.eclipse.lsp4j.jsonrpc.json.StreamMessageConsumer.consume(StreamMessageConsumer.java:69)
	... 12 more

!ENTRY org.springframework.tooling.ls.eclipse.commons 1 0 2025-06-25 19:07:58.639
!MESSAGE SpringBootLanguageServer exists!

!ENTRY org.eclipse.lsp4e 4 0 2025-06-25 19:07:58.639
!MESSAGE org.eclipse.lsp4j.jsonrpc.JsonRpcException: java.io.IOException: 파이프가 닫히는 중입니다
!STACK 0
java.util.concurrent.ExecutionException: org.eclipse.lsp4j.jsonrpc.JsonRpcException: java.io.IOException: 파이프가 닫히는 중입니다
	at java.base/java.util.concurrent.CompletableFuture.reportGet(CompletableFuture.java:395)
	at java.base/java.util.concurrent.CompletableFuture.get(CompletableFuture.java:2028)
	at org.eclipse.lsp4e.LanguageServerWrapper.lambda$13(LanguageServerWrapper.java:425)
	at java.base/java.util.concurrent.CompletableFuture$AsyncRun.run(CompletableFuture.java:1736)
	at java.base/java.util.concurrent.CompletableFuture$AsyncRun.exec(CompletableFuture.java:1728)
	at java.base/java.util.concurrent.ForkJoinTask.doExec(ForkJoinTask.java:290)
	at java.base/java.util.concurrent.ForkJoinPool$WorkQueue.topLevelExec(ForkJoinPool.java:1020)
	at java.base/java.util.concurrent.ForkJoinPool.scan(ForkJoinPool.java:1656)
	at java.base/java.util.concurrent.ForkJoinPool.runWorker(ForkJoinPool.java:1594)
	at java.base/java.util.concurrent.ForkJoinWorkerThread.run(ForkJoinWorkerThread.java:183)
Caused by: org.eclipse.lsp4j.jsonrpc.JsonRpcException: java.io.IOException: 파이프가 닫히는 중입니다
	at org.eclipse.lsp4j.jsonrpc.json.StreamMessageConsumer.consume(StreamMessageConsumer.java:72)
	at org.eclipse.lsp4e.LanguageServerWrapper.lambda$4(LanguageServerWrapper.java:260)
	at org.eclipse.lsp4j.jsonrpc.RemoteEndpoint.request(RemoteEndpoint.java:161)
	at org.eclipse.lsp4j.jsonrpc.services.EndpointProxy.invoke(EndpointProxy.java:91)
	at com.sun.proxy.$Proxy49.shutdown(Unknown Source)
	at org.eclipse.lsp4e.LanguageServerWrapper.lambda$13(LanguageServerWrapper.java:423)
	... 7 more
Caused by: java.io.IOException: 파이프가 닫히는 중입니다
	at java.base/java.io.FileOutputStream.writeBytes(Native Method)
	at java.base/java.io.FileOutputStream.write(FileOutputStream.java:354)
	at java.base/java.io.BufferedOutputStream.flushBuffer(BufferedOutputStream.java:81)
	at java.base/java.io.BufferedOutputStream.flush(BufferedOutputStream.java:142)
	at org.eclipse.lsp4j.jsonrpc.json.StreamMessageConsumer.consume(StreamMessageConsumer.java:69)
	... 12 more

!ENTRY org.springframework.tooling.ls.eclipse.commons 1 0 2025-06-25 19:07:58.639
!MESSAGE Entering DelegatingStreamConnectionProvider()

!ENTRY org.springframework.tooling.ls.eclipse.commons 1 0 2025-06-25 19:07:58.639
!MESSAGE DelegatingStreamConnectionProvider classloader = org.eclipse.osgi.internal.loader.EquinoxClassLoader@500e5b3f[org.springframework.tooling.boot.ls:1.28.0.202109130547(id=1001)]

!ENTRY org.springframework.tooling.ls.eclipse.commons 1 0 2025-06-25 19:07:58.640
!MESSAGE DelegatingStreamConnectionProvider classloader = org.eclipse.osgi.internal.loader.EquinoxClassLoader@500e5b3f[org.springframework.tooling.boot.ls:1.28.0.202109130547(id=1001)]

!ENTRY org.springframework.tooling.ls.eclipse.commons 1 0 2025-06-25 19:07:58.640
!MESSAGE SpringBootLanguageServer exists!

!ENTRY org.springframework.tooling.ls.eclipse.commons 1 0 2025-06-25 19:07:58.640
!MESSAGE Entering DelegatingStreamConnectionProvider()

!ENTRY org.springframework.tooling.ls.eclipse.commons 1 0 2025-06-25 19:07:58.641
!MESSAGE DelegatingStreamConnectionProvider classloader = org.eclipse.osgi.internal.loader.EquinoxClassLoader@500e5b3f[org.springframework.tooling.boot.ls:1.28.0.202109130547(id=1001)]

!ENTRY org.springframework.tooling.ls.eclipse.commons 1 0 2025-06-25 19:07:58.641
!MESSAGE SpringBootLanguageServer exists!

!ENTRY org.eclipse.lsp4e 4 0 2025-06-25 19:07:58.641
!MESSAGE org.eclipse.lsp4j.jsonrpc.JsonRpcException: java.io.IOException: 파이프가 닫히는 중입니다
!STACK 0
java.util.concurrent.ExecutionException: org.eclipse.lsp4j.jsonrpc.JsonRpcException: java.io.IOException: 파이프가 닫히는 중입니다
	at java.base/java.util.concurrent.CompletableFuture.reportGet(CompletableFuture.java:395)
	at java.base/java.util.concurrent.CompletableFuture.get(CompletableFuture.java:2028)
	at org.eclipse.lsp4e.LanguageServerWrapper.lambda$13(LanguageServerWrapper.java:425)
	at java.base/java.util.concurrent.CompletableFuture$AsyncRun.run(CompletableFuture.java:1736)
	at java.base/java.util.concurrent.CompletableFuture$AsyncRun.exec(CompletableFuture.java:1728)
	at java.base/java.util.concurrent.ForkJoinTask.doExec(ForkJoinTask.java:290)
	at java.base/java.util.concurrent.ForkJoinPool$WorkQueue.topLevelExec(ForkJoinPool.java:1020)
	at java.base/java.util.concurrent.ForkJoinPool.scan(ForkJoinPool.java:1656)
	at java.base/java.util.concurrent.ForkJoinPool.runWorker(ForkJoinPool.java:1594)
	at java.base/java.util.concurrent.ForkJoinWorkerThread.run(ForkJoinWorkerThread.java:183)
Caused by: org.eclipse.lsp4j.jsonrpc.JsonRpcException: java.io.IOException: 파이프가 닫히는 중입니다
	at org.eclipse.lsp4j.jsonrpc.json.StreamMessageConsumer.consume(StreamMessageConsumer.java:72)
	at org.eclipse.lsp4e.LanguageServerWrapper.lambda$4(LanguageServerWrapper.java:260)
	at org.eclipse.lsp4j.jsonrpc.RemoteEndpoint.request(RemoteEndpoint.java:161)
	at org.eclipse.lsp4j.jsonrpc.services.EndpointProxy.invoke(EndpointProxy.java:91)
	at com.sun.proxy.$Proxy49.shutdown(Unknown Source)
	at org.eclipse.lsp4e.LanguageServerWrapper.lambda$13(LanguageServerWrapper.java:423)
	... 7 more
Caused by: java.io.IOException: 파이프가 닫히는 중입니다
	at java.base/java.io.FileOutputStream.writeBytes(Native Method)
	at java.base/java.io.FileOutputStream.write(FileOutputStream.java:354)
	at java.base/java.io.BufferedOutputStream.flushBuffer(BufferedOutputStream.java:81)
	at java.base/java.io.BufferedOutputStream.flush(BufferedOutputStream.java:142)
	at org.eclipse.lsp4j.jsonrpc.json.StreamMessageConsumer.consume(StreamMessageConsumer.java:69)
	... 12 more

!ENTRY org.springframework.tooling.ls.eclipse.commons 1 0 2025-06-25 19:07:58.641
!MESSAGE SpringBootLanguageServer exists!

!ENTRY org.springframework.tooling.ls.eclipse.commons 1 0 2025-06-25 19:07:58.642
!MESSAGE DelegatingStreamConnectionProvider classloader = org.eclipse.osgi.internal.loader.EquinoxClassLoader@500e5b3f[org.springframework.tooling.boot.ls:1.28.0.202109130547(id=1001)]

!ENTRY org.springframework.tooling.ls.eclipse.commons 1 0 2025-06-25 19:07:58.642
!MESSAGE SpringBootLanguageServer exists!

!ENTRY org.springframework.tooling.ls.eclipse.commons 1 0 2025-06-25 19:07:58.645
!MESSAGE SpringBootLanguageServer exists!

!ENTRY org.springframework.tooling.ls.eclipse.commons 1 0 2025-06-25 19:07:58.645
!MESSAGE SpringBootLanguageServer exists!

!ENTRY org.springframework.tooling.ls.eclipse.commons 1 0 2025-06-25 19:07:58.645
!MESSAGE DelegatingStreamConnectionProvider classloader = org.eclipse.osgi.internal.loader.EquinoxClassLoader@500e5b3f[org.springframework.tooling.boot.ls:1.28.0.202109130547(id=1001)]

!ENTRY org.eclipse.lsp4e 4 0 2025-06-25 19:07:58.646
!MESSAGE org.eclipse.lsp4j.jsonrpc.JsonRpcException: java.io.IOException: 파이프가 닫히는 중입니다
!STACK 0
java.util.concurrent.ExecutionException: org.eclipse.lsp4j.jsonrpc.JsonRpcException: java.io.IOException: 파이프가 닫히는 중입니다
	at java.base/java.util.concurrent.CompletableFuture.reportGet(CompletableFuture.java:395)
	at java.base/java.util.concurrent.CompletableFuture.get(CompletableFuture.java:2028)
	at org.eclipse.lsp4e.LanguageServerWrapper.lambda$13(LanguageServerWrapper.java:425)
	at java.base/java.util.concurrent.CompletableFuture$AsyncRun.run(CompletableFuture.java:1736)
	at java.base/java.util.concurrent.CompletableFuture$AsyncRun.exec(CompletableFuture.java:1728)
	at java.base/java.util.concurrent.ForkJoinTask.doExec(ForkJoinTask.java:290)
	at java.base/java.util.concurrent.ForkJoinPool$WorkQueue.topLevelExec(ForkJoinPool.java:1020)
	at java.base/java.util.concurrent.ForkJoinPool.scan(ForkJoinPool.java:1656)
	at java.base/java.util.concurrent.ForkJoinPool.runWorker(ForkJoinPool.java:1594)
	at java.base/java.util.concurrent.ForkJoinWorkerThread.run(ForkJoinWorkerThread.java:183)
Caused by: org.eclipse.lsp4j.jsonrpc.JsonRpcException: java.io.IOException: 파이프가 닫히는 중입니다
	at org.eclipse.lsp4j.jsonrpc.json.StreamMessageConsumer.consume(StreamMessageConsumer.java:72)
	at org.eclipse.lsp4e.LanguageServerWrapper.lambda$4(LanguageServerWrapper.java:260)
	at org.eclipse.lsp4j.jsonrpc.RemoteEndpoint.request(RemoteEndpoint.java:161)
	at org.eclipse.lsp4j.jsonrpc.services.EndpointProxy.invoke(EndpointProxy.java:91)
	at com.sun.proxy.$Proxy49.shutdown(Unknown Source)
	at org.eclipse.lsp4e.LanguageServerWrapper.lambda$13(LanguageServerWrapper.java:423)
	... 7 more
Caused by: java.io.IOException: 파이프가 닫히는 중입니다
	at java.base/java.io.FileOutputStream.writeBytes(Native Method)
	at java.base/java.io.FileOutputStream.write(FileOutputStream.java:354)
	at java.base/java.io.BufferedOutputStream.flushBuffer(BufferedOutputStream.java:81)
	at java.base/java.io.BufferedOutputStream.flush(BufferedOutputStream.java:142)
	at org.eclipse.lsp4j.jsonrpc.json.StreamMessageConsumer.consume(StreamMessageConsumer.java:69)
	... 12 more

!ENTRY org.springframework.tooling.ls.eclipse.commons 1 0 2025-06-25 19:07:58.646
!MESSAGE SpringBootLanguageServer exists!

!ENTRY org.springframework.tooling.ls.eclipse.commons 1 0 2025-06-25 19:07:58.646
!MESSAGE SpringBootLanguageServer exists!

!ENTRY org.eclipse.lsp4e 4 0 2025-06-25 19:07:58.646
!MESSAGE org.eclipse.lsp4j.jsonrpc.JsonRpcException: java.io.IOException: 파이프가 닫히는 중입니다
!STACK 0
java.util.concurrent.ExecutionException: org.eclipse.lsp4j.jsonrpc.JsonRpcException: java.io.IOException: 파이프가 닫히는 중입니다
	at java.base/java.util.concurrent.CompletableFuture.reportGet(CompletableFuture.java:395)
	at java.base/java.util.concurrent.CompletableFuture.get(CompletableFuture.java:2028)
	at org.eclipse.lsp4e.LanguageServerWrapper.lambda$13(LanguageServerWrapper.java:425)
	at java.base/java.util.concurrent.CompletableFuture$AsyncRun.run(CompletableFuture.java:1736)
	at java.base/java.util.concurrent.CompletableFuture$AsyncRun.exec(CompletableFuture.java:1728)
	at java.base/java.util.concurrent.ForkJoinTask.doExec(ForkJoinTask.java:290)
	at java.base/java.util.concurrent.ForkJoinPool$WorkQueue.topLevelExec(ForkJoinPool.java:1020)
	at java.base/java.util.concurrent.ForkJoinPool.scan(ForkJoinPool.java:1656)
	at java.base/java.util.concurrent.ForkJoinPool.runWorker(ForkJoinPool.java:1594)
	at java.base/java.util.concurrent.ForkJoinWorkerThread.run(ForkJoinWorkerThread.java:183)
Caused by: org.eclipse.lsp4j.jsonrpc.JsonRpcException: java.io.IOException: 파이프가 닫히는 중입니다
	at org.eclipse.lsp4j.jsonrpc.json.StreamMessageConsumer.consume(StreamMessageConsumer.java:72)
	at org.eclipse.lsp4e.LanguageServerWrapper.lambda$4(LanguageServerWrapper.java:260)
	at org.eclipse.lsp4j.jsonrpc.RemoteEndpoint.request(RemoteEndpoint.java:161)
	at org.eclipse.lsp4j.jsonrpc.services.EndpointProxy.invoke(EndpointProxy.java:91)
	at com.sun.proxy.$Proxy49.shutdown(Unknown Source)
	at org.eclipse.lsp4e.LanguageServerWrapper.lambda$13(LanguageServerWrapper.java:423)
	... 7 more
Caused by: java.io.IOException: 파이프가 닫히는 중입니다
	at java.base/java.io.FileOutputStream.writeBytes(Native Method)
	at java.base/java.io.FileOutputStream.write(FileOutputStream.java:354)
	at java.base/java.io.BufferedOutputStream.flushBuffer(BufferedOutputStream.java:81)
	at java.base/java.io.BufferedOutputStream.flush(BufferedOutputStream.java:142)
	at org.eclipse.lsp4j.jsonrpc.json.StreamMessageConsumer.consume(StreamMessageConsumer.java:69)
	... 12 more

!ENTRY org.springframework.tooling.ls.eclipse.commons 1 0 2025-06-25 19:07:58.647
!MESSAGE Entering DelegatingStreamConnectionProvider()

!ENTRY org.springframework.tooling.ls.eclipse.commons 1 0 2025-06-25 19:07:58.647
!MESSAGE DelegatingStreamConnectionProvider classloader = org.eclipse.osgi.internal.loader.EquinoxClassLoader@500e5b3f[org.springframework.tooling.boot.ls:1.28.0.202109130547(id=1001)]

!ENTRY org.springframework.tooling.ls.eclipse.commons 1 0 2025-06-25 19:07:58.648
!MESSAGE DelegatingStreamConnectionProvider classloader = org.eclipse.osgi.internal.loader.EquinoxClassLoader@500e5b3f[org.springframework.tooling.boot.ls:1.28.0.202109130547(id=1001)]

!ENTRY org.springframework.tooling.ls.eclipse.commons 1 0 2025-06-25 19:07:58.648
!MESSAGE SpringBootLanguageServer exists!

!ENTRY org.springframework.tooling.ls.eclipse.commons 1 0 2025-06-25 19:07:58.648
!MESSAGE DelegatingStreamConnectionProvider classloader = org.eclipse.osgi.internal.loader.EquinoxClassLoader@500e5b3f[org.springframework.tooling.boot.ls:1.28.0.202109130547(id=1001)]

!ENTRY org.springframework.tooling.ls.eclipse.commons 1 0 2025-06-25 19:07:58.648
!MESSAGE Entering DelegatingStreamConnectionProvider()

!ENTRY org.springframework.tooling.ls.eclipse.commons 1 0 2025-06-25 19:07:58.649
!MESSAGE DelegatingStreamConnectionProvider classloader = org.eclipse.osgi.internal.loader.EquinoxClassLoader@500e5b3f[org.springframework.tooling.boot.ls:1.28.0.202109130547(id=1001)]

!ENTRY org.springframework.tooling.ls.eclipse.commons 1 0 2025-06-25 19:07:58.649
!MESSAGE Entering DelegatingStreamConnectionProvider()

!ENTRY org.springframework.tooling.ls.eclipse.commons 1 0 2025-06-25 19:07:58.649
!MESSAGE DelegatingStreamConnectionProvider classloader = org.eclipse.osgi.internal.loader.EquinoxClassLoader@500e5b3f[org.springframework.tooling.boot.ls:1.28.0.202109130547(id=1001)]

!ENTRY org.springframework.tooling.ls.eclipse.commons 1 0 2025-06-25 19:07:58.649
!MESSAGE SpringBootLanguageServer exists!

!ENTRY org.springframework.tooling.ls.eclipse.commons 1 0 2025-06-25 19:07:58.651
!MESSAGE SpringBootLanguageServer exists!

!ENTRY org.springframework.tooling.ls.eclipse.commons 1 0 2025-06-25 19:07:58.651
!MESSAGE SpringBootLanguageServer exists!

!ENTRY org.springframework.tooling.ls.eclipse.commons 1 0 2025-06-25 19:07:58.651
!MESSAGE SpringBootLanguageServer exists!

!ENTRY org.eclipse.lsp4e 4 0 2025-06-25 19:07:58.652
!MESSAGE org.eclipse.lsp4j.jsonrpc.JsonRpcException: java.io.IOException: 파이프가 닫히는 중입니다
!STACK 0
java.util.concurrent.ExecutionException: org.eclipse.lsp4j.jsonrpc.JsonRpcException: java.io.IOException: 파이프가 닫히는 중입니다
	at java.base/java.util.concurrent.CompletableFuture.reportGet(CompletableFuture.java:395)
	at java.base/java.util.concurrent.CompletableFuture.get(CompletableFuture.java:2028)
	at org.eclipse.lsp4e.LanguageServerWrapper.lambda$13(LanguageServerWrapper.java:425)
	at java.base/java.util.concurrent.CompletableFuture$AsyncRun.run(CompletableFuture.java:1736)
	at java.base/java.util.concurrent.CompletableFuture$AsyncRun.exec(CompletableFuture.java:1728)
	at java.base/java.util.concurrent.ForkJoinTask.doExec(ForkJoinTask.java:290)
	at java.base/java.util.concurrent.ForkJoinPool$WorkQueue.topLevelExec(ForkJoinPool.java:1020)
	at java.base/java.util.concurrent.ForkJoinPool.scan(ForkJoinPool.java:1656)
	at java.base/java.util.concurrent.ForkJoinPool.runWorker(ForkJoinPool.java:1594)
	at java.base/java.util.concurrent.ForkJoinWorkerThread.run(ForkJoinWorkerThread.java:183)
Caused by: org.eclipse.lsp4j.jsonrpc.JsonRpcException: java.io.IOException: 파이프가 닫히는 중입니다
	at org.eclipse.lsp4j.jsonrpc.json.StreamMessageConsumer.consume(StreamMessageConsumer.java:72)
	at org.eclipse.lsp4e.LanguageServerWrapper.lambda$4(LanguageServerWrapper.java:260)
	at org.eclipse.lsp4j.jsonrpc.RemoteEndpoint.request(RemoteEndpoint.java:161)
	at org.eclipse.lsp4j.jsonrpc.services.EndpointProxy.invoke(EndpointProxy.java:91)
	at com.sun.proxy.$Proxy49.shutdown(Unknown Source)
	at org.eclipse.lsp4e.LanguageServerWrapper.lambda$13(LanguageServerWrapper.java:423)
	... 7 more
Caused by: java.io.IOException: 파이프가 닫히는 중입니다
	at java.base/java.io.FileOutputStream.writeBytes(Native Method)
	at java.base/java.io.FileOutputStream.write(FileOutputStream.java:354)
	at java.base/java.io.BufferedOutputStream.flushBuffer(BufferedOutputStream.java:81)
	at java.base/java.io.BufferedOutputStream.flush(BufferedOutputStream.java:142)
	at org.eclipse.lsp4j.jsonrpc.json.StreamMessageConsumer.consume(StreamMessageConsumer.java:69)
	... 12 more

!ENTRY org.springframework.tooling.ls.eclipse.commons 1 0 2025-06-25 19:07:58.652
!MESSAGE Entering DelegatingStreamConnectionProvider()

!ENTRY org.springframework.tooling.ls.eclipse.commons 1 0 2025-06-25 19:07:58.652
!MESSAGE DelegatingStreamConnectionProvider classloader = org.eclipse.osgi.internal.loader.EquinoxClassLoader@500e5b3f[org.springframework.tooling.boot.ls:1.28.0.202109130547(id=1001)]

!ENTRY org.springframework.tooling.ls.eclipse.commons 1 0 2025-06-25 19:07:58.652
!MESSAGE SpringBootLanguageServer exists!

!ENTRY org.springframework.tooling.ls.eclipse.commons 1 0 2025-06-25 19:07:58.653
!MESSAGE SpringBootLanguageServer exists!

!ENTRY org.eclipse.lsp4e 4 0 2025-06-25 19:07:58.653
!MESSAGE org.eclipse.lsp4j.jsonrpc.JsonRpcException: java.io.IOException: 파이프가 닫히는 중입니다
!STACK 0
java.util.concurrent.ExecutionException: org.eclipse.lsp4j.jsonrpc.JsonRpcException: java.io.IOException: 파이프가 닫히는 중입니다
	at java.base/java.util.concurrent.CompletableFuture.reportGet(CompletableFuture.java:395)
	at java.base/java.util.concurrent.CompletableFuture.get(CompletableFuture.java:2028)
	at org.eclipse.lsp4e.LanguageServerWrapper.lambda$13(LanguageServerWrapper.java:425)
	at java.base/java.util.concurrent.CompletableFuture$AsyncRun.run(CompletableFuture.java:1736)
	at java.base/java.util.concurrent.CompletableFuture$AsyncRun.exec(CompletableFuture.java:1728)
	at java.base/java.util.concurrent.ForkJoinTask.doExec(ForkJoinTask.java:290)
	at java.base/java.util.concurrent.ForkJoinPool$WorkQueue.topLevelExec(ForkJoinPool.java:1020)
	at java.base/java.util.concurrent.ForkJoinPool.scan(ForkJoinPool.java:1656)
	at java.base/java.util.concurrent.ForkJoinPool.runWorker(ForkJoinPool.java:1594)
	at java.base/java.util.concurrent.ForkJoinWorkerThread.run(ForkJoinWorkerThread.java:183)
Caused by: org.eclipse.lsp4j.jsonrpc.JsonRpcException: java.io.IOException: 파이프가 닫히는 중입니다
	at org.eclipse.lsp4j.jsonrpc.json.StreamMessageConsumer.consume(StreamMessageConsumer.java:72)
	at org.eclipse.lsp4e.LanguageServerWrapper.lambda$4(LanguageServerWrapper.java:260)
	at org.eclipse.lsp4j.jsonrpc.RemoteEndpoint.request(RemoteEndpoint.java:161)
	at org.eclipse.lsp4j.jsonrpc.services.EndpointProxy.invoke(EndpointProxy.java:91)
	at com.sun.proxy.$Proxy49.shutdown(Unknown Source)
	at org.eclipse.lsp4e.LanguageServerWrapper.lambda$13(LanguageServerWrapper.java:423)
	... 7 more
Caused by: java.io.IOException: 파이프가 닫히는 중입니다
	at java.base/java.io.FileOutputStream.writeBytes(Native Method)
	at java.base/java.io.FileOutputStream.write(FileOutputStream.java:354)
	at java.base/java.io.BufferedOutputStream.flushBuffer(BufferedOutputStream.java:81)
	at java.base/java.io.BufferedOutputStream.flush(BufferedOutputStream.java:142)
	at org.eclipse.lsp4j.jsonrpc.json.StreamMessageConsumer.consume(StreamMessageConsumer.java:69)
	... 12 more

!ENTRY org.springframework.tooling.ls.eclipse.commons 1 0 2025-06-25 19:07:58.654
!MESSAGE Entering DelegatingStreamConnectionProvider()

!ENTRY org.springframework.tooling.ls.eclipse.commons 1 0 2025-06-25 19:07:58.654
!MESSAGE DelegatingStreamConnectionProvider classloader = org.eclipse.osgi.internal.loader.EquinoxClassLoader@500e5b3f[org.springframework.tooling.boot.ls:1.28.0.202109130547(id=1001)]

!ENTRY org.springframework.tooling.ls.eclipse.commons 1 0 2025-06-25 19:07:58.654
!MESSAGE SpringBootLanguageServer exists!

!ENTRY org.eclipse.lsp4e 4 0 2025-06-25 19:07:58.658
!MESSAGE org.eclipse.lsp4j.jsonrpc.JsonRpcException: java.io.IOException: 파이프가 닫히는 중입니다
!STACK 0
java.util.concurrent.ExecutionException: org.eclipse.lsp4j.jsonrpc.JsonRpcException: java.io.IOException: 파이프가 닫히는 중입니다
	at java.base/java.util.concurrent.CompletableFuture.reportGet(CompletableFuture.java:395)
	at java.base/java.util.concurrent.CompletableFuture.get(CompletableFuture.java:2028)
	at org.eclipse.lsp4e.LanguageServerWrapper.lambda$13(LanguageServerWrapper.java:425)
	at java.base/java.util.concurrent.CompletableFuture$AsyncRun.run(CompletableFuture.java:1736)
	at java.base/java.util.concurrent.CompletableFuture$AsyncRun.exec(CompletableFuture.java:1728)
	at java.base/java.util.concurrent.ForkJoinTask.doExec(ForkJoinTask.java:290)
	at java.base/java.util.concurrent.ForkJoinPool$WorkQueue.topLevelExec(ForkJoinPool.java:1020)
	at java.base/java.util.concurrent.ForkJoinPool.scan(ForkJoinPool.java:1656)
	at java.base/java.util.concurrent.ForkJoinPool.runWorker(ForkJoinPool.java:1594)
	at java.base/java.util.concurrent.ForkJoinWorkerThread.run(ForkJoinWorkerThread.java:183)
Caused by: org.eclipse.lsp4j.jsonrpc.JsonRpcException: java.io.IOException: 파이프가 닫히는 중입니다
	at org.eclipse.lsp4j.jsonrpc.json.StreamMessageConsumer.consume(StreamMessageConsumer.java:72)
	at org.eclipse.lsp4e.LanguageServerWrapper.lambda$4(LanguageServerWrapper.java:260)
	at org.eclipse.lsp4j.jsonrpc.RemoteEndpoint.request(RemoteEndpoint.java:161)
	at org.eclipse.lsp4j.jsonrpc.services.EndpointProxy.invoke(EndpointProxy.java:91)
	at com.sun.proxy.$Proxy49.shutdown(Unknown Source)
	at org.eclipse.lsp4e.LanguageServerWrapper.lambda$13(LanguageServerWrapper.java:423)
	... 7 more
Caused by: java.io.IOException: 파이프가 닫히는 중입니다
	at java.base/java.io.FileOutputStream.writeBytes(Native Method)
	at java.base/java.io.FileOutputStream.write(FileOutputStream.java:354)
	at java.base/java.io.BufferedOutputStream.flushBuffer(BufferedOutputStream.java:81)
	at java.base/java.io.BufferedOutputStream.flush(BufferedOutputStream.java:142)
	at org.eclipse.lsp4j.jsonrpc.json.StreamMessageConsumer.consume(StreamMessageConsumer.java:69)
	... 12 more

!ENTRY org.springframework.tooling.ls.eclipse.commons 1 0 2025-06-25 19:07:58.659
!MESSAGE Entering DelegatingStreamConnectionProvider()

!ENTRY org.springframework.tooling.ls.eclipse.commons 1 0 2025-06-25 19:07:58.659
!MESSAGE DelegatingStreamConnectionProvider classloader = org.eclipse.osgi.internal.loader.EquinoxClassLoader@500e5b3f[org.springframework.tooling.boot.ls:1.28.0.202109130547(id=1001)]

!ENTRY org.springframework.tooling.ls.eclipse.commons 1 0 2025-06-25 19:07:58.659
!MESSAGE SpringBootLanguageServer exists!

!ENTRY org.eclipse.lsp4e 4 0 2025-06-25 19:07:58.663
!MESSAGE org.eclipse.lsp4j.jsonrpc.JsonRpcException: java.io.IOException: 파이프가 닫히는 중입니다
!STACK 0
java.util.concurrent.ExecutionException: org.eclipse.lsp4j.jsonrpc.JsonRpcException: java.io.IOException: 파이프가 닫히는 중입니다
	at java.base/java.util.concurrent.CompletableFuture.reportGet(CompletableFuture.java:395)
	at java.base/java.util.concurrent.CompletableFuture.get(CompletableFuture.java:2028)
	at org.eclipse.lsp4e.LanguageServerWrapper.lambda$13(LanguageServerWrapper.java:425)
	at java.base/java.util.concurrent.CompletableFuture$AsyncRun.run(CompletableFuture.java:1736)
	at java.base/java.util.concurrent.CompletableFuture$AsyncRun.exec(CompletableFuture.java:1728)
	at java.base/java.util.concurrent.ForkJoinTask.doExec(ForkJoinTask.java:290)
	at java.base/java.util.concurrent.ForkJoinPool$WorkQueue.topLevelExec(ForkJoinPool.java:1020)
	at java.base/java.util.concurrent.ForkJoinPool.scan(ForkJoinPool.java:1656)
	at java.base/java.util.concurrent.ForkJoinPool.runWorker(ForkJoinPool.java:1594)
	at java.base/java.util.concurrent.ForkJoinWorkerThread.run(ForkJoinWorkerThread.java:183)
Caused by: org.eclipse.lsp4j.jsonrpc.JsonRpcException: java.io.IOException: 파이프가 닫히는 중입니다
	at org.eclipse.lsp4j.jsonrpc.json.StreamMessageConsumer.consume(StreamMessageConsumer.java:72)
	at org.eclipse.lsp4e.LanguageServerWrapper.lambda$4(LanguageServerWrapper.java:260)
	at org.eclipse.lsp4j.jsonrpc.RemoteEndpoint.request(RemoteEndpoint.java:161)
	at org.eclipse.lsp4j.jsonrpc.services.EndpointProxy.invoke(EndpointProxy.java:91)
	at com.sun.proxy.$Proxy49.shutdown(Unknown Source)
	at org.eclipse.lsp4e.LanguageServerWrapper.lambda$13(LanguageServerWrapper.java:423)
	... 7 more
Caused by: java.io.IOException: 파이프가 닫히는 중입니다
	at java.base/java.io.FileOutputStream.writeBytes(Native Method)
	at java.base/java.io.FileOutputStream.write(FileOutputStream.java:354)
	at java.base/java.io.BufferedOutputStream.flushBuffer(BufferedOutputStream.java:81)
	at java.base/java.io.BufferedOutputStream.flush(BufferedOutputStream.java:142)
	at org.eclipse.lsp4j.jsonrpc.json.StreamMessageConsumer.consume(StreamMessageConsumer.java:69)
	... 12 more

!ENTRY org.springframework.tooling.ls.eclipse.commons 1 0 2025-06-25 19:07:58.664
!MESSAGE Entering DelegatingStreamConnectionProvider()

!ENTRY org.springframework.tooling.ls.eclipse.commons 1 0 2025-06-25 19:07:58.664
!MESSAGE DelegatingStreamConnectionProvider classloader = org.eclipse.osgi.internal.loader.EquinoxClassLoader@500e5b3f[org.springframework.tooling.boot.ls:1.28.0.202109130547(id=1001)]

!ENTRY org.springframework.tooling.ls.eclipse.commons 1 0 2025-06-25 19:07:58.664
!MESSAGE SpringBootLanguageServer exists!

!ENTRY org.eclipse.lsp4e 4 0 2025-06-25 19:07:58.665
!MESSAGE org.eclipse.lsp4j.jsonrpc.JsonRpcException: java.io.IOException: 파이프가 닫히는 중입니다
!STACK 0
java.util.concurrent.ExecutionException: org.eclipse.lsp4j.jsonrpc.JsonRpcException: java.io.IOException: 파이프가 닫히는 중입니다
	at java.base/java.util.concurrent.CompletableFuture.reportGet(CompletableFuture.java:395)
	at java.base/java.util.concurrent.CompletableFuture.get(CompletableFuture.java:2028)
	at org.eclipse.lsp4e.LanguageServerWrapper.lambda$13(LanguageServerWrapper.java:425)
	at java.base/java.util.concurrent.CompletableFuture$AsyncRun.run(CompletableFuture.java:1736)
	at java.base/java.util.concurrent.CompletableFuture$AsyncRun.exec(CompletableFuture.java:1728)
	at java.base/java.util.concurrent.ForkJoinTask.doExec(ForkJoinTask.java:290)
	at java.base/java.util.concurrent.ForkJoinPool$WorkQueue.topLevelExec(ForkJoinPool.java:1020)
	at java.base/java.util.concurrent.ForkJoinPool.scan(ForkJoinPool.java:1656)
	at java.base/java.util.concurrent.ForkJoinPool.runWorker(ForkJoinPool.java:1594)
	at java.base/java.util.concurrent.ForkJoinWorkerThread.run(ForkJoinWorkerThread.java:183)
Caused by: org.eclipse.lsp4j.jsonrpc.JsonRpcException: java.io.IOException: 파이프가 닫히는 중입니다
	at org.eclipse.lsp4j.jsonrpc.json.StreamMessageConsumer.consume(StreamMessageConsumer.java:72)
	at org.eclipse.lsp4e.LanguageServerWrapper.lambda$4(LanguageServerWrapper.java:260)
	at org.eclipse.lsp4j.jsonrpc.RemoteEndpoint.request(RemoteEndpoint.java:161)
	at org.eclipse.lsp4j.jsonrpc.services.EndpointProxy.invoke(EndpointProxy.java:91)
	at com.sun.proxy.$Proxy49.shutdown(Unknown Source)
	at org.eclipse.lsp4e.LanguageServerWrapper.lambda$13(LanguageServerWrapper.java:423)
	... 7 more
Caused by: java.io.IOException: 파이프가 닫히는 중입니다
	at java.base/java.io.FileOutputStream.writeBytes(Native Method)
	at java.base/java.io.FileOutputStream.write(FileOutputStream.java:354)
	at java.base/java.io.BufferedOutputStream.flushBuffer(BufferedOutputStream.java:81)
	at java.base/java.io.BufferedOutputStream.flush(BufferedOutputStream.java:142)
	at org.eclipse.lsp4j.jsonrpc.json.StreamMessageConsumer.consume(StreamMessageConsumer.java:69)
	... 12 more

!ENTRY org.springframework.tooling.ls.eclipse.commons 1 0 2025-06-25 19:07:58.666
!MESSAGE Entering DelegatingStreamConnectionProvider()

!ENTRY org.springframework.tooling.ls.eclipse.commons 1 0 2025-06-25 19:07:58.666
!MESSAGE DelegatingStreamConnectionProvider classloader = org.eclipse.osgi.internal.loader.EquinoxClassLoader@500e5b3f[org.springframework.tooling.boot.ls:1.28.0.202109130547(id=1001)]

!ENTRY org.springframework.tooling.ls.eclipse.commons 1 0 2025-06-25 19:07:58.666
!MESSAGE SpringBootLanguageServer exists!

!ENTRY org.eclipse.lsp4e 4 0 2025-06-25 19:07:58.667
!MESSAGE org.eclipse.lsp4j.jsonrpc.JsonRpcException: java.io.IOException: 파이프가 닫히는 중입니다
!STACK 0
java.util.concurrent.ExecutionException: org.eclipse.lsp4j.jsonrpc.JsonRpcException: java.io.IOException: 파이프가 닫히는 중입니다
	at java.base/java.util.concurrent.CompletableFuture.reportGet(CompletableFuture.java:395)
	at java.base/java.util.concurrent.CompletableFuture.get(CompletableFuture.java:2028)
	at org.eclipse.lsp4e.LanguageServerWrapper.lambda$13(LanguageServerWrapper.java:425)
	at java.base/java.util.concurrent.CompletableFuture$AsyncRun.run(CompletableFuture.java:1736)
	at java.base/java.util.concurrent.CompletableFuture$AsyncRun.exec(CompletableFuture.java:1728)
	at java.base/java.util.concurrent.ForkJoinTask.doExec(ForkJoinTask.java:290)
	at java.base/java.util.concurrent.ForkJoinPool$WorkQueue.topLevelExec(ForkJoinPool.java:1020)
	at java.base/java.util.concurrent.ForkJoinPool.scan(ForkJoinPool.java:1656)
	at java.base/java.util.concurrent.ForkJoinPool.runWorker(ForkJoinPool.java:1594)
	at java.base/java.util.concurrent.ForkJoinWorkerThread.run(ForkJoinWorkerThread.java:183)
Caused by: org.eclipse.lsp4j.jsonrpc.JsonRpcException: java.io.IOException: 파이프가 닫히는 중입니다
	at org.eclipse.lsp4j.jsonrpc.json.StreamMessageConsumer.consume(StreamMessageConsumer.java:72)
	at org.eclipse.lsp4e.LanguageServerWrapper.lambda$4(LanguageServerWrapper.java:260)
	at org.eclipse.lsp4j.jsonrpc.RemoteEndpoint.request(RemoteEndpoint.java:161)
	at org.eclipse.lsp4j.jsonrpc.services.EndpointProxy.invoke(EndpointProxy.java:91)
	at com.sun.proxy.$Proxy49.shutdown(Unknown Source)
	at org.eclipse.lsp4e.LanguageServerWrapper.lambda$13(LanguageServerWrapper.java:423)
	... 7 more
Caused by: java.io.IOException: 파이프가 닫히는 중입니다
	at java.base/java.io.FileOutputStream.writeBytes(Native Method)
	at java.base/java.io.FileOutputStream.write(FileOutputStream.java:354)
	at java.base/java.io.BufferedOutputStream.flushBuffer(BufferedOutputStream.java:81)
	at java.base/java.io.BufferedOutputStream.flush(BufferedOutputStream.java:142)
	at org.eclipse.lsp4j.jsonrpc.json.StreamMessageConsumer.consume(StreamMessageConsumer.java:69)
	... 12 more

!ENTRY org.springframework.tooling.ls.eclipse.commons 1 0 2025-06-25 19:07:58.667
!MESSAGE Entering DelegatingStreamConnectionProvider()

!ENTRY org.springframework.tooling.ls.eclipse.commons 1 0 2025-06-25 19:07:58.668
!MESSAGE DelegatingStreamConnectionProvider classloader = org.eclipse.osgi.internal.loader.EquinoxClassLoader@500e5b3f[org.springframework.tooling.boot.ls:1.28.0.202109130547(id=1001)]

!ENTRY org.springframework.tooling.ls.eclipse.commons 1 0 2025-06-25 19:07:58.668
!MESSAGE SpringBootLanguageServer exists!

!ENTRY org.eclipse.lsp4e 4 0 2025-06-25 19:07:58.672
!MESSAGE org.eclipse.lsp4j.jsonrpc.JsonRpcException: java.io.IOException: 파이프가 닫히는 중입니다
!STACK 0
java.util.concurrent.ExecutionException: org.eclipse.lsp4j.jsonrpc.JsonRpcException: java.io.IOException: 파이프가 닫히는 중입니다
	at java.base/java.util.concurrent.CompletableFuture.reportGet(CompletableFuture.java:395)
	at java.base/java.util.concurrent.CompletableFuture.get(CompletableFuture.java:2028)
	at org.eclipse.lsp4e.LanguageServerWrapper.lambda$13(LanguageServerWrapper.java:425)
	at java.base/java.util.concurrent.CompletableFuture$AsyncRun.run(CompletableFuture.java:1736)
	at java.base/java.util.concurrent.CompletableFuture$AsyncRun.exec(CompletableFuture.java:1728)
	at java.base/java.util.concurrent.ForkJoinTask.doExec(ForkJoinTask.java:290)
	at java.base/java.util.concurrent.ForkJoinPool$WorkQueue.topLevelExec(ForkJoinPool.java:1020)
	at java.base/java.util.concurrent.ForkJoinPool.scan(ForkJoinPool.java:1656)
	at java.base/java.util.concurrent.ForkJoinPool.runWorker(ForkJoinPool.java:1594)
	at java.base/java.util.concurrent.ForkJoinWorkerThread.run(ForkJoinWorkerThread.java:183)
Caused by: org.eclipse.lsp4j.jsonrpc.JsonRpcException: java.io.IOException: 파이프가 닫히는 중입니다
	at org.eclipse.lsp4j.jsonrpc.json.StreamMessageConsumer.consume(StreamMessageConsumer.java:72)
	at org.eclipse.lsp4e.LanguageServerWrapper.lambda$4(LanguageServerWrapper.java:260)
	at org.eclipse.lsp4j.jsonrpc.RemoteEndpoint.request(RemoteEndpoint.java:161)
	at org.eclipse.lsp4j.jsonrpc.services.EndpointProxy.invoke(EndpointProxy.java:91)
	at com.sun.proxy.$Proxy49.shutdown(Unknown Source)
	at org.eclipse.lsp4e.LanguageServerWrapper.lambda$13(LanguageServerWrapper.java:423)
	... 7 more
Caused by: java.io.IOException: 파이프가 닫히는 중입니다
	at java.base/java.io.FileOutputStream.writeBytes(Native Method)
	at java.base/java.io.FileOutputStream.write(FileOutputStream.java:354)
	at java.base/java.io.BufferedOutputStream.flushBuffer(BufferedOutputStream.java:81)
	at java.base/java.io.BufferedOutputStream.flush(BufferedOutputStream.java:142)
	at org.eclipse.lsp4j.jsonrpc.json.StreamMessageConsumer.consume(StreamMessageConsumer.java:69)
	... 12 more

!ENTRY org.springframework.tooling.ls.eclipse.commons 1 0 2025-06-25 19:07:58.673
!MESSAGE Entering DelegatingStreamConnectionProvider()

!ENTRY org.springframework.tooling.ls.eclipse.commons 1 0 2025-06-25 19:07:58.674
!MESSAGE DelegatingStreamConnectionProvider classloader = org.eclipse.osgi.internal.loader.EquinoxClassLoader@500e5b3f[org.springframework.tooling.boot.ls:1.28.0.202109130547(id=1001)]

!ENTRY org.springframework.tooling.ls.eclipse.commons 1 0 2025-06-25 19:07:58.674
!MESSAGE SpringBootLanguageServer exists!

!ENTRY org.eclipse.lsp4e 4 0 2025-06-25 19:07:58.675
!MESSAGE org.eclipse.lsp4j.jsonrpc.JsonRpcException: java.io.IOException: 파이프가 닫히는 중입니다
!STACK 0
java.util.concurrent.ExecutionException: org.eclipse.lsp4j.jsonrpc.JsonRpcException: java.io.IOException: 파이프가 닫히는 중입니다
	at java.base/java.util.concurrent.CompletableFuture.reportGet(CompletableFuture.java:395)
	at java.base/java.util.concurrent.CompletableFuture.get(CompletableFuture.java:2028)
	at org.eclipse.lsp4e.LanguageServerWrapper.lambda$13(LanguageServerWrapper.java:425)
	at java.base/java.util.concurrent.CompletableFuture$AsyncRun.run(CompletableFuture.java:1736)
	at java.base/java.util.concurrent.CompletableFuture$AsyncRun.exec(CompletableFuture.java:1728)
	at java.base/java.util.concurrent.ForkJoinTask.doExec(ForkJoinTask.java:290)
	at java.base/java.util.concurrent.ForkJoinPool$WorkQueue.topLevelExec(ForkJoinPool.java:1020)
	at java.base/java.util.concurrent.ForkJoinPool.scan(ForkJoinPool.java:1656)
	at java.base/java.util.concurrent.ForkJoinPool.runWorker(ForkJoinPool.java:1594)
	at java.base/java.util.concurrent.ForkJoinWorkerThread.run(ForkJoinWorkerThread.java:183)
Caused by: org.eclipse.lsp4j.jsonrpc.JsonRpcException: java.io.IOException: 파이프가 닫히는 중입니다
	at org.eclipse.lsp4j.jsonrpc.json.StreamMessageConsumer.consume(StreamMessageConsumer.java:72)
	at org.eclipse.lsp4e.LanguageServerWrapper.lambda$4(LanguageServerWrapper.java:260)
	at org.eclipse.lsp4j.jsonrpc.RemoteEndpoint.request(RemoteEndpoint.java:161)
	at org.eclipse.lsp4j.jsonrpc.services.EndpointProxy.invoke(EndpointProxy.java:91)
	at com.sun.proxy.$Proxy49.shutdown(Unknown Source)
	at org.eclipse.lsp4e.LanguageServerWrapper.lambda$13(LanguageServerWrapper.java:423)
	... 7 more
Caused by: java.io.IOException: 파이프가 닫히는 중입니다
	at java.base/java.io.FileOutputStream.writeBytes(Native Method)
	at java.base/java.io.FileOutputStream.write(FileOutputStream.java:354)
	at java.base/java.io.BufferedOutputStream.flushBuffer(BufferedOutputStream.java:81)
	at java.base/java.io.BufferedOutputStream.flush(BufferedOutputStream.java:142)
	at org.eclipse.lsp4j.jsonrpc.json.StreamMessageConsumer.consume(StreamMessageConsumer.java:69)
	... 12 more

!ENTRY org.springframework.tooling.ls.eclipse.commons 1 0 2025-06-25 19:07:58.676
!MESSAGE Entering DelegatingStreamConnectionProvider()

!ENTRY org.springframework.tooling.ls.eclipse.commons 1 0 2025-06-25 19:07:58.676
!MESSAGE DelegatingStreamConnectionProvider classloader = org.eclipse.osgi.internal.loader.EquinoxClassLoader@500e5b3f[org.springframework.tooling.boot.ls:1.28.0.202109130547(id=1001)]

!ENTRY org.springframework.tooling.ls.eclipse.commons 1 0 2025-06-25 19:07:58.676
!MESSAGE SpringBootLanguageServer exists!

!ENTRY org.eclipse.lsp4e 4 0 2025-06-25 19:07:58.679
!MESSAGE org.eclipse.lsp4j.jsonrpc.JsonRpcException: java.io.IOException: 파이프가 닫히는 중입니다
!STACK 0
java.util.concurrent.ExecutionException: org.eclipse.lsp4j.jsonrpc.JsonRpcException: java.io.IOException: 파이프가 닫히는 중입니다
	at java.base/java.util.concurrent.CompletableFuture.reportGet(CompletableFuture.java:395)
	at java.base/java.util.concurrent.CompletableFuture.get(CompletableFuture.java:2028)
	at org.eclipse.lsp4e.LanguageServerWrapper.lambda$13(LanguageServerWrapper.java:425)
	at java.base/java.util.concurrent.CompletableFuture$AsyncRun.run(CompletableFuture.java:1736)
	at java.base/java.util.concurrent.CompletableFuture$AsyncRun.exec(CompletableFuture.java:1728)
	at java.base/java.util.concurrent.ForkJoinTask.doExec(ForkJoinTask.java:290)
	at java.base/java.util.concurrent.ForkJoinPool$WorkQueue.topLevelExec(ForkJoinPool.java:1020)
	at java.base/java.util.concurrent.ForkJoinPool.scan(ForkJoinPool.java:1656)
	at java.base/java.util.concurrent.ForkJoinPool.runWorker(ForkJoinPool.java:1594)
	at java.base/java.util.concurrent.ForkJoinWorkerThread.run(ForkJoinWorkerThread.java:183)
Caused by: org.eclipse.lsp4j.jsonrpc.JsonRpcException: java.io.IOException: 파이프가 닫히는 중입니다
	at org.eclipse.lsp4j.jsonrpc.json.StreamMessageConsumer.consume(StreamMessageConsumer.java:72)
	at org.eclipse.lsp4e.LanguageServerWrapper.lambda$4(LanguageServerWrapper.java:260)
	at org.eclipse.lsp4j.jsonrpc.RemoteEndpoint.request(RemoteEndpoint.java:161)
	at org.eclipse.lsp4j.jsonrpc.services.EndpointProxy.invoke(EndpointProxy.java:91)
	at com.sun.proxy.$Proxy49.shutdown(Unknown Source)
	at org.eclipse.lsp4e.LanguageServerWrapper.lambda$13(LanguageServerWrapper.java:423)
	... 7 more
Caused by: java.io.IOException: 파이프가 닫히는 중입니다
	at java.base/java.io.FileOutputStream.writeBytes(Native Method)
	at java.base/java.io.FileOutputStream.write(FileOutputStream.java:354)
	at java.base/java.io.BufferedOutputStream.flushBuffer(BufferedOutputStream.java:81)
	at java.base/java.io.BufferedOutputStream.flush(BufferedOutputStream.java:142)
	at org.eclipse.lsp4j.jsonrpc.json.StreamMessageConsumer.consume(StreamMessageConsumer.java:69)
	... 12 more

!ENTRY org.springframework.tooling.ls.eclipse.commons 1 0 2025-06-25 19:07:58.679
!MESSAGE Entering DelegatingStreamConnectionProvider()

!ENTRY org.springframework.tooling.ls.eclipse.commons 1 0 2025-06-25 19:07:58.679
!MESSAGE DelegatingStreamConnectionProvider classloader = org.eclipse.osgi.internal.loader.EquinoxClassLoader@500e5b3f[org.springframework.tooling.boot.ls:1.28.0.202109130547(id=1001)]

!ENTRY org.springframework.tooling.ls.eclipse.commons 1 0 2025-06-25 19:07:58.679
!MESSAGE SpringBootLanguageServer exists!

!ENTRY org.eclipse.lsp4e 4 0 2025-06-25 19:07:58.685
!MESSAGE org.eclipse.lsp4j.jsonrpc.JsonRpcException: java.io.IOException: 파이프가 닫히는 중입니다
!STACK 0
java.util.concurrent.ExecutionException: org.eclipse.lsp4j.jsonrpc.JsonRpcException: java.io.IOException: 파이프가 닫히는 중입니다
	at java.base/java.util.concurrent.CompletableFuture.reportGet(CompletableFuture.java:395)
	at java.base/java.util.concurrent.CompletableFuture.get(CompletableFuture.java:2028)
	at org.eclipse.lsp4e.LanguageServerWrapper.lambda$13(LanguageServerWrapper.java:425)
	at java.base/java.util.concurrent.CompletableFuture$AsyncRun.run(CompletableFuture.java:1736)
	at java.base/java.util.concurrent.CompletableFuture$AsyncRun.exec(CompletableFuture.java:1728)
	at java.base/java.util.concurrent.ForkJoinTask.doExec(ForkJoinTask.java:290)
	at java.base/java.util.concurrent.ForkJoinPool$WorkQueue.topLevelExec(ForkJoinPool.java:1020)
	at java.base/java.util.concurrent.ForkJoinPool.scan(ForkJoinPool.java:1656)
	at java.base/java.util.concurrent.ForkJoinPool.runWorker(ForkJoinPool.java:1594)
	at java.base/java.util.concurrent.ForkJoinWorkerThread.run(ForkJoinWorkerThread.java:183)
Caused by: org.eclipse.lsp4j.jsonrpc.JsonRpcException: java.io.IOException: 파이프가 닫히는 중입니다
	at org.eclipse.lsp4j.jsonrpc.json.StreamMessageConsumer.consume(StreamMessageConsumer.java:72)
	at org.eclipse.lsp4e.LanguageServerWrapper.lambda$4(LanguageServerWrapper.java:260)
	at org.eclipse.lsp4j.jsonrpc.RemoteEndpoint.request(RemoteEndpoint.java:161)
	at org.eclipse.lsp4j.jsonrpc.services.EndpointProxy.invoke(EndpointProxy.java:91)
	at com.sun.proxy.$Proxy49.shutdown(Unknown Source)
	at org.eclipse.lsp4e.LanguageServerWrapper.lambda$13(LanguageServerWrapper.java:423)
	... 7 more
Caused by: java.io.IOException: 파이프가 닫히는 중입니다
	at java.base/java.io.FileOutputStream.writeBytes(Native Method)
	at java.base/java.io.FileOutputStream.write(FileOutputStream.java:354)
	at java.base/java.io.BufferedOutputStream.flushBuffer(BufferedOutputStream.java:81)
	at java.base/java.io.BufferedOutputStream.flush(BufferedOutputStream.java:142)
	at org.eclipse.lsp4j.jsonrpc.json.StreamMessageConsumer.consume(StreamMessageConsumer.java:69)
	... 12 more

!ENTRY org.springframework.tooling.ls.eclipse.commons 1 0 2025-06-25 19:07:58.685
!MESSAGE Entering DelegatingStreamConnectionProvider()

!ENTRY org.springframework.tooling.ls.eclipse.commons 1 0 2025-06-25 19:07:58.686
!MESSAGE DelegatingStreamConnectionProvider classloader = org.eclipse.osgi.internal.loader.EquinoxClassLoader@500e5b3f[org.springframework.tooling.boot.ls:1.28.0.202109130547(id=1001)]

!ENTRY org.springframework.tooling.ls.eclipse.commons 1 0 2025-06-25 19:07:58.686
!MESSAGE SpringBootLanguageServer exists!

!ENTRY org.eclipse.lsp4e 4 0 2025-06-25 19:07:58.686
!MESSAGE org.eclipse.lsp4j.jsonrpc.JsonRpcException: java.io.IOException: 파이프가 닫히는 중입니다
!STACK 0
java.util.concurrent.ExecutionException: org.eclipse.lsp4j.jsonrpc.JsonRpcException: java.io.IOException: 파이프가 닫히는 중입니다
	at java.base/java.util.concurrent.CompletableFuture.reportGet(CompletableFuture.java:395)
	at java.base/java.util.concurrent.CompletableFuture.get(CompletableFuture.java:2028)
	at org.eclipse.lsp4e.LanguageServerWrapper.lambda$13(LanguageServerWrapper.java:425)
	at java.base/java.util.concurrent.CompletableFuture$AsyncRun.run(CompletableFuture.java:1736)
	at java.base/java.util.concurrent.CompletableFuture$AsyncRun.exec(CompletableFuture.java:1728)
	at java.base/java.util.concurrent.ForkJoinTask.doExec(ForkJoinTask.java:290)
	at java.base/java.util.concurrent.ForkJoinPool$WorkQueue.topLevelExec(ForkJoinPool.java:1020)
	at java.base/java.util.concurrent.ForkJoinPool.scan(ForkJoinPool.java:1656)
	at java.base/java.util.concurrent.ForkJoinPool.runWorker(ForkJoinPool.java:1594)
	at java.base/java.util.concurrent.ForkJoinWorkerThread.run(ForkJoinWorkerThread.java:183)
Caused by: org.eclipse.lsp4j.jsonrpc.JsonRpcException: java.io.IOException: 파이프가 닫히는 중입니다
	at org.eclipse.lsp4j.jsonrpc.json.StreamMessageConsumer.consume(StreamMessageConsumer.java:72)
	at org.eclipse.lsp4e.LanguageServerWrapper.lambda$4(LanguageServerWrapper.java:260)
	at org.eclipse.lsp4j.jsonrpc.RemoteEndpoint.request(RemoteEndpoint.java:161)
	at org.eclipse.lsp4j.jsonrpc.services.EndpointProxy.invoke(EndpointProxy.java:91)
	at com.sun.proxy.$Proxy49.shutdown(Unknown Source)
	at org.eclipse.lsp4e.LanguageServerWrapper.lambda$13(LanguageServerWrapper.java:423)
	... 7 more
Caused by: java.io.IOException: 파이프가 닫히는 중입니다
	at java.base/java.io.FileOutputStream.writeBytes(Native Method)
	at java.base/java.io.FileOutputStream.write(FileOutputStream.java:354)
	at java.base/java.io.BufferedOutputStream.flushBuffer(BufferedOutputStream.java:81)
	at java.base/java.io.BufferedOutputStream.flush(BufferedOutputStream.java:142)
	at org.eclipse.lsp4j.jsonrpc.json.StreamMessageConsumer.consume(StreamMessageConsumer.java:69)
	... 12 more

!ENTRY org.springframework.tooling.ls.eclipse.commons 1 0 2025-06-25 19:07:58.687
!MESSAGE Entering DelegatingStreamConnectionProvider()

!ENTRY org.springframework.tooling.ls.eclipse.commons 1 0 2025-06-25 19:07:58.687
!MESSAGE DelegatingStreamConnectionProvider classloader = org.eclipse.osgi.internal.loader.EquinoxClassLoader@500e5b3f[org.springframework.tooling.boot.ls:1.28.0.202109130547(id=1001)]

!ENTRY org.springframework.tooling.ls.eclipse.commons 1 0 2025-06-25 19:07:58.687
!MESSAGE SpringBootLanguageServer exists!

!ENTRY org.eclipse.lsp4e 4 0 2025-06-25 19:07:58.691
!MESSAGE org.eclipse.lsp4j.jsonrpc.JsonRpcException: java.io.IOException: 파이프가 닫히는 중입니다
!STACK 0
java.util.concurrent.ExecutionException: org.eclipse.lsp4j.jsonrpc.JsonRpcException: java.io.IOException: 파이프가 닫히는 중입니다
	at java.base/java.util.concurrent.CompletableFuture.reportGet(CompletableFuture.java:395)
	at java.base/java.util.concurrent.CompletableFuture.get(CompletableFuture.java:2028)
	at org.eclipse.lsp4e.LanguageServerWrapper.lambda$13(LanguageServerWrapper.java:425)
	at java.base/java.util.concurrent.CompletableFuture$AsyncRun.run(CompletableFuture.java:1736)
	at java.base/java.util.concurrent.CompletableFuture$AsyncRun.exec(CompletableFuture.java:1728)
	at java.base/java.util.concurrent.ForkJoinTask.doExec(ForkJoinTask.java:290)
	at java.base/java.util.concurrent.ForkJoinPool$WorkQueue.topLevelExec(ForkJoinPool.java:1020)
	at java.base/java.util.concurrent.ForkJoinPool.scan(ForkJoinPool.java:1656)
	at java.base/java.util.concurrent.ForkJoinPool.runWorker(ForkJoinPool.java:1594)
	at java.base/java.util.concurrent.ForkJoinWorkerThread.run(ForkJoinWorkerThread.java:183)
Caused by: org.eclipse.lsp4j.jsonrpc.JsonRpcException: java.io.IOException: 파이프가 닫히는 중입니다
	at org.eclipse.lsp4j.jsonrpc.json.StreamMessageConsumer.consume(StreamMessageConsumer.java:72)
	at org.eclipse.lsp4e.LanguageServerWrapper.lambda$4(LanguageServerWrapper.java:260)
	at org.eclipse.lsp4j.jsonrpc.RemoteEndpoint.request(RemoteEndpoint.java:161)
	at org.eclipse.lsp4j.jsonrpc.services.EndpointProxy.invoke(EndpointProxy.java:91)
	at com.sun.proxy.$Proxy49.shutdown(Unknown Source)
	at org.eclipse.lsp4e.LanguageServerWrapper.lambda$13(LanguageServerWrapper.java:423)
	... 7 more
Caused by: java.io.IOException: 파이프가 닫히는 중입니다
	at java.base/java.io.FileOutputStream.writeBytes(Native Method)
	at java.base/java.io.FileOutputStream.write(FileOutputStream.java:354)
	at java.base/java.io.BufferedOutputStream.flushBuffer(BufferedOutputStream.java:81)
	at java.base/java.io.BufferedOutputStream.flush(BufferedOutputStream.java:142)
	at org.eclipse.lsp4j.jsonrpc.json.StreamMessageConsumer.consume(StreamMessageConsumer.java:69)
	... 12 more

!ENTRY org.springframework.tooling.ls.eclipse.commons 1 0 2025-06-25 19:07:58.692
!MESSAGE Entering DelegatingStreamConnectionProvider()

!ENTRY org.springframework.tooling.ls.eclipse.commons 1 0 2025-06-25 19:07:58.692
!MESSAGE DelegatingStreamConnectionProvider classloader = org.eclipse.osgi.internal.loader.EquinoxClassLoader@500e5b3f[org.springframework.tooling.boot.ls:1.28.0.202109130547(id=1001)]

!ENTRY org.springframework.tooling.ls.eclipse.commons 1 0 2025-06-25 19:07:58.692
!MESSAGE SpringBootLanguageServer exists!

!ENTRY org.eclipse.lsp4e 4 0 2025-06-25 19:07:58.693
!MESSAGE org.eclipse.lsp4j.jsonrpc.JsonRpcException: java.io.IOException: 파이프가 닫히는 중입니다
!STACK 0
java.util.concurrent.ExecutionException: org.eclipse.lsp4j.jsonrpc.JsonRpcException: java.io.IOException: 파이프가 닫히는 중입니다
	at java.base/java.util.concurrent.CompletableFuture.reportGet(CompletableFuture.java:395)
	at java.base/java.util.concurrent.CompletableFuture.get(CompletableFuture.java:2028)
	at org.eclipse.lsp4e.LanguageServerWrapper.lambda$13(LanguageServerWrapper.java:425)
	at java.base/java.util.concurrent.CompletableFuture$AsyncRun.run(CompletableFuture.java:1736)
	at java.base/java.util.concurrent.CompletableFuture$AsyncRun.exec(CompletableFuture.java:1728)
	at java.base/java.util.concurrent.ForkJoinTask.doExec(ForkJoinTask.java:290)
	at java.base/java.util.concurrent.ForkJoinPool$WorkQueue.topLevelExec(ForkJoinPool.java:1020)
	at java.base/java.util.concurrent.ForkJoinPool.scan(ForkJoinPool.java:1656)
	at java.base/java.util.concurrent.ForkJoinPool.runWorker(ForkJoinPool.java:1594)
	at java.base/java.util.concurrent.ForkJoinWorkerThread.run(ForkJoinWorkerThread.java:183)
Caused by: org.eclipse.lsp4j.jsonrpc.JsonRpcException: java.io.IOException: 파이프가 닫히는 중입니다
	at org.eclipse.lsp4j.jsonrpc.json.StreamMessageConsumer.consume(StreamMessageConsumer.java:72)
	at org.eclipse.lsp4e.LanguageServerWrapper.lambda$4(LanguageServerWrapper.java:260)
	at org.eclipse.lsp4j.jsonrpc.RemoteEndpoint.request(RemoteEndpoint.java:161)
	at org.eclipse.lsp4j.jsonrpc.services.EndpointProxy.invoke(EndpointProxy.java:91)
	at com.sun.proxy.$Proxy49.shutdown(Unknown Source)
	at org.eclipse.lsp4e.LanguageServerWrapper.lambda$13(LanguageServerWrapper.java:423)
	... 7 more
Caused by: java.io.IOException: 파이프가 닫히는 중입니다
	at java.base/java.io.FileOutputStream.writeBytes(Native Method)
	at java.base/java.io.FileOutputStream.write(FileOutputStream.java:354)
	at java.base/java.io.BufferedOutputStream.flushBuffer(BufferedOutputStream.java:81)
	at java.base/java.io.BufferedOutputStream.flush(BufferedOutputStream.java:142)
	at org.eclipse.lsp4j.jsonrpc.json.StreamMessageConsumer.consume(StreamMessageConsumer.java:69)
	... 12 more

!ENTRY org.springframework.tooling.ls.eclipse.commons 1 0 2025-06-25 19:07:58.694
!MESSAGE Entering DelegatingStreamConnectionProvider()

!ENTRY org.springframework.tooling.ls.eclipse.commons 1 0 2025-06-25 19:07:58.694
!MESSAGE DelegatingStreamConnectionProvider classloader = org.eclipse.osgi.internal.loader.EquinoxClassLoader@500e5b3f[org.springframework.tooling.boot.ls:1.28.0.202109130547(id=1001)]

!ENTRY org.springframework.tooling.ls.eclipse.commons 1 0 2025-06-25 19:07:58.695
!MESSAGE SpringBootLanguageServer exists!

!ENTRY org.eclipse.lsp4e 4 0 2025-06-25 19:07:58.695
!MESSAGE org.eclipse.lsp4j.jsonrpc.JsonRpcException: java.io.IOException: 파이프가 닫히는 중입니다
!STACK 0
java.util.concurrent.ExecutionException: org.eclipse.lsp4j.jsonrpc.JsonRpcException: java.io.IOException: 파이프가 닫히는 중입니다
	at java.base/java.util.concurrent.CompletableFuture.reportGet(CompletableFuture.java:395)
	at java.base/java.util.concurrent.CompletableFuture.get(CompletableFuture.java:2028)
	at org.eclipse.lsp4e.LanguageServerWrapper.lambda$13(LanguageServerWrapper.java:425)
	at java.base/java.util.concurrent.CompletableFuture$AsyncRun.run(CompletableFuture.java:1736)
	at java.base/java.util.concurrent.CompletableFuture$AsyncRun.exec(CompletableFuture.java:1728)
	at java.base/java.util.concurrent.ForkJoinTask.doExec(ForkJoinTask.java:290)
	at java.base/java.util.concurrent.ForkJoinPool$WorkQueue.topLevelExec(ForkJoinPool.java:1020)
	at java.base/java.util.concurrent.ForkJoinPool.scan(ForkJoinPool.java:1656)
	at java.base/java.util.concurrent.ForkJoinPool.runWorker(ForkJoinPool.java:1594)
	at java.base/java.util.concurrent.ForkJoinWorkerThread.run(ForkJoinWorkerThread.java:183)
Caused by: org.eclipse.lsp4j.jsonrpc.JsonRpcException: java.io.IOException: 파이프가 닫히는 중입니다
	at org.eclipse.lsp4j.jsonrpc.json.StreamMessageConsumer.consume(StreamMessageConsumer.java:72)
	at org.eclipse.lsp4e.LanguageServerWrapper.lambda$4(LanguageServerWrapper.java:260)
	at org.eclipse.lsp4j.jsonrpc.RemoteEndpoint.request(RemoteEndpoint.java:161)
	at org.eclipse.lsp4j.jsonrpc.services.EndpointProxy.invoke(EndpointProxy.java:91)
	at com.sun.proxy.$Proxy49.shutdown(Unknown Source)
	at org.eclipse.lsp4e.LanguageServerWrapper.lambda$13(LanguageServerWrapper.java:423)
	... 7 more
Caused by: java.io.IOException: 파이프가 닫히는 중입니다
	at java.base/java.io.FileOutputStream.writeBytes(Native Method)
	at java.base/java.io.FileOutputStream.write(FileOutputStream.java:354)
	at java.base/java.io.BufferedOutputStream.flushBuffer(BufferedOutputStream.java:81)
	at java.base/java.io.BufferedOutputStream.flush(BufferedOutputStream.java:142)
	at org.eclipse.lsp4j.jsonrpc.json.StreamMessageConsumer.consume(StreamMessageConsumer.java:69)
	... 12 more

!ENTRY org.springframework.tooling.ls.eclipse.commons 1 0 2025-06-25 19:07:58.696
!MESSAGE Entering DelegatingStreamConnectionProvider()

!ENTRY org.springframework.tooling.ls.eclipse.commons 1 0 2025-06-25 19:07:58.696
!MESSAGE DelegatingStreamConnectionProvider classloader = org.eclipse.osgi.internal.loader.EquinoxClassLoader@500e5b3f[org.springframework.tooling.boot.ls:1.28.0.202109130547(id=1001)]

!ENTRY org.springframework.tooling.ls.eclipse.commons 1 0 2025-06-25 19:07:58.696
!MESSAGE SpringBootLanguageServer exists!

!ENTRY org.eclipse.lsp4e 4 0 2025-06-25 19:07:58.698
!MESSAGE org.eclipse.lsp4j.jsonrpc.JsonRpcException: java.io.IOException: 파이프가 닫히는 중입니다
!STACK 0
java.util.concurrent.ExecutionException: org.eclipse.lsp4j.jsonrpc.JsonRpcException: java.io.IOException: 파이프가 닫히는 중입니다
	at java.base/java.util.concurrent.CompletableFuture.reportGet(CompletableFuture.java:395)
	at java.base/java.util.concurrent.CompletableFuture.get(CompletableFuture.java:2028)
	at org.eclipse.lsp4e.LanguageServerWrapper.lambda$13(LanguageServerWrapper.java:425)
	at java.base/java.util.concurrent.CompletableFuture$AsyncRun.run(CompletableFuture.java:1736)
	at java.base/java.util.concurrent.CompletableFuture$AsyncRun.exec(CompletableFuture.java:1728)
	at java.base/java.util.concurrent.ForkJoinTask.doExec(ForkJoinTask.java:290)
	at java.base/java.util.concurrent.ForkJoinPool$WorkQueue.topLevelExec(ForkJoinPool.java:1020)
	at java.base/java.util.concurrent.ForkJoinPool.scan(ForkJoinPool.java:1656)
	at java.base/java.util.concurrent.ForkJoinPool.runWorker(ForkJoinPool.java:1594)
	at java.base/java.util.concurrent.ForkJoinWorkerThread.run(ForkJoinWorkerThread.java:183)
Caused by: org.eclipse.lsp4j.jsonrpc.JsonRpcException: java.io.IOException: 파이프가 닫히는 중입니다
	at org.eclipse.lsp4j.jsonrpc.json.StreamMessageConsumer.consume(StreamMessageConsumer.java:72)
	at org.eclipse.lsp4e.LanguageServerWrapper.lambda$4(LanguageServerWrapper.java:260)
	at org.eclipse.lsp4j.jsonrpc.RemoteEndpoint.request(RemoteEndpoint.java:161)
	at org.eclipse.lsp4j.jsonrpc.services.EndpointProxy.invoke(EndpointProxy.java:91)
	at com.sun.proxy.$Proxy49.shutdown(Unknown Source)
	at org.eclipse.lsp4e.LanguageServerWrapper.lambda$13(LanguageServerWrapper.java:423)
	... 7 more
Caused by: java.io.IOException: 파이프가 닫히는 중입니다
	at java.base/java.io.FileOutputStream.writeBytes(Native Method)
	at java.base/java.io.FileOutputStream.write(FileOutputStream.java:354)
	at java.base/java.io.BufferedOutputStream.flushBuffer(BufferedOutputStream.java:81)
	at java.base/java.io.BufferedOutputStream.flush(BufferedOutputStream.java:142)
	at org.eclipse.lsp4j.jsonrpc.json.StreamMessageConsumer.consume(StreamMessageConsumer.java:69)
	... 12 more

!ENTRY org.springframework.tooling.ls.eclipse.commons 1 0 2025-06-25 19:07:58.699
!MESSAGE Entering DelegatingStreamConnectionProvider()

!ENTRY org.springframework.tooling.ls.eclipse.commons 1 0 2025-06-25 19:07:58.699
!MESSAGE DelegatingStreamConnectionProvider classloader = org.eclipse.osgi.internal.loader.EquinoxClassLoader@500e5b3f[org.springframework.tooling.boot.ls:1.28.0.202109130547(id=1001)]

!ENTRY org.springframework.tooling.ls.eclipse.commons 1 0 2025-06-25 19:07:58.699
!MESSAGE SpringBootLanguageServer exists!

!ENTRY org.eclipse.lsp4e 4 0 2025-06-25 19:07:58.701
!MESSAGE org.eclipse.lsp4j.jsonrpc.JsonRpcException: java.io.IOException: 파이프가 닫히는 중입니다
!STACK 0
java.util.concurrent.ExecutionException: org.eclipse.lsp4j.jsonrpc.JsonRpcException: java.io.IOException: 파이프가 닫히는 중입니다
	at java.base/java.util.concurrent.CompletableFuture.reportGet(CompletableFuture.java:395)
	at java.base/java.util.concurrent.CompletableFuture.get(CompletableFuture.java:2028)
	at org.eclipse.lsp4e.LanguageServerWrapper.lambda$13(LanguageServerWrapper.java:425)
	at java.base/java.util.concurrent.CompletableFuture$AsyncRun.run(CompletableFuture.java:1736)
	at java.base/java.util.concurrent.CompletableFuture$AsyncRun.exec(CompletableFuture.java:1728)
	at java.base/java.util.concurrent.ForkJoinTask.doExec(ForkJoinTask.java:290)
	at java.base/java.util.concurrent.ForkJoinPool$WorkQueue.topLevelExec(ForkJoinPool.java:1020)
	at java.base/java.util.concurrent.ForkJoinPool.scan(ForkJoinPool.java:1656)
	at java.base/java.util.concurrent.ForkJoinPool.runWorker(ForkJoinPool.java:1594)
	at java.base/java.util.concurrent.ForkJoinWorkerThread.run(ForkJoinWorkerThread.java:183)
Caused by: org.eclipse.lsp4j.jsonrpc.JsonRpcException: java.io.IOException: 파이프가 닫히는 중입니다
	at org.eclipse.lsp4j.jsonrpc.json.StreamMessageConsumer.consume(StreamMessageConsumer.java:72)
	at org.eclipse.lsp4e.LanguageServerWrapper.lambda$4(LanguageServerWrapper.java:260)
	at org.eclipse.lsp4j.jsonrpc.RemoteEndpoint.request(RemoteEndpoint.java:161)
	at org.eclipse.lsp4j.jsonrpc.services.EndpointProxy.invoke(EndpointProxy.java:91)
	at com.sun.proxy.$Proxy49.shutdown(Unknown Source)
	at org.eclipse.lsp4e.LanguageServerWrapper.lambda$13(LanguageServerWrapper.java:423)
	... 7 more
Caused by: java.io.IOException: 파이프가 닫히는 중입니다
	at java.base/java.io.FileOutputStream.writeBytes(Native Method)
	at java.base/java.io.FileOutputStream.write(FileOutputStream.java:354)
	at java.base/java.io.BufferedOutputStream.flushBuffer(BufferedOutputStream.java:81)
	at java.base/java.io.BufferedOutputStream.flush(BufferedOutputStream.java:142)
	at org.eclipse.lsp4j.jsonrpc.json.StreamMessageConsumer.consume(StreamMessageConsumer.java:69)
	... 12 more

!ENTRY org.springframework.tooling.ls.eclipse.commons 1 0 2025-06-25 19:07:58.701
!MESSAGE Entering DelegatingStreamConnectionProvider()

!ENTRY org.springframework.tooling.ls.eclipse.commons 1 0 2025-06-25 19:07:58.702
!MESSAGE DelegatingStreamConnectionProvider classloader = org.eclipse.osgi.internal.loader.EquinoxClassLoader@500e5b3f[org.springframework.tooling.boot.ls:1.28.0.202109130547(id=1001)]

!ENTRY org.springframework.tooling.ls.eclipse.commons 1 0 2025-06-25 19:07:58.702
!MESSAGE SpringBootLanguageServer exists!

!ENTRY org.eclipse.lsp4e 4 0 2025-06-25 19:07:58.706
!MESSAGE org.eclipse.lsp4j.jsonrpc.JsonRpcException: java.io.IOException: 파이프가 닫히는 중입니다
!STACK 0
java.util.concurrent.ExecutionException: org.eclipse.lsp4j.jsonrpc.JsonRpcException: java.io.IOException: 파이프가 닫히는 중입니다
	at java.base/java.util.concurrent.CompletableFuture.reportGet(CompletableFuture.java:395)
	at java.base/java.util.concurrent.CompletableFuture.get(CompletableFuture.java:2028)
	at org.eclipse.lsp4e.LanguageServerWrapper.lambda$13(LanguageServerWrapper.java:425)
	at java.base/java.util.concurrent.CompletableFuture$AsyncRun.run(CompletableFuture.java:1736)
	at java.base/java.util.concurrent.CompletableFuture$AsyncRun.exec(CompletableFuture.java:1728)
	at java.base/java.util.concurrent.ForkJoinTask.doExec(ForkJoinTask.java:290)
	at java.base/java.util.concurrent.ForkJoinPool$WorkQueue.topLevelExec(ForkJoinPool.java:1020)
	at java.base/java.util.concurrent.ForkJoinPool.scan(ForkJoinPool.java:1656)
	at java.base/java.util.concurrent.ForkJoinPool.runWorker(ForkJoinPool.java:1594)
	at java.base/java.util.concurrent.ForkJoinWorkerThread.run(ForkJoinWorkerThread.java:183)
Caused by: org.eclipse.lsp4j.jsonrpc.JsonRpcException: java.io.IOException: 파이프가 닫히는 중입니다
	at org.eclipse.lsp4j.jsonrpc.json.StreamMessageConsumer.consume(StreamMessageConsumer.java:72)
	at org.eclipse.lsp4e.LanguageServerWrapper.lambda$4(LanguageServerWrapper.java:260)
	at org.eclipse.lsp4j.jsonrpc.RemoteEndpoint.request(RemoteEndpoint.java:161)
	at org.eclipse.lsp4j.jsonrpc.services.EndpointProxy.invoke(EndpointProxy.java:91)
	at com.sun.proxy.$Proxy49.shutdown(Unknown Source)
	at org.eclipse.lsp4e.LanguageServerWrapper.lambda$13(LanguageServerWrapper.java:423)
	... 7 more
Caused by: java.io.IOException: 파이프가 닫히는 중입니다
	at java.base/java.io.FileOutputStream.writeBytes(Native Method)
	at java.base/java.io.FileOutputStream.write(FileOutputStream.java:354)
	at java.base/java.io.BufferedOutputStream.flushBuffer(BufferedOutputStream.java:81)
	at java.base/java.io.BufferedOutputStream.flush(BufferedOutputStream.java:142)
	at org.eclipse.lsp4j.jsonrpc.json.StreamMessageConsumer.consume(StreamMessageConsumer.java:69)
	... 12 more

!ENTRY org.springframework.tooling.ls.eclipse.commons 1 0 2025-06-25 19:07:58.708
!MESSAGE Entering DelegatingStreamConnectionProvider()

!ENTRY org.springframework.tooling.ls.eclipse.commons 1 0 2025-06-25 19:07:58.708
!MESSAGE DelegatingStreamConnectionProvider classloader = org.eclipse.osgi.internal.loader.EquinoxClassLoader@500e5b3f[org.springframework.tooling.boot.ls:1.28.0.202109130547(id=1001)]

!ENTRY org.springframework.tooling.ls.eclipse.commons 1 0 2025-06-25 19:07:58.708
!MESSAGE SpringBootLanguageServer exists!

!ENTRY org.eclipse.lsp4e 4 0 2025-06-25 19:07:58.709
!MESSAGE org.eclipse.lsp4j.jsonrpc.JsonRpcException: java.io.IOException: 파이프가 닫히는 중입니다
!STACK 0
java.util.concurrent.ExecutionException: org.eclipse.lsp4j.jsonrpc.JsonRpcException: java.io.IOException: 파이프가 닫히는 중입니다
	at java.base/java.util.concurrent.CompletableFuture.reportGet(CompletableFuture.java:395)
	at java.base/java.util.concurrent.CompletableFuture.get(CompletableFuture.java:2028)
	at org.eclipse.lsp4e.LanguageServerWrapper.lambda$13(LanguageServerWrapper.java:425)
	at java.base/java.util.concurrent.CompletableFuture$AsyncRun.run(CompletableFuture.java:1736)
	at java.base/java.util.concurrent.CompletableFuture$AsyncRun.exec(CompletableFuture.java:1728)
	at java.base/java.util.concurrent.ForkJoinTask.doExec(ForkJoinTask.java:290)
	at java.base/java.util.concurrent.ForkJoinPool$WorkQueue.topLevelExec(ForkJoinPool.java:1020)
	at java.base/java.util.concurrent.ForkJoinPool.scan(ForkJoinPool.java:1656)
	at java.base/java.util.concurrent.ForkJoinPool.runWorker(ForkJoinPool.java:1594)
	at java.base/java.util.concurrent.ForkJoinWorkerThread.run(ForkJoinWorkerThread.java:183)
Caused by: org.eclipse.lsp4j.jsonrpc.JsonRpcException: java.io.IOException: 파이프가 닫히는 중입니다
	at org.eclipse.lsp4j.jsonrpc.json.StreamMessageConsumer.consume(StreamMessageConsumer.java:72)
	at org.eclipse.lsp4e.LanguageServerWrapper.lambda$4(LanguageServerWrapper.java:260)
	at org.eclipse.lsp4j.jsonrpc.RemoteEndpoint.request(RemoteEndpoint.java:161)
	at org.eclipse.lsp4j.jsonrpc.services.EndpointProxy.invoke(EndpointProxy.java:91)
	at com.sun.proxy.$Proxy49.shutdown(Unknown Source)
	at org.eclipse.lsp4e.LanguageServerWrapper.lambda$13(LanguageServerWrapper.java:423)
	... 7 more
Caused by: java.io.IOException: 파이프가 닫히는 중입니다
	at java.base/java.io.FileOutputStream.writeBytes(Native Method)
	at java.base/java.io.FileOutputStream.write(FileOutputStream.java:354)
	at java.base/java.io.BufferedOutputStream.flushBuffer(BufferedOutputStream.java:81)
	at java.base/java.io.BufferedOutputStream.flush(BufferedOutputStream.java:142)
	at org.eclipse.lsp4j.jsonrpc.json.StreamMessageConsumer.consume(StreamMessageConsumer.java:69)
	... 12 more

!ENTRY org.springframework.tooling.ls.eclipse.commons 1 0 2025-06-25 19:07:58.710
!MESSAGE Entering DelegatingStreamConnectionProvider()

!ENTRY org.springframework.tooling.ls.eclipse.commons 1 0 2025-06-25 19:07:58.710
!MESSAGE DelegatingStreamConnectionProvider classloader = org.eclipse.osgi.internal.loader.EquinoxClassLoader@500e5b3f[org.springframework.tooling.boot.ls:1.28.0.202109130547(id=1001)]

!ENTRY org.springframework.tooling.ls.eclipse.commons 1 0 2025-06-25 19:07:58.711
!MESSAGE SpringBootLanguageServer exists!

!ENTRY org.eclipse.lsp4e 4 0 2025-06-25 19:07:58.714
!MESSAGE org.eclipse.lsp4j.jsonrpc.JsonRpcException: java.io.IOException: 파이프가 닫히는 중입니다
!STACK 0
java.util.concurrent.ExecutionException: org.eclipse.lsp4j.jsonrpc.JsonRpcException: java.io.IOException: 파이프가 닫히는 중입니다
	at java.base/java.util.concurrent.CompletableFuture.reportGet(CompletableFuture.java:395)
	at java.base/java.util.concurrent.CompletableFuture.get(CompletableFuture.java:2028)
	at org.eclipse.lsp4e.LanguageServerWrapper.lambda$13(LanguageServerWrapper.java:425)
	at java.base/java.util.concurrent.CompletableFuture$AsyncRun.run(CompletableFuture.java:1736)
	at java.base/java.util.concurrent.CompletableFuture$AsyncRun.exec(CompletableFuture.java:1728)
	at java.base/java.util.concurrent.ForkJoinTask.doExec(ForkJoinTask.java:290)
	at java.base/java.util.concurrent.ForkJoinPool$WorkQueue.topLevelExec(ForkJoinPool.java:1020)
	at java.base/java.util.concurrent.ForkJoinPool.scan(ForkJoinPool.java:1656)
	at java.base/java.util.concurrent.ForkJoinPool.runWorker(ForkJoinPool.java:1594)
	at java.base/java.util.concurrent.ForkJoinWorkerThread.run(ForkJoinWorkerThread.java:183)
Caused by: org.eclipse.lsp4j.jsonrpc.JsonRpcException: java.io.IOException: 파이프가 닫히는 중입니다
	at org.eclipse.lsp4j.jsonrpc.json.StreamMessageConsumer.consume(StreamMessageConsumer.java:72)
	at org.eclipse.lsp4e.LanguageServerWrapper.lambda$4(LanguageServerWrapper.java:260)
	at org.eclipse.lsp4j.jsonrpc.RemoteEndpoint.request(RemoteEndpoint.java:161)
	at org.eclipse.lsp4j.jsonrpc.services.EndpointProxy.invoke(EndpointProxy.java:91)
	at com.sun.proxy.$Proxy49.shutdown(Unknown Source)
	at org.eclipse.lsp4e.LanguageServerWrapper.lambda$13(LanguageServerWrapper.java:423)
	... 7 more
Caused by: java.io.IOException: 파이프가 닫히는 중입니다
	at java.base/java.io.FileOutputStream.writeBytes(Native Method)
	at java.base/java.io.FileOutputStream.write(FileOutputStream.java:354)
	at java.base/java.io.BufferedOutputStream.flushBuffer(BufferedOutputStream.java:81)
	at java.base/java.io.BufferedOutputStream.flush(BufferedOutputStream.java:142)
	at org.eclipse.lsp4j.jsonrpc.json.StreamMessageConsumer.consume(StreamMessageConsumer.java:69)
	... 12 more

!ENTRY org.springframework.tooling.ls.eclipse.commons 1 0 2025-06-25 19:07:58.715
!MESSAGE Entering DelegatingStreamConnectionProvider()

!ENTRY org.springframework.tooling.ls.eclipse.commons 1 0 2025-06-25 19:07:58.715
!MESSAGE DelegatingStreamConnectionProvider classloader = org.eclipse.osgi.internal.loader.EquinoxClassLoader@500e5b3f[org.springframework.tooling.boot.ls:1.28.0.202109130547(id=1001)]

!ENTRY org.springframework.tooling.ls.eclipse.commons 1 0 2025-06-25 19:07:58.715
!MESSAGE SpringBootLanguageServer exists!

!ENTRY org.eclipse.lsp4e 4 0 2025-06-25 19:07:58.717
!MESSAGE org.eclipse.lsp4j.jsonrpc.JsonRpcException: java.io.IOException: 파이프가 닫히는 중입니다
!STACK 0
java.util.concurrent.ExecutionException: org.eclipse.lsp4j.jsonrpc.JsonRpcException: java.io.IOException: 파이프가 닫히는 중입니다
	at java.base/java.util.concurrent.CompletableFuture.reportGet(CompletableFuture.java:395)
	at java.base/java.util.concurrent.CompletableFuture.get(CompletableFuture.java:2028)
	at org.eclipse.lsp4e.LanguageServerWrapper.lambda$13(LanguageServerWrapper.java:425)
	at java.base/java.util.concurrent.CompletableFuture$AsyncRun.run(CompletableFuture.java:1736)
	at java.base/java.util.concurrent.CompletableFuture$AsyncRun.exec(CompletableFuture.java:1728)
	at java.base/java.util.concurrent.ForkJoinTask.doExec(ForkJoinTask.java:290)
	at java.base/java.util.concurrent.ForkJoinPool$WorkQueue.topLevelExec(ForkJoinPool.java:1020)
	at java.base/java.util.concurrent.ForkJoinPool.scan(ForkJoinPool.java:1656)
	at java.base/java.util.concurrent.ForkJoinPool.runWorker(ForkJoinPool.java:1594)
	at java.base/java.util.concurrent.ForkJoinWorkerThread.run(ForkJoinWorkerThread.java:183)
Caused by: org.eclipse.lsp4j.jsonrpc.JsonRpcException: java.io.IOException: 파이프가 닫히는 중입니다
	at org.eclipse.lsp4j.jsonrpc.json.StreamMessageConsumer.consume(StreamMessageConsumer.java:72)
	at org.eclipse.lsp4e.LanguageServerWrapper.lambda$4(LanguageServerWrapper.java:260)
	at org.eclipse.lsp4j.jsonrpc.RemoteEndpoint.request(RemoteEndpoint.java:161)
	at org.eclipse.lsp4j.jsonrpc.services.EndpointProxy.invoke(EndpointProxy.java:91)
	at com.sun.proxy.$Proxy49.shutdown(Unknown Source)
	at org.eclipse.lsp4e.LanguageServerWrapper.lambda$13(LanguageServerWrapper.java:423)
	... 7 more
Caused by: java.io.IOException: 파이프가 닫히는 중입니다
	at java.base/java.io.FileOutputStream.writeBytes(Native Method)
	at java.base/java.io.FileOutputStream.write(FileOutputStream.java:354)
	at java.base/java.io.BufferedOutputStream.flushBuffer(BufferedOutputStream.java:81)
	at java.base/java.io.BufferedOutputStream.flush(BufferedOutputStream.java:142)
	at org.eclipse.lsp4j.jsonrpc.json.StreamMessageConsumer.consume(StreamMessageConsumer.java:69)
	... 12 more

!ENTRY org.springframework.tooling.ls.eclipse.commons 1 0 2025-06-25 19:07:58.717
!MESSAGE Entering DelegatingStreamConnectionProvider()

!ENTRY org.springframework.tooling.ls.eclipse.commons 1 0 2025-06-25 19:07:58.718
!MESSAGE DelegatingStreamConnectionProvider classloader = org.eclipse.osgi.internal.loader.EquinoxClassLoader@500e5b3f[org.springframework.tooling.boot.ls:1.28.0.202109130547(id=1001)]

!ENTRY org.springframework.tooling.ls.eclipse.commons 1 0 2025-06-25 19:07:58.718
!MESSAGE SpringBootLanguageServer exists!

!ENTRY org.eclipse.lsp4e 4 0 2025-06-25 19:07:58.719
!MESSAGE org.eclipse.lsp4j.jsonrpc.JsonRpcException: java.io.IOException: 파이프가 닫히는 중입니다
!STACK 0
java.util.concurrent.ExecutionException: org.eclipse.lsp4j.jsonrpc.JsonRpcException: java.io.IOException: 파이프가 닫히는 중입니다
	at java.base/java.util.concurrent.CompletableFuture.reportGet(CompletableFuture.java:395)
	at java.base/java.util.concurrent.CompletableFuture.get(CompletableFuture.java:2028)
	at org.eclipse.lsp4e.LanguageServerWrapper.lambda$13(LanguageServerWrapper.java:425)
	at java.base/java.util.concurrent.CompletableFuture$AsyncRun.run(CompletableFuture.java:1736)
	at java.base/java.util.concurrent.CompletableFuture$AsyncRun.exec(CompletableFuture.java:1728)
	at java.base/java.util.concurrent.ForkJoinTask.doExec(ForkJoinTask.java:290)
	at java.base/java.util.concurrent.ForkJoinPool$WorkQueue.topLevelExec(ForkJoinPool.java:1020)
	at java.base/java.util.concurrent.ForkJoinPool.scan(ForkJoinPool.java:1656)
	at java.base/java.util.concurrent.ForkJoinPool.runWorker(ForkJoinPool.java:1594)
	at java.base/java.util.concurrent.ForkJoinWorkerThread.run(ForkJoinWorkerThread.java:183)
Caused by: org.eclipse.lsp4j.jsonrpc.JsonRpcException: java.io.IOException: 파이프가 닫히는 중입니다
	at org.eclipse.lsp4j.jsonrpc.json.StreamMessageConsumer.consume(StreamMessageConsumer.java:72)
	at org.eclipse.lsp4e.LanguageServerWrapper.lambda$4(LanguageServerWrapper.java:260)
	at org.eclipse.lsp4j.jsonrpc.RemoteEndpoint.request(RemoteEndpoint.java:161)
	at org.eclipse.lsp4j.jsonrpc.services.EndpointProxy.invoke(EndpointProxy.java:91)
	at com.sun.proxy.$Proxy49.shutdown(Unknown Source)
	at org.eclipse.lsp4e.LanguageServerWrapper.lambda$13(LanguageServerWrapper.java:423)
	... 7 more
Caused by: java.io.IOException: 파이프가 닫히는 중입니다
	at java.base/java.io.FileOutputStream.writeBytes(Native Method)
	at java.base/java.io.FileOutputStream.write(FileOutputStream.java:354)
	at java.base/java.io.BufferedOutputStream.flushBuffer(BufferedOutputStream.java:81)
	at java.base/java.io.BufferedOutputStream.flush(BufferedOutputStream.java:142)
	at org.eclipse.lsp4j.jsonrpc.json.StreamMessageConsumer.consume(StreamMessageConsumer.java:69)
	... 12 more

!ENTRY org.springframework.tooling.ls.eclipse.commons 1 0 2025-06-25 19:07:58.719
!MESSAGE Entering DelegatingStreamConnectionProvider()

!ENTRY org.springframework.tooling.ls.eclipse.commons 1 0 2025-06-25 19:07:58.720
!MESSAGE DelegatingStreamConnectionProvider classloader = org.eclipse.osgi.internal.loader.EquinoxClassLoader@500e5b3f[org.springframework.tooling.boot.ls:1.28.0.202109130547(id=1001)]

!ENTRY org.springframework.tooling.ls.eclipse.commons 1 0 2025-06-25 19:07:58.720
!MESSAGE SpringBootLanguageServer exists!

!ENTRY org.eclipse.lsp4e 4 0 2025-06-25 19:07:58.721
!MESSAGE org.eclipse.lsp4j.jsonrpc.JsonRpcException: java.io.IOException: 파이프가 닫히는 중입니다
!STACK 0
java.util.concurrent.ExecutionException: org.eclipse.lsp4j.jsonrpc.JsonRpcException: java.io.IOException: 파이프가 닫히는 중입니다
	at java.base/java.util.concurrent.CompletableFuture.reportGet(CompletableFuture.java:395)
	at java.base/java.util.concurrent.CompletableFuture.get(CompletableFuture.java:2028)
	at org.eclipse.lsp4e.LanguageServerWrapper.lambda$13(LanguageServerWrapper.java:425)
	at java.base/java.util.concurrent.CompletableFuture$AsyncRun.run(CompletableFuture.java:1736)
	at java.base/java.util.concurrent.CompletableFuture$AsyncRun.exec(CompletableFuture.java:1728)
	at java.base/java.util.concurrent.ForkJoinTask.doExec(ForkJoinTask.java:290)
	at java.base/java.util.concurrent.ForkJoinPool$WorkQueue.topLevelExec(ForkJoinPool.java:1020)
	at java.base/java.util.concurrent.ForkJoinPool.scan(ForkJoinPool.java:1656)
	at java.base/java.util.concurrent.ForkJoinPool.runWorker(ForkJoinPool.java:1594)
	at java.base/java.util.concurrent.ForkJoinWorkerThread.run(ForkJoinWorkerThread.java:183)
Caused by: org.eclipse.lsp4j.jsonrpc.JsonRpcException: java.io.IOException: 파이프가 닫히는 중입니다
	at org.eclipse.lsp4j.jsonrpc.json.StreamMessageConsumer.consume(StreamMessageConsumer.java:72)
	at org.eclipse.lsp4e.LanguageServerWrapper.lambda$4(LanguageServerWrapper.java:260)
	at org.eclipse.lsp4j.jsonrpc.RemoteEndpoint.request(RemoteEndpoint.java:161)
	at org.eclipse.lsp4j.jsonrpc.services.EndpointProxy.invoke(EndpointProxy.java:91)
	at com.sun.proxy.$Proxy49.shutdown(Unknown Source)
	at org.eclipse.lsp4e.LanguageServerWrapper.lambda$13(LanguageServerWrapper.java:423)
	... 7 more
Caused by: java.io.IOException: 파이프가 닫히는 중입니다
	at java.base/java.io.FileOutputStream.writeBytes(Native Method)
	at java.base/java.io.FileOutputStream.write(FileOutputStream.java:354)
	at java.base/java.io.BufferedOutputStream.flushBuffer(BufferedOutputStream.java:81)
	at java.base/java.io.BufferedOutputStream.flush(BufferedOutputStream.java:142)
	at org.eclipse.lsp4j.jsonrpc.json.StreamMessageConsumer.consume(StreamMessageConsumer.java:69)
	... 12 more

!ENTRY org.springframework.tooling.ls.eclipse.commons 1 0 2025-06-25 19:07:58.722
!MESSAGE Entering DelegatingStreamConnectionProvider()

!ENTRY org.springframework.tooling.ls.eclipse.commons 1 0 2025-06-25 19:07:58.722
!MESSAGE DelegatingStreamConnectionProvider classloader = org.eclipse.osgi.internal.loader.EquinoxClassLoader@500e5b3f[org.springframework.tooling.boot.ls:1.28.0.202109130547(id=1001)]

!ENTRY org.springframework.tooling.ls.eclipse.commons 1 0 2025-06-25 19:07:58.722
!MESSAGE SpringBootLanguageServer exists!

!ENTRY org.eclipse.lsp4e 4 0 2025-06-25 19:07:58.724
!MESSAGE org.eclipse.lsp4j.jsonrpc.JsonRpcException: java.io.IOException: 파이프가 닫히는 중입니다
!STACK 0
java.util.concurrent.ExecutionException: org.eclipse.lsp4j.jsonrpc.JsonRpcException: java.io.IOException: 파이프가 닫히는 중입니다
	at java.base/java.util.concurrent.CompletableFuture.reportGet(CompletableFuture.java:395)
	at java.base/java.util.concurrent.CompletableFuture.get(CompletableFuture.java:2028)
	at org.eclipse.lsp4e.LanguageServerWrapper.lambda$13(LanguageServerWrapper.java:425)
	at java.base/java.util.concurrent.CompletableFuture$AsyncRun.run(CompletableFuture.java:1736)
	at java.base/java.util.concurrent.CompletableFuture$AsyncRun.exec(CompletableFuture.java:1728)
	at java.base/java.util.concurrent.ForkJoinTask.doExec(ForkJoinTask.java:290)
	at java.base/java.util.concurrent.ForkJoinPool$WorkQueue.topLevelExec(ForkJoinPool.java:1020)
	at java.base/java.util.concurrent.ForkJoinPool.scan(ForkJoinPool.java:1656)
	at java.base/java.util.concurrent.ForkJoinPool.runWorker(ForkJoinPool.java:1594)
	at java.base/java.util.concurrent.ForkJoinWorkerThread.run(ForkJoinWorkerThread.java:183)
Caused by: org.eclipse.lsp4j.jsonrpc.JsonRpcException: java.io.IOException: 파이프가 닫히는 중입니다
	at org.eclipse.lsp4j.jsonrpc.json.StreamMessageConsumer.consume(StreamMessageConsumer.java:72)
	at org.eclipse.lsp4e.LanguageServerWrapper.lambda$4(LanguageServerWrapper.java:260)
	at org.eclipse.lsp4j.jsonrpc.RemoteEndpoint.request(RemoteEndpoint.java:161)
	at org.eclipse.lsp4j.jsonrpc.services.EndpointProxy.invoke(EndpointProxy.java:91)
	at com.sun.proxy.$Proxy49.shutdown(Unknown Source)
	at org.eclipse.lsp4e.LanguageServerWrapper.lambda$13(LanguageServerWrapper.java:423)
	... 7 more
Caused by: java.io.IOException: 파이프가 닫히는 중입니다
	at java.base/java.io.FileOutputStream.writeBytes(Native Method)
	at java.base/java.io.FileOutputStream.write(FileOutputStream.java:354)
	at java.base/java.io.BufferedOutputStream.flushBuffer(BufferedOutputStream.java:81)
	at java.base/java.io.BufferedOutputStream.flush(BufferedOutputStream.java:142)
	at org.eclipse.lsp4j.jsonrpc.json.StreamMessageConsumer.consume(StreamMessageConsumer.java:69)
	... 12 more

!ENTRY org.springframework.tooling.ls.eclipse.commons 1 0 2025-06-25 19:07:58.725
!MESSAGE Entering DelegatingStreamConnectionProvider()

!ENTRY org.springframework.tooling.ls.eclipse.commons 1 0 2025-06-25 19:07:58.725
!MESSAGE DelegatingStreamConnectionProvider classloader = org.eclipse.osgi.internal.loader.EquinoxClassLoader@500e5b3f[org.springframework.tooling.boot.ls:1.28.0.202109130547(id=1001)]

!ENTRY org.springframework.tooling.ls.eclipse.commons 1 0 2025-06-25 19:07:58.725
!MESSAGE SpringBootLanguageServer exists!

!ENTRY org.eclipse.lsp4e 4 0 2025-06-25 19:07:58.726
!MESSAGE org.eclipse.lsp4j.jsonrpc.JsonRpcException: java.io.IOException: 파이프가 닫히는 중입니다
!STACK 0
java.util.concurrent.ExecutionException: org.eclipse.lsp4j.jsonrpc.JsonRpcException: java.io.IOException: 파이프가 닫히는 중입니다
	at java.base/java.util.concurrent.CompletableFuture.reportGet(CompletableFuture.java:395)
	at java.base/java.util.concurrent.CompletableFuture.get(CompletableFuture.java:2028)
	at org.eclipse.lsp4e.LanguageServerWrapper.lambda$13(LanguageServerWrapper.java:425)
	at java.base/java.util.concurrent.CompletableFuture$AsyncRun.run(CompletableFuture.java:1736)
	at java.base/java.util.concurrent.CompletableFuture$AsyncRun.exec(CompletableFuture.java:1728)
	at java.base/java.util.concurrent.ForkJoinTask.doExec(ForkJoinTask.java:290)
	at java.base/java.util.concurrent.ForkJoinPool$WorkQueue.topLevelExec(ForkJoinPool.java:1020)
	at java.base/java.util.concurrent.ForkJoinPool.scan(ForkJoinPool.java:1656)
	at java.base/java.util.concurrent.ForkJoinPool.runWorker(ForkJoinPool.java:1594)
	at java.base/java.util.concurrent.ForkJoinWorkerThread.run(ForkJoinWorkerThread.java:183)
Caused by: org.eclipse.lsp4j.jsonrpc.JsonRpcException: java.io.IOException: 파이프가 닫히는 중입니다
	at org.eclipse.lsp4j.jsonrpc.json.StreamMessageConsumer.consume(StreamMessageConsumer.java:72)
	at org.eclipse.lsp4e.LanguageServerWrapper.lambda$4(LanguageServerWrapper.java:260)
	at org.eclipse.lsp4j.jsonrpc.RemoteEndpoint.request(RemoteEndpoint.java:161)
	at org.eclipse.lsp4j.jsonrpc.services.EndpointProxy.invoke(EndpointProxy.java:91)
	at com.sun.proxy.$Proxy49.shutdown(Unknown Source)
	at org.eclipse.lsp4e.LanguageServerWrapper.lambda$13(LanguageServerWrapper.java:423)
	... 7 more
Caused by: java.io.IOException: 파이프가 닫히는 중입니다
	at java.base/java.io.FileOutputStream.writeBytes(Native Method)
	at java.base/java.io.FileOutputStream.write(FileOutputStream.java:354)
	at java.base/java.io.BufferedOutputStream.flushBuffer(BufferedOutputStream.java:81)
	at java.base/java.io.BufferedOutputStream.flush(BufferedOutputStream.java:142)
	at org.eclipse.lsp4j.jsonrpc.json.StreamMessageConsumer.consume(StreamMessageConsumer.java:69)
	... 12 more

!ENTRY org.springframework.tooling.ls.eclipse.commons 1 0 2025-06-25 19:07:58.727
!MESSAGE Entering DelegatingStreamConnectionProvider()

!ENTRY org.springframework.tooling.ls.eclipse.commons 1 0 2025-06-25 19:07:58.727
!MESSAGE DelegatingStreamConnectionProvider classloader = org.eclipse.osgi.internal.loader.EquinoxClassLoader@500e5b3f[org.springframework.tooling.boot.ls:1.28.0.202109130547(id=1001)]

!ENTRY org.springframework.tooling.ls.eclipse.commons 1 0 2025-06-25 19:07:58.727
!MESSAGE SpringBootLanguageServer exists!

!ENTRY org.eclipse.lsp4e 4 0 2025-06-25 19:07:58.728
!MESSAGE org.eclipse.lsp4j.jsonrpc.JsonRpcException: java.io.IOException: 파이프가 닫히는 중입니다
!STACK 0
java.util.concurrent.ExecutionException: org.eclipse.lsp4j.jsonrpc.JsonRpcException: java.io.IOException: 파이프가 닫히는 중입니다
	at java.base/java.util.concurrent.CompletableFuture.reportGet(CompletableFuture.java:395)
	at java.base/java.util.concurrent.CompletableFuture.get(CompletableFuture.java:2028)
	at org.eclipse.lsp4e.LanguageServerWrapper.lambda$13(LanguageServerWrapper.java:425)
	at java.base/java.util.concurrent.CompletableFuture$AsyncRun.run(CompletableFuture.java:1736)
	at java.base/java.util.concurrent.CompletableFuture$AsyncRun.exec(CompletableFuture.java:1728)
	at java.base/java.util.concurrent.ForkJoinTask.doExec(ForkJoinTask.java:290)
	at java.base/java.util.concurrent.ForkJoinPool$WorkQueue.topLevelExec(ForkJoinPool.java:1020)
	at java.base/java.util.concurrent.ForkJoinPool.scan(ForkJoinPool.java:1656)
	at java.base/java.util.concurrent.ForkJoinPool.runWorker(ForkJoinPool.java:1594)
	at java.base/java.util.concurrent.ForkJoinWorkerThread.run(ForkJoinWorkerThread.java:183)
Caused by: org.eclipse.lsp4j.jsonrpc.JsonRpcException: java.io.IOException: 파이프가 닫히는 중입니다
	at org.eclipse.lsp4j.jsonrpc.json.StreamMessageConsumer.consume(StreamMessageConsumer.java:72)
	at org.eclipse.lsp4e.LanguageServerWrapper.lambda$4(LanguageServerWrapper.java:260)
	at org.eclipse.lsp4j.jsonrpc.RemoteEndpoint.request(RemoteEndpoint.java:161)
	at org.eclipse.lsp4j.jsonrpc.services.EndpointProxy.invoke(EndpointProxy.java:91)
	at com.sun.proxy.$Proxy49.shutdown(Unknown Source)
	at org.eclipse.lsp4e.LanguageServerWrapper.lambda$13(LanguageServerWrapper.java:423)
	... 7 more
Caused by: java.io.IOException: 파이프가 닫히는 중입니다
	at java.base/java.io.FileOutputStream.writeBytes(Native Method)
	at java.base/java.io.FileOutputStream.write(FileOutputStream.java:354)
	at java.base/java.io.BufferedOutputStream.flushBuffer(BufferedOutputStream.java:81)
	at java.base/java.io.BufferedOutputStream.flush(BufferedOutputStream.java:142)
	at org.eclipse.lsp4j.jsonrpc.json.StreamMessageConsumer.consume(StreamMessageConsumer.java:69)
	... 12 more

!ENTRY org.springframework.tooling.ls.eclipse.commons 1 0 2025-06-25 19:07:58.728
!MESSAGE Entering DelegatingStreamConnectionProvider()

!ENTRY org.springframework.tooling.ls.eclipse.commons 1 0 2025-06-25 19:07:58.729
!MESSAGE DelegatingStreamConnectionProvider classloader = org.eclipse.osgi.internal.loader.EquinoxClassLoader@500e5b3f[org.springframework.tooling.boot.ls:1.28.0.202109130547(id=1001)]

!ENTRY org.springframework.tooling.ls.eclipse.commons 1 0 2025-06-25 19:07:58.729
!MESSAGE SpringBootLanguageServer exists!

!ENTRY org.eclipse.lsp4e 4 0 2025-06-25 19:07:58.730
!MESSAGE org.eclipse.lsp4j.jsonrpc.JsonRpcException: java.io.IOException: 파이프가 닫히는 중입니다
!STACK 0
java.util.concurrent.ExecutionException: org.eclipse.lsp4j.jsonrpc.JsonRpcException: java.io.IOException: 파이프가 닫히는 중입니다
	at java.base/java.util.concurrent.CompletableFuture.reportGet(CompletableFuture.java:395)
	at java.base/java.util.concurrent.CompletableFuture.get(CompletableFuture.java:2028)
	at org.eclipse.lsp4e.LanguageServerWrapper.lambda$13(LanguageServerWrapper.java:425)
	at java.base/java.util.concurrent.CompletableFuture$AsyncRun.run(CompletableFuture.java:1736)
	at java.base/java.util.concurrent.CompletableFuture$AsyncRun.exec(CompletableFuture.java:1728)
	at java.base/java.util.concurrent.ForkJoinTask.doExec(ForkJoinTask.java:290)
	at java.base/java.util.concurrent.ForkJoinPool$WorkQueue.topLevelExec(ForkJoinPool.java:1020)
	at java.base/java.util.concurrent.ForkJoinPool.scan(ForkJoinPool.java:1656)
	at java.base/java.util.concurrent.ForkJoinPool.runWorker(ForkJoinPool.java:1594)
	at java.base/java.util.concurrent.ForkJoinWorkerThread.run(ForkJoinWorkerThread.java:183)
Caused by: org.eclipse.lsp4j.jsonrpc.JsonRpcException: java.io.IOException: 파이프가 닫히는 중입니다
	at org.eclipse.lsp4j.jsonrpc.json.StreamMessageConsumer.consume(StreamMessageConsumer.java:72)
	at org.eclipse.lsp4e.LanguageServerWrapper.lambda$4(LanguageServerWrapper.java:260)
	at org.eclipse.lsp4j.jsonrpc.RemoteEndpoint.request(RemoteEndpoint.java:161)
	at org.eclipse.lsp4j.jsonrpc.services.EndpointProxy.invoke(EndpointProxy.java:91)
	at com.sun.proxy.$Proxy49.shutdown(Unknown Source)
	at org.eclipse.lsp4e.LanguageServerWrapper.lambda$13(LanguageServerWrapper.java:423)
	... 7 more
Caused by: java.io.IOException: 파이프가 닫히는 중입니다
	at java.base/java.io.FileOutputStream.writeBytes(Native Method)
	at java.base/java.io.FileOutputStream.write(FileOutputStream.java:354)
	at java.base/java.io.BufferedOutputStream.flushBuffer(BufferedOutputStream.java:81)
	at java.base/java.io.BufferedOutputStream.flush(BufferedOutputStream.java:142)
	at org.eclipse.lsp4j.jsonrpc.json.StreamMessageConsumer.consume(StreamMessageConsumer.java:69)
	... 12 more

!ENTRY org.springframework.tooling.ls.eclipse.commons 1 0 2025-06-25 19:07:58.732
!MESSAGE Entering DelegatingStreamConnectionProvider()

!ENTRY org.springframework.tooling.ls.eclipse.commons 1 0 2025-06-25 19:07:58.732
!MESSAGE DelegatingStreamConnectionProvider classloader = org.eclipse.osgi.internal.loader.EquinoxClassLoader@500e5b3f[org.springframework.tooling.boot.ls:1.28.0.202109130547(id=1001)]

!ENTRY org.springframework.tooling.ls.eclipse.commons 1 0 2025-06-25 19:07:58.732
!MESSAGE SpringBootLanguageServer exists!

!ENTRY org.eclipse.lsp4e 4 0 2025-06-25 19:07:58.733
!MESSAGE org.eclipse.lsp4j.jsonrpc.JsonRpcException: java.io.IOException: 파이프가 닫히는 중입니다
!STACK 0
java.util.concurrent.ExecutionException: org.eclipse.lsp4j.jsonrpc.JsonRpcException: java.io.IOException: 파이프가 닫히는 중입니다
	at java.base/java.util.concurrent.CompletableFuture.reportGet(CompletableFuture.java:395)
	at java.base/java.util.concurrent.CompletableFuture.get(CompletableFuture.java:2028)
	at org.eclipse.lsp4e.LanguageServerWrapper.lambda$13(LanguageServerWrapper.java:425)
	at java.base/java.util.concurrent.CompletableFuture$AsyncRun.run(CompletableFuture.java:1736)
	at java.base/java.util.concurrent.CompletableFuture$AsyncRun.exec(CompletableFuture.java:1728)
	at java.base/java.util.concurrent.ForkJoinTask.doExec(ForkJoinTask.java:290)
	at java.base/java.util.concurrent.ForkJoinPool$WorkQueue.topLevelExec(ForkJoinPool.java:1020)
	at java.base/java.util.concurrent.ForkJoinPool.scan(ForkJoinPool.java:1656)
	at java.base/java.util.concurrent.ForkJoinPool.runWorker(ForkJoinPool.java:1594)
	at java.base/java.util.concurrent.ForkJoinWorkerThread.run(ForkJoinWorkerThread.java:183)
Caused by: org.eclipse.lsp4j.jsonrpc.JsonRpcException: java.io.IOException: 파이프가 닫히는 중입니다
	at org.eclipse.lsp4j.jsonrpc.json.StreamMessageConsumer.consume(StreamMessageConsumer.java:72)
	at org.eclipse.lsp4e.LanguageServerWrapper.lambda$4(LanguageServerWrapper.java:260)
	at org.eclipse.lsp4j.jsonrpc.RemoteEndpoint.request(RemoteEndpoint.java:161)
	at org.eclipse.lsp4j.jsonrpc.services.EndpointProxy.invoke(EndpointProxy.java:91)
	at com.sun.proxy.$Proxy49.shutdown(Unknown Source)
	at org.eclipse.lsp4e.LanguageServerWrapper.lambda$13(LanguageServerWrapper.java:423)
	... 7 more
Caused by: java.io.IOException: 파이프가 닫히는 중입니다
	at java.base/java.io.FileOutputStream.writeBytes(Native Method)
	at java.base/java.io.FileOutputStream.write(FileOutputStream.java:354)
	at java.base/java.io.BufferedOutputStream.flushBuffer(BufferedOutputStream.java:81)
	at java.base/java.io.BufferedOutputStream.flush(BufferedOutputStream.java:142)
	at org.eclipse.lsp4j.jsonrpc.json.StreamMessageConsumer.consume(StreamMessageConsumer.java:69)
	... 12 more

!ENTRY org.springframework.tooling.ls.eclipse.commons 1 0 2025-06-25 19:07:58.734
!MESSAGE Entering DelegatingStreamConnectionProvider()

!ENTRY org.springframework.tooling.ls.eclipse.commons 1 0 2025-06-25 19:07:58.734
!MESSAGE DelegatingStreamConnectionProvider classloader = org.eclipse.osgi.internal.loader.EquinoxClassLoader@500e5b3f[org.springframework.tooling.boot.ls:1.28.0.202109130547(id=1001)]

!ENTRY org.springframework.tooling.ls.eclipse.commons 1 0 2025-06-25 19:07:58.734
!MESSAGE SpringBootLanguageServer exists!

!ENTRY org.eclipse.lsp4e 4 0 2025-06-25 19:07:58.735
!MESSAGE org.eclipse.lsp4j.jsonrpc.JsonRpcException: java.io.IOException: 파이프가 닫히는 중입니다
!STACK 0
java.util.concurrent.ExecutionException: org.eclipse.lsp4j.jsonrpc.JsonRpcException: java.io.IOException: 파이프가 닫히는 중입니다
	at java.base/java.util.concurrent.CompletableFuture.reportGet(CompletableFuture.java:395)
	at java.base/java.util.concurrent.CompletableFuture.get(CompletableFuture.java:2028)
	at org.eclipse.lsp4e.LanguageServerWrapper.lambda$13(LanguageServerWrapper.java:425)
	at java.base/java.util.concurrent.CompletableFuture$AsyncRun.run(CompletableFuture.java:1736)
	at java.base/java.util.concurrent.CompletableFuture$AsyncRun.exec(CompletableFuture.java:1728)
	at java.base/java.util.concurrent.ForkJoinTask.doExec(ForkJoinTask.java:290)
	at java.base/java.util.concurrent.ForkJoinPool$WorkQueue.topLevelExec(ForkJoinPool.java:1020)
	at java.base/java.util.concurrent.ForkJoinPool.scan(ForkJoinPool.java:1656)
	at java.base/java.util.concurrent.ForkJoinPool.runWorker(ForkJoinPool.java:1594)
	at java.base/java.util.concurrent.ForkJoinWorkerThread.run(ForkJoinWorkerThread.java:183)
Caused by: org.eclipse.lsp4j.jsonrpc.JsonRpcException: java.io.IOException: 파이프가 닫히는 중입니다
	at org.eclipse.lsp4j.jsonrpc.json.StreamMessageConsumer.consume(StreamMessageConsumer.java:72)
	at org.eclipse.lsp4e.LanguageServerWrapper.lambda$4(LanguageServerWrapper.java:260)
	at org.eclipse.lsp4j.jsonrpc.RemoteEndpoint.request(RemoteEndpoint.java:161)
	at org.eclipse.lsp4j.jsonrpc.services.EndpointProxy.invoke(EndpointProxy.java:91)
	at com.sun.proxy.$Proxy49.shutdown(Unknown Source)
	at org.eclipse.lsp4e.LanguageServerWrapper.lambda$13(LanguageServerWrapper.java:423)
	... 7 more
Caused by: java.io.IOException: 파이프가 닫히는 중입니다
	at java.base/java.io.FileOutputStream.writeBytes(Native Method)
	at java.base/java.io.FileOutputStream.write(FileOutputStream.java:354)
	at java.base/java.io.BufferedOutputStream.flushBuffer(BufferedOutputStream.java:81)
	at java.base/java.io.BufferedOutputStream.flush(BufferedOutputStream.java:142)
	at org.eclipse.lsp4j.jsonrpc.json.StreamMessageConsumer.consume(StreamMessageConsumer.java:69)
	... 12 more

!ENTRY org.springframework.tooling.ls.eclipse.commons 1 0 2025-06-25 19:07:58.736
!MESSAGE Entering DelegatingStreamConnectionProvider()

!ENTRY org.springframework.tooling.ls.eclipse.commons 1 0 2025-06-25 19:07:58.736
!MESSAGE DelegatingStreamConnectionProvider classloader = org.eclipse.osgi.internal.loader.EquinoxClassLoader@500e5b3f[org.springframework.tooling.boot.ls:1.28.0.202109130547(id=1001)]

!ENTRY org.springframework.tooling.ls.eclipse.commons 1 0 2025-06-25 19:07:58.737
!MESSAGE SpringBootLanguageServer exists!

!ENTRY org.eclipse.lsp4e 4 0 2025-06-25 19:07:58.738
!MESSAGE org.eclipse.lsp4j.jsonrpc.JsonRpcException: java.io.IOException: 파이프가 닫히는 중입니다
!STACK 0
java.util.concurrent.ExecutionException: org.eclipse.lsp4j.jsonrpc.JsonRpcException: java.io.IOException: 파이프가 닫히는 중입니다
	at java.base/java.util.concurrent.CompletableFuture.reportGet(CompletableFuture.java:395)
	at java.base/java.util.concurrent.CompletableFuture.get(CompletableFuture.java:2028)
	at org.eclipse.lsp4e.LanguageServerWrapper.lambda$13(LanguageServerWrapper.java:425)
	at java.base/java.util.concurrent.CompletableFuture$AsyncRun.run(CompletableFuture.java:1736)
	at java.base/java.util.concurrent.CompletableFuture$AsyncRun.exec(CompletableFuture.java:1728)
	at java.base/java.util.concurrent.ForkJoinTask.doExec(ForkJoinTask.java:290)
	at java.base/java.util.concurrent.ForkJoinPool$WorkQueue.topLevelExec(ForkJoinPool.java:1020)
	at java.base/java.util.concurrent.ForkJoinPool.scan(ForkJoinPool.java:1656)
	at java.base/java.util.concurrent.ForkJoinPool.runWorker(ForkJoinPool.java:1594)
	at java.base/java.util.concurrent.ForkJoinWorkerThread.run(ForkJoinWorkerThread.java:183)
Caused by: org.eclipse.lsp4j.jsonrpc.JsonRpcException: java.io.IOException: 파이프가 닫히는 중입니다
	at org.eclipse.lsp4j.jsonrpc.json.StreamMessageConsumer.consume(StreamMessageConsumer.java:72)
	at org.eclipse.lsp4e.LanguageServerWrapper.lambda$4(LanguageServerWrapper.java:260)
	at org.eclipse.lsp4j.jsonrpc.RemoteEndpoint.request(RemoteEndpoint.java:161)
	at org.eclipse.lsp4j.jsonrpc.services.EndpointProxy.invoke(EndpointProxy.java:91)
	at com.sun.proxy.$Proxy49.shutdown(Unknown Source)
	at org.eclipse.lsp4e.LanguageServerWrapper.lambda$13(LanguageServerWrapper.java:423)
	... 7 more
Caused by: java.io.IOException: 파이프가 닫히는 중입니다
	at java.base/java.io.FileOutputStream.writeBytes(Native Method)
	at java.base/java.io.FileOutputStream.write(FileOutputStream.java:354)
	at java.base/java.io.BufferedOutputStream.flushBuffer(BufferedOutputStream.java:81)
	at java.base/java.io.BufferedOutputStream.flush(BufferedOutputStream.java:142)
	at org.eclipse.lsp4j.jsonrpc.json.StreamMessageConsumer.consume(StreamMessageConsumer.java:69)
	... 12 more

!ENTRY org.springframework.tooling.ls.eclipse.commons 1 0 2025-06-25 19:07:58.738
!MESSAGE Entering DelegatingStreamConnectionProvider()

!ENTRY org.springframework.tooling.ls.eclipse.commons 1 0 2025-06-25 19:07:58.738
!MESSAGE DelegatingStreamConnectionProvider classloader = org.eclipse.osgi.internal.loader.EquinoxClassLoader@500e5b3f[org.springframework.tooling.boot.ls:1.28.0.202109130547(id=1001)]

!ENTRY org.springframework.tooling.ls.eclipse.commons 1 0 2025-06-25 19:07:58.739
!MESSAGE SpringBootLanguageServer exists!

!ENTRY org.eclipse.lsp4e 4 0 2025-06-25 19:07:58.741
!MESSAGE org.eclipse.lsp4j.jsonrpc.JsonRpcException: java.io.IOException: 파이프가 닫히는 중입니다
!STACK 0
java.util.concurrent.ExecutionException: org.eclipse.lsp4j.jsonrpc.JsonRpcException: java.io.IOException: 파이프가 닫히는 중입니다
	at java.base/java.util.concurrent.CompletableFuture.reportGet(CompletableFuture.java:395)
	at java.base/java.util.concurrent.CompletableFuture.get(CompletableFuture.java:2028)
	at org.eclipse.lsp4e.LanguageServerWrapper.lambda$13(LanguageServerWrapper.java:425)
	at java.base/java.util.concurrent.CompletableFuture$AsyncRun.run(CompletableFuture.java:1736)
	at java.base/java.util.concurrent.CompletableFuture$AsyncRun.exec(CompletableFuture.java:1728)
	at java.base/java.util.concurrent.ForkJoinTask.doExec(ForkJoinTask.java:290)
	at java.base/java.util.concurrent.ForkJoinPool$WorkQueue.topLevelExec(ForkJoinPool.java:1020)
	at java.base/java.util.concurrent.ForkJoinPool.scan(ForkJoinPool.java:1656)
	at java.base/java.util.concurrent.ForkJoinPool.runWorker(ForkJoinPool.java:1594)
	at java.base/java.util.concurrent.ForkJoinWorkerThread.run(ForkJoinWorkerThread.java:183)
Caused by: org.eclipse.lsp4j.jsonrpc.JsonRpcException: java.io.IOException: 파이프가 닫히는 중입니다
	at org.eclipse.lsp4j.jsonrpc.json.StreamMessageConsumer.consume(StreamMessageConsumer.java:72)
	at org.eclipse.lsp4e.LanguageServerWrapper.lambda$4(LanguageServerWrapper.java:260)
	at org.eclipse.lsp4j.jsonrpc.RemoteEndpoint.request(RemoteEndpoint.java:161)
	at org.eclipse.lsp4j.jsonrpc.services.EndpointProxy.invoke(EndpointProxy.java:91)
	at com.sun.proxy.$Proxy49.shutdown(Unknown Source)
	at org.eclipse.lsp4e.LanguageServerWrapper.lambda$13(LanguageServerWrapper.java:423)
	... 7 more
Caused by: java.io.IOException: 파이프가 닫히는 중입니다
	at java.base/java.io.FileOutputStream.writeBytes(Native Method)
	at java.base/java.io.FileOutputStream.write(FileOutputStream.java:354)
	at java.base/java.io.BufferedOutputStream.flushBuffer(BufferedOutputStream.java:81)
	at java.base/java.io.BufferedOutputStream.flush(BufferedOutputStream.java:142)
	at org.eclipse.lsp4j.jsonrpc.json.StreamMessageConsumer.consume(StreamMessageConsumer.java:69)
	... 12 more

!ENTRY org.springframework.tooling.ls.eclipse.commons 1 0 2025-06-25 19:07:58.741
!MESSAGE Entering DelegatingStreamConnectionProvider()

!ENTRY org.springframework.tooling.ls.eclipse.commons 1 0 2025-06-25 19:07:58.742
!MESSAGE DelegatingStreamConnectionProvider classloader = org.eclipse.osgi.internal.loader.EquinoxClassLoader@500e5b3f[org.springframework.tooling.boot.ls:1.28.0.202109130547(id=1001)]

!ENTRY org.springframework.tooling.ls.eclipse.commons 1 0 2025-06-25 19:07:58.742
!MESSAGE SpringBootLanguageServer exists!

!ENTRY org.eclipse.lsp4e 4 0 2025-06-25 19:07:58.743
!MESSAGE org.eclipse.lsp4j.jsonrpc.JsonRpcException: java.io.IOException: 파이프가 닫히는 중입니다
!STACK 0
java.util.concurrent.ExecutionException: org.eclipse.lsp4j.jsonrpc.JsonRpcException: java.io.IOException: 파이프가 닫히는 중입니다
	at java.base/java.util.concurrent.CompletableFuture.reportGet(CompletableFuture.java:395)
	at java.base/java.util.concurrent.CompletableFuture.get(CompletableFuture.java:2028)
	at org.eclipse.lsp4e.LanguageServerWrapper.lambda$13(LanguageServerWrapper.java:425)
	at java.base/java.util.concurrent.CompletableFuture$AsyncRun.run(CompletableFuture.java:1736)
	at java.base/java.util.concurrent.CompletableFuture$AsyncRun.exec(CompletableFuture.java:1728)
	at java.base/java.util.concurrent.ForkJoinTask.doExec(ForkJoinTask.java:290)
	at java.base/java.util.concurrent.ForkJoinPool$WorkQueue.topLevelExec(ForkJoinPool.java:1020)
	at java.base/java.util.concurrent.ForkJoinPool.scan(ForkJoinPool.java:1656)
	at java.base/java.util.concurrent.ForkJoinPool.runWorker(ForkJoinPool.java:1594)
	at java.base/java.util.concurrent.ForkJoinWorkerThread.run(ForkJoinWorkerThread.java:183)
Caused by: org.eclipse.lsp4j.jsonrpc.JsonRpcException: java.io.IOException: 파이프가 닫히는 중입니다
	at org.eclipse.lsp4j.jsonrpc.json.StreamMessageConsumer.consume(StreamMessageConsumer.java:72)
	at org.eclipse.lsp4e.LanguageServerWrapper.lambda$4(LanguageServerWrapper.java:260)
	at org.eclipse.lsp4j.jsonrpc.RemoteEndpoint.request(RemoteEndpoint.java:161)
	at org.eclipse.lsp4j.jsonrpc.services.EndpointProxy.invoke(EndpointProxy.java:91)
	at com.sun.proxy.$Proxy49.shutdown(Unknown Source)
	at org.eclipse.lsp4e.LanguageServerWrapper.lambda$13(LanguageServerWrapper.java:423)
	... 7 more
Caused by: java.io.IOException: 파이프가 닫히는 중입니다
	at java.base/java.io.FileOutputStream.writeBytes(Native Method)
	at java.base/java.io.FileOutputStream.write(FileOutputStream.java:354)
	at java.base/java.io.BufferedOutputStream.flushBuffer(BufferedOutputStream.java:81)
	at java.base/java.io.BufferedOutputStream.flush(BufferedOutputStream.java:142)
	at org.eclipse.lsp4j.jsonrpc.json.StreamMessageConsumer.consume(StreamMessageConsumer.java:69)
	... 12 more

!ENTRY org.springframework.tooling.ls.eclipse.commons 1 0 2025-06-25 19:07:58.744
!MESSAGE Entering DelegatingStreamConnectionProvider()

!ENTRY org.springframework.tooling.ls.eclipse.commons 1 0 2025-06-25 19:07:58.744
!MESSAGE DelegatingStreamConnectionProvider classloader = org.eclipse.osgi.internal.loader.EquinoxClassLoader@500e5b3f[org.springframework.tooling.boot.ls:1.28.0.202109130547(id=1001)]

!ENTRY org.springframework.tooling.ls.eclipse.commons 1 0 2025-06-25 19:07:58.744
!MESSAGE SpringBootLanguageServer exists!

!ENTRY org.eclipse.lsp4e 4 0 2025-06-25 19:07:58.745
!MESSAGE org.eclipse.lsp4j.jsonrpc.JsonRpcException: java.io.IOException: 파이프가 닫히는 중입니다
!STACK 0
java.util.concurrent.ExecutionException: org.eclipse.lsp4j.jsonrpc.JsonRpcException: java.io.IOException: 파이프가 닫히는 중입니다
	at java.base/java.util.concurrent.CompletableFuture.reportGet(CompletableFuture.java:395)
	at java.base/java.util.concurrent.CompletableFuture.get(CompletableFuture.java:2028)
	at org.eclipse.lsp4e.LanguageServerWrapper.lambda$13(LanguageServerWrapper.java:425)
	at java.base/java.util.concurrent.CompletableFuture$AsyncRun.run(CompletableFuture.java:1736)
	at java.base/java.util.concurrent.CompletableFuture$AsyncRun.exec(CompletableFuture.java:1728)
	at java.base/java.util.concurrent.ForkJoinTask.doExec(ForkJoinTask.java:290)
	at java.base/java.util.concurrent.ForkJoinPool$WorkQueue.topLevelExec(ForkJoinPool.java:1020)
	at java.base/java.util.concurrent.ForkJoinPool.scan(ForkJoinPool.java:1656)
	at java.base/java.util.concurrent.ForkJoinPool.runWorker(ForkJoinPool.java:1594)
	at java.base/java.util.concurrent.ForkJoinWorkerThread.run(ForkJoinWorkerThread.java:183)
Caused by: org.eclipse.lsp4j.jsonrpc.JsonRpcException: java.io.IOException: 파이프가 닫히는 중입니다
	at org.eclipse.lsp4j.jsonrpc.json.StreamMessageConsumer.consume(StreamMessageConsumer.java:72)
	at org.eclipse.lsp4e.LanguageServerWrapper.lambda$4(LanguageServerWrapper.java:260)
	at org.eclipse.lsp4j.jsonrpc.RemoteEndpoint.request(RemoteEndpoint.java:161)
	at org.eclipse.lsp4j.jsonrpc.services.EndpointProxy.invoke(EndpointProxy.java:91)
	at com.sun.proxy.$Proxy49.shutdown(Unknown Source)
	at org.eclipse.lsp4e.LanguageServerWrapper.lambda$13(LanguageServerWrapper.java:423)
	... 7 more
Caused by: java.io.IOException: 파이프가 닫히는 중입니다
	at java.base/java.io.FileOutputStream.writeBytes(Native Method)
	at java.base/java.io.FileOutputStream.write(FileOutputStream.java:354)
	at java.base/java.io.BufferedOutputStream.flushBuffer(BufferedOutputStream.java:81)
	at java.base/java.io.BufferedOutputStream.flush(BufferedOutputStream.java:142)
	at org.eclipse.lsp4j.jsonrpc.json.StreamMessageConsumer.consume(StreamMessageConsumer.java:69)
	... 12 more

!ENTRY org.springframework.tooling.ls.eclipse.commons 1 0 2025-06-25 19:07:58.745
!MESSAGE Entering DelegatingStreamConnectionProvider()

!ENTRY org.springframework.tooling.ls.eclipse.commons 1 0 2025-06-25 19:07:58.746
!MESSAGE DelegatingStreamConnectionProvider classloader = org.eclipse.osgi.internal.loader.EquinoxClassLoader@500e5b3f[org.springframework.tooling.boot.ls:1.28.0.202109130547(id=1001)]

!ENTRY org.springframework.tooling.ls.eclipse.commons 1 0 2025-06-25 19:07:58.746
!MESSAGE SpringBootLanguageServer exists!

!ENTRY org.eclipse.lsp4e 4 0 2025-06-25 19:07:58.754
!MESSAGE org.eclipse.lsp4j.jsonrpc.JsonRpcException: java.io.IOException: 파이프가 닫히는 중입니다
!STACK 0
java.util.concurrent.ExecutionException: org.eclipse.lsp4j.jsonrpc.JsonRpcException: java.io.IOException: 파이프가 닫히는 중입니다
	at java.base/java.util.concurrent.CompletableFuture.reportGet(CompletableFuture.java:395)
	at java.base/java.util.concurrent.CompletableFuture.get(CompletableFuture.java:2028)
	at org.eclipse.lsp4e.LanguageServerWrapper.lambda$13(LanguageServerWrapper.java:425)
	at java.base/java.util.concurrent.CompletableFuture$AsyncRun.run(CompletableFuture.java:1736)
	at java.base/java.util.concurrent.CompletableFuture$AsyncRun.exec(CompletableFuture.java:1728)
	at java.base/java.util.concurrent.ForkJoinTask.doExec(ForkJoinTask.java:290)
	at java.base/java.util.concurrent.ForkJoinPool$WorkQueue.topLevelExec(ForkJoinPool.java:1020)
	at java.base/java.util.concurrent.ForkJoinPool.scan(ForkJoinPool.java:1656)
	at java.base/java.util.concurrent.ForkJoinPool.runWorker(ForkJoinPool.java:1594)
	at java.base/java.util.concurrent.ForkJoinWorkerThread.run(ForkJoinWorkerThread.java:183)
Caused by: org.eclipse.lsp4j.jsonrpc.JsonRpcException: java.io.IOException: 파이프가 닫히는 중입니다
	at org.eclipse.lsp4j.jsonrpc.json.StreamMessageConsumer.consume(StreamMessageConsumer.java:72)
	at org.eclipse.lsp4e.LanguageServerWrapper.lambda$4(LanguageServerWrapper.java:260)
	at org.eclipse.lsp4j.jsonrpc.RemoteEndpoint.request(RemoteEndpoint.java:161)
	at org.eclipse.lsp4j.jsonrpc.services.EndpointProxy.invoke(EndpointProxy.java:91)
	at com.sun.proxy.$Proxy49.shutdown(Unknown Source)
	at org.eclipse.lsp4e.LanguageServerWrapper.lambda$13(LanguageServerWrapper.java:423)
	... 7 more
Caused by: java.io.IOException: 파이프가 닫히는 중입니다
	at java.base/java.io.FileOutputStream.writeBytes(Native Method)
	at java.base/java.io.FileOutputStream.write(FileOutputStream.java:354)
	at java.base/java.io.BufferedOutputStream.flushBuffer(BufferedOutputStream.java:81)
	at java.base/java.io.BufferedOutputStream.flush(BufferedOutputStream.java:142)
	at org.eclipse.lsp4j.jsonrpc.json.StreamMessageConsumer.consume(StreamMessageConsumer.java:69)
	... 12 more

!ENTRY org.springframework.tooling.ls.eclipse.commons 1 0 2025-06-25 19:07:58.755
!MESSAGE Entering DelegatingStreamConnectionProvider()

!ENTRY org.springframework.tooling.ls.eclipse.commons 1 0 2025-06-25 19:07:58.755
!MESSAGE DelegatingStreamConnectionProvider classloader = org.eclipse.osgi.internal.loader.EquinoxClassLoader@500e5b3f[org.springframework.tooling.boot.ls:1.28.0.202109130547(id=1001)]

!ENTRY org.springframework.tooling.ls.eclipse.commons 1 0 2025-06-25 19:07:58.755
!MESSAGE SpringBootLanguageServer exists!

!ENTRY org.eclipse.lsp4e 4 0 2025-06-25 19:07:58.756
!MESSAGE org.eclipse.lsp4j.jsonrpc.JsonRpcException: java.io.IOException: 파이프가 닫히는 중입니다
!STACK 0
java.util.concurrent.ExecutionException: org.eclipse.lsp4j.jsonrpc.JsonRpcException: java.io.IOException: 파이프가 닫히는 중입니다
	at java.base/java.util.concurrent.CompletableFuture.reportGet(CompletableFuture.java:395)
	at java.base/java.util.concurrent.CompletableFuture.get(CompletableFuture.java:2028)
	at org.eclipse.lsp4e.LanguageServerWrapper.lambda$13(LanguageServerWrapper.java:425)
	at java.base/java.util.concurrent.CompletableFuture$AsyncRun.run(CompletableFuture.java:1736)
	at java.base/java.util.concurrent.CompletableFuture$AsyncRun.exec(CompletableFuture.java:1728)
	at java.base/java.util.concurrent.ForkJoinTask.doExec(ForkJoinTask.java:290)
	at java.base/java.util.concurrent.ForkJoinPool$WorkQueue.topLevelExec(ForkJoinPool.java:1020)
	at java.base/java.util.concurrent.ForkJoinPool.scan(ForkJoinPool.java:1656)
	at java.base/java.util.concurrent.ForkJoinPool.runWorker(ForkJoinPool.java:1594)
	at java.base/java.util.concurrent.ForkJoinWorkerThread.run(ForkJoinWorkerThread.java:183)
Caused by: org.eclipse.lsp4j.jsonrpc.JsonRpcException: java.io.IOException: 파이프가 닫히는 중입니다
	at org.eclipse.lsp4j.jsonrpc.json.StreamMessageConsumer.consume(StreamMessageConsumer.java:72)
	at org.eclipse.lsp4e.LanguageServerWrapper.lambda$4(LanguageServerWrapper.java:260)
	at org.eclipse.lsp4j.jsonrpc.RemoteEndpoint.request(RemoteEndpoint.java:161)
	at org.eclipse.lsp4j.jsonrpc.services.EndpointProxy.invoke(EndpointProxy.java:91)
	at com.sun.proxy.$Proxy49.shutdown(Unknown Source)
	at org.eclipse.lsp4e.LanguageServerWrapper.lambda$13(LanguageServerWrapper.java:423)
	... 7 more
Caused by: java.io.IOException: 파이프가 닫히는 중입니다
	at java.base/java.io.FileOutputStream.writeBytes(Native Method)
	at java.base/java.io.FileOutputStream.write(FileOutputStream.java:354)
	at java.base/java.io.BufferedOutputStream.flushBuffer(BufferedOutputStream.java:81)
	at java.base/java.io.BufferedOutputStream.flush(BufferedOutputStream.java:142)
	at org.eclipse.lsp4j.jsonrpc.json.StreamMessageConsumer.consume(StreamMessageConsumer.java:69)
	... 12 more

!ENTRY org.springframework.tooling.ls.eclipse.commons 1 0 2025-06-25 19:07:58.757
!MESSAGE Entering DelegatingStreamConnectionProvider()

!ENTRY org.springframework.tooling.ls.eclipse.commons 1 0 2025-06-25 19:07:58.757
!MESSAGE DelegatingStreamConnectionProvider classloader = org.eclipse.osgi.internal.loader.EquinoxClassLoader@500e5b3f[org.springframework.tooling.boot.ls:1.28.0.202109130547(id=1001)]

!ENTRY org.springframework.tooling.ls.eclipse.commons 1 0 2025-06-25 19:07:58.757
!MESSAGE SpringBootLanguageServer exists!

!ENTRY org.eclipse.lsp4e 4 0 2025-06-25 19:07:58.759
!MESSAGE org.eclipse.lsp4j.jsonrpc.JsonRpcException: java.io.IOException: 파이프가 닫히는 중입니다
!STACK 0
java.util.concurrent.ExecutionException: org.eclipse.lsp4j.jsonrpc.JsonRpcException: java.io.IOException: 파이프가 닫히는 중입니다
	at java.base/java.util.concurrent.CompletableFuture.reportGet(CompletableFuture.java:395)
	at java.base/java.util.concurrent.CompletableFuture.get(CompletableFuture.java:2028)
	at org.eclipse.lsp4e.LanguageServerWrapper.lambda$13(LanguageServerWrapper.java:425)
	at java.base/java.util.concurrent.CompletableFuture$AsyncRun.run(CompletableFuture.java:1736)
	at java.base/java.util.concurrent.CompletableFuture$AsyncRun.exec(CompletableFuture.java:1728)
	at java.base/java.util.concurrent.ForkJoinTask.doExec(ForkJoinTask.java:290)
	at java.base/java.util.concurrent.ForkJoinPool$WorkQueue.topLevelExec(ForkJoinPool.java:1020)
	at java.base/java.util.concurrent.ForkJoinPool.scan(ForkJoinPool.java:1656)
	at java.base/java.util.concurrent.ForkJoinPool.runWorker(ForkJoinPool.java:1594)
	at java.base/java.util.concurrent.ForkJoinWorkerThread.run(ForkJoinWorkerThread.java:183)
Caused by: org.eclipse.lsp4j.jsonrpc.JsonRpcException: java.io.IOException: 파이프가 닫히는 중입니다
	at org.eclipse.lsp4j.jsonrpc.json.StreamMessageConsumer.consume(StreamMessageConsumer.java:72)
	at org.eclipse.lsp4e.LanguageServerWrapper.lambda$4(LanguageServerWrapper.java:260)
	at org.eclipse.lsp4j.jsonrpc.RemoteEndpoint.request(RemoteEndpoint.java:161)
	at org.eclipse.lsp4j.jsonrpc.services.EndpointProxy.invoke(EndpointProxy.java:91)
	at com.sun.proxy.$Proxy49.shutdown(Unknown Source)
	at org.eclipse.lsp4e.LanguageServerWrapper.lambda$13(LanguageServerWrapper.java:423)
	... 7 more
Caused by: java.io.IOException: 파이프가 닫히는 중입니다
	at java.base/java.io.FileOutputStream.writeBytes(Native Method)
	at java.base/java.io.FileOutputStream.write(FileOutputStream.java:354)
	at java.base/java.io.BufferedOutputStream.flushBuffer(BufferedOutputStream.java:81)
	at java.base/java.io.BufferedOutputStream.flush(BufferedOutputStream.java:142)
	at org.eclipse.lsp4j.jsonrpc.json.StreamMessageConsumer.consume(StreamMessageConsumer.java:69)
	... 12 more

!ENTRY org.springframework.tooling.ls.eclipse.commons 1 0 2025-06-25 19:07:58.759
!MESSAGE Entering DelegatingStreamConnectionProvider()

!ENTRY org.springframework.tooling.ls.eclipse.commons 1 0 2025-06-25 19:07:58.759
!MESSAGE DelegatingStreamConnectionProvider classloader = org.eclipse.osgi.internal.loader.EquinoxClassLoader@500e5b3f[org.springframework.tooling.boot.ls:1.28.0.202109130547(id=1001)]

!ENTRY org.springframework.tooling.ls.eclipse.commons 1 0 2025-06-25 19:07:58.759
!MESSAGE SpringBootLanguageServer exists!

!ENTRY org.eclipse.lsp4e 4 0 2025-06-25 19:07:58.763
!MESSAGE org.eclipse.lsp4j.jsonrpc.JsonRpcException: java.io.IOException: 파이프가 닫히는 중입니다
!STACK 0
java.util.concurrent.ExecutionException: org.eclipse.lsp4j.jsonrpc.JsonRpcException: java.io.IOException: 파이프가 닫히는 중입니다
	at java.base/java.util.concurrent.CompletableFuture.reportGet(CompletableFuture.java:395)
	at java.base/java.util.concurrent.CompletableFuture.get(CompletableFuture.java:2028)
	at org.eclipse.lsp4e.LanguageServerWrapper.lambda$13(LanguageServerWrapper.java:425)
	at java.base/java.util.concurrent.CompletableFuture$AsyncRun.run(CompletableFuture.java:1736)
	at java.base/java.util.concurrent.CompletableFuture$AsyncRun.exec(CompletableFuture.java:1728)
	at java.base/java.util.concurrent.ForkJoinTask.doExec(ForkJoinTask.java:290)
	at java.base/java.util.concurrent.ForkJoinPool$WorkQueue.topLevelExec(ForkJoinPool.java:1020)
	at java.base/java.util.concurrent.ForkJoinPool.scan(ForkJoinPool.java:1656)
	at java.base/java.util.concurrent.ForkJoinPool.runWorker(ForkJoinPool.java:1594)
	at java.base/java.util.concurrent.ForkJoinWorkerThread.run(ForkJoinWorkerThread.java:183)
Caused by: org.eclipse.lsp4j.jsonrpc.JsonRpcException: java.io.IOException: 파이프가 닫히는 중입니다
	at org.eclipse.lsp4j.jsonrpc.json.StreamMessageConsumer.consume(StreamMessageConsumer.java:72)
	at org.eclipse.lsp4e.LanguageServerWrapper.lambda$4(LanguageServerWrapper.java:260)
	at org.eclipse.lsp4j.jsonrpc.RemoteEndpoint.request(RemoteEndpoint.java:161)
	at org.eclipse.lsp4j.jsonrpc.services.EndpointProxy.invoke(EndpointProxy.java:91)
	at com.sun.proxy.$Proxy49.shutdown(Unknown Source)
	at org.eclipse.lsp4e.LanguageServerWrapper.lambda$13(LanguageServerWrapper.java:423)
	... 7 more
Caused by: java.io.IOException: 파이프가 닫히는 중입니다
	at java.base/java.io.FileOutputStream.writeBytes(Native Method)
	at java.base/java.io.FileOutputStream.write(FileOutputStream.java:354)
	at java.base/java.io.BufferedOutputStream.flushBuffer(BufferedOutputStream.java:81)
	at java.base/java.io.BufferedOutputStream.flush(BufferedOutputStream.java:142)
	at org.eclipse.lsp4j.jsonrpc.json.StreamMessageConsumer.consume(StreamMessageConsumer.java:69)
	... 12 more

!ENTRY org.springframework.tooling.ls.eclipse.commons 1 0 2025-06-25 19:07:58.763
!MESSAGE Entering DelegatingStreamConnectionProvider()

!ENTRY org.eclipse.lsp4e 4 0 2025-06-25 19:07:58.764
!MESSAGE org.eclipse.lsp4j.jsonrpc.JsonRpcException: java.io.IOException: 파이프가 닫히는 중입니다
!STACK 0
java.util.concurrent.ExecutionException: org.eclipse.lsp4j.jsonrpc.JsonRpcException: java.io.IOException: 파이프가 닫히는 중입니다
	at java.base/java.util.concurrent.CompletableFuture.reportGet(CompletableFuture.java:395)
	at java.base/java.util.concurrent.CompletableFuture.get(CompletableFuture.java:2028)
	at org.eclipse.lsp4e.LanguageServerWrapper.lambda$13(LanguageServerWrapper.java:425)
	at java.base/java.util.concurrent.CompletableFuture$AsyncRun.run(CompletableFuture.java:1736)
	at java.base/java.util.concurrent.CompletableFuture$AsyncRun.exec(CompletableFuture.java:1728)
	at java.base/java.util.concurrent.ForkJoinTask.doExec(ForkJoinTask.java:290)
	at java.base/java.util.concurrent.ForkJoinPool$WorkQueue.topLevelExec(ForkJoinPool.java:1020)
	at java.base/java.util.concurrent.ForkJoinPool.scan(ForkJoinPool.java:1656)
	at java.base/java.util.concurrent.ForkJoinPool.runWorker(ForkJoinPool.java:1594)
	at java.base/java.util.concurrent.ForkJoinWorkerThread.run(ForkJoinWorkerThread.java:183)
Caused by: org.eclipse.lsp4j.jsonrpc.JsonRpcException: java.io.IOException: 파이프가 닫히는 중입니다
	at org.eclipse.lsp4j.jsonrpc.json.StreamMessageConsumer.consume(StreamMessageConsumer.java:72)
	at org.eclipse.lsp4e.LanguageServerWrapper.lambda$4(LanguageServerWrapper.java:260)
	at org.eclipse.lsp4j.jsonrpc.RemoteEndpoint.request(RemoteEndpoint.java:161)
	at org.eclipse.lsp4j.jsonrpc.services.EndpointProxy.invoke(EndpointProxy.java:91)
	at com.sun.proxy.$Proxy49.shutdown(Unknown Source)
	at org.eclipse.lsp4e.LanguageServerWrapper.lambda$13(LanguageServerWrapper.java:423)
	... 7 more
Caused by: java.io.IOException: 파이프가 닫히는 중입니다
	at java.base/java.io.FileOutputStream.writeBytes(Native Method)
	at java.base/java.io.FileOutputStream.write(FileOutputStream.java:354)
	at java.base/java.io.BufferedOutputStream.flushBuffer(BufferedOutputStream.java:81)
	at java.base/java.io.BufferedOutputStream.flush(BufferedOutputStream.java:142)
	at org.eclipse.lsp4j.jsonrpc.json.StreamMessageConsumer.consume(StreamMessageConsumer.java:69)
	... 12 more

!ENTRY org.springframework.tooling.ls.eclipse.commons 1 0 2025-06-25 19:07:58.764
!MESSAGE Entering DelegatingStreamConnectionProvider()

!ENTRY org.springframework.tooling.ls.eclipse.commons 1 0 2025-06-25 19:07:58.766
!MESSAGE DelegatingStreamConnectionProvider classloader = org.eclipse.osgi.internal.loader.EquinoxClassLoader@500e5b3f[org.springframework.tooling.boot.ls:1.28.0.202109130547(id=1001)]

!ENTRY org.springframework.tooling.ls.eclipse.commons 1 0 2025-06-25 19:07:58.766
!MESSAGE SpringBootLanguageServer exists!

!ENTRY org.springframework.tooling.ls.eclipse.commons 1 0 2025-06-25 19:07:58.766
!MESSAGE DelegatingStreamConnectionProvider classloader = org.eclipse.osgi.internal.loader.EquinoxClassLoader@500e5b3f[org.springframework.tooling.boot.ls:1.28.0.202109130547(id=1001)]

!ENTRY org.springframework.tooling.ls.eclipse.commons 1 0 2025-06-25 19:07:58.767
!MESSAGE SpringBootLanguageServer exists!

!ENTRY org.eclipse.lsp4e 4 0 2025-06-25 19:07:58.767
!MESSAGE org.eclipse.lsp4j.jsonrpc.JsonRpcException: java.io.IOException: 파이프가 닫히는 중입니다
!STACK 0
java.util.concurrent.ExecutionException: org.eclipse.lsp4j.jsonrpc.JsonRpcException: java.io.IOException: 파이프가 닫히는 중입니다
	at java.base/java.util.concurrent.CompletableFuture.reportGet(CompletableFuture.java:395)
	at java.base/java.util.concurrent.CompletableFuture.get(CompletableFuture.java:2028)
	at org.eclipse.lsp4e.LanguageServerWrapper.lambda$13(LanguageServerWrapper.java:425)
	at java.base/java.util.concurrent.CompletableFuture$AsyncRun.run(CompletableFuture.java:1736)
	at java.base/java.util.concurrent.CompletableFuture$AsyncRun.exec(CompletableFuture.java:1728)
	at java.base/java.util.concurrent.ForkJoinTask.doExec(ForkJoinTask.java:290)
	at java.base/java.util.concurrent.ForkJoinPool$WorkQueue.topLevelExec(ForkJoinPool.java:1020)
	at java.base/java.util.concurrent.ForkJoinPool.scan(ForkJoinPool.java:1656)
	at java.base/java.util.concurrent.ForkJoinPool.runWorker(ForkJoinPool.java:1594)
	at java.base/java.util.concurrent.ForkJoinWorkerThread.run(ForkJoinWorkerThread.java:183)
Caused by: org.eclipse.lsp4j.jsonrpc.JsonRpcException: java.io.IOException: 파이프가 닫히는 중입니다
	at org.eclipse.lsp4j.jsonrpc.json.StreamMessageConsumer.consume(StreamMessageConsumer.java:72)
	at org.eclipse.lsp4e.LanguageServerWrapper.lambda$4(LanguageServerWrapper.java:260)
	at org.eclipse.lsp4j.jsonrpc.RemoteEndpoint.request(RemoteEndpoint.java:161)
	at org.eclipse.lsp4j.jsonrpc.services.EndpointProxy.invoke(EndpointProxy.java:91)
	at com.sun.proxy.$Proxy49.shutdown(Unknown Source)
	at org.eclipse.lsp4e.LanguageServerWrapper.lambda$13(LanguageServerWrapper.java:423)
	... 7 more
Caused by: java.io.IOException: 파이프가 닫히는 중입니다
	at java.base/java.io.FileOutputStream.writeBytes(Native Method)
	at java.base/java.io.FileOutputStream.write(FileOutputStream.java:354)
	at java.base/java.io.BufferedOutputStream.flushBuffer(BufferedOutputStream.java:81)
	at java.base/java.io.BufferedOutputStream.flush(BufferedOutputStream.java:142)
	at org.eclipse.lsp4j.jsonrpc.json.StreamMessageConsumer.consume(StreamMessageConsumer.java:69)
	... 12 more

!ENTRY org.springframework.tooling.ls.eclipse.commons 1 0 2025-06-25 19:07:58.768
!MESSAGE Entering DelegatingStreamConnectionProvider()

!ENTRY org.springframework.tooling.ls.eclipse.commons 1 0 2025-06-25 19:07:58.768
!MESSAGE DelegatingStreamConnectionProvider classloader = org.eclipse.osgi.internal.loader.EquinoxClassLoader@500e5b3f[org.springframework.tooling.boot.ls:1.28.0.202109130547(id=1001)]

!ENTRY org.springframework.tooling.ls.eclipse.commons 1 0 2025-06-25 19:07:58.768
!MESSAGE SpringBootLanguageServer exists!

!ENTRY org.eclipse.lsp4e 4 0 2025-06-25 19:07:58.775
!MESSAGE org.eclipse.lsp4j.jsonrpc.JsonRpcException: java.io.IOException: 파이프가 닫히는 중입니다
!STACK 0
java.util.concurrent.ExecutionException: org.eclipse.lsp4j.jsonrpc.JsonRpcException: java.io.IOException: 파이프가 닫히는 중입니다
	at java.base/java.util.concurrent.CompletableFuture.reportGet(CompletableFuture.java:395)
	at java.base/java.util.concurrent.CompletableFuture.get(CompletableFuture.java:2028)
	at org.eclipse.lsp4e.LanguageServerWrapper.lambda$13(LanguageServerWrapper.java:425)
	at java.base/java.util.concurrent.CompletableFuture$AsyncRun.run(CompletableFuture.java:1736)
	at java.base/java.util.concurrent.CompletableFuture$AsyncRun.exec(CompletableFuture.java:1728)
	at java.base/java.util.concurrent.ForkJoinTask.doExec(ForkJoinTask.java:290)
	at java.base/java.util.concurrent.ForkJoinPool$WorkQueue.topLevelExec(ForkJoinPool.java:1020)
	at java.base/java.util.concurrent.ForkJoinPool.scan(ForkJoinPool.java:1656)
	at java.base/java.util.concurrent.ForkJoinPool.runWorker(ForkJoinPool.java:1594)
	at java.base/java.util.concurrent.ForkJoinWorkerThread.run(ForkJoinWorkerThread.java:183)
Caused by: org.eclipse.lsp4j.jsonrpc.JsonRpcException: java.io.IOException: 파이프가 닫히는 중입니다
	at org.eclipse.lsp4j.jsonrpc.json.StreamMessageConsumer.consume(StreamMessageConsumer.java:72)
	at org.eclipse.lsp4e.LanguageServerWrapper.lambda$4(LanguageServerWrapper.java:260)
	at org.eclipse.lsp4j.jsonrpc.RemoteEndpoint.request(RemoteEndpoint.java:161)
	at org.eclipse.lsp4j.jsonrpc.services.EndpointProxy.invoke(EndpointProxy.java:91)
	at com.sun.proxy.$Proxy49.shutdown(Unknown Source)
	at org.eclipse.lsp4e.LanguageServerWrapper.lambda$13(LanguageServerWrapper.java:423)
	... 7 more
Caused by: java.io.IOException: 파이프가 닫히는 중입니다
	at java.base/java.io.FileOutputStream.writeBytes(Native Method)
	at java.base/java.io.FileOutputStream.write(FileOutputStream.java:354)
	at java.base/java.io.BufferedOutputStream.flushBuffer(BufferedOutputStream.java:81)
	at java.base/java.io.BufferedOutputStream.flush(BufferedOutputStream.java:142)
	at org.eclipse.lsp4j.jsonrpc.json.StreamMessageConsumer.consume(StreamMessageConsumer.java:69)
	... 12 more

!ENTRY org.springframework.tooling.ls.eclipse.commons 1 0 2025-06-25 19:07:58.775
!MESSAGE Entering DelegatingStreamConnectionProvider()

!ENTRY org.springframework.tooling.ls.eclipse.commons 1 0 2025-06-25 19:07:58.776
!MESSAGE DelegatingStreamConnectionProvider classloader = org.eclipse.osgi.internal.loader.EquinoxClassLoader@500e5b3f[org.springframework.tooling.boot.ls:1.28.0.202109130547(id=1001)]

!ENTRY org.springframework.tooling.ls.eclipse.commons 1 0 2025-06-25 19:07:58.776
!MESSAGE SpringBootLanguageServer exists!

!ENTRY org.eclipse.lsp4e 4 0 2025-06-25 19:07:58.778
!MESSAGE org.eclipse.lsp4j.jsonrpc.JsonRpcException: java.io.IOException: 파이프가 닫히는 중입니다
!STACK 0
java.util.concurrent.ExecutionException: org.eclipse.lsp4j.jsonrpc.JsonRpcException: java.io.IOException: 파이프가 닫히는 중입니다
	at java.base/java.util.concurrent.CompletableFuture.reportGet(CompletableFuture.java:395)
	at java.base/java.util.concurrent.CompletableFuture.get(CompletableFuture.java:2028)
	at org.eclipse.lsp4e.LanguageServerWrapper.lambda$13(LanguageServerWrapper.java:425)
	at java.base/java.util.concurrent.CompletableFuture$AsyncRun.run(CompletableFuture.java:1736)
	at java.base/java.util.concurrent.CompletableFuture$AsyncRun.exec(CompletableFuture.java:1728)
	at java.base/java.util.concurrent.ForkJoinTask.doExec(ForkJoinTask.java:290)
	at java.base/java.util.concurrent.ForkJoinPool$WorkQueue.topLevelExec(ForkJoinPool.java:1020)
	at java.base/java.util.concurrent.ForkJoinPool.scan(ForkJoinPool.java:1656)
	at java.base/java.util.concurrent.ForkJoinPool.runWorker(ForkJoinPool.java:1594)
	at java.base/java.util.concurrent.ForkJoinWorkerThread.run(ForkJoinWorkerThread.java:183)
Caused by: org.eclipse.lsp4j.jsonrpc.JsonRpcException: java.io.IOException: 파이프가 닫히는 중입니다
	at org.eclipse.lsp4j.jsonrpc.json.StreamMessageConsumer.consume(StreamMessageConsumer.java:72)
	at org.eclipse.lsp4e.LanguageServerWrapper.lambda$4(LanguageServerWrapper.java:260)
	at org.eclipse.lsp4j.jsonrpc.RemoteEndpoint.request(RemoteEndpoint.java:161)
	at org.eclipse.lsp4j.jsonrpc.services.EndpointProxy.invoke(EndpointProxy.java:91)
	at com.sun.proxy.$Proxy49.shutdown(Unknown Source)
	at org.eclipse.lsp4e.LanguageServerWrapper.lambda$13(LanguageServerWrapper.java:423)
	... 7 more
Caused by: java.io.IOException: 파이프가 닫히는 중입니다
	at java.base/java.io.FileOutputStream.writeBytes(Native Method)
	at java.base/java.io.FileOutputStream.write(FileOutputStream.java:354)
	at java.base/java.io.BufferedOutputStream.flushBuffer(BufferedOutputStream.java:81)
	at java.base/java.io.BufferedOutputStream.flush(BufferedOutputStream.java:142)
	at org.eclipse.lsp4j.jsonrpc.json.StreamMessageConsumer.consume(StreamMessageConsumer.java:69)
	... 12 more

!ENTRY org.springframework.tooling.ls.eclipse.commons 1 0 2025-06-25 19:07:58.779
!MESSAGE Entering DelegatingStreamConnectionProvider()

!ENTRY org.springframework.tooling.ls.eclipse.commons 1 0 2025-06-25 19:07:58.779
!MESSAGE DelegatingStreamConnectionProvider classloader = org.eclipse.osgi.internal.loader.EquinoxClassLoader@500e5b3f[org.springframework.tooling.boot.ls:1.28.0.202109130547(id=1001)]

!ENTRY org.springframework.tooling.ls.eclipse.commons 1 0 2025-06-25 19:07:58.779
!MESSAGE SpringBootLanguageServer exists!

!ENTRY org.eclipse.lsp4e 4 0 2025-06-25 19:07:58.782
!MESSAGE org.eclipse.lsp4j.jsonrpc.JsonRpcException: java.io.IOException: 파이프가 닫히는 중입니다
!STACK 0
java.util.concurrent.ExecutionException: org.eclipse.lsp4j.jsonrpc.JsonRpcException: java.io.IOException: 파이프가 닫히는 중입니다
	at java.base/java.util.concurrent.CompletableFuture.reportGet(CompletableFuture.java:395)
	at java.base/java.util.concurrent.CompletableFuture.get(CompletableFuture.java:2028)
	at org.eclipse.lsp4e.LanguageServerWrapper.lambda$13(LanguageServerWrapper.java:425)
	at java.base/java.util.concurrent.CompletableFuture$AsyncRun.run(CompletableFuture.java:1736)
	at java.base/java.util.concurrent.CompletableFuture$AsyncRun.exec(CompletableFuture.java:1728)
	at java.base/java.util.concurrent.ForkJoinTask.doExec(ForkJoinTask.java:290)
	at java.base/java.util.concurrent.ForkJoinPool$WorkQueue.topLevelExec(ForkJoinPool.java:1020)
	at java.base/java.util.concurrent.ForkJoinPool.scan(ForkJoinPool.java:1656)
	at java.base/java.util.concurrent.ForkJoinPool.runWorker(ForkJoinPool.java:1594)
	at java.base/java.util.concurrent.ForkJoinWorkerThread.run(ForkJoinWorkerThread.java:183)
Caused by: org.eclipse.lsp4j.jsonrpc.JsonRpcException: java.io.IOException: 파이프가 닫히는 중입니다
	at org.eclipse.lsp4j.jsonrpc.json.StreamMessageConsumer.consume(StreamMessageConsumer.java:72)
	at org.eclipse.lsp4e.LanguageServerWrapper.lambda$4(LanguageServerWrapper.java:260)
	at org.eclipse.lsp4j.jsonrpc.RemoteEndpoint.request(RemoteEndpoint.java:161)
	at org.eclipse.lsp4j.jsonrpc.services.EndpointProxy.invoke(EndpointProxy.java:91)
	at com.sun.proxy.$Proxy49.shutdown(Unknown Source)
	at org.eclipse.lsp4e.LanguageServerWrapper.lambda$13(LanguageServerWrapper.java:423)
	... 7 more
Caused by: java.io.IOException: 파이프가 닫히는 중입니다
	at java.base/java.io.FileOutputStream.writeBytes(Native Method)
	at java.base/java.io.FileOutputStream.write(FileOutputStream.java:354)
	at java.base/java.io.BufferedOutputStream.flushBuffer(BufferedOutputStream.java:81)
	at java.base/java.io.BufferedOutputStream.flush(BufferedOutputStream.java:142)
	at org.eclipse.lsp4j.jsonrpc.json.StreamMessageConsumer.consume(StreamMessageConsumer.java:69)
	... 12 more

!ENTRY org.springframework.tooling.ls.eclipse.commons 1 0 2025-06-25 19:07:58.783
!MESSAGE Entering DelegatingStreamConnectionProvider()

!ENTRY org.springframework.tooling.ls.eclipse.commons 1 0 2025-06-25 19:07:58.783
!MESSAGE DelegatingStreamConnectionProvider classloader = org.eclipse.osgi.internal.loader.EquinoxClassLoader@500e5b3f[org.springframework.tooling.boot.ls:1.28.0.202109130547(id=1001)]

!ENTRY org.springframework.tooling.ls.eclipse.commons 1 0 2025-06-25 19:07:58.783
!MESSAGE SpringBootLanguageServer exists!

!ENTRY org.eclipse.lsp4e 4 0 2025-06-25 19:07:58.783
!MESSAGE org.eclipse.lsp4j.jsonrpc.JsonRpcException: java.io.IOException: 파이프가 닫히는 중입니다
!STACK 0
java.util.concurrent.ExecutionException: org.eclipse.lsp4j.jsonrpc.JsonRpcException: java.io.IOException: 파이프가 닫히는 중입니다
	at java.base/java.util.concurrent.CompletableFuture.reportGet(CompletableFuture.java:395)
	at java.base/java.util.concurrent.CompletableFuture.get(CompletableFuture.java:2028)
	at org.eclipse.lsp4e.LanguageServerWrapper.lambda$13(LanguageServerWrapper.java:425)
	at java.base/java.util.concurrent.CompletableFuture$AsyncRun.run(CompletableFuture.java:1736)
	at java.base/java.util.concurrent.CompletableFuture$AsyncRun.exec(CompletableFuture.java:1728)
	at java.base/java.util.concurrent.ForkJoinTask.doExec(ForkJoinTask.java:290)
	at java.base/java.util.concurrent.ForkJoinPool$WorkQueue.topLevelExec(ForkJoinPool.java:1020)
	at java.base/java.util.concurrent.ForkJoinPool.scan(ForkJoinPool.java:1656)
	at java.base/java.util.concurrent.ForkJoinPool.runWorker(ForkJoinPool.java:1594)
	at java.base/java.util.concurrent.ForkJoinWorkerThread.run(ForkJoinWorkerThread.java:183)
Caused by: org.eclipse.lsp4j.jsonrpc.JsonRpcException: java.io.IOException: 파이프가 닫히는 중입니다
	at org.eclipse.lsp4j.jsonrpc.json.StreamMessageConsumer.consume(StreamMessageConsumer.java:72)
	at org.eclipse.lsp4e.LanguageServerWrapper.lambda$4(LanguageServerWrapper.java:260)
	at org.eclipse.lsp4j.jsonrpc.RemoteEndpoint.request(RemoteEndpoint.java:161)
	at org.eclipse.lsp4j.jsonrpc.services.EndpointProxy.invoke(EndpointProxy.java:91)
	at com.sun.proxy.$Proxy49.shutdown(Unknown Source)
	at org.eclipse.lsp4e.LanguageServerWrapper.lambda$13(LanguageServerWrapper.java:423)
	... 7 more
Caused by: java.io.IOException: 파이프가 닫히는 중입니다
	at java.base/java.io.FileOutputStream.writeBytes(Native Method)
	at java.base/java.io.FileOutputStream.write(FileOutputStream.java:354)
	at java.base/java.io.BufferedOutputStream.flushBuffer(BufferedOutputStream.java:81)
	at java.base/java.io.BufferedOutputStream.flush(BufferedOutputStream.java:142)
	at org.eclipse.lsp4j.jsonrpc.json.StreamMessageConsumer.consume(StreamMessageConsumer.java:69)
	... 12 more

!ENTRY org.springframework.tooling.ls.eclipse.commons 1 0 2025-06-25 19:07:58.784
!MESSAGE Entering DelegatingStreamConnectionProvider()

!ENTRY org.springframework.tooling.ls.eclipse.commons 1 0 2025-06-25 19:07:58.784
!MESSAGE DelegatingStreamConnectionProvider classloader = org.eclipse.osgi.internal.loader.EquinoxClassLoader@500e5b3f[org.springframework.tooling.boot.ls:1.28.0.202109130547(id=1001)]

!ENTRY org.springframework.tooling.ls.eclipse.commons 1 0 2025-06-25 19:07:58.785
!MESSAGE SpringBootLanguageServer exists!

!ENTRY org.eclipse.lsp4e 4 0 2025-06-25 19:07:58.786
!MESSAGE org.eclipse.lsp4j.jsonrpc.JsonRpcException: java.io.IOException: 파이프가 닫히는 중입니다
!STACK 0
java.util.concurrent.ExecutionException: org.eclipse.lsp4j.jsonrpc.JsonRpcException: java.io.IOException: 파이프가 닫히는 중입니다
	at java.base/java.util.concurrent.CompletableFuture.reportGet(CompletableFuture.java:395)
	at java.base/java.util.concurrent.CompletableFuture.get(CompletableFuture.java:2028)
	at org.eclipse.lsp4e.LanguageServerWrapper.lambda$13(LanguageServerWrapper.java:425)
	at java.base/java.util.concurrent.CompletableFuture$AsyncRun.run(CompletableFuture.java:1736)
	at java.base/java.util.concurrent.CompletableFuture$AsyncRun.exec(CompletableFuture.java:1728)
	at java.base/java.util.concurrent.ForkJoinTask.doExec(ForkJoinTask.java:290)
	at java.base/java.util.concurrent.ForkJoinPool$WorkQueue.topLevelExec(ForkJoinPool.java:1020)
	at java.base/java.util.concurrent.ForkJoinPool.scan(ForkJoinPool.java:1656)
	at java.base/java.util.concurrent.ForkJoinPool.runWorker(ForkJoinPool.java:1594)
	at java.base/java.util.concurrent.ForkJoinWorkerThread.run(ForkJoinWorkerThread.java:183)
Caused by: org.eclipse.lsp4j.jsonrpc.JsonRpcException: java.io.IOException: 파이프가 닫히는 중입니다
	at org.eclipse.lsp4j.jsonrpc.json.StreamMessageConsumer.consume(StreamMessageConsumer.java:72)
	at org.eclipse.lsp4e.LanguageServerWrapper.lambda$4(LanguageServerWrapper.java:260)
	at org.eclipse.lsp4j.jsonrpc.RemoteEndpoint.request(RemoteEndpoint.java:161)
	at org.eclipse.lsp4j.jsonrpc.services.EndpointProxy.invoke(EndpointProxy.java:91)
	at com.sun.proxy.$Proxy49.shutdown(Unknown Source)
	at org.eclipse.lsp4e.LanguageServerWrapper.lambda$13(LanguageServerWrapper.java:423)
	... 7 more
Caused by: java.io.IOException: 파이프가 닫히는 중입니다
	at java.base/java.io.FileOutputStream.writeBytes(Native Method)
	at java.base/java.io.FileOutputStream.write(FileOutputStream.java:354)
	at java.base/java.io.BufferedOutputStream.flushBuffer(BufferedOutputStream.java:81)
	at java.base/java.io.BufferedOutputStream.flush(BufferedOutputStream.java:142)
	at org.eclipse.lsp4j.jsonrpc.json.StreamMessageConsumer.consume(StreamMessageConsumer.java:69)
	... 12 more

!ENTRY org.springframework.tooling.ls.eclipse.commons 1 0 2025-06-25 19:07:58.787
!MESSAGE Entering DelegatingStreamConnectionProvider()

!ENTRY org.springframework.tooling.ls.eclipse.commons 1 0 2025-06-25 19:07:58.787
!MESSAGE DelegatingStreamConnectionProvider classloader = org.eclipse.osgi.internal.loader.EquinoxClassLoader@500e5b3f[org.springframework.tooling.boot.ls:1.28.0.202109130547(id=1001)]

!ENTRY org.springframework.tooling.ls.eclipse.commons 1 0 2025-06-25 19:07:58.787
!MESSAGE SpringBootLanguageServer exists!

!ENTRY org.eclipse.lsp4e 4 0 2025-06-25 19:07:58.788
!MESSAGE org.eclipse.lsp4j.jsonrpc.JsonRpcException: java.io.IOException: 파이프가 닫히는 중입니다
!STACK 0
java.util.concurrent.ExecutionException: org.eclipse.lsp4j.jsonrpc.JsonRpcException: java.io.IOException: 파이프가 닫히는 중입니다
	at java.base/java.util.concurrent.CompletableFuture.reportGet(CompletableFuture.java:395)
	at java.base/java.util.concurrent.CompletableFuture.get(CompletableFuture.java:2028)
	at org.eclipse.lsp4e.LanguageServerWrapper.lambda$13(LanguageServerWrapper.java:425)
	at java.base/java.util.concurrent.CompletableFuture$AsyncRun.run(CompletableFuture.java:1736)
	at java.base/java.util.concurrent.CompletableFuture$AsyncRun.exec(CompletableFuture.java:1728)
	at java.base/java.util.concurrent.ForkJoinTask.doExec(ForkJoinTask.java:290)
	at java.base/java.util.concurrent.ForkJoinPool$WorkQueue.topLevelExec(ForkJoinPool.java:1020)
	at java.base/java.util.concurrent.ForkJoinPool.scan(ForkJoinPool.java:1656)
	at java.base/java.util.concurrent.ForkJoinPool.runWorker(ForkJoinPool.java:1594)
	at java.base/java.util.concurrent.ForkJoinWorkerThread.run(ForkJoinWorkerThread.java:183)
Caused by: org.eclipse.lsp4j.jsonrpc.JsonRpcException: java.io.IOException: 파이프가 닫히는 중입니다
	at org.eclipse.lsp4j.jsonrpc.json.StreamMessageConsumer.consume(StreamMessageConsumer.java:72)
	at org.eclipse.lsp4e.LanguageServerWrapper.lambda$4(LanguageServerWrapper.java:260)
	at org.eclipse.lsp4j.jsonrpc.RemoteEndpoint.request(RemoteEndpoint.java:161)
	at org.eclipse.lsp4j.jsonrpc.services.EndpointProxy.invoke(EndpointProxy.java:91)
	at com.sun.proxy.$Proxy49.shutdown(Unknown Source)
	at org.eclipse.lsp4e.LanguageServerWrapper.lambda$13(LanguageServerWrapper.java:423)
	... 7 more
Caused by: java.io.IOException: 파이프가 닫히는 중입니다
	at java.base/java.io.FileOutputStream.writeBytes(Native Method)
	at java.base/java.io.FileOutputStream.write(FileOutputStream.java:354)
	at java.base/java.io.BufferedOutputStream.flushBuffer(BufferedOutputStream.java:81)
	at java.base/java.io.BufferedOutputStream.flush(BufferedOutputStream.java:142)
	at org.eclipse.lsp4j.jsonrpc.json.StreamMessageConsumer.consume(StreamMessageConsumer.java:69)
	... 12 more

!ENTRY org.springframework.tooling.ls.eclipse.commons 1 0 2025-06-25 19:07:58.788
!MESSAGE Entering DelegatingStreamConnectionProvider()

!ENTRY org.springframework.tooling.ls.eclipse.commons 1 0 2025-06-25 19:07:58.789
!MESSAGE DelegatingStreamConnectionProvider classloader = org.eclipse.osgi.internal.loader.EquinoxClassLoader@500e5b3f[org.springframework.tooling.boot.ls:1.28.0.202109130547(id=1001)]

!ENTRY org.springframework.tooling.ls.eclipse.commons 1 0 2025-06-25 19:07:58.789
!MESSAGE SpringBootLanguageServer exists!

!ENTRY org.eclipse.lsp4e 4 0 2025-06-25 19:07:58.791
!MESSAGE org.eclipse.lsp4j.jsonrpc.JsonRpcException: java.io.IOException: 파이프가 닫히는 중입니다
!STACK 0
java.util.concurrent.ExecutionException: org.eclipse.lsp4j.jsonrpc.JsonRpcException: java.io.IOException: 파이프가 닫히는 중입니다
	at java.base/java.util.concurrent.CompletableFuture.reportGet(CompletableFuture.java:395)
	at java.base/java.util.concurrent.CompletableFuture.get(CompletableFuture.java:2028)
	at org.eclipse.lsp4e.LanguageServerWrapper.lambda$13(LanguageServerWrapper.java:425)
	at java.base/java.util.concurrent.CompletableFuture$AsyncRun.run(CompletableFuture.java:1736)
	at java.base/java.util.concurrent.CompletableFuture$AsyncRun.exec(CompletableFuture.java:1728)
	at java.base/java.util.concurrent.ForkJoinTask.doExec(ForkJoinTask.java:290)
	at java.base/java.util.concurrent.ForkJoinPool$WorkQueue.topLevelExec(ForkJoinPool.java:1020)
	at java.base/java.util.concurrent.ForkJoinPool.scan(ForkJoinPool.java:1656)
	at java.base/java.util.concurrent.ForkJoinPool.runWorker(ForkJoinPool.java:1594)
	at java.base/java.util.concurrent.ForkJoinWorkerThread.run(ForkJoinWorkerThread.java:183)
Caused by: org.eclipse.lsp4j.jsonrpc.JsonRpcException: java.io.IOException: 파이프가 닫히는 중입니다
	at org.eclipse.lsp4j.jsonrpc.json.StreamMessageConsumer.consume(StreamMessageConsumer.java:72)
	at org.eclipse.lsp4e.LanguageServerWrapper.lambda$4(LanguageServerWrapper.java:260)
	at org.eclipse.lsp4j.jsonrpc.RemoteEndpoint.request(RemoteEndpoint.java:161)
	at org.eclipse.lsp4j.jsonrpc.services.EndpointProxy.invoke(EndpointProxy.java:91)
	at com.sun.proxy.$Proxy49.shutdown(Unknown Source)
	at org.eclipse.lsp4e.LanguageServerWrapper.lambda$13(LanguageServerWrapper.java:423)
	... 7 more
Caused by: java.io.IOException: 파이프가 닫히는 중입니다
	at java.base/java.io.FileOutputStream.writeBytes(Native Method)
	at java.base/java.io.FileOutputStream.write(FileOutputStream.java:354)
	at java.base/java.io.BufferedOutputStream.flushBuffer(BufferedOutputStream.java:81)
	at java.base/java.io.BufferedOutputStream.flush(BufferedOutputStream.java:142)
	at org.eclipse.lsp4j.jsonrpc.json.StreamMessageConsumer.consume(StreamMessageConsumer.java:69)
	... 12 more

!ENTRY org.springframework.tooling.ls.eclipse.commons 1 0 2025-06-25 19:07:58.791
!MESSAGE Entering DelegatingStreamConnectionProvider()

!ENTRY org.springframework.tooling.ls.eclipse.commons 1 0 2025-06-25 19:07:58.791
!MESSAGE DelegatingStreamConnectionProvider classloader = org.eclipse.osgi.internal.loader.EquinoxClassLoader@500e5b3f[org.springframework.tooling.boot.ls:1.28.0.202109130547(id=1001)]

!ENTRY org.springframework.tooling.ls.eclipse.commons 1 0 2025-06-25 19:07:58.791
!MESSAGE SpringBootLanguageServer exists!

!ENTRY org.eclipse.lsp4e 4 0 2025-06-25 19:07:58.798
!MESSAGE org.eclipse.lsp4j.jsonrpc.JsonRpcException: java.io.IOException: 파이프가 닫히는 중입니다
!STACK 0
java.util.concurrent.ExecutionException: org.eclipse.lsp4j.jsonrpc.JsonRpcException: java.io.IOException: 파이프가 닫히는 중입니다
	at java.base/java.util.concurrent.CompletableFuture.reportGet(CompletableFuture.java:395)
	at java.base/java.util.concurrent.CompletableFuture.get(CompletableFuture.java:2028)
	at org.eclipse.lsp4e.LanguageServerWrapper.lambda$13(LanguageServerWrapper.java:425)
	at java.base/java.util.concurrent.CompletableFuture$AsyncRun.run(CompletableFuture.java:1736)
	at java.base/java.util.concurrent.CompletableFuture$AsyncRun.exec(CompletableFuture.java:1728)
	at java.base/java.util.concurrent.ForkJoinTask.doExec(ForkJoinTask.java:290)
	at java.base/java.util.concurrent.ForkJoinPool$WorkQueue.topLevelExec(ForkJoinPool.java:1020)
	at java.base/java.util.concurrent.ForkJoinPool.scan(ForkJoinPool.java:1656)
	at java.base/java.util.concurrent.ForkJoinPool.runWorker(ForkJoinPool.java:1594)
	at java.base/java.util.concurrent.ForkJoinWorkerThread.run(ForkJoinWorkerThread.java:183)
Caused by: org.eclipse.lsp4j.jsonrpc.JsonRpcException: java.io.IOException: 파이프가 닫히는 중입니다
	at org.eclipse.lsp4j.jsonrpc.json.StreamMessageConsumer.consume(StreamMessageConsumer.java:72)
	at org.eclipse.lsp4e.LanguageServerWrapper.lambda$4(LanguageServerWrapper.java:260)
	at org.eclipse.lsp4j.jsonrpc.RemoteEndpoint.request(RemoteEndpoint.java:161)
	at org.eclipse.lsp4j.jsonrpc.services.EndpointProxy.invoke(EndpointProxy.java:91)
	at com.sun.proxy.$Proxy49.shutdown(Unknown Source)
	at org.eclipse.lsp4e.LanguageServerWrapper.lambda$13(LanguageServerWrapper.java:423)
	... 7 more
Caused by: java.io.IOException: 파이프가 닫히는 중입니다
	at java.base/java.io.FileOutputStream.writeBytes(Native Method)
	at java.base/java.io.FileOutputStream.write(FileOutputStream.java:354)
	at java.base/java.io.BufferedOutputStream.flushBuffer(BufferedOutputStream.java:81)
	at java.base/java.io.BufferedOutputStream.flush(BufferedOutputStream.java:142)
	at org.eclipse.lsp4j.jsonrpc.json.StreamMessageConsumer.consume(StreamMessageConsumer.java:69)
	... 12 more

!ENTRY org.springframework.tooling.ls.eclipse.commons 1 0 2025-06-25 19:07:58.799
!MESSAGE Entering DelegatingStreamConnectionProvider()

!ENTRY org.springframework.tooling.ls.eclipse.commons 1 0 2025-06-25 19:07:58.799
!MESSAGE DelegatingStreamConnectionProvider classloader = org.eclipse.osgi.internal.loader.EquinoxClassLoader@500e5b3f[org.springframework.tooling.boot.ls:1.28.0.202109130547(id=1001)]

!ENTRY org.springframework.tooling.ls.eclipse.commons 1 0 2025-06-25 19:07:58.799
!MESSAGE SpringBootLanguageServer exists!

!ENTRY org.eclipse.lsp4e 4 0 2025-06-25 19:07:58.800
!MESSAGE org.eclipse.lsp4j.jsonrpc.JsonRpcException: java.io.IOException: 파이프가 닫히는 중입니다
!STACK 0
java.util.concurrent.ExecutionException: org.eclipse.lsp4j.jsonrpc.JsonRpcException: java.io.IOException: 파이프가 닫히는 중입니다
	at java.base/java.util.concurrent.CompletableFuture.reportGet(CompletableFuture.java:395)
	at java.base/java.util.concurrent.CompletableFuture.get(CompletableFuture.java:2028)
	at org.eclipse.lsp4e.LanguageServerWrapper.lambda$13(LanguageServerWrapper.java:425)
	at java.base/java.util.concurrent.CompletableFuture$AsyncRun.run(CompletableFuture.java:1736)
	at java.base/java.util.concurrent.CompletableFuture$AsyncRun.exec(CompletableFuture.java:1728)
	at java.base/java.util.concurrent.ForkJoinTask.doExec(ForkJoinTask.java:290)
	at java.base/java.util.concurrent.ForkJoinPool$WorkQueue.topLevelExec(ForkJoinPool.java:1020)
	at java.base/java.util.concurrent.ForkJoinPool.scan(ForkJoinPool.java:1656)
	at java.base/java.util.concurrent.ForkJoinPool.runWorker(ForkJoinPool.java:1594)
	at java.base/java.util.concurrent.ForkJoinWorkerThread.run(ForkJoinWorkerThread.java:183)
Caused by: org.eclipse.lsp4j.jsonrpc.JsonRpcException: java.io.IOException: 파이프가 닫히는 중입니다
	at org.eclipse.lsp4j.jsonrpc.json.StreamMessageConsumer.consume(StreamMessageConsumer.java:72)
	at org.eclipse.lsp4e.LanguageServerWrapper.lambda$4(LanguageServerWrapper.java:260)
	at org.eclipse.lsp4j.jsonrpc.RemoteEndpoint.request(RemoteEndpoint.java:161)
	at org.eclipse.lsp4j.jsonrpc.services.EndpointProxy.invoke(EndpointProxy.java:91)
	at com.sun.proxy.$Proxy49.shutdown(Unknown Source)
	at org.eclipse.lsp4e.LanguageServerWrapper.lambda$13(LanguageServerWrapper.java:423)
	... 7 more
Caused by: java.io.IOException: 파이프가 닫히는 중입니다
	at java.base/java.io.FileOutputStream.writeBytes(Native Method)
	at java.base/java.io.FileOutputStream.write(FileOutputStream.java:354)
	at java.base/java.io.BufferedOutputStream.flushBuffer(BufferedOutputStream.java:81)
	at java.base/java.io.BufferedOutputStream.flush(BufferedOutputStream.java:142)
	at org.eclipse.lsp4j.jsonrpc.json.StreamMessageConsumer.consume(StreamMessageConsumer.java:69)
	... 12 more

!ENTRY org.springframework.tooling.ls.eclipse.commons 1 0 2025-06-25 19:07:58.800
!MESSAGE Entering DelegatingStreamConnectionProvider()

!ENTRY org.springframework.tooling.ls.eclipse.commons 1 0 2025-06-25 19:07:58.800
!MESSAGE DelegatingStreamConnectionProvider classloader = org.eclipse.osgi.internal.loader.EquinoxClassLoader@500e5b3f[org.springframework.tooling.boot.ls:1.28.0.202109130547(id=1001)]

!ENTRY org.springframework.tooling.ls.eclipse.commons 1 0 2025-06-25 19:07:58.801
!MESSAGE SpringBootLanguageServer exists!

!ENTRY org.eclipse.lsp4e 4 0 2025-06-25 19:07:58.802
!MESSAGE org.eclipse.lsp4j.jsonrpc.JsonRpcException: java.io.IOException: 파이프가 닫히는 중입니다
!STACK 0
java.util.concurrent.ExecutionException: org.eclipse.lsp4j.jsonrpc.JsonRpcException: java.io.IOException: 파이프가 닫히는 중입니다
	at java.base/java.util.concurrent.CompletableFuture.reportGet(CompletableFuture.java:395)
	at java.base/java.util.concurrent.CompletableFuture.get(CompletableFuture.java:2028)
	at org.eclipse.lsp4e.LanguageServerWrapper.lambda$13(LanguageServerWrapper.java:425)
	at java.base/java.util.concurrent.CompletableFuture$AsyncRun.run(CompletableFuture.java:1736)
	at java.base/java.util.concurrent.CompletableFuture$AsyncRun.exec(CompletableFuture.java:1728)
	at java.base/java.util.concurrent.ForkJoinTask.doExec(ForkJoinTask.java:290)
	at java.base/java.util.concurrent.ForkJoinPool$WorkQueue.topLevelExec(ForkJoinPool.java:1020)
	at java.base/java.util.concurrent.ForkJoinPool.scan(ForkJoinPool.java:1656)
	at java.base/java.util.concurrent.ForkJoinPool.runWorker(ForkJoinPool.java:1594)
	at java.base/java.util.concurrent.ForkJoinWorkerThread.run(ForkJoinWorkerThread.java:183)
Caused by: org.eclipse.lsp4j.jsonrpc.JsonRpcException: java.io.IOException: 파이프가 닫히는 중입니다
	at org.eclipse.lsp4j.jsonrpc.json.StreamMessageConsumer.consume(StreamMessageConsumer.java:72)
	at org.eclipse.lsp4e.LanguageServerWrapper.lambda$4(LanguageServerWrapper.java:260)
	at org.eclipse.lsp4j.jsonrpc.RemoteEndpoint.request(RemoteEndpoint.java:161)
	at org.eclipse.lsp4j.jsonrpc.services.EndpointProxy.invoke(EndpointProxy.java:91)
	at com.sun.proxy.$Proxy49.shutdown(Unknown Source)
	at org.eclipse.lsp4e.LanguageServerWrapper.lambda$13(LanguageServerWrapper.java:423)
	... 7 more
Caused by: java.io.IOException: 파이프가 닫히는 중입니다
	at java.base/java.io.FileOutputStream.writeBytes(Native Method)
	at java.base/java.io.FileOutputStream.write(FileOutputStream.java:354)
	at java.base/java.io.BufferedOutputStream.flushBuffer(BufferedOutputStream.java:81)
	at java.base/java.io.BufferedOutputStream.flush(BufferedOutputStream.java:142)
	at org.eclipse.lsp4j.jsonrpc.json.StreamMessageConsumer.consume(StreamMessageConsumer.java:69)
	... 12 more

!ENTRY org.springframework.tooling.ls.eclipse.commons 1 0 2025-06-25 19:07:58.802
!MESSAGE Entering DelegatingStreamConnectionProvider()

!ENTRY org.springframework.tooling.ls.eclipse.commons 1 0 2025-06-25 19:07:58.802
!MESSAGE DelegatingStreamConnectionProvider classloader = org.eclipse.osgi.internal.loader.EquinoxClassLoader@500e5b3f[org.springframework.tooling.boot.ls:1.28.0.202109130547(id=1001)]

!ENTRY org.springframework.tooling.ls.eclipse.commons 1 0 2025-06-25 19:07:58.802
!MESSAGE SpringBootLanguageServer exists!

!ENTRY org.eclipse.lsp4e 4 0 2025-06-25 19:07:58.806
!MESSAGE org.eclipse.lsp4j.jsonrpc.JsonRpcException: java.io.IOException: 파이프가 닫히는 중입니다
!STACK 0
java.util.concurrent.ExecutionException: org.eclipse.lsp4j.jsonrpc.JsonRpcException: java.io.IOException: 파이프가 닫히는 중입니다
	at java.base/java.util.concurrent.CompletableFuture.reportGet(CompletableFuture.java:395)
	at java.base/java.util.concurrent.CompletableFuture.get(CompletableFuture.java:2028)
	at org.eclipse.lsp4e.LanguageServerWrapper.lambda$13(LanguageServerWrapper.java:425)
	at java.base/java.util.concurrent.CompletableFuture$AsyncRun.run(CompletableFuture.java:1736)
	at java.base/java.util.concurrent.CompletableFuture$AsyncRun.exec(CompletableFuture.java:1728)
	at java.base/java.util.concurrent.ForkJoinTask.doExec(ForkJoinTask.java:290)
	at java.base/java.util.concurrent.ForkJoinPool$WorkQueue.topLevelExec(ForkJoinPool.java:1020)
	at java.base/java.util.concurrent.ForkJoinPool.scan(ForkJoinPool.java:1656)
	at java.base/java.util.concurrent.ForkJoinPool.runWorker(ForkJoinPool.java:1594)
	at java.base/java.util.concurrent.ForkJoinWorkerThread.run(ForkJoinWorkerThread.java:183)
Caused by: org.eclipse.lsp4j.jsonrpc.JsonRpcException: java.io.IOException: 파이프가 닫히는 중입니다
	at org.eclipse.lsp4j.jsonrpc.json.StreamMessageConsumer.consume(StreamMessageConsumer.java:72)
	at org.eclipse.lsp4e.LanguageServerWrapper.lambda$4(LanguageServerWrapper.java:260)
	at org.eclipse.lsp4j.jsonrpc.RemoteEndpoint.request(RemoteEndpoint.java:161)
	at org.eclipse.lsp4j.jsonrpc.services.EndpointProxy.invoke(EndpointProxy.java:91)
	at com.sun.proxy.$Proxy49.shutdown(Unknown Source)
	at org.eclipse.lsp4e.LanguageServerWrapper.lambda$13(LanguageServerWrapper.java:423)
	... 7 more
Caused by: java.io.IOException: 파이프가 닫히는 중입니다
	at java.base/java.io.FileOutputStream.writeBytes(Native Method)
	at java.base/java.io.FileOutputStream.write(FileOutputStream.java:354)
	at java.base/java.io.BufferedOutputStream.flushBuffer(BufferedOutputStream.java:81)
	at java.base/java.io.BufferedOutputStream.flush(BufferedOutputStream.java:142)
	at org.eclipse.lsp4j.jsonrpc.json.StreamMessageConsumer.consume(StreamMessageConsumer.java:69)
	... 12 more

!ENTRY org.springframework.tooling.ls.eclipse.commons 1 0 2025-06-25 19:07:58.807
!MESSAGE Entering DelegatingStreamConnectionProvider()

!ENTRY org.springframework.tooling.ls.eclipse.commons 1 0 2025-06-25 19:07:58.807
!MESSAGE DelegatingStreamConnectionProvider classloader = org.eclipse.osgi.internal.loader.EquinoxClassLoader@500e5b3f[org.springframework.tooling.boot.ls:1.28.0.202109130547(id=1001)]

!ENTRY org.springframework.tooling.ls.eclipse.commons 1 0 2025-06-25 19:07:58.807
!MESSAGE SpringBootLanguageServer exists!

!ENTRY org.eclipse.lsp4e 4 0 2025-06-25 19:07:58.808
!MESSAGE org.eclipse.lsp4j.jsonrpc.JsonRpcException: java.io.IOException: 파이프가 닫히는 중입니다
!STACK 0
java.util.concurrent.ExecutionException: org.eclipse.lsp4j.jsonrpc.JsonRpcException: java.io.IOException: 파이프가 닫히는 중입니다
	at java.base/java.util.concurrent.CompletableFuture.reportGet(CompletableFuture.java:395)
	at java.base/java.util.concurrent.CompletableFuture.get(CompletableFuture.java:2028)
	at org.eclipse.lsp4e.LanguageServerWrapper.lambda$13(LanguageServerWrapper.java:425)
	at java.base/java.util.concurrent.CompletableFuture$AsyncRun.run(CompletableFuture.java:1736)
	at java.base/java.util.concurrent.CompletableFuture$AsyncRun.exec(CompletableFuture.java:1728)
	at java.base/java.util.concurrent.ForkJoinTask.doExec(ForkJoinTask.java:290)
	at java.base/java.util.concurrent.ForkJoinPool$WorkQueue.topLevelExec(ForkJoinPool.java:1020)
	at java.base/java.util.concurrent.ForkJoinPool.scan(ForkJoinPool.java:1656)
	at java.base/java.util.concurrent.ForkJoinPool.runWorker(ForkJoinPool.java:1594)
	at java.base/java.util.concurrent.ForkJoinWorkerThread.run(ForkJoinWorkerThread.java:183)
Caused by: org.eclipse.lsp4j.jsonrpc.JsonRpcException: java.io.IOException: 파이프가 닫히는 중입니다
	at org.eclipse.lsp4j.jsonrpc.json.StreamMessageConsumer.consume(StreamMessageConsumer.java:72)
	at org.eclipse.lsp4e.LanguageServerWrapper.lambda$4(LanguageServerWrapper.java:260)
	at org.eclipse.lsp4j.jsonrpc.RemoteEndpoint.request(RemoteEndpoint.java:161)
	at org.eclipse.lsp4j.jsonrpc.services.EndpointProxy.invoke(EndpointProxy.java:91)
	at com.sun.proxy.$Proxy49.shutdown(Unknown Source)
	at org.eclipse.lsp4e.LanguageServerWrapper.lambda$13(LanguageServerWrapper.java:423)
	... 7 more
Caused by: java.io.IOException: 파이프가 닫히는 중입니다
	at java.base/java.io.FileOutputStream.writeBytes(Native Method)
	at java.base/java.io.FileOutputStream.write(FileOutputStream.java:354)
	at java.base/java.io.BufferedOutputStream.flushBuffer(BufferedOutputStream.java:81)
	at java.base/java.io.BufferedOutputStream.flush(BufferedOutputStream.java:142)
	at org.eclipse.lsp4j.jsonrpc.json.StreamMessageConsumer.consume(StreamMessageConsumer.java:69)
	... 12 more

!ENTRY org.springframework.tooling.ls.eclipse.commons 1 0 2025-06-25 19:07:58.809
!MESSAGE Entering DelegatingStreamConnectionProvider()

!ENTRY org.springframework.tooling.ls.eclipse.commons 1 0 2025-06-25 19:07:58.809
!MESSAGE DelegatingStreamConnectionProvider classloader = org.eclipse.osgi.internal.loader.EquinoxClassLoader@500e5b3f[org.springframework.tooling.boot.ls:1.28.0.202109130547(id=1001)]

!ENTRY org.springframework.tooling.ls.eclipse.commons 1 0 2025-06-25 19:07:58.809
!MESSAGE SpringBootLanguageServer exists!

!ENTRY org.eclipse.lsp4e 4 0 2025-06-25 19:07:58.810
!MESSAGE org.eclipse.lsp4j.jsonrpc.JsonRpcException: java.io.IOException: 파이프가 닫히는 중입니다
!STACK 0
java.util.concurrent.ExecutionException: org.eclipse.lsp4j.jsonrpc.JsonRpcException: java.io.IOException: 파이프가 닫히는 중입니다
	at java.base/java.util.concurrent.CompletableFuture.reportGet(CompletableFuture.java:395)
	at java.base/java.util.concurrent.CompletableFuture.get(CompletableFuture.java:2028)
	at org.eclipse.lsp4e.LanguageServerWrapper.lambda$13(LanguageServerWrapper.java:425)
	at java.base/java.util.concurrent.CompletableFuture$AsyncRun.run(CompletableFuture.java:1736)
	at java.base/java.util.concurrent.CompletableFuture$AsyncRun.exec(CompletableFuture.java:1728)
	at java.base/java.util.concurrent.ForkJoinTask.doExec(ForkJoinTask.java:290)
	at java.base/java.util.concurrent.ForkJoinPool$WorkQueue.topLevelExec(ForkJoinPool.java:1020)
	at java.base/java.util.concurrent.ForkJoinPool.scan(ForkJoinPool.java:1656)
	at java.base/java.util.concurrent.ForkJoinPool.runWorker(ForkJoinPool.java:1594)
	at java.base/java.util.concurrent.ForkJoinWorkerThread.run(ForkJoinWorkerThread.java:183)
Caused by: org.eclipse.lsp4j.jsonrpc.JsonRpcException: java.io.IOException: 파이프가 닫히는 중입니다
	at org.eclipse.lsp4j.jsonrpc.json.StreamMessageConsumer.consume(StreamMessageConsumer.java:72)
	at org.eclipse.lsp4e.LanguageServerWrapper.lambda$4(LanguageServerWrapper.java:260)
	at org.eclipse.lsp4j.jsonrpc.RemoteEndpoint.request(RemoteEndpoint.java:161)
	at org.eclipse.lsp4j.jsonrpc.services.EndpointProxy.invoke(EndpointProxy.java:91)
	at com.sun.proxy.$Proxy49.shutdown(Unknown Source)
	at org.eclipse.lsp4e.LanguageServerWrapper.lambda$13(LanguageServerWrapper.java:423)
	... 7 more
Caused by: java.io.IOException: 파이프가 닫히는 중입니다
	at java.base/java.io.FileOutputStream.writeBytes(Native Method)
	at java.base/java.io.FileOutputStream.write(FileOutputStream.java:354)
	at java.base/java.io.BufferedOutputStream.flushBuffer(BufferedOutputStream.java:81)
	at java.base/java.io.BufferedOutputStream.flush(BufferedOutputStream.java:142)
	at org.eclipse.lsp4j.jsonrpc.json.StreamMessageConsumer.consume(StreamMessageConsumer.java:69)
	... 12 more

!ENTRY org.springframework.tooling.ls.eclipse.commons 1 0 2025-06-25 19:07:58.810
!MESSAGE Entering DelegatingStreamConnectionProvider()

!ENTRY org.springframework.tooling.ls.eclipse.commons 1 0 2025-06-25 19:07:58.812
!MESSAGE DelegatingStreamConnectionProvider classloader = org.eclipse.osgi.internal.loader.EquinoxClassLoader@500e5b3f[org.springframework.tooling.boot.ls:1.28.0.202109130547(id=1001)]

!ENTRY org.springframework.tooling.ls.eclipse.commons 1 0 2025-06-25 19:07:58.812
!MESSAGE SpringBootLanguageServer exists!

!ENTRY org.eclipse.lsp4e 4 0 2025-06-25 19:07:58.817
!MESSAGE org.eclipse.lsp4j.jsonrpc.JsonRpcException: java.io.IOException: 파이프가 닫히는 중입니다
!STACK 0
java.util.concurrent.ExecutionException: org.eclipse.lsp4j.jsonrpc.JsonRpcException: java.io.IOException: 파이프가 닫히는 중입니다
	at java.base/java.util.concurrent.CompletableFuture.reportGet(CompletableFuture.java:395)
	at java.base/java.util.concurrent.CompletableFuture.get(CompletableFuture.java:2028)
	at org.eclipse.lsp4e.LanguageServerWrapper.lambda$13(LanguageServerWrapper.java:425)
	at java.base/java.util.concurrent.CompletableFuture$AsyncRun.run(CompletableFuture.java:1736)
	at java.base/java.util.concurrent.CompletableFuture$AsyncRun.exec(CompletableFuture.java:1728)
	at java.base/java.util.concurrent.ForkJoinTask.doExec(ForkJoinTask.java:290)
	at java.base/java.util.concurrent.ForkJoinPool$WorkQueue.topLevelExec(ForkJoinPool.java:1020)
	at java.base/java.util.concurrent.ForkJoinPool.scan(ForkJoinPool.java:1656)
	at java.base/java.util.concurrent.ForkJoinPool.runWorker(ForkJoinPool.java:1594)
	at java.base/java.util.concurrent.ForkJoinWorkerThread.run(ForkJoinWorkerThread.java:183)
Caused by: org.eclipse.lsp4j.jsonrpc.JsonRpcException: java.io.IOException: 파이프가 닫히는 중입니다
	at org.eclipse.lsp4j.jsonrpc.json.StreamMessageConsumer.consume(StreamMessageConsumer.java:72)
	at org.eclipse.lsp4e.LanguageServerWrapper.lambda$4(LanguageServerWrapper.java:260)
	at org.eclipse.lsp4j.jsonrpc.RemoteEndpoint.request(RemoteEndpoint.java:161)
	at org.eclipse.lsp4j.jsonrpc.services.EndpointProxy.invoke(EndpointProxy.java:91)
	at com.sun.proxy.$Proxy49.shutdown(Unknown Source)
	at org.eclipse.lsp4e.LanguageServerWrapper.lambda$13(LanguageServerWrapper.java:423)
	... 7 more
Caused by: java.io.IOException: 파이프가 닫히는 중입니다
	at java.base/java.io.FileOutputStream.writeBytes(Native Method)
	at java.base/java.io.FileOutputStream.write(FileOutputStream.java:354)
	at java.base/java.io.BufferedOutputStream.flushBuffer(BufferedOutputStream.java:81)
	at java.base/java.io.BufferedOutputStream.flush(BufferedOutputStream.java:142)
	at org.eclipse.lsp4j.jsonrpc.json.StreamMessageConsumer.consume(StreamMessageConsumer.java:69)
	... 12 more

!ENTRY org.springframework.tooling.ls.eclipse.commons 1 0 2025-06-25 19:07:58.818
!MESSAGE Entering DelegatingStreamConnectionProvider()

!ENTRY org.springframework.tooling.ls.eclipse.commons 1 0 2025-06-25 19:07:58.818
!MESSAGE DelegatingStreamConnectionProvider classloader = org.eclipse.osgi.internal.loader.EquinoxClassLoader@500e5b3f[org.springframework.tooling.boot.ls:1.28.0.202109130547(id=1001)]

!ENTRY org.springframework.tooling.ls.eclipse.commons 1 0 2025-06-25 19:07:58.818
!MESSAGE SpringBootLanguageServer exists!

!ENTRY org.eclipse.lsp4e 4 0 2025-06-25 19:07:58.819
!MESSAGE org.eclipse.lsp4j.jsonrpc.JsonRpcException: java.io.IOException: 파이프가 닫히는 중입니다
!STACK 0
java.util.concurrent.ExecutionException: org.eclipse.lsp4j.jsonrpc.JsonRpcException: java.io.IOException: 파이프가 닫히는 중입니다
	at java.base/java.util.concurrent.CompletableFuture.reportGet(CompletableFuture.java:395)
	at java.base/java.util.concurrent.CompletableFuture.get(CompletableFuture.java:2028)
	at org.eclipse.lsp4e.LanguageServerWrapper.lambda$13(LanguageServerWrapper.java:425)
	at java.base/java.util.concurrent.CompletableFuture$AsyncRun.run(CompletableFuture.java:1736)
	at java.base/java.util.concurrent.CompletableFuture$AsyncRun.exec(CompletableFuture.java:1728)
	at java.base/java.util.concurrent.ForkJoinTask.doExec(ForkJoinTask.java:290)
	at java.base/java.util.concurrent.ForkJoinPool$WorkQueue.topLevelExec(ForkJoinPool.java:1020)
	at java.base/java.util.concurrent.ForkJoinPool.scan(ForkJoinPool.java:1656)
	at java.base/java.util.concurrent.ForkJoinPool.runWorker(ForkJoinPool.java:1594)
	at java.base/java.util.concurrent.ForkJoinWorkerThread.run(ForkJoinWorkerThread.java:183)
Caused by: org.eclipse.lsp4j.jsonrpc.JsonRpcException: java.io.IOException: 파이프가 닫히는 중입니다
	at org.eclipse.lsp4j.jsonrpc.json.StreamMessageConsumer.consume(StreamMessageConsumer.java:72)
	at org.eclipse.lsp4e.LanguageServerWrapper.lambda$4(LanguageServerWrapper.java:260)
	at org.eclipse.lsp4j.jsonrpc.RemoteEndpoint.request(RemoteEndpoint.java:161)
	at org.eclipse.lsp4j.jsonrpc.services.EndpointProxy.invoke(EndpointProxy.java:91)
	at com.sun.proxy.$Proxy49.shutdown(Unknown Source)
	at org.eclipse.lsp4e.LanguageServerWrapper.lambda$13(LanguageServerWrapper.java:423)
	... 7 more
Caused by: java.io.IOException: 파이프가 닫히는 중입니다
	at java.base/java.io.FileOutputStream.writeBytes(Native Method)
	at java.base/java.io.FileOutputStream.write(FileOutputStream.java:354)
	at java.base/java.io.BufferedOutputStream.flushBuffer(BufferedOutputStream.java:81)
	at java.base/java.io.BufferedOutputStream.flush(BufferedOutputStream.java:142)
	at org.eclipse.lsp4j.jsonrpc.json.StreamMessageConsumer.consume(StreamMessageConsumer.java:69)
	... 12 more

!ENTRY org.springframework.tooling.ls.eclipse.commons 1 0 2025-06-25 19:07:58.820
!MESSAGE Entering DelegatingStreamConnectionProvider()

!ENTRY org.springframework.tooling.ls.eclipse.commons 1 0 2025-06-25 19:07:58.820
!MESSAGE DelegatingStreamConnectionProvider classloader = org.eclipse.osgi.internal.loader.EquinoxClassLoader@500e5b3f[org.springframework.tooling.boot.ls:1.28.0.202109130547(id=1001)]

!ENTRY org.springframework.tooling.ls.eclipse.commons 1 0 2025-06-25 19:07:58.820
!MESSAGE SpringBootLanguageServer exists!

!ENTRY org.eclipse.lsp4e 4 0 2025-06-25 19:07:58.821
!MESSAGE org.eclipse.lsp4j.jsonrpc.JsonRpcException: java.io.IOException: 파이프가 닫히는 중입니다
!STACK 0
java.util.concurrent.ExecutionException: org.eclipse.lsp4j.jsonrpc.JsonRpcException: java.io.IOException: 파이프가 닫히는 중입니다
	at java.base/java.util.concurrent.CompletableFuture.reportGet(CompletableFuture.java:395)
	at java.base/java.util.concurrent.CompletableFuture.get(CompletableFuture.java:2028)
	at org.eclipse.lsp4e.LanguageServerWrapper.lambda$13(LanguageServerWrapper.java:425)
	at java.base/java.util.concurrent.CompletableFuture$AsyncRun.run(CompletableFuture.java:1736)
	at java.base/java.util.concurrent.CompletableFuture$AsyncRun.exec(CompletableFuture.java:1728)
	at java.base/java.util.concurrent.ForkJoinTask.doExec(ForkJoinTask.java:290)
	at java.base/java.util.concurrent.ForkJoinPool$WorkQueue.topLevelExec(ForkJoinPool.java:1020)
	at java.base/java.util.concurrent.ForkJoinPool.scan(ForkJoinPool.java:1656)
	at java.base/java.util.concurrent.ForkJoinPool.runWorker(ForkJoinPool.java:1594)
	at java.base/java.util.concurrent.ForkJoinWorkerThread.run(ForkJoinWorkerThread.java:183)
Caused by: org.eclipse.lsp4j.jsonrpc.JsonRpcException: java.io.IOException: 파이프가 닫히는 중입니다
	at org.eclipse.lsp4j.jsonrpc.json.StreamMessageConsumer.consume(StreamMessageConsumer.java:72)
	at org.eclipse.lsp4e.LanguageServerWrapper.lambda$4(LanguageServerWrapper.java:260)
	at org.eclipse.lsp4j.jsonrpc.RemoteEndpoint.request(RemoteEndpoint.java:161)
	at org.eclipse.lsp4j.jsonrpc.services.EndpointProxy.invoke(EndpointProxy.java:91)
	at com.sun.proxy.$Proxy49.shutdown(Unknown Source)
	at org.eclipse.lsp4e.LanguageServerWrapper.lambda$13(LanguageServerWrapper.java:423)
	... 7 more
Caused by: java.io.IOException: 파이프가 닫히는 중입니다
	at java.base/java.io.FileOutputStream.writeBytes(Native Method)
	at java.base/java.io.FileOutputStream.write(FileOutputStream.java:354)
	at java.base/java.io.BufferedOutputStream.flushBuffer(BufferedOutputStream.java:81)
	at java.base/java.io.BufferedOutputStream.flush(BufferedOutputStream.java:142)
	at org.eclipse.lsp4j.jsonrpc.json.StreamMessageConsumer.consume(StreamMessageConsumer.java:69)
	... 12 more

!ENTRY org.springframework.tooling.ls.eclipse.commons 1 0 2025-06-25 19:07:58.822
!MESSAGE Entering DelegatingStreamConnectionProvider()

!ENTRY org.springframework.tooling.ls.eclipse.commons 1 0 2025-06-25 19:07:58.822
!MESSAGE DelegatingStreamConnectionProvider classloader = org.eclipse.osgi.internal.loader.EquinoxClassLoader@500e5b3f[org.springframework.tooling.boot.ls:1.28.0.202109130547(id=1001)]

!ENTRY org.springframework.tooling.ls.eclipse.commons 1 0 2025-06-25 19:07:58.822
!MESSAGE SpringBootLanguageServer exists!

!ENTRY org.eclipse.lsp4e 4 0 2025-06-25 19:07:58.825
!MESSAGE org.eclipse.lsp4j.jsonrpc.JsonRpcException: java.io.IOException: 파이프가 닫히는 중입니다
!STACK 0
java.util.concurrent.ExecutionException: org.eclipse.lsp4j.jsonrpc.JsonRpcException: java.io.IOException: 파이프가 닫히는 중입니다
	at java.base/java.util.concurrent.CompletableFuture.reportGet(CompletableFuture.java:395)
	at java.base/java.util.concurrent.CompletableFuture.get(CompletableFuture.java:2028)
	at org.eclipse.lsp4e.LanguageServerWrapper.lambda$13(LanguageServerWrapper.java:425)
	at java.base/java.util.concurrent.CompletableFuture$AsyncRun.run(CompletableFuture.java:1736)
	at java.base/java.util.concurrent.CompletableFuture$AsyncRun.exec(CompletableFuture.java:1728)
	at java.base/java.util.concurrent.ForkJoinTask.doExec(ForkJoinTask.java:290)
	at java.base/java.util.concurrent.ForkJoinPool$WorkQueue.topLevelExec(ForkJoinPool.java:1020)
	at java.base/java.util.concurrent.ForkJoinPool.scan(ForkJoinPool.java:1656)
	at java.base/java.util.concurrent.ForkJoinPool.runWorker(ForkJoinPool.java:1594)
	at java.base/java.util.concurrent.ForkJoinWorkerThread.run(ForkJoinWorkerThread.java:183)
Caused by: org.eclipse.lsp4j.jsonrpc.JsonRpcException: java.io.IOException: 파이프가 닫히는 중입니다
	at org.eclipse.lsp4j.jsonrpc.json.StreamMessageConsumer.consume(StreamMessageConsumer.java:72)
	at org.eclipse.lsp4e.LanguageServerWrapper.lambda$4(LanguageServerWrapper.java:260)
	at org.eclipse.lsp4j.jsonrpc.RemoteEndpoint.request(RemoteEndpoint.java:161)
	at org.eclipse.lsp4j.jsonrpc.services.EndpointProxy.invoke(EndpointProxy.java:91)
	at com.sun.proxy.$Proxy49.shutdown(Unknown Source)
	at org.eclipse.lsp4e.LanguageServerWrapper.lambda$13(LanguageServerWrapper.java:423)
	... 7 more
Caused by: java.io.IOException: 파이프가 닫히는 중입니다
	at java.base/java.io.FileOutputStream.writeBytes(Native Method)
	at java.base/java.io.FileOutputStream.write(FileOutputStream.java:354)
	at java.base/java.io.BufferedOutputStream.flushBuffer(BufferedOutputStream.java:81)
	at java.base/java.io.BufferedOutputStream.flush(BufferedOutputStream.java:142)
	at org.eclipse.lsp4j.jsonrpc.json.StreamMessageConsumer.consume(StreamMessageConsumer.java:69)
	... 12 more

!ENTRY org.eclipse.lsp4e 4 0 2025-06-25 19:07:58.825
!MESSAGE org.eclipse.lsp4j.jsonrpc.JsonRpcException: java.io.IOException: 파이프가 닫히는 중입니다
!STACK 0
java.util.concurrent.ExecutionException: org.eclipse.lsp4j.jsonrpc.JsonRpcException: java.io.IOException: 파이프가 닫히는 중입니다
	at java.base/java.util.concurrent.CompletableFuture.reportGet(CompletableFuture.java:395)
	at java.base/java.util.concurrent.CompletableFuture.get(CompletableFuture.java:2028)
	at org.eclipse.lsp4e.LanguageServerWrapper.lambda$13(LanguageServerWrapper.java:425)
	at java.base/java.util.concurrent.CompletableFuture$AsyncRun.run(CompletableFuture.java:1736)
	at java.base/java.util.concurrent.CompletableFuture$AsyncRun.exec(CompletableFuture.java:1728)
	at java.base/java.util.concurrent.ForkJoinTask.doExec(ForkJoinTask.java:290)
	at java.base/java.util.concurrent.ForkJoinPool$WorkQueue.topLevelExec(ForkJoinPool.java:1020)
	at java.base/java.util.concurrent.ForkJoinPool.scan(ForkJoinPool.java:1656)
	at java.base/java.util.concurrent.ForkJoinPool.runWorker(ForkJoinPool.java:1594)
	at java.base/java.util.concurrent.ForkJoinWorkerThread.run(ForkJoinWorkerThread.java:183)
Caused by: org.eclipse.lsp4j.jsonrpc.JsonRpcException: java.io.IOException: 파이프가 닫히는 중입니다
	at org.eclipse.lsp4j.jsonrpc.json.StreamMessageConsumer.consume(StreamMessageConsumer.java:72)
	at org.eclipse.lsp4e.LanguageServerWrapper.lambda$4(LanguageServerWrapper.java:260)
	at org.eclipse.lsp4j.jsonrpc.RemoteEndpoint.request(RemoteEndpoint.java:161)
	at org.eclipse.lsp4j.jsonrpc.services.EndpointProxy.invoke(EndpointProxy.java:91)
	at com.sun.proxy.$Proxy49.shutdown(Unknown Source)
	at org.eclipse.lsp4e.LanguageServerWrapper.lambda$13(LanguageServerWrapper.java:423)
	... 7 more
Caused by: java.io.IOException: 파이프가 닫히는 중입니다
	at java.base/java.io.FileOutputStream.writeBytes(Native Method)
	at java.base/java.io.FileOutputStream.write(FileOutputStream.java:354)
	at java.base/java.io.BufferedOutputStream.flushBuffer(BufferedOutputStream.java:81)
	at java.base/java.io.BufferedOutputStream.flush(BufferedOutputStream.java:142)
	at org.eclipse.lsp4j.jsonrpc.json.StreamMessageConsumer.consume(StreamMessageConsumer.java:69)
	... 12 more

!ENTRY org.springframework.tooling.ls.eclipse.commons 1 0 2025-06-25 19:07:58.827
!MESSAGE Entering DelegatingStreamConnectionProvider()

!ENTRY org.springframework.tooling.ls.eclipse.commons 1 0 2025-06-25 19:07:58.827
!MESSAGE DelegatingStreamConnectionProvider classloader = org.eclipse.osgi.internal.loader.EquinoxClassLoader@500e5b3f[org.springframework.tooling.boot.ls:1.28.0.202109130547(id=1001)]

!ENTRY org.springframework.tooling.ls.eclipse.commons 1 0 2025-06-25 19:07:58.827
!MESSAGE SpringBootLanguageServer exists!

!ENTRY org.eclipse.lsp4e 4 0 2025-06-25 19:07:58.828
!MESSAGE org.eclipse.lsp4j.jsonrpc.JsonRpcException: java.io.IOException: 파이프가 닫히는 중입니다
!STACK 0
java.util.concurrent.ExecutionException: org.eclipse.lsp4j.jsonrpc.JsonRpcException: java.io.IOException: 파이프가 닫히는 중입니다
	at java.base/java.util.concurrent.CompletableFuture.reportGet(CompletableFuture.java:395)
	at java.base/java.util.concurrent.CompletableFuture.get(CompletableFuture.java:2028)
	at org.eclipse.lsp4e.LanguageServerWrapper.lambda$13(LanguageServerWrapper.java:425)
	at java.base/java.util.concurrent.CompletableFuture$AsyncRun.run(CompletableFuture.java:1736)
	at java.base/java.util.concurrent.CompletableFuture$AsyncRun.exec(CompletableFuture.java:1728)
	at java.base/java.util.concurrent.ForkJoinTask.doExec(ForkJoinTask.java:290)
	at java.base/java.util.concurrent.ForkJoinPool$WorkQueue.topLevelExec(ForkJoinPool.java:1020)
	at java.base/java.util.concurrent.ForkJoinPool.scan(ForkJoinPool.java:1656)
	at java.base/java.util.concurrent.ForkJoinPool.runWorker(ForkJoinPool.java:1594)
	at java.base/java.util.concurrent.ForkJoinWorkerThread.run(ForkJoinWorkerThread.java:183)
Caused by: org.eclipse.lsp4j.jsonrpc.JsonRpcException: java.io.IOException: 파이프가 닫히는 중입니다
	at org.eclipse.lsp4j.jsonrpc.json.StreamMessageConsumer.consume(StreamMessageConsumer.java:72)
	at org.eclipse.lsp4e.LanguageServerWrapper.lambda$4(LanguageServerWrapper.java:260)
	at org.eclipse.lsp4j.jsonrpc.RemoteEndpoint.request(RemoteEndpoint.java:161)
	at org.eclipse.lsp4j.jsonrpc.services.EndpointProxy.invoke(EndpointProxy.java:91)
	at com.sun.proxy.$Proxy49.shutdown(Unknown Source)
	at org.eclipse.lsp4e.LanguageServerWrapper.lambda$13(LanguageServerWrapper.java:423)
	... 7 more
Caused by: java.io.IOException: 파이프가 닫히는 중입니다
	at java.base/java.io.FileOutputStream.writeBytes(Native Method)
	at java.base/java.io.FileOutputStream.write(FileOutputStream.java:354)
	at java.base/java.io.BufferedOutputStream.flushBuffer(BufferedOutputStream.java:81)
	at java.base/java.io.BufferedOutputStream.flush(BufferedOutputStream.java:142)
	at org.eclipse.lsp4j.jsonrpc.json.StreamMessageConsumer.consume(StreamMessageConsumer.java:69)
	... 12 more

!ENTRY org.springframework.tooling.ls.eclipse.commons 1 0 2025-06-25 19:07:58.828
!MESSAGE Entering DelegatingStreamConnectionProvider()

!ENTRY org.springframework.tooling.ls.eclipse.commons 1 0 2025-06-25 19:07:58.828
!MESSAGE DelegatingStreamConnectionProvider classloader = org.eclipse.osgi.internal.loader.EquinoxClassLoader@500e5b3f[org.springframework.tooling.boot.ls:1.28.0.202109130547(id=1001)]

!ENTRY org.springframework.tooling.ls.eclipse.commons 1 0 2025-06-25 19:07:58.829
!MESSAGE SpringBootLanguageServer exists!

!ENTRY org.eclipse.lsp4e 4 0 2025-06-25 19:07:58.829
!MESSAGE org.eclipse.lsp4j.jsonrpc.JsonRpcException: java.io.IOException: 파이프가 닫히는 중입니다
!STACK 0
java.util.concurrent.ExecutionException: org.eclipse.lsp4j.jsonrpc.JsonRpcException: java.io.IOException: 파이프가 닫히는 중입니다
	at java.base/java.util.concurrent.CompletableFuture.reportGet(CompletableFuture.java:395)
	at java.base/java.util.concurrent.CompletableFuture.get(CompletableFuture.java:2028)
	at org.eclipse.lsp4e.LanguageServerWrapper.lambda$13(LanguageServerWrapper.java:425)
	at java.base/java.util.concurrent.CompletableFuture$AsyncRun.run(CompletableFuture.java:1736)
	at java.base/java.util.concurrent.CompletableFuture$AsyncRun.exec(CompletableFuture.java:1728)
	at java.base/java.util.concurrent.ForkJoinTask.doExec(ForkJoinTask.java:290)
	at java.base/java.util.concurrent.ForkJoinPool$WorkQueue.topLevelExec(ForkJoinPool.java:1020)
	at java.base/java.util.concurrent.ForkJoinPool.scan(ForkJoinPool.java:1656)
	at java.base/java.util.concurrent.ForkJoinPool.runWorker(ForkJoinPool.java:1594)
	at java.base/java.util.concurrent.ForkJoinWorkerThread.run(ForkJoinWorkerThread.java:183)
Caused by: org.eclipse.lsp4j.jsonrpc.JsonRpcException: java.io.IOException: 파이프가 닫히는 중입니다
	at org.eclipse.lsp4j.jsonrpc.json.StreamMessageConsumer.consume(StreamMessageConsumer.java:72)
	at org.eclipse.lsp4e.LanguageServerWrapper.lambda$4(LanguageServerWrapper.java:260)
	at org.eclipse.lsp4j.jsonrpc.RemoteEndpoint.request(RemoteEndpoint.java:161)
	at org.eclipse.lsp4j.jsonrpc.services.EndpointProxy.invoke(EndpointProxy.java:91)
	at com.sun.proxy.$Proxy49.shutdown(Unknown Source)
	at org.eclipse.lsp4e.LanguageServerWrapper.lambda$13(LanguageServerWrapper.java:423)
	... 7 more
Caused by: java.io.IOException: 파이프가 닫히는 중입니다
	at java.base/java.io.FileOutputStream.writeBytes(Native Method)
	at java.base/java.io.FileOutputStream.write(FileOutputStream.java:354)
	at java.base/java.io.BufferedOutputStream.flushBuffer(BufferedOutputStream.java:81)
	at java.base/java.io.BufferedOutputStream.flush(BufferedOutputStream.java:142)
	at org.eclipse.lsp4j.jsonrpc.json.StreamMessageConsumer.consume(StreamMessageConsumer.java:69)
	... 12 more

!ENTRY org.springframework.tooling.ls.eclipse.commons 1 0 2025-06-25 19:07:58.830
!MESSAGE Entering DelegatingStreamConnectionProvider()

!ENTRY org.springframework.tooling.ls.eclipse.commons 1 0 2025-06-25 19:07:58.830
!MESSAGE DelegatingStreamConnectionProvider classloader = org.eclipse.osgi.internal.loader.EquinoxClassLoader@500e5b3f[org.springframework.tooling.boot.ls:1.28.0.202109130547(id=1001)]

!ENTRY org.springframework.tooling.ls.eclipse.commons 1 0 2025-06-25 19:07:58.830
!MESSAGE SpringBootLanguageServer exists!

!ENTRY org.eclipse.lsp4e 4 0 2025-06-25 19:07:58.832
!MESSAGE org.eclipse.lsp4j.jsonrpc.JsonRpcException: java.io.IOException: 파이프가 닫히는 중입니다
!STACK 0
java.util.concurrent.ExecutionException: org.eclipse.lsp4j.jsonrpc.JsonRpcException: java.io.IOException: 파이프가 닫히는 중입니다
	at java.base/java.util.concurrent.CompletableFuture.reportGet(CompletableFuture.java:395)
	at java.base/java.util.concurrent.CompletableFuture.get(CompletableFuture.java:2028)
	at org.eclipse.lsp4e.LanguageServerWrapper.lambda$13(LanguageServerWrapper.java:425)
	at java.base/java.util.concurrent.CompletableFuture$AsyncRun.run(CompletableFuture.java:1736)
	at java.base/java.util.concurrent.CompletableFuture$AsyncRun.exec(CompletableFuture.java:1728)
	at java.base/java.util.concurrent.ForkJoinTask.doExec(ForkJoinTask.java:290)
	at java.base/java.util.concurrent.ForkJoinPool$WorkQueue.topLevelExec(ForkJoinPool.java:1020)
	at java.base/java.util.concurrent.ForkJoinPool.scan(ForkJoinPool.java:1656)
	at java.base/java.util.concurrent.ForkJoinPool.runWorker(ForkJoinPool.java:1594)
	at java.base/java.util.concurrent.ForkJoinWorkerThread.run(ForkJoinWorkerThread.java:183)
Caused by: org.eclipse.lsp4j.jsonrpc.JsonRpcException: java.io.IOException: 파이프가 닫히는 중입니다
	at org.eclipse.lsp4j.jsonrpc.json.StreamMessageConsumer.consume(StreamMessageConsumer.java:72)
	at org.eclipse.lsp4e.LanguageServerWrapper.lambda$4(LanguageServerWrapper.java:260)
	at org.eclipse.lsp4j.jsonrpc.RemoteEndpoint.request(RemoteEndpoint.java:161)
	at org.eclipse.lsp4j.jsonrpc.services.EndpointProxy.invoke(EndpointProxy.java:91)
	at com.sun.proxy.$Proxy49.shutdown(Unknown Source)
	at org.eclipse.lsp4e.LanguageServerWrapper.lambda$13(LanguageServerWrapper.java:423)
	... 7 more
Caused by: java.io.IOException: 파이프가 닫히는 중입니다
	at java.base/java.io.FileOutputStream.writeBytes(Native Method)
	at java.base/java.io.FileOutputStream.write(FileOutputStream.java:354)
	at java.base/java.io.BufferedOutputStream.flushBuffer(BufferedOutputStream.java:81)
	at java.base/java.io.BufferedOutputStream.flush(BufferedOutputStream.java:142)
	at org.eclipse.lsp4j.jsonrpc.json.StreamMessageConsumer.consume(StreamMessageConsumer.java:69)
	... 12 more

!ENTRY org.springframework.tooling.ls.eclipse.commons 1 0 2025-06-25 19:07:58.833
!MESSAGE Entering DelegatingStreamConnectionProvider()

!ENTRY org.springframework.tooling.ls.eclipse.commons 1 0 2025-06-25 19:07:58.833
!MESSAGE DelegatingStreamConnectionProvider classloader = org.eclipse.osgi.internal.loader.EquinoxClassLoader@500e5b3f[org.springframework.tooling.boot.ls:1.28.0.202109130547(id=1001)]

!ENTRY org.springframework.tooling.ls.eclipse.commons 1 0 2025-06-25 19:07:58.833
!MESSAGE SpringBootLanguageServer exists!

!ENTRY org.eclipse.lsp4e 4 0 2025-06-25 19:07:58.834
!MESSAGE org.eclipse.lsp4j.jsonrpc.JsonRpcException: java.io.IOException: 파이프가 닫히는 중입니다
!STACK 0
java.util.concurrent.ExecutionException: org.eclipse.lsp4j.jsonrpc.JsonRpcException: java.io.IOException: 파이프가 닫히는 중입니다
	at java.base/java.util.concurrent.CompletableFuture.reportGet(CompletableFuture.java:395)
	at java.base/java.util.concurrent.CompletableFuture.get(CompletableFuture.java:2028)
	at org.eclipse.lsp4e.LanguageServerWrapper.lambda$13(LanguageServerWrapper.java:425)
	at java.base/java.util.concurrent.CompletableFuture$AsyncRun.run(CompletableFuture.java:1736)
	at java.base/java.util.concurrent.CompletableFuture$AsyncRun.exec(CompletableFuture.java:1728)
	at java.base/java.util.concurrent.ForkJoinTask.doExec(ForkJoinTask.java:290)
	at java.base/java.util.concurrent.ForkJoinPool$WorkQueue.topLevelExec(ForkJoinPool.java:1020)
	at java.base/java.util.concurrent.ForkJoinPool.scan(ForkJoinPool.java:1656)
	at java.base/java.util.concurrent.ForkJoinPool.runWorker(ForkJoinPool.java:1594)
	at java.base/java.util.concurrent.ForkJoinWorkerThread.run(ForkJoinWorkerThread.java:183)
Caused by: org.eclipse.lsp4j.jsonrpc.JsonRpcException: java.io.IOException: 파이프가 닫히는 중입니다
	at org.eclipse.lsp4j.jsonrpc.json.StreamMessageConsumer.consume(StreamMessageConsumer.java:72)
	at org.eclipse.lsp4e.LanguageServerWrapper.lambda$4(LanguageServerWrapper.java:260)
	at org.eclipse.lsp4j.jsonrpc.RemoteEndpoint.request(RemoteEndpoint.java:161)
	at org.eclipse.lsp4j.jsonrpc.services.EndpointProxy.invoke(EndpointProxy.java:91)
	at com.sun.proxy.$Proxy49.shutdown(Unknown Source)
	at org.eclipse.lsp4e.LanguageServerWrapper.lambda$13(LanguageServerWrapper.java:423)
	... 7 more
Caused by: java.io.IOException: 파이프가 닫히는 중입니다
	at java.base/java.io.FileOutputStream.writeBytes(Native Method)
	at java.base/java.io.FileOutputStream.write(FileOutputStream.java:354)
	at java.base/java.io.BufferedOutputStream.flushBuffer(BufferedOutputStream.java:81)
	at java.base/java.io.BufferedOutputStream.flush(BufferedOutputStream.java:142)
	at org.eclipse.lsp4j.jsonrpc.json.StreamMessageConsumer.consume(StreamMessageConsumer.java:69)
	... 12 more

!ENTRY org.springframework.tooling.ls.eclipse.commons 1 0 2025-06-25 19:07:58.834
!MESSAGE Entering DelegatingStreamConnectionProvider()

!ENTRY org.springframework.tooling.ls.eclipse.commons 1 0 2025-06-25 19:07:58.834
!MESSAGE DelegatingStreamConnectionProvider classloader = org.eclipse.osgi.internal.loader.EquinoxClassLoader@500e5b3f[org.springframework.tooling.boot.ls:1.28.0.202109130547(id=1001)]

!ENTRY org.springframework.tooling.ls.eclipse.commons 1 0 2025-06-25 19:07:58.836
!MESSAGE SpringBootLanguageServer exists!

!ENTRY org.eclipse.lsp4e 4 0 2025-06-25 19:07:58.837
!MESSAGE org.eclipse.lsp4j.jsonrpc.JsonRpcException: java.io.IOException: 파이프가 닫히는 중입니다
!STACK 0
java.util.concurrent.ExecutionException: org.eclipse.lsp4j.jsonrpc.JsonRpcException: java.io.IOException: 파이프가 닫히는 중입니다
	at java.base/java.util.concurrent.CompletableFuture.reportGet(CompletableFuture.java:395)
	at java.base/java.util.concurrent.CompletableFuture.get(CompletableFuture.java:2028)
	at org.eclipse.lsp4e.LanguageServerWrapper.lambda$13(LanguageServerWrapper.java:425)
	at java.base/java.util.concurrent.CompletableFuture$AsyncRun.run(CompletableFuture.java:1736)
	at java.base/java.util.concurrent.CompletableFuture$AsyncRun.exec(CompletableFuture.java:1728)
	at java.base/java.util.concurrent.ForkJoinTask.doExec(ForkJoinTask.java:290)
	at java.base/java.util.concurrent.ForkJoinPool$WorkQueue.topLevelExec(ForkJoinPool.java:1020)
	at java.base/java.util.concurrent.ForkJoinPool.scan(ForkJoinPool.java:1656)
	at java.base/java.util.concurrent.ForkJoinPool.runWorker(ForkJoinPool.java:1594)
	at java.base/java.util.concurrent.ForkJoinWorkerThread.run(ForkJoinWorkerThread.java:183)
Caused by: org.eclipse.lsp4j.jsonrpc.JsonRpcException: java.io.IOException: 파이프가 닫히는 중입니다
	at org.eclipse.lsp4j.jsonrpc.json.StreamMessageConsumer.consume(StreamMessageConsumer.java:72)
	at org.eclipse.lsp4e.LanguageServerWrapper.lambda$4(LanguageServerWrapper.java:260)
	at org.eclipse.lsp4j.jsonrpc.RemoteEndpoint.request(RemoteEndpoint.java:161)
	at org.eclipse.lsp4j.jsonrpc.services.EndpointProxy.invoke(EndpointProxy.java:91)
	at com.sun.proxy.$Proxy49.shutdown(Unknown Source)
	at org.eclipse.lsp4e.LanguageServerWrapper.lambda$13(LanguageServerWrapper.java:423)
	... 7 more
Caused by: java.io.IOException: 파이프가 닫히는 중입니다
	at java.base/java.io.FileOutputStream.writeBytes(Native Method)
	at java.base/java.io.FileOutputStream.write(FileOutputStream.java:354)
	at java.base/java.io.BufferedOutputStream.flushBuffer(BufferedOutputStream.java:81)
	at java.base/java.io.BufferedOutputStream.flush(BufferedOutputStream.java:142)
	at org.eclipse.lsp4j.jsonrpc.json.StreamMessageConsumer.consume(StreamMessageConsumer.java:69)
	... 12 more

!ENTRY org.springframework.tooling.ls.eclipse.commons 1 0 2025-06-25 19:07:58.838
!MESSAGE Entering DelegatingStreamConnectionProvider()

!ENTRY org.springframework.tooling.ls.eclipse.commons 1 0 2025-06-25 19:07:58.838
!MESSAGE DelegatingStreamConnectionProvider classloader = org.eclipse.osgi.internal.loader.EquinoxClassLoader@500e5b3f[org.springframework.tooling.boot.ls:1.28.0.202109130547(id=1001)]

!ENTRY org.springframework.tooling.ls.eclipse.commons 1 0 2025-06-25 19:07:58.838
!MESSAGE SpringBootLanguageServer exists!

!ENTRY org.eclipse.lsp4e 4 0 2025-06-25 19:07:58.839
!MESSAGE org.eclipse.lsp4j.jsonrpc.JsonRpcException: java.io.IOException: 파이프가 닫히는 중입니다
!STACK 0
java.util.concurrent.ExecutionException: org.eclipse.lsp4j.jsonrpc.JsonRpcException: java.io.IOException: 파이프가 닫히는 중입니다
	at java.base/java.util.concurrent.CompletableFuture.reportGet(CompletableFuture.java:395)
	at java.base/java.util.concurrent.CompletableFuture.get(CompletableFuture.java:2028)
	at org.eclipse.lsp4e.LanguageServerWrapper.lambda$13(LanguageServerWrapper.java:425)
	at java.base/java.util.concurrent.CompletableFuture$AsyncRun.run(CompletableFuture.java:1736)
	at java.base/java.util.concurrent.CompletableFuture$AsyncRun.exec(CompletableFuture.java:1728)
	at java.base/java.util.concurrent.ForkJoinTask.doExec(ForkJoinTask.java:290)
	at java.base/java.util.concurrent.ForkJoinPool$WorkQueue.topLevelExec(ForkJoinPool.java:1020)
	at java.base/java.util.concurrent.ForkJoinPool.scan(ForkJoinPool.java:1656)
	at java.base/java.util.concurrent.ForkJoinPool.runWorker(ForkJoinPool.java:1594)
	at java.base/java.util.concurrent.ForkJoinWorkerThread.run(ForkJoinWorkerThread.java:183)
Caused by: org.eclipse.lsp4j.jsonrpc.JsonRpcException: java.io.IOException: 파이프가 닫히는 중입니다
	at org.eclipse.lsp4j.jsonrpc.json.StreamMessageConsumer.consume(StreamMessageConsumer.java:72)
	at org.eclipse.lsp4e.LanguageServerWrapper.lambda$4(LanguageServerWrapper.java:260)
	at org.eclipse.lsp4j.jsonrpc.RemoteEndpoint.request(RemoteEndpoint.java:161)
	at org.eclipse.lsp4j.jsonrpc.services.EndpointProxy.invoke(EndpointProxy.java:91)
	at com.sun.proxy.$Proxy49.shutdown(Unknown Source)
	at org.eclipse.lsp4e.LanguageServerWrapper.lambda$13(LanguageServerWrapper.java:423)
	... 7 more
Caused by: java.io.IOException: 파이프가 닫히는 중입니다
	at java.base/java.io.FileOutputStream.writeBytes(Native Method)
	at java.base/java.io.FileOutputStream.write(FileOutputStream.java:354)
	at java.base/java.io.BufferedOutputStream.flushBuffer(BufferedOutputStream.java:81)
	at java.base/java.io.BufferedOutputStream.flush(BufferedOutputStream.java:142)
	at org.eclipse.lsp4j.jsonrpc.json.StreamMessageConsumer.consume(StreamMessageConsumer.java:69)
	... 12 more

!ENTRY org.springframework.tooling.ls.eclipse.commons 1 0 2025-06-25 19:07:58.840
!MESSAGE Entering DelegatingStreamConnectionProvider()

!ENTRY org.springframework.tooling.ls.eclipse.commons 1 0 2025-06-25 19:07:58.840
!MESSAGE DelegatingStreamConnectionProvider classloader = org.eclipse.osgi.internal.loader.EquinoxClassLoader@500e5b3f[org.springframework.tooling.boot.ls:1.28.0.202109130547(id=1001)]

!ENTRY org.springframework.tooling.ls.eclipse.commons 1 0 2025-06-25 19:07:58.840
!MESSAGE SpringBootLanguageServer exists!

!ENTRY org.eclipse.lsp4e 4 0 2025-06-25 19:07:58.842
!MESSAGE org.eclipse.lsp4j.jsonrpc.JsonRpcException: java.io.IOException: 파이프가 닫히는 중입니다
!STACK 0
java.util.concurrent.ExecutionException: org.eclipse.lsp4j.jsonrpc.JsonRpcException: java.io.IOException: 파이프가 닫히는 중입니다
	at java.base/java.util.concurrent.CompletableFuture.reportGet(CompletableFuture.java:395)
	at java.base/java.util.concurrent.CompletableFuture.get(CompletableFuture.java:2028)
	at org.eclipse.lsp4e.LanguageServerWrapper.lambda$13(LanguageServerWrapper.java:425)
	at java.base/java.util.concurrent.CompletableFuture$AsyncRun.run(CompletableFuture.java:1736)
	at java.base/java.util.concurrent.CompletableFuture$AsyncRun.exec(CompletableFuture.java:1728)
	at java.base/java.util.concurrent.ForkJoinTask.doExec(ForkJoinTask.java:290)
	at java.base/java.util.concurrent.ForkJoinPool$WorkQueue.topLevelExec(ForkJoinPool.java:1020)
	at java.base/java.util.concurrent.ForkJoinPool.scan(ForkJoinPool.java:1656)
	at java.base/java.util.concurrent.ForkJoinPool.runWorker(ForkJoinPool.java:1594)
	at java.base/java.util.concurrent.ForkJoinWorkerThread.run(ForkJoinWorkerThread.java:183)
Caused by: org.eclipse.lsp4j.jsonrpc.JsonRpcException: java.io.IOException: 파이프가 닫히는 중입니다
	at org.eclipse.lsp4j.jsonrpc.json.StreamMessageConsumer.consume(StreamMessageConsumer.java:72)
	at org.eclipse.lsp4e.LanguageServerWrapper.lambda$4(LanguageServerWrapper.java:260)
	at org.eclipse.lsp4j.jsonrpc.RemoteEndpoint.request(RemoteEndpoint.java:161)
	at org.eclipse.lsp4j.jsonrpc.services.EndpointProxy.invoke(EndpointProxy.java:91)
	at com.sun.proxy.$Proxy49.shutdown(Unknown Source)
	at org.eclipse.lsp4e.LanguageServerWrapper.lambda$13(LanguageServerWrapper.java:423)
	... 7 more
Caused by: java.io.IOException: 파이프가 닫히는 중입니다
	at java.base/java.io.FileOutputStream.writeBytes(Native Method)
	at java.base/java.io.FileOutputStream.write(FileOutputStream.java:354)
	at java.base/java.io.BufferedOutputStream.flushBuffer(BufferedOutputStream.java:81)
	at java.base/java.io.BufferedOutputStream.flush(BufferedOutputStream.java:142)
	at org.eclipse.lsp4j.jsonrpc.json.StreamMessageConsumer.consume(StreamMessageConsumer.java:69)
	... 12 more

!ENTRY org.springframework.tooling.ls.eclipse.commons 1 0 2025-06-25 19:07:58.844
!MESSAGE Entering DelegatingStreamConnectionProvider()

!ENTRY org.springframework.tooling.ls.eclipse.commons 1 0 2025-06-25 19:07:58.844
!MESSAGE DelegatingStreamConnectionProvider classloader = org.eclipse.osgi.internal.loader.EquinoxClassLoader@500e5b3f[org.springframework.tooling.boot.ls:1.28.0.202109130547(id=1001)]

!ENTRY org.springframework.tooling.ls.eclipse.commons 1 0 2025-06-25 19:07:58.844
!MESSAGE SpringBootLanguageServer exists!

!ENTRY org.eclipse.lsp4e 4 0 2025-06-25 19:07:58.845
!MESSAGE org.eclipse.lsp4j.jsonrpc.JsonRpcException: java.io.IOException: 파이프가 닫히는 중입니다
!STACK 0
java.util.concurrent.ExecutionException: org.eclipse.lsp4j.jsonrpc.JsonRpcException: java.io.IOException: 파이프가 닫히는 중입니다
	at java.base/java.util.concurrent.CompletableFuture.reportGet(CompletableFuture.java:395)
	at java.base/java.util.concurrent.CompletableFuture.get(CompletableFuture.java:2028)
	at org.eclipse.lsp4e.LanguageServerWrapper.lambda$13(LanguageServerWrapper.java:425)
	at java.base/java.util.concurrent.CompletableFuture$AsyncRun.run(CompletableFuture.java:1736)
	at java.base/java.util.concurrent.CompletableFuture$AsyncRun.exec(CompletableFuture.java:1728)
	at java.base/java.util.concurrent.ForkJoinTask.doExec(ForkJoinTask.java:290)
	at java.base/java.util.concurrent.ForkJoinPool$WorkQueue.topLevelExec(ForkJoinPool.java:1020)
	at java.base/java.util.concurrent.ForkJoinPool.scan(ForkJoinPool.java:1656)
	at java.base/java.util.concurrent.ForkJoinPool.runWorker(ForkJoinPool.java:1594)
	at java.base/java.util.concurrent.ForkJoinWorkerThread.run(ForkJoinWorkerThread.java:183)
Caused by: org.eclipse.lsp4j.jsonrpc.JsonRpcException: java.io.IOException: 파이프가 닫히는 중입니다
	at org.eclipse.lsp4j.jsonrpc.json.StreamMessageConsumer.consume(StreamMessageConsumer.java:72)
	at org.eclipse.lsp4e.LanguageServerWrapper.lambda$4(LanguageServerWrapper.java:260)
	at org.eclipse.lsp4j.jsonrpc.RemoteEndpoint.request(RemoteEndpoint.java:161)
	at org.eclipse.lsp4j.jsonrpc.services.EndpointProxy.invoke(EndpointProxy.java:91)
	at com.sun.proxy.$Proxy49.shutdown(Unknown Source)
	at org.eclipse.lsp4e.LanguageServerWrapper.lambda$13(LanguageServerWrapper.java:423)
	... 7 more
Caused by: java.io.IOException: 파이프가 닫히는 중입니다
	at java.base/java.io.FileOutputStream.writeBytes(Native Method)
	at java.base/java.io.FileOutputStream.write(FileOutputStream.java:354)
	at java.base/java.io.BufferedOutputStream.flushBuffer(BufferedOutputStream.java:81)
	at java.base/java.io.BufferedOutputStream.flush(BufferedOutputStream.java:142)
	at org.eclipse.lsp4j.jsonrpc.json.StreamMessageConsumer.consume(StreamMessageConsumer.java:69)
	... 12 more

!ENTRY org.springframework.tooling.ls.eclipse.commons 1 0 2025-06-25 19:07:58.845
!MESSAGE Entering DelegatingStreamConnectionProvider()

!ENTRY org.springframework.tooling.ls.eclipse.commons 1 0 2025-06-25 19:07:58.846
!MESSAGE DelegatingStreamConnectionProvider classloader = org.eclipse.osgi.internal.loader.EquinoxClassLoader@500e5b3f[org.springframework.tooling.boot.ls:1.28.0.202109130547(id=1001)]

!ENTRY org.springframework.tooling.ls.eclipse.commons 1 0 2025-06-25 19:07:58.846
!MESSAGE SpringBootLanguageServer exists!

!ENTRY org.eclipse.lsp4e 4 0 2025-06-25 19:07:58.847
!MESSAGE org.eclipse.lsp4j.jsonrpc.JsonRpcException: java.io.IOException: 파이프가 닫히는 중입니다
!STACK 0
java.util.concurrent.ExecutionException: org.eclipse.lsp4j.jsonrpc.JsonRpcException: java.io.IOException: 파이프가 닫히는 중입니다
	at java.base/java.util.concurrent.CompletableFuture.reportGet(CompletableFuture.java:395)
	at java.base/java.util.concurrent.CompletableFuture.get(CompletableFuture.java:2028)
	at org.eclipse.lsp4e.LanguageServerWrapper.lambda$13(LanguageServerWrapper.java:425)
	at java.base/java.util.concurrent.CompletableFuture$AsyncRun.run(CompletableFuture.java:1736)
	at java.base/java.util.concurrent.CompletableFuture$AsyncRun.exec(CompletableFuture.java:1728)
	at java.base/java.util.concurrent.ForkJoinTask.doExec(ForkJoinTask.java:290)
	at java.base/java.util.concurrent.ForkJoinPool$WorkQueue.topLevelExec(ForkJoinPool.java:1020)
	at java.base/java.util.concurrent.ForkJoinPool.scan(ForkJoinPool.java:1656)
	at java.base/java.util.concurrent.ForkJoinPool.runWorker(ForkJoinPool.java:1594)
	at java.base/java.util.concurrent.ForkJoinWorkerThread.run(ForkJoinWorkerThread.java:183)
Caused by: org.eclipse.lsp4j.jsonrpc.JsonRpcException: java.io.IOException: 파이프가 닫히는 중입니다
	at org.eclipse.lsp4j.jsonrpc.json.StreamMessageConsumer.consume(StreamMessageConsumer.java:72)
	at org.eclipse.lsp4e.LanguageServerWrapper.lambda$4(LanguageServerWrapper.java:260)
	at org.eclipse.lsp4j.jsonrpc.RemoteEndpoint.request(RemoteEndpoint.java:161)
	at org.eclipse.lsp4j.jsonrpc.services.EndpointProxy.invoke(EndpointProxy.java:91)
	at com.sun.proxy.$Proxy49.shutdown(Unknown Source)
	at org.eclipse.lsp4e.LanguageServerWrapper.lambda$13(LanguageServerWrapper.java:423)
	... 7 more
Caused by: java.io.IOException: 파이프가 닫히는 중입니다
	at java.base/java.io.FileOutputStream.writeBytes(Native Method)
	at java.base/java.io.FileOutputStream.write(FileOutputStream.java:354)
	at java.base/java.io.BufferedOutputStream.flushBuffer(BufferedOutputStream.java:81)
	at java.base/java.io.BufferedOutputStream.flush(BufferedOutputStream.java:142)
	at org.eclipse.lsp4j.jsonrpc.json.StreamMessageConsumer.consume(StreamMessageConsumer.java:69)
	... 12 more

!ENTRY org.springframework.tooling.ls.eclipse.commons 1 0 2025-06-25 19:07:58.849
!MESSAGE Entering DelegatingStreamConnectionProvider()

!ENTRY org.springframework.tooling.ls.eclipse.commons 1 0 2025-06-25 19:07:58.849
!MESSAGE DelegatingStreamConnectionProvider classloader = org.eclipse.osgi.internal.loader.EquinoxClassLoader@500e5b3f[org.springframework.tooling.boot.ls:1.28.0.202109130547(id=1001)]

!ENTRY org.springframework.tooling.ls.eclipse.commons 1 0 2025-06-25 19:07:58.850
!MESSAGE SpringBootLanguageServer exists!

!ENTRY org.eclipse.lsp4e 4 0 2025-06-25 19:07:58.851
!MESSAGE org.eclipse.lsp4j.jsonrpc.JsonRpcException: java.io.IOException: 파이프가 닫히는 중입니다
!STACK 0
java.util.concurrent.ExecutionException: org.eclipse.lsp4j.jsonrpc.JsonRpcException: java.io.IOException: 파이프가 닫히는 중입니다
	at java.base/java.util.concurrent.CompletableFuture.reportGet(CompletableFuture.java:395)
	at java.base/java.util.concurrent.CompletableFuture.get(CompletableFuture.java:2028)
	at org.eclipse.lsp4e.LanguageServerWrapper.lambda$13(LanguageServerWrapper.java:425)
	at java.base/java.util.concurrent.CompletableFuture$AsyncRun.run(CompletableFuture.java:1736)
	at java.base/java.util.concurrent.CompletableFuture$AsyncRun.exec(CompletableFuture.java:1728)
	at java.base/java.util.concurrent.ForkJoinTask.doExec(ForkJoinTask.java:290)
	at java.base/java.util.concurrent.ForkJoinPool$WorkQueue.topLevelExec(ForkJoinPool.java:1020)
	at java.base/java.util.concurrent.ForkJoinPool.scan(ForkJoinPool.java:1656)
	at java.base/java.util.concurrent.ForkJoinPool.runWorker(ForkJoinPool.java:1594)
	at java.base/java.util.concurrent.ForkJoinWorkerThread.run(ForkJoinWorkerThread.java:183)
Caused by: org.eclipse.lsp4j.jsonrpc.JsonRpcException: java.io.IOException: 파이프가 닫히는 중입니다
	at org.eclipse.lsp4j.jsonrpc.json.StreamMessageConsumer.consume(StreamMessageConsumer.java:72)
	at org.eclipse.lsp4e.LanguageServerWrapper.lambda$4(LanguageServerWrapper.java:260)
	at org.eclipse.lsp4j.jsonrpc.RemoteEndpoint.request(RemoteEndpoint.java:161)
	at org.eclipse.lsp4j.jsonrpc.services.EndpointProxy.invoke(EndpointProxy.java:91)
	at com.sun.proxy.$Proxy49.shutdown(Unknown Source)
	at org.eclipse.lsp4e.LanguageServerWrapper.lambda$13(LanguageServerWrapper.java:423)
	... 7 more
Caused by: java.io.IOException: 파이프가 닫히는 중입니다
	at java.base/java.io.FileOutputStream.writeBytes(Native Method)
	at java.base/java.io.FileOutputStream.write(FileOutputStream.java:354)
	at java.base/java.io.BufferedOutputStream.flushBuffer(BufferedOutputStream.java:81)
	at java.base/java.io.BufferedOutputStream.flush(BufferedOutputStream.java:142)
	at org.eclipse.lsp4j.jsonrpc.json.StreamMessageConsumer.consume(StreamMessageConsumer.java:69)
	... 12 more

!ENTRY org.springframework.tooling.ls.eclipse.commons 1 0 2025-06-25 19:07:58.852
!MESSAGE Entering DelegatingStreamConnectionProvider()

!ENTRY org.springframework.tooling.ls.eclipse.commons 1 0 2025-06-25 19:07:58.852
!MESSAGE DelegatingStreamConnectionProvider classloader = org.eclipse.osgi.internal.loader.EquinoxClassLoader@500e5b3f[org.springframework.tooling.boot.ls:1.28.0.202109130547(id=1001)]

!ENTRY org.springframework.tooling.ls.eclipse.commons 1 0 2025-06-25 19:07:58.853
!MESSAGE SpringBootLanguageServer exists!

!ENTRY org.eclipse.lsp4e 4 0 2025-06-25 19:07:58.853
!MESSAGE org.eclipse.lsp4j.jsonrpc.JsonRpcException: java.io.IOException: 파이프가 닫히는 중입니다
!STACK 0
java.util.concurrent.ExecutionException: org.eclipse.lsp4j.jsonrpc.JsonRpcException: java.io.IOException: 파이프가 닫히는 중입니다
	at java.base/java.util.concurrent.CompletableFuture.reportGet(CompletableFuture.java:395)
	at java.base/java.util.concurrent.CompletableFuture.get(CompletableFuture.java:2028)
	at org.eclipse.lsp4e.LanguageServerWrapper.lambda$13(LanguageServerWrapper.java:425)
	at java.base/java.util.concurrent.CompletableFuture$AsyncRun.run(CompletableFuture.java:1736)
	at java.base/java.util.concurrent.CompletableFuture$AsyncRun.exec(CompletableFuture.java:1728)
	at java.base/java.util.concurrent.ForkJoinTask.doExec(ForkJoinTask.java:290)
	at java.base/java.util.concurrent.ForkJoinPool$WorkQueue.topLevelExec(ForkJoinPool.java:1020)
	at java.base/java.util.concurrent.ForkJoinPool.scan(ForkJoinPool.java:1656)
	at java.base/java.util.concurrent.ForkJoinPool.runWorker(ForkJoinPool.java:1594)
	at java.base/java.util.concurrent.ForkJoinWorkerThread.run(ForkJoinWorkerThread.java:183)
Caused by: org.eclipse.lsp4j.jsonrpc.JsonRpcException: java.io.IOException: 파이프가 닫히는 중입니다
	at org.eclipse.lsp4j.jsonrpc.json.StreamMessageConsumer.consume(StreamMessageConsumer.java:72)
	at org.eclipse.lsp4e.LanguageServerWrapper.lambda$4(LanguageServerWrapper.java:260)
	at org.eclipse.lsp4j.jsonrpc.RemoteEndpoint.request(RemoteEndpoint.java:161)
	at org.eclipse.lsp4j.jsonrpc.services.EndpointProxy.invoke(EndpointProxy.java:91)
	at com.sun.proxy.$Proxy49.shutdown(Unknown Source)
	at org.eclipse.lsp4e.LanguageServerWrapper.lambda$13(LanguageServerWrapper.java:423)
	... 7 more
Caused by: java.io.IOException: 파이프가 닫히는 중입니다
	at java.base/java.io.FileOutputStream.writeBytes(Native Method)
	at java.base/java.io.FileOutputStream.write(FileOutputStream.java:354)
	at java.base/java.io.BufferedOutputStream.flushBuffer(BufferedOutputStream.java:81)
	at java.base/java.io.BufferedOutputStream.flush(BufferedOutputStream.java:142)
	at org.eclipse.lsp4j.jsonrpc.json.StreamMessageConsumer.consume(StreamMessageConsumer.java:69)
	... 12 more

!ENTRY org.springframework.tooling.ls.eclipse.commons 1 0 2025-06-25 19:07:58.854
!MESSAGE Entering DelegatingStreamConnectionProvider()

!ENTRY org.springframework.tooling.ls.eclipse.commons 1 0 2025-06-25 19:07:58.854
!MESSAGE DelegatingStreamConnectionProvider classloader = org.eclipse.osgi.internal.loader.EquinoxClassLoader@500e5b3f[org.springframework.tooling.boot.ls:1.28.0.202109130547(id=1001)]

!ENTRY org.springframework.tooling.ls.eclipse.commons 1 0 2025-06-25 19:07:58.854
!MESSAGE SpringBootLanguageServer exists!

!ENTRY org.eclipse.lsp4e 4 0 2025-06-25 19:07:58.854
!MESSAGE org.eclipse.lsp4j.jsonrpc.JsonRpcException: java.io.IOException: 파이프가 닫히는 중입니다
!STACK 0
java.util.concurrent.ExecutionException: org.eclipse.lsp4j.jsonrpc.JsonRpcException: java.io.IOException: 파이프가 닫히는 중입니다
	at java.base/java.util.concurrent.CompletableFuture.reportGet(CompletableFuture.java:395)
	at java.base/java.util.concurrent.CompletableFuture.get(CompletableFuture.java:2028)
	at org.eclipse.lsp4e.LanguageServerWrapper.lambda$13(LanguageServerWrapper.java:425)
	at java.base/java.util.concurrent.CompletableFuture$AsyncRun.run(CompletableFuture.java:1736)
	at java.base/java.util.concurrent.CompletableFuture$AsyncRun.exec(CompletableFuture.java:1728)
	at java.base/java.util.concurrent.ForkJoinTask.doExec(ForkJoinTask.java:290)
	at java.base/java.util.concurrent.ForkJoinPool$WorkQueue.topLevelExec(ForkJoinPool.java:1020)
	at java.base/java.util.concurrent.ForkJoinPool.scan(ForkJoinPool.java:1656)
	at java.base/java.util.concurrent.ForkJoinPool.runWorker(ForkJoinPool.java:1594)
	at java.base/java.util.concurrent.ForkJoinWorkerThread.run(ForkJoinWorkerThread.java:183)
Caused by: org.eclipse.lsp4j.jsonrpc.JsonRpcException: java.io.IOException: 파이프가 닫히는 중입니다
	at org.eclipse.lsp4j.jsonrpc.json.StreamMessageConsumer.consume(StreamMessageConsumer.java:72)
	at org.eclipse.lsp4e.LanguageServerWrapper.lambda$4(LanguageServerWrapper.java:260)
	at org.eclipse.lsp4j.jsonrpc.RemoteEndpoint.request(RemoteEndpoint.java:161)
	at org.eclipse.lsp4j.jsonrpc.services.EndpointProxy.invoke(EndpointProxy.java:91)
	at com.sun.proxy.$Proxy49.shutdown(Unknown Source)
	at org.eclipse.lsp4e.LanguageServerWrapper.lambda$13(LanguageServerWrapper.java:423)
	... 7 more
Caused by: java.io.IOException: 파이프가 닫히는 중입니다
	at java.base/java.io.FileOutputStream.writeBytes(Native Method)
	at java.base/java.io.FileOutputStream.write(FileOutputStream.java:354)
	at java.base/java.io.BufferedOutputStream.flushBuffer(BufferedOutputStream.java:81)
	at java.base/java.io.BufferedOutputStream.flush(BufferedOutputStream.java:142)
	at org.eclipse.lsp4j.jsonrpc.json.StreamMessageConsumer.consume(StreamMessageConsumer.java:69)
	... 12 more

!ENTRY org.springframework.tooling.ls.eclipse.commons 1 0 2025-06-25 19:07:58.856
!MESSAGE Entering DelegatingStreamConnectionProvider()

!ENTRY org.springframework.tooling.ls.eclipse.commons 1 0 2025-06-25 19:07:58.856
!MESSAGE DelegatingStreamConnectionProvider classloader = org.eclipse.osgi.internal.loader.EquinoxClassLoader@500e5b3f[org.springframework.tooling.boot.ls:1.28.0.202109130547(id=1001)]

!ENTRY org.springframework.tooling.ls.eclipse.commons 1 0 2025-06-25 19:07:58.856
!MESSAGE SpringBootLanguageServer exists!

!ENTRY org.eclipse.lsp4e 4 0 2025-06-25 19:07:58.865
!MESSAGE org.eclipse.lsp4j.jsonrpc.JsonRpcException: java.io.IOException: 파이프가 닫히는 중입니다
!STACK 0
java.util.concurrent.ExecutionException: org.eclipse.lsp4j.jsonrpc.JsonRpcException: java.io.IOException: 파이프가 닫히는 중입니다
	at java.base/java.util.concurrent.CompletableFuture.reportGet(CompletableFuture.java:395)
	at java.base/java.util.concurrent.CompletableFuture.get(CompletableFuture.java:2028)
	at org.eclipse.lsp4e.LanguageServerWrapper.lambda$13(LanguageServerWrapper.java:425)
	at java.base/java.util.concurrent.CompletableFuture$AsyncRun.run(CompletableFuture.java:1736)
	at java.base/java.util.concurrent.CompletableFuture$AsyncRun.exec(CompletableFuture.java:1728)
	at java.base/java.util.concurrent.ForkJoinTask.doExec(ForkJoinTask.java:290)
	at java.base/java.util.concurrent.ForkJoinPool$WorkQueue.topLevelExec(ForkJoinPool.java:1020)
	at java.base/java.util.concurrent.ForkJoinPool.scan(ForkJoinPool.java:1656)
	at java.base/java.util.concurrent.ForkJoinPool.runWorker(ForkJoinPool.java:1594)
	at java.base/java.util.concurrent.ForkJoinWorkerThread.run(ForkJoinWorkerThread.java:183)
Caused by: org.eclipse.lsp4j.jsonrpc.JsonRpcException: java.io.IOException: 파이프가 닫히는 중입니다
	at org.eclipse.lsp4j.jsonrpc.json.StreamMessageConsumer.consume(StreamMessageConsumer.java:72)
	at org.eclipse.lsp4e.LanguageServerWrapper.lambda$4(LanguageServerWrapper.java:260)
	at org.eclipse.lsp4j.jsonrpc.RemoteEndpoint.request(RemoteEndpoint.java:161)
	at org.eclipse.lsp4j.jsonrpc.services.EndpointProxy.invoke(EndpointProxy.java:91)
	at com.sun.proxy.$Proxy49.shutdown(Unknown Source)
	at org.eclipse.lsp4e.LanguageServerWrapper.lambda$13(LanguageServerWrapper.java:423)
	... 7 more
Caused by: java.io.IOException: 파이프가 닫히는 중입니다
	at java.base/java.io.FileOutputStream.writeBytes(Native Method)
	at java.base/java.io.FileOutputStream.write(FileOutputStream.java:354)
	at java.base/java.io.BufferedOutputStream.flushBuffer(BufferedOutputStream.java:81)
	at java.base/java.io.BufferedOutputStream.flush(BufferedOutputStream.java:142)
	at org.eclipse.lsp4j.jsonrpc.json.StreamMessageConsumer.consume(StreamMessageConsumer.java:69)
	... 12 more

!ENTRY org.springframework.tooling.ls.eclipse.commons 1 0 2025-06-25 19:07:58.865
!MESSAGE Entering DelegatingStreamConnectionProvider()

!ENTRY org.springframework.tooling.ls.eclipse.commons 1 0 2025-06-25 19:07:58.865
!MESSAGE DelegatingStreamConnectionProvider classloader = org.eclipse.osgi.internal.loader.EquinoxClassLoader@500e5b3f[org.springframework.tooling.boot.ls:1.28.0.202109130547(id=1001)]

!ENTRY org.springframework.tooling.ls.eclipse.commons 1 0 2025-06-25 19:07:58.866
!MESSAGE SpringBootLanguageServer exists!

!ENTRY org.eclipse.lsp4e 4 0 2025-06-25 19:07:58.866
!MESSAGE org.eclipse.lsp4j.jsonrpc.JsonRpcException: java.io.IOException: 파이프가 닫히는 중입니다
!STACK 0
java.util.concurrent.ExecutionException: org.eclipse.lsp4j.jsonrpc.JsonRpcException: java.io.IOException: 파이프가 닫히는 중입니다
	at java.base/java.util.concurrent.CompletableFuture.reportGet(CompletableFuture.java:395)
	at java.base/java.util.concurrent.CompletableFuture.get(CompletableFuture.java:2028)
	at org.eclipse.lsp4e.LanguageServerWrapper.lambda$13(LanguageServerWrapper.java:425)
	at java.base/java.util.concurrent.CompletableFuture$AsyncRun.run(CompletableFuture.java:1736)
	at java.base/java.util.concurrent.CompletableFuture$AsyncRun.exec(CompletableFuture.java:1728)
	at java.base/java.util.concurrent.ForkJoinTask.doExec(ForkJoinTask.java:290)
	at java.base/java.util.concurrent.ForkJoinPool$WorkQueue.topLevelExec(ForkJoinPool.java:1020)
	at java.base/java.util.concurrent.ForkJoinPool.scan(ForkJoinPool.java:1656)
	at java.base/java.util.concurrent.ForkJoinPool.runWorker(ForkJoinPool.java:1594)
	at java.base/java.util.concurrent.ForkJoinWorkerThread.run(ForkJoinWorkerThread.java:183)
Caused by: org.eclipse.lsp4j.jsonrpc.JsonRpcException: java.io.IOException: 파이프가 닫히는 중입니다
	at org.eclipse.lsp4j.jsonrpc.json.StreamMessageConsumer.consume(StreamMessageConsumer.java:72)
	at org.eclipse.lsp4e.LanguageServerWrapper.lambda$4(LanguageServerWrapper.java:260)
	at org.eclipse.lsp4j.jsonrpc.RemoteEndpoint.request(RemoteEndpoint.java:161)
	at org.eclipse.lsp4j.jsonrpc.services.EndpointProxy.invoke(EndpointProxy.java:91)
	at com.sun.proxy.$Proxy49.shutdown(Unknown Source)
	at org.eclipse.lsp4e.LanguageServerWrapper.lambda$13(LanguageServerWrapper.java:423)
	... 7 more
Caused by: java.io.IOException: 파이프가 닫히는 중입니다
	at java.base/java.io.FileOutputStream.writeBytes(Native Method)
	at java.base/java.io.FileOutputStream.write(FileOutputStream.java:354)
	at java.base/java.io.BufferedOutputStream.flushBuffer(BufferedOutputStream.java:81)
	at java.base/java.io.BufferedOutputStream.flush(BufferedOutputStream.java:142)
	at org.eclipse.lsp4j.jsonrpc.json.StreamMessageConsumer.consume(StreamMessageConsumer.java:69)
	... 12 more

!ENTRY org.springframework.tooling.ls.eclipse.commons 1 0 2025-06-25 19:07:58.866
!MESSAGE Entering DelegatingStreamConnectionProvider()

!ENTRY org.springframework.tooling.ls.eclipse.commons 1 0 2025-06-25 19:07:58.868
!MESSAGE DelegatingStreamConnectionProvider classloader = org.eclipse.osgi.internal.loader.EquinoxClassLoader@500e5b3f[org.springframework.tooling.boot.ls:1.28.0.202109130547(id=1001)]

!ENTRY org.springframework.tooling.ls.eclipse.commons 1 0 2025-06-25 19:07:58.868
!MESSAGE SpringBootLanguageServer exists!

!ENTRY org.eclipse.lsp4e 4 0 2025-06-25 19:07:58.871
!MESSAGE org.eclipse.lsp4j.jsonrpc.JsonRpcException: java.io.IOException: 파이프가 닫히는 중입니다
!STACK 0
java.util.concurrent.ExecutionException: org.eclipse.lsp4j.jsonrpc.JsonRpcException: java.io.IOException: 파이프가 닫히는 중입니다
	at java.base/java.util.concurrent.CompletableFuture.reportGet(CompletableFuture.java:395)
	at java.base/java.util.concurrent.CompletableFuture.get(CompletableFuture.java:2028)
	at org.eclipse.lsp4e.LanguageServerWrapper.lambda$13(LanguageServerWrapper.java:425)
	at java.base/java.util.concurrent.CompletableFuture$AsyncRun.run(CompletableFuture.java:1736)
	at java.base/java.util.concurrent.CompletableFuture$AsyncRun.exec(CompletableFuture.java:1728)
	at java.base/java.util.concurrent.ForkJoinTask.doExec(ForkJoinTask.java:290)
	at java.base/java.util.concurrent.ForkJoinPool$WorkQueue.topLevelExec(ForkJoinPool.java:1020)
	at java.base/java.util.concurrent.ForkJoinPool.scan(ForkJoinPool.java:1656)
	at java.base/java.util.concurrent.ForkJoinPool.runWorker(ForkJoinPool.java:1594)
	at java.base/java.util.concurrent.ForkJoinWorkerThread.run(ForkJoinWorkerThread.java:183)
Caused by: org.eclipse.lsp4j.jsonrpc.JsonRpcException: java.io.IOException: 파이프가 닫히는 중입니다
	at org.eclipse.lsp4j.jsonrpc.json.StreamMessageConsumer.consume(StreamMessageConsumer.java:72)
	at org.eclipse.lsp4e.LanguageServerWrapper.lambda$4(LanguageServerWrapper.java:260)
	at org.eclipse.lsp4j.jsonrpc.RemoteEndpoint.request(RemoteEndpoint.java:161)
	at org.eclipse.lsp4j.jsonrpc.services.EndpointProxy.invoke(EndpointProxy.java:91)
	at com.sun.proxy.$Proxy49.shutdown(Unknown Source)
	at org.eclipse.lsp4e.LanguageServerWrapper.lambda$13(LanguageServerWrapper.java:423)
	... 7 more
Caused by: java.io.IOException: 파이프가 닫히는 중입니다
	at java.base/java.io.FileOutputStream.writeBytes(Native Method)
	at java.base/java.io.FileOutputStream.write(FileOutputStream.java:354)
	at java.base/java.io.BufferedOutputStream.flushBuffer(BufferedOutputStream.java:81)
	at java.base/java.io.BufferedOutputStream.flush(BufferedOutputStream.java:142)
	at org.eclipse.lsp4j.jsonrpc.json.StreamMessageConsumer.consume(StreamMessageConsumer.java:69)
	... 12 more

!ENTRY org.springframework.tooling.ls.eclipse.commons 1 0 2025-06-25 19:07:58.872
!MESSAGE Entering DelegatingStreamConnectionProvider()

!ENTRY org.springframework.tooling.ls.eclipse.commons 1 0 2025-06-25 19:07:58.872
!MESSAGE DelegatingStreamConnectionProvider classloader = org.eclipse.osgi.internal.loader.EquinoxClassLoader@500e5b3f[org.springframework.tooling.boot.ls:1.28.0.202109130547(id=1001)]

!ENTRY org.springframework.tooling.ls.eclipse.commons 1 0 2025-06-25 19:07:58.872
!MESSAGE SpringBootLanguageServer exists!

!ENTRY org.springframework.tooling.ls.eclipse.commons 1 0 2025-06-25 19:08:00.013
!MESSAGE Boot LS startup time from start to initialized: 1205ms

!ENTRY org.springframework.tooling.ls.eclipse.commons 1 0 2025-06-25 19:08:00.069
!MESSAGE ClasspathListenerHandler addClasspathListener sts4.classpath.fpUyyZiQisBatched = true

!ENTRY org.springframework.tooling.ls.eclipse.commons 1 0 2025-06-25 19:08:00.069
!MESSAGE Setting up ClasspathListenerManager

!ENTRY org.springframework.tooling.ls.eclipse.commons 1 0 2025-06-25 19:08:00.070
!MESSAGE Scheduling initial event for all projects ...

!ENTRY org.springframework.tooling.ls.eclipse.commons 1 0 2025-06-25 19:08:00.070
!MESSAGE Scheduling initial event for all projects DONE

!ENTRY org.springframework.tooling.ls.eclipse.commons 1 0 2025-06-25 19:08:00.070
!MESSAGE exists = true open = true => deleted = false

!ENTRY org.springframework.tooling.ls.eclipse.commons 1 0 2025-06-25 19:08:00.070
!MESSAGE ClasspathListenerHandler addClasspathListener sts4.classpath.fpUyyZiQ => OK

!ENTRY org.springframework.tooling.ls.eclipse.commons 1 0 2025-06-25 19:08:00.072
!MESSAGE classpath=79 entries

!ENTRY org.springframework.tooling.ls.eclipse.commons 1 0 2025-06-25 19:08:00.074
!MESSAGE buffering callback sts4.classpath.fpUyyZiQ MapperExam false 79

!ENTRY org.springframework.tooling.ls.eclipse.commons 1 0 2025-06-25 19:08:00.074
!MESSAGE executing callback sts4.classpath.fpUyyZiQ 1 batched events

!ENTRY org.springframework.tooling.ls.eclipse.commons 1 0 2025-06-25 19:08:00.307
!MESSAGE executing callback sts4.classpath.fpUyyZiQ SUCCESS [done]

!ENTRY org.eclipse.lsp4e 4 0 2025-06-25 19:08:00.330
!MESSAGE org.eclipse.lsp4j.jsonrpc.JsonRpcException: java.io.IOException: 파이프가 닫히는 중입니다
!STACK 0
java.util.concurrent.ExecutionException: org.eclipse.lsp4j.jsonrpc.JsonRpcException: java.io.IOException: 파이프가 닫히는 중입니다
	at java.base/java.util.concurrent.CompletableFuture.reportGet(CompletableFuture.java:395)
	at java.base/java.util.concurrent.CompletableFuture.get(CompletableFuture.java:2028)
	at org.eclipse.lsp4e.LanguageServerWrapper.lambda$13(LanguageServerWrapper.java:425)
	at java.base/java.util.concurrent.CompletableFuture$AsyncRun.run(CompletableFuture.java:1736)
	at java.base/java.util.concurrent.CompletableFuture$AsyncRun.exec(CompletableFuture.java:1728)
	at java.base/java.util.concurrent.ForkJoinTask.doExec(ForkJoinTask.java:290)
	at java.base/java.util.concurrent.ForkJoinPool$WorkQueue.topLevelExec(ForkJoinPool.java:1020)
	at java.base/java.util.concurrent.ForkJoinPool.scan(ForkJoinPool.java:1656)
	at java.base/java.util.concurrent.ForkJoinPool.runWorker(ForkJoinPool.java:1594)
	at java.base/java.util.concurrent.ForkJoinWorkerThread.run(ForkJoinWorkerThread.java:183)
Caused by: org.eclipse.lsp4j.jsonrpc.JsonRpcException: java.io.IOException: 파이프가 닫히는 중입니다
	at org.eclipse.lsp4j.jsonrpc.json.StreamMessageConsumer.consume(StreamMessageConsumer.java:72)
	at org.eclipse.lsp4e.LanguageServerWrapper.lambda$4(LanguageServerWrapper.java:260)
	at org.eclipse.lsp4j.jsonrpc.RemoteEndpoint.request(RemoteEndpoint.java:161)
	at org.eclipse.lsp4j.jsonrpc.services.EndpointProxy.invoke(EndpointProxy.java:91)
	at com.sun.proxy.$Proxy49.shutdown(Unknown Source)
	at org.eclipse.lsp4e.LanguageServerWrapper.lambda$13(LanguageServerWrapper.java:423)
	... 7 more
Caused by: java.io.IOException: 파이프가 닫히는 중입니다
	at java.base/java.io.FileOutputStream.writeBytes(Native Method)
	at java.base/java.io.FileOutputStream.write(FileOutputStream.java:354)
	at java.base/java.io.BufferedOutputStream.flushBuffer(BufferedOutputStream.java:81)
	at java.base/java.io.BufferedOutputStream.flush(BufferedOutputStream.java:142)
	at org.eclipse.lsp4j.jsonrpc.json.StreamMessageConsumer.consume(StreamMessageConsumer.java:69)
	... 12 more

!ENTRY org.eclipse.lsp4e 4 0 2025-06-25 19:08:00.331
!MESSAGE java.util.concurrent.CancellationException
!STACK 0
java.util.concurrent.ExecutionException: java.util.concurrent.CancellationException
	at java.base/java.util.concurrent.CompletableFuture.reportGet(CompletableFuture.java:395)
	at java.base/java.util.concurrent.CompletableFuture.get(CompletableFuture.java:2028)
	at org.eclipse.lsp4e.LanguageServerWrapper.getServerCapabilities(LanguageServerWrapper.java:699)
	at org.eclipse.lsp4e.LanguageServiceAccessor.lambda$15(LanguageServiceAccessor.java:590)
	at java.base/java.util.concurrent.CompletableFuture$UniCompose.tryFire(CompletableFuture.java:1072)
	at java.base/java.util.concurrent.CompletableFuture$Completion.exec(CompletableFuture.java:479)
	at java.base/java.util.concurrent.ForkJoinTask.doExec(ForkJoinTask.java:290)
	at java.base/java.util.concurrent.ForkJoinPool$WorkQueue.topLevelExec(ForkJoinPool.java:1020)
	at java.base/java.util.concurrent.ForkJoinPool.scan(ForkJoinPool.java:1656)
	at java.base/java.util.concurrent.ForkJoinPool.runWorker(ForkJoinPool.java:1594)
	at java.base/java.util.concurrent.ForkJoinWorkerThread.run(ForkJoinWorkerThread.java:183)
Caused by: java.util.concurrent.CancellationException
	at java.base/java.util.concurrent.CompletableFuture.cancel(CompletableFuture.java:2402)
	at org.eclipse.lsp4e.LanguageServerWrapper.stop(LanguageServerWrapper.java:410)
	at org.eclipse.lsp4e.LanguageServerWrapper.start(LanguageServerWrapper.java:212)
	at org.eclipse.lsp4e.LanguageServerWrapper.getInitializedServer(LanguageServerWrapper.java:667)
	at org.eclipse.lsp4e.LanguageServiceAccessor.lambda$14(LanguageServiceAccessor.java:589)
	at java.base/java.util.stream.ReferencePipeline$3$1.accept(ReferencePipeline.java:195)
	at java.base/java.util.Iterator.forEachRemaining(Iterator.java:133)
	at java.base/java.util.Spliterators$IteratorSpliterator.forEachRemaining(Spliterators.java:1801)
	at java.base/java.util.stream.AbstractPipeline.copyInto(AbstractPipeline.java:484)
	at java.base/java.util.stream.AbstractPipeline.wrapAndCopyInto(AbstractPipeline.java:474)
	at java.base/java.util.stream.AbstractPipeline.evaluate(AbstractPipeline.java:550)
	at java.base/java.util.stream.AbstractPipeline.evaluateToArrayNode(AbstractPipeline.java:260)
	at java.base/java.util.stream.ReferencePipeline.toArray(ReferencePipeline.java:517)
	at org.eclipse.lsp4e.LanguageServiceAccessor.getLanguageServers(LanguageServiceAccessor.java:602)
	at org.eclipse.lsp4e.operations.codelens.CodeLensProvider.provideCodeMinings(CodeLensProvider.java:41)
	at org.eclipse.lsp4e.operations.codelens.CodeLensProvider.provideCodeMinings(CodeLensProvider.java:73)
	at org.eclipse.jface.internal.text.codemining.CodeMiningManager.lambda$2(CodeMiningManager.java:189)
	at java.base/java.util.stream.ReferencePipeline$3$1.accept(ReferencePipeline.java:195)
	at java.base/java.util.Spliterators$ArraySpliterator.forEachRemaining(Spliterators.java:948)
	at java.base/java.util.stream.AbstractPipeline.copyInto(AbstractPipeline.java:484)
	at java.base/java.util.stream.AbstractPipeline.wrapAndCopyInto(AbstractPipeline.java:474)
	at java.base/java.util.stream.ReduceOps$ReduceOp.evaluateSequential(ReduceOps.java:913)
	at java.base/java.util.stream.AbstractPipeline.evaluate(AbstractPipeline.java:234)
	at java.base/java.util.stream.ReferencePipeline.collect(ReferencePipeline.java:578)
	at org.eclipse.jface.internal.text.codemining.CodeMiningManager.getCodeMinings(CodeMiningManager.java:195)
	at org.eclipse.jface.internal.text.codemining.CodeMiningManager.updateCodeMinings(CodeMiningManager.java:140)
	at org.eclipse.jface.internal.text.codemining.CodeMiningManager.run(CodeMiningManager.java:129)
	at org.eclipse.jface.text.source.SourceViewer.updateCodeMinings(SourceViewer.java:1313)
	at org.springframework.tooling.ls.eclipse.commons.STS4LanguageClientImpl.lambda$9(STS4LanguageClientImpl.java:409)
	at org.springframework.tooling.jdt.ls.commons.classpath.ReusableClasspathListenerHandler$CallbackJob.lambda$0(ReusableClasspathListenerHandler.java:77)
	at java.base/java.lang.Iterable.forEach(Iterable.java:75)
	at org.springframework.tooling.jdt.ls.commons.classpath.ReusableClasspathListenerHandler$CallbackJob.run(ReusableClasspathListenerHandler.java:77)
	at org.eclipse.core.internal.jobs.Worker.run(Worker.java:63)

!ENTRY org.springframework.tooling.ls.eclipse.commons 1 0 2025-06-25 19:08:00.331
!MESSAGE Entering DelegatingStreamConnectionProvider()

!ENTRY org.eclipse.lsp4e 4 0 2025-06-25 19:08:00.332
!MESSAGE org.eclipse.lsp4j.jsonrpc.JsonRpcException: java.io.IOException: 파이프가 닫히는 중입니다
!STACK 0
java.util.concurrent.ExecutionException: org.eclipse.lsp4j.jsonrpc.JsonRpcException: java.io.IOException: 파이프가 닫히는 중입니다
	at java.base/java.util.concurrent.CompletableFuture.reportGet(CompletableFuture.java:395)
	at java.base/java.util.concurrent.CompletableFuture.get(CompletableFuture.java:2028)
	at org.eclipse.lsp4e.LanguageServerWrapper.lambda$13(LanguageServerWrapper.java:425)
	at java.base/java.util.concurrent.CompletableFuture$AsyncRun.run(CompletableFuture.java:1736)
	at java.base/java.util.concurrent.CompletableFuture$AsyncRun.exec(CompletableFuture.java:1728)
	at java.base/java.util.concurrent.ForkJoinTask.doExec(ForkJoinTask.java:290)
	at java.base/java.util.concurrent.ForkJoinPool$WorkQueue.topLevelExec(ForkJoinPool.java:1020)
	at java.base/java.util.concurrent.ForkJoinPool.scan(ForkJoinPool.java:1656)
	at java.base/java.util.concurrent.ForkJoinPool.runWorker(ForkJoinPool.java:1594)
	at java.base/java.util.concurrent.ForkJoinWorkerThread.run(ForkJoinWorkerThread.java:183)
Caused by: org.eclipse.lsp4j.jsonrpc.JsonRpcException: java.io.IOException: 파이프가 닫히는 중입니다
	at org.eclipse.lsp4j.jsonrpc.json.StreamMessageConsumer.consume(StreamMessageConsumer.java:72)
	at org.eclipse.lsp4e.LanguageServerWrapper.lambda$4(LanguageServerWrapper.java:260)
	at org.eclipse.lsp4j.jsonrpc.RemoteEndpoint.request(RemoteEndpoint.java:161)
	at org.eclipse.lsp4j.jsonrpc.services.EndpointProxy.invoke(EndpointProxy.java:91)
	at com.sun.proxy.$Proxy49.shutdown(Unknown Source)
	at org.eclipse.lsp4e.LanguageServerWrapper.lambda$13(LanguageServerWrapper.java:423)
	... 7 more
Caused by: java.io.IOException: 파이프가 닫히는 중입니다
	at java.base/java.io.FileOutputStream.writeBytes(Native Method)
	at java.base/java.io.FileOutputStream.write(FileOutputStream.java:354)
	at java.base/java.io.BufferedOutputStream.flushBuffer(BufferedOutputStream.java:81)
	at java.base/java.io.BufferedOutputStream.flush(BufferedOutputStream.java:142)
	at org.eclipse.lsp4j.jsonrpc.json.StreamMessageConsumer.consume(StreamMessageConsumer.java:69)
	... 12 more

!ENTRY org.eclipse.lsp4e 4 0 2025-06-25 19:08:00.332
!MESSAGE org.eclipse.lsp4j.jsonrpc.JsonRpcException: java.io.IOException: 파이프가 닫히는 중입니다
!STACK 0
java.util.concurrent.ExecutionException: org.eclipse.lsp4j.jsonrpc.JsonRpcException: java.io.IOException: 파이프가 닫히는 중입니다
	at java.base/java.util.concurrent.CompletableFuture.reportGet(CompletableFuture.java:395)
	at java.base/java.util.concurrent.CompletableFuture.get(CompletableFuture.java:2028)
	at org.eclipse.lsp4e.LanguageServerWrapper.lambda$13(LanguageServerWrapper.java:425)
	at java.base/java.util.concurrent.CompletableFuture$AsyncRun.run(CompletableFuture.java:1736)
	at java.base/java.util.concurrent.CompletableFuture$AsyncRun.exec(CompletableFuture.java:1728)
	at java.base/java.util.concurrent.ForkJoinTask.doExec(ForkJoinTask.java:290)
	at java.base/java.util.concurrent.ForkJoinPool$WorkQueue.topLevelExec(ForkJoinPool.java:1020)
	at java.base/java.util.concurrent.ForkJoinPool.scan(ForkJoinPool.java:1656)
	at java.base/java.util.concurrent.ForkJoinPool.runWorker(ForkJoinPool.java:1594)
	at java.base/java.util.concurrent.ForkJoinWorkerThread.run(ForkJoinWorkerThread.java:183)
Caused by: org.eclipse.lsp4j.jsonrpc.JsonRpcException: java.io.IOException: 파이프가 닫히는 중입니다
	at org.eclipse.lsp4j.jsonrpc.json.StreamMessageConsumer.consume(StreamMessageConsumer.java:72)
	at org.eclipse.lsp4e.LanguageServerWrapper.lambda$4(LanguageServerWrapper.java:260)
	at org.eclipse.lsp4j.jsonrpc.RemoteEndpoint.request(RemoteEndpoint.java:161)
	at org.eclipse.lsp4j.jsonrpc.services.EndpointProxy.invoke(EndpointProxy.java:91)
	at com.sun.proxy.$Proxy49.shutdown(Unknown Source)
	at org.eclipse.lsp4e.LanguageServerWrapper.lambda$13(LanguageServerWrapper.java:423)
	... 7 more
Caused by: java.io.IOException: 파이프가 닫히는 중입니다
	at java.base/java.io.FileOutputStream.writeBytes(Native Method)
	at java.base/java.io.FileOutputStream.write(FileOutputStream.java:354)
	at java.base/java.io.BufferedOutputStream.flushBuffer(BufferedOutputStream.java:81)
	at java.base/java.io.BufferedOutputStream.flush(BufferedOutputStream.java:142)
	at org.eclipse.lsp4j.jsonrpc.json.StreamMessageConsumer.consume(StreamMessageConsumer.java:69)
	... 12 more

!ENTRY org.springframework.tooling.ls.eclipse.commons 1 0 2025-06-25 19:08:00.332
!MESSAGE Entering DelegatingStreamConnectionProvider()

!ENTRY org.springframework.tooling.ls.eclipse.commons 1 0 2025-06-25 19:08:00.333
!MESSAGE Entering DelegatingStreamConnectionProvider()

!ENTRY org.eclipse.lsp4e 4 0 2025-06-25 19:08:00.333
!MESSAGE org.eclipse.lsp4j.jsonrpc.JsonRpcException: java.io.IOException: 파이프가 닫히는 중입니다
!STACK 0
java.util.concurrent.ExecutionException: org.eclipse.lsp4j.jsonrpc.JsonRpcException: java.io.IOException: 파이프가 닫히는 중입니다
	at java.base/java.util.concurrent.CompletableFuture.reportGet(CompletableFuture.java:395)
	at java.base/java.util.concurrent.CompletableFuture.get(CompletableFuture.java:2028)
	at org.eclipse.lsp4e.LanguageServerWrapper.lambda$13(LanguageServerWrapper.java:425)
	at java.base/java.util.concurrent.CompletableFuture$AsyncRun.run(CompletableFuture.java:1736)
	at java.base/java.util.concurrent.CompletableFuture$AsyncRun.exec(CompletableFuture.java:1728)
	at java.base/java.util.concurrent.ForkJoinTask.doExec(ForkJoinTask.java:290)
	at java.base/java.util.concurrent.ForkJoinPool$WorkQueue.topLevelExec(ForkJoinPool.java:1020)
	at java.base/java.util.concurrent.ForkJoinPool.scan(ForkJoinPool.java:1656)
	at java.base/java.util.concurrent.ForkJoinPool.runWorker(ForkJoinPool.java:1594)
	at java.base/java.util.concurrent.ForkJoinWorkerThread.run(ForkJoinWorkerThread.java:183)
Caused by: org.eclipse.lsp4j.jsonrpc.JsonRpcException: java.io.IOException: 파이프가 닫히는 중입니다
	at org.eclipse.lsp4j.jsonrpc.json.StreamMessageConsumer.consume(StreamMessageConsumer.java:72)
	at org.eclipse.lsp4e.LanguageServerWrapper.lambda$4(LanguageServerWrapper.java:260)
	at org.eclipse.lsp4j.jsonrpc.RemoteEndpoint.request(RemoteEndpoint.java:161)
	at org.eclipse.lsp4j.jsonrpc.services.EndpointProxy.invoke(EndpointProxy.java:91)
	at com.sun.proxy.$Proxy49.shutdown(Unknown Source)
	at org.eclipse.lsp4e.LanguageServerWrapper.lambda$13(LanguageServerWrapper.java:423)
	... 7 more
Caused by: java.io.IOException: 파이프가 닫히는 중입니다
	at java.base/java.io.FileOutputStream.writeBytes(Native Method)
	at java.base/java.io.FileOutputStream.write(FileOutputStream.java:354)
	at java.base/java.io.BufferedOutputStream.flushBuffer(BufferedOutputStream.java:81)
	at java.base/java.io.BufferedOutputStream.flush(BufferedOutputStream.java:142)
	at org.eclipse.lsp4j.jsonrpc.json.StreamMessageConsumer.consume(StreamMessageConsumer.java:69)
	... 12 more

!ENTRY org.springframework.tooling.ls.eclipse.commons 1 0 2025-06-25 19:08:00.334
!MESSAGE Entering DelegatingStreamConnectionProvider()

!ENTRY org.springframework.tooling.ls.eclipse.commons 1 0 2025-06-25 19:08:00.335
!MESSAGE DelegatingStreamConnectionProvider classloader = org.eclipse.osgi.internal.loader.EquinoxClassLoader@500e5b3f[org.springframework.tooling.boot.ls:1.28.0.202109130547(id=1001)]

!ENTRY org.springframework.tooling.ls.eclipse.commons 1 0 2025-06-25 19:08:00.335
!MESSAGE SpringBootLanguageServer exists!

!ENTRY org.springframework.tooling.ls.eclipse.commons 1 0 2025-06-25 19:08:00.335
!MESSAGE DelegatingStreamConnectionProvider classloader = org.eclipse.osgi.internal.loader.EquinoxClassLoader@500e5b3f[org.springframework.tooling.boot.ls:1.28.0.202109130547(id=1001)]

!ENTRY org.springframework.tooling.ls.eclipse.commons 1 0 2025-06-25 19:08:00.336
!MESSAGE SpringBootLanguageServer exists!

!ENTRY org.springframework.tooling.ls.eclipse.commons 1 0 2025-06-25 19:08:00.336
!MESSAGE Entering DelegatingStreamConnectionProvider()

!ENTRY org.eclipse.lsp4e 4 0 2025-06-25 19:08:00.337
!MESSAGE org.eclipse.lsp4j.jsonrpc.JsonRpcException: java.io.IOException: 파이프가 닫히는 중입니다
!STACK 0
java.util.concurrent.ExecutionException: org.eclipse.lsp4j.jsonrpc.JsonRpcException: java.io.IOException: 파이프가 닫히는 중입니다
	at java.base/java.util.concurrent.CompletableFuture.reportGet(CompletableFuture.java:395)
	at java.base/java.util.concurrent.CompletableFuture.get(CompletableFuture.java:2028)
	at org.eclipse.lsp4e.LanguageServerWrapper.lambda$13(LanguageServerWrapper.java:425)
	at java.base/java.util.concurrent.CompletableFuture$AsyncRun.run(CompletableFuture.java:1736)
	at java.base/java.util.concurrent.CompletableFuture$AsyncRun.exec(CompletableFuture.java:1728)
	at java.base/java.util.concurrent.ForkJoinTask.doExec(ForkJoinTask.java:290)
	at java.base/java.util.concurrent.ForkJoinPool$WorkQueue.topLevelExec(ForkJoinPool.java:1020)
	at java.base/java.util.concurrent.ForkJoinPool.scan(ForkJoinPool.java:1656)
	at java.base/java.util.concurrent.ForkJoinPool.runWorker(ForkJoinPool.java:1594)
	at java.base/java.util.concurrent.ForkJoinWorkerThread.run(ForkJoinWorkerThread.java:183)
Caused by: org.eclipse.lsp4j.jsonrpc.JsonRpcException: java.io.IOException: 파이프가 닫히는 중입니다
	at org.eclipse.lsp4j.jsonrpc.json.StreamMessageConsumer.consume(StreamMessageConsumer.java:72)
	at org.eclipse.lsp4e.LanguageServerWrapper.lambda$4(LanguageServerWrapper.java:260)
	at org.eclipse.lsp4j.jsonrpc.RemoteEndpoint.request(RemoteEndpoint.java:161)
	at org.eclipse.lsp4j.jsonrpc.services.EndpointProxy.invoke(EndpointProxy.java:91)
	at com.sun.proxy.$Proxy49.shutdown(Unknown Source)
	at org.eclipse.lsp4e.LanguageServerWrapper.lambda$13(LanguageServerWrapper.java:423)
	... 7 more
Caused by: java.io.IOException: 파이프가 닫히는 중입니다
	at java.base/java.io.FileOutputStream.writeBytes(Native Method)
	at java.base/java.io.FileOutputStream.write(FileOutputStream.java:354)
	at java.base/java.io.BufferedOutputStream.flushBuffer(BufferedOutputStream.java:81)
	at java.base/java.io.BufferedOutputStream.flush(BufferedOutputStream.java:142)
	at org.eclipse.lsp4j.jsonrpc.json.StreamMessageConsumer.consume(StreamMessageConsumer.java:69)
	... 12 more

!ENTRY org.springframework.tooling.ls.eclipse.commons 1 0 2025-06-25 19:08:00.338
!MESSAGE Entering DelegatingStreamConnectionProvider()

!ENTRY org.springframework.tooling.ls.eclipse.commons 1 0 2025-06-25 19:08:00.338
!MESSAGE DelegatingStreamConnectionProvider classloader = org.eclipse.osgi.internal.loader.EquinoxClassLoader@500e5b3f[org.springframework.tooling.boot.ls:1.28.0.202109130547(id=1001)]

!ENTRY org.springframework.tooling.ls.eclipse.commons 1 0 2025-06-25 19:08:00.338
!MESSAGE SpringBootLanguageServer exists!

!ENTRY org.eclipse.lsp4e 4 0 2025-06-25 19:08:00.339
!MESSAGE org.eclipse.lsp4j.jsonrpc.JsonRpcException: java.io.IOException: 파이프가 닫히는 중입니다
!STACK 0
java.util.concurrent.ExecutionException: org.eclipse.lsp4j.jsonrpc.JsonRpcException: java.io.IOException: 파이프가 닫히는 중입니다
	at java.base/java.util.concurrent.CompletableFuture.reportGet(CompletableFuture.java:395)
	at java.base/java.util.concurrent.CompletableFuture.get(CompletableFuture.java:2028)
	at org.eclipse.lsp4e.LanguageServerWrapper.lambda$13(LanguageServerWrapper.java:425)
	at java.base/java.util.concurrent.CompletableFuture$AsyncRun.run(CompletableFuture.java:1736)
	at java.base/java.util.concurrent.CompletableFuture$AsyncRun.exec(CompletableFuture.java:1728)
	at java.base/java.util.concurrent.ForkJoinTask.doExec(ForkJoinTask.java:290)
	at java.base/java.util.concurrent.ForkJoinPool$WorkQueue.topLevelExec(ForkJoinPool.java:1020)
	at java.base/java.util.concurrent.ForkJoinPool.scan(ForkJoinPool.java:1656)
	at java.base/java.util.concurrent.ForkJoinPool.runWorker(ForkJoinPool.java:1594)
	at java.base/java.util.concurrent.ForkJoinWorkerThread.run(ForkJoinWorkerThread.java:183)
Caused by: org.eclipse.lsp4j.jsonrpc.JsonRpcException: java.io.IOException: 파이프가 닫히는 중입니다
	at org.eclipse.lsp4j.jsonrpc.json.StreamMessageConsumer.consume(StreamMessageConsumer.java:72)
	at org.eclipse.lsp4e.LanguageServerWrapper.lambda$4(LanguageServerWrapper.java:260)
	at org.eclipse.lsp4j.jsonrpc.RemoteEndpoint.request(RemoteEndpoint.java:161)
	at org.eclipse.lsp4j.jsonrpc.services.EndpointProxy.invoke(EndpointProxy.java:91)
	at com.sun.proxy.$Proxy49.shutdown(Unknown Source)
	at org.eclipse.lsp4e.LanguageServerWrapper.lambda$13(LanguageServerWrapper.java:423)
	... 7 more
Caused by: java.io.IOException: 파이프가 닫히는 중입니다
	at java.base/java.io.FileOutputStream.writeBytes(Native Method)
	at java.base/java.io.FileOutputStream.write(FileOutputStream.java:354)
	at java.base/java.io.BufferedOutputStream.flushBuffer(BufferedOutputStream.java:81)
	at java.base/java.io.BufferedOutputStream.flush(BufferedOutputStream.java:142)
	at org.eclipse.lsp4j.jsonrpc.json.StreamMessageConsumer.consume(StreamMessageConsumer.java:69)
	... 12 more

!ENTRY org.springframework.tooling.ls.eclipse.commons 1 0 2025-06-25 19:08:00.340
!MESSAGE Entering DelegatingStreamConnectionProvider()

!ENTRY org.springframework.tooling.ls.eclipse.commons 1 0 2025-06-25 19:08:00.340
!MESSAGE DelegatingStreamConnectionProvider classloader = org.eclipse.osgi.internal.loader.EquinoxClassLoader@500e5b3f[org.springframework.tooling.boot.ls:1.28.0.202109130547(id=1001)]

!ENTRY org.springframework.tooling.ls.eclipse.commons 1 0 2025-06-25 19:08:00.340
!MESSAGE SpringBootLanguageServer exists!

!ENTRY org.eclipse.lsp4e 4 0 2025-06-25 19:08:00.340
!MESSAGE org.eclipse.lsp4j.jsonrpc.JsonRpcException: java.io.IOException: 파이프가 닫히는 중입니다
!STACK 0
java.util.concurrent.ExecutionException: org.eclipse.lsp4j.jsonrpc.JsonRpcException: java.io.IOException: 파이프가 닫히는 중입니다
	at java.base/java.util.concurrent.CompletableFuture.reportGet(CompletableFuture.java:395)
	at java.base/java.util.concurrent.CompletableFuture.get(CompletableFuture.java:2028)
	at org.eclipse.lsp4e.LanguageServerWrapper.lambda$13(LanguageServerWrapper.java:425)
	at java.base/java.util.concurrent.CompletableFuture$AsyncRun.run(CompletableFuture.java:1736)
	at java.base/java.util.concurrent.CompletableFuture$AsyncRun.exec(CompletableFuture.java:1728)
	at java.base/java.util.concurrent.ForkJoinTask.doExec(ForkJoinTask.java:290)
	at java.base/java.util.concurrent.ForkJoinPool$WorkQueue.topLevelExec(ForkJoinPool.java:1020)
	at java.base/java.util.concurrent.ForkJoinPool.scan(ForkJoinPool.java:1656)
	at java.base/java.util.concurrent.ForkJoinPool.runWorker(ForkJoinPool.java:1594)
	at java.base/java.util.concurrent.ForkJoinWorkerThread.run(ForkJoinWorkerThread.java:183)
Caused by: org.eclipse.lsp4j.jsonrpc.JsonRpcException: java.io.IOException: 파이프가 닫히는 중입니다
	at org.eclipse.lsp4j.jsonrpc.json.StreamMessageConsumer.consume(StreamMessageConsumer.java:72)
	at org.eclipse.lsp4e.LanguageServerWrapper.lambda$4(LanguageServerWrapper.java:260)
	at org.eclipse.lsp4j.jsonrpc.RemoteEndpoint.request(RemoteEndpoint.java:161)
	at org.eclipse.lsp4j.jsonrpc.services.EndpointProxy.invoke(EndpointProxy.java:91)
	at com.sun.proxy.$Proxy49.shutdown(Unknown Source)
	at org.eclipse.lsp4e.LanguageServerWrapper.lambda$13(LanguageServerWrapper.java:423)
	... 7 more
Caused by: java.io.IOException: 파이프가 닫히는 중입니다
	at java.base/java.io.FileOutputStream.writeBytes(Native Method)
	at java.base/java.io.FileOutputStream.write(FileOutputStream.java:354)
	at java.base/java.io.BufferedOutputStream.flushBuffer(BufferedOutputStream.java:81)
	at java.base/java.io.BufferedOutputStream.flush(BufferedOutputStream.java:142)
	at org.eclipse.lsp4j.jsonrpc.json.StreamMessageConsumer.consume(StreamMessageConsumer.java:69)
	... 12 more

!ENTRY org.eclipse.lsp4e 4 0 2025-06-25 19:08:00.341
!MESSAGE org.eclipse.lsp4j.jsonrpc.JsonRpcException: java.io.IOException: 파이프가 닫히는 중입니다
!STACK 0
java.util.concurrent.ExecutionException: org.eclipse.lsp4j.jsonrpc.JsonRpcException: java.io.IOException: 파이프가 닫히는 중입니다
	at java.base/java.util.concurrent.CompletableFuture.reportGet(CompletableFuture.java:395)
	at java.base/java.util.concurrent.CompletableFuture.get(CompletableFuture.java:2028)
	at org.eclipse.lsp4e.LanguageServerWrapper.lambda$13(LanguageServerWrapper.java:425)
	at java.base/java.util.concurrent.CompletableFuture$AsyncRun.run(CompletableFuture.java:1736)
	at java.base/java.util.concurrent.CompletableFuture$AsyncRun.exec(CompletableFuture.java:1728)
	at java.base/java.util.concurrent.ForkJoinTask.doExec(ForkJoinTask.java:290)
	at java.base/java.util.concurrent.ForkJoinPool$WorkQueue.topLevelExec(ForkJoinPool.java:1020)
	at java.base/java.util.concurrent.ForkJoinPool.scan(ForkJoinPool.java:1656)
	at java.base/java.util.concurrent.ForkJoinPool.runWorker(ForkJoinPool.java:1594)
	at java.base/java.util.concurrent.ForkJoinWorkerThread.run(ForkJoinWorkerThread.java:183)
Caused by: org.eclipse.lsp4j.jsonrpc.JsonRpcException: java.io.IOException: 파이프가 닫히는 중입니다
	at org.eclipse.lsp4j.jsonrpc.json.StreamMessageConsumer.consume(StreamMessageConsumer.java:72)
	at org.eclipse.lsp4e.LanguageServerWrapper.lambda$4(LanguageServerWrapper.java:260)
	at org.eclipse.lsp4j.jsonrpc.RemoteEndpoint.request(RemoteEndpoint.java:161)
	at org.eclipse.lsp4j.jsonrpc.services.EndpointProxy.invoke(EndpointProxy.java:91)
	at com.sun.proxy.$Proxy49.shutdown(Unknown Source)
	at org.eclipse.lsp4e.LanguageServerWrapper.lambda$13(LanguageServerWrapper.java:423)
	... 7 more
Caused by: java.io.IOException: 파이프가 닫히는 중입니다
	at java.base/java.io.FileOutputStream.writeBytes(Native Method)
	at java.base/java.io.FileOutputStream.write(FileOutputStream.java:354)
	at java.base/java.io.BufferedOutputStream.flushBuffer(BufferedOutputStream.java:81)
	at java.base/java.io.BufferedOutputStream.flush(BufferedOutputStream.java:142)
	at org.eclipse.lsp4j.jsonrpc.json.StreamMessageConsumer.consume(StreamMessageConsumer.java:69)
	... 12 more

!ENTRY org.springframework.tooling.ls.eclipse.commons 1 0 2025-06-25 19:08:00.341
!MESSAGE Entering DelegatingStreamConnectionProvider()

!ENTRY org.springframework.tooling.ls.eclipse.commons 1 0 2025-06-25 19:08:00.342
!MESSAGE DelegatingStreamConnectionProvider classloader = org.eclipse.osgi.internal.loader.EquinoxClassLoader@500e5b3f[org.springframework.tooling.boot.ls:1.28.0.202109130547(id=1001)]

!ENTRY org.springframework.tooling.ls.eclipse.commons 1 0 2025-06-25 19:08:00.342
!MESSAGE SpringBootLanguageServer exists!

!ENTRY org.eclipse.lsp4e 4 0 2025-06-25 19:08:00.342
!MESSAGE org.eclipse.lsp4j.jsonrpc.JsonRpcException: java.io.IOException: 파이프가 닫히는 중입니다
!STACK 0
java.util.concurrent.ExecutionException: org.eclipse.lsp4j.jsonrpc.JsonRpcException: java.io.IOException: 파이프가 닫히는 중입니다
	at java.base/java.util.concurrent.CompletableFuture.reportGet(CompletableFuture.java:395)
	at java.base/java.util.concurrent.CompletableFuture.get(CompletableFuture.java:2028)
	at org.eclipse.lsp4e.LanguageServerWrapper.lambda$13(LanguageServerWrapper.java:425)
	at java.base/java.util.concurrent.CompletableFuture$AsyncRun.run(CompletableFuture.java:1736)
	at java.base/java.util.concurrent.CompletableFuture$AsyncRun.exec(CompletableFuture.java:1728)
	at java.base/java.util.concurrent.ForkJoinTask.doExec(ForkJoinTask.java:290)
	at java.base/java.util.concurrent.ForkJoinPool$WorkQueue.topLevelExec(ForkJoinPool.java:1020)
	at java.base/java.util.concurrent.ForkJoinPool.scan(ForkJoinPool.java:1656)
	at java.base/java.util.concurrent.ForkJoinPool.runWorker(ForkJoinPool.java:1594)
	at java.base/java.util.concurrent.ForkJoinWorkerThread.run(ForkJoinWorkerThread.java:183)
Caused by: org.eclipse.lsp4j.jsonrpc.JsonRpcException: java.io.IOException: 파이프가 닫히는 중입니다
	at org.eclipse.lsp4j.jsonrpc.json.StreamMessageConsumer.consume(StreamMessageConsumer.java:72)
	at org.eclipse.lsp4e.LanguageServerWrapper.lambda$4(LanguageServerWrapper.java:260)
	at org.eclipse.lsp4j.jsonrpc.RemoteEndpoint.request(RemoteEndpoint.java:161)
	at org.eclipse.lsp4j.jsonrpc.services.EndpointProxy.invoke(EndpointProxy.java:91)
	at com.sun.proxy.$Proxy49.shutdown(Unknown Source)
	at org.eclipse.lsp4e.LanguageServerWrapper.lambda$13(LanguageServerWrapper.java:423)
	... 7 more
Caused by: java.io.IOException: 파이프가 닫히는 중입니다
	at java.base/java.io.FileOutputStream.writeBytes(Native Method)
	at java.base/java.io.FileOutputStream.write(FileOutputStream.java:354)
	at java.base/java.io.BufferedOutputStream.flushBuffer(BufferedOutputStream.java:81)
	at java.base/java.io.BufferedOutputStream.flush(BufferedOutputStream.java:142)
	at org.eclipse.lsp4j.jsonrpc.json.StreamMessageConsumer.consume(StreamMessageConsumer.java:69)
	... 12 more

!ENTRY org.eclipse.lsp4e 4 0 2025-06-25 19:08:00.343
!MESSAGE org.eclipse.lsp4j.jsonrpc.JsonRpcException: java.io.IOException: 파이프가 닫히는 중입니다
!STACK 0
java.util.concurrent.ExecutionException: org.eclipse.lsp4j.jsonrpc.JsonRpcException: java.io.IOException: 파이프가 닫히는 중입니다
	at java.base/java.util.concurrent.CompletableFuture.reportGet(CompletableFuture.java:395)
	at java.base/java.util.concurrent.CompletableFuture.get(CompletableFuture.java:2028)
	at org.eclipse.lsp4e.LanguageServerWrapper.lambda$13(LanguageServerWrapper.java:425)
	at java.base/java.util.concurrent.CompletableFuture$AsyncRun.run(CompletableFuture.java:1736)
	at java.base/java.util.concurrent.CompletableFuture$AsyncRun.exec(CompletableFuture.java:1728)
	at java.base/java.util.concurrent.ForkJoinTask.doExec(ForkJoinTask.java:290)
	at java.base/java.util.concurrent.ForkJoinPool$WorkQueue.topLevelExec(ForkJoinPool.java:1020)
	at java.base/java.util.concurrent.ForkJoinPool.scan(ForkJoinPool.java:1656)
	at java.base/java.util.concurrent.ForkJoinPool.runWorker(ForkJoinPool.java:1594)
	at java.base/java.util.concurrent.ForkJoinWorkerThread.run(ForkJoinWorkerThread.java:183)
Caused by: org.eclipse.lsp4j.jsonrpc.JsonRpcException: java.io.IOException: 파이프가 닫히는 중입니다
	at org.eclipse.lsp4j.jsonrpc.json.StreamMessageConsumer.consume(StreamMessageConsumer.java:72)
	at org.eclipse.lsp4e.LanguageServerWrapper.lambda$4(LanguageServerWrapper.java:260)
	at org.eclipse.lsp4j.jsonrpc.RemoteEndpoint.request(RemoteEndpoint.java:161)
	at org.eclipse.lsp4j.jsonrpc.services.EndpointProxy.invoke(EndpointProxy.java:91)
	at com.sun.proxy.$Proxy49.shutdown(Unknown Source)
	at org.eclipse.lsp4e.LanguageServerWrapper.lambda$13(LanguageServerWrapper.java:423)
	... 7 more
Caused by: java.io.IOException: 파이프가 닫히는 중입니다
	at java.base/java.io.FileOutputStream.writeBytes(Native Method)
	at java.base/java.io.FileOutputStream.write(FileOutputStream.java:354)
	at java.base/java.io.BufferedOutputStream.flushBuffer(BufferedOutputStream.java:81)
	at java.base/java.io.BufferedOutputStream.flush(BufferedOutputStream.java:142)
	at org.eclipse.lsp4j.jsonrpc.json.StreamMessageConsumer.consume(StreamMessageConsumer.java:69)
	... 12 more

!ENTRY org.springframework.tooling.ls.eclipse.commons 1 0 2025-06-25 19:08:00.343
!MESSAGE Entering DelegatingStreamConnectionProvider()

!ENTRY org.springframework.tooling.ls.eclipse.commons 1 0 2025-06-25 19:08:00.344
!MESSAGE DelegatingStreamConnectionProvider classloader = org.eclipse.osgi.internal.loader.EquinoxClassLoader@500e5b3f[org.springframework.tooling.boot.ls:1.28.0.202109130547(id=1001)]

!ENTRY org.springframework.tooling.ls.eclipse.commons 1 0 2025-06-25 19:08:00.344
!MESSAGE Entering DelegatingStreamConnectionProvider()

!ENTRY org.springframework.tooling.ls.eclipse.commons 1 0 2025-06-25 19:08:00.344
!MESSAGE DelegatingStreamConnectionProvider classloader = org.eclipse.osgi.internal.loader.EquinoxClassLoader@500e5b3f[org.springframework.tooling.boot.ls:1.28.0.202109130547(id=1001)]

!ENTRY org.springframework.tooling.ls.eclipse.commons 1 0 2025-06-25 19:08:00.344
!MESSAGE SpringBootLanguageServer exists!

!ENTRY org.eclipse.lsp4e 4 0 2025-06-25 19:08:00.345
!MESSAGE org.eclipse.lsp4j.jsonrpc.JsonRpcException: java.io.IOException: 파이프가 닫히는 중입니다
!STACK 0
java.util.concurrent.ExecutionException: org.eclipse.lsp4j.jsonrpc.JsonRpcException: java.io.IOException: 파이프가 닫히는 중입니다
	at java.base/java.util.concurrent.CompletableFuture.reportGet(CompletableFuture.java:395)
	at java.base/java.util.concurrent.CompletableFuture.get(CompletableFuture.java:2028)
	at org.eclipse.lsp4e.LanguageServerWrapper.lambda$13(LanguageServerWrapper.java:425)
	at java.base/java.util.concurrent.CompletableFuture$AsyncRun.run(CompletableFuture.java:1736)
	at java.base/java.util.concurrent.CompletableFuture$AsyncRun.exec(CompletableFuture.java:1728)
	at java.base/java.util.concurrent.ForkJoinTask.doExec(ForkJoinTask.java:290)
	at java.base/java.util.concurrent.ForkJoinPool$WorkQueue.topLevelExec(ForkJoinPool.java:1020)
	at java.base/java.util.concurrent.ForkJoinPool.scan(ForkJoinPool.java:1656)
	at java.base/java.util.concurrent.ForkJoinPool.runWorker(ForkJoinPool.java:1594)
	at java.base/java.util.concurrent.ForkJoinWorkerThread.run(ForkJoinWorkerThread.java:183)
Caused by: org.eclipse.lsp4j.jsonrpc.JsonRpcException: java.io.IOException: 파이프가 닫히는 중입니다
	at org.eclipse.lsp4j.jsonrpc.json.StreamMessageConsumer.consume(StreamMessageConsumer.java:72)
	at org.eclipse.lsp4e.LanguageServerWrapper.lambda$4(LanguageServerWrapper.java:260)
	at org.eclipse.lsp4j.jsonrpc.RemoteEndpoint.request(RemoteEndpoint.java:161)
	at org.eclipse.lsp4j.jsonrpc.services.EndpointProxy.invoke(EndpointProxy.java:91)
	at com.sun.proxy.$Proxy49.shutdown(Unknown Source)
	at org.eclipse.lsp4e.LanguageServerWrapper.lambda$13(LanguageServerWrapper.java:423)
	... 7 more
Caused by: java.io.IOException: 파이프가 닫히는 중입니다
	at java.base/java.io.FileOutputStream.writeBytes(Native Method)
	at java.base/java.io.FileOutputStream.write(FileOutputStream.java:354)
	at java.base/java.io.BufferedOutputStream.flushBuffer(BufferedOutputStream.java:81)
	at java.base/java.io.BufferedOutputStream.flush(BufferedOutputStream.java:142)
	at org.eclipse.lsp4j.jsonrpc.json.StreamMessageConsumer.consume(StreamMessageConsumer.java:69)
	... 12 more

!ENTRY org.springframework.tooling.ls.eclipse.commons 1 0 2025-06-25 19:08:00.345
!MESSAGE Entering DelegatingStreamConnectionProvider()

!ENTRY org.springframework.tooling.ls.eclipse.commons 1 0 2025-06-25 19:08:00.345
!MESSAGE DelegatingStreamConnectionProvider classloader = org.eclipse.osgi.internal.loader.EquinoxClassLoader@500e5b3f[org.springframework.tooling.boot.ls:1.28.0.202109130547(id=1001)]

!ENTRY org.springframework.tooling.ls.eclipse.commons 1 0 2025-06-25 19:08:00.346
!MESSAGE SpringBootLanguageServer exists!

!ENTRY org.eclipse.lsp4e 4 0 2025-06-25 19:08:00.346
!MESSAGE org.eclipse.lsp4j.jsonrpc.JsonRpcException: java.io.IOException: 파이프가 닫히는 중입니다
!STACK 0
java.util.concurrent.ExecutionException: org.eclipse.lsp4j.jsonrpc.JsonRpcException: java.io.IOException: 파이프가 닫히는 중입니다
	at java.base/java.util.concurrent.CompletableFuture.reportGet(CompletableFuture.java:395)
	at java.base/java.util.concurrent.CompletableFuture.get(CompletableFuture.java:2028)
	at org.eclipse.lsp4e.LanguageServerWrapper.lambda$13(LanguageServerWrapper.java:425)
	at java.base/java.util.concurrent.CompletableFuture$AsyncRun.run(CompletableFuture.java:1736)
	at java.base/java.util.concurrent.CompletableFuture$AsyncRun.exec(CompletableFuture.java:1728)
	at java.base/java.util.concurrent.ForkJoinTask.doExec(ForkJoinTask.java:290)
	at java.base/java.util.concurrent.ForkJoinPool$WorkQueue.topLevelExec(ForkJoinPool.java:1020)
	at java.base/java.util.concurrent.ForkJoinPool.scan(ForkJoinPool.java:1656)
	at java.base/java.util.concurrent.ForkJoinPool.runWorker(ForkJoinPool.java:1594)
	at java.base/java.util.concurrent.ForkJoinWorkerThread.run(ForkJoinWorkerThread.java:183)
Caused by: org.eclipse.lsp4j.jsonrpc.JsonRpcException: java.io.IOException: 파이프가 닫히는 중입니다
	at org.eclipse.lsp4j.jsonrpc.json.StreamMessageConsumer.consume(StreamMessageConsumer.java:72)
	at org.eclipse.lsp4e.LanguageServerWrapper.lambda$4(LanguageServerWrapper.java:260)
	at org.eclipse.lsp4j.jsonrpc.RemoteEndpoint.request(RemoteEndpoint.java:161)
	at org.eclipse.lsp4j.jsonrpc.services.EndpointProxy.invoke(EndpointProxy.java:91)
	at com.sun.proxy.$Proxy49.shutdown(Unknown Source)
	at org.eclipse.lsp4e.LanguageServerWrapper.lambda$13(LanguageServerWrapper.java:423)
	... 7 more
Caused by: java.io.IOException: 파이프가 닫히는 중입니다
	at java.base/java.io.FileOutputStream.writeBytes(Native Method)
	at java.base/java.io.FileOutputStream.write(FileOutputStream.java:354)
	at java.base/java.io.BufferedOutputStream.flushBuffer(BufferedOutputStream.java:81)
	at java.base/java.io.BufferedOutputStream.flush(BufferedOutputStream.java:142)
	at org.eclipse.lsp4j.jsonrpc.json.StreamMessageConsumer.consume(StreamMessageConsumer.java:69)
	... 12 more

!ENTRY org.eclipse.lsp4e 4 0 2025-06-25 19:08:00.347
!MESSAGE org.eclipse.lsp4j.jsonrpc.JsonRpcException: java.io.IOException: 파이프가 닫히는 중입니다
!STACK 0
java.util.concurrent.ExecutionException: org.eclipse.lsp4j.jsonrpc.JsonRpcException: java.io.IOException: 파이프가 닫히는 중입니다
	at java.base/java.util.concurrent.CompletableFuture.reportGet(CompletableFuture.java:395)
	at java.base/java.util.concurrent.CompletableFuture.get(CompletableFuture.java:2028)
	at org.eclipse.lsp4e.LanguageServerWrapper.lambda$13(LanguageServerWrapper.java:425)
	at java.base/java.util.concurrent.CompletableFuture$AsyncRun.run(CompletableFuture.java:1736)
	at java.base/java.util.concurrent.CompletableFuture$AsyncRun.exec(CompletableFuture.java:1728)
	at java.base/java.util.concurrent.ForkJoinTask.doExec(ForkJoinTask.java:290)
	at java.base/java.util.concurrent.ForkJoinPool$WorkQueue.topLevelExec(ForkJoinPool.java:1020)
	at java.base/java.util.concurrent.ForkJoinPool.scan(ForkJoinPool.java:1656)
	at java.base/java.util.concurrent.ForkJoinPool.runWorker(ForkJoinPool.java:1594)
	at java.base/java.util.concurrent.ForkJoinWorkerThread.run(ForkJoinWorkerThread.java:183)
Caused by: org.eclipse.lsp4j.jsonrpc.JsonRpcException: java.io.IOException: 파이프가 닫히는 중입니다
	at org.eclipse.lsp4j.jsonrpc.json.StreamMessageConsumer.consume(StreamMessageConsumer.java:72)
	at org.eclipse.lsp4e.LanguageServerWrapper.lambda$4(LanguageServerWrapper.java:260)
	at org.eclipse.lsp4j.jsonrpc.RemoteEndpoint.request(RemoteEndpoint.java:161)
	at org.eclipse.lsp4j.jsonrpc.services.EndpointProxy.invoke(EndpointProxy.java:91)
	at com.sun.proxy.$Proxy49.shutdown(Unknown Source)
	at org.eclipse.lsp4e.LanguageServerWrapper.lambda$13(LanguageServerWrapper.java:423)
	... 7 more
Caused by: java.io.IOException: 파이프가 닫히는 중입니다
	at java.base/java.io.FileOutputStream.writeBytes(Native Method)
	at java.base/java.io.FileOutputStream.write(FileOutputStream.java:354)
	at java.base/java.io.BufferedOutputStream.flushBuffer(BufferedOutputStream.java:81)
	at java.base/java.io.BufferedOutputStream.flush(BufferedOutputStream.java:142)
	at org.eclipse.lsp4j.jsonrpc.json.StreamMessageConsumer.consume(StreamMessageConsumer.java:69)
	... 12 more

!ENTRY org.springframework.tooling.ls.eclipse.commons 1 0 2025-06-25 19:08:00.347
!MESSAGE DelegatingStreamConnectionProvider classloader = org.eclipse.osgi.internal.loader.EquinoxClassLoader@500e5b3f[org.springframework.tooling.boot.ls:1.28.0.202109130547(id=1001)]

!ENTRY org.springframework.tooling.ls.eclipse.commons 1 0 2025-06-25 19:08:00.347
!MESSAGE SpringBootLanguageServer exists!

!ENTRY org.eclipse.lsp4e 4 0 2025-06-25 19:08:00.348
!MESSAGE org.eclipse.lsp4j.jsonrpc.JsonRpcException: java.io.IOException: 파이프가 닫히는 중입니다
!STACK 0
java.util.concurrent.ExecutionException: org.eclipse.lsp4j.jsonrpc.JsonRpcException: java.io.IOException: 파이프가 닫히는 중입니다
	at java.base/java.util.concurrent.CompletableFuture.reportGet(CompletableFuture.java:395)
	at java.base/java.util.concurrent.CompletableFuture.get(CompletableFuture.java:2028)
	at org.eclipse.lsp4e.LanguageServerWrapper.lambda$13(LanguageServerWrapper.java:425)
	at java.base/java.util.concurrent.CompletableFuture$AsyncRun.run(CompletableFuture.java:1736)
	at java.base/java.util.concurrent.CompletableFuture$AsyncRun.exec(CompletableFuture.java:1728)
	at java.base/java.util.concurrent.ForkJoinTask.doExec(ForkJoinTask.java:290)
	at java.base/java.util.concurrent.ForkJoinPool$WorkQueue.topLevelExec(ForkJoinPool.java:1020)
	at java.base/java.util.concurrent.ForkJoinPool.scan(ForkJoinPool.java:1656)
	at java.base/java.util.concurrent.ForkJoinPool.runWorker(ForkJoinPool.java:1594)
	at java.base/java.util.concurrent.ForkJoinWorkerThread.run(ForkJoinWorkerThread.java:183)
Caused by: org.eclipse.lsp4j.jsonrpc.JsonRpcException: java.io.IOException: 파이프가 닫히는 중입니다
	at org.eclipse.lsp4j.jsonrpc.json.StreamMessageConsumer.consume(StreamMessageConsumer.java:72)
	at org.eclipse.lsp4e.LanguageServerWrapper.lambda$4(LanguageServerWrapper.java:260)
	at org.eclipse.lsp4j.jsonrpc.RemoteEndpoint.request(RemoteEndpoint.java:161)
	at org.eclipse.lsp4j.jsonrpc.services.EndpointProxy.invoke(EndpointProxy.java:91)
	at com.sun.proxy.$Proxy49.shutdown(Unknown Source)
	at org.eclipse.lsp4e.LanguageServerWrapper.lambda$13(LanguageServerWrapper.java:423)
	... 7 more
Caused by: java.io.IOException: 파이프가 닫히는 중입니다
	at java.base/java.io.FileOutputStream.writeBytes(Native Method)
	at java.base/java.io.FileOutputStream.write(FileOutputStream.java:354)
	at java.base/java.io.BufferedOutputStream.flushBuffer(BufferedOutputStream.java:81)
	at java.base/java.io.BufferedOutputStream.flush(BufferedOutputStream.java:142)
	at org.eclipse.lsp4j.jsonrpc.json.StreamMessageConsumer.consume(StreamMessageConsumer.java:69)
	... 12 more

!ENTRY org.springframework.tooling.ls.eclipse.commons 1 0 2025-06-25 19:08:00.348
!MESSAGE Entering DelegatingStreamConnectionProvider()

!ENTRY org.springframework.tooling.ls.eclipse.commons 1 0 2025-06-25 19:08:00.348
!MESSAGE DelegatingStreamConnectionProvider classloader = org.eclipse.osgi.internal.loader.EquinoxClassLoader@500e5b3f[org.springframework.tooling.boot.ls:1.28.0.202109130547(id=1001)]

!ENTRY org.springframework.tooling.ls.eclipse.commons 1 0 2025-06-25 19:08:00.349
!MESSAGE SpringBootLanguageServer exists!

!ENTRY org.springframework.tooling.ls.eclipse.commons 1 0 2025-06-25 19:08:00.350
!MESSAGE Entering DelegatingStreamConnectionProvider()

!ENTRY org.springframework.tooling.ls.eclipse.commons 1 0 2025-06-25 19:08:00.350
!MESSAGE Entering DelegatingStreamConnectionProvider()

!ENTRY org.springframework.tooling.ls.eclipse.commons 1 0 2025-06-25 19:08:00.350
!MESSAGE SpringBootLanguageServer exists!

!ENTRY org.springframework.tooling.ls.eclipse.commons 1 0 2025-06-25 19:08:00.350
!MESSAGE DelegatingStreamConnectionProvider classloader = org.eclipse.osgi.internal.loader.EquinoxClassLoader@500e5b3f[org.springframework.tooling.boot.ls:1.28.0.202109130547(id=1001)]

!ENTRY org.eclipse.lsp4e 4 0 2025-06-25 19:08:00.351
!MESSAGE org.eclipse.lsp4j.jsonrpc.JsonRpcException: java.io.IOException: 파이프가 닫히는 중입니다
!STACK 0
java.util.concurrent.ExecutionException: org.eclipse.lsp4j.jsonrpc.JsonRpcException: java.io.IOException: 파이프가 닫히는 중입니다
	at java.base/java.util.concurrent.CompletableFuture.reportGet(CompletableFuture.java:395)
	at java.base/java.util.concurrent.CompletableFuture.get(CompletableFuture.java:2028)
	at org.eclipse.lsp4e.LanguageServerWrapper.lambda$13(LanguageServerWrapper.java:425)
	at java.base/java.util.concurrent.CompletableFuture$AsyncRun.run(CompletableFuture.java:1736)
	at java.base/java.util.concurrent.CompletableFuture$AsyncRun.exec(CompletableFuture.java:1728)
	at java.base/java.util.concurrent.ForkJoinTask.doExec(ForkJoinTask.java:290)
	at java.base/java.util.concurrent.ForkJoinPool$WorkQueue.topLevelExec(ForkJoinPool.java:1020)
	at java.base/java.util.concurrent.ForkJoinPool.scan(ForkJoinPool.java:1656)
	at java.base/java.util.concurrent.ForkJoinPool.runWorker(ForkJoinPool.java:1594)
	at java.base/java.util.concurrent.ForkJoinWorkerThread.run(ForkJoinWorkerThread.java:183)
Caused by: org.eclipse.lsp4j.jsonrpc.JsonRpcException: java.io.IOException: 파이프가 닫히는 중입니다
	at org.eclipse.lsp4j.jsonrpc.json.StreamMessageConsumer.consume(StreamMessageConsumer.java:72)
	at org.eclipse.lsp4e.LanguageServerWrapper.lambda$4(LanguageServerWrapper.java:260)
	at org.eclipse.lsp4j.jsonrpc.RemoteEndpoint.request(RemoteEndpoint.java:161)
	at org.eclipse.lsp4j.jsonrpc.services.EndpointProxy.invoke(EndpointProxy.java:91)
	at com.sun.proxy.$Proxy49.shutdown(Unknown Source)
	at org.eclipse.lsp4e.LanguageServerWrapper.lambda$13(LanguageServerWrapper.java:423)
	... 7 more
Caused by: java.io.IOException: 파이프가 닫히는 중입니다
	at java.base/java.io.FileOutputStream.writeBytes(Native Method)
	at java.base/java.io.FileOutputStream.write(FileOutputStream.java:354)
	at java.base/java.io.BufferedOutputStream.flushBuffer(BufferedOutputStream.java:81)
	at java.base/java.io.BufferedOutputStream.flush(BufferedOutputStream.java:142)
	at org.eclipse.lsp4j.jsonrpc.json.StreamMessageConsumer.consume(StreamMessageConsumer.java:69)
	... 12 more

!ENTRY org.springframework.tooling.ls.eclipse.commons 1 0 2025-06-25 19:08:00.351
!MESSAGE Entering DelegatingStreamConnectionProvider()

!ENTRY org.springframework.tooling.ls.eclipse.commons 1 0 2025-06-25 19:08:00.351
!MESSAGE DelegatingStreamConnectionProvider classloader = org.eclipse.osgi.internal.loader.EquinoxClassLoader@500e5b3f[org.springframework.tooling.boot.ls:1.28.0.202109130547(id=1001)]

!ENTRY org.springframework.tooling.ls.eclipse.commons 1 0 2025-06-25 19:08:00.352
!MESSAGE SpringBootLanguageServer exists!

!ENTRY org.eclipse.lsp4e 4 0 2025-06-25 19:08:00.352
!MESSAGE org.eclipse.lsp4j.jsonrpc.JsonRpcException: java.io.IOException: 파이프가 닫히는 중입니다
!STACK 0
java.util.concurrent.ExecutionException: org.eclipse.lsp4j.jsonrpc.JsonRpcException: java.io.IOException: 파이프가 닫히는 중입니다
	at java.base/java.util.concurrent.CompletableFuture.reportGet(CompletableFuture.java:395)
	at java.base/java.util.concurrent.CompletableFuture.get(CompletableFuture.java:2028)
	at org.eclipse.lsp4e.LanguageServerWrapper.lambda$13(LanguageServerWrapper.java:425)
	at java.base/java.util.concurrent.CompletableFuture$AsyncRun.run(CompletableFuture.java:1736)
	at java.base/java.util.concurrent.CompletableFuture$AsyncRun.exec(CompletableFuture.java:1728)
	at java.base/java.util.concurrent.ForkJoinTask.doExec(ForkJoinTask.java:290)
	at java.base/java.util.concurrent.ForkJoinPool$WorkQueue.topLevelExec(ForkJoinPool.java:1020)
	at java.base/java.util.concurrent.ForkJoinPool.scan(ForkJoinPool.java:1656)
	at java.base/java.util.concurrent.ForkJoinPool.runWorker(ForkJoinPool.java:1594)
	at java.base/java.util.concurrent.ForkJoinWorkerThread.run(ForkJoinWorkerThread.java:183)
Caused by: org.eclipse.lsp4j.jsonrpc.JsonRpcException: java.io.IOException: 파이프가 닫히는 중입니다
	at org.eclipse.lsp4j.jsonrpc.json.StreamMessageConsumer.consume(StreamMessageConsumer.java:72)
	at org.eclipse.lsp4e.LanguageServerWrapper.lambda$4(LanguageServerWrapper.java:260)
	at org.eclipse.lsp4j.jsonrpc.RemoteEndpoint.request(RemoteEndpoint.java:161)
	at org.eclipse.lsp4j.jsonrpc.services.EndpointProxy.invoke(EndpointProxy.java:91)
	at com.sun.proxy.$Proxy49.shutdown(Unknown Source)
	at org.eclipse.lsp4e.LanguageServerWrapper.lambda$13(LanguageServerWrapper.java:423)
	... 7 more
Caused by: java.io.IOException: 파이프가 닫히는 중입니다
	at java.base/java.io.FileOutputStream.writeBytes(Native Method)
	at java.base/java.io.FileOutputStream.write(FileOutputStream.java:354)
	at java.base/java.io.BufferedOutputStream.flushBuffer(BufferedOutputStream.java:81)
	at java.base/java.io.BufferedOutputStream.flush(BufferedOutputStream.java:142)
	at org.eclipse.lsp4j.jsonrpc.json.StreamMessageConsumer.consume(StreamMessageConsumer.java:69)
	... 12 more

!ENTRY org.springframework.tooling.ls.eclipse.commons 1 0 2025-06-25 19:08:00.352
!MESSAGE Entering DelegatingStreamConnectionProvider()

!ENTRY org.springframework.tooling.ls.eclipse.commons 1 0 2025-06-25 19:08:00.352
!MESSAGE DelegatingStreamConnectionProvider classloader = org.eclipse.osgi.internal.loader.EquinoxClassLoader@500e5b3f[org.springframework.tooling.boot.ls:1.28.0.202109130547(id=1001)]

!ENTRY org.springframework.tooling.ls.eclipse.commons 1 0 2025-06-25 19:08:00.353
!MESSAGE SpringBootLanguageServer exists!

!ENTRY org.springframework.tooling.ls.eclipse.commons 1 0 2025-06-25 19:08:00.353
!MESSAGE DelegatingStreamConnectionProvider classloader = org.eclipse.osgi.internal.loader.EquinoxClassLoader@500e5b3f[org.springframework.tooling.boot.ls:1.28.0.202109130547(id=1001)]

!ENTRY org.eclipse.lsp4e 4 0 2025-06-25 19:08:00.353
!MESSAGE org.eclipse.lsp4j.jsonrpc.JsonRpcException: java.io.IOException: 파이프가 닫히는 중입니다
!STACK 0
java.util.concurrent.ExecutionException: org.eclipse.lsp4j.jsonrpc.JsonRpcException: java.io.IOException: 파이프가 닫히는 중입니다
	at java.base/java.util.concurrent.CompletableFuture.reportGet(CompletableFuture.java:395)
	at java.base/java.util.concurrent.CompletableFuture.get(CompletableFuture.java:2028)
	at org.eclipse.lsp4e.LanguageServerWrapper.lambda$13(LanguageServerWrapper.java:425)
	at java.base/java.util.concurrent.CompletableFuture$AsyncRun.run(CompletableFuture.java:1736)
	at java.base/java.util.concurrent.CompletableFuture$AsyncRun.exec(CompletableFuture.java:1728)
	at java.base/java.util.concurrent.ForkJoinTask.doExec(ForkJoinTask.java:290)
	at java.base/java.util.concurrent.ForkJoinPool$WorkQueue.topLevelExec(ForkJoinPool.java:1020)
	at java.base/java.util.concurrent.ForkJoinPool.scan(ForkJoinPool.java:1656)
	at java.base/java.util.concurrent.ForkJoinPool.runWorker(ForkJoinPool.java:1594)
	at java.base/java.util.concurrent.ForkJoinWorkerThread.run(ForkJoinWorkerThread.java:183)
Caused by: org.eclipse.lsp4j.jsonrpc.JsonRpcException: java.io.IOException: 파이프가 닫히는 중입니다
	at org.eclipse.lsp4j.jsonrpc.json.StreamMessageConsumer.consume(StreamMessageConsumer.java:72)
	at org.eclipse.lsp4e.LanguageServerWrapper.lambda$4(LanguageServerWrapper.java:260)
	at org.eclipse.lsp4j.jsonrpc.RemoteEndpoint.request(RemoteEndpoint.java:161)
	at org.eclipse.lsp4j.jsonrpc.services.EndpointProxy.invoke(EndpointProxy.java:91)
	at com.sun.proxy.$Proxy49.shutdown(Unknown Source)
	at org.eclipse.lsp4e.LanguageServerWrapper.lambda$13(LanguageServerWrapper.java:423)
	... 7 more
Caused by: java.io.IOException: 파이프가 닫히는 중입니다
	at java.base/java.io.FileOutputStream.writeBytes(Native Method)
	at java.base/java.io.FileOutputStream.write(FileOutputStream.java:354)
	at java.base/java.io.BufferedOutputStream.flushBuffer(BufferedOutputStream.java:81)
	at java.base/java.io.BufferedOutputStream.flush(BufferedOutputStream.java:142)
	at org.eclipse.lsp4j.jsonrpc.json.StreamMessageConsumer.consume(StreamMessageConsumer.java:69)
	... 12 more

!ENTRY org.springframework.tooling.ls.eclipse.commons 1 0 2025-06-25 19:08:00.354
!MESSAGE Entering DelegatingStreamConnectionProvider()

!ENTRY org.springframework.tooling.ls.eclipse.commons 1 0 2025-06-25 19:08:00.354
!MESSAGE SpringBootLanguageServer exists!

!ENTRY org.springframework.tooling.ls.eclipse.commons 1 0 2025-06-25 19:08:00.355
!MESSAGE DelegatingStreamConnectionProvider classloader = org.eclipse.osgi.internal.loader.EquinoxClassLoader@500e5b3f[org.springframework.tooling.boot.ls:1.28.0.202109130547(id=1001)]

!ENTRY org.springframework.tooling.ls.eclipse.commons 1 0 2025-06-25 19:08:00.356
!MESSAGE DelegatingStreamConnectionProvider classloader = org.eclipse.osgi.internal.loader.EquinoxClassLoader@500e5b3f[org.springframework.tooling.boot.ls:1.28.0.202109130547(id=1001)]

!ENTRY org.eclipse.lsp4e 4 0 2025-06-25 19:08:00.356
!MESSAGE org.eclipse.lsp4j.jsonrpc.JsonRpcException: java.io.IOException: 파이프가 닫히는 중입니다
!STACK 0
java.util.concurrent.ExecutionException: org.eclipse.lsp4j.jsonrpc.JsonRpcException: java.io.IOException: 파이프가 닫히는 중입니다
	at java.base/java.util.concurrent.CompletableFuture.reportGet(CompletableFuture.java:395)
	at java.base/java.util.concurrent.CompletableFuture.get(CompletableFuture.java:2028)
	at org.eclipse.lsp4e.LanguageServerWrapper.lambda$13(LanguageServerWrapper.java:425)
	at java.base/java.util.concurrent.CompletableFuture$AsyncRun.run(CompletableFuture.java:1736)
	at java.base/java.util.concurrent.CompletableFuture$AsyncRun.exec(CompletableFuture.java:1728)
	at java.base/java.util.concurrent.ForkJoinTask.doExec(ForkJoinTask.java:290)
	at java.base/java.util.concurrent.ForkJoinPool$WorkQueue.topLevelExec(ForkJoinPool.java:1020)
	at java.base/java.util.concurrent.ForkJoinPool.scan(ForkJoinPool.java:1656)
	at java.base/java.util.concurrent.ForkJoinPool.runWorker(ForkJoinPool.java:1594)
	at java.base/java.util.concurrent.ForkJoinWorkerThread.run(ForkJoinWorkerThread.java:183)
Caused by: org.eclipse.lsp4j.jsonrpc.JsonRpcException: java.io.IOException: 파이프가 닫히는 중입니다
	at org.eclipse.lsp4j.jsonrpc.json.StreamMessageConsumer.consume(StreamMessageConsumer.java:72)
	at org.eclipse.lsp4e.LanguageServerWrapper.lambda$4(LanguageServerWrapper.java:260)
	at org.eclipse.lsp4j.jsonrpc.RemoteEndpoint.request(RemoteEndpoint.java:161)
	at org.eclipse.lsp4j.jsonrpc.services.EndpointProxy.invoke(EndpointProxy.java:91)
	at com.sun.proxy.$Proxy49.shutdown(Unknown Source)
	at org.eclipse.lsp4e.LanguageServerWrapper.lambda$13(LanguageServerWrapper.java:423)
	... 7 more
Caused by: java.io.IOException: 파이프가 닫히는 중입니다
	at java.base/java.io.FileOutputStream.writeBytes(Native Method)
	at java.base/java.io.FileOutputStream.write(FileOutputStream.java:354)
	at java.base/java.io.BufferedOutputStream.flushBuffer(BufferedOutputStream.java:81)
	at java.base/java.io.BufferedOutputStream.flush(BufferedOutputStream.java:142)
	at org.eclipse.lsp4j.jsonrpc.json.StreamMessageConsumer.consume(StreamMessageConsumer.java:69)
	... 12 more

!ENTRY org.springframework.tooling.ls.eclipse.commons 1 0 2025-06-25 19:08:00.357
!MESSAGE SpringBootLanguageServer exists!

!ENTRY org.springframework.tooling.ls.eclipse.commons 1 0 2025-06-25 19:08:00.358
!MESSAGE SpringBootLanguageServer exists!

!ENTRY org.springframework.tooling.ls.eclipse.commons 1 0 2025-06-25 19:08:00.359
!MESSAGE DelegatingStreamConnectionProvider classloader = org.eclipse.osgi.internal.loader.EquinoxClassLoader@500e5b3f[org.springframework.tooling.boot.ls:1.28.0.202109130547(id=1001)]

!ENTRY org.springframework.tooling.ls.eclipse.commons 1 0 2025-06-25 19:08:00.359
!MESSAGE SpringBootLanguageServer exists!

!ENTRY org.springframework.tooling.ls.eclipse.commons 1 0 2025-06-25 19:08:00.359
!MESSAGE SpringBootLanguageServer exists!

!ENTRY org.eclipse.lsp4e 4 0 2025-06-25 19:08:00.360
!MESSAGE org.eclipse.lsp4j.jsonrpc.JsonRpcException: java.io.IOException: 파이프가 닫히는 중입니다
!STACK 0
java.util.concurrent.ExecutionException: org.eclipse.lsp4j.jsonrpc.JsonRpcException: java.io.IOException: 파이프가 닫히는 중입니다
	at java.base/java.util.concurrent.CompletableFuture.reportGet(CompletableFuture.java:395)
	at java.base/java.util.concurrent.CompletableFuture.get(CompletableFuture.java:2028)
	at org.eclipse.lsp4e.LanguageServerWrapper.lambda$13(LanguageServerWrapper.java:425)
	at java.base/java.util.concurrent.CompletableFuture$AsyncRun.run(CompletableFuture.java:1736)
	at java.base/java.util.concurrent.CompletableFuture$AsyncRun.exec(CompletableFuture.java:1728)
	at java.base/java.util.concurrent.ForkJoinTask.doExec(ForkJoinTask.java:290)
	at java.base/java.util.concurrent.ForkJoinPool$WorkQueue.topLevelExec(ForkJoinPool.java:1020)
	at java.base/java.util.concurrent.ForkJoinPool.scan(ForkJoinPool.java:1656)
	at java.base/java.util.concurrent.ForkJoinPool.runWorker(ForkJoinPool.java:1594)
	at java.base/java.util.concurrent.ForkJoinWorkerThread.run(ForkJoinWorkerThread.java:183)
Caused by: org.eclipse.lsp4j.jsonrpc.JsonRpcException: java.io.IOException: 파이프가 닫히는 중입니다
	at org.eclipse.lsp4j.jsonrpc.json.StreamMessageConsumer.consume(StreamMessageConsumer.java:72)
	at org.eclipse.lsp4e.LanguageServerWrapper.lambda$4(LanguageServerWrapper.java:260)
	at org.eclipse.lsp4j.jsonrpc.RemoteEndpoint.request(RemoteEndpoint.java:161)
	at org.eclipse.lsp4j.jsonrpc.services.EndpointProxy.invoke(EndpointProxy.java:91)
	at com.sun.proxy.$Proxy49.shutdown(Unknown Source)
	at org.eclipse.lsp4e.LanguageServerWrapper.lambda$13(LanguageServerWrapper.java:423)
	... 7 more
Caused by: java.io.IOException: 파이프가 닫히는 중입니다
	at java.base/java.io.FileOutputStream.writeBytes(Native Method)
	at java.base/java.io.FileOutputStream.write(FileOutputStream.java:354)
	at java.base/java.io.BufferedOutputStream.flushBuffer(BufferedOutputStream.java:81)
	at java.base/java.io.BufferedOutputStream.flush(BufferedOutputStream.java:142)
	at org.eclipse.lsp4j.jsonrpc.json.StreamMessageConsumer.consume(StreamMessageConsumer.java:69)
	... 12 more

!ENTRY org.springframework.tooling.ls.eclipse.commons 1 0 2025-06-25 19:08:00.360
!MESSAGE Entering DelegatingStreamConnectionProvider()

!ENTRY org.springframework.tooling.ls.eclipse.commons 1 0 2025-06-25 19:08:00.361
!MESSAGE DelegatingStreamConnectionProvider classloader = org.eclipse.osgi.internal.loader.EquinoxClassLoader@500e5b3f[org.springframework.tooling.boot.ls:1.28.0.202109130547(id=1001)]

!ENTRY org.springframework.tooling.ls.eclipse.commons 1 0 2025-06-25 19:08:00.361
!MESSAGE SpringBootLanguageServer exists!

!ENTRY org.eclipse.lsp4e 4 0 2025-06-25 19:08:00.361
!MESSAGE org.eclipse.lsp4j.jsonrpc.JsonRpcException: java.io.IOException: 파이프가 닫히는 중입니다
!STACK 0
java.util.concurrent.ExecutionException: org.eclipse.lsp4j.jsonrpc.JsonRpcException: java.io.IOException: 파이프가 닫히는 중입니다
	at java.base/java.util.concurrent.CompletableFuture.reportGet(CompletableFuture.java:395)
	at java.base/java.util.concurrent.CompletableFuture.get(CompletableFuture.java:2028)
	at org.eclipse.lsp4e.LanguageServerWrapper.lambda$13(LanguageServerWrapper.java:425)
	at java.base/java.util.concurrent.CompletableFuture$AsyncRun.run(CompletableFuture.java:1736)
	at java.base/java.util.concurrent.CompletableFuture$AsyncRun.exec(CompletableFuture.java:1728)
	at java.base/java.util.concurrent.ForkJoinTask.doExec(ForkJoinTask.java:290)
	at java.base/java.util.concurrent.ForkJoinPool$WorkQueue.topLevelExec(ForkJoinPool.java:1020)
	at java.base/java.util.concurrent.ForkJoinPool.scan(ForkJoinPool.java:1656)
	at java.base/java.util.concurrent.ForkJoinPool.runWorker(ForkJoinPool.java:1594)
	at java.base/java.util.concurrent.ForkJoinWorkerThread.run(ForkJoinWorkerThread.java:183)
Caused by: org.eclipse.lsp4j.jsonrpc.JsonRpcException: java.io.IOException: 파이프가 닫히는 중입니다
	at org.eclipse.lsp4j.jsonrpc.json.StreamMessageConsumer.consume(StreamMessageConsumer.java:72)
	at org.eclipse.lsp4e.LanguageServerWrapper.lambda$4(LanguageServerWrapper.java:260)
	at org.eclipse.lsp4j.jsonrpc.RemoteEndpoint.request(RemoteEndpoint.java:161)
	at org.eclipse.lsp4j.jsonrpc.services.EndpointProxy.invoke(EndpointProxy.java:91)
	at com.sun.proxy.$Proxy49.shutdown(Unknown Source)
	at org.eclipse.lsp4e.LanguageServerWrapper.lambda$13(LanguageServerWrapper.java:423)
	... 7 more
Caused by: java.io.IOException: 파이프가 닫히는 중입니다
	at java.base/java.io.FileOutputStream.writeBytes(Native Method)
	at java.base/java.io.FileOutputStream.write(FileOutputStream.java:354)
	at java.base/java.io.BufferedOutputStream.flushBuffer(BufferedOutputStream.java:81)
	at java.base/java.io.BufferedOutputStream.flush(BufferedOutputStream.java:142)
	at org.eclipse.lsp4j.jsonrpc.json.StreamMessageConsumer.consume(StreamMessageConsumer.java:69)
	... 12 more

!ENTRY org.springframework.tooling.ls.eclipse.commons 1 0 2025-06-25 19:08:00.362
!MESSAGE Entering DelegatingStreamConnectionProvider()

!ENTRY org.springframework.tooling.ls.eclipse.commons 1 0 2025-06-25 19:08:00.362
!MESSAGE DelegatingStreamConnectionProvider classloader = org.eclipse.osgi.internal.loader.EquinoxClassLoader@500e5b3f[org.springframework.tooling.boot.ls:1.28.0.202109130547(id=1001)]

!ENTRY org.springframework.tooling.ls.eclipse.commons 1 0 2025-06-25 19:08:00.362
!MESSAGE SpringBootLanguageServer exists!

!ENTRY org.springframework.tooling.ls.eclipse.commons 1 0 2025-06-25 19:08:00.365
!MESSAGE Entering DelegatingStreamConnectionProvider()

!ENTRY org.springframework.tooling.ls.eclipse.commons 1 0 2025-06-25 19:08:00.365
!MESSAGE DelegatingStreamConnectionProvider classloader = org.eclipse.osgi.internal.loader.EquinoxClassLoader@500e5b3f[org.springframework.tooling.boot.ls:1.28.0.202109130547(id=1001)]

!ENTRY org.springframework.tooling.ls.eclipse.commons 1 0 2025-06-25 19:08:00.366
!MESSAGE SpringBootLanguageServer exists!

!ENTRY org.eclipse.lsp4e 4 0 2025-06-25 19:08:00.374
!MESSAGE org.eclipse.lsp4j.jsonrpc.JsonRpcException: java.io.IOException: 파이프가 닫히는 중입니다
!STACK 0
java.util.concurrent.ExecutionException: org.eclipse.lsp4j.jsonrpc.JsonRpcException: java.io.IOException: 파이프가 닫히는 중입니다
	at java.base/java.util.concurrent.CompletableFuture.reportGet(CompletableFuture.java:395)
	at java.base/java.util.concurrent.CompletableFuture.get(CompletableFuture.java:2028)
	at org.eclipse.lsp4e.LanguageServerWrapper.lambda$13(LanguageServerWrapper.java:425)
	at java.base/java.util.concurrent.CompletableFuture$AsyncRun.run(CompletableFuture.java:1736)
	at java.base/java.util.concurrent.CompletableFuture$AsyncRun.exec(CompletableFuture.java:1728)
	at java.base/java.util.concurrent.ForkJoinTask.doExec(ForkJoinTask.java:290)
	at java.base/java.util.concurrent.ForkJoinPool$WorkQueue.topLevelExec(ForkJoinPool.java:1020)
	at java.base/java.util.concurrent.ForkJoinPool.scan(ForkJoinPool.java:1656)
	at java.base/java.util.concurrent.ForkJoinPool.runWorker(ForkJoinPool.java:1594)
	at java.base/java.util.concurrent.ForkJoinWorkerThread.run(ForkJoinWorkerThread.java:183)
Caused by: org.eclipse.lsp4j.jsonrpc.JsonRpcException: java.io.IOException: 파이프가 닫히는 중입니다
	at org.eclipse.lsp4j.jsonrpc.json.StreamMessageConsumer.consume(StreamMessageConsumer.java:72)
	at org.eclipse.lsp4e.LanguageServerWrapper.lambda$4(LanguageServerWrapper.java:260)
	at org.eclipse.lsp4j.jsonrpc.RemoteEndpoint.request(RemoteEndpoint.java:161)
	at org.eclipse.lsp4j.jsonrpc.services.EndpointProxy.invoke(EndpointProxy.java:91)
	at com.sun.proxy.$Proxy49.shutdown(Unknown Source)
	at org.eclipse.lsp4e.LanguageServerWrapper.lambda$13(LanguageServerWrapper.java:423)
	... 7 more
Caused by: java.io.IOException: 파이프가 닫히는 중입니다
	at java.base/java.io.FileOutputStream.writeBytes(Native Method)
	at java.base/java.io.FileOutputStream.write(FileOutputStream.java:354)
	at java.base/java.io.BufferedOutputStream.flushBuffer(BufferedOutputStream.java:81)
	at java.base/java.io.BufferedOutputStream.flush(BufferedOutputStream.java:142)
	at org.eclipse.lsp4j.jsonrpc.json.StreamMessageConsumer.consume(StreamMessageConsumer.java:69)
	... 12 more

!ENTRY org.springframework.tooling.ls.eclipse.commons 1 0 2025-06-25 19:08:00.374
!MESSAGE Entering DelegatingStreamConnectionProvider()

!ENTRY org.springframework.tooling.ls.eclipse.commons 1 0 2025-06-25 19:08:00.375
!MESSAGE DelegatingStreamConnectionProvider classloader = org.eclipse.osgi.internal.loader.EquinoxClassLoader@500e5b3f[org.springframework.tooling.boot.ls:1.28.0.202109130547(id=1001)]

!ENTRY org.springframework.tooling.ls.eclipse.commons 1 0 2025-06-25 19:08:00.375
!MESSAGE SpringBootLanguageServer exists!

!ENTRY org.eclipse.lsp4e 4 0 2025-06-25 19:08:00.379
!MESSAGE org.eclipse.lsp4j.jsonrpc.JsonRpcException: java.io.IOException: 파이프가 닫히는 중입니다
!STACK 0
java.util.concurrent.ExecutionException: org.eclipse.lsp4j.jsonrpc.JsonRpcException: java.io.IOException: 파이프가 닫히는 중입니다
	at java.base/java.util.concurrent.CompletableFuture.reportGet(CompletableFuture.java:395)
	at java.base/java.util.concurrent.CompletableFuture.get(CompletableFuture.java:2028)
	at org.eclipse.lsp4e.LanguageServerWrapper.lambda$13(LanguageServerWrapper.java:425)
	at java.base/java.util.concurrent.CompletableFuture$AsyncRun.run(CompletableFuture.java:1736)
	at java.base/java.util.concurrent.CompletableFuture$AsyncRun.exec(CompletableFuture.java:1728)
	at java.base/java.util.concurrent.ForkJoinTask.doExec(ForkJoinTask.java:290)
	at java.base/java.util.concurrent.ForkJoinPool$WorkQueue.topLevelExec(ForkJoinPool.java:1020)
	at java.base/java.util.concurrent.ForkJoinPool.scan(ForkJoinPool.java:1656)
	at java.base/java.util.concurrent.ForkJoinPool.runWorker(ForkJoinPool.java:1594)
	at java.base/java.util.concurrent.ForkJoinWorkerThread.run(ForkJoinWorkerThread.java:183)
Caused by: org.eclipse.lsp4j.jsonrpc.JsonRpcException: java.io.IOException: 파이프가 닫히는 중입니다
	at org.eclipse.lsp4j.jsonrpc.json.StreamMessageConsumer.consume(StreamMessageConsumer.java:72)
	at org.eclipse.lsp4e.LanguageServerWrapper.lambda$4(LanguageServerWrapper.java:260)
	at org.eclipse.lsp4j.jsonrpc.RemoteEndpoint.request(RemoteEndpoint.java:161)
	at org.eclipse.lsp4j.jsonrpc.services.EndpointProxy.invoke(EndpointProxy.java:91)
	at com.sun.proxy.$Proxy49.shutdown(Unknown Source)
	at org.eclipse.lsp4e.LanguageServerWrapper.lambda$13(LanguageServerWrapper.java:423)
	... 7 more
Caused by: java.io.IOException: 파이프가 닫히는 중입니다
	at java.base/java.io.FileOutputStream.writeBytes(Native Method)
	at java.base/java.io.FileOutputStream.write(FileOutputStream.java:354)
	at java.base/java.io.BufferedOutputStream.flushBuffer(BufferedOutputStream.java:81)
	at java.base/java.io.BufferedOutputStream.flush(BufferedOutputStream.java:142)
	at org.eclipse.lsp4j.jsonrpc.json.StreamMessageConsumer.consume(StreamMessageConsumer.java:69)
	... 12 more

!ENTRY org.springframework.tooling.ls.eclipse.commons 1 0 2025-06-25 19:08:00.380
!MESSAGE Entering DelegatingStreamConnectionProvider()

!ENTRY org.springframework.tooling.ls.eclipse.commons 1 0 2025-06-25 19:08:00.380
!MESSAGE DelegatingStreamConnectionProvider classloader = org.eclipse.osgi.internal.loader.EquinoxClassLoader@500e5b3f[org.springframework.tooling.boot.ls:1.28.0.202109130547(id=1001)]

!ENTRY org.springframework.tooling.ls.eclipse.commons 1 0 2025-06-25 19:08:00.380
!MESSAGE SpringBootLanguageServer exists!

!ENTRY org.eclipse.lsp4e 4 0 2025-06-25 19:08:00.382
!MESSAGE org.eclipse.lsp4j.jsonrpc.JsonRpcException: java.io.IOException: 파이프가 닫히는 중입니다
!STACK 0
java.util.concurrent.ExecutionException: org.eclipse.lsp4j.jsonrpc.JsonRpcException: java.io.IOException: 파이프가 닫히는 중입니다
	at java.base/java.util.concurrent.CompletableFuture.reportGet(CompletableFuture.java:395)
	at java.base/java.util.concurrent.CompletableFuture.get(CompletableFuture.java:2028)
	at org.eclipse.lsp4e.LanguageServerWrapper.lambda$13(LanguageServerWrapper.java:425)
	at java.base/java.util.concurrent.CompletableFuture$AsyncRun.run(CompletableFuture.java:1736)
	at java.base/java.util.concurrent.CompletableFuture$AsyncRun.exec(CompletableFuture.java:1728)
	at java.base/java.util.concurrent.ForkJoinTask.doExec(ForkJoinTask.java:290)
	at java.base/java.util.concurrent.ForkJoinPool$WorkQueue.topLevelExec(ForkJoinPool.java:1020)
	at java.base/java.util.concurrent.ForkJoinPool.scan(ForkJoinPool.java:1656)
	at java.base/java.util.concurrent.ForkJoinPool.runWorker(ForkJoinPool.java:1594)
	at java.base/java.util.concurrent.ForkJoinWorkerThread.run(ForkJoinWorkerThread.java:183)
Caused by: org.eclipse.lsp4j.jsonrpc.JsonRpcException: java.io.IOException: 파이프가 닫히는 중입니다
	at org.eclipse.lsp4j.jsonrpc.json.StreamMessageConsumer.consume(StreamMessageConsumer.java:72)
	at org.eclipse.lsp4e.LanguageServerWrapper.lambda$4(LanguageServerWrapper.java:260)
	at org.eclipse.lsp4j.jsonrpc.RemoteEndpoint.request(RemoteEndpoint.java:161)
	at org.eclipse.lsp4j.jsonrpc.services.EndpointProxy.invoke(EndpointProxy.java:91)
	at com.sun.proxy.$Proxy49.shutdown(Unknown Source)
	at org.eclipse.lsp4e.LanguageServerWrapper.lambda$13(LanguageServerWrapper.java:423)
	... 7 more
Caused by: java.io.IOException: 파이프가 닫히는 중입니다
	at java.base/java.io.FileOutputStream.writeBytes(Native Method)
	at java.base/java.io.FileOutputStream.write(FileOutputStream.java:354)
	at java.base/java.io.BufferedOutputStream.flushBuffer(BufferedOutputStream.java:81)
	at java.base/java.io.BufferedOutputStream.flush(BufferedOutputStream.java:142)
	at org.eclipse.lsp4j.jsonrpc.json.StreamMessageConsumer.consume(StreamMessageConsumer.java:69)
	... 12 more

!ENTRY org.springframework.tooling.ls.eclipse.commons 1 0 2025-06-25 19:08:00.382
!MESSAGE Entering DelegatingStreamConnectionProvider()

!ENTRY org.springframework.tooling.ls.eclipse.commons 1 0 2025-06-25 19:08:00.382
!MESSAGE DelegatingStreamConnectionProvider classloader = org.eclipse.osgi.internal.loader.EquinoxClassLoader@500e5b3f[org.springframework.tooling.boot.ls:1.28.0.202109130547(id=1001)]

!ENTRY org.springframework.tooling.ls.eclipse.commons 1 0 2025-06-25 19:08:00.384
!MESSAGE SpringBootLanguageServer exists!

!ENTRY org.eclipse.lsp4e 4 0 2025-06-25 19:08:00.385
!MESSAGE org.eclipse.lsp4j.jsonrpc.JsonRpcException: java.io.IOException: 파이프가 닫히는 중입니다
!STACK 0
java.util.concurrent.ExecutionException: org.eclipse.lsp4j.jsonrpc.JsonRpcException: java.io.IOException: 파이프가 닫히는 중입니다
	at java.base/java.util.concurrent.CompletableFuture.reportGet(CompletableFuture.java:395)
	at java.base/java.util.concurrent.CompletableFuture.get(CompletableFuture.java:2028)
	at org.eclipse.lsp4e.LanguageServerWrapper.lambda$13(LanguageServerWrapper.java:425)
	at java.base/java.util.concurrent.CompletableFuture$AsyncRun.run(CompletableFuture.java:1736)
	at java.base/java.util.concurrent.CompletableFuture$AsyncRun.exec(CompletableFuture.java:1728)
	at java.base/java.util.concurrent.ForkJoinTask.doExec(ForkJoinTask.java:290)
	at java.base/java.util.concurrent.ForkJoinPool$WorkQueue.topLevelExec(ForkJoinPool.java:1020)
	at java.base/java.util.concurrent.ForkJoinPool.scan(ForkJoinPool.java:1656)
	at java.base/java.util.concurrent.ForkJoinPool.runWorker(ForkJoinPool.java:1594)
	at java.base/java.util.concurrent.ForkJoinWorkerThread.run(ForkJoinWorkerThread.java:183)
Caused by: org.eclipse.lsp4j.jsonrpc.JsonRpcException: java.io.IOException: 파이프가 닫히는 중입니다
	at org.eclipse.lsp4j.jsonrpc.json.StreamMessageConsumer.consume(StreamMessageConsumer.java:72)
	at org.eclipse.lsp4e.LanguageServerWrapper.lambda$4(LanguageServerWrapper.java:260)
	at org.eclipse.lsp4j.jsonrpc.RemoteEndpoint.request(RemoteEndpoint.java:161)
	at org.eclipse.lsp4j.jsonrpc.services.EndpointProxy.invoke(EndpointProxy.java:91)
	at com.sun.proxy.$Proxy49.shutdown(Unknown Source)
	at org.eclipse.lsp4e.LanguageServerWrapper.lambda$13(LanguageServerWrapper.java:423)
	... 7 more
Caused by: java.io.IOException: 파이프가 닫히는 중입니다
	at java.base/java.io.FileOutputStream.writeBytes(Native Method)
	at java.base/java.io.FileOutputStream.write(FileOutputStream.java:354)
	at java.base/java.io.BufferedOutputStream.flushBuffer(BufferedOutputStream.java:81)
	at java.base/java.io.BufferedOutputStream.flush(BufferedOutputStream.java:142)
	at org.eclipse.lsp4j.jsonrpc.json.StreamMessageConsumer.consume(StreamMessageConsumer.java:69)
	... 12 more

!ENTRY org.springframework.tooling.ls.eclipse.commons 1 0 2025-06-25 19:08:00.385
!MESSAGE Entering DelegatingStreamConnectionProvider()

!ENTRY org.springframework.tooling.ls.eclipse.commons 1 0 2025-06-25 19:08:00.385
!MESSAGE DelegatingStreamConnectionProvider classloader = org.eclipse.osgi.internal.loader.EquinoxClassLoader@500e5b3f[org.springframework.tooling.boot.ls:1.28.0.202109130547(id=1001)]

!ENTRY org.springframework.tooling.ls.eclipse.commons 1 0 2025-06-25 19:08:00.385
!MESSAGE SpringBootLanguageServer exists!

!ENTRY org.eclipse.lsp4e 4 0 2025-06-25 19:08:00.386
!MESSAGE org.eclipse.lsp4j.jsonrpc.JsonRpcException: java.io.IOException: 파이프가 닫히는 중입니다
!STACK 0
java.util.concurrent.ExecutionException: org.eclipse.lsp4j.jsonrpc.JsonRpcException: java.io.IOException: 파이프가 닫히는 중입니다
	at java.base/java.util.concurrent.CompletableFuture.reportGet(CompletableFuture.java:395)
	at java.base/java.util.concurrent.CompletableFuture.get(CompletableFuture.java:2028)
	at org.eclipse.lsp4e.LanguageServerWrapper.lambda$13(LanguageServerWrapper.java:425)
	at java.base/java.util.concurrent.CompletableFuture$AsyncRun.run(CompletableFuture.java:1736)
	at java.base/java.util.concurrent.CompletableFuture$AsyncRun.exec(CompletableFuture.java:1728)
	at java.base/java.util.concurrent.ForkJoinTask.doExec(ForkJoinTask.java:290)
	at java.base/java.util.concurrent.ForkJoinPool$WorkQueue.topLevelExec(ForkJoinPool.java:1020)
	at java.base/java.util.concurrent.ForkJoinPool.scan(ForkJoinPool.java:1656)
	at java.base/java.util.concurrent.ForkJoinPool.runWorker(ForkJoinPool.java:1594)
	at java.base/java.util.concurrent.ForkJoinWorkerThread.run(ForkJoinWorkerThread.java:183)
Caused by: org.eclipse.lsp4j.jsonrpc.JsonRpcException: java.io.IOException: 파이프가 닫히는 중입니다
	at org.eclipse.lsp4j.jsonrpc.json.StreamMessageConsumer.consume(StreamMessageConsumer.java:72)
	at org.eclipse.lsp4e.LanguageServerWrapper.lambda$4(LanguageServerWrapper.java:260)
	at org.eclipse.lsp4j.jsonrpc.RemoteEndpoint.request(RemoteEndpoint.java:161)
	at org.eclipse.lsp4j.jsonrpc.services.EndpointProxy.invoke(EndpointProxy.java:91)
	at com.sun.proxy.$Proxy49.shutdown(Unknown Source)
	at org.eclipse.lsp4e.LanguageServerWrapper.lambda$13(LanguageServerWrapper.java:423)
	... 7 more
Caused by: java.io.IOException: 파이프가 닫히는 중입니다
	at java.base/java.io.FileOutputStream.writeBytes(Native Method)
	at java.base/java.io.FileOutputStream.write(FileOutputStream.java:354)
	at java.base/java.io.BufferedOutputStream.flushBuffer(BufferedOutputStream.java:81)
	at java.base/java.io.BufferedOutputStream.flush(BufferedOutputStream.java:142)
	at org.eclipse.lsp4j.jsonrpc.json.StreamMessageConsumer.consume(StreamMessageConsumer.java:69)
	... 12 more

!ENTRY org.springframework.tooling.ls.eclipse.commons 1 0 2025-06-25 19:08:00.387
!MESSAGE Entering DelegatingStreamConnectionProvider()

!ENTRY org.springframework.tooling.ls.eclipse.commons 1 0 2025-06-25 19:08:00.387
!MESSAGE DelegatingStreamConnectionProvider classloader = org.eclipse.osgi.internal.loader.EquinoxClassLoader@500e5b3f[org.springframework.tooling.boot.ls:1.28.0.202109130547(id=1001)]

!ENTRY org.springframework.tooling.ls.eclipse.commons 1 0 2025-06-25 19:08:00.387
!MESSAGE SpringBootLanguageServer exists!

!ENTRY org.eclipse.lsp4e 4 0 2025-06-25 19:08:00.389
!MESSAGE org.eclipse.lsp4j.jsonrpc.JsonRpcException: java.io.IOException: 파이프가 닫히는 중입니다
!STACK 0
java.util.concurrent.ExecutionException: org.eclipse.lsp4j.jsonrpc.JsonRpcException: java.io.IOException: 파이프가 닫히는 중입니다
	at java.base/java.util.concurrent.CompletableFuture.reportGet(CompletableFuture.java:395)
	at java.base/java.util.concurrent.CompletableFuture.get(CompletableFuture.java:2028)
	at org.eclipse.lsp4e.LanguageServerWrapper.lambda$13(LanguageServerWrapper.java:425)
	at java.base/java.util.concurrent.CompletableFuture$AsyncRun.run(CompletableFuture.java:1736)
	at java.base/java.util.concurrent.CompletableFuture$AsyncRun.exec(CompletableFuture.java:1728)
	at java.base/java.util.concurrent.ForkJoinTask.doExec(ForkJoinTask.java:290)
	at java.base/java.util.concurrent.ForkJoinPool$WorkQueue.topLevelExec(ForkJoinPool.java:1020)
	at java.base/java.util.concurrent.ForkJoinPool.scan(ForkJoinPool.java:1656)
	at java.base/java.util.concurrent.ForkJoinPool.runWorker(ForkJoinPool.java:1594)
	at java.base/java.util.concurrent.ForkJoinWorkerThread.run(ForkJoinWorkerThread.java:183)
Caused by: org.eclipse.lsp4j.jsonrpc.JsonRpcException: java.io.IOException: 파이프가 닫히는 중입니다
	at org.eclipse.lsp4j.jsonrpc.json.StreamMessageConsumer.consume(StreamMessageConsumer.java:72)
	at org.eclipse.lsp4e.LanguageServerWrapper.lambda$4(LanguageServerWrapper.java:260)
	at org.eclipse.lsp4j.jsonrpc.RemoteEndpoint.request(RemoteEndpoint.java:161)
	at org.eclipse.lsp4j.jsonrpc.services.EndpointProxy.invoke(EndpointProxy.java:91)
	at com.sun.proxy.$Proxy49.shutdown(Unknown Source)
	at org.eclipse.lsp4e.LanguageServerWrapper.lambda$13(LanguageServerWrapper.java:423)
	... 7 more
Caused by: java.io.IOException: 파이프가 닫히는 중입니다
	at java.base/java.io.FileOutputStream.writeBytes(Native Method)
	at java.base/java.io.FileOutputStream.write(FileOutputStream.java:354)
	at java.base/java.io.BufferedOutputStream.flushBuffer(BufferedOutputStream.java:81)
	at java.base/java.io.BufferedOutputStream.flush(BufferedOutputStream.java:142)
	at org.eclipse.lsp4j.jsonrpc.json.StreamMessageConsumer.consume(StreamMessageConsumer.java:69)
	... 12 more

!ENTRY org.springframework.tooling.ls.eclipse.commons 1 0 2025-06-25 19:08:00.390
!MESSAGE Entering DelegatingStreamConnectionProvider()

!ENTRY org.springframework.tooling.ls.eclipse.commons 1 0 2025-06-25 19:08:00.390
!MESSAGE DelegatingStreamConnectionProvider classloader = org.eclipse.osgi.internal.loader.EquinoxClassLoader@500e5b3f[org.springframework.tooling.boot.ls:1.28.0.202109130547(id=1001)]

!ENTRY org.springframework.tooling.ls.eclipse.commons 1 0 2025-06-25 19:08:00.390
!MESSAGE SpringBootLanguageServer exists!

!ENTRY org.eclipse.lsp4e 4 0 2025-06-25 19:08:00.391
!MESSAGE org.eclipse.lsp4j.jsonrpc.JsonRpcException: java.io.IOException: 파이프가 닫히는 중입니다
!STACK 0
java.util.concurrent.ExecutionException: org.eclipse.lsp4j.jsonrpc.JsonRpcException: java.io.IOException: 파이프가 닫히는 중입니다
	at java.base/java.util.concurrent.CompletableFuture.reportGet(CompletableFuture.java:395)
	at java.base/java.util.concurrent.CompletableFuture.get(CompletableFuture.java:2028)
	at org.eclipse.lsp4e.LanguageServerWrapper.lambda$13(LanguageServerWrapper.java:425)
	at java.base/java.util.concurrent.CompletableFuture$AsyncRun.run(CompletableFuture.java:1736)
	at java.base/java.util.concurrent.CompletableFuture$AsyncRun.exec(CompletableFuture.java:1728)
	at java.base/java.util.concurrent.ForkJoinTask.doExec(ForkJoinTask.java:290)
	at java.base/java.util.concurrent.ForkJoinPool$WorkQueue.topLevelExec(ForkJoinPool.java:1020)
	at java.base/java.util.concurrent.ForkJoinPool.scan(ForkJoinPool.java:1656)
	at java.base/java.util.concurrent.ForkJoinPool.runWorker(ForkJoinPool.java:1594)
	at java.base/java.util.concurrent.ForkJoinWorkerThread.run(ForkJoinWorkerThread.java:183)
Caused by: org.eclipse.lsp4j.jsonrpc.JsonRpcException: java.io.IOException: 파이프가 닫히는 중입니다
	at org.eclipse.lsp4j.jsonrpc.json.StreamMessageConsumer.consume(StreamMessageConsumer.java:72)
	at org.eclipse.lsp4e.LanguageServerWrapper.lambda$4(LanguageServerWrapper.java:260)
	at org.eclipse.lsp4j.jsonrpc.RemoteEndpoint.request(RemoteEndpoint.java:161)
	at org.eclipse.lsp4j.jsonrpc.services.EndpointProxy.invoke(EndpointProxy.java:91)
	at com.sun.proxy.$Proxy49.shutdown(Unknown Source)
	at org.eclipse.lsp4e.LanguageServerWrapper.lambda$13(LanguageServerWrapper.java:423)
	... 7 more
Caused by: java.io.IOException: 파이프가 닫히는 중입니다
	at java.base/java.io.FileOutputStream.writeBytes(Native Method)
	at java.base/java.io.FileOutputStream.write(FileOutputStream.java:354)
	at java.base/java.io.BufferedOutputStream.flushBuffer(BufferedOutputStream.java:81)
	at java.base/java.io.BufferedOutputStream.flush(BufferedOutputStream.java:142)
	at org.eclipse.lsp4j.jsonrpc.json.StreamMessageConsumer.consume(StreamMessageConsumer.java:69)
	... 12 more

!ENTRY org.springframework.tooling.ls.eclipse.commons 1 0 2025-06-25 19:08:00.392
!MESSAGE Entering DelegatingStreamConnectionProvider()

!ENTRY org.springframework.tooling.ls.eclipse.commons 1 0 2025-06-25 19:08:00.392
!MESSAGE DelegatingStreamConnectionProvider classloader = org.eclipse.osgi.internal.loader.EquinoxClassLoader@500e5b3f[org.springframework.tooling.boot.ls:1.28.0.202109130547(id=1001)]

!ENTRY org.springframework.tooling.ls.eclipse.commons 1 0 2025-06-25 19:08:00.392
!MESSAGE SpringBootLanguageServer exists!

!ENTRY org.eclipse.lsp4e 4 0 2025-06-25 19:08:00.395
!MESSAGE org.eclipse.lsp4j.jsonrpc.JsonRpcException: java.io.IOException: 파이프가 닫히는 중입니다
!STACK 0
java.util.concurrent.ExecutionException: org.eclipse.lsp4j.jsonrpc.JsonRpcException: java.io.IOException: 파이프가 닫히는 중입니다
	at java.base/java.util.concurrent.CompletableFuture.reportGet(CompletableFuture.java:395)
	at java.base/java.util.concurrent.CompletableFuture.get(CompletableFuture.java:2028)
	at org.eclipse.lsp4e.LanguageServerWrapper.lambda$13(LanguageServerWrapper.java:425)
	at java.base/java.util.concurrent.CompletableFuture$AsyncRun.run(CompletableFuture.java:1736)
	at java.base/java.util.concurrent.CompletableFuture$AsyncRun.exec(CompletableFuture.java:1728)
	at java.base/java.util.concurrent.ForkJoinTask.doExec(ForkJoinTask.java:290)
	at java.base/java.util.concurrent.ForkJoinPool$WorkQueue.topLevelExec(ForkJoinPool.java:1020)
	at java.base/java.util.concurrent.ForkJoinPool.scan(ForkJoinPool.java:1656)
	at java.base/java.util.concurrent.ForkJoinPool.runWorker(ForkJoinPool.java:1594)
	at java.base/java.util.concurrent.ForkJoinWorkerThread.run(ForkJoinWorkerThread.java:183)
Caused by: org.eclipse.lsp4j.jsonrpc.JsonRpcException: java.io.IOException: 파이프가 닫히는 중입니다
	at org.eclipse.lsp4j.jsonrpc.json.StreamMessageConsumer.consume(StreamMessageConsumer.java:72)
	at org.eclipse.lsp4e.LanguageServerWrapper.lambda$4(LanguageServerWrapper.java:260)
	at org.eclipse.lsp4j.jsonrpc.RemoteEndpoint.request(RemoteEndpoint.java:161)
	at org.eclipse.lsp4j.jsonrpc.services.EndpointProxy.invoke(EndpointProxy.java:91)
	at com.sun.proxy.$Proxy49.shutdown(Unknown Source)
	at org.eclipse.lsp4e.LanguageServerWrapper.lambda$13(LanguageServerWrapper.java:423)
	... 7 more
Caused by: java.io.IOException: 파이프가 닫히는 중입니다
	at java.base/java.io.FileOutputStream.writeBytes(Native Method)
	at java.base/java.io.FileOutputStream.write(FileOutputStream.java:354)
	at java.base/java.io.BufferedOutputStream.flushBuffer(BufferedOutputStream.java:81)
	at java.base/java.io.BufferedOutputStream.flush(BufferedOutputStream.java:142)
	at org.eclipse.lsp4j.jsonrpc.json.StreamMessageConsumer.consume(StreamMessageConsumer.java:69)
	... 12 more

!ENTRY org.springframework.tooling.ls.eclipse.commons 1 0 2025-06-25 19:08:00.396
!MESSAGE Entering DelegatingStreamConnectionProvider()

!ENTRY org.springframework.tooling.ls.eclipse.commons 1 0 2025-06-25 19:08:00.396
!MESSAGE DelegatingStreamConnectionProvider classloader = org.eclipse.osgi.internal.loader.EquinoxClassLoader@500e5b3f[org.springframework.tooling.boot.ls:1.28.0.202109130547(id=1001)]

!ENTRY org.springframework.tooling.ls.eclipse.commons 1 0 2025-06-25 19:08:00.397
!MESSAGE SpringBootLanguageServer exists!

!ENTRY org.eclipse.lsp4e 4 0 2025-06-25 19:08:00.398
!MESSAGE org.eclipse.lsp4j.jsonrpc.JsonRpcException: java.io.IOException: 파이프가 닫히는 중입니다
!STACK 0
java.util.concurrent.ExecutionException: org.eclipse.lsp4j.jsonrpc.JsonRpcException: java.io.IOException: 파이프가 닫히는 중입니다
	at java.base/java.util.concurrent.CompletableFuture.reportGet(CompletableFuture.java:395)
	at java.base/java.util.concurrent.CompletableFuture.get(CompletableFuture.java:2028)
	at org.eclipse.lsp4e.LanguageServerWrapper.lambda$13(LanguageServerWrapper.java:425)
	at java.base/java.util.concurrent.CompletableFuture$AsyncRun.run(CompletableFuture.java:1736)
	at java.base/java.util.concurrent.CompletableFuture$AsyncRun.exec(CompletableFuture.java:1728)
	at java.base/java.util.concurrent.ForkJoinTask.doExec(ForkJoinTask.java:290)
	at java.base/java.util.concurrent.ForkJoinPool$WorkQueue.topLevelExec(ForkJoinPool.java:1020)
	at java.base/java.util.concurrent.ForkJoinPool.scan(ForkJoinPool.java:1656)
	at java.base/java.util.concurrent.ForkJoinPool.runWorker(ForkJoinPool.java:1594)
	at java.base/java.util.concurrent.ForkJoinWorkerThread.run(ForkJoinWorkerThread.java:183)
Caused by: org.eclipse.lsp4j.jsonrpc.JsonRpcException: java.io.IOException: 파이프가 닫히는 중입니다
	at org.eclipse.lsp4j.jsonrpc.json.StreamMessageConsumer.consume(StreamMessageConsumer.java:72)
	at org.eclipse.lsp4e.LanguageServerWrapper.lambda$4(LanguageServerWrapper.java:260)
	at org.eclipse.lsp4j.jsonrpc.RemoteEndpoint.request(RemoteEndpoint.java:161)
	at org.eclipse.lsp4j.jsonrpc.services.EndpointProxy.invoke(EndpointProxy.java:91)
	at com.sun.proxy.$Proxy49.shutdown(Unknown Source)
	at org.eclipse.lsp4e.LanguageServerWrapper.lambda$13(LanguageServerWrapper.java:423)
	... 7 more
Caused by: java.io.IOException: 파이프가 닫히는 중입니다
	at java.base/java.io.FileOutputStream.writeBytes(Native Method)
	at java.base/java.io.FileOutputStream.write(FileOutputStream.java:354)
	at java.base/java.io.BufferedOutputStream.flushBuffer(BufferedOutputStream.java:81)
	at java.base/java.io.BufferedOutputStream.flush(BufferedOutputStream.java:142)
	at org.eclipse.lsp4j.jsonrpc.json.StreamMessageConsumer.consume(StreamMessageConsumer.java:69)
	... 12 more

!ENTRY org.springframework.tooling.ls.eclipse.commons 1 0 2025-06-25 19:08:00.398
!MESSAGE Entering DelegatingStreamConnectionProvider()

!ENTRY org.springframework.tooling.ls.eclipse.commons 1 0 2025-06-25 19:08:00.398
!MESSAGE DelegatingStreamConnectionProvider classloader = org.eclipse.osgi.internal.loader.EquinoxClassLoader@500e5b3f[org.springframework.tooling.boot.ls:1.28.0.202109130547(id=1001)]

!ENTRY org.springframework.tooling.ls.eclipse.commons 1 0 2025-06-25 19:08:00.399
!MESSAGE SpringBootLanguageServer exists!

!ENTRY org.eclipse.lsp4e 4 0 2025-06-25 19:08:00.400
!MESSAGE org.eclipse.lsp4j.jsonrpc.JsonRpcException: java.io.IOException: 파이프가 닫히는 중입니다
!STACK 0
java.util.concurrent.ExecutionException: org.eclipse.lsp4j.jsonrpc.JsonRpcException: java.io.IOException: 파이프가 닫히는 중입니다
	at java.base/java.util.concurrent.CompletableFuture.reportGet(CompletableFuture.java:395)
	at java.base/java.util.concurrent.CompletableFuture.get(CompletableFuture.java:2028)
	at org.eclipse.lsp4e.LanguageServerWrapper.lambda$13(LanguageServerWrapper.java:425)
	at java.base/java.util.concurrent.CompletableFuture$AsyncRun.run(CompletableFuture.java:1736)
	at java.base/java.util.concurrent.CompletableFuture$AsyncRun.exec(CompletableFuture.java:1728)
	at java.base/java.util.concurrent.ForkJoinTask.doExec(ForkJoinTask.java:290)
	at java.base/java.util.concurrent.ForkJoinPool$WorkQueue.topLevelExec(ForkJoinPool.java:1020)
	at java.base/java.util.concurrent.ForkJoinPool.scan(ForkJoinPool.java:1656)
	at java.base/java.util.concurrent.ForkJoinPool.runWorker(ForkJoinPool.java:1594)
	at java.base/java.util.concurrent.ForkJoinWorkerThread.run(ForkJoinWorkerThread.java:183)
Caused by: org.eclipse.lsp4j.jsonrpc.JsonRpcException: java.io.IOException: 파이프가 닫히는 중입니다
	at org.eclipse.lsp4j.jsonrpc.json.StreamMessageConsumer.consume(StreamMessageConsumer.java:72)
	at org.eclipse.lsp4e.LanguageServerWrapper.lambda$4(LanguageServerWrapper.java:260)
	at org.eclipse.lsp4j.jsonrpc.RemoteEndpoint.request(RemoteEndpoint.java:161)
	at org.eclipse.lsp4j.jsonrpc.services.EndpointProxy.invoke(EndpointProxy.java:91)
	at com.sun.proxy.$Proxy49.shutdown(Unknown Source)
	at org.eclipse.lsp4e.LanguageServerWrapper.lambda$13(LanguageServerWrapper.java:423)
	... 7 more
Caused by: java.io.IOException: 파이프가 닫히는 중입니다
	at java.base/java.io.FileOutputStream.writeBytes(Native Method)
	at java.base/java.io.FileOutputStream.write(FileOutputStream.java:354)
	at java.base/java.io.BufferedOutputStream.flushBuffer(BufferedOutputStream.java:81)
	at java.base/java.io.BufferedOutputStream.flush(BufferedOutputStream.java:142)
	at org.eclipse.lsp4j.jsonrpc.json.StreamMessageConsumer.consume(StreamMessageConsumer.java:69)
	... 12 more

!ENTRY org.springframework.tooling.ls.eclipse.commons 1 0 2025-06-25 19:08:00.401
!MESSAGE Entering DelegatingStreamConnectionProvider()

!ENTRY org.springframework.tooling.ls.eclipse.commons 1 0 2025-06-25 19:08:00.401
!MESSAGE DelegatingStreamConnectionProvider classloader = org.eclipse.osgi.internal.loader.EquinoxClassLoader@500e5b3f[org.springframework.tooling.boot.ls:1.28.0.202109130547(id=1001)]

!ENTRY org.springframework.tooling.ls.eclipse.commons 1 0 2025-06-25 19:08:00.402
!MESSAGE SpringBootLanguageServer exists!

!ENTRY org.eclipse.lsp4e 4 0 2025-06-25 19:08:00.403
!MESSAGE org.eclipse.lsp4j.jsonrpc.JsonRpcException: java.io.IOException: 파이프가 닫히는 중입니다
!STACK 0
java.util.concurrent.ExecutionException: org.eclipse.lsp4j.jsonrpc.JsonRpcException: java.io.IOException: 파이프가 닫히는 중입니다
	at java.base/java.util.concurrent.CompletableFuture.reportGet(CompletableFuture.java:395)
	at java.base/java.util.concurrent.CompletableFuture.get(CompletableFuture.java:2028)
	at org.eclipse.lsp4e.LanguageServerWrapper.lambda$13(LanguageServerWrapper.java:425)
	at java.base/java.util.concurrent.CompletableFuture$AsyncRun.run(CompletableFuture.java:1736)
	at java.base/java.util.concurrent.CompletableFuture$AsyncRun.exec(CompletableFuture.java:1728)
	at java.base/java.util.concurrent.ForkJoinTask.doExec(ForkJoinTask.java:290)
	at java.base/java.util.concurrent.ForkJoinPool$WorkQueue.topLevelExec(ForkJoinPool.java:1020)
	at java.base/java.util.concurrent.ForkJoinPool.scan(ForkJoinPool.java:1656)
	at java.base/java.util.concurrent.ForkJoinPool.runWorker(ForkJoinPool.java:1594)
	at java.base/java.util.concurrent.ForkJoinWorkerThread.run(ForkJoinWorkerThread.java:183)
Caused by: org.eclipse.lsp4j.jsonrpc.JsonRpcException: java.io.IOException: 파이프가 닫히는 중입니다
	at org.eclipse.lsp4j.jsonrpc.json.StreamMessageConsumer.consume(StreamMessageConsumer.java:72)
	at org.eclipse.lsp4e.LanguageServerWrapper.lambda$4(LanguageServerWrapper.java:260)
	at org.eclipse.lsp4j.jsonrpc.RemoteEndpoint.request(RemoteEndpoint.java:161)
	at org.eclipse.lsp4j.jsonrpc.services.EndpointProxy.invoke(EndpointProxy.java:91)
	at com.sun.proxy.$Proxy49.shutdown(Unknown Source)
	at org.eclipse.lsp4e.LanguageServerWrapper.lambda$13(LanguageServerWrapper.java:423)
	... 7 more
Caused by: java.io.IOException: 파이프가 닫히는 중입니다
	at java.base/java.io.FileOutputStream.writeBytes(Native Method)
	at java.base/java.io.FileOutputStream.write(FileOutputStream.java:354)
	at java.base/java.io.BufferedOutputStream.flushBuffer(BufferedOutputStream.java:81)
	at java.base/java.io.BufferedOutputStream.flush(BufferedOutputStream.java:142)
	at org.eclipse.lsp4j.jsonrpc.json.StreamMessageConsumer.consume(StreamMessageConsumer.java:69)
	... 12 more

!ENTRY org.springframework.tooling.ls.eclipse.commons 1 0 2025-06-25 19:08:00.404
!MESSAGE Entering DelegatingStreamConnectionProvider()

!ENTRY org.springframework.tooling.ls.eclipse.commons 1 0 2025-06-25 19:08:00.404
!MESSAGE DelegatingStreamConnectionProvider classloader = org.eclipse.osgi.internal.loader.EquinoxClassLoader@500e5b3f[org.springframework.tooling.boot.ls:1.28.0.202109130547(id=1001)]

!ENTRY org.springframework.tooling.ls.eclipse.commons 1 0 2025-06-25 19:08:00.404
!MESSAGE SpringBootLanguageServer exists!

!ENTRY org.eclipse.lsp4e 4 0 2025-06-25 19:08:00.405
!MESSAGE org.eclipse.lsp4j.jsonrpc.JsonRpcException: java.io.IOException: 파이프가 닫히는 중입니다
!STACK 0
java.util.concurrent.ExecutionException: org.eclipse.lsp4j.jsonrpc.JsonRpcException: java.io.IOException: 파이프가 닫히는 중입니다
	at java.base/java.util.concurrent.CompletableFuture.reportGet(CompletableFuture.java:395)
	at java.base/java.util.concurrent.CompletableFuture.get(CompletableFuture.java:2028)
	at org.eclipse.lsp4e.LanguageServerWrapper.lambda$13(LanguageServerWrapper.java:425)
	at java.base/java.util.concurrent.CompletableFuture$AsyncRun.run(CompletableFuture.java:1736)
	at java.base/java.util.concurrent.CompletableFuture$AsyncRun.exec(CompletableFuture.java:1728)
	at java.base/java.util.concurrent.ForkJoinTask.doExec(ForkJoinTask.java:290)
	at java.base/java.util.concurrent.ForkJoinPool$WorkQueue.topLevelExec(ForkJoinPool.java:1020)
	at java.base/java.util.concurrent.ForkJoinPool.scan(ForkJoinPool.java:1656)
	at java.base/java.util.concurrent.ForkJoinPool.runWorker(ForkJoinPool.java:1594)
	at java.base/java.util.concurrent.ForkJoinWorkerThread.run(ForkJoinWorkerThread.java:183)
Caused by: org.eclipse.lsp4j.jsonrpc.JsonRpcException: java.io.IOException: 파이프가 닫히는 중입니다
	at org.eclipse.lsp4j.jsonrpc.json.StreamMessageConsumer.consume(StreamMessageConsumer.java:72)
	at org.eclipse.lsp4e.LanguageServerWrapper.lambda$4(LanguageServerWrapper.java:260)
	at org.eclipse.lsp4j.jsonrpc.RemoteEndpoint.request(RemoteEndpoint.java:161)
	at org.eclipse.lsp4j.jsonrpc.services.EndpointProxy.invoke(EndpointProxy.java:91)
	at com.sun.proxy.$Proxy49.shutdown(Unknown Source)
	at org.eclipse.lsp4e.LanguageServerWrapper.lambda$13(LanguageServerWrapper.java:423)
	... 7 more
Caused by: java.io.IOException: 파이프가 닫히는 중입니다
	at java.base/java.io.FileOutputStream.writeBytes(Native Method)
	at java.base/java.io.FileOutputStream.write(FileOutputStream.java:354)
	at java.base/java.io.BufferedOutputStream.flushBuffer(BufferedOutputStream.java:81)
	at java.base/java.io.BufferedOutputStream.flush(BufferedOutputStream.java:142)
	at org.eclipse.lsp4j.jsonrpc.json.StreamMessageConsumer.consume(StreamMessageConsumer.java:69)
	... 12 more

!ENTRY org.springframework.tooling.ls.eclipse.commons 1 0 2025-06-25 19:08:00.406
!MESSAGE Entering DelegatingStreamConnectionProvider()

!ENTRY org.springframework.tooling.ls.eclipse.commons 1 0 2025-06-25 19:08:00.406
!MESSAGE DelegatingStreamConnectionProvider classloader = org.eclipse.osgi.internal.loader.EquinoxClassLoader@500e5b3f[org.springframework.tooling.boot.ls:1.28.0.202109130547(id=1001)]

!ENTRY org.springframework.tooling.ls.eclipse.commons 1 0 2025-06-25 19:08:00.406
!MESSAGE SpringBootLanguageServer exists!

!ENTRY org.eclipse.lsp4e 4 0 2025-06-25 19:08:00.407
!MESSAGE org.eclipse.lsp4j.jsonrpc.JsonRpcException: java.io.IOException: 파이프가 닫히는 중입니다
!STACK 0
java.util.concurrent.ExecutionException: org.eclipse.lsp4j.jsonrpc.JsonRpcException: java.io.IOException: 파이프가 닫히는 중입니다
	at java.base/java.util.concurrent.CompletableFuture.reportGet(CompletableFuture.java:395)
	at java.base/java.util.concurrent.CompletableFuture.get(CompletableFuture.java:2028)
	at org.eclipse.lsp4e.LanguageServerWrapper.lambda$13(LanguageServerWrapper.java:425)
	at java.base/java.util.concurrent.CompletableFuture$AsyncRun.run(CompletableFuture.java:1736)
	at java.base/java.util.concurrent.CompletableFuture$AsyncRun.exec(CompletableFuture.java:1728)
	at java.base/java.util.concurrent.ForkJoinTask.doExec(ForkJoinTask.java:290)
	at java.base/java.util.concurrent.ForkJoinPool$WorkQueue.topLevelExec(ForkJoinPool.java:1020)
	at java.base/java.util.concurrent.ForkJoinPool.scan(ForkJoinPool.java:1656)
	at java.base/java.util.concurrent.ForkJoinPool.runWorker(ForkJoinPool.java:1594)
	at java.base/java.util.concurrent.ForkJoinWorkerThread.run(ForkJoinWorkerThread.java:183)
Caused by: org.eclipse.lsp4j.jsonrpc.JsonRpcException: java.io.IOException: 파이프가 닫히는 중입니다
	at org.eclipse.lsp4j.jsonrpc.json.StreamMessageConsumer.consume(StreamMessageConsumer.java:72)
	at org.eclipse.lsp4e.LanguageServerWrapper.lambda$4(LanguageServerWrapper.java:260)
	at org.eclipse.lsp4j.jsonrpc.RemoteEndpoint.request(RemoteEndpoint.java:161)
	at org.eclipse.lsp4j.jsonrpc.services.EndpointProxy.invoke(EndpointProxy.java:91)
	at com.sun.proxy.$Proxy49.shutdown(Unknown Source)
	at org.eclipse.lsp4e.LanguageServerWrapper.lambda$13(LanguageServerWrapper.java:423)
	... 7 more
Caused by: java.io.IOException: 파이프가 닫히는 중입니다
	at java.base/java.io.FileOutputStream.writeBytes(Native Method)
	at java.base/java.io.FileOutputStream.write(FileOutputStream.java:354)
	at java.base/java.io.BufferedOutputStream.flushBuffer(BufferedOutputStream.java:81)
	at java.base/java.io.BufferedOutputStream.flush(BufferedOutputStream.java:142)
	at org.eclipse.lsp4j.jsonrpc.json.StreamMessageConsumer.consume(StreamMessageConsumer.java:69)
	... 12 more

!ENTRY org.springframework.tooling.ls.eclipse.commons 1 0 2025-06-25 19:08:00.407
!MESSAGE Entering DelegatingStreamConnectionProvider()

!ENTRY org.springframework.tooling.ls.eclipse.commons 1 0 2025-06-25 19:08:00.407
!MESSAGE DelegatingStreamConnectionProvider classloader = org.eclipse.osgi.internal.loader.EquinoxClassLoader@500e5b3f[org.springframework.tooling.boot.ls:1.28.0.202109130547(id=1001)]

!ENTRY org.springframework.tooling.ls.eclipse.commons 1 0 2025-06-25 19:08:00.408
!MESSAGE SpringBootLanguageServer exists!

!ENTRY org.eclipse.lsp4e 4 0 2025-06-25 19:08:00.409
!MESSAGE org.eclipse.lsp4j.jsonrpc.JsonRpcException: java.io.IOException: 파이프가 닫히는 중입니다
!STACK 0
java.util.concurrent.ExecutionException: org.eclipse.lsp4j.jsonrpc.JsonRpcException: java.io.IOException: 파이프가 닫히는 중입니다
	at java.base/java.util.concurrent.CompletableFuture.reportGet(CompletableFuture.java:395)
	at java.base/java.util.concurrent.CompletableFuture.get(CompletableFuture.java:2028)
	at org.eclipse.lsp4e.LanguageServerWrapper.lambda$13(LanguageServerWrapper.java:425)
	at java.base/java.util.concurrent.CompletableFuture$AsyncRun.run(CompletableFuture.java:1736)
	at java.base/java.util.concurrent.CompletableFuture$AsyncRun.exec(CompletableFuture.java:1728)
	at java.base/java.util.concurrent.ForkJoinTask.doExec(ForkJoinTask.java:290)
	at java.base/java.util.concurrent.ForkJoinPool$WorkQueue.topLevelExec(ForkJoinPool.java:1020)
	at java.base/java.util.concurrent.ForkJoinPool.scan(ForkJoinPool.java:1656)
	at java.base/java.util.concurrent.ForkJoinPool.runWorker(ForkJoinPool.java:1594)
	at java.base/java.util.concurrent.ForkJoinWorkerThread.run(ForkJoinWorkerThread.java:183)
Caused by: org.eclipse.lsp4j.jsonrpc.JsonRpcException: java.io.IOException: 파이프가 닫히는 중입니다
	at org.eclipse.lsp4j.jsonrpc.json.StreamMessageConsumer.consume(StreamMessageConsumer.java:72)
	at org.eclipse.lsp4e.LanguageServerWrapper.lambda$4(LanguageServerWrapper.java:260)
	at org.eclipse.lsp4j.jsonrpc.RemoteEndpoint.request(RemoteEndpoint.java:161)
	at org.eclipse.lsp4j.jsonrpc.services.EndpointProxy.invoke(EndpointProxy.java:91)
	at com.sun.proxy.$Proxy49.shutdown(Unknown Source)
	at org.eclipse.lsp4e.LanguageServerWrapper.lambda$13(LanguageServerWrapper.java:423)
	... 7 more
Caused by: java.io.IOException: 파이프가 닫히는 중입니다
	at java.base/java.io.FileOutputStream.writeBytes(Native Method)
	at java.base/java.io.FileOutputStream.write(FileOutputStream.java:354)
	at java.base/java.io.BufferedOutputStream.flushBuffer(BufferedOutputStream.java:81)
	at java.base/java.io.BufferedOutputStream.flush(BufferedOutputStream.java:142)
	at org.eclipse.lsp4j.jsonrpc.json.StreamMessageConsumer.consume(StreamMessageConsumer.java:69)
	... 12 more

!ENTRY org.springframework.tooling.ls.eclipse.commons 1 0 2025-06-25 19:08:00.410
!MESSAGE Entering DelegatingStreamConnectionProvider()

!ENTRY org.springframework.tooling.ls.eclipse.commons 1 0 2025-06-25 19:08:00.410
!MESSAGE DelegatingStreamConnectionProvider classloader = org.eclipse.osgi.internal.loader.EquinoxClassLoader@500e5b3f[org.springframework.tooling.boot.ls:1.28.0.202109130547(id=1001)]

!ENTRY org.springframework.tooling.ls.eclipse.commons 1 0 2025-06-25 19:08:00.410
!MESSAGE SpringBootLanguageServer exists!

!ENTRY org.eclipse.lsp4e 4 0 2025-06-25 19:08:00.412
!MESSAGE org.eclipse.lsp4j.jsonrpc.JsonRpcException: java.io.IOException: 파이프가 닫히는 중입니다
!STACK 0
java.util.concurrent.ExecutionException: org.eclipse.lsp4j.jsonrpc.JsonRpcException: java.io.IOException: 파이프가 닫히는 중입니다
	at java.base/java.util.concurrent.CompletableFuture.reportGet(CompletableFuture.java:395)
	at java.base/java.util.concurrent.CompletableFuture.get(CompletableFuture.java:2028)
	at org.eclipse.lsp4e.LanguageServerWrapper.lambda$13(LanguageServerWrapper.java:425)
	at java.base/java.util.concurrent.CompletableFuture$AsyncRun.run(CompletableFuture.java:1736)
	at java.base/java.util.concurrent.CompletableFuture$AsyncRun.exec(CompletableFuture.java:1728)
	at java.base/java.util.concurrent.ForkJoinTask.doExec(ForkJoinTask.java:290)
	at java.base/java.util.concurrent.ForkJoinPool$WorkQueue.topLevelExec(ForkJoinPool.java:1020)
	at java.base/java.util.concurrent.ForkJoinPool.scan(ForkJoinPool.java:1656)
	at java.base/java.util.concurrent.ForkJoinPool.runWorker(ForkJoinPool.java:1594)
	at java.base/java.util.concurrent.ForkJoinWorkerThread.run(ForkJoinWorkerThread.java:183)
Caused by: org.eclipse.lsp4j.jsonrpc.JsonRpcException: java.io.IOException: 파이프가 닫히는 중입니다
	at org.eclipse.lsp4j.jsonrpc.json.StreamMessageConsumer.consume(StreamMessageConsumer.java:72)
	at org.eclipse.lsp4e.LanguageServerWrapper.lambda$4(LanguageServerWrapper.java:260)
	at org.eclipse.lsp4j.jsonrpc.RemoteEndpoint.request(RemoteEndpoint.java:161)
	at org.eclipse.lsp4j.jsonrpc.services.EndpointProxy.invoke(EndpointProxy.java:91)
	at com.sun.proxy.$Proxy49.shutdown(Unknown Source)
	at org.eclipse.lsp4e.LanguageServerWrapper.lambda$13(LanguageServerWrapper.java:423)
	... 7 more
Caused by: java.io.IOException: 파이프가 닫히는 중입니다
	at java.base/java.io.FileOutputStream.writeBytes(Native Method)
	at java.base/java.io.FileOutputStream.write(FileOutputStream.java:354)
	at java.base/java.io.BufferedOutputStream.flushBuffer(BufferedOutputStream.java:81)
	at java.base/java.io.BufferedOutputStream.flush(BufferedOutputStream.java:142)
	at org.eclipse.lsp4j.jsonrpc.json.StreamMessageConsumer.consume(StreamMessageConsumer.java:69)
	... 12 more

!ENTRY org.springframework.tooling.ls.eclipse.commons 1 0 2025-06-25 19:08:00.412
!MESSAGE Entering DelegatingStreamConnectionProvider()

!ENTRY org.springframework.tooling.ls.eclipse.commons 1 0 2025-06-25 19:08:00.412
!MESSAGE DelegatingStreamConnectionProvider classloader = org.eclipse.osgi.internal.loader.EquinoxClassLoader@500e5b3f[org.springframework.tooling.boot.ls:1.28.0.202109130547(id=1001)]

!ENTRY org.springframework.tooling.ls.eclipse.commons 1 0 2025-06-25 19:08:00.413
!MESSAGE SpringBootLanguageServer exists!

!ENTRY org.eclipse.lsp4e 4 0 2025-06-25 19:08:00.413
!MESSAGE org.eclipse.lsp4j.jsonrpc.JsonRpcException: java.io.IOException: 파이프가 닫히는 중입니다
!STACK 0
java.util.concurrent.ExecutionException: org.eclipse.lsp4j.jsonrpc.JsonRpcException: java.io.IOException: 파이프가 닫히는 중입니다
	at java.base/java.util.concurrent.CompletableFuture.reportGet(CompletableFuture.java:395)
	at java.base/java.util.concurrent.CompletableFuture.get(CompletableFuture.java:2028)
	at org.eclipse.lsp4e.LanguageServerWrapper.lambda$13(LanguageServerWrapper.java:425)
	at java.base/java.util.concurrent.CompletableFuture$AsyncRun.run(CompletableFuture.java:1736)
	at java.base/java.util.concurrent.CompletableFuture$AsyncRun.exec(CompletableFuture.java:1728)
	at java.base/java.util.concurrent.ForkJoinTask.doExec(ForkJoinTask.java:290)
	at java.base/java.util.concurrent.ForkJoinPool$WorkQueue.topLevelExec(ForkJoinPool.java:1020)
	at java.base/java.util.concurrent.ForkJoinPool.scan(ForkJoinPool.java:1656)
	at java.base/java.util.concurrent.ForkJoinPool.runWorker(ForkJoinPool.java:1594)
	at java.base/java.util.concurrent.ForkJoinWorkerThread.run(ForkJoinWorkerThread.java:183)
Caused by: org.eclipse.lsp4j.jsonrpc.JsonRpcException: java.io.IOException: 파이프가 닫히는 중입니다
	at org.eclipse.lsp4j.jsonrpc.json.StreamMessageConsumer.consume(StreamMessageConsumer.java:72)
	at org.eclipse.lsp4e.LanguageServerWrapper.lambda$4(LanguageServerWrapper.java:260)
	at org.eclipse.lsp4j.jsonrpc.RemoteEndpoint.request(RemoteEndpoint.java:161)
	at org.eclipse.lsp4j.jsonrpc.services.EndpointProxy.invoke(EndpointProxy.java:91)
	at com.sun.proxy.$Proxy49.shutdown(Unknown Source)
	at org.eclipse.lsp4e.LanguageServerWrapper.lambda$13(LanguageServerWrapper.java:423)
	... 7 more
Caused by: java.io.IOException: 파이프가 닫히는 중입니다
	at java.base/java.io.FileOutputStream.writeBytes(Native Method)
	at java.base/java.io.FileOutputStream.write(FileOutputStream.java:354)
	at java.base/java.io.BufferedOutputStream.flushBuffer(BufferedOutputStream.java:81)
	at java.base/java.io.BufferedOutputStream.flush(BufferedOutputStream.java:142)
	at org.eclipse.lsp4j.jsonrpc.json.StreamMessageConsumer.consume(StreamMessageConsumer.java:69)
	... 12 more

!ENTRY org.springframework.tooling.ls.eclipse.commons 1 0 2025-06-25 19:08:00.414
!MESSAGE Entering DelegatingStreamConnectionProvider()

!ENTRY org.springframework.tooling.ls.eclipse.commons 1 0 2025-06-25 19:08:00.415
!MESSAGE DelegatingStreamConnectionProvider classloader = org.eclipse.osgi.internal.loader.EquinoxClassLoader@500e5b3f[org.springframework.tooling.boot.ls:1.28.0.202109130547(id=1001)]

!ENTRY org.springframework.tooling.ls.eclipse.commons 1 0 2025-06-25 19:08:00.415
!MESSAGE SpringBootLanguageServer exists!

!ENTRY org.eclipse.lsp4e 4 0 2025-06-25 19:08:00.416
!MESSAGE org.eclipse.lsp4j.jsonrpc.JsonRpcException: java.io.IOException: 파이프가 닫히는 중입니다
!STACK 0
java.util.concurrent.ExecutionException: org.eclipse.lsp4j.jsonrpc.JsonRpcException: java.io.IOException: 파이프가 닫히는 중입니다
	at java.base/java.util.concurrent.CompletableFuture.reportGet(CompletableFuture.java:395)
	at java.base/java.util.concurrent.CompletableFuture.get(CompletableFuture.java:2028)
	at org.eclipse.lsp4e.LanguageServerWrapper.lambda$13(LanguageServerWrapper.java:425)
	at java.base/java.util.concurrent.CompletableFuture$AsyncRun.run(CompletableFuture.java:1736)
	at java.base/java.util.concurrent.CompletableFuture$AsyncRun.exec(CompletableFuture.java:1728)
	at java.base/java.util.concurrent.ForkJoinTask.doExec(ForkJoinTask.java:290)
	at java.base/java.util.concurrent.ForkJoinPool$WorkQueue.topLevelExec(ForkJoinPool.java:1020)
	at java.base/java.util.concurrent.ForkJoinPool.scan(ForkJoinPool.java:1656)
	at java.base/java.util.concurrent.ForkJoinPool.runWorker(ForkJoinPool.java:1594)
	at java.base/java.util.concurrent.ForkJoinWorkerThread.run(ForkJoinWorkerThread.java:183)
Caused by: org.eclipse.lsp4j.jsonrpc.JsonRpcException: java.io.IOException: 파이프가 닫히는 중입니다
	at org.eclipse.lsp4j.jsonrpc.json.StreamMessageConsumer.consume(StreamMessageConsumer.java:72)
	at org.eclipse.lsp4e.LanguageServerWrapper.lambda$4(LanguageServerWrapper.java:260)
	at org.eclipse.lsp4j.jsonrpc.RemoteEndpoint.request(RemoteEndpoint.java:161)
	at org.eclipse.lsp4j.jsonrpc.services.EndpointProxy.invoke(EndpointProxy.java:91)
	at com.sun.proxy.$Proxy49.shutdown(Unknown Source)
	at org.eclipse.lsp4e.LanguageServerWrapper.lambda$13(LanguageServerWrapper.java:423)
	... 7 more
Caused by: java.io.IOException: 파이프가 닫히는 중입니다
	at java.base/java.io.FileOutputStream.writeBytes(Native Method)
	at java.base/java.io.FileOutputStream.write(FileOutputStream.java:354)
	at java.base/java.io.BufferedOutputStream.flushBuffer(BufferedOutputStream.java:81)
	at java.base/java.io.BufferedOutputStream.flush(BufferedOutputStream.java:142)
	at org.eclipse.lsp4j.jsonrpc.json.StreamMessageConsumer.consume(StreamMessageConsumer.java:69)
	... 12 more

!ENTRY org.springframework.tooling.ls.eclipse.commons 1 0 2025-06-25 19:08:00.419
!MESSAGE Entering DelegatingStreamConnectionProvider()

!ENTRY org.springframework.tooling.ls.eclipse.commons 1 0 2025-06-25 19:08:00.419
!MESSAGE DelegatingStreamConnectionProvider classloader = org.eclipse.osgi.internal.loader.EquinoxClassLoader@500e5b3f[org.springframework.tooling.boot.ls:1.28.0.202109130547(id=1001)]

!ENTRY org.springframework.tooling.ls.eclipse.commons 1 0 2025-06-25 19:08:00.420
!MESSAGE SpringBootLanguageServer exists!

!ENTRY org.eclipse.lsp4e 4 0 2025-06-25 19:08:00.420
!MESSAGE org.eclipse.lsp4j.jsonrpc.JsonRpcException: java.io.IOException: 파이프가 닫히는 중입니다
!STACK 0
java.util.concurrent.ExecutionException: org.eclipse.lsp4j.jsonrpc.JsonRpcException: java.io.IOException: 파이프가 닫히는 중입니다
	at java.base/java.util.concurrent.CompletableFuture.reportGet(CompletableFuture.java:395)
	at java.base/java.util.concurrent.CompletableFuture.get(CompletableFuture.java:2028)
	at org.eclipse.lsp4e.LanguageServerWrapper.lambda$13(LanguageServerWrapper.java:425)
	at java.base/java.util.concurrent.CompletableFuture$AsyncRun.run(CompletableFuture.java:1736)
	at java.base/java.util.concurrent.CompletableFuture$AsyncRun.exec(CompletableFuture.java:1728)
	at java.base/java.util.concurrent.ForkJoinTask.doExec(ForkJoinTask.java:290)
	at java.base/java.util.concurrent.ForkJoinPool$WorkQueue.topLevelExec(ForkJoinPool.java:1020)
	at java.base/java.util.concurrent.ForkJoinPool.scan(ForkJoinPool.java:1656)
	at java.base/java.util.concurrent.ForkJoinPool.runWorker(ForkJoinPool.java:1594)
	at java.base/java.util.concurrent.ForkJoinWorkerThread.run(ForkJoinWorkerThread.java:183)
Caused by: org.eclipse.lsp4j.jsonrpc.JsonRpcException: java.io.IOException: 파이프가 닫히는 중입니다
	at org.eclipse.lsp4j.jsonrpc.json.StreamMessageConsumer.consume(StreamMessageConsumer.java:72)
	at org.eclipse.lsp4e.LanguageServerWrapper.lambda$4(LanguageServerWrapper.java:260)
	at org.eclipse.lsp4j.jsonrpc.RemoteEndpoint.request(RemoteEndpoint.java:161)
	at org.eclipse.lsp4j.jsonrpc.services.EndpointProxy.invoke(EndpointProxy.java:91)
	at com.sun.proxy.$Proxy49.shutdown(Unknown Source)
	at org.eclipse.lsp4e.LanguageServerWrapper.lambda$13(LanguageServerWrapper.java:423)
	... 7 more
Caused by: java.io.IOException: 파이프가 닫히는 중입니다
	at java.base/java.io.FileOutputStream.writeBytes(Native Method)
	at java.base/java.io.FileOutputStream.write(FileOutputStream.java:354)
	at java.base/java.io.BufferedOutputStream.flushBuffer(BufferedOutputStream.java:81)
	at java.base/java.io.BufferedOutputStream.flush(BufferedOutputStream.java:142)
	at org.eclipse.lsp4j.jsonrpc.json.StreamMessageConsumer.consume(StreamMessageConsumer.java:69)
	... 12 more

!ENTRY org.springframework.tooling.ls.eclipse.commons 1 0 2025-06-25 19:08:00.421
!MESSAGE Entering DelegatingStreamConnectionProvider()

!ENTRY org.springframework.tooling.ls.eclipse.commons 1 0 2025-06-25 19:08:00.421
!MESSAGE DelegatingStreamConnectionProvider classloader = org.eclipse.osgi.internal.loader.EquinoxClassLoader@500e5b3f[org.springframework.tooling.boot.ls:1.28.0.202109130547(id=1001)]

!ENTRY org.springframework.tooling.ls.eclipse.commons 1 0 2025-06-25 19:08:00.421
!MESSAGE SpringBootLanguageServer exists!

!ENTRY org.eclipse.lsp4e 4 0 2025-06-25 19:08:00.422
!MESSAGE org.eclipse.lsp4j.jsonrpc.JsonRpcException: java.io.IOException: 파이프가 닫히는 중입니다
!STACK 0
java.util.concurrent.ExecutionException: org.eclipse.lsp4j.jsonrpc.JsonRpcException: java.io.IOException: 파이프가 닫히는 중입니다
	at java.base/java.util.concurrent.CompletableFuture.reportGet(CompletableFuture.java:395)
	at java.base/java.util.concurrent.CompletableFuture.get(CompletableFuture.java:2028)
	at org.eclipse.lsp4e.LanguageServerWrapper.lambda$13(LanguageServerWrapper.java:425)
	at java.base/java.util.concurrent.CompletableFuture$AsyncRun.run(CompletableFuture.java:1736)
	at java.base/java.util.concurrent.CompletableFuture$AsyncRun.exec(CompletableFuture.java:1728)
	at java.base/java.util.concurrent.ForkJoinTask.doExec(ForkJoinTask.java:290)
	at java.base/java.util.concurrent.ForkJoinPool$WorkQueue.topLevelExec(ForkJoinPool.java:1020)
	at java.base/java.util.concurrent.ForkJoinPool.scan(ForkJoinPool.java:1656)
	at java.base/java.util.concurrent.ForkJoinPool.runWorker(ForkJoinPool.java:1594)
	at java.base/java.util.concurrent.ForkJoinWorkerThread.run(ForkJoinWorkerThread.java:183)
Caused by: org.eclipse.lsp4j.jsonrpc.JsonRpcException: java.io.IOException: 파이프가 닫히는 중입니다
	at org.eclipse.lsp4j.jsonrpc.json.StreamMessageConsumer.consume(StreamMessageConsumer.java:72)
	at org.eclipse.lsp4e.LanguageServerWrapper.lambda$4(LanguageServerWrapper.java:260)
	at org.eclipse.lsp4j.jsonrpc.RemoteEndpoint.request(RemoteEndpoint.java:161)
	at org.eclipse.lsp4j.jsonrpc.services.EndpointProxy.invoke(EndpointProxy.java:91)
	at com.sun.proxy.$Proxy49.shutdown(Unknown Source)
	at org.eclipse.lsp4e.LanguageServerWrapper.lambda$13(LanguageServerWrapper.java:423)
	... 7 more
Caused by: java.io.IOException: 파이프가 닫히는 중입니다
	at java.base/java.io.FileOutputStream.writeBytes(Native Method)
	at java.base/java.io.FileOutputStream.write(FileOutputStream.java:354)
	at java.base/java.io.BufferedOutputStream.flushBuffer(BufferedOutputStream.java:81)
	at java.base/java.io.BufferedOutputStream.flush(BufferedOutputStream.java:142)
	at org.eclipse.lsp4j.jsonrpc.json.StreamMessageConsumer.consume(StreamMessageConsumer.java:69)
	... 12 more

!ENTRY org.springframework.tooling.ls.eclipse.commons 1 0 2025-06-25 19:08:00.422
!MESSAGE Entering DelegatingStreamConnectionProvider()

!ENTRY org.eclipse.lsp4e 4 0 2025-06-25 19:08:00.422
!MESSAGE org.eclipse.lsp4j.jsonrpc.JsonRpcException: java.io.IOException: 파이프가 닫히는 중입니다
!STACK 0
java.util.concurrent.ExecutionException: org.eclipse.lsp4j.jsonrpc.JsonRpcException: java.io.IOException: 파이프가 닫히는 중입니다
	at java.base/java.util.concurrent.CompletableFuture.reportGet(CompletableFuture.java:395)
	at java.base/java.util.concurrent.CompletableFuture.get(CompletableFuture.java:2028)
	at org.eclipse.lsp4e.LanguageServerWrapper.lambda$13(LanguageServerWrapper.java:425)
	at java.base/java.util.concurrent.CompletableFuture$AsyncRun.run(CompletableFuture.java:1736)
	at java.base/java.util.concurrent.CompletableFuture$AsyncRun.exec(CompletableFuture.java:1728)
	at java.base/java.util.concurrent.ForkJoinTask.doExec(ForkJoinTask.java:290)
	at java.base/java.util.concurrent.ForkJoinPool$WorkQueue.topLevelExec(ForkJoinPool.java:1020)
	at java.base/java.util.concurrent.ForkJoinPool.scan(ForkJoinPool.java:1656)
	at java.base/java.util.concurrent.ForkJoinPool.runWorker(ForkJoinPool.java:1594)
	at java.base/java.util.concurrent.ForkJoinWorkerThread.run(ForkJoinWorkerThread.java:183)
Caused by: org.eclipse.lsp4j.jsonrpc.JsonRpcException: java.io.IOException: 파이프가 닫히는 중입니다
	at org.eclipse.lsp4j.jsonrpc.json.StreamMessageConsumer.consume(StreamMessageConsumer.java:72)
	at org.eclipse.lsp4e.LanguageServerWrapper.lambda$4(LanguageServerWrapper.java:260)
	at org.eclipse.lsp4j.jsonrpc.RemoteEndpoint.request(RemoteEndpoint.java:161)
	at org.eclipse.lsp4j.jsonrpc.services.EndpointProxy.invoke(EndpointProxy.java:91)
	at com.sun.proxy.$Proxy49.shutdown(Unknown Source)
	at org.eclipse.lsp4e.LanguageServerWrapper.lambda$13(LanguageServerWrapper.java:423)
	... 7 more
Caused by: java.io.IOException: 파이프가 닫히는 중입니다
	at java.base/java.io.FileOutputStream.writeBytes(Native Method)
	at java.base/java.io.FileOutputStream.write(FileOutputStream.java:354)
	at java.base/java.io.BufferedOutputStream.flushBuffer(BufferedOutputStream.java:81)
	at java.base/java.io.BufferedOutputStream.flush(BufferedOutputStream.java:142)
	at org.eclipse.lsp4j.jsonrpc.json.StreamMessageConsumer.consume(StreamMessageConsumer.java:69)
	... 12 more

!ENTRY org.springframework.tooling.ls.eclipse.commons 1 0 2025-06-25 19:08:00.423
!MESSAGE DelegatingStreamConnectionProvider classloader = org.eclipse.osgi.internal.loader.EquinoxClassLoader@500e5b3f[org.springframework.tooling.boot.ls:1.28.0.202109130547(id=1001)]

!ENTRY org.springframework.tooling.ls.eclipse.commons 1 0 2025-06-25 19:08:00.423
!MESSAGE Entering DelegatingStreamConnectionProvider()

!ENTRY org.springframework.tooling.ls.eclipse.commons 1 0 2025-06-25 19:08:00.423
!MESSAGE DelegatingStreamConnectionProvider classloader = org.eclipse.osgi.internal.loader.EquinoxClassLoader@500e5b3f[org.springframework.tooling.boot.ls:1.28.0.202109130547(id=1001)]

!ENTRY org.springframework.tooling.ls.eclipse.commons 1 0 2025-06-25 19:08:00.424
!MESSAGE SpringBootLanguageServer exists!

!ENTRY org.springframework.tooling.ls.eclipse.commons 1 0 2025-06-25 19:08:00.424
!MESSAGE SpringBootLanguageServer exists!

!ENTRY org.eclipse.lsp4e 4 0 2025-06-25 19:08:00.427
!MESSAGE org.eclipse.lsp4j.jsonrpc.JsonRpcException: java.io.IOException: 파이프가 닫히는 중입니다
!STACK 0
java.util.concurrent.ExecutionException: org.eclipse.lsp4j.jsonrpc.JsonRpcException: java.io.IOException: 파이프가 닫히는 중입니다
	at java.base/java.util.concurrent.CompletableFuture.reportGet(CompletableFuture.java:395)
	at java.base/java.util.concurrent.CompletableFuture.get(CompletableFuture.java:2028)
	at org.eclipse.lsp4e.LanguageServerWrapper.lambda$13(LanguageServerWrapper.java:425)
	at java.base/java.util.concurrent.CompletableFuture$AsyncRun.run(CompletableFuture.java:1736)
	at java.base/java.util.concurrent.CompletableFuture$AsyncRun.exec(CompletableFuture.java:1728)
	at java.base/java.util.concurrent.ForkJoinTask.doExec(ForkJoinTask.java:290)
	at java.base/java.util.concurrent.ForkJoinPool$WorkQueue.topLevelExec(ForkJoinPool.java:1020)
	at java.base/java.util.concurrent.ForkJoinPool.scan(ForkJoinPool.java:1656)
	at java.base/java.util.concurrent.ForkJoinPool.runWorker(ForkJoinPool.java:1594)
	at java.base/java.util.concurrent.ForkJoinWorkerThread.run(ForkJoinWorkerThread.java:183)
Caused by: org.eclipse.lsp4j.jsonrpc.JsonRpcException: java.io.IOException: 파이프가 닫히는 중입니다
	at org.eclipse.lsp4j.jsonrpc.json.StreamMessageConsumer.consume(StreamMessageConsumer.java:72)
	at org.eclipse.lsp4e.LanguageServerWrapper.lambda$4(LanguageServerWrapper.java:260)
	at org.eclipse.lsp4j.jsonrpc.RemoteEndpoint.request(RemoteEndpoint.java:161)
	at org.eclipse.lsp4j.jsonrpc.services.EndpointProxy.invoke(EndpointProxy.java:91)
	at com.sun.proxy.$Proxy49.shutdown(Unknown Source)
	at org.eclipse.lsp4e.LanguageServerWrapper.lambda$13(LanguageServerWrapper.java:423)
	... 7 more
Caused by: java.io.IOException: 파이프가 닫히는 중입니다
	at java.base/java.io.FileOutputStream.writeBytes(Native Method)
	at java.base/java.io.FileOutputStream.write(FileOutputStream.java:354)
	at java.base/java.io.BufferedOutputStream.flushBuffer(BufferedOutputStream.java:81)
	at java.base/java.io.BufferedOutputStream.flush(BufferedOutputStream.java:142)
	at org.eclipse.lsp4j.jsonrpc.json.StreamMessageConsumer.consume(StreamMessageConsumer.java:69)
	... 12 more

!ENTRY org.springframework.tooling.ls.eclipse.commons 1 0 2025-06-25 19:08:00.428
!MESSAGE Entering DelegatingStreamConnectionProvider()

!ENTRY org.springframework.tooling.ls.eclipse.commons 1 0 2025-06-25 19:08:00.428
!MESSAGE DelegatingStreamConnectionProvider classloader = org.eclipse.osgi.internal.loader.EquinoxClassLoader@500e5b3f[org.springframework.tooling.boot.ls:1.28.0.202109130547(id=1001)]

!ENTRY org.springframework.tooling.ls.eclipse.commons 1 0 2025-06-25 19:08:00.428
!MESSAGE SpringBootLanguageServer exists!

!ENTRY org.eclipse.lsp4e 4 0 2025-06-25 19:08:00.429
!MESSAGE org.eclipse.lsp4j.jsonrpc.JsonRpcException: java.io.IOException: 파이프가 닫히는 중입니다
!STACK 0
java.util.concurrent.ExecutionException: org.eclipse.lsp4j.jsonrpc.JsonRpcException: java.io.IOException: 파이프가 닫히는 중입니다
	at java.base/java.util.concurrent.CompletableFuture.reportGet(CompletableFuture.java:395)
	at java.base/java.util.concurrent.CompletableFuture.get(CompletableFuture.java:2028)
	at org.eclipse.lsp4e.LanguageServerWrapper.lambda$13(LanguageServerWrapper.java:425)
	at java.base/java.util.concurrent.CompletableFuture$AsyncRun.run(CompletableFuture.java:1736)
	at java.base/java.util.concurrent.CompletableFuture$AsyncRun.exec(CompletableFuture.java:1728)
	at java.base/java.util.concurrent.ForkJoinTask.doExec(ForkJoinTask.java:290)
	at java.base/java.util.concurrent.ForkJoinPool$WorkQueue.topLevelExec(ForkJoinPool.java:1020)
	at java.base/java.util.concurrent.ForkJoinPool.scan(ForkJoinPool.java:1656)
	at java.base/java.util.concurrent.ForkJoinPool.runWorker(ForkJoinPool.java:1594)
	at java.base/java.util.concurrent.ForkJoinWorkerThread.run(ForkJoinWorkerThread.java:183)
Caused by: org.eclipse.lsp4j.jsonrpc.JsonRpcException: java.io.IOException: 파이프가 닫히는 중입니다
	at org.eclipse.lsp4j.jsonrpc.json.StreamMessageConsumer.consume(StreamMessageConsumer.java:72)
	at org.eclipse.lsp4e.LanguageServerWrapper.lambda$4(LanguageServerWrapper.java:260)
	at org.eclipse.lsp4j.jsonrpc.RemoteEndpoint.request(RemoteEndpoint.java:161)
	at org.eclipse.lsp4j.jsonrpc.services.EndpointProxy.invoke(EndpointProxy.java:91)
	at com.sun.proxy.$Proxy49.shutdown(Unknown Source)
	at org.eclipse.lsp4e.LanguageServerWrapper.lambda$13(LanguageServerWrapper.java:423)
	... 7 more
Caused by: java.io.IOException: 파이프가 닫히는 중입니다
	at java.base/java.io.FileOutputStream.writeBytes(Native Method)
	at java.base/java.io.FileOutputStream.write(FileOutputStream.java:354)
	at java.base/java.io.BufferedOutputStream.flushBuffer(BufferedOutputStream.java:81)
	at java.base/java.io.BufferedOutputStream.flush(BufferedOutputStream.java:142)
	at org.eclipse.lsp4j.jsonrpc.json.StreamMessageConsumer.consume(StreamMessageConsumer.java:69)
	... 12 more

!ENTRY org.springframework.tooling.ls.eclipse.commons 1 0 2025-06-25 19:08:00.430
!MESSAGE Entering DelegatingStreamConnectionProvider()

!ENTRY org.springframework.tooling.ls.eclipse.commons 1 0 2025-06-25 19:08:00.430
!MESSAGE DelegatingStreamConnectionProvider classloader = org.eclipse.osgi.internal.loader.EquinoxClassLoader@500e5b3f[org.springframework.tooling.boot.ls:1.28.0.202109130547(id=1001)]

!ENTRY org.springframework.tooling.ls.eclipse.commons 1 0 2025-06-25 19:08:00.430
!MESSAGE SpringBootLanguageServer exists!

!ENTRY org.eclipse.lsp4e 4 0 2025-06-25 19:08:00.432
!MESSAGE org.eclipse.lsp4j.jsonrpc.JsonRpcException: java.io.IOException: 파이프가 닫히는 중입니다
!STACK 0
java.util.concurrent.ExecutionException: org.eclipse.lsp4j.jsonrpc.JsonRpcException: java.io.IOException: 파이프가 닫히는 중입니다
	at java.base/java.util.concurrent.CompletableFuture.reportGet(CompletableFuture.java:395)
	at java.base/java.util.concurrent.CompletableFuture.get(CompletableFuture.java:2028)
	at org.eclipse.lsp4e.LanguageServerWrapper.lambda$13(LanguageServerWrapper.java:425)
	at java.base/java.util.concurrent.CompletableFuture$AsyncRun.run(CompletableFuture.java:1736)
	at java.base/java.util.concurrent.CompletableFuture$AsyncRun.exec(CompletableFuture.java:1728)
	at java.base/java.util.concurrent.ForkJoinTask.doExec(ForkJoinTask.java:290)
	at java.base/java.util.concurrent.ForkJoinPool$WorkQueue.topLevelExec(ForkJoinPool.java:1020)
	at java.base/java.util.concurrent.ForkJoinPool.scan(ForkJoinPool.java:1656)
	at java.base/java.util.concurrent.ForkJoinPool.runWorker(ForkJoinPool.java:1594)
	at java.base/java.util.concurrent.ForkJoinWorkerThread.run(ForkJoinWorkerThread.java:183)
Caused by: org.eclipse.lsp4j.jsonrpc.JsonRpcException: java.io.IOException: 파이프가 닫히는 중입니다
	at org.eclipse.lsp4j.jsonrpc.json.StreamMessageConsumer.consume(StreamMessageConsumer.java:72)
	at org.eclipse.lsp4e.LanguageServerWrapper.lambda$4(LanguageServerWrapper.java:260)
	at org.eclipse.lsp4j.jsonrpc.RemoteEndpoint.request(RemoteEndpoint.java:161)
	at org.eclipse.lsp4j.jsonrpc.services.EndpointProxy.invoke(EndpointProxy.java:91)
	at com.sun.proxy.$Proxy49.shutdown(Unknown Source)
	at org.eclipse.lsp4e.LanguageServerWrapper.lambda$13(LanguageServerWrapper.java:423)
	... 7 more
Caused by: java.io.IOException: 파이프가 닫히는 중입니다
	at java.base/java.io.FileOutputStream.writeBytes(Native Method)
	at java.base/java.io.FileOutputStream.write(FileOutputStream.java:354)
	at java.base/java.io.BufferedOutputStream.flushBuffer(BufferedOutputStream.java:81)
	at java.base/java.io.BufferedOutputStream.flush(BufferedOutputStream.java:142)
	at org.eclipse.lsp4j.jsonrpc.json.StreamMessageConsumer.consume(StreamMessageConsumer.java:69)
	... 12 more

!ENTRY org.springframework.tooling.ls.eclipse.commons 1 0 2025-06-25 19:08:00.433
!MESSAGE Entering DelegatingStreamConnectionProvider()

!ENTRY org.springframework.tooling.ls.eclipse.commons 1 0 2025-06-25 19:08:00.433
!MESSAGE DelegatingStreamConnectionProvider classloader = org.eclipse.osgi.internal.loader.EquinoxClassLoader@500e5b3f[org.springframework.tooling.boot.ls:1.28.0.202109130547(id=1001)]

!ENTRY org.springframework.tooling.ls.eclipse.commons 1 0 2025-06-25 19:08:00.434
!MESSAGE SpringBootLanguageServer exists!

!ENTRY org.eclipse.lsp4e 4 0 2025-06-25 19:08:00.435
!MESSAGE org.eclipse.lsp4j.jsonrpc.JsonRpcException: java.io.IOException: 파이프가 닫히는 중입니다
!STACK 0
java.util.concurrent.ExecutionException: org.eclipse.lsp4j.jsonrpc.JsonRpcException: java.io.IOException: 파이프가 닫히는 중입니다
	at java.base/java.util.concurrent.CompletableFuture.reportGet(CompletableFuture.java:395)
	at java.base/java.util.concurrent.CompletableFuture.get(CompletableFuture.java:2028)
	at org.eclipse.lsp4e.LanguageServerWrapper.lambda$13(LanguageServerWrapper.java:425)
	at java.base/java.util.concurrent.CompletableFuture$AsyncRun.run(CompletableFuture.java:1736)
	at java.base/java.util.concurrent.CompletableFuture$AsyncRun.exec(CompletableFuture.java:1728)
	at java.base/java.util.concurrent.ForkJoinTask.doExec(ForkJoinTask.java:290)
	at java.base/java.util.concurrent.ForkJoinPool$WorkQueue.topLevelExec(ForkJoinPool.java:1020)
	at java.base/java.util.concurrent.ForkJoinPool.scan(ForkJoinPool.java:1656)
	at java.base/java.util.concurrent.ForkJoinPool.runWorker(ForkJoinPool.java:1594)
	at java.base/java.util.concurrent.ForkJoinWorkerThread.run(ForkJoinWorkerThread.java:183)
Caused by: org.eclipse.lsp4j.jsonrpc.JsonRpcException: java.io.IOException: 파이프가 닫히는 중입니다
	at org.eclipse.lsp4j.jsonrpc.json.StreamMessageConsumer.consume(StreamMessageConsumer.java:72)
	at org.eclipse.lsp4e.LanguageServerWrapper.lambda$4(LanguageServerWrapper.java:260)
	at org.eclipse.lsp4j.jsonrpc.RemoteEndpoint.request(RemoteEndpoint.java:161)
	at org.eclipse.lsp4j.jsonrpc.services.EndpointProxy.invoke(EndpointProxy.java:91)
	at com.sun.proxy.$Proxy49.shutdown(Unknown Source)
	at org.eclipse.lsp4e.LanguageServerWrapper.lambda$13(LanguageServerWrapper.java:423)
	... 7 more
Caused by: java.io.IOException: 파이프가 닫히는 중입니다
	at java.base/java.io.FileOutputStream.writeBytes(Native Method)
	at java.base/java.io.FileOutputStream.write(FileOutputStream.java:354)
	at java.base/java.io.BufferedOutputStream.flushBuffer(BufferedOutputStream.java:81)
	at java.base/java.io.BufferedOutputStream.flush(BufferedOutputStream.java:142)
	at org.eclipse.lsp4j.jsonrpc.json.StreamMessageConsumer.consume(StreamMessageConsumer.java:69)
	... 12 more

!ENTRY org.springframework.tooling.ls.eclipse.commons 1 0 2025-06-25 19:08:00.435
!MESSAGE Entering DelegatingStreamConnectionProvider()

!ENTRY org.springframework.tooling.ls.eclipse.commons 1 0 2025-06-25 19:08:00.436
!MESSAGE DelegatingStreamConnectionProvider classloader = org.eclipse.osgi.internal.loader.EquinoxClassLoader@500e5b3f[org.springframework.tooling.boot.ls:1.28.0.202109130547(id=1001)]

!ENTRY org.springframework.tooling.ls.eclipse.commons 1 0 2025-06-25 19:08:00.436
!MESSAGE SpringBootLanguageServer exists!

!ENTRY org.eclipse.lsp4e 4 0 2025-06-25 19:08:00.438
!MESSAGE org.eclipse.lsp4j.jsonrpc.JsonRpcException: java.io.IOException: 파이프가 닫히는 중입니다
!STACK 0
java.util.concurrent.ExecutionException: org.eclipse.lsp4j.jsonrpc.JsonRpcException: java.io.IOException: 파이프가 닫히는 중입니다
	at java.base/java.util.concurrent.CompletableFuture.reportGet(CompletableFuture.java:395)
	at java.base/java.util.concurrent.CompletableFuture.get(CompletableFuture.java:2028)
	at org.eclipse.lsp4e.LanguageServerWrapper.lambda$13(LanguageServerWrapper.java:425)
	at java.base/java.util.concurrent.CompletableFuture$AsyncRun.run(CompletableFuture.java:1736)
	at java.base/java.util.concurrent.CompletableFuture$AsyncRun.exec(CompletableFuture.java:1728)
	at java.base/java.util.concurrent.ForkJoinTask.doExec(ForkJoinTask.java:290)
	at java.base/java.util.concurrent.ForkJoinPool$WorkQueue.topLevelExec(ForkJoinPool.java:1020)
	at java.base/java.util.concurrent.ForkJoinPool.scan(ForkJoinPool.java:1656)
	at java.base/java.util.concurrent.ForkJoinPool.runWorker(ForkJoinPool.java:1594)
	at java.base/java.util.concurrent.ForkJoinWorkerThread.run(ForkJoinWorkerThread.java:183)
Caused by: org.eclipse.lsp4j.jsonrpc.JsonRpcException: java.io.IOException: 파이프가 닫히는 중입니다
	at org.eclipse.lsp4j.jsonrpc.json.StreamMessageConsumer.consume(StreamMessageConsumer.java:72)
	at org.eclipse.lsp4e.LanguageServerWrapper.lambda$4(LanguageServerWrapper.java:260)
	at org.eclipse.lsp4j.jsonrpc.RemoteEndpoint.request(RemoteEndpoint.java:161)
	at org.eclipse.lsp4j.jsonrpc.services.EndpointProxy.invoke(EndpointProxy.java:91)
	at com.sun.proxy.$Proxy49.shutdown(Unknown Source)
	at org.eclipse.lsp4e.LanguageServerWrapper.lambda$13(LanguageServerWrapper.java:423)
	... 7 more
Caused by: java.io.IOException: 파이프가 닫히는 중입니다
	at java.base/java.io.FileOutputStream.writeBytes(Native Method)
	at java.base/java.io.FileOutputStream.write(FileOutputStream.java:354)
	at java.base/java.io.BufferedOutputStream.flushBuffer(BufferedOutputStream.java:81)
	at java.base/java.io.BufferedOutputStream.flush(BufferedOutputStream.java:142)
	at org.eclipse.lsp4j.jsonrpc.json.StreamMessageConsumer.consume(StreamMessageConsumer.java:69)
	... 12 more

!ENTRY org.springframework.tooling.ls.eclipse.commons 1 0 2025-06-25 19:08:00.438
!MESSAGE Entering DelegatingStreamConnectionProvider()

!ENTRY org.springframework.tooling.ls.eclipse.commons 1 0 2025-06-25 19:08:00.439
!MESSAGE DelegatingStreamConnectionProvider classloader = org.eclipse.osgi.internal.loader.EquinoxClassLoader@500e5b3f[org.springframework.tooling.boot.ls:1.28.0.202109130547(id=1001)]

!ENTRY org.springframework.tooling.ls.eclipse.commons 1 0 2025-06-25 19:08:00.439
!MESSAGE SpringBootLanguageServer exists!

!ENTRY org.eclipse.lsp4e 4 0 2025-06-25 19:08:00.440
!MESSAGE org.eclipse.lsp4j.jsonrpc.JsonRpcException: java.io.IOException: 파이프가 닫히는 중입니다
!STACK 0
java.util.concurrent.ExecutionException: org.eclipse.lsp4j.jsonrpc.JsonRpcException: java.io.IOException: 파이프가 닫히는 중입니다
	at java.base/java.util.concurrent.CompletableFuture.reportGet(CompletableFuture.java:395)
	at java.base/java.util.concurrent.CompletableFuture.get(CompletableFuture.java:2028)
	at org.eclipse.lsp4e.LanguageServerWrapper.lambda$13(LanguageServerWrapper.java:425)
	at java.base/java.util.concurrent.CompletableFuture$AsyncRun.run(CompletableFuture.java:1736)
	at java.base/java.util.concurrent.CompletableFuture$AsyncRun.exec(CompletableFuture.java:1728)
	at java.base/java.util.concurrent.ForkJoinTask.doExec(ForkJoinTask.java:290)
	at java.base/java.util.concurrent.ForkJoinPool$WorkQueue.topLevelExec(ForkJoinPool.java:1020)
	at java.base/java.util.concurrent.ForkJoinPool.scan(ForkJoinPool.java:1656)
	at java.base/java.util.concurrent.ForkJoinPool.runWorker(ForkJoinPool.java:1594)
	at java.base/java.util.concurrent.ForkJoinWorkerThread.run(ForkJoinWorkerThread.java:183)
Caused by: org.eclipse.lsp4j.jsonrpc.JsonRpcException: java.io.IOException: 파이프가 닫히는 중입니다
	at org.eclipse.lsp4j.jsonrpc.json.StreamMessageConsumer.consume(StreamMessageConsumer.java:72)
	at org.eclipse.lsp4e.LanguageServerWrapper.lambda$4(LanguageServerWrapper.java:260)
	at org.eclipse.lsp4j.jsonrpc.RemoteEndpoint.request(RemoteEndpoint.java:161)
	at org.eclipse.lsp4j.jsonrpc.services.EndpointProxy.invoke(EndpointProxy.java:91)
	at com.sun.proxy.$Proxy49.shutdown(Unknown Source)
	at org.eclipse.lsp4e.LanguageServerWrapper.lambda$13(LanguageServerWrapper.java:423)
	... 7 more
Caused by: java.io.IOException: 파이프가 닫히는 중입니다
	at java.base/java.io.FileOutputStream.writeBytes(Native Method)
	at java.base/java.io.FileOutputStream.write(FileOutputStream.java:354)
	at java.base/java.io.BufferedOutputStream.flushBuffer(BufferedOutputStream.java:81)
	at java.base/java.io.BufferedOutputStream.flush(BufferedOutputStream.java:142)
	at org.eclipse.lsp4j.jsonrpc.json.StreamMessageConsumer.consume(StreamMessageConsumer.java:69)
	... 12 more

!ENTRY org.springframework.tooling.ls.eclipse.commons 1 0 2025-06-25 19:08:00.440
!MESSAGE Entering DelegatingStreamConnectionProvider()

!ENTRY org.springframework.tooling.ls.eclipse.commons 1 0 2025-06-25 19:08:00.441
!MESSAGE DelegatingStreamConnectionProvider classloader = org.eclipse.osgi.internal.loader.EquinoxClassLoader@500e5b3f[org.springframework.tooling.boot.ls:1.28.0.202109130547(id=1001)]

!ENTRY org.springframework.tooling.ls.eclipse.commons 1 0 2025-06-25 19:08:00.441
!MESSAGE SpringBootLanguageServer exists!

!ENTRY org.eclipse.lsp4e 4 0 2025-06-25 19:08:00.442
!MESSAGE org.eclipse.lsp4j.jsonrpc.JsonRpcException: java.io.IOException: 파이프가 닫히는 중입니다
!STACK 0
java.util.concurrent.ExecutionException: org.eclipse.lsp4j.jsonrpc.JsonRpcException: java.io.IOException: 파이프가 닫히는 중입니다
	at java.base/java.util.concurrent.CompletableFuture.reportGet(CompletableFuture.java:395)
	at java.base/java.util.concurrent.CompletableFuture.get(CompletableFuture.java:2028)
	at org.eclipse.lsp4e.LanguageServerWrapper.lambda$13(LanguageServerWrapper.java:425)
	at java.base/java.util.concurrent.CompletableFuture$AsyncRun.run(CompletableFuture.java:1736)
	at java.base/java.util.concurrent.CompletableFuture$AsyncRun.exec(CompletableFuture.java:1728)
	at java.base/java.util.concurrent.ForkJoinTask.doExec(ForkJoinTask.java:290)
	at java.base/java.util.concurrent.ForkJoinPool$WorkQueue.topLevelExec(ForkJoinPool.java:1020)
	at java.base/java.util.concurrent.ForkJoinPool.scan(ForkJoinPool.java:1656)
	at java.base/java.util.concurrent.ForkJoinPool.runWorker(ForkJoinPool.java:1594)
	at java.base/java.util.concurrent.ForkJoinWorkerThread.run(ForkJoinWorkerThread.java:183)
Caused by: org.eclipse.lsp4j.jsonrpc.JsonRpcException: java.io.IOException: 파이프가 닫히는 중입니다
	at org.eclipse.lsp4j.jsonrpc.json.StreamMessageConsumer.consume(StreamMessageConsumer.java:72)
	at org.eclipse.lsp4e.LanguageServerWrapper.lambda$4(LanguageServerWrapper.java:260)
	at org.eclipse.lsp4j.jsonrpc.RemoteEndpoint.request(RemoteEndpoint.java:161)
	at org.eclipse.lsp4j.jsonrpc.services.EndpointProxy.invoke(EndpointProxy.java:91)
	at com.sun.proxy.$Proxy49.shutdown(Unknown Source)
	at org.eclipse.lsp4e.LanguageServerWrapper.lambda$13(LanguageServerWrapper.java:423)
	... 7 more
Caused by: java.io.IOException: 파이프가 닫히는 중입니다
	at java.base/java.io.FileOutputStream.writeBytes(Native Method)
	at java.base/java.io.FileOutputStream.write(FileOutputStream.java:354)
	at java.base/java.io.BufferedOutputStream.flushBuffer(BufferedOutputStream.java:81)
	at java.base/java.io.BufferedOutputStream.flush(BufferedOutputStream.java:142)
	at org.eclipse.lsp4j.jsonrpc.json.StreamMessageConsumer.consume(StreamMessageConsumer.java:69)
	... 12 more

!ENTRY org.springframework.tooling.ls.eclipse.commons 1 0 2025-06-25 19:08:00.443
!MESSAGE Entering DelegatingStreamConnectionProvider()

!ENTRY org.springframework.tooling.ls.eclipse.commons 1 0 2025-06-25 19:08:00.443
!MESSAGE DelegatingStreamConnectionProvider classloader = org.eclipse.osgi.internal.loader.EquinoxClassLoader@500e5b3f[org.springframework.tooling.boot.ls:1.28.0.202109130547(id=1001)]

!ENTRY org.eclipse.lsp4e 4 0 2025-06-25 19:08:00.446
!MESSAGE org.eclipse.lsp4j.jsonrpc.JsonRpcException: java.io.IOException: 파이프가 닫히는 중입니다
!STACK 0
java.util.concurrent.ExecutionException: org.eclipse.lsp4j.jsonrpc.JsonRpcException: java.io.IOException: 파이프가 닫히는 중입니다
	at java.base/java.util.concurrent.CompletableFuture.reportGet(CompletableFuture.java:395)
	at java.base/java.util.concurrent.CompletableFuture.get(CompletableFuture.java:2028)
	at org.eclipse.lsp4e.LanguageServerWrapper.lambda$13(LanguageServerWrapper.java:425)
	at java.base/java.util.concurrent.CompletableFuture$AsyncRun.run(CompletableFuture.java:1736)
	at java.base/java.util.concurrent.CompletableFuture$AsyncRun.exec(CompletableFuture.java:1728)
	at java.base/java.util.concurrent.ForkJoinTask.doExec(ForkJoinTask.java:290)
	at java.base/java.util.concurrent.ForkJoinPool$WorkQueue.topLevelExec(ForkJoinPool.java:1020)
	at java.base/java.util.concurrent.ForkJoinPool.scan(ForkJoinPool.java:1656)
	at java.base/java.util.concurrent.ForkJoinPool.runWorker(ForkJoinPool.java:1594)
	at java.base/java.util.concurrent.ForkJoinWorkerThread.run(ForkJoinWorkerThread.java:183)
Caused by: org.eclipse.lsp4j.jsonrpc.JsonRpcException: java.io.IOException: 파이프가 닫히는 중입니다
	at org.eclipse.lsp4j.jsonrpc.json.StreamMessageConsumer.consume(StreamMessageConsumer.java:72)
	at org.eclipse.lsp4e.LanguageServerWrapper.lambda$4(LanguageServerWrapper.java:260)
	at org.eclipse.lsp4j.jsonrpc.RemoteEndpoint.request(RemoteEndpoint.java:161)
	at org.eclipse.lsp4j.jsonrpc.services.EndpointProxy.invoke(EndpointProxy.java:91)
	at com.sun.proxy.$Proxy49.shutdown(Unknown Source)
	at org.eclipse.lsp4e.LanguageServerWrapper.lambda$13(LanguageServerWrapper.java:423)
	... 7 more
Caused by: java.io.IOException: 파이프가 닫히는 중입니다
	at java.base/java.io.FileOutputStream.writeBytes(Native Method)
	at java.base/java.io.FileOutputStream.write(FileOutputStream.java:354)
	at java.base/java.io.BufferedOutputStream.flushBuffer(BufferedOutputStream.java:81)
	at java.base/java.io.BufferedOutputStream.flush(BufferedOutputStream.java:142)
	at org.eclipse.lsp4j.jsonrpc.json.StreamMessageConsumer.consume(StreamMessageConsumer.java:69)
	... 12 more

!ENTRY org.springframework.tooling.ls.eclipse.commons 1 0 2025-06-25 19:08:00.447
!MESSAGE Entering DelegatingStreamConnectionProvider()

!ENTRY org.springframework.tooling.ls.eclipse.commons 1 0 2025-06-25 19:08:00.447
!MESSAGE SpringBootLanguageServer exists!

!ENTRY org.eclipse.lsp4e 4 0 2025-06-25 19:08:00.447
!MESSAGE org.eclipse.lsp4j.jsonrpc.JsonRpcException: java.io.IOException: 파이프가 닫히는 중입니다
!STACK 0
java.util.concurrent.ExecutionException: org.eclipse.lsp4j.jsonrpc.JsonRpcException: java.io.IOException: 파이프가 닫히는 중입니다
	at java.base/java.util.concurrent.CompletableFuture.reportGet(CompletableFuture.java:395)
	at java.base/java.util.concurrent.CompletableFuture.get(CompletableFuture.java:2028)
	at org.eclipse.lsp4e.LanguageServerWrapper.lambda$13(LanguageServerWrapper.java:425)
	at java.base/java.util.concurrent.CompletableFuture$AsyncRun.run(CompletableFuture.java:1736)
	at java.base/java.util.concurrent.CompletableFuture$AsyncRun.exec(CompletableFuture.java:1728)
	at java.base/java.util.concurrent.ForkJoinTask.doExec(ForkJoinTask.java:290)
	at java.base/java.util.concurrent.ForkJoinPool$WorkQueue.topLevelExec(ForkJoinPool.java:1020)
	at java.base/java.util.concurrent.ForkJoinPool.scan(ForkJoinPool.java:1656)
	at java.base/java.util.concurrent.ForkJoinPool.runWorker(ForkJoinPool.java:1594)
	at java.base/java.util.concurrent.ForkJoinWorkerThread.run(ForkJoinWorkerThread.java:183)
Caused by: org.eclipse.lsp4j.jsonrpc.JsonRpcException: java.io.IOException: 파이프가 닫히는 중입니다
	at org.eclipse.lsp4j.jsonrpc.json.StreamMessageConsumer.consume(StreamMessageConsumer.java:72)
	at org.eclipse.lsp4e.LanguageServerWrapper.lambda$4(LanguageServerWrapper.java:260)
	at org.eclipse.lsp4j.jsonrpc.RemoteEndpoint.request(RemoteEndpoint.java:161)
	at org.eclipse.lsp4j.jsonrpc.services.EndpointProxy.invoke(EndpointProxy.java:91)
	at com.sun.proxy.$Proxy49.shutdown(Unknown Source)
	at org.eclipse.lsp4e.LanguageServerWrapper.lambda$13(LanguageServerWrapper.java:423)
	... 7 more
Caused by: java.io.IOException: 파이프가 닫히는 중입니다
	at java.base/java.io.FileOutputStream.writeBytes(Native Method)
	at java.base/java.io.FileOutputStream.write(FileOutputStream.java:354)
	at java.base/java.io.BufferedOutputStream.flushBuffer(BufferedOutputStream.java:81)
	at java.base/java.io.BufferedOutputStream.flush(BufferedOutputStream.java:142)
	at org.eclipse.lsp4j.jsonrpc.json.StreamMessageConsumer.consume(StreamMessageConsumer.java:69)
	... 12 more

!ENTRY org.springframework.tooling.ls.eclipse.commons 1 0 2025-06-25 19:08:00.448
!MESSAGE Entering DelegatingStreamConnectionProvider()

!ENTRY org.springframework.tooling.ls.eclipse.commons 1 0 2025-06-25 19:08:00.448
!MESSAGE DelegatingStreamConnectionProvider classloader = org.eclipse.osgi.internal.loader.EquinoxClassLoader@500e5b3f[org.springframework.tooling.boot.ls:1.28.0.202109130547(id=1001)]

!ENTRY org.springframework.tooling.ls.eclipse.commons 1 0 2025-06-25 19:08:00.448
!MESSAGE SpringBootLanguageServer exists!

!ENTRY org.springframework.tooling.ls.eclipse.commons 1 0 2025-06-25 19:08:00.449
!MESSAGE DelegatingStreamConnectionProvider classloader = org.eclipse.osgi.internal.loader.EquinoxClassLoader@500e5b3f[org.springframework.tooling.boot.ls:1.28.0.202109130547(id=1001)]

!ENTRY org.springframework.tooling.ls.eclipse.commons 1 0 2025-06-25 19:08:00.449
!MESSAGE SpringBootLanguageServer exists!

!ENTRY org.eclipse.lsp4e 4 0 2025-06-25 19:08:00.450
!MESSAGE org.eclipse.lsp4j.jsonrpc.JsonRpcException: java.io.IOException: 파이프가 닫히는 중입니다
!STACK 0
java.util.concurrent.ExecutionException: org.eclipse.lsp4j.jsonrpc.JsonRpcException: java.io.IOException: 파이프가 닫히는 중입니다
	at java.base/java.util.concurrent.CompletableFuture.reportGet(CompletableFuture.java:395)
	at java.base/java.util.concurrent.CompletableFuture.get(CompletableFuture.java:2028)
	at org.eclipse.lsp4e.LanguageServerWrapper.lambda$13(LanguageServerWrapper.java:425)
	at java.base/java.util.concurrent.CompletableFuture$AsyncRun.run(CompletableFuture.java:1736)
	at java.base/java.util.concurrent.CompletableFuture$AsyncRun.exec(CompletableFuture.java:1728)
	at java.base/java.util.concurrent.ForkJoinTask.doExec(ForkJoinTask.java:290)
	at java.base/java.util.concurrent.ForkJoinPool$WorkQueue.topLevelExec(ForkJoinPool.java:1020)
	at java.base/java.util.concurrent.ForkJoinPool.scan(ForkJoinPool.java:1656)
	at java.base/java.util.concurrent.ForkJoinPool.runWorker(ForkJoinPool.java:1594)
	at java.base/java.util.concurrent.ForkJoinWorkerThread.run(ForkJoinWorkerThread.java:183)
Caused by: org.eclipse.lsp4j.jsonrpc.JsonRpcException: java.io.IOException: 파이프가 닫히는 중입니다
	at org.eclipse.lsp4j.jsonrpc.json.StreamMessageConsumer.consume(StreamMessageConsumer.java:72)
	at org.eclipse.lsp4e.LanguageServerWrapper.lambda$4(LanguageServerWrapper.java:260)
	at org.eclipse.lsp4j.jsonrpc.RemoteEndpoint.request(RemoteEndpoint.java:161)
	at org.eclipse.lsp4j.jsonrpc.services.EndpointProxy.invoke(EndpointProxy.java:91)
	at com.sun.proxy.$Proxy49.shutdown(Unknown Source)
	at org.eclipse.lsp4e.LanguageServerWrapper.lambda$13(LanguageServerWrapper.java:423)
	... 7 more
Caused by: java.io.IOException: 파이프가 닫히는 중입니다
	at java.base/java.io.FileOutputStream.writeBytes(Native Method)
	at java.base/java.io.FileOutputStream.write(FileOutputStream.java:354)
	at java.base/java.io.BufferedOutputStream.flushBuffer(BufferedOutputStream.java:81)
	at java.base/java.io.BufferedOutputStream.flush(BufferedOutputStream.java:142)
	at org.eclipse.lsp4j.jsonrpc.json.StreamMessageConsumer.consume(StreamMessageConsumer.java:69)
	... 12 more

!ENTRY org.springframework.tooling.ls.eclipse.commons 1 0 2025-06-25 19:08:00.450
!MESSAGE Entering DelegatingStreamConnectionProvider()

!ENTRY org.springframework.tooling.ls.eclipse.commons 1 0 2025-06-25 19:08:00.451
!MESSAGE DelegatingStreamConnectionProvider classloader = org.eclipse.osgi.internal.loader.EquinoxClassLoader@500e5b3f[org.springframework.tooling.boot.ls:1.28.0.202109130547(id=1001)]

!ENTRY org.springframework.tooling.ls.eclipse.commons 1 0 2025-06-25 19:08:00.451
!MESSAGE SpringBootLanguageServer exists!

!ENTRY org.eclipse.lsp4e 4 0 2025-06-25 19:08:00.457
!MESSAGE org.eclipse.lsp4j.jsonrpc.JsonRpcException: java.io.IOException: 파이프가 닫히는 중입니다
!STACK 0
java.util.concurrent.ExecutionException: org.eclipse.lsp4j.jsonrpc.JsonRpcException: java.io.IOException: 파이프가 닫히는 중입니다
	at java.base/java.util.concurrent.CompletableFuture.reportGet(CompletableFuture.java:395)
	at java.base/java.util.concurrent.CompletableFuture.get(CompletableFuture.java:2028)
	at org.eclipse.lsp4e.LanguageServerWrapper.lambda$13(LanguageServerWrapper.java:425)
	at java.base/java.util.concurrent.CompletableFuture$AsyncRun.run(CompletableFuture.java:1736)
	at java.base/java.util.concurrent.CompletableFuture$AsyncRun.exec(CompletableFuture.java:1728)
	at java.base/java.util.concurrent.ForkJoinTask.doExec(ForkJoinTask.java:290)
	at java.base/java.util.concurrent.ForkJoinPool$WorkQueue.topLevelExec(ForkJoinPool.java:1020)
	at java.base/java.util.concurrent.ForkJoinPool.scan(ForkJoinPool.java:1656)
	at java.base/java.util.concurrent.ForkJoinPool.runWorker(ForkJoinPool.java:1594)
	at java.base/java.util.concurrent.ForkJoinWorkerThread.run(ForkJoinWorkerThread.java:183)
Caused by: org.eclipse.lsp4j.jsonrpc.JsonRpcException: java.io.IOException: 파이프가 닫히는 중입니다
	at org.eclipse.lsp4j.jsonrpc.json.StreamMessageConsumer.consume(StreamMessageConsumer.java:72)
	at org.eclipse.lsp4e.LanguageServerWrapper.lambda$4(LanguageServerWrapper.java:260)
	at org.eclipse.lsp4j.jsonrpc.RemoteEndpoint.request(RemoteEndpoint.java:161)
	at org.eclipse.lsp4j.jsonrpc.services.EndpointProxy.invoke(EndpointProxy.java:91)
	at com.sun.proxy.$Proxy49.shutdown(Unknown Source)
	at org.eclipse.lsp4e.LanguageServerWrapper.lambda$13(LanguageServerWrapper.java:423)
	... 7 more
Caused by: java.io.IOException: 파이프가 닫히는 중입니다
	at java.base/java.io.FileOutputStream.writeBytes(Native Method)
	at java.base/java.io.FileOutputStream.write(FileOutputStream.java:354)
	at java.base/java.io.BufferedOutputStream.flushBuffer(BufferedOutputStream.java:81)
	at java.base/java.io.BufferedOutputStream.flush(BufferedOutputStream.java:142)
	at org.eclipse.lsp4j.jsonrpc.json.StreamMessageConsumer.consume(StreamMessageConsumer.java:69)
	... 12 more

!ENTRY org.springframework.tooling.ls.eclipse.commons 1 0 2025-06-25 19:08:00.457
!MESSAGE Entering DelegatingStreamConnectionProvider()

!ENTRY org.springframework.tooling.ls.eclipse.commons 1 0 2025-06-25 19:08:00.458
!MESSAGE DelegatingStreamConnectionProvider classloader = org.eclipse.osgi.internal.loader.EquinoxClassLoader@500e5b3f[org.springframework.tooling.boot.ls:1.28.0.202109130547(id=1001)]

!ENTRY org.springframework.tooling.ls.eclipse.commons 1 0 2025-06-25 19:08:00.458
!MESSAGE SpringBootLanguageServer exists!

!ENTRY org.eclipse.lsp4e 4 0 2025-06-25 19:08:00.459
!MESSAGE org.eclipse.lsp4j.jsonrpc.JsonRpcException: java.io.IOException: 파이프가 닫히는 중입니다
!STACK 0
java.util.concurrent.ExecutionException: org.eclipse.lsp4j.jsonrpc.JsonRpcException: java.io.IOException: 파이프가 닫히는 중입니다
	at java.base/java.util.concurrent.CompletableFuture.reportGet(CompletableFuture.java:395)
	at java.base/java.util.concurrent.CompletableFuture.get(CompletableFuture.java:2028)
	at org.eclipse.lsp4e.LanguageServerWrapper.lambda$13(LanguageServerWrapper.java:425)
	at java.base/java.util.concurrent.CompletableFuture$AsyncRun.run(CompletableFuture.java:1736)
	at java.base/java.util.concurrent.CompletableFuture$AsyncRun.exec(CompletableFuture.java:1728)
	at java.base/java.util.concurrent.ForkJoinTask.doExec(ForkJoinTask.java:290)
	at java.base/java.util.concurrent.ForkJoinPool$WorkQueue.topLevelExec(ForkJoinPool.java:1020)
	at java.base/java.util.concurrent.ForkJoinPool.scan(ForkJoinPool.java:1656)
	at java.base/java.util.concurrent.ForkJoinPool.runWorker(ForkJoinPool.java:1594)
	at java.base/java.util.concurrent.ForkJoinWorkerThread.run(ForkJoinWorkerThread.java:183)
Caused by: org.eclipse.lsp4j.jsonrpc.JsonRpcException: java.io.IOException: 파이프가 닫히는 중입니다
	at org.eclipse.lsp4j.jsonrpc.json.StreamMessageConsumer.consume(StreamMessageConsumer.java:72)
	at org.eclipse.lsp4e.LanguageServerWrapper.lambda$4(LanguageServerWrapper.java:260)
	at org.eclipse.lsp4j.jsonrpc.RemoteEndpoint.request(RemoteEndpoint.java:161)
	at org.eclipse.lsp4j.jsonrpc.services.EndpointProxy.invoke(EndpointProxy.java:91)
	at com.sun.proxy.$Proxy49.shutdown(Unknown Source)
	at org.eclipse.lsp4e.LanguageServerWrapper.lambda$13(LanguageServerWrapper.java:423)
	... 7 more
Caused by: java.io.IOException: 파이프가 닫히는 중입니다
	at java.base/java.io.FileOutputStream.writeBytes(Native Method)
	at java.base/java.io.FileOutputStream.write(FileOutputStream.java:354)
	at java.base/java.io.BufferedOutputStream.flushBuffer(BufferedOutputStream.java:81)
	at java.base/java.io.BufferedOutputStream.flush(BufferedOutputStream.java:142)
	at org.eclipse.lsp4j.jsonrpc.json.StreamMessageConsumer.consume(StreamMessageConsumer.java:69)
	... 12 more

!ENTRY org.springframework.tooling.ls.eclipse.commons 1 0 2025-06-25 19:08:00.459
!MESSAGE Entering DelegatingStreamConnectionProvider()

!ENTRY org.springframework.tooling.ls.eclipse.commons 1 0 2025-06-25 19:08:00.460
!MESSAGE DelegatingStreamConnectionProvider classloader = org.eclipse.osgi.internal.loader.EquinoxClassLoader@500e5b3f[org.springframework.tooling.boot.ls:1.28.0.202109130547(id=1001)]

!ENTRY org.springframework.tooling.ls.eclipse.commons 1 0 2025-06-25 19:08:00.460
!MESSAGE SpringBootLanguageServer exists!

!ENTRY org.eclipse.lsp4e 4 0 2025-06-25 19:08:00.461
!MESSAGE org.eclipse.lsp4j.jsonrpc.JsonRpcException: java.io.IOException: 파이프가 닫히는 중입니다
!STACK 0
java.util.concurrent.ExecutionException: org.eclipse.lsp4j.jsonrpc.JsonRpcException: java.io.IOException: 파이프가 닫히는 중입니다
	at java.base/java.util.concurrent.CompletableFuture.reportGet(CompletableFuture.java:395)
	at java.base/java.util.concurrent.CompletableFuture.get(CompletableFuture.java:2028)
	at org.eclipse.lsp4e.LanguageServerWrapper.lambda$13(LanguageServerWrapper.java:425)
	at java.base/java.util.concurrent.CompletableFuture$AsyncRun.run(CompletableFuture.java:1736)
	at java.base/java.util.concurrent.CompletableFuture$AsyncRun.exec(CompletableFuture.java:1728)
	at java.base/java.util.concurrent.ForkJoinTask.doExec(ForkJoinTask.java:290)
	at java.base/java.util.concurrent.ForkJoinPool$WorkQueue.topLevelExec(ForkJoinPool.java:1020)
	at java.base/java.util.concurrent.ForkJoinPool.scan(ForkJoinPool.java:1656)
	at java.base/java.util.concurrent.ForkJoinPool.runWorker(ForkJoinPool.java:1594)
	at java.base/java.util.concurrent.ForkJoinWorkerThread.run(ForkJoinWorkerThread.java:183)
Caused by: org.eclipse.lsp4j.jsonrpc.JsonRpcException: java.io.IOException: 파이프가 닫히는 중입니다
	at org.eclipse.lsp4j.jsonrpc.json.StreamMessageConsumer.consume(StreamMessageConsumer.java:72)
	at org.eclipse.lsp4e.LanguageServerWrapper.lambda$4(LanguageServerWrapper.java:260)
	at org.eclipse.lsp4j.jsonrpc.RemoteEndpoint.request(RemoteEndpoint.java:161)
	at org.eclipse.lsp4j.jsonrpc.services.EndpointProxy.invoke(EndpointProxy.java:91)
	at com.sun.proxy.$Proxy49.shutdown(Unknown Source)
	at org.eclipse.lsp4e.LanguageServerWrapper.lambda$13(LanguageServerWrapper.java:423)
	... 7 more
Caused by: java.io.IOException: 파이프가 닫히는 중입니다
	at java.base/java.io.FileOutputStream.writeBytes(Native Method)
	at java.base/java.io.FileOutputStream.write(FileOutputStream.java:354)
	at java.base/java.io.BufferedOutputStream.flushBuffer(BufferedOutputStream.java:81)
	at java.base/java.io.BufferedOutputStream.flush(BufferedOutputStream.java:142)
	at org.eclipse.lsp4j.jsonrpc.json.StreamMessageConsumer.consume(StreamMessageConsumer.java:69)
	... 12 more

!ENTRY org.springframework.tooling.ls.eclipse.commons 1 0 2025-06-25 19:08:00.461
!MESSAGE Entering DelegatingStreamConnectionProvider()

!ENTRY org.springframework.tooling.ls.eclipse.commons 1 0 2025-06-25 19:08:00.462
!MESSAGE DelegatingStreamConnectionProvider classloader = org.eclipse.osgi.internal.loader.EquinoxClassLoader@500e5b3f[org.springframework.tooling.boot.ls:1.28.0.202109130547(id=1001)]

!ENTRY org.springframework.tooling.ls.eclipse.commons 1 0 2025-06-25 19:08:00.462
!MESSAGE SpringBootLanguageServer exists!

!ENTRY org.eclipse.lsp4e 4 0 2025-06-25 19:08:00.464
!MESSAGE org.eclipse.lsp4j.jsonrpc.JsonRpcException: java.io.IOException: 파이프가 닫히는 중입니다
!STACK 0
java.util.concurrent.ExecutionException: org.eclipse.lsp4j.jsonrpc.JsonRpcException: java.io.IOException: 파이프가 닫히는 중입니다
	at java.base/java.util.concurrent.CompletableFuture.reportGet(CompletableFuture.java:395)
	at java.base/java.util.concurrent.CompletableFuture.get(CompletableFuture.java:2028)
	at org.eclipse.lsp4e.LanguageServerWrapper.lambda$13(LanguageServerWrapper.java:425)
	at java.base/java.util.concurrent.CompletableFuture$AsyncRun.run(CompletableFuture.java:1736)
	at java.base/java.util.concurrent.CompletableFuture$AsyncRun.exec(CompletableFuture.java:1728)
	at java.base/java.util.concurrent.ForkJoinTask.doExec(ForkJoinTask.java:290)
	at java.base/java.util.concurrent.ForkJoinPool$WorkQueue.topLevelExec(ForkJoinPool.java:1020)
	at java.base/java.util.concurrent.ForkJoinPool.scan(ForkJoinPool.java:1656)
	at java.base/java.util.concurrent.ForkJoinPool.runWorker(ForkJoinPool.java:1594)
	at java.base/java.util.concurrent.ForkJoinWorkerThread.run(ForkJoinWorkerThread.java:183)
Caused by: org.eclipse.lsp4j.jsonrpc.JsonRpcException: java.io.IOException: 파이프가 닫히는 중입니다
	at org.eclipse.lsp4j.jsonrpc.json.StreamMessageConsumer.consume(StreamMessageConsumer.java:72)
	at org.eclipse.lsp4e.LanguageServerWrapper.lambda$4(LanguageServerWrapper.java:260)
	at org.eclipse.lsp4j.jsonrpc.RemoteEndpoint.request(RemoteEndpoint.java:161)
	at org.eclipse.lsp4j.jsonrpc.services.EndpointProxy.invoke(EndpointProxy.java:91)
	at com.sun.proxy.$Proxy49.shutdown(Unknown Source)
	at org.eclipse.lsp4e.LanguageServerWrapper.lambda$13(LanguageServerWrapper.java:423)
	... 7 more
Caused by: java.io.IOException: 파이프가 닫히는 중입니다
	at java.base/java.io.FileOutputStream.writeBytes(Native Method)
	at java.base/java.io.FileOutputStream.write(FileOutputStream.java:354)
	at java.base/java.io.BufferedOutputStream.flushBuffer(BufferedOutputStream.java:81)
	at java.base/java.io.BufferedOutputStream.flush(BufferedOutputStream.java:142)
	at org.eclipse.lsp4j.jsonrpc.json.StreamMessageConsumer.consume(StreamMessageConsumer.java:69)
	... 12 more

!ENTRY org.springframework.tooling.ls.eclipse.commons 1 0 2025-06-25 19:08:00.464
!MESSAGE Entering DelegatingStreamConnectionProvider()

!ENTRY org.springframework.tooling.ls.eclipse.commons 1 0 2025-06-25 19:08:00.464
!MESSAGE DelegatingStreamConnectionProvider classloader = org.eclipse.osgi.internal.loader.EquinoxClassLoader@500e5b3f[org.springframework.tooling.boot.ls:1.28.0.202109130547(id=1001)]

!ENTRY org.springframework.tooling.ls.eclipse.commons 1 0 2025-06-25 19:08:00.465
!MESSAGE SpringBootLanguageServer exists!

!ENTRY org.eclipse.lsp4e 4 0 2025-06-25 19:08:00.471
!MESSAGE org.eclipse.lsp4j.jsonrpc.JsonRpcException: java.io.IOException: 파이프가 닫히는 중입니다
!STACK 0
java.util.concurrent.ExecutionException: org.eclipse.lsp4j.jsonrpc.JsonRpcException: java.io.IOException: 파이프가 닫히는 중입니다
	at java.base/java.util.concurrent.CompletableFuture.reportGet(CompletableFuture.java:395)
	at java.base/java.util.concurrent.CompletableFuture.get(CompletableFuture.java:2028)
	at org.eclipse.lsp4e.LanguageServerWrapper.lambda$13(LanguageServerWrapper.java:425)
	at java.base/java.util.concurrent.CompletableFuture$AsyncRun.run(CompletableFuture.java:1736)
	at java.base/java.util.concurrent.CompletableFuture$AsyncRun.exec(CompletableFuture.java:1728)
	at java.base/java.util.concurrent.ForkJoinTask.doExec(ForkJoinTask.java:290)
	at java.base/java.util.concurrent.ForkJoinPool$WorkQueue.topLevelExec(ForkJoinPool.java:1020)
	at java.base/java.util.concurrent.ForkJoinPool.scan(ForkJoinPool.java:1656)
	at java.base/java.util.concurrent.ForkJoinPool.runWorker(ForkJoinPool.java:1594)
	at java.base/java.util.concurrent.ForkJoinWorkerThread.run(ForkJoinWorkerThread.java:183)
Caused by: org.eclipse.lsp4j.jsonrpc.JsonRpcException: java.io.IOException: 파이프가 닫히는 중입니다
	at org.eclipse.lsp4j.jsonrpc.json.StreamMessageConsumer.consume(StreamMessageConsumer.java:72)
	at org.eclipse.lsp4e.LanguageServerWrapper.lambda$4(LanguageServerWrapper.java:260)
	at org.eclipse.lsp4j.jsonrpc.RemoteEndpoint.request(RemoteEndpoint.java:161)
	at org.eclipse.lsp4j.jsonrpc.services.EndpointProxy.invoke(EndpointProxy.java:91)
	at com.sun.proxy.$Proxy49.shutdown(Unknown Source)
	at org.eclipse.lsp4e.LanguageServerWrapper.lambda$13(LanguageServerWrapper.java:423)
	... 7 more
Caused by: java.io.IOException: 파이프가 닫히는 중입니다
	at java.base/java.io.FileOutputStream.writeBytes(Native Method)
	at java.base/java.io.FileOutputStream.write(FileOutputStream.java:354)
	at java.base/java.io.BufferedOutputStream.flushBuffer(BufferedOutputStream.java:81)
	at java.base/java.io.BufferedOutputStream.flush(BufferedOutputStream.java:142)
	at org.eclipse.lsp4j.jsonrpc.json.StreamMessageConsumer.consume(StreamMessageConsumer.java:69)
	... 12 more

!ENTRY org.springframework.tooling.ls.eclipse.commons 1 0 2025-06-25 19:08:00.472
!MESSAGE Entering DelegatingStreamConnectionProvider()

!ENTRY org.springframework.tooling.ls.eclipse.commons 1 0 2025-06-25 19:08:00.472
!MESSAGE DelegatingStreamConnectionProvider classloader = org.eclipse.osgi.internal.loader.EquinoxClassLoader@500e5b3f[org.springframework.tooling.boot.ls:1.28.0.202109130547(id=1001)]

!ENTRY org.springframework.tooling.ls.eclipse.commons 1 0 2025-06-25 19:08:00.473
!MESSAGE SpringBootLanguageServer exists!

!ENTRY org.eclipse.lsp4e 4 0 2025-06-25 19:08:00.474
!MESSAGE org.eclipse.lsp4j.jsonrpc.JsonRpcException: java.io.IOException: 파이프가 닫히는 중입니다
!STACK 0
java.util.concurrent.ExecutionException: org.eclipse.lsp4j.jsonrpc.JsonRpcException: java.io.IOException: 파이프가 닫히는 중입니다
	at java.base/java.util.concurrent.CompletableFuture.reportGet(CompletableFuture.java:395)
	at java.base/java.util.concurrent.CompletableFuture.get(CompletableFuture.java:2028)
	at org.eclipse.lsp4e.LanguageServerWrapper.lambda$13(LanguageServerWrapper.java:425)
	at java.base/java.util.concurrent.CompletableFuture$AsyncRun.run(CompletableFuture.java:1736)
	at java.base/java.util.concurrent.CompletableFuture$AsyncRun.exec(CompletableFuture.java:1728)
	at java.base/java.util.concurrent.ForkJoinTask.doExec(ForkJoinTask.java:290)
	at java.base/java.util.concurrent.ForkJoinPool$WorkQueue.topLevelExec(ForkJoinPool.java:1020)
	at java.base/java.util.concurrent.ForkJoinPool.scan(ForkJoinPool.java:1656)
	at java.base/java.util.concurrent.ForkJoinPool.runWorker(ForkJoinPool.java:1594)
	at java.base/java.util.concurrent.ForkJoinWorkerThread.run(ForkJoinWorkerThread.java:183)
Caused by: org.eclipse.lsp4j.jsonrpc.JsonRpcException: java.io.IOException: 파이프가 닫히는 중입니다
	at org.eclipse.lsp4j.jsonrpc.json.StreamMessageConsumer.consume(StreamMessageConsumer.java:72)
	at org.eclipse.lsp4e.LanguageServerWrapper.lambda$4(LanguageServerWrapper.java:260)
	at org.eclipse.lsp4j.jsonrpc.RemoteEndpoint.request(RemoteEndpoint.java:161)
	at org.eclipse.lsp4j.jsonrpc.services.EndpointProxy.invoke(EndpointProxy.java:91)
	at com.sun.proxy.$Proxy49.shutdown(Unknown Source)
	at org.eclipse.lsp4e.LanguageServerWrapper.lambda$13(LanguageServerWrapper.java:423)
	... 7 more
Caused by: java.io.IOException: 파이프가 닫히는 중입니다
	at java.base/java.io.FileOutputStream.writeBytes(Native Method)
	at java.base/java.io.FileOutputStream.write(FileOutputStream.java:354)
	at java.base/java.io.BufferedOutputStream.flushBuffer(BufferedOutputStream.java:81)
	at java.base/java.io.BufferedOutputStream.flush(BufferedOutputStream.java:142)
	at org.eclipse.lsp4j.jsonrpc.json.StreamMessageConsumer.consume(StreamMessageConsumer.java:69)
	... 12 more

!ENTRY org.springframework.tooling.ls.eclipse.commons 1 0 2025-06-25 19:08:00.475
!MESSAGE Entering DelegatingStreamConnectionProvider()

!ENTRY org.springframework.tooling.ls.eclipse.commons 1 0 2025-06-25 19:08:00.475
!MESSAGE DelegatingStreamConnectionProvider classloader = org.eclipse.osgi.internal.loader.EquinoxClassLoader@500e5b3f[org.springframework.tooling.boot.ls:1.28.0.202109130547(id=1001)]

!ENTRY org.springframework.tooling.ls.eclipse.commons 1 0 2025-06-25 19:08:00.475
!MESSAGE SpringBootLanguageServer exists!

!ENTRY org.eclipse.lsp4e 4 0 2025-06-25 19:08:00.476
!MESSAGE org.eclipse.lsp4j.jsonrpc.JsonRpcException: java.io.IOException: 파이프가 닫히는 중입니다
!STACK 0
java.util.concurrent.ExecutionException: org.eclipse.lsp4j.jsonrpc.JsonRpcException: java.io.IOException: 파이프가 닫히는 중입니다
	at java.base/java.util.concurrent.CompletableFuture.reportGet(CompletableFuture.java:395)
	at java.base/java.util.concurrent.CompletableFuture.get(CompletableFuture.java:2028)
	at org.eclipse.lsp4e.LanguageServerWrapper.lambda$13(LanguageServerWrapper.java:425)
	at java.base/java.util.concurrent.CompletableFuture$AsyncRun.run(CompletableFuture.java:1736)
	at java.base/java.util.concurrent.CompletableFuture$AsyncRun.exec(CompletableFuture.java:1728)
	at java.base/java.util.concurrent.ForkJoinTask.doExec(ForkJoinTask.java:290)
	at java.base/java.util.concurrent.ForkJoinPool$WorkQueue.topLevelExec(ForkJoinPool.java:1020)
	at java.base/java.util.concurrent.ForkJoinPool.scan(ForkJoinPool.java:1656)
	at java.base/java.util.concurrent.ForkJoinPool.runWorker(ForkJoinPool.java:1594)
	at java.base/java.util.concurrent.ForkJoinWorkerThread.run(ForkJoinWorkerThread.java:183)
Caused by: org.eclipse.lsp4j.jsonrpc.JsonRpcException: java.io.IOException: 파이프가 닫히는 중입니다
	at org.eclipse.lsp4j.jsonrpc.json.StreamMessageConsumer.consume(StreamMessageConsumer.java:72)
	at org.eclipse.lsp4e.LanguageServerWrapper.lambda$4(LanguageServerWrapper.java:260)
	at org.eclipse.lsp4j.jsonrpc.RemoteEndpoint.request(RemoteEndpoint.java:161)
	at org.eclipse.lsp4j.jsonrpc.services.EndpointProxy.invoke(EndpointProxy.java:91)
	at com.sun.proxy.$Proxy49.shutdown(Unknown Source)
	at org.eclipse.lsp4e.LanguageServerWrapper.lambda$13(LanguageServerWrapper.java:423)
	... 7 more
Caused by: java.io.IOException: 파이프가 닫히는 중입니다
	at java.base/java.io.FileOutputStream.writeBytes(Native Method)
	at java.base/java.io.FileOutputStream.write(FileOutputStream.java:354)
	at java.base/java.io.BufferedOutputStream.flushBuffer(BufferedOutputStream.java:81)
	at java.base/java.io.BufferedOutputStream.flush(BufferedOutputStream.java:142)
	at org.eclipse.lsp4j.jsonrpc.json.StreamMessageConsumer.consume(StreamMessageConsumer.java:69)
	... 12 more

!ENTRY org.springframework.tooling.ls.eclipse.commons 1 0 2025-06-25 19:08:00.477
!MESSAGE Entering DelegatingStreamConnectionProvider()

!ENTRY org.springframework.tooling.ls.eclipse.commons 1 0 2025-06-25 19:08:00.477
!MESSAGE DelegatingStreamConnectionProvider classloader = org.eclipse.osgi.internal.loader.EquinoxClassLoader@500e5b3f[org.springframework.tooling.boot.ls:1.28.0.202109130547(id=1001)]

!ENTRY org.springframework.tooling.ls.eclipse.commons 1 0 2025-06-25 19:08:00.478
!MESSAGE SpringBootLanguageServer exists!

!ENTRY org.eclipse.lsp4e 4 0 2025-06-25 19:08:00.479
!MESSAGE org.eclipse.lsp4j.jsonrpc.JsonRpcException: java.io.IOException: 파이프가 닫히는 중입니다
!STACK 0
java.util.concurrent.ExecutionException: org.eclipse.lsp4j.jsonrpc.JsonRpcException: java.io.IOException: 파이프가 닫히는 중입니다
	at java.base/java.util.concurrent.CompletableFuture.reportGet(CompletableFuture.java:395)
	at java.base/java.util.concurrent.CompletableFuture.get(CompletableFuture.java:2028)
	at org.eclipse.lsp4e.LanguageServerWrapper.lambda$13(LanguageServerWrapper.java:425)
	at java.base/java.util.concurrent.CompletableFuture$AsyncRun.run(CompletableFuture.java:1736)
	at java.base/java.util.concurrent.CompletableFuture$AsyncRun.exec(CompletableFuture.java:1728)
	at java.base/java.util.concurrent.ForkJoinTask.doExec(ForkJoinTask.java:290)
	at java.base/java.util.concurrent.ForkJoinPool$WorkQueue.topLevelExec(ForkJoinPool.java:1020)
	at java.base/java.util.concurrent.ForkJoinPool.scan(ForkJoinPool.java:1656)
	at java.base/java.util.concurrent.ForkJoinPool.runWorker(ForkJoinPool.java:1594)
	at java.base/java.util.concurrent.ForkJoinWorkerThread.run(ForkJoinWorkerThread.java:183)
Caused by: org.eclipse.lsp4j.jsonrpc.JsonRpcException: java.io.IOException: 파이프가 닫히는 중입니다
	at org.eclipse.lsp4j.jsonrpc.json.StreamMessageConsumer.consume(StreamMessageConsumer.java:72)
	at org.eclipse.lsp4e.LanguageServerWrapper.lambda$4(LanguageServerWrapper.java:260)
	at org.eclipse.lsp4j.jsonrpc.RemoteEndpoint.request(RemoteEndpoint.java:161)
	at org.eclipse.lsp4j.jsonrpc.services.EndpointProxy.invoke(EndpointProxy.java:91)
	at com.sun.proxy.$Proxy49.shutdown(Unknown Source)
	at org.eclipse.lsp4e.LanguageServerWrapper.lambda$13(LanguageServerWrapper.java:423)
	... 7 more
Caused by: java.io.IOException: 파이프가 닫히는 중입니다
	at java.base/java.io.FileOutputStream.writeBytes(Native Method)
	at java.base/java.io.FileOutputStream.write(FileOutputStream.java:354)
	at java.base/java.io.BufferedOutputStream.flushBuffer(BufferedOutputStream.java:81)
	at java.base/java.io.BufferedOutputStream.flush(BufferedOutputStream.java:142)
	at org.eclipse.lsp4j.jsonrpc.json.StreamMessageConsumer.consume(StreamMessageConsumer.java:69)
	... 12 more

!ENTRY org.springframework.tooling.ls.eclipse.commons 1 0 2025-06-25 19:08:00.480
!MESSAGE Entering DelegatingStreamConnectionProvider()

!ENTRY org.springframework.tooling.ls.eclipse.commons 1 0 2025-06-25 19:08:00.480
!MESSAGE DelegatingStreamConnectionProvider classloader = org.eclipse.osgi.internal.loader.EquinoxClassLoader@500e5b3f[org.springframework.tooling.boot.ls:1.28.0.202109130547(id=1001)]

!ENTRY org.springframework.tooling.ls.eclipse.commons 1 0 2025-06-25 19:08:00.481
!MESSAGE SpringBootLanguageServer exists!

!ENTRY org.eclipse.lsp4e 4 0 2025-06-25 19:08:00.482
!MESSAGE org.eclipse.lsp4j.jsonrpc.JsonRpcException: java.io.IOException: 파이프가 닫히는 중입니다
!STACK 0
java.util.concurrent.ExecutionException: org.eclipse.lsp4j.jsonrpc.JsonRpcException: java.io.IOException: 파이프가 닫히는 중입니다
	at java.base/java.util.concurrent.CompletableFuture.reportGet(CompletableFuture.java:395)
	at java.base/java.util.concurrent.CompletableFuture.get(CompletableFuture.java:2028)
	at org.eclipse.lsp4e.LanguageServerWrapper.lambda$13(LanguageServerWrapper.java:425)
	at java.base/java.util.concurrent.CompletableFuture$AsyncRun.run(CompletableFuture.java:1736)
	at java.base/java.util.concurrent.CompletableFuture$AsyncRun.exec(CompletableFuture.java:1728)
	at java.base/java.util.concurrent.ForkJoinTask.doExec(ForkJoinTask.java:290)
	at java.base/java.util.concurrent.ForkJoinPool$WorkQueue.topLevelExec(ForkJoinPool.java:1020)
	at java.base/java.util.concurrent.ForkJoinPool.scan(ForkJoinPool.java:1656)
	at java.base/java.util.concurrent.ForkJoinPool.runWorker(ForkJoinPool.java:1594)
	at java.base/java.util.concurrent.ForkJoinWorkerThread.run(ForkJoinWorkerThread.java:183)
Caused by: org.eclipse.lsp4j.jsonrpc.JsonRpcException: java.io.IOException: 파이프가 닫히는 중입니다
	at org.eclipse.lsp4j.jsonrpc.json.StreamMessageConsumer.consume(StreamMessageConsumer.java:72)
	at org.eclipse.lsp4e.LanguageServerWrapper.lambda$4(LanguageServerWrapper.java:260)
	at org.eclipse.lsp4j.jsonrpc.RemoteEndpoint.request(RemoteEndpoint.java:161)
	at org.eclipse.lsp4j.jsonrpc.services.EndpointProxy.invoke(EndpointProxy.java:91)
	at com.sun.proxy.$Proxy49.shutdown(Unknown Source)
	at org.eclipse.lsp4e.LanguageServerWrapper.lambda$13(LanguageServerWrapper.java:423)
	... 7 more
Caused by: java.io.IOException: 파이프가 닫히는 중입니다
	at java.base/java.io.FileOutputStream.writeBytes(Native Method)
	at java.base/java.io.FileOutputStream.write(FileOutputStream.java:354)
	at java.base/java.io.BufferedOutputStream.flushBuffer(BufferedOutputStream.java:81)
	at java.base/java.io.BufferedOutputStream.flush(BufferedOutputStream.java:142)
	at org.eclipse.lsp4j.jsonrpc.json.StreamMessageConsumer.consume(StreamMessageConsumer.java:69)
	... 12 more

!ENTRY org.springframework.tooling.ls.eclipse.commons 1 0 2025-06-25 19:08:00.483
!MESSAGE Entering DelegatingStreamConnectionProvider()

!ENTRY org.springframework.tooling.ls.eclipse.commons 1 0 2025-06-25 19:08:00.483
!MESSAGE DelegatingStreamConnectionProvider classloader = org.eclipse.osgi.internal.loader.EquinoxClassLoader@500e5b3f[org.springframework.tooling.boot.ls:1.28.0.202109130547(id=1001)]

!ENTRY org.springframework.tooling.ls.eclipse.commons 1 0 2025-06-25 19:08:00.483
!MESSAGE SpringBootLanguageServer exists!

!ENTRY org.eclipse.lsp4e 4 0 2025-06-25 19:08:00.486
!MESSAGE org.eclipse.lsp4j.jsonrpc.JsonRpcException: java.io.IOException: 파이프가 닫히는 중입니다
!STACK 0
java.util.concurrent.ExecutionException: org.eclipse.lsp4j.jsonrpc.JsonRpcException: java.io.IOException: 파이프가 닫히는 중입니다
	at java.base/java.util.concurrent.CompletableFuture.reportGet(CompletableFuture.java:395)
	at java.base/java.util.concurrent.CompletableFuture.get(CompletableFuture.java:2028)
	at org.eclipse.lsp4e.LanguageServerWrapper.lambda$13(LanguageServerWrapper.java:425)
	at java.base/java.util.concurrent.CompletableFuture$AsyncRun.run(CompletableFuture.java:1736)
	at java.base/java.util.concurrent.CompletableFuture$AsyncRun.exec(CompletableFuture.java:1728)
	at java.base/java.util.concurrent.ForkJoinTask.doExec(ForkJoinTask.java:290)
	at java.base/java.util.concurrent.ForkJoinPool$WorkQueue.topLevelExec(ForkJoinPool.java:1020)
	at java.base/java.util.concurrent.ForkJoinPool.scan(ForkJoinPool.java:1656)
	at java.base/java.util.concurrent.ForkJoinPool.runWorker(ForkJoinPool.java:1594)
	at java.base/java.util.concurrent.ForkJoinWorkerThread.run(ForkJoinWorkerThread.java:183)
Caused by: org.eclipse.lsp4j.jsonrpc.JsonRpcException: java.io.IOException: 파이프가 닫히는 중입니다
	at org.eclipse.lsp4j.jsonrpc.json.StreamMessageConsumer.consume(StreamMessageConsumer.java:72)
	at org.eclipse.lsp4e.LanguageServerWrapper.lambda$4(LanguageServerWrapper.java:260)
	at org.eclipse.lsp4j.jsonrpc.RemoteEndpoint.request(RemoteEndpoint.java:161)
	at org.eclipse.lsp4j.jsonrpc.services.EndpointProxy.invoke(EndpointProxy.java:91)
	at com.sun.proxy.$Proxy49.shutdown(Unknown Source)
	at org.eclipse.lsp4e.LanguageServerWrapper.lambda$13(LanguageServerWrapper.java:423)
	... 7 more
Caused by: java.io.IOException: 파이프가 닫히는 중입니다
	at java.base/java.io.FileOutputStream.writeBytes(Native Method)
	at java.base/java.io.FileOutputStream.write(FileOutputStream.java:354)
	at java.base/java.io.BufferedOutputStream.flushBuffer(BufferedOutputStream.java:81)
	at java.base/java.io.BufferedOutputStream.flush(BufferedOutputStream.java:142)
	at org.eclipse.lsp4j.jsonrpc.json.StreamMessageConsumer.consume(StreamMessageConsumer.java:69)
	... 12 more

!ENTRY org.springframework.tooling.ls.eclipse.commons 1 0 2025-06-25 19:08:00.487
!MESSAGE Entering DelegatingStreamConnectionProvider()

!ENTRY org.springframework.tooling.ls.eclipse.commons 1 0 2025-06-25 19:08:00.487
!MESSAGE DelegatingStreamConnectionProvider classloader = org.eclipse.osgi.internal.loader.EquinoxClassLoader@500e5b3f[org.springframework.tooling.boot.ls:1.28.0.202109130547(id=1001)]

!ENTRY org.springframework.tooling.ls.eclipse.commons 1 0 2025-06-25 19:08:00.487
!MESSAGE SpringBootLanguageServer exists!

!ENTRY org.eclipse.lsp4e 4 0 2025-06-25 19:08:00.493
!MESSAGE org.eclipse.lsp4j.jsonrpc.JsonRpcException: java.io.IOException: 파이프가 닫히는 중입니다
!STACK 0
java.util.concurrent.ExecutionException: org.eclipse.lsp4j.jsonrpc.JsonRpcException: java.io.IOException: 파이프가 닫히는 중입니다
	at java.base/java.util.concurrent.CompletableFuture.reportGet(CompletableFuture.java:395)
	at java.base/java.util.concurrent.CompletableFuture.get(CompletableFuture.java:2028)
	at org.eclipse.lsp4e.LanguageServerWrapper.lambda$13(LanguageServerWrapper.java:425)
	at java.base/java.util.concurrent.CompletableFuture$AsyncRun.run(CompletableFuture.java:1736)
	at java.base/java.util.concurrent.CompletableFuture$AsyncRun.exec(CompletableFuture.java:1728)
	at java.base/java.util.concurrent.ForkJoinTask.doExec(ForkJoinTask.java:290)
	at java.base/java.util.concurrent.ForkJoinPool$WorkQueue.topLevelExec(ForkJoinPool.java:1020)
	at java.base/java.util.concurrent.ForkJoinPool.scan(ForkJoinPool.java:1656)
	at java.base/java.util.concurrent.ForkJoinPool.runWorker(ForkJoinPool.java:1594)
	at java.base/java.util.concurrent.ForkJoinWorkerThread.run(ForkJoinWorkerThread.java:183)
Caused by: org.eclipse.lsp4j.jsonrpc.JsonRpcException: java.io.IOException: 파이프가 닫히는 중입니다
	at org.eclipse.lsp4j.jsonrpc.json.StreamMessageConsumer.consume(StreamMessageConsumer.java:72)
	at org.eclipse.lsp4e.LanguageServerWrapper.lambda$4(LanguageServerWrapper.java:260)
	at org.eclipse.lsp4j.jsonrpc.RemoteEndpoint.request(RemoteEndpoint.java:161)
	at org.eclipse.lsp4j.jsonrpc.services.EndpointProxy.invoke(EndpointProxy.java:91)
	at com.sun.proxy.$Proxy49.shutdown(Unknown Source)
	at org.eclipse.lsp4e.LanguageServerWrapper.lambda$13(LanguageServerWrapper.java:423)
	... 7 more
Caused by: java.io.IOException: 파이프가 닫히는 중입니다
	at java.base/java.io.FileOutputStream.writeBytes(Native Method)
	at java.base/java.io.FileOutputStream.write(FileOutputStream.java:354)
	at java.base/java.io.BufferedOutputStream.flushBuffer(BufferedOutputStream.java:81)
	at java.base/java.io.BufferedOutputStream.flush(BufferedOutputStream.java:142)
	at org.eclipse.lsp4j.jsonrpc.json.StreamMessageConsumer.consume(StreamMessageConsumer.java:69)
	... 12 more

!ENTRY org.springframework.tooling.ls.eclipse.commons 1 0 2025-06-25 19:08:00.494
!MESSAGE Entering DelegatingStreamConnectionProvider()

!ENTRY org.springframework.tooling.ls.eclipse.commons 1 0 2025-06-25 19:08:00.494
!MESSAGE DelegatingStreamConnectionProvider classloader = org.eclipse.osgi.internal.loader.EquinoxClassLoader@500e5b3f[org.springframework.tooling.boot.ls:1.28.0.202109130547(id=1001)]

!ENTRY org.springframework.tooling.ls.eclipse.commons 1 0 2025-06-25 19:08:00.495
!MESSAGE SpringBootLanguageServer exists!

!ENTRY org.eclipse.lsp4e 4 0 2025-06-25 19:08:00.496
!MESSAGE org.eclipse.lsp4j.jsonrpc.JsonRpcException: java.io.IOException: 파이프가 닫히는 중입니다
!STACK 0
java.util.concurrent.ExecutionException: org.eclipse.lsp4j.jsonrpc.JsonRpcException: java.io.IOException: 파이프가 닫히는 중입니다
	at java.base/java.util.concurrent.CompletableFuture.reportGet(CompletableFuture.java:395)
	at java.base/java.util.concurrent.CompletableFuture.get(CompletableFuture.java:2028)
	at org.eclipse.lsp4e.LanguageServerWrapper.lambda$13(LanguageServerWrapper.java:425)
	at java.base/java.util.concurrent.CompletableFuture$AsyncRun.run(CompletableFuture.java:1736)
	at java.base/java.util.concurrent.CompletableFuture$AsyncRun.exec(CompletableFuture.java:1728)
	at java.base/java.util.concurrent.ForkJoinTask.doExec(ForkJoinTask.java:290)
	at java.base/java.util.concurrent.ForkJoinPool$WorkQueue.topLevelExec(ForkJoinPool.java:1020)
	at java.base/java.util.concurrent.ForkJoinPool.scan(ForkJoinPool.java:1656)
	at java.base/java.util.concurrent.ForkJoinPool.runWorker(ForkJoinPool.java:1594)
	at java.base/java.util.concurrent.ForkJoinWorkerThread.run(ForkJoinWorkerThread.java:183)
Caused by: org.eclipse.lsp4j.jsonrpc.JsonRpcException: java.io.IOException: 파이프가 닫히는 중입니다
	at org.eclipse.lsp4j.jsonrpc.json.StreamMessageConsumer.consume(StreamMessageConsumer.java:72)
	at org.eclipse.lsp4e.LanguageServerWrapper.lambda$4(LanguageServerWrapper.java:260)
	at org.eclipse.lsp4j.jsonrpc.RemoteEndpoint.request(RemoteEndpoint.java:161)
	at org.eclipse.lsp4j.jsonrpc.services.EndpointProxy.invoke(EndpointProxy.java:91)
	at com.sun.proxy.$Proxy49.shutdown(Unknown Source)
	at org.eclipse.lsp4e.LanguageServerWrapper.lambda$13(LanguageServerWrapper.java:423)
	... 7 more
Caused by: java.io.IOException: 파이프가 닫히는 중입니다
	at java.base/java.io.FileOutputStream.writeBytes(Native Method)
	at java.base/java.io.FileOutputStream.write(FileOutputStream.java:354)
	at java.base/java.io.BufferedOutputStream.flushBuffer(BufferedOutputStream.java:81)
	at java.base/java.io.BufferedOutputStream.flush(BufferedOutputStream.java:142)
	at org.eclipse.lsp4j.jsonrpc.json.StreamMessageConsumer.consume(StreamMessageConsumer.java:69)
	... 12 more

!ENTRY org.springframework.tooling.ls.eclipse.commons 1 0 2025-06-25 19:08:00.496
!MESSAGE Entering DelegatingStreamConnectionProvider()

!ENTRY org.springframework.tooling.ls.eclipse.commons 1 0 2025-06-25 19:08:00.497
!MESSAGE DelegatingStreamConnectionProvider classloader = org.eclipse.osgi.internal.loader.EquinoxClassLoader@500e5b3f[org.springframework.tooling.boot.ls:1.28.0.202109130547(id=1001)]

!ENTRY org.springframework.tooling.ls.eclipse.commons 1 0 2025-06-25 19:08:00.497
!MESSAGE SpringBootLanguageServer exists!

!ENTRY org.eclipse.lsp4e 4 0 2025-06-25 19:08:00.500
!MESSAGE org.eclipse.lsp4j.jsonrpc.JsonRpcException: java.io.IOException: 파이프가 닫히는 중입니다
!STACK 0
java.util.concurrent.ExecutionException: org.eclipse.lsp4j.jsonrpc.JsonRpcException: java.io.IOException: 파이프가 닫히는 중입니다
	at java.base/java.util.concurrent.CompletableFuture.reportGet(CompletableFuture.java:395)
	at java.base/java.util.concurrent.CompletableFuture.get(CompletableFuture.java:2028)
	at org.eclipse.lsp4e.LanguageServerWrapper.lambda$13(LanguageServerWrapper.java:425)
	at java.base/java.util.concurrent.CompletableFuture$AsyncRun.run(CompletableFuture.java:1736)
	at java.base/java.util.concurrent.CompletableFuture$AsyncRun.exec(CompletableFuture.java:1728)
	at java.base/java.util.concurrent.ForkJoinTask.doExec(ForkJoinTask.java:290)
	at java.base/java.util.concurrent.ForkJoinPool$WorkQueue.topLevelExec(ForkJoinPool.java:1020)
	at java.base/java.util.concurrent.ForkJoinPool.scan(ForkJoinPool.java:1656)
	at java.base/java.util.concurrent.ForkJoinPool.runWorker(ForkJoinPool.java:1594)
	at java.base/java.util.concurrent.ForkJoinWorkerThread.run(ForkJoinWorkerThread.java:183)
Caused by: org.eclipse.lsp4j.jsonrpc.JsonRpcException: java.io.IOException: 파이프가 닫히는 중입니다
	at org.eclipse.lsp4j.jsonrpc.json.StreamMessageConsumer.consume(StreamMessageConsumer.java:72)
	at org.eclipse.lsp4e.LanguageServerWrapper.lambda$4(LanguageServerWrapper.java:260)
	at org.eclipse.lsp4j.jsonrpc.RemoteEndpoint.request(RemoteEndpoint.java:161)
	at org.eclipse.lsp4j.jsonrpc.services.EndpointProxy.invoke(EndpointProxy.java:91)
	at com.sun.proxy.$Proxy49.shutdown(Unknown Source)
	at org.eclipse.lsp4e.LanguageServerWrapper.lambda$13(LanguageServerWrapper.java:423)
	... 7 more
Caused by: java.io.IOException: 파이프가 닫히는 중입니다
	at java.base/java.io.FileOutputStream.writeBytes(Native Method)
	at java.base/java.io.FileOutputStream.write(FileOutputStream.java:354)
	at java.base/java.io.BufferedOutputStream.flushBuffer(BufferedOutputStream.java:81)
	at java.base/java.io.BufferedOutputStream.flush(BufferedOutputStream.java:142)
	at org.eclipse.lsp4j.jsonrpc.json.StreamMessageConsumer.consume(StreamMessageConsumer.java:69)
	... 12 more

!ENTRY org.springframework.tooling.ls.eclipse.commons 1 0 2025-06-25 19:08:00.501
!MESSAGE Entering DelegatingStreamConnectionProvider()

!ENTRY org.springframework.tooling.ls.eclipse.commons 1 0 2025-06-25 19:08:00.501
!MESSAGE DelegatingStreamConnectionProvider classloader = org.eclipse.osgi.internal.loader.EquinoxClassLoader@500e5b3f[org.springframework.tooling.boot.ls:1.28.0.202109130547(id=1001)]

!ENTRY org.springframework.tooling.ls.eclipse.commons 1 0 2025-06-25 19:08:00.501
!MESSAGE SpringBootLanguageServer exists!

!ENTRY org.eclipse.lsp4e 4 0 2025-06-25 19:08:00.503
!MESSAGE org.eclipse.lsp4j.jsonrpc.JsonRpcException: java.io.IOException: 파이프가 닫히는 중입니다
!STACK 0
java.util.concurrent.ExecutionException: org.eclipse.lsp4j.jsonrpc.JsonRpcException: java.io.IOException: 파이프가 닫히는 중입니다
	at java.base/java.util.concurrent.CompletableFuture.reportGet(CompletableFuture.java:395)
	at java.base/java.util.concurrent.CompletableFuture.get(CompletableFuture.java:2028)
	at org.eclipse.lsp4e.LanguageServerWrapper.lambda$13(LanguageServerWrapper.java:425)
	at java.base/java.util.concurrent.CompletableFuture$AsyncRun.run(CompletableFuture.java:1736)
	at java.base/java.util.concurrent.CompletableFuture$AsyncRun.exec(CompletableFuture.java:1728)
	at java.base/java.util.concurrent.ForkJoinTask.doExec(ForkJoinTask.java:290)
	at java.base/java.util.concurrent.ForkJoinPool$WorkQueue.topLevelExec(ForkJoinPool.java:1020)
	at java.base/java.util.concurrent.ForkJoinPool.scan(ForkJoinPool.java:1656)
	at java.base/java.util.concurrent.ForkJoinPool.runWorker(ForkJoinPool.java:1594)
	at java.base/java.util.concurrent.ForkJoinWorkerThread.run(ForkJoinWorkerThread.java:183)
Caused by: org.eclipse.lsp4j.jsonrpc.JsonRpcException: java.io.IOException: 파이프가 닫히는 중입니다
	at org.eclipse.lsp4j.jsonrpc.json.StreamMessageConsumer.consume(StreamMessageConsumer.java:72)
	at org.eclipse.lsp4e.LanguageServerWrapper.lambda$4(LanguageServerWrapper.java:260)
	at org.eclipse.lsp4j.jsonrpc.RemoteEndpoint.request(RemoteEndpoint.java:161)
	at org.eclipse.lsp4j.jsonrpc.services.EndpointProxy.invoke(EndpointProxy.java:91)
	at com.sun.proxy.$Proxy49.shutdown(Unknown Source)
	at org.eclipse.lsp4e.LanguageServerWrapper.lambda$13(LanguageServerWrapper.java:423)
	... 7 more
Caused by: java.io.IOException: 파이프가 닫히는 중입니다
	at java.base/java.io.FileOutputStream.writeBytes(Native Method)
	at java.base/java.io.FileOutputStream.write(FileOutputStream.java:354)
	at java.base/java.io.BufferedOutputStream.flushBuffer(BufferedOutputStream.java:81)
	at java.base/java.io.BufferedOutputStream.flush(BufferedOutputStream.java:142)
	at org.eclipse.lsp4j.jsonrpc.json.StreamMessageConsumer.consume(StreamMessageConsumer.java:69)
	... 12 more

!ENTRY org.springframework.tooling.ls.eclipse.commons 1 0 2025-06-25 19:08:00.503
!MESSAGE Entering DelegatingStreamConnectionProvider()

!ENTRY org.springframework.tooling.ls.eclipse.commons 1 0 2025-06-25 19:08:00.503
!MESSAGE DelegatingStreamConnectionProvider classloader = org.eclipse.osgi.internal.loader.EquinoxClassLoader@500e5b3f[org.springframework.tooling.boot.ls:1.28.0.202109130547(id=1001)]

!ENTRY org.springframework.tooling.ls.eclipse.commons 1 0 2025-06-25 19:08:00.504
!MESSAGE SpringBootLanguageServer exists!

!ENTRY org.eclipse.lsp4e 4 0 2025-06-25 19:08:00.505
!MESSAGE org.eclipse.lsp4j.jsonrpc.JsonRpcException: java.io.IOException: 파이프가 닫히는 중입니다
!STACK 0
java.util.concurrent.ExecutionException: org.eclipse.lsp4j.jsonrpc.JsonRpcException: java.io.IOException: 파이프가 닫히는 중입니다
	at java.base/java.util.concurrent.CompletableFuture.reportGet(CompletableFuture.java:395)
	at java.base/java.util.concurrent.CompletableFuture.get(CompletableFuture.java:2028)
	at org.eclipse.lsp4e.LanguageServerWrapper.lambda$13(LanguageServerWrapper.java:425)
	at java.base/java.util.concurrent.CompletableFuture$AsyncRun.run(CompletableFuture.java:1736)
	at java.base/java.util.concurrent.CompletableFuture$AsyncRun.exec(CompletableFuture.java:1728)
	at java.base/java.util.concurrent.ForkJoinTask.doExec(ForkJoinTask.java:290)
	at java.base/java.util.concurrent.ForkJoinPool$WorkQueue.topLevelExec(ForkJoinPool.java:1020)
	at java.base/java.util.concurrent.ForkJoinPool.scan(ForkJoinPool.java:1656)
	at java.base/java.util.concurrent.ForkJoinPool.runWorker(ForkJoinPool.java:1594)
	at java.base/java.util.concurrent.ForkJoinWorkerThread.run(ForkJoinWorkerThread.java:183)
Caused by: org.eclipse.lsp4j.jsonrpc.JsonRpcException: java.io.IOException: 파이프가 닫히는 중입니다
	at org.eclipse.lsp4j.jsonrpc.json.StreamMessageConsumer.consume(StreamMessageConsumer.java:72)
	at org.eclipse.lsp4e.LanguageServerWrapper.lambda$4(LanguageServerWrapper.java:260)
	at org.eclipse.lsp4j.jsonrpc.RemoteEndpoint.request(RemoteEndpoint.java:161)
	at org.eclipse.lsp4j.jsonrpc.services.EndpointProxy.invoke(EndpointProxy.java:91)
	at com.sun.proxy.$Proxy49.shutdown(Unknown Source)
	at org.eclipse.lsp4e.LanguageServerWrapper.lambda$13(LanguageServerWrapper.java:423)
	... 7 more
Caused by: java.io.IOException: 파이프가 닫히는 중입니다
	at java.base/java.io.FileOutputStream.writeBytes(Native Method)
	at java.base/java.io.FileOutputStream.write(FileOutputStream.java:354)
	at java.base/java.io.BufferedOutputStream.flushBuffer(BufferedOutputStream.java:81)
	at java.base/java.io.BufferedOutputStream.flush(BufferedOutputStream.java:142)
	at org.eclipse.lsp4j.jsonrpc.json.StreamMessageConsumer.consume(StreamMessageConsumer.java:69)
	... 12 more

!ENTRY org.springframework.tooling.ls.eclipse.commons 1 0 2025-06-25 19:08:00.505
!MESSAGE Entering DelegatingStreamConnectionProvider()

!ENTRY org.springframework.tooling.ls.eclipse.commons 1 0 2025-06-25 19:08:00.506
!MESSAGE DelegatingStreamConnectionProvider classloader = org.eclipse.osgi.internal.loader.EquinoxClassLoader@500e5b3f[org.springframework.tooling.boot.ls:1.28.0.202109130547(id=1001)]

!ENTRY org.eclipse.lsp4e 4 0 2025-06-25 19:08:00.506
!MESSAGE org.eclipse.lsp4j.jsonrpc.JsonRpcException: java.io.IOException: 파이프가 닫히는 중입니다
!STACK 0
java.util.concurrent.ExecutionException: org.eclipse.lsp4j.jsonrpc.JsonRpcException: java.io.IOException: 파이프가 닫히는 중입니다
	at java.base/java.util.concurrent.CompletableFuture.reportGet(CompletableFuture.java:395)
	at java.base/java.util.concurrent.CompletableFuture.get(CompletableFuture.java:2028)
	at org.eclipse.lsp4e.LanguageServerWrapper.lambda$13(LanguageServerWrapper.java:425)
	at java.base/java.util.concurrent.CompletableFuture$AsyncRun.run(CompletableFuture.java:1736)
	at java.base/java.util.concurrent.CompletableFuture$AsyncRun.exec(CompletableFuture.java:1728)
	at java.base/java.util.concurrent.ForkJoinTask.doExec(ForkJoinTask.java:290)
	at java.base/java.util.concurrent.ForkJoinPool$WorkQueue.topLevelExec(ForkJoinPool.java:1020)
	at java.base/java.util.concurrent.ForkJoinPool.scan(ForkJoinPool.java:1656)
	at java.base/java.util.concurrent.ForkJoinPool.runWorker(ForkJoinPool.java:1594)
	at java.base/java.util.concurrent.ForkJoinWorkerThread.run(ForkJoinWorkerThread.java:183)
Caused by: org.eclipse.lsp4j.jsonrpc.JsonRpcException: java.io.IOException: 파이프가 닫히는 중입니다
	at org.eclipse.lsp4j.jsonrpc.json.StreamMessageConsumer.consume(StreamMessageConsumer.java:72)
	at org.eclipse.lsp4e.LanguageServerWrapper.lambda$4(LanguageServerWrapper.java:260)
	at org.eclipse.lsp4j.jsonrpc.RemoteEndpoint.request(RemoteEndpoint.java:161)
	at org.eclipse.lsp4j.jsonrpc.services.EndpointProxy.invoke(EndpointProxy.java:91)
	at com.sun.proxy.$Proxy49.shutdown(Unknown Source)
	at org.eclipse.lsp4e.LanguageServerWrapper.lambda$13(LanguageServerWrapper.java:423)
	... 7 more
Caused by: java.io.IOException: 파이프가 닫히는 중입니다
	at java.base/java.io.FileOutputStream.writeBytes(Native Method)
	at java.base/java.io.FileOutputStream.write(FileOutputStream.java:354)
	at java.base/java.io.BufferedOutputStream.flushBuffer(BufferedOutputStream.java:81)
	at java.base/java.io.BufferedOutputStream.flush(BufferedOutputStream.java:142)
	at org.eclipse.lsp4j.jsonrpc.json.StreamMessageConsumer.consume(StreamMessageConsumer.java:69)
	... 12 more

!ENTRY org.springframework.tooling.ls.eclipse.commons 1 0 2025-06-25 19:08:00.507
!MESSAGE SpringBootLanguageServer exists!

!ENTRY org.springframework.tooling.ls.eclipse.commons 1 0 2025-06-25 19:08:00.507
!MESSAGE Entering DelegatingStreamConnectionProvider()

!ENTRY org.springframework.tooling.ls.eclipse.commons 1 0 2025-06-25 19:08:00.507
!MESSAGE DelegatingStreamConnectionProvider classloader = org.eclipse.osgi.internal.loader.EquinoxClassLoader@500e5b3f[org.springframework.tooling.boot.ls:1.28.0.202109130547(id=1001)]

!ENTRY org.springframework.tooling.ls.eclipse.commons 1 0 2025-06-25 19:08:00.507
!MESSAGE SpringBootLanguageServer exists!

!ENTRY org.eclipse.lsp4e 4 0 2025-06-25 19:08:00.508
!MESSAGE org.eclipse.lsp4j.jsonrpc.JsonRpcException: java.io.IOException: 파이프가 닫히는 중입니다
!STACK 0
java.util.concurrent.ExecutionException: org.eclipse.lsp4j.jsonrpc.JsonRpcException: java.io.IOException: 파이프가 닫히는 중입니다
	at java.base/java.util.concurrent.CompletableFuture.reportGet(CompletableFuture.java:395)
	at java.base/java.util.concurrent.CompletableFuture.get(CompletableFuture.java:2028)
	at org.eclipse.lsp4e.LanguageServerWrapper.lambda$13(LanguageServerWrapper.java:425)
	at java.base/java.util.concurrent.CompletableFuture$AsyncRun.run(CompletableFuture.java:1736)
	at java.base/java.util.concurrent.CompletableFuture$AsyncRun.exec(CompletableFuture.java:1728)
	at java.base/java.util.concurrent.ForkJoinTask.doExec(ForkJoinTask.java:290)
	at java.base/java.util.concurrent.ForkJoinPool$WorkQueue.topLevelExec(ForkJoinPool.java:1020)
	at java.base/java.util.concurrent.ForkJoinPool.scan(ForkJoinPool.java:1656)
	at java.base/java.util.concurrent.ForkJoinPool.runWorker(ForkJoinPool.java:1594)
	at java.base/java.util.concurrent.ForkJoinWorkerThread.run(ForkJoinWorkerThread.java:183)
Caused by: org.eclipse.lsp4j.jsonrpc.JsonRpcException: java.io.IOException: 파이프가 닫히는 중입니다
	at org.eclipse.lsp4j.jsonrpc.json.StreamMessageConsumer.consume(StreamMessageConsumer.java:72)
	at org.eclipse.lsp4e.LanguageServerWrapper.lambda$4(LanguageServerWrapper.java:260)
	at org.eclipse.lsp4j.jsonrpc.RemoteEndpoint.request(RemoteEndpoint.java:161)
	at org.eclipse.lsp4j.jsonrpc.services.EndpointProxy.invoke(EndpointProxy.java:91)
	at com.sun.proxy.$Proxy49.shutdown(Unknown Source)
	at org.eclipse.lsp4e.LanguageServerWrapper.lambda$13(LanguageServerWrapper.java:423)
	... 7 more
Caused by: java.io.IOException: 파이프가 닫히는 중입니다
	at java.base/java.io.FileOutputStream.writeBytes(Native Method)
	at java.base/java.io.FileOutputStream.write(FileOutputStream.java:354)
	at java.base/java.io.BufferedOutputStream.flushBuffer(BufferedOutputStream.java:81)
	at java.base/java.io.BufferedOutputStream.flush(BufferedOutputStream.java:142)
	at org.eclipse.lsp4j.jsonrpc.json.StreamMessageConsumer.consume(StreamMessageConsumer.java:69)
	... 12 more

!ENTRY org.springframework.tooling.ls.eclipse.commons 1 0 2025-06-25 19:08:00.509
!MESSAGE Entering DelegatingStreamConnectionProvider()

!ENTRY org.springframework.tooling.ls.eclipse.commons 1 0 2025-06-25 19:08:00.509
!MESSAGE DelegatingStreamConnectionProvider classloader = org.eclipse.osgi.internal.loader.EquinoxClassLoader@500e5b3f[org.springframework.tooling.boot.ls:1.28.0.202109130547(id=1001)]

!ENTRY org.springframework.tooling.ls.eclipse.commons 1 0 2025-06-25 19:08:00.510
!MESSAGE SpringBootLanguageServer exists!

!ENTRY org.eclipse.lsp4e 4 0 2025-06-25 19:08:00.511
!MESSAGE org.eclipse.lsp4j.jsonrpc.JsonRpcException: java.io.IOException: 파이프가 닫히는 중입니다
!STACK 0
java.util.concurrent.ExecutionException: org.eclipse.lsp4j.jsonrpc.JsonRpcException: java.io.IOException: 파이프가 닫히는 중입니다
	at java.base/java.util.concurrent.CompletableFuture.reportGet(CompletableFuture.java:395)
	at java.base/java.util.concurrent.CompletableFuture.get(CompletableFuture.java:2028)
	at org.eclipse.lsp4e.LanguageServerWrapper.lambda$13(LanguageServerWrapper.java:425)
	at java.base/java.util.concurrent.CompletableFuture$AsyncRun.run(CompletableFuture.java:1736)
	at java.base/java.util.concurrent.CompletableFuture$AsyncRun.exec(CompletableFuture.java:1728)
	at java.base/java.util.concurrent.ForkJoinTask.doExec(ForkJoinTask.java:290)
	at java.base/java.util.concurrent.ForkJoinPool$WorkQueue.topLevelExec(ForkJoinPool.java:1020)
	at java.base/java.util.concurrent.ForkJoinPool.scan(ForkJoinPool.java:1656)
	at java.base/java.util.concurrent.ForkJoinPool.runWorker(ForkJoinPool.java:1594)
	at java.base/java.util.concurrent.ForkJoinWorkerThread.run(ForkJoinWorkerThread.java:183)
Caused by: org.eclipse.lsp4j.jsonrpc.JsonRpcException: java.io.IOException: 파이프가 닫히는 중입니다
	at org.eclipse.lsp4j.jsonrpc.json.StreamMessageConsumer.consume(StreamMessageConsumer.java:72)
	at org.eclipse.lsp4e.LanguageServerWrapper.lambda$4(LanguageServerWrapper.java:260)
	at org.eclipse.lsp4j.jsonrpc.RemoteEndpoint.request(RemoteEndpoint.java:161)
	at org.eclipse.lsp4j.jsonrpc.services.EndpointProxy.invoke(EndpointProxy.java:91)
	at com.sun.proxy.$Proxy49.shutdown(Unknown Source)
	at org.eclipse.lsp4e.LanguageServerWrapper.lambda$13(LanguageServerWrapper.java:423)
	... 7 more
Caused by: java.io.IOException: 파이프가 닫히는 중입니다
	at java.base/java.io.FileOutputStream.writeBytes(Native Method)
	at java.base/java.io.FileOutputStream.write(FileOutputStream.java:354)
	at java.base/java.io.BufferedOutputStream.flushBuffer(BufferedOutputStream.java:81)
	at java.base/java.io.BufferedOutputStream.flush(BufferedOutputStream.java:142)
	at org.eclipse.lsp4j.jsonrpc.json.StreamMessageConsumer.consume(StreamMessageConsumer.java:69)
	... 12 more

!ENTRY org.springframework.tooling.ls.eclipse.commons 1 0 2025-06-25 19:08:00.511
!MESSAGE Entering DelegatingStreamConnectionProvider()

!ENTRY org.springframework.tooling.ls.eclipse.commons 1 0 2025-06-25 19:08:00.512
!MESSAGE DelegatingStreamConnectionProvider classloader = org.eclipse.osgi.internal.loader.EquinoxClassLoader@500e5b3f[org.springframework.tooling.boot.ls:1.28.0.202109130547(id=1001)]

!ENTRY org.springframework.tooling.ls.eclipse.commons 1 0 2025-06-25 19:08:00.512
!MESSAGE SpringBootLanguageServer exists!

!ENTRY org.eclipse.lsp4e 4 0 2025-06-25 19:08:00.513
!MESSAGE org.eclipse.lsp4j.jsonrpc.JsonRpcException: java.io.IOException: 파이프가 닫히는 중입니다
!STACK 0
java.util.concurrent.ExecutionException: org.eclipse.lsp4j.jsonrpc.JsonRpcException: java.io.IOException: 파이프가 닫히는 중입니다
	at java.base/java.util.concurrent.CompletableFuture.reportGet(CompletableFuture.java:395)
	at java.base/java.util.concurrent.CompletableFuture.get(CompletableFuture.java:2028)
	at org.eclipse.lsp4e.LanguageServerWrapper.lambda$13(LanguageServerWrapper.java:425)
	at java.base/java.util.concurrent.CompletableFuture$AsyncRun.run(CompletableFuture.java:1736)
	at java.base/java.util.concurrent.CompletableFuture$AsyncRun.exec(CompletableFuture.java:1728)
	at java.base/java.util.concurrent.ForkJoinTask.doExec(ForkJoinTask.java:290)
	at java.base/java.util.concurrent.ForkJoinPool$WorkQueue.topLevelExec(ForkJoinPool.java:1020)
	at java.base/java.util.concurrent.ForkJoinPool.scan(ForkJoinPool.java:1656)
	at java.base/java.util.concurrent.ForkJoinPool.runWorker(ForkJoinPool.java:1594)
	at java.base/java.util.concurrent.ForkJoinWorkerThread.run(ForkJoinWorkerThread.java:183)
Caused by: org.eclipse.lsp4j.jsonrpc.JsonRpcException: java.io.IOException: 파이프가 닫히는 중입니다
	at org.eclipse.lsp4j.jsonrpc.json.StreamMessageConsumer.consume(StreamMessageConsumer.java:72)
	at org.eclipse.lsp4e.LanguageServerWrapper.lambda$4(LanguageServerWrapper.java:260)
	at org.eclipse.lsp4j.jsonrpc.RemoteEndpoint.request(RemoteEndpoint.java:161)
	at org.eclipse.lsp4j.jsonrpc.services.EndpointProxy.invoke(EndpointProxy.java:91)
	at com.sun.proxy.$Proxy49.shutdown(Unknown Source)
	at org.eclipse.lsp4e.LanguageServerWrapper.lambda$13(LanguageServerWrapper.java:423)
	... 7 more
Caused by: java.io.IOException: 파이프가 닫히는 중입니다
	at java.base/java.io.FileOutputStream.writeBytes(Native Method)
	at java.base/java.io.FileOutputStream.write(FileOutputStream.java:354)
	at java.base/java.io.BufferedOutputStream.flushBuffer(BufferedOutputStream.java:81)
	at java.base/java.io.BufferedOutputStream.flush(BufferedOutputStream.java:142)
	at org.eclipse.lsp4j.jsonrpc.json.StreamMessageConsumer.consume(StreamMessageConsumer.java:69)
	... 12 more

!ENTRY org.springframework.tooling.ls.eclipse.commons 1 0 2025-06-25 19:08:00.513
!MESSAGE Entering DelegatingStreamConnectionProvider()

!ENTRY org.springframework.tooling.ls.eclipse.commons 1 0 2025-06-25 19:08:00.513
!MESSAGE DelegatingStreamConnectionProvider classloader = org.eclipse.osgi.internal.loader.EquinoxClassLoader@500e5b3f[org.springframework.tooling.boot.ls:1.28.0.202109130547(id=1001)]

!ENTRY org.springframework.tooling.ls.eclipse.commons 1 0 2025-06-25 19:08:00.514
!MESSAGE SpringBootLanguageServer exists!

!ENTRY org.eclipse.lsp4e 4 0 2025-06-25 19:08:00.520
!MESSAGE org.eclipse.lsp4j.jsonrpc.JsonRpcException: java.io.IOException: 파이프가 닫히는 중입니다
!STACK 0
java.util.concurrent.ExecutionException: org.eclipse.lsp4j.jsonrpc.JsonRpcException: java.io.IOException: 파이프가 닫히는 중입니다
	at java.base/java.util.concurrent.CompletableFuture.reportGet(CompletableFuture.java:395)
	at java.base/java.util.concurrent.CompletableFuture.get(CompletableFuture.java:2028)
	at org.eclipse.lsp4e.LanguageServerWrapper.lambda$13(LanguageServerWrapper.java:425)
	at java.base/java.util.concurrent.CompletableFuture$AsyncRun.run(CompletableFuture.java:1736)
	at java.base/java.util.concurrent.CompletableFuture$AsyncRun.exec(CompletableFuture.java:1728)
	at java.base/java.util.concurrent.ForkJoinTask.doExec(ForkJoinTask.java:290)
	at java.base/java.util.concurrent.ForkJoinPool$WorkQueue.topLevelExec(ForkJoinPool.java:1020)
	at java.base/java.util.concurrent.ForkJoinPool.scan(ForkJoinPool.java:1656)
	at java.base/java.util.concurrent.ForkJoinPool.runWorker(ForkJoinPool.java:1594)
	at java.base/java.util.concurrent.ForkJoinWorkerThread.run(ForkJoinWorkerThread.java:183)
Caused by: org.eclipse.lsp4j.jsonrpc.JsonRpcException: java.io.IOException: 파이프가 닫히는 중입니다
	at org.eclipse.lsp4j.jsonrpc.json.StreamMessageConsumer.consume(StreamMessageConsumer.java:72)
	at org.eclipse.lsp4e.LanguageServerWrapper.lambda$4(LanguageServerWrapper.java:260)
	at org.eclipse.lsp4j.jsonrpc.RemoteEndpoint.request(RemoteEndpoint.java:161)
	at org.eclipse.lsp4j.jsonrpc.services.EndpointProxy.invoke(EndpointProxy.java:91)
	at com.sun.proxy.$Proxy49.shutdown(Unknown Source)
	at org.eclipse.lsp4e.LanguageServerWrapper.lambda$13(LanguageServerWrapper.java:423)
	... 7 more
Caused by: java.io.IOException: 파이프가 닫히는 중입니다
	at java.base/java.io.FileOutputStream.writeBytes(Native Method)
	at java.base/java.io.FileOutputStream.write(FileOutputStream.java:354)
	at java.base/java.io.BufferedOutputStream.flushBuffer(BufferedOutputStream.java:81)
	at java.base/java.io.BufferedOutputStream.flush(BufferedOutputStream.java:142)
	at org.eclipse.lsp4j.jsonrpc.json.StreamMessageConsumer.consume(StreamMessageConsumer.java:69)
	... 12 more

!ENTRY org.springframework.tooling.ls.eclipse.commons 1 0 2025-06-25 19:08:00.520
!MESSAGE Entering DelegatingStreamConnectionProvider()

!ENTRY org.springframework.tooling.ls.eclipse.commons 1 0 2025-06-25 19:08:00.521
!MESSAGE DelegatingStreamConnectionProvider classloader = org.eclipse.osgi.internal.loader.EquinoxClassLoader@500e5b3f[org.springframework.tooling.boot.ls:1.28.0.202109130547(id=1001)]

!ENTRY org.springframework.tooling.ls.eclipse.commons 1 0 2025-06-25 19:08:00.521
!MESSAGE SpringBootLanguageServer exists!

!ENTRY org.eclipse.lsp4e 4 0 2025-06-25 19:08:00.523
!MESSAGE org.eclipse.lsp4j.jsonrpc.JsonRpcException: java.io.IOException: 파이프가 닫히는 중입니다
!STACK 0
java.util.concurrent.ExecutionException: org.eclipse.lsp4j.jsonrpc.JsonRpcException: java.io.IOException: 파이프가 닫히는 중입니다
	at java.base/java.util.concurrent.CompletableFuture.reportGet(CompletableFuture.java:395)
	at java.base/java.util.concurrent.CompletableFuture.get(CompletableFuture.java:2028)
	at org.eclipse.lsp4e.LanguageServerWrapper.lambda$13(LanguageServerWrapper.java:425)
	at java.base/java.util.concurrent.CompletableFuture$AsyncRun.run(CompletableFuture.java:1736)
	at java.base/java.util.concurrent.CompletableFuture$AsyncRun.exec(CompletableFuture.java:1728)
	at java.base/java.util.concurrent.ForkJoinTask.doExec(ForkJoinTask.java:290)
	at java.base/java.util.concurrent.ForkJoinPool$WorkQueue.topLevelExec(ForkJoinPool.java:1020)
	at java.base/java.util.concurrent.ForkJoinPool.scan(ForkJoinPool.java:1656)
	at java.base/java.util.concurrent.ForkJoinPool.runWorker(ForkJoinPool.java:1594)
	at java.base/java.util.concurrent.ForkJoinWorkerThread.run(ForkJoinWorkerThread.java:183)
Caused by: org.eclipse.lsp4j.jsonrpc.JsonRpcException: java.io.IOException: 파이프가 닫히는 중입니다
	at org.eclipse.lsp4j.jsonrpc.json.StreamMessageConsumer.consume(StreamMessageConsumer.java:72)
	at org.eclipse.lsp4e.LanguageServerWrapper.lambda$4(LanguageServerWrapper.java:260)
	at org.eclipse.lsp4j.jsonrpc.RemoteEndpoint.request(RemoteEndpoint.java:161)
	at org.eclipse.lsp4j.jsonrpc.services.EndpointProxy.invoke(EndpointProxy.java:91)
	at com.sun.proxy.$Proxy49.shutdown(Unknown Source)
	at org.eclipse.lsp4e.LanguageServerWrapper.lambda$13(LanguageServerWrapper.java:423)
	... 7 more
Caused by: java.io.IOException: 파이프가 닫히는 중입니다
	at java.base/java.io.FileOutputStream.writeBytes(Native Method)
	at java.base/java.io.FileOutputStream.write(FileOutputStream.java:354)
	at java.base/java.io.BufferedOutputStream.flushBuffer(BufferedOutputStream.java:81)
	at java.base/java.io.BufferedOutputStream.flush(BufferedOutputStream.java:142)
	at org.eclipse.lsp4j.jsonrpc.json.StreamMessageConsumer.consume(StreamMessageConsumer.java:69)
	... 12 more

!ENTRY org.springframework.tooling.ls.eclipse.commons 1 0 2025-06-25 19:08:00.524
!MESSAGE Entering DelegatingStreamConnectionProvider()

!ENTRY org.springframework.tooling.ls.eclipse.commons 1 0 2025-06-25 19:08:00.524
!MESSAGE DelegatingStreamConnectionProvider classloader = org.eclipse.osgi.internal.loader.EquinoxClassLoader@500e5b3f[org.springframework.tooling.boot.ls:1.28.0.202109130547(id=1001)]

!ENTRY org.springframework.tooling.ls.eclipse.commons 1 0 2025-06-25 19:08:00.524
!MESSAGE SpringBootLanguageServer exists!

!ENTRY org.eclipse.lsp4e 4 0 2025-06-25 19:08:00.525
!MESSAGE org.eclipse.lsp4j.jsonrpc.JsonRpcException: java.io.IOException: 파이프가 닫히는 중입니다
!STACK 0
java.util.concurrent.ExecutionException: org.eclipse.lsp4j.jsonrpc.JsonRpcException: java.io.IOException: 파이프가 닫히는 중입니다
	at java.base/java.util.concurrent.CompletableFuture.reportGet(CompletableFuture.java:395)
	at java.base/java.util.concurrent.CompletableFuture.get(CompletableFuture.java:2028)
	at org.eclipse.lsp4e.LanguageServerWrapper.lambda$13(LanguageServerWrapper.java:425)
	at java.base/java.util.concurrent.CompletableFuture$AsyncRun.run(CompletableFuture.java:1736)
	at java.base/java.util.concurrent.CompletableFuture$AsyncRun.exec(CompletableFuture.java:1728)
	at java.base/java.util.concurrent.ForkJoinTask.doExec(ForkJoinTask.java:290)
	at java.base/java.util.concurrent.ForkJoinPool$WorkQueue.topLevelExec(ForkJoinPool.java:1020)
	at java.base/java.util.concurrent.ForkJoinPool.scan(ForkJoinPool.java:1656)
	at java.base/java.util.concurrent.ForkJoinPool.runWorker(ForkJoinPool.java:1594)
	at java.base/java.util.concurrent.ForkJoinWorkerThread.run(ForkJoinWorkerThread.java:183)
Caused by: org.eclipse.lsp4j.jsonrpc.JsonRpcException: java.io.IOException: 파이프가 닫히는 중입니다
	at org.eclipse.lsp4j.jsonrpc.json.StreamMessageConsumer.consume(StreamMessageConsumer.java:72)
	at org.eclipse.lsp4e.LanguageServerWrapper.lambda$4(LanguageServerWrapper.java:260)
	at org.eclipse.lsp4j.jsonrpc.RemoteEndpoint.request(RemoteEndpoint.java:161)
	at org.eclipse.lsp4j.jsonrpc.services.EndpointProxy.invoke(EndpointProxy.java:91)
	at com.sun.proxy.$Proxy49.shutdown(Unknown Source)
	at org.eclipse.lsp4e.LanguageServerWrapper.lambda$13(LanguageServerWrapper.java:423)
	... 7 more
Caused by: java.io.IOException: 파이프가 닫히는 중입니다
	at java.base/java.io.FileOutputStream.writeBytes(Native Method)
	at java.base/java.io.FileOutputStream.write(FileOutputStream.java:354)
	at java.base/java.io.BufferedOutputStream.flushBuffer(BufferedOutputStream.java:81)
	at java.base/java.io.BufferedOutputStream.flush(BufferedOutputStream.java:142)
	at org.eclipse.lsp4j.jsonrpc.json.StreamMessageConsumer.consume(StreamMessageConsumer.java:69)
	... 12 more

!ENTRY org.eclipse.lsp4e 4 0 2025-06-25 19:08:00.526
!MESSAGE org.eclipse.lsp4j.jsonrpc.JsonRpcException: java.io.IOException: 파이프가 닫히는 중입니다
!STACK 0
java.util.concurrent.ExecutionException: org.eclipse.lsp4j.jsonrpc.JsonRpcException: java.io.IOException: 파이프가 닫히는 중입니다
	at java.base/java.util.concurrent.CompletableFuture.reportGet(CompletableFuture.java:395)
	at java.base/java.util.concurrent.CompletableFuture.get(CompletableFuture.java:2028)
	at org.eclipse.lsp4e.LanguageServerWrapper.lambda$13(LanguageServerWrapper.java:425)
	at java.base/java.util.concurrent.CompletableFuture$AsyncRun.run(CompletableFuture.java:1736)
	at java.base/java.util.concurrent.CompletableFuture$AsyncRun.exec(CompletableFuture.java:1728)
	at java.base/java.util.concurrent.ForkJoinTask.doExec(ForkJoinTask.java:290)
	at java.base/java.util.concurrent.ForkJoinPool$WorkQueue.topLevelExec(ForkJoinPool.java:1020)
	at java.base/java.util.concurrent.ForkJoinPool.scan(ForkJoinPool.java:1656)
	at java.base/java.util.concurrent.ForkJoinPool.runWorker(ForkJoinPool.java:1594)
	at java.base/java.util.concurrent.ForkJoinWorkerThread.run(ForkJoinWorkerThread.java:183)
Caused by: org.eclipse.lsp4j.jsonrpc.JsonRpcException: java.io.IOException: 파이프가 닫히는 중입니다
	at org.eclipse.lsp4j.jsonrpc.json.StreamMessageConsumer.consume(StreamMessageConsumer.java:72)
	at org.eclipse.lsp4e.LanguageServerWrapper.lambda$4(LanguageServerWrapper.java:260)
	at org.eclipse.lsp4j.jsonrpc.RemoteEndpoint.request(RemoteEndpoint.java:161)
	at org.eclipse.lsp4j.jsonrpc.services.EndpointProxy.invoke(EndpointProxy.java:91)
	at com.sun.proxy.$Proxy49.shutdown(Unknown Source)
	at org.eclipse.lsp4e.LanguageServerWrapper.lambda$13(LanguageServerWrapper.java:423)
	... 7 more
Caused by: java.io.IOException: 파이프가 닫히는 중입니다
	at java.base/java.io.FileOutputStream.writeBytes(Native Method)
	at java.base/java.io.FileOutputStream.write(FileOutputStream.java:354)
	at java.base/java.io.BufferedOutputStream.flushBuffer(BufferedOutputStream.java:81)
	at java.base/java.io.BufferedOutputStream.flush(BufferedOutputStream.java:142)
	at org.eclipse.lsp4j.jsonrpc.json.StreamMessageConsumer.consume(StreamMessageConsumer.java:69)
	... 12 more

!ENTRY org.springframework.tooling.ls.eclipse.commons 1 0 2025-06-25 19:08:00.526
!MESSAGE Entering DelegatingStreamConnectionProvider()

!ENTRY org.springframework.tooling.ls.eclipse.commons 1 0 2025-06-25 19:08:00.527
!MESSAGE DelegatingStreamConnectionProvider classloader = org.eclipse.osgi.internal.loader.EquinoxClassLoader@500e5b3f[org.springframework.tooling.boot.ls:1.28.0.202109130547(id=1001)]

!ENTRY org.springframework.tooling.ls.eclipse.commons 1 0 2025-06-25 19:08:00.527
!MESSAGE SpringBootLanguageServer exists!

!ENTRY org.eclipse.lsp4e 4 0 2025-06-25 19:08:00.528
!MESSAGE org.eclipse.lsp4j.jsonrpc.JsonRpcException: java.io.IOException: 파이프가 닫히는 중입니다
!STACK 0
java.util.concurrent.ExecutionException: org.eclipse.lsp4j.jsonrpc.JsonRpcException: java.io.IOException: 파이프가 닫히는 중입니다
	at java.base/java.util.concurrent.CompletableFuture.reportGet(CompletableFuture.java:395)
	at java.base/java.util.concurrent.CompletableFuture.get(CompletableFuture.java:2028)
	at org.eclipse.lsp4e.LanguageServerWrapper.lambda$13(LanguageServerWrapper.java:425)
	at java.base/java.util.concurrent.CompletableFuture$AsyncRun.run(CompletableFuture.java:1736)
	at java.base/java.util.concurrent.CompletableFuture$AsyncRun.exec(CompletableFuture.java:1728)
	at java.base/java.util.concurrent.ForkJoinTask.doExec(ForkJoinTask.java:290)
	at java.base/java.util.concurrent.ForkJoinPool$WorkQueue.topLevelExec(ForkJoinPool.java:1020)
	at java.base/java.util.concurrent.ForkJoinPool.scan(ForkJoinPool.java:1656)
	at java.base/java.util.concurrent.ForkJoinPool.runWorker(ForkJoinPool.java:1594)
	at java.base/java.util.concurrent.ForkJoinWorkerThread.run(ForkJoinWorkerThread.java:183)
Caused by: org.eclipse.lsp4j.jsonrpc.JsonRpcException: java.io.IOException: 파이프가 닫히는 중입니다
	at org.eclipse.lsp4j.jsonrpc.json.StreamMessageConsumer.consume(StreamMessageConsumer.java:72)
	at org.eclipse.lsp4e.LanguageServerWrapper.lambda$4(LanguageServerWrapper.java:260)
	at org.eclipse.lsp4j.jsonrpc.RemoteEndpoint.request(RemoteEndpoint.java:161)
	at org.eclipse.lsp4j.jsonrpc.services.EndpointProxy.invoke(EndpointProxy.java:91)
	at com.sun.proxy.$Proxy49.shutdown(Unknown Source)
	at org.eclipse.lsp4e.LanguageServerWrapper.lambda$13(LanguageServerWrapper.java:423)
	... 7 more
Caused by: java.io.IOException: 파이프가 닫히는 중입니다
	at java.base/java.io.FileOutputStream.writeBytes(Native Method)
	at java.base/java.io.FileOutputStream.write(FileOutputStream.java:354)
	at java.base/java.io.BufferedOutputStream.flushBuffer(BufferedOutputStream.java:81)
	at java.base/java.io.BufferedOutputStream.flush(BufferedOutputStream.java:142)
	at org.eclipse.lsp4j.jsonrpc.json.StreamMessageConsumer.consume(StreamMessageConsumer.java:69)
	... 12 more

!ENTRY org.springframework.tooling.ls.eclipse.commons 1 0 2025-06-25 19:08:00.529
!MESSAGE Entering DelegatingStreamConnectionProvider()

!ENTRY org.springframework.tooling.ls.eclipse.commons 1 0 2025-06-25 19:08:00.529
!MESSAGE DelegatingStreamConnectionProvider classloader = org.eclipse.osgi.internal.loader.EquinoxClassLoader@500e5b3f[org.springframework.tooling.boot.ls:1.28.0.202109130547(id=1001)]

!ENTRY org.springframework.tooling.ls.eclipse.commons 1 0 2025-06-25 19:08:00.530
!MESSAGE SpringBootLanguageServer exists!

!ENTRY org.eclipse.lsp4e 4 0 2025-06-25 19:08:00.530
!MESSAGE org.eclipse.lsp4j.jsonrpc.JsonRpcException: java.io.IOException: 파이프가 닫히는 중입니다
!STACK 0
java.util.concurrent.ExecutionException: org.eclipse.lsp4j.jsonrpc.JsonRpcException: java.io.IOException: 파이프가 닫히는 중입니다
	at java.base/java.util.concurrent.CompletableFuture.reportGet(CompletableFuture.java:395)
	at java.base/java.util.concurrent.CompletableFuture.get(CompletableFuture.java:2028)
	at org.eclipse.lsp4e.LanguageServerWrapper.lambda$13(LanguageServerWrapper.java:425)
	at java.base/java.util.concurrent.CompletableFuture$AsyncRun.run(CompletableFuture.java:1736)
	at java.base/java.util.concurrent.CompletableFuture$AsyncRun.exec(CompletableFuture.java:1728)
	at java.base/java.util.concurrent.ForkJoinTask.doExec(ForkJoinTask.java:290)
	at java.base/java.util.concurrent.ForkJoinPool$WorkQueue.topLevelExec(ForkJoinPool.java:1020)
	at java.base/java.util.concurrent.ForkJoinPool.scan(ForkJoinPool.java:1656)
	at java.base/java.util.concurrent.ForkJoinPool.runWorker(ForkJoinPool.java:1594)
	at java.base/java.util.concurrent.ForkJoinWorkerThread.run(ForkJoinWorkerThread.java:183)
Caused by: org.eclipse.lsp4j.jsonrpc.JsonRpcException: java.io.IOException: 파이프가 닫히는 중입니다
	at org.eclipse.lsp4j.jsonrpc.json.StreamMessageConsumer.consume(StreamMessageConsumer.java:72)
	at org.eclipse.lsp4e.LanguageServerWrapper.lambda$4(LanguageServerWrapper.java:260)
	at org.eclipse.lsp4j.jsonrpc.RemoteEndpoint.request(RemoteEndpoint.java:161)
	at org.eclipse.lsp4j.jsonrpc.services.EndpointProxy.invoke(EndpointProxy.java:91)
	at com.sun.proxy.$Proxy49.shutdown(Unknown Source)
	at org.eclipse.lsp4e.LanguageServerWrapper.lambda$13(LanguageServerWrapper.java:423)
	... 7 more
Caused by: java.io.IOException: 파이프가 닫히는 중입니다
	at java.base/java.io.FileOutputStream.writeBytes(Native Method)
	at java.base/java.io.FileOutputStream.write(FileOutputStream.java:354)
	at java.base/java.io.BufferedOutputStream.flushBuffer(BufferedOutputStream.java:81)
	at java.base/java.io.BufferedOutputStream.flush(BufferedOutputStream.java:142)
	at org.eclipse.lsp4j.jsonrpc.json.StreamMessageConsumer.consume(StreamMessageConsumer.java:69)
	... 12 more

!ENTRY org.springframework.tooling.ls.eclipse.commons 1 0 2025-06-25 19:08:00.531
!MESSAGE Entering DelegatingStreamConnectionProvider()

!ENTRY org.springframework.tooling.ls.eclipse.commons 1 0 2025-06-25 19:08:00.531
!MESSAGE DelegatingStreamConnectionProvider classloader = org.eclipse.osgi.internal.loader.EquinoxClassLoader@500e5b3f[org.springframework.tooling.boot.ls:1.28.0.202109130547(id=1001)]

!ENTRY org.springframework.tooling.ls.eclipse.commons 1 0 2025-06-25 19:08:00.531
!MESSAGE SpringBootLanguageServer exists!

!ENTRY org.eclipse.lsp4e 4 0 2025-06-25 19:08:00.538
!MESSAGE org.eclipse.lsp4j.jsonrpc.JsonRpcException: java.io.IOException: 파이프가 닫히는 중입니다
!STACK 0
java.util.concurrent.ExecutionException: org.eclipse.lsp4j.jsonrpc.JsonRpcException: java.io.IOException: 파이프가 닫히는 중입니다
	at java.base/java.util.concurrent.CompletableFuture.reportGet(CompletableFuture.java:395)
	at java.base/java.util.concurrent.CompletableFuture.get(CompletableFuture.java:2028)
	at org.eclipse.lsp4e.LanguageServerWrapper.lambda$13(LanguageServerWrapper.java:425)
	at java.base/java.util.concurrent.CompletableFuture$AsyncRun.run(CompletableFuture.java:1736)
	at java.base/java.util.concurrent.CompletableFuture$AsyncRun.exec(CompletableFuture.java:1728)
	at java.base/java.util.concurrent.ForkJoinTask.doExec(ForkJoinTask.java:290)
	at java.base/java.util.concurrent.ForkJoinPool$WorkQueue.topLevelExec(ForkJoinPool.java:1020)
	at java.base/java.util.concurrent.ForkJoinPool.scan(ForkJoinPool.java:1656)
	at java.base/java.util.concurrent.ForkJoinPool.runWorker(ForkJoinPool.java:1594)
	at java.base/java.util.concurrent.ForkJoinWorkerThread.run(ForkJoinWorkerThread.java:183)
Caused by: org.eclipse.lsp4j.jsonrpc.JsonRpcException: java.io.IOException: 파이프가 닫히는 중입니다
	at org.eclipse.lsp4j.jsonrpc.json.StreamMessageConsumer.consume(StreamMessageConsumer.java:72)
	at org.eclipse.lsp4e.LanguageServerWrapper.lambda$4(LanguageServerWrapper.java:260)
	at org.eclipse.lsp4j.jsonrpc.RemoteEndpoint.request(RemoteEndpoint.java:161)
	at org.eclipse.lsp4j.jsonrpc.services.EndpointProxy.invoke(EndpointProxy.java:91)
	at com.sun.proxy.$Proxy49.shutdown(Unknown Source)
	at org.eclipse.lsp4e.LanguageServerWrapper.lambda$13(LanguageServerWrapper.java:423)
	... 7 more
Caused by: java.io.IOException: 파이프가 닫히는 중입니다
	at java.base/java.io.FileOutputStream.writeBytes(Native Method)
	at java.base/java.io.FileOutputStream.write(FileOutputStream.java:354)
	at java.base/java.io.BufferedOutputStream.flushBuffer(BufferedOutputStream.java:81)
	at java.base/java.io.BufferedOutputStream.flush(BufferedOutputStream.java:142)
	at org.eclipse.lsp4j.jsonrpc.json.StreamMessageConsumer.consume(StreamMessageConsumer.java:69)
	... 12 more

!ENTRY org.springframework.tooling.ls.eclipse.commons 1 0 2025-06-25 19:08:00.539
!MESSAGE Entering DelegatingStreamConnectionProvider()

!ENTRY org.springframework.tooling.ls.eclipse.commons 1 0 2025-06-25 19:08:00.539
!MESSAGE DelegatingStreamConnectionProvider classloader = org.eclipse.osgi.internal.loader.EquinoxClassLoader@500e5b3f[org.springframework.tooling.boot.ls:1.28.0.202109130547(id=1001)]

!ENTRY org.springframework.tooling.ls.eclipse.commons 1 0 2025-06-25 19:08:00.540
!MESSAGE SpringBootLanguageServer exists!

!ENTRY org.eclipse.lsp4e 4 0 2025-06-25 19:08:00.543
!MESSAGE org.eclipse.lsp4j.jsonrpc.JsonRpcException: java.io.IOException: 파이프가 닫히는 중입니다
!STACK 0
java.util.concurrent.ExecutionException: org.eclipse.lsp4j.jsonrpc.JsonRpcException: java.io.IOException: 파이프가 닫히는 중입니다
	at java.base/java.util.concurrent.CompletableFuture.reportGet(CompletableFuture.java:395)
	at java.base/java.util.concurrent.CompletableFuture.get(CompletableFuture.java:2028)
	at org.eclipse.lsp4e.LanguageServerWrapper.lambda$13(LanguageServerWrapper.java:425)
	at java.base/java.util.concurrent.CompletableFuture$AsyncRun.run(CompletableFuture.java:1736)
	at java.base/java.util.concurrent.CompletableFuture$AsyncRun.exec(CompletableFuture.java:1728)
	at java.base/java.util.concurrent.ForkJoinTask.doExec(ForkJoinTask.java:290)
	at java.base/java.util.concurrent.ForkJoinPool$WorkQueue.topLevelExec(ForkJoinPool.java:1020)
	at java.base/java.util.concurrent.ForkJoinPool.scan(ForkJoinPool.java:1656)
	at java.base/java.util.concurrent.ForkJoinPool.runWorker(ForkJoinPool.java:1594)
	at java.base/java.util.concurrent.ForkJoinWorkerThread.run(ForkJoinWorkerThread.java:183)
Caused by: org.eclipse.lsp4j.jsonrpc.JsonRpcException: java.io.IOException: 파이프가 닫히는 중입니다
	at org.eclipse.lsp4j.jsonrpc.json.StreamMessageConsumer.consume(StreamMessageConsumer.java:72)
	at org.eclipse.lsp4e.LanguageServerWrapper.lambda$4(LanguageServerWrapper.java:260)
	at org.eclipse.lsp4j.jsonrpc.RemoteEndpoint.request(RemoteEndpoint.java:161)
	at org.eclipse.lsp4j.jsonrpc.services.EndpointProxy.invoke(EndpointProxy.java:91)
	at com.sun.proxy.$Proxy49.shutdown(Unknown Source)
	at org.eclipse.lsp4e.LanguageServerWrapper.lambda$13(LanguageServerWrapper.java:423)
	... 7 more
Caused by: java.io.IOException: 파이프가 닫히는 중입니다
	at java.base/java.io.FileOutputStream.writeBytes(Native Method)
	at java.base/java.io.FileOutputStream.write(FileOutputStream.java:354)
	at java.base/java.io.BufferedOutputStream.flushBuffer(BufferedOutputStream.java:81)
	at java.base/java.io.BufferedOutputStream.flush(BufferedOutputStream.java:142)
	at org.eclipse.lsp4j.jsonrpc.json.StreamMessageConsumer.consume(StreamMessageConsumer.java:69)
	... 12 more

!ENTRY org.eclipse.lsp4e 4 0 2025-06-25 19:08:00.544
!MESSAGE org.eclipse.lsp4j.jsonrpc.JsonRpcException: java.io.IOException: 파이프가 닫히는 중입니다
!STACK 0
java.util.concurrent.ExecutionException: org.eclipse.lsp4j.jsonrpc.JsonRpcException: java.io.IOException: 파이프가 닫히는 중입니다
	at java.base/java.util.concurrent.CompletableFuture.reportGet(CompletableFuture.java:395)
	at java.base/java.util.concurrent.CompletableFuture.get(CompletableFuture.java:2028)
	at org.eclipse.lsp4e.LanguageServerWrapper.lambda$13(LanguageServerWrapper.java:425)
	at java.base/java.util.concurrent.CompletableFuture$AsyncRun.run(CompletableFuture.java:1736)
	at java.base/java.util.concurrent.CompletableFuture$AsyncRun.exec(CompletableFuture.java:1728)
	at java.base/java.util.concurrent.ForkJoinTask.doExec(ForkJoinTask.java:290)
	at java.base/java.util.concurrent.ForkJoinPool$WorkQueue.topLevelExec(ForkJoinPool.java:1020)
	at java.base/java.util.concurrent.ForkJoinPool.scan(ForkJoinPool.java:1656)
	at java.base/java.util.concurrent.ForkJoinPool.runWorker(ForkJoinPool.java:1594)
	at java.base/java.util.concurrent.ForkJoinWorkerThread.run(ForkJoinWorkerThread.java:183)
Caused by: org.eclipse.lsp4j.jsonrpc.JsonRpcException: java.io.IOException: 파이프가 닫히는 중입니다
	at org.eclipse.lsp4j.jsonrpc.json.StreamMessageConsumer.consume(StreamMessageConsumer.java:72)
	at org.eclipse.lsp4e.LanguageServerWrapper.lambda$4(LanguageServerWrapper.java:260)
	at org.eclipse.lsp4j.jsonrpc.RemoteEndpoint.request(RemoteEndpoint.java:161)
	at org.eclipse.lsp4j.jsonrpc.services.EndpointProxy.invoke(EndpointProxy.java:91)
	at com.sun.proxy.$Proxy49.shutdown(Unknown Source)
	at org.eclipse.lsp4e.LanguageServerWrapper.lambda$13(LanguageServerWrapper.java:423)
	... 7 more
Caused by: java.io.IOException: 파이프가 닫히는 중입니다
	at java.base/java.io.FileOutputStream.writeBytes(Native Method)
	at java.base/java.io.FileOutputStream.write(FileOutputStream.java:354)
	at java.base/java.io.BufferedOutputStream.flushBuffer(BufferedOutputStream.java:81)
	at java.base/java.io.BufferedOutputStream.flush(BufferedOutputStream.java:142)
	at org.eclipse.lsp4j.jsonrpc.json.StreamMessageConsumer.consume(StreamMessageConsumer.java:69)
	... 12 more

!ENTRY org.springframework.tooling.ls.eclipse.commons 1 0 2025-06-25 19:08:00.544
!MESSAGE Entering DelegatingStreamConnectionProvider()

!ENTRY org.springframework.tooling.ls.eclipse.commons 1 0 2025-06-25 19:08:00.545
!MESSAGE DelegatingStreamConnectionProvider classloader = org.eclipse.osgi.internal.loader.EquinoxClassLoader@500e5b3f[org.springframework.tooling.boot.ls:1.28.0.202109130547(id=1001)]

!ENTRY org.springframework.tooling.ls.eclipse.commons 1 0 2025-06-25 19:08:00.545
!MESSAGE Entering DelegatingStreamConnectionProvider()

!ENTRY org.springframework.tooling.ls.eclipse.commons 1 0 2025-06-25 19:08:00.545
!MESSAGE SpringBootLanguageServer exists!

!ENTRY org.springframework.tooling.ls.eclipse.commons 1 0 2025-06-25 19:08:00.546
!MESSAGE DelegatingStreamConnectionProvider classloader = org.eclipse.osgi.internal.loader.EquinoxClassLoader@500e5b3f[org.springframework.tooling.boot.ls:1.28.0.202109130547(id=1001)]

!ENTRY org.eclipse.lsp4e 4 0 2025-06-25 19:08:00.546
!MESSAGE org.eclipse.lsp4j.jsonrpc.JsonRpcException: java.io.IOException: 파이프가 닫히는 중입니다
!STACK 0
java.util.concurrent.ExecutionException: org.eclipse.lsp4j.jsonrpc.JsonRpcException: java.io.IOException: 파이프가 닫히는 중입니다
	at java.base/java.util.concurrent.CompletableFuture.reportGet(CompletableFuture.java:395)
	at java.base/java.util.concurrent.CompletableFuture.get(CompletableFuture.java:2028)
	at org.eclipse.lsp4e.LanguageServerWrapper.lambda$13(LanguageServerWrapper.java:425)
	at java.base/java.util.concurrent.CompletableFuture$AsyncRun.run(CompletableFuture.java:1736)
	at java.base/java.util.concurrent.CompletableFuture$AsyncRun.exec(CompletableFuture.java:1728)
	at java.base/java.util.concurrent.ForkJoinTask.doExec(ForkJoinTask.java:290)
	at java.base/java.util.concurrent.ForkJoinPool$WorkQueue.topLevelExec(ForkJoinPool.java:1020)
	at java.base/java.util.concurrent.ForkJoinPool.scan(ForkJoinPool.java:1656)
	at java.base/java.util.concurrent.ForkJoinPool.runWorker(ForkJoinPool.java:1594)
	at java.base/java.util.concurrent.ForkJoinWorkerThread.run(ForkJoinWorkerThread.java:183)
Caused by: org.eclipse.lsp4j.jsonrpc.JsonRpcException: java.io.IOException: 파이프가 닫히는 중입니다
	at org.eclipse.lsp4j.jsonrpc.json.StreamMessageConsumer.consume(StreamMessageConsumer.java:72)
	at org.eclipse.lsp4e.LanguageServerWrapper.lambda$4(LanguageServerWrapper.java:260)
	at org.eclipse.lsp4j.jsonrpc.RemoteEndpoint.request(RemoteEndpoint.java:161)
	at org.eclipse.lsp4j.jsonrpc.services.EndpointProxy.invoke(EndpointProxy.java:91)
	at com.sun.proxy.$Proxy49.shutdown(Unknown Source)
	at org.eclipse.lsp4e.LanguageServerWrapper.lambda$13(LanguageServerWrapper.java:423)
	... 7 more
Caused by: java.io.IOException: 파이프가 닫히는 중입니다
	at java.base/java.io.FileOutputStream.writeBytes(Native Method)
	at java.base/java.io.FileOutputStream.write(FileOutputStream.java:354)
	at java.base/java.io.BufferedOutputStream.flushBuffer(BufferedOutputStream.java:81)
	at java.base/java.io.BufferedOutputStream.flush(BufferedOutputStream.java:142)
	at org.eclipse.lsp4j.jsonrpc.json.StreamMessageConsumer.consume(StreamMessageConsumer.java:69)
	... 12 more

!ENTRY org.springframework.tooling.ls.eclipse.commons 1 0 2025-06-25 19:08:00.547
!MESSAGE Entering DelegatingStreamConnectionProvider()

!ENTRY org.springframework.tooling.ls.eclipse.commons 1 0 2025-06-25 19:08:00.547
!MESSAGE DelegatingStreamConnectionProvider classloader = org.eclipse.osgi.internal.loader.EquinoxClassLoader@500e5b3f[org.springframework.tooling.boot.ls:1.28.0.202109130547(id=1001)]

!ENTRY org.springframework.tooling.ls.eclipse.commons 1 0 2025-06-25 19:08:00.547
!MESSAGE SpringBootLanguageServer exists!

!ENTRY org.springframework.tooling.ls.eclipse.commons 1 0 2025-06-25 19:08:00.548
!MESSAGE SpringBootLanguageServer exists!

!ENTRY org.eclipse.lsp4e 4 0 2025-06-25 19:08:00.551
!MESSAGE org.eclipse.lsp4j.jsonrpc.JsonRpcException: java.io.IOException: 파이프가 닫히는 중입니다
!STACK 0
java.util.concurrent.ExecutionException: org.eclipse.lsp4j.jsonrpc.JsonRpcException: java.io.IOException: 파이프가 닫히는 중입니다
	at java.base/java.util.concurrent.CompletableFuture.reportGet(CompletableFuture.java:395)
	at java.base/java.util.concurrent.CompletableFuture.get(CompletableFuture.java:2028)
	at org.eclipse.lsp4e.LanguageServerWrapper.lambda$13(LanguageServerWrapper.java:425)
	at java.base/java.util.concurrent.CompletableFuture$AsyncRun.run(CompletableFuture.java:1736)
	at java.base/java.util.concurrent.CompletableFuture$AsyncRun.exec(CompletableFuture.java:1728)
	at java.base/java.util.concurrent.ForkJoinTask.doExec(ForkJoinTask.java:290)
	at java.base/java.util.concurrent.ForkJoinPool$WorkQueue.topLevelExec(ForkJoinPool.java:1020)
	at java.base/java.util.concurrent.ForkJoinPool.scan(ForkJoinPool.java:1656)
	at java.base/java.util.concurrent.ForkJoinPool.runWorker(ForkJoinPool.java:1594)
	at java.base/java.util.concurrent.ForkJoinWorkerThread.run(ForkJoinWorkerThread.java:183)
Caused by: org.eclipse.lsp4j.jsonrpc.JsonRpcException: java.io.IOException: 파이프가 닫히는 중입니다
	at org.eclipse.lsp4j.jsonrpc.json.StreamMessageConsumer.consume(StreamMessageConsumer.java:72)
	at org.eclipse.lsp4e.LanguageServerWrapper.lambda$4(LanguageServerWrapper.java:260)
	at org.eclipse.lsp4j.jsonrpc.RemoteEndpoint.request(RemoteEndpoint.java:161)
	at org.eclipse.lsp4j.jsonrpc.services.EndpointProxy.invoke(EndpointProxy.java:91)
	at com.sun.proxy.$Proxy49.shutdown(Unknown Source)
	at org.eclipse.lsp4e.LanguageServerWrapper.lambda$13(LanguageServerWrapper.java:423)
	... 7 more
Caused by: java.io.IOException: 파이프가 닫히는 중입니다
	at java.base/java.io.FileOutputStream.writeBytes(Native Method)
	at java.base/java.io.FileOutputStream.write(FileOutputStream.java:354)
	at java.base/java.io.BufferedOutputStream.flushBuffer(BufferedOutputStream.java:81)
	at java.base/java.io.BufferedOutputStream.flush(BufferedOutputStream.java:142)
	at org.eclipse.lsp4j.jsonrpc.json.StreamMessageConsumer.consume(StreamMessageConsumer.java:69)
	... 12 more

!ENTRY org.springframework.tooling.ls.eclipse.commons 1 0 2025-06-25 19:08:00.552
!MESSAGE Entering DelegatingStreamConnectionProvider()

!ENTRY org.springframework.tooling.ls.eclipse.commons 1 0 2025-06-25 19:08:00.552
!MESSAGE DelegatingStreamConnectionProvider classloader = org.eclipse.osgi.internal.loader.EquinoxClassLoader@500e5b3f[org.springframework.tooling.boot.ls:1.28.0.202109130547(id=1001)]

!ENTRY org.springframework.tooling.ls.eclipse.commons 1 0 2025-06-25 19:08:00.552
!MESSAGE SpringBootLanguageServer exists!

!ENTRY org.eclipse.lsp4e 4 0 2025-06-25 19:08:00.552
!MESSAGE org.eclipse.lsp4j.jsonrpc.JsonRpcException: java.io.IOException: 파이프가 닫히는 중입니다
!STACK 0
java.util.concurrent.ExecutionException: org.eclipse.lsp4j.jsonrpc.JsonRpcException: java.io.IOException: 파이프가 닫히는 중입니다
	at java.base/java.util.concurrent.CompletableFuture.reportGet(CompletableFuture.java:395)
	at java.base/java.util.concurrent.CompletableFuture.get(CompletableFuture.java:2028)
	at org.eclipse.lsp4e.LanguageServerWrapper.lambda$13(LanguageServerWrapper.java:425)
	at java.base/java.util.concurrent.CompletableFuture$AsyncRun.run(CompletableFuture.java:1736)
	at java.base/java.util.concurrent.CompletableFuture$AsyncRun.exec(CompletableFuture.java:1728)
	at java.base/java.util.concurrent.ForkJoinTask.doExec(ForkJoinTask.java:290)
	at java.base/java.util.concurrent.ForkJoinPool$WorkQueue.topLevelExec(ForkJoinPool.java:1020)
	at java.base/java.util.concurrent.ForkJoinPool.scan(ForkJoinPool.java:1656)
	at java.base/java.util.concurrent.ForkJoinPool.runWorker(ForkJoinPool.java:1594)
	at java.base/java.util.concurrent.ForkJoinWorkerThread.run(ForkJoinWorkerThread.java:183)
Caused by: org.eclipse.lsp4j.jsonrpc.JsonRpcException: java.io.IOException: 파이프가 닫히는 중입니다
	at org.eclipse.lsp4j.jsonrpc.json.StreamMessageConsumer.consume(StreamMessageConsumer.java:72)
	at org.eclipse.lsp4e.LanguageServerWrapper.lambda$4(LanguageServerWrapper.java:260)
	at org.eclipse.lsp4j.jsonrpc.RemoteEndpoint.request(RemoteEndpoint.java:161)
	at org.eclipse.lsp4j.jsonrpc.services.EndpointProxy.invoke(EndpointProxy.java:91)
	at com.sun.proxy.$Proxy49.shutdown(Unknown Source)
	at org.eclipse.lsp4e.LanguageServerWrapper.lambda$13(LanguageServerWrapper.java:423)
	... 7 more
Caused by: java.io.IOException: 파이프가 닫히는 중입니다
	at java.base/java.io.FileOutputStream.writeBytes(Native Method)
	at java.base/java.io.FileOutputStream.write(FileOutputStream.java:354)
	at java.base/java.io.BufferedOutputStream.flushBuffer(BufferedOutputStream.java:81)
	at java.base/java.io.BufferedOutputStream.flush(BufferedOutputStream.java:142)
	at org.eclipse.lsp4j.jsonrpc.json.StreamMessageConsumer.consume(StreamMessageConsumer.java:69)
	... 12 more

!ENTRY org.springframework.tooling.ls.eclipse.commons 1 0 2025-06-25 19:08:00.554
!MESSAGE Entering DelegatingStreamConnectionProvider()

!ENTRY org.eclipse.lsp4e 4 0 2025-06-25 19:08:00.554
!MESSAGE org.eclipse.lsp4j.jsonrpc.JsonRpcException: java.io.IOException: 파이프가 닫히는 중입니다
!STACK 0
java.util.concurrent.ExecutionException: org.eclipse.lsp4j.jsonrpc.JsonRpcException: java.io.IOException: 파이프가 닫히는 중입니다
	at java.base/java.util.concurrent.CompletableFuture.reportGet(CompletableFuture.java:395)
	at java.base/java.util.concurrent.CompletableFuture.get(CompletableFuture.java:2028)
	at org.eclipse.lsp4e.LanguageServerWrapper.lambda$13(LanguageServerWrapper.java:425)
	at java.base/java.util.concurrent.CompletableFuture$AsyncRun.run(CompletableFuture.java:1736)
	at java.base/java.util.concurrent.CompletableFuture$AsyncRun.exec(CompletableFuture.java:1728)
	at java.base/java.util.concurrent.ForkJoinTask.doExec(ForkJoinTask.java:290)
	at java.base/java.util.concurrent.ForkJoinPool$WorkQueue.topLevelExec(ForkJoinPool.java:1020)
	at java.base/java.util.concurrent.ForkJoinPool.scan(ForkJoinPool.java:1656)
	at java.base/java.util.concurrent.ForkJoinPool.runWorker(ForkJoinPool.java:1594)
	at java.base/java.util.concurrent.ForkJoinWorkerThread.run(ForkJoinWorkerThread.java:183)
Caused by: org.eclipse.lsp4j.jsonrpc.JsonRpcException: java.io.IOException: 파이프가 닫히는 중입니다
	at org.eclipse.lsp4j.jsonrpc.json.StreamMessageConsumer.consume(StreamMessageConsumer.java:72)
	at org.eclipse.lsp4e.LanguageServerWrapper.lambda$4(LanguageServerWrapper.java:260)
	at org.eclipse.lsp4j.jsonrpc.RemoteEndpoint.request(RemoteEndpoint.java:161)
	at org.eclipse.lsp4j.jsonrpc.services.EndpointProxy.invoke(EndpointProxy.java:91)
	at com.sun.proxy.$Proxy49.shutdown(Unknown Source)
	at org.eclipse.lsp4e.LanguageServerWrapper.lambda$13(LanguageServerWrapper.java:423)
	... 7 more
Caused by: java.io.IOException: 파이프가 닫히는 중입니다
	at java.base/java.io.FileOutputStream.writeBytes(Native Method)
	at java.base/java.io.FileOutputStream.write(FileOutputStream.java:354)
	at java.base/java.io.BufferedOutputStream.flushBuffer(BufferedOutputStream.java:81)
	at java.base/java.io.BufferedOutputStream.flush(BufferedOutputStream.java:142)
	at org.eclipse.lsp4j.jsonrpc.json.StreamMessageConsumer.consume(StreamMessageConsumer.java:69)
	... 12 more

!ENTRY org.springframework.tooling.ls.eclipse.commons 1 0 2025-06-25 19:08:00.555
!MESSAGE Entering DelegatingStreamConnectionProvider()

!ENTRY org.springframework.tooling.ls.eclipse.commons 1 0 2025-06-25 19:08:00.555
!MESSAGE DelegatingStreamConnectionProvider classloader = org.eclipse.osgi.internal.loader.EquinoxClassLoader@500e5b3f[org.springframework.tooling.boot.ls:1.28.0.202109130547(id=1001)]

!ENTRY org.springframework.tooling.ls.eclipse.commons 1 0 2025-06-25 19:08:00.555
!MESSAGE DelegatingStreamConnectionProvider classloader = org.eclipse.osgi.internal.loader.EquinoxClassLoader@500e5b3f[org.springframework.tooling.boot.ls:1.28.0.202109130547(id=1001)]

!ENTRY org.springframework.tooling.ls.eclipse.commons 1 0 2025-06-25 19:08:00.556
!MESSAGE SpringBootLanguageServer exists!

!ENTRY org.springframework.tooling.ls.eclipse.commons 1 0 2025-06-25 19:08:00.556
!MESSAGE SpringBootLanguageServer exists!

!ENTRY org.eclipse.lsp4e 4 0 2025-06-25 19:08:00.556
!MESSAGE org.eclipse.lsp4j.jsonrpc.JsonRpcException: java.io.IOException: 파이프가 닫히는 중입니다
!STACK 0
java.util.concurrent.ExecutionException: org.eclipse.lsp4j.jsonrpc.JsonRpcException: java.io.IOException: 파이프가 닫히는 중입니다
	at java.base/java.util.concurrent.CompletableFuture.reportGet(CompletableFuture.java:395)
	at java.base/java.util.concurrent.CompletableFuture.get(CompletableFuture.java:2028)
	at org.eclipse.lsp4e.LanguageServerWrapper.lambda$13(LanguageServerWrapper.java:425)
	at java.base/java.util.concurrent.CompletableFuture$AsyncRun.run(CompletableFuture.java:1736)
	at java.base/java.util.concurrent.CompletableFuture$AsyncRun.exec(CompletableFuture.java:1728)
	at java.base/java.util.concurrent.ForkJoinTask.doExec(ForkJoinTask.java:290)
	at java.base/java.util.concurrent.ForkJoinPool$WorkQueue.topLevelExec(ForkJoinPool.java:1020)
	at java.base/java.util.concurrent.ForkJoinPool.scan(ForkJoinPool.java:1656)
	at java.base/java.util.concurrent.ForkJoinPool.runWorker(ForkJoinPool.java:1594)
	at java.base/java.util.concurrent.ForkJoinWorkerThread.run(ForkJoinWorkerThread.java:183)
Caused by: org.eclipse.lsp4j.jsonrpc.JsonRpcException: java.io.IOException: 파이프가 닫히는 중입니다
	at org.eclipse.lsp4j.jsonrpc.json.StreamMessageConsumer.consume(StreamMessageConsumer.java:72)
	at org.eclipse.lsp4e.LanguageServerWrapper.lambda$4(LanguageServerWrapper.java:260)
	at org.eclipse.lsp4j.jsonrpc.RemoteEndpoint.request(RemoteEndpoint.java:161)
	at org.eclipse.lsp4j.jsonrpc.services.EndpointProxy.invoke(EndpointProxy.java:91)
	at com.sun.proxy.$Proxy49.shutdown(Unknown Source)
	at org.eclipse.lsp4e.LanguageServerWrapper.lambda$13(LanguageServerWrapper.java:423)
	... 7 more
Caused by: java.io.IOException: 파이프가 닫히는 중입니다
	at java.base/java.io.FileOutputStream.writeBytes(Native Method)
	at java.base/java.io.FileOutputStream.write(FileOutputStream.java:354)
	at java.base/java.io.BufferedOutputStream.flushBuffer(BufferedOutputStream.java:81)
	at java.base/java.io.BufferedOutputStream.flush(BufferedOutputStream.java:142)
	at org.eclipse.lsp4j.jsonrpc.json.StreamMessageConsumer.consume(StreamMessageConsumer.java:69)
	... 12 more

!ENTRY org.springframework.tooling.ls.eclipse.commons 1 0 2025-06-25 19:08:00.557
!MESSAGE Entering DelegatingStreamConnectionProvider()

!ENTRY org.springframework.tooling.ls.eclipse.commons 1 0 2025-06-25 19:08:00.557
!MESSAGE DelegatingStreamConnectionProvider classloader = org.eclipse.osgi.internal.loader.EquinoxClassLoader@500e5b3f[org.springframework.tooling.boot.ls:1.28.0.202109130547(id=1001)]

!ENTRY org.springframework.tooling.ls.eclipse.commons 1 0 2025-06-25 19:08:00.558
!MESSAGE SpringBootLanguageServer exists!

!ENTRY org.eclipse.lsp4e 4 0 2025-06-25 19:08:00.560
!MESSAGE org.eclipse.lsp4j.jsonrpc.JsonRpcException: java.io.IOException: 파이프가 닫히는 중입니다
!STACK 0
java.util.concurrent.ExecutionException: org.eclipse.lsp4j.jsonrpc.JsonRpcException: java.io.IOException: 파이프가 닫히는 중입니다
	at java.base/java.util.concurrent.CompletableFuture.reportGet(CompletableFuture.java:395)
	at java.base/java.util.concurrent.CompletableFuture.get(CompletableFuture.java:2028)
	at org.eclipse.lsp4e.LanguageServerWrapper.lambda$13(LanguageServerWrapper.java:425)
	at java.base/java.util.concurrent.CompletableFuture$AsyncRun.run(CompletableFuture.java:1736)
	at java.base/java.util.concurrent.CompletableFuture$AsyncRun.exec(CompletableFuture.java:1728)
	at java.base/java.util.concurrent.ForkJoinTask.doExec(ForkJoinTask.java:290)
	at java.base/java.util.concurrent.ForkJoinPool$WorkQueue.topLevelExec(ForkJoinPool.java:1020)
	at java.base/java.util.concurrent.ForkJoinPool.scan(ForkJoinPool.java:1656)
	at java.base/java.util.concurrent.ForkJoinPool.runWorker(ForkJoinPool.java:1594)
	at java.base/java.util.concurrent.ForkJoinWorkerThread.run(ForkJoinWorkerThread.java:183)
Caused by: org.eclipse.lsp4j.jsonrpc.JsonRpcException: java.io.IOException: 파이프가 닫히는 중입니다
	at org.eclipse.lsp4j.jsonrpc.json.StreamMessageConsumer.consume(StreamMessageConsumer.java:72)
	at org.eclipse.lsp4e.LanguageServerWrapper.lambda$4(LanguageServerWrapper.java:260)
	at org.eclipse.lsp4j.jsonrpc.RemoteEndpoint.request(RemoteEndpoint.java:161)
	at org.eclipse.lsp4j.jsonrpc.services.EndpointProxy.invoke(EndpointProxy.java:91)
	at com.sun.proxy.$Proxy49.shutdown(Unknown Source)
	at org.eclipse.lsp4e.LanguageServerWrapper.lambda$13(LanguageServerWrapper.java:423)
	... 7 more
Caused by: java.io.IOException: 파이프가 닫히는 중입니다
	at java.base/java.io.FileOutputStream.writeBytes(Native Method)
	at java.base/java.io.FileOutputStream.write(FileOutputStream.java:354)
	at java.base/java.io.BufferedOutputStream.flushBuffer(BufferedOutputStream.java:81)
	at java.base/java.io.BufferedOutputStream.flush(BufferedOutputStream.java:142)
	at org.eclipse.lsp4j.jsonrpc.json.StreamMessageConsumer.consume(StreamMessageConsumer.java:69)
	... 12 more

!ENTRY org.springframework.tooling.ls.eclipse.commons 1 0 2025-06-25 19:08:00.561
!MESSAGE Entering DelegatingStreamConnectionProvider()

!ENTRY org.springframework.tooling.ls.eclipse.commons 1 0 2025-06-25 19:08:00.561
!MESSAGE DelegatingStreamConnectionProvider classloader = org.eclipse.osgi.internal.loader.EquinoxClassLoader@500e5b3f[org.springframework.tooling.boot.ls:1.28.0.202109130547(id=1001)]

!ENTRY org.springframework.tooling.ls.eclipse.commons 1 0 2025-06-25 19:08:00.561
!MESSAGE SpringBootLanguageServer exists!

!ENTRY org.eclipse.lsp4e 4 0 2025-06-25 19:08:00.568
!MESSAGE org.eclipse.lsp4j.jsonrpc.JsonRpcException: java.io.IOException: 파이프가 닫히는 중입니다
!STACK 0
java.util.concurrent.ExecutionException: org.eclipse.lsp4j.jsonrpc.JsonRpcException: java.io.IOException: 파이프가 닫히는 중입니다
	at java.base/java.util.concurrent.CompletableFuture.reportGet(CompletableFuture.java:395)
	at java.base/java.util.concurrent.CompletableFuture.get(CompletableFuture.java:2028)
	at org.eclipse.lsp4e.LanguageServerWrapper.lambda$13(LanguageServerWrapper.java:425)
	at java.base/java.util.concurrent.CompletableFuture$AsyncRun.run(CompletableFuture.java:1736)
	at java.base/java.util.concurrent.CompletableFuture$AsyncRun.exec(CompletableFuture.java:1728)
	at java.base/java.util.concurrent.ForkJoinTask.doExec(ForkJoinTask.java:290)
	at java.base/java.util.concurrent.ForkJoinPool$WorkQueue.topLevelExec(ForkJoinPool.java:1020)
	at java.base/java.util.concurrent.ForkJoinPool.scan(ForkJoinPool.java:1656)
	at java.base/java.util.concurrent.ForkJoinPool.runWorker(ForkJoinPool.java:1594)
	at java.base/java.util.concurrent.ForkJoinWorkerThread.run(ForkJoinWorkerThread.java:183)
Caused by: org.eclipse.lsp4j.jsonrpc.JsonRpcException: java.io.IOException: 파이프가 닫히는 중입니다
	at org.eclipse.lsp4j.jsonrpc.json.StreamMessageConsumer.consume(StreamMessageConsumer.java:72)
	at org.eclipse.lsp4e.LanguageServerWrapper.lambda$4(LanguageServerWrapper.java:260)
	at org.eclipse.lsp4j.jsonrpc.RemoteEndpoint.request(RemoteEndpoint.java:161)
	at org.eclipse.lsp4j.jsonrpc.services.EndpointProxy.invoke(EndpointProxy.java:91)
	at com.sun.proxy.$Proxy49.shutdown(Unknown Source)
	at org.eclipse.lsp4e.LanguageServerWrapper.lambda$13(LanguageServerWrapper.java:423)
	... 7 more
Caused by: java.io.IOException: 파이프가 닫히는 중입니다
	at java.base/java.io.FileOutputStream.writeBytes(Native Method)
	at java.base/java.io.FileOutputStream.write(FileOutputStream.java:354)
	at java.base/java.io.BufferedOutputStream.flushBuffer(BufferedOutputStream.java:81)
	at java.base/java.io.BufferedOutputStream.flush(BufferedOutputStream.java:142)
	at org.eclipse.lsp4j.jsonrpc.json.StreamMessageConsumer.consume(StreamMessageConsumer.java:69)
	... 12 more

!ENTRY org.springframework.tooling.ls.eclipse.commons 1 0 2025-06-25 19:08:00.568
!MESSAGE Entering DelegatingStreamConnectionProvider()

!ENTRY org.springframework.tooling.ls.eclipse.commons 1 0 2025-06-25 19:08:00.569
!MESSAGE DelegatingStreamConnectionProvider classloader = org.eclipse.osgi.internal.loader.EquinoxClassLoader@500e5b3f[org.springframework.tooling.boot.ls:1.28.0.202109130547(id=1001)]

!ENTRY org.springframework.tooling.ls.eclipse.commons 1 0 2025-06-25 19:08:00.569
!MESSAGE SpringBootLanguageServer exists!

!ENTRY org.eclipse.lsp4e 4 0 2025-06-25 19:08:00.569
!MESSAGE org.eclipse.lsp4j.jsonrpc.JsonRpcException: java.io.IOException: 파이프가 닫히는 중입니다
!STACK 0
java.util.concurrent.ExecutionException: org.eclipse.lsp4j.jsonrpc.JsonRpcException: java.io.IOException: 파이프가 닫히는 중입니다
	at java.base/java.util.concurrent.CompletableFuture.reportGet(CompletableFuture.java:395)
	at java.base/java.util.concurrent.CompletableFuture.get(CompletableFuture.java:2028)
	at org.eclipse.lsp4e.LanguageServerWrapper.lambda$13(LanguageServerWrapper.java:425)
	at java.base/java.util.concurrent.CompletableFuture$AsyncRun.run(CompletableFuture.java:1736)
	at java.base/java.util.concurrent.CompletableFuture$AsyncRun.exec(CompletableFuture.java:1728)
	at java.base/java.util.concurrent.ForkJoinTask.doExec(ForkJoinTask.java:290)
	at java.base/java.util.concurrent.ForkJoinPool$WorkQueue.topLevelExec(ForkJoinPool.java:1020)
	at java.base/java.util.concurrent.ForkJoinPool.scan(ForkJoinPool.java:1656)
	at java.base/java.util.concurrent.ForkJoinPool.runWorker(ForkJoinPool.java:1594)
	at java.base/java.util.concurrent.ForkJoinWorkerThread.run(ForkJoinWorkerThread.java:183)
Caused by: org.eclipse.lsp4j.jsonrpc.JsonRpcException: java.io.IOException: 파이프가 닫히는 중입니다
	at org.eclipse.lsp4j.jsonrpc.json.StreamMessageConsumer.consume(StreamMessageConsumer.java:72)
	at org.eclipse.lsp4e.LanguageServerWrapper.lambda$4(LanguageServerWrapper.java:260)
	at org.eclipse.lsp4j.jsonrpc.RemoteEndpoint.request(RemoteEndpoint.java:161)
	at org.eclipse.lsp4j.jsonrpc.services.EndpointProxy.invoke(EndpointProxy.java:91)
	at com.sun.proxy.$Proxy49.shutdown(Unknown Source)
	at org.eclipse.lsp4e.LanguageServerWrapper.lambda$13(LanguageServerWrapper.java:423)
	... 7 more
Caused by: java.io.IOException: 파이프가 닫히는 중입니다
	at java.base/java.io.FileOutputStream.writeBytes(Native Method)
	at java.base/java.io.FileOutputStream.write(FileOutputStream.java:354)
	at java.base/java.io.BufferedOutputStream.flushBuffer(BufferedOutputStream.java:81)
	at java.base/java.io.BufferedOutputStream.flush(BufferedOutputStream.java:142)
	at org.eclipse.lsp4j.jsonrpc.json.StreamMessageConsumer.consume(StreamMessageConsumer.java:69)
	... 12 more

!ENTRY org.springframework.tooling.ls.eclipse.commons 1 0 2025-06-25 19:08:00.570
!MESSAGE Entering DelegatingStreamConnectionProvider()

!ENTRY org.springframework.tooling.ls.eclipse.commons 1 0 2025-06-25 19:08:00.570
!MESSAGE DelegatingStreamConnectionProvider classloader = org.eclipse.osgi.internal.loader.EquinoxClassLoader@500e5b3f[org.springframework.tooling.boot.ls:1.28.0.202109130547(id=1001)]

!ENTRY org.springframework.tooling.ls.eclipse.commons 1 0 2025-06-25 19:08:00.571
!MESSAGE SpringBootLanguageServer exists!

!ENTRY org.eclipse.lsp4e 4 0 2025-06-25 19:08:00.571
!MESSAGE org.eclipse.lsp4j.jsonrpc.JsonRpcException: java.io.IOException: 파이프가 닫히는 중입니다
!STACK 0
java.util.concurrent.ExecutionException: org.eclipse.lsp4j.jsonrpc.JsonRpcException: java.io.IOException: 파이프가 닫히는 중입니다
	at java.base/java.util.concurrent.CompletableFuture.reportGet(CompletableFuture.java:395)
	at java.base/java.util.concurrent.CompletableFuture.get(CompletableFuture.java:2028)
	at org.eclipse.lsp4e.LanguageServerWrapper.lambda$13(LanguageServerWrapper.java:425)
	at java.base/java.util.concurrent.CompletableFuture$AsyncRun.run(CompletableFuture.java:1736)
	at java.base/java.util.concurrent.CompletableFuture$AsyncRun.exec(CompletableFuture.java:1728)
	at java.base/java.util.concurrent.ForkJoinTask.doExec(ForkJoinTask.java:290)
	at java.base/java.util.concurrent.ForkJoinPool$WorkQueue.topLevelExec(ForkJoinPool.java:1020)
	at java.base/java.util.concurrent.ForkJoinPool.scan(ForkJoinPool.java:1656)
	at java.base/java.util.concurrent.ForkJoinPool.runWorker(ForkJoinPool.java:1594)
	at java.base/java.util.concurrent.ForkJoinWorkerThread.run(ForkJoinWorkerThread.java:183)
Caused by: org.eclipse.lsp4j.jsonrpc.JsonRpcException: java.io.IOException: 파이프가 닫히는 중입니다
	at org.eclipse.lsp4j.jsonrpc.json.StreamMessageConsumer.consume(StreamMessageConsumer.java:72)
	at org.eclipse.lsp4e.LanguageServerWrapper.lambda$4(LanguageServerWrapper.java:260)
	at org.eclipse.lsp4j.jsonrpc.RemoteEndpoint.request(RemoteEndpoint.java:161)
	at org.eclipse.lsp4j.jsonrpc.services.EndpointProxy.invoke(EndpointProxy.java:91)
	at com.sun.proxy.$Proxy49.shutdown(Unknown Source)
	at org.eclipse.lsp4e.LanguageServerWrapper.lambda$13(LanguageServerWrapper.java:423)
	... 7 more
Caused by: java.io.IOException: 파이프가 닫히는 중입니다
	at java.base/java.io.FileOutputStream.writeBytes(Native Method)
	at java.base/java.io.FileOutputStream.write(FileOutputStream.java:354)
	at java.base/java.io.BufferedOutputStream.flushBuffer(BufferedOutputStream.java:81)
	at java.base/java.io.BufferedOutputStream.flush(BufferedOutputStream.java:142)
	at org.eclipse.lsp4j.jsonrpc.json.StreamMessageConsumer.consume(StreamMessageConsumer.java:69)
	... 12 more

!ENTRY org.springframework.tooling.ls.eclipse.commons 1 0 2025-06-25 19:08:00.571
!MESSAGE Entering DelegatingStreamConnectionProvider()

!ENTRY org.springframework.tooling.ls.eclipse.commons 1 0 2025-06-25 19:08:00.571
!MESSAGE DelegatingStreamConnectionProvider classloader = org.eclipse.osgi.internal.loader.EquinoxClassLoader@500e5b3f[org.springframework.tooling.boot.ls:1.28.0.202109130547(id=1001)]

!ENTRY org.springframework.tooling.ls.eclipse.commons 1 0 2025-06-25 19:08:00.572
!MESSAGE SpringBootLanguageServer exists!

!ENTRY org.eclipse.lsp4e 4 0 2025-06-25 19:08:00.575
!MESSAGE org.eclipse.lsp4j.jsonrpc.JsonRpcException: java.io.IOException: 파이프가 닫히는 중입니다
!STACK 0
java.util.concurrent.ExecutionException: org.eclipse.lsp4j.jsonrpc.JsonRpcException: java.io.IOException: 파이프가 닫히는 중입니다
	at java.base/java.util.concurrent.CompletableFuture.reportGet(CompletableFuture.java:395)
	at java.base/java.util.concurrent.CompletableFuture.get(CompletableFuture.java:2028)
	at org.eclipse.lsp4e.LanguageServerWrapper.lambda$13(LanguageServerWrapper.java:425)
	at java.base/java.util.concurrent.CompletableFuture$AsyncRun.run(CompletableFuture.java:1736)
	at java.base/java.util.concurrent.CompletableFuture$AsyncRun.exec(CompletableFuture.java:1728)
	at java.base/java.util.concurrent.ForkJoinTask.doExec(ForkJoinTask.java:290)
	at java.base/java.util.concurrent.ForkJoinPool$WorkQueue.topLevelExec(ForkJoinPool.java:1020)
	at java.base/java.util.concurrent.ForkJoinPool.scan(ForkJoinPool.java:1656)
	at java.base/java.util.concurrent.ForkJoinPool.runWorker(ForkJoinPool.java:1594)
	at java.base/java.util.concurrent.ForkJoinWorkerThread.run(ForkJoinWorkerThread.java:183)
Caused by: org.eclipse.lsp4j.jsonrpc.JsonRpcException: java.io.IOException: 파이프가 닫히는 중입니다
	at org.eclipse.lsp4j.jsonrpc.json.StreamMessageConsumer.consume(StreamMessageConsumer.java:72)
	at org.eclipse.lsp4e.LanguageServerWrapper.lambda$4(LanguageServerWrapper.java:260)
	at org.eclipse.lsp4j.jsonrpc.RemoteEndpoint.request(RemoteEndpoint.java:161)
	at org.eclipse.lsp4j.jsonrpc.services.EndpointProxy.invoke(EndpointProxy.java:91)
	at com.sun.proxy.$Proxy49.shutdown(Unknown Source)
	at org.eclipse.lsp4e.LanguageServerWrapper.lambda$13(LanguageServerWrapper.java:423)
	... 7 more
Caused by: java.io.IOException: 파이프가 닫히는 중입니다
	at java.base/java.io.FileOutputStream.writeBytes(Native Method)
	at java.base/java.io.FileOutputStream.write(FileOutputStream.java:354)
	at java.base/java.io.BufferedOutputStream.flushBuffer(BufferedOutputStream.java:81)
	at java.base/java.io.BufferedOutputStream.flush(BufferedOutputStream.java:142)
	at org.eclipse.lsp4j.jsonrpc.json.StreamMessageConsumer.consume(StreamMessageConsumer.java:69)
	... 12 more

!ENTRY org.springframework.tooling.ls.eclipse.commons 1 0 2025-06-25 19:08:00.576
!MESSAGE Entering DelegatingStreamConnectionProvider()

!ENTRY org.springframework.tooling.ls.eclipse.commons 1 0 2025-06-25 19:08:00.576
!MESSAGE DelegatingStreamConnectionProvider classloader = org.eclipse.osgi.internal.loader.EquinoxClassLoader@500e5b3f[org.springframework.tooling.boot.ls:1.28.0.202109130547(id=1001)]

!ENTRY org.springframework.tooling.ls.eclipse.commons 1 0 2025-06-25 19:08:00.576
!MESSAGE SpringBootLanguageServer exists!

!ENTRY org.eclipse.lsp4e 4 0 2025-06-25 19:08:00.577
!MESSAGE org.eclipse.lsp4j.jsonrpc.JsonRpcException: java.io.IOException: 파이프가 닫히는 중입니다
!STACK 0
java.util.concurrent.ExecutionException: org.eclipse.lsp4j.jsonrpc.JsonRpcException: java.io.IOException: 파이프가 닫히는 중입니다
	at java.base/java.util.concurrent.CompletableFuture.reportGet(CompletableFuture.java:395)
	at java.base/java.util.concurrent.CompletableFuture.get(CompletableFuture.java:2028)
	at org.eclipse.lsp4e.LanguageServerWrapper.lambda$13(LanguageServerWrapper.java:425)
	at java.base/java.util.concurrent.CompletableFuture$AsyncRun.run(CompletableFuture.java:1736)
	at java.base/java.util.concurrent.CompletableFuture$AsyncRun.exec(CompletableFuture.java:1728)
	at java.base/java.util.concurrent.ForkJoinTask.doExec(ForkJoinTask.java:290)
	at java.base/java.util.concurrent.ForkJoinPool$WorkQueue.topLevelExec(ForkJoinPool.java:1020)
	at java.base/java.util.concurrent.ForkJoinPool.scan(ForkJoinPool.java:1656)
	at java.base/java.util.concurrent.ForkJoinPool.runWorker(ForkJoinPool.java:1594)
	at java.base/java.util.concurrent.ForkJoinWorkerThread.run(ForkJoinWorkerThread.java:183)
Caused by: org.eclipse.lsp4j.jsonrpc.JsonRpcException: java.io.IOException: 파이프가 닫히는 중입니다
	at org.eclipse.lsp4j.jsonrpc.json.StreamMessageConsumer.consume(StreamMessageConsumer.java:72)
	at org.eclipse.lsp4e.LanguageServerWrapper.lambda$4(LanguageServerWrapper.java:260)
	at org.eclipse.lsp4j.jsonrpc.RemoteEndpoint.request(RemoteEndpoint.java:161)
	at org.eclipse.lsp4j.jsonrpc.services.EndpointProxy.invoke(EndpointProxy.java:91)
	at com.sun.proxy.$Proxy49.shutdown(Unknown Source)
	at org.eclipse.lsp4e.LanguageServerWrapper.lambda$13(LanguageServerWrapper.java:423)
	... 7 more
Caused by: java.io.IOException: 파이프가 닫히는 중입니다
	at java.base/java.io.FileOutputStream.writeBytes(Native Method)
	at java.base/java.io.FileOutputStream.write(FileOutputStream.java:354)
	at java.base/java.io.BufferedOutputStream.flushBuffer(BufferedOutputStream.java:81)
	at java.base/java.io.BufferedOutputStream.flush(BufferedOutputStream.java:142)
	at org.eclipse.lsp4j.jsonrpc.json.StreamMessageConsumer.consume(StreamMessageConsumer.java:69)
	... 12 more

!ENTRY org.springframework.tooling.ls.eclipse.commons 1 0 2025-06-25 19:08:00.577
!MESSAGE Entering DelegatingStreamConnectionProvider()

!ENTRY org.springframework.tooling.ls.eclipse.commons 1 0 2025-06-25 19:08:00.578
!MESSAGE DelegatingStreamConnectionProvider classloader = org.eclipse.osgi.internal.loader.EquinoxClassLoader@500e5b3f[org.springframework.tooling.boot.ls:1.28.0.202109130547(id=1001)]

!ENTRY org.springframework.tooling.ls.eclipse.commons 1 0 2025-06-25 19:08:00.578
!MESSAGE SpringBootLanguageServer exists!

!ENTRY org.eclipse.lsp4e 4 0 2025-06-25 19:08:00.581
!MESSAGE org.eclipse.lsp4j.jsonrpc.JsonRpcException: java.io.IOException: 파이프가 닫히는 중입니다
!STACK 0
java.util.concurrent.ExecutionException: org.eclipse.lsp4j.jsonrpc.JsonRpcException: java.io.IOException: 파이프가 닫히는 중입니다
	at java.base/java.util.concurrent.CompletableFuture.reportGet(CompletableFuture.java:395)
	at java.base/java.util.concurrent.CompletableFuture.get(CompletableFuture.java:2028)
	at org.eclipse.lsp4e.LanguageServerWrapper.lambda$13(LanguageServerWrapper.java:425)
	at java.base/java.util.concurrent.CompletableFuture$AsyncRun.run(CompletableFuture.java:1736)
	at java.base/java.util.concurrent.CompletableFuture$AsyncRun.exec(CompletableFuture.java:1728)
	at java.base/java.util.concurrent.ForkJoinTask.doExec(ForkJoinTask.java:290)
	at java.base/java.util.concurrent.ForkJoinPool$WorkQueue.topLevelExec(ForkJoinPool.java:1020)
	at java.base/java.util.concurrent.ForkJoinPool.scan(ForkJoinPool.java:1656)
	at java.base/java.util.concurrent.ForkJoinPool.runWorker(ForkJoinPool.java:1594)
	at java.base/java.util.concurrent.ForkJoinWorkerThread.run(ForkJoinWorkerThread.java:183)
Caused by: org.eclipse.lsp4j.jsonrpc.JsonRpcException: java.io.IOException: 파이프가 닫히는 중입니다
	at org.eclipse.lsp4j.jsonrpc.json.StreamMessageConsumer.consume(StreamMessageConsumer.java:72)
	at org.eclipse.lsp4e.LanguageServerWrapper.lambda$4(LanguageServerWrapper.java:260)
	at org.eclipse.lsp4j.jsonrpc.RemoteEndpoint.request(RemoteEndpoint.java:161)
	at org.eclipse.lsp4j.jsonrpc.services.EndpointProxy.invoke(EndpointProxy.java:91)
	at com.sun.proxy.$Proxy49.shutdown(Unknown Source)
	at org.eclipse.lsp4e.LanguageServerWrapper.lambda$13(LanguageServerWrapper.java:423)
	... 7 more
Caused by: java.io.IOException: 파이프가 닫히는 중입니다
	at java.base/java.io.FileOutputStream.writeBytes(Native Method)
	at java.base/java.io.FileOutputStream.write(FileOutputStream.java:354)
	at java.base/java.io.BufferedOutputStream.flushBuffer(BufferedOutputStream.java:81)
	at java.base/java.io.BufferedOutputStream.flush(BufferedOutputStream.java:142)
	at org.eclipse.lsp4j.jsonrpc.json.StreamMessageConsumer.consume(StreamMessageConsumer.java:69)
	... 12 more

!ENTRY org.springframework.tooling.ls.eclipse.commons 1 0 2025-06-25 19:08:00.582
!MESSAGE Entering DelegatingStreamConnectionProvider()

!ENTRY org.springframework.tooling.ls.eclipse.commons 1 0 2025-06-25 19:08:00.582
!MESSAGE DelegatingStreamConnectionProvider classloader = org.eclipse.osgi.internal.loader.EquinoxClassLoader@500e5b3f[org.springframework.tooling.boot.ls:1.28.0.202109130547(id=1001)]

!ENTRY org.springframework.tooling.ls.eclipse.commons 1 0 2025-06-25 19:08:00.582
!MESSAGE SpringBootLanguageServer exists!

!ENTRY org.eclipse.lsp4e 4 0 2025-06-25 19:08:00.583
!MESSAGE org.eclipse.lsp4j.jsonrpc.JsonRpcException: java.io.IOException: 파이프가 닫히는 중입니다
!STACK 0
java.util.concurrent.ExecutionException: org.eclipse.lsp4j.jsonrpc.JsonRpcException: java.io.IOException: 파이프가 닫히는 중입니다
	at java.base/java.util.concurrent.CompletableFuture.reportGet(CompletableFuture.java:395)
	at java.base/java.util.concurrent.CompletableFuture.get(CompletableFuture.java:2028)
	at org.eclipse.lsp4e.LanguageServerWrapper.lambda$13(LanguageServerWrapper.java:425)
	at java.base/java.util.concurrent.CompletableFuture$AsyncRun.run(CompletableFuture.java:1736)
	at java.base/java.util.concurrent.CompletableFuture$AsyncRun.exec(CompletableFuture.java:1728)
	at java.base/java.util.concurrent.ForkJoinTask.doExec(ForkJoinTask.java:290)
	at java.base/java.util.concurrent.ForkJoinPool$WorkQueue.topLevelExec(ForkJoinPool.java:1020)
	at java.base/java.util.concurrent.ForkJoinPool.scan(ForkJoinPool.java:1656)
	at java.base/java.util.concurrent.ForkJoinPool.runWorker(ForkJoinPool.java:1594)
	at java.base/java.util.concurrent.ForkJoinWorkerThread.run(ForkJoinWorkerThread.java:183)
Caused by: org.eclipse.lsp4j.jsonrpc.JsonRpcException: java.io.IOException: 파이프가 닫히는 중입니다
	at org.eclipse.lsp4j.jsonrpc.json.StreamMessageConsumer.consume(StreamMessageConsumer.java:72)
	at org.eclipse.lsp4e.LanguageServerWrapper.lambda$4(LanguageServerWrapper.java:260)
	at org.eclipse.lsp4j.jsonrpc.RemoteEndpoint.request(RemoteEndpoint.java:161)
	at org.eclipse.lsp4j.jsonrpc.services.EndpointProxy.invoke(EndpointProxy.java:91)
	at com.sun.proxy.$Proxy49.shutdown(Unknown Source)
	at org.eclipse.lsp4e.LanguageServerWrapper.lambda$13(LanguageServerWrapper.java:423)
	... 7 more
Caused by: java.io.IOException: 파이프가 닫히는 중입니다
	at java.base/java.io.FileOutputStream.writeBytes(Native Method)
	at java.base/java.io.FileOutputStream.write(FileOutputStream.java:354)
	at java.base/java.io.BufferedOutputStream.flushBuffer(BufferedOutputStream.java:81)
	at java.base/java.io.BufferedOutputStream.flush(BufferedOutputStream.java:142)
	at org.eclipse.lsp4j.jsonrpc.json.StreamMessageConsumer.consume(StreamMessageConsumer.java:69)
	... 12 more

!ENTRY org.springframework.tooling.ls.eclipse.commons 1 0 2025-06-25 19:08:00.583
!MESSAGE Entering DelegatingStreamConnectionProvider()

!ENTRY org.springframework.tooling.ls.eclipse.commons 1 0 2025-06-25 19:08:00.584
!MESSAGE DelegatingStreamConnectionProvider classloader = org.eclipse.osgi.internal.loader.EquinoxClassLoader@500e5b3f[org.springframework.tooling.boot.ls:1.28.0.202109130547(id=1001)]

!ENTRY org.springframework.tooling.ls.eclipse.commons 1 0 2025-06-25 19:08:00.584
!MESSAGE SpringBootLanguageServer exists!

!ENTRY org.eclipse.lsp4e 4 0 2025-06-25 19:08:00.585
!MESSAGE org.eclipse.lsp4j.jsonrpc.JsonRpcException: java.io.IOException: 파이프가 닫히는 중입니다
!STACK 0
java.util.concurrent.ExecutionException: org.eclipse.lsp4j.jsonrpc.JsonRpcException: java.io.IOException: 파이프가 닫히는 중입니다
	at java.base/java.util.concurrent.CompletableFuture.reportGet(CompletableFuture.java:395)
	at java.base/java.util.concurrent.CompletableFuture.get(CompletableFuture.java:2028)
	at org.eclipse.lsp4e.LanguageServerWrapper.lambda$13(LanguageServerWrapper.java:425)
	at java.base/java.util.concurrent.CompletableFuture$AsyncRun.run(CompletableFuture.java:1736)
	at java.base/java.util.concurrent.CompletableFuture$AsyncRun.exec(CompletableFuture.java:1728)
	at java.base/java.util.concurrent.ForkJoinTask.doExec(ForkJoinTask.java:290)
	at java.base/java.util.concurrent.ForkJoinPool$WorkQueue.topLevelExec(ForkJoinPool.java:1020)
	at java.base/java.util.concurrent.ForkJoinPool.scan(ForkJoinPool.java:1656)
	at java.base/java.util.concurrent.ForkJoinPool.runWorker(ForkJoinPool.java:1594)
	at java.base/java.util.concurrent.ForkJoinWorkerThread.run(ForkJoinWorkerThread.java:183)
Caused by: org.eclipse.lsp4j.jsonrpc.JsonRpcException: java.io.IOException: 파이프가 닫히는 중입니다
	at org.eclipse.lsp4j.jsonrpc.json.StreamMessageConsumer.consume(StreamMessageConsumer.java:72)
	at org.eclipse.lsp4e.LanguageServerWrapper.lambda$4(LanguageServerWrapper.java:260)
	at org.eclipse.lsp4j.jsonrpc.RemoteEndpoint.request(RemoteEndpoint.java:161)
	at org.eclipse.lsp4j.jsonrpc.services.EndpointProxy.invoke(EndpointProxy.java:91)
	at com.sun.proxy.$Proxy49.shutdown(Unknown Source)
	at org.eclipse.lsp4e.LanguageServerWrapper.lambda$13(LanguageServerWrapper.java:423)
	... 7 more
Caused by: java.io.IOException: 파이프가 닫히는 중입니다
	at java.base/java.io.FileOutputStream.writeBytes(Native Method)
	at java.base/java.io.FileOutputStream.write(FileOutputStream.java:354)
	at java.base/java.io.BufferedOutputStream.flushBuffer(BufferedOutputStream.java:81)
	at java.base/java.io.BufferedOutputStream.flush(BufferedOutputStream.java:142)
	at org.eclipse.lsp4j.jsonrpc.json.StreamMessageConsumer.consume(StreamMessageConsumer.java:69)
	... 12 more

!ENTRY org.springframework.tooling.ls.eclipse.commons 1 0 2025-06-25 19:08:00.586
!MESSAGE Entering DelegatingStreamConnectionProvider()

!ENTRY org.springframework.tooling.ls.eclipse.commons 1 0 2025-06-25 19:08:00.586
!MESSAGE DelegatingStreamConnectionProvider classloader = org.eclipse.osgi.internal.loader.EquinoxClassLoader@500e5b3f[org.springframework.tooling.boot.ls:1.28.0.202109130547(id=1001)]

!ENTRY org.springframework.tooling.ls.eclipse.commons 1 0 2025-06-25 19:08:00.587
!MESSAGE SpringBootLanguageServer exists!

!ENTRY org.eclipse.lsp4e 4 0 2025-06-25 19:08:00.588
!MESSAGE org.eclipse.lsp4j.jsonrpc.JsonRpcException: java.io.IOException: 파이프가 닫히는 중입니다
!STACK 0
java.util.concurrent.ExecutionException: org.eclipse.lsp4j.jsonrpc.JsonRpcException: java.io.IOException: 파이프가 닫히는 중입니다
	at java.base/java.util.concurrent.CompletableFuture.reportGet(CompletableFuture.java:395)
	at java.base/java.util.concurrent.CompletableFuture.get(CompletableFuture.java:2028)
	at org.eclipse.lsp4e.LanguageServerWrapper.lambda$13(LanguageServerWrapper.java:425)
	at java.base/java.util.concurrent.CompletableFuture$AsyncRun.run(CompletableFuture.java:1736)
	at java.base/java.util.concurrent.CompletableFuture$AsyncRun.exec(CompletableFuture.java:1728)
	at java.base/java.util.concurrent.ForkJoinTask.doExec(ForkJoinTask.java:290)
	at java.base/java.util.concurrent.ForkJoinPool$WorkQueue.topLevelExec(ForkJoinPool.java:1020)
	at java.base/java.util.concurrent.ForkJoinPool.scan(ForkJoinPool.java:1656)
	at java.base/java.util.concurrent.ForkJoinPool.runWorker(ForkJoinPool.java:1594)
	at java.base/java.util.concurrent.ForkJoinWorkerThread.run(ForkJoinWorkerThread.java:183)
Caused by: org.eclipse.lsp4j.jsonrpc.JsonRpcException: java.io.IOException: 파이프가 닫히는 중입니다
	at org.eclipse.lsp4j.jsonrpc.json.StreamMessageConsumer.consume(StreamMessageConsumer.java:72)
	at org.eclipse.lsp4e.LanguageServerWrapper.lambda$4(LanguageServerWrapper.java:260)
	at org.eclipse.lsp4j.jsonrpc.RemoteEndpoint.request(RemoteEndpoint.java:161)
	at org.eclipse.lsp4j.jsonrpc.services.EndpointProxy.invoke(EndpointProxy.java:91)
	at com.sun.proxy.$Proxy49.shutdown(Unknown Source)
	at org.eclipse.lsp4e.LanguageServerWrapper.lambda$13(LanguageServerWrapper.java:423)
	... 7 more
Caused by: java.io.IOException: 파이프가 닫히는 중입니다
	at java.base/java.io.FileOutputStream.writeBytes(Native Method)
	at java.base/java.io.FileOutputStream.write(FileOutputStream.java:354)
	at java.base/java.io.BufferedOutputStream.flushBuffer(BufferedOutputStream.java:81)
	at java.base/java.io.BufferedOutputStream.flush(BufferedOutputStream.java:142)
	at org.eclipse.lsp4j.jsonrpc.json.StreamMessageConsumer.consume(StreamMessageConsumer.java:69)
	... 12 more

!ENTRY org.springframework.tooling.ls.eclipse.commons 1 0 2025-06-25 19:08:00.589
!MESSAGE Entering DelegatingStreamConnectionProvider()

!ENTRY org.springframework.tooling.ls.eclipse.commons 1 0 2025-06-25 19:08:00.589
!MESSAGE DelegatingStreamConnectionProvider classloader = org.eclipse.osgi.internal.loader.EquinoxClassLoader@500e5b3f[org.springframework.tooling.boot.ls:1.28.0.202109130547(id=1001)]

!ENTRY org.springframework.tooling.ls.eclipse.commons 1 0 2025-06-25 19:08:00.590
!MESSAGE SpringBootLanguageServer exists!

!ENTRY org.eclipse.lsp4e 4 0 2025-06-25 19:08:00.591
!MESSAGE org.eclipse.lsp4j.jsonrpc.JsonRpcException: java.io.IOException: 파이프가 닫히는 중입니다
!STACK 0
java.util.concurrent.ExecutionException: org.eclipse.lsp4j.jsonrpc.JsonRpcException: java.io.IOException: 파이프가 닫히는 중입니다
	at java.base/java.util.concurrent.CompletableFuture.reportGet(CompletableFuture.java:395)
	at java.base/java.util.concurrent.CompletableFuture.get(CompletableFuture.java:2028)
	at org.eclipse.lsp4e.LanguageServerWrapper.lambda$13(LanguageServerWrapper.java:425)
	at java.base/java.util.concurrent.CompletableFuture$AsyncRun.run(CompletableFuture.java:1736)
	at java.base/java.util.concurrent.CompletableFuture$AsyncRun.exec(CompletableFuture.java:1728)
	at java.base/java.util.concurrent.ForkJoinTask.doExec(ForkJoinTask.java:290)
	at java.base/java.util.concurrent.ForkJoinPool$WorkQueue.topLevelExec(ForkJoinPool.java:1020)
	at java.base/java.util.concurrent.ForkJoinPool.scan(ForkJoinPool.java:1656)
	at java.base/java.util.concurrent.ForkJoinPool.runWorker(ForkJoinPool.java:1594)
	at java.base/java.util.concurrent.ForkJoinWorkerThread.run(ForkJoinWorkerThread.java:183)
Caused by: org.eclipse.lsp4j.jsonrpc.JsonRpcException: java.io.IOException: 파이프가 닫히는 중입니다
	at org.eclipse.lsp4j.jsonrpc.json.StreamMessageConsumer.consume(StreamMessageConsumer.java:72)
	at org.eclipse.lsp4e.LanguageServerWrapper.lambda$4(LanguageServerWrapper.java:260)
	at org.eclipse.lsp4j.jsonrpc.RemoteEndpoint.request(RemoteEndpoint.java:161)
	at org.eclipse.lsp4j.jsonrpc.services.EndpointProxy.invoke(EndpointProxy.java:91)
	at com.sun.proxy.$Proxy49.shutdown(Unknown Source)
	at org.eclipse.lsp4e.LanguageServerWrapper.lambda$13(LanguageServerWrapper.java:423)
	... 7 more
Caused by: java.io.IOException: 파이프가 닫히는 중입니다
	at java.base/java.io.FileOutputStream.writeBytes(Native Method)
	at java.base/java.io.FileOutputStream.write(FileOutputStream.java:354)
	at java.base/java.io.BufferedOutputStream.flushBuffer(BufferedOutputStream.java:81)
	at java.base/java.io.BufferedOutputStream.flush(BufferedOutputStream.java:142)
	at org.eclipse.lsp4j.jsonrpc.json.StreamMessageConsumer.consume(StreamMessageConsumer.java:69)
	... 12 more

!ENTRY org.springframework.tooling.ls.eclipse.commons 1 0 2025-06-25 19:08:00.591
!MESSAGE Entering DelegatingStreamConnectionProvider()

!ENTRY org.springframework.tooling.ls.eclipse.commons 1 0 2025-06-25 19:08:00.592
!MESSAGE DelegatingStreamConnectionProvider classloader = org.eclipse.osgi.internal.loader.EquinoxClassLoader@500e5b3f[org.springframework.tooling.boot.ls:1.28.0.202109130547(id=1001)]

!ENTRY org.springframework.tooling.ls.eclipse.commons 1 0 2025-06-25 19:08:00.592
!MESSAGE SpringBootLanguageServer exists!

!ENTRY org.eclipse.lsp4e 4 0 2025-06-25 19:08:00.593
!MESSAGE org.eclipse.lsp4j.jsonrpc.JsonRpcException: java.io.IOException: 파이프가 닫히는 중입니다
!STACK 0
java.util.concurrent.ExecutionException: org.eclipse.lsp4j.jsonrpc.JsonRpcException: java.io.IOException: 파이프가 닫히는 중입니다
	at java.base/java.util.concurrent.CompletableFuture.reportGet(CompletableFuture.java:395)
	at java.base/java.util.concurrent.CompletableFuture.get(CompletableFuture.java:2028)
	at org.eclipse.lsp4e.LanguageServerWrapper.lambda$13(LanguageServerWrapper.java:425)
	at java.base/java.util.concurrent.CompletableFuture$AsyncRun.run(CompletableFuture.java:1736)
	at java.base/java.util.concurrent.CompletableFuture$AsyncRun.exec(CompletableFuture.java:1728)
	at java.base/java.util.concurrent.ForkJoinTask.doExec(ForkJoinTask.java:290)
	at java.base/java.util.concurrent.ForkJoinPool$WorkQueue.topLevelExec(ForkJoinPool.java:1020)
	at java.base/java.util.concurrent.ForkJoinPool.scan(ForkJoinPool.java:1656)
	at java.base/java.util.concurrent.ForkJoinPool.runWorker(ForkJoinPool.java:1594)
	at java.base/java.util.concurrent.ForkJoinWorkerThread.run(ForkJoinWorkerThread.java:183)
Caused by: org.eclipse.lsp4j.jsonrpc.JsonRpcException: java.io.IOException: 파이프가 닫히는 중입니다
	at org.eclipse.lsp4j.jsonrpc.json.StreamMessageConsumer.consume(StreamMessageConsumer.java:72)
	at org.eclipse.lsp4e.LanguageServerWrapper.lambda$4(LanguageServerWrapper.java:260)
	at org.eclipse.lsp4j.jsonrpc.RemoteEndpoint.request(RemoteEndpoint.java:161)
	at org.eclipse.lsp4j.jsonrpc.services.EndpointProxy.invoke(EndpointProxy.java:91)
	at com.sun.proxy.$Proxy49.shutdown(Unknown Source)
	at org.eclipse.lsp4e.LanguageServerWrapper.lambda$13(LanguageServerWrapper.java:423)
	... 7 more
Caused by: java.io.IOException: 파이프가 닫히는 중입니다
	at java.base/java.io.FileOutputStream.writeBytes(Native Method)
	at java.base/java.io.FileOutputStream.write(FileOutputStream.java:354)
	at java.base/java.io.BufferedOutputStream.flushBuffer(BufferedOutputStream.java:81)
	at java.base/java.io.BufferedOutputStream.flush(BufferedOutputStream.java:142)
	at org.eclipse.lsp4j.jsonrpc.json.StreamMessageConsumer.consume(StreamMessageConsumer.java:69)
	... 12 more

!ENTRY org.springframework.tooling.ls.eclipse.commons 1 0 2025-06-25 19:08:00.594
!MESSAGE Entering DelegatingStreamConnectionProvider()

!ENTRY org.springframework.tooling.ls.eclipse.commons 1 0 2025-06-25 19:08:00.594
!MESSAGE DelegatingStreamConnectionProvider classloader = org.eclipse.osgi.internal.loader.EquinoxClassLoader@500e5b3f[org.springframework.tooling.boot.ls:1.28.0.202109130547(id=1001)]

!ENTRY org.springframework.tooling.ls.eclipse.commons 1 0 2025-06-25 19:08:00.595
!MESSAGE SpringBootLanguageServer exists!

!ENTRY org.eclipse.lsp4e 4 0 2025-06-25 19:08:00.603
!MESSAGE org.eclipse.lsp4j.jsonrpc.JsonRpcException: java.io.IOException: 파이프가 닫히는 중입니다
!STACK 0
java.util.concurrent.ExecutionException: org.eclipse.lsp4j.jsonrpc.JsonRpcException: java.io.IOException: 파이프가 닫히는 중입니다
	at java.base/java.util.concurrent.CompletableFuture.reportGet(CompletableFuture.java:395)
	at java.base/java.util.concurrent.CompletableFuture.get(CompletableFuture.java:2028)
	at org.eclipse.lsp4e.LanguageServerWrapper.lambda$13(LanguageServerWrapper.java:425)
	at java.base/java.util.concurrent.CompletableFuture$AsyncRun.run(CompletableFuture.java:1736)
	at java.base/java.util.concurrent.CompletableFuture$AsyncRun.exec(CompletableFuture.java:1728)
	at java.base/java.util.concurrent.ForkJoinTask.doExec(ForkJoinTask.java:290)
	at java.base/java.util.concurrent.ForkJoinPool$WorkQueue.topLevelExec(ForkJoinPool.java:1020)
	at java.base/java.util.concurrent.ForkJoinPool.scan(ForkJoinPool.java:1656)
	at java.base/java.util.concurrent.ForkJoinPool.runWorker(ForkJoinPool.java:1594)
	at java.base/java.util.concurrent.ForkJoinWorkerThread.run(ForkJoinWorkerThread.java:183)
Caused by: org.eclipse.lsp4j.jsonrpc.JsonRpcException: java.io.IOException: 파이프가 닫히는 중입니다
	at org.eclipse.lsp4j.jsonrpc.json.StreamMessageConsumer.consume(StreamMessageConsumer.java:72)
	at org.eclipse.lsp4e.LanguageServerWrapper.lambda$4(LanguageServerWrapper.java:260)
	at org.eclipse.lsp4j.jsonrpc.RemoteEndpoint.request(RemoteEndpoint.java:161)
	at org.eclipse.lsp4j.jsonrpc.services.EndpointProxy.invoke(EndpointProxy.java:91)
	at com.sun.proxy.$Proxy49.shutdown(Unknown Source)
	at org.eclipse.lsp4e.LanguageServerWrapper.lambda$13(LanguageServerWrapper.java:423)
	... 7 more
Caused by: java.io.IOException: 파이프가 닫히는 중입니다
	at java.base/java.io.FileOutputStream.writeBytes(Native Method)
	at java.base/java.io.FileOutputStream.write(FileOutputStream.java:354)
	at java.base/java.io.BufferedOutputStream.flushBuffer(BufferedOutputStream.java:81)
	at java.base/java.io.BufferedOutputStream.flush(BufferedOutputStream.java:142)
	at org.eclipse.lsp4j.jsonrpc.json.StreamMessageConsumer.consume(StreamMessageConsumer.java:69)
	... 12 more

!ENTRY org.springframework.tooling.ls.eclipse.commons 1 0 2025-06-25 19:08:00.604
!MESSAGE Entering DelegatingStreamConnectionProvider()

!ENTRY org.springframework.tooling.ls.eclipse.commons 1 0 2025-06-25 19:08:00.604
!MESSAGE DelegatingStreamConnectionProvider classloader = org.eclipse.osgi.internal.loader.EquinoxClassLoader@500e5b3f[org.springframework.tooling.boot.ls:1.28.0.202109130547(id=1001)]

!ENTRY org.springframework.tooling.ls.eclipse.commons 1 0 2025-06-25 19:08:00.604
!MESSAGE SpringBootLanguageServer exists!

!ENTRY org.eclipse.lsp4e 4 0 2025-06-25 19:08:00.608
!MESSAGE org.eclipse.lsp4j.jsonrpc.JsonRpcException: java.io.IOException: 파이프가 닫히는 중입니다
!STACK 0
java.util.concurrent.ExecutionException: org.eclipse.lsp4j.jsonrpc.JsonRpcException: java.io.IOException: 파이프가 닫히는 중입니다
	at java.base/java.util.concurrent.CompletableFuture.reportGet(CompletableFuture.java:395)
	at java.base/java.util.concurrent.CompletableFuture.get(CompletableFuture.java:2028)
	at org.eclipse.lsp4e.LanguageServerWrapper.lambda$13(LanguageServerWrapper.java:425)
	at java.base/java.util.concurrent.CompletableFuture$AsyncRun.run(CompletableFuture.java:1736)
	at java.base/java.util.concurrent.CompletableFuture$AsyncRun.exec(CompletableFuture.java:1728)
	at java.base/java.util.concurrent.ForkJoinTask.doExec(ForkJoinTask.java:290)
	at java.base/java.util.concurrent.ForkJoinPool$WorkQueue.topLevelExec(ForkJoinPool.java:1020)
	at java.base/java.util.concurrent.ForkJoinPool.scan(ForkJoinPool.java:1656)
	at java.base/java.util.concurrent.ForkJoinPool.runWorker(ForkJoinPool.java:1594)
	at java.base/java.util.concurrent.ForkJoinWorkerThread.run(ForkJoinWorkerThread.java:183)
Caused by: org.eclipse.lsp4j.jsonrpc.JsonRpcException: java.io.IOException: 파이프가 닫히는 중입니다
	at org.eclipse.lsp4j.jsonrpc.json.StreamMessageConsumer.consume(StreamMessageConsumer.java:72)
	at org.eclipse.lsp4e.LanguageServerWrapper.lambda$4(LanguageServerWrapper.java:260)
	at org.eclipse.lsp4j.jsonrpc.RemoteEndpoint.request(RemoteEndpoint.java:161)
	at org.eclipse.lsp4j.jsonrpc.services.EndpointProxy.invoke(EndpointProxy.java:91)
	at com.sun.proxy.$Proxy49.shutdown(Unknown Source)
	at org.eclipse.lsp4e.LanguageServerWrapper.lambda$13(LanguageServerWrapper.java:423)
	... 7 more
Caused by: java.io.IOException: 파이프가 닫히는 중입니다
	at java.base/java.io.FileOutputStream.writeBytes(Native Method)
	at java.base/java.io.FileOutputStream.write(FileOutputStream.java:354)
	at java.base/java.io.BufferedOutputStream.flushBuffer(BufferedOutputStream.java:81)
	at java.base/java.io.BufferedOutputStream.flush(BufferedOutputStream.java:142)
	at org.eclipse.lsp4j.jsonrpc.json.StreamMessageConsumer.consume(StreamMessageConsumer.java:69)
	... 12 more

!ENTRY org.springframework.tooling.ls.eclipse.commons 1 0 2025-06-25 19:08:00.609
!MESSAGE Entering DelegatingStreamConnectionProvider()

!ENTRY org.springframework.tooling.ls.eclipse.commons 1 0 2025-06-25 19:08:00.609
!MESSAGE DelegatingStreamConnectionProvider classloader = org.eclipse.osgi.internal.loader.EquinoxClassLoader@500e5b3f[org.springframework.tooling.boot.ls:1.28.0.202109130547(id=1001)]

!ENTRY org.eclipse.lsp4e 4 0 2025-06-25 19:08:00.609
!MESSAGE org.eclipse.lsp4j.jsonrpc.JsonRpcException: java.io.IOException: 파이프가 닫히는 중입니다
!STACK 0
java.util.concurrent.ExecutionException: org.eclipse.lsp4j.jsonrpc.JsonRpcException: java.io.IOException: 파이프가 닫히는 중입니다
	at java.base/java.util.concurrent.CompletableFuture.reportGet(CompletableFuture.java:395)
	at java.base/java.util.concurrent.CompletableFuture.get(CompletableFuture.java:2028)
	at org.eclipse.lsp4e.LanguageServerWrapper.lambda$13(LanguageServerWrapper.java:425)
	at java.base/java.util.concurrent.CompletableFuture$AsyncRun.run(CompletableFuture.java:1736)
	at java.base/java.util.concurrent.CompletableFuture$AsyncRun.exec(CompletableFuture.java:1728)
	at java.base/java.util.concurrent.ForkJoinTask.doExec(ForkJoinTask.java:290)
	at java.base/java.util.concurrent.ForkJoinPool$WorkQueue.topLevelExec(ForkJoinPool.java:1020)
	at java.base/java.util.concurrent.ForkJoinPool.scan(ForkJoinPool.java:1656)
	at java.base/java.util.concurrent.ForkJoinPool.runWorker(ForkJoinPool.java:1594)
	at java.base/java.util.concurrent.ForkJoinWorkerThread.run(ForkJoinWorkerThread.java:183)
Caused by: org.eclipse.lsp4j.jsonrpc.JsonRpcException: java.io.IOException: 파이프가 닫히는 중입니다
	at org.eclipse.lsp4j.jsonrpc.json.StreamMessageConsumer.consume(StreamMessageConsumer.java:72)
	at org.eclipse.lsp4e.LanguageServerWrapper.lambda$4(LanguageServerWrapper.java:260)
	at org.eclipse.lsp4j.jsonrpc.RemoteEndpoint.request(RemoteEndpoint.java:161)
	at org.eclipse.lsp4j.jsonrpc.services.EndpointProxy.invoke(EndpointProxy.java:91)
	at com.sun.proxy.$Proxy49.shutdown(Unknown Source)
	at org.eclipse.lsp4e.LanguageServerWrapper.lambda$13(LanguageServerWrapper.java:423)
	... 7 more
Caused by: java.io.IOException: 파이프가 닫히는 중입니다
	at java.base/java.io.FileOutputStream.writeBytes(Native Method)
	at java.base/java.io.FileOutputStream.write(FileOutputStream.java:354)
	at java.base/java.io.BufferedOutputStream.flushBuffer(BufferedOutputStream.java:81)
	at java.base/java.io.BufferedOutputStream.flush(BufferedOutputStream.java:142)
	at org.eclipse.lsp4j.jsonrpc.json.StreamMessageConsumer.consume(StreamMessageConsumer.java:69)
	... 12 more

!ENTRY org.springframework.tooling.ls.eclipse.commons 1 0 2025-06-25 19:08:00.610
!MESSAGE SpringBootLanguageServer exists!

!ENTRY org.springframework.tooling.ls.eclipse.commons 1 0 2025-06-25 19:08:00.610
!MESSAGE Entering DelegatingStreamConnectionProvider()

!ENTRY org.springframework.tooling.ls.eclipse.commons 1 0 2025-06-25 19:08:00.610
!MESSAGE DelegatingStreamConnectionProvider classloader = org.eclipse.osgi.internal.loader.EquinoxClassLoader@500e5b3f[org.springframework.tooling.boot.ls:1.28.0.202109130547(id=1001)]

!ENTRY org.springframework.tooling.ls.eclipse.commons 1 0 2025-06-25 19:08:00.610
!MESSAGE SpringBootLanguageServer exists!

!ENTRY org.eclipse.lsp4e 4 0 2025-06-25 19:08:00.612
!MESSAGE org.eclipse.lsp4j.jsonrpc.JsonRpcException: java.io.IOException: 파이프가 닫히는 중입니다
!STACK 0
java.util.concurrent.ExecutionException: org.eclipse.lsp4j.jsonrpc.JsonRpcException: java.io.IOException: 파이프가 닫히는 중입니다
	at java.base/java.util.concurrent.CompletableFuture.reportGet(CompletableFuture.java:395)
	at java.base/java.util.concurrent.CompletableFuture.get(CompletableFuture.java:2028)
	at org.eclipse.lsp4e.LanguageServerWrapper.lambda$13(LanguageServerWrapper.java:425)
	at java.base/java.util.concurrent.CompletableFuture$AsyncRun.run(CompletableFuture.java:1736)
	at java.base/java.util.concurrent.CompletableFuture$AsyncRun.exec(CompletableFuture.java:1728)
	at java.base/java.util.concurrent.ForkJoinTask.doExec(ForkJoinTask.java:290)
	at java.base/java.util.concurrent.ForkJoinPool$WorkQueue.topLevelExec(ForkJoinPool.java:1020)
	at java.base/java.util.concurrent.ForkJoinPool.scan(ForkJoinPool.java:1656)
	at java.base/java.util.concurrent.ForkJoinPool.runWorker(ForkJoinPool.java:1594)
	at java.base/java.util.concurrent.ForkJoinWorkerThread.run(ForkJoinWorkerThread.java:183)
Caused by: org.eclipse.lsp4j.jsonrpc.JsonRpcException: java.io.IOException: 파이프가 닫히는 중입니다
	at org.eclipse.lsp4j.jsonrpc.json.StreamMessageConsumer.consume(StreamMessageConsumer.java:72)
	at org.eclipse.lsp4e.LanguageServerWrapper.lambda$4(LanguageServerWrapper.java:260)
	at org.eclipse.lsp4j.jsonrpc.RemoteEndpoint.request(RemoteEndpoint.java:161)
	at org.eclipse.lsp4j.jsonrpc.services.EndpointProxy.invoke(EndpointProxy.java:91)
	at com.sun.proxy.$Proxy49.shutdown(Unknown Source)
	at org.eclipse.lsp4e.LanguageServerWrapper.lambda$13(LanguageServerWrapper.java:423)
	... 7 more
Caused by: java.io.IOException: 파이프가 닫히는 중입니다
	at java.base/java.io.FileOutputStream.writeBytes(Native Method)
	at java.base/java.io.FileOutputStream.write(FileOutputStream.java:354)
	at java.base/java.io.BufferedOutputStream.flushBuffer(BufferedOutputStream.java:81)
	at java.base/java.io.BufferedOutputStream.flush(BufferedOutputStream.java:142)
	at org.eclipse.lsp4j.jsonrpc.json.StreamMessageConsumer.consume(StreamMessageConsumer.java:69)
	... 12 more

!ENTRY org.springframework.tooling.ls.eclipse.commons 1 0 2025-06-25 19:08:00.613
!MESSAGE Entering DelegatingStreamConnectionProvider()

!ENTRY org.springframework.tooling.ls.eclipse.commons 1 0 2025-06-25 19:08:00.613
!MESSAGE DelegatingStreamConnectionProvider classloader = org.eclipse.osgi.internal.loader.EquinoxClassLoader@500e5b3f[org.springframework.tooling.boot.ls:1.28.0.202109130547(id=1001)]

!ENTRY org.springframework.tooling.ls.eclipse.commons 1 0 2025-06-25 19:08:00.613
!MESSAGE SpringBootLanguageServer exists!

!ENTRY org.eclipse.lsp4e 4 0 2025-06-25 19:08:00.614
!MESSAGE org.eclipse.lsp4j.jsonrpc.JsonRpcException: java.io.IOException: 파이프가 닫히는 중입니다
!STACK 0
java.util.concurrent.ExecutionException: org.eclipse.lsp4j.jsonrpc.JsonRpcException: java.io.IOException: 파이프가 닫히는 중입니다
	at java.base/java.util.concurrent.CompletableFuture.reportGet(CompletableFuture.java:395)
	at java.base/java.util.concurrent.CompletableFuture.get(CompletableFuture.java:2028)
	at org.eclipse.lsp4e.LanguageServerWrapper.lambda$13(LanguageServerWrapper.java:425)
	at java.base/java.util.concurrent.CompletableFuture$AsyncRun.run(CompletableFuture.java:1736)
	at java.base/java.util.concurrent.CompletableFuture$AsyncRun.exec(CompletableFuture.java:1728)
	at java.base/java.util.concurrent.ForkJoinTask.doExec(ForkJoinTask.java:290)
	at java.base/java.util.concurrent.ForkJoinPool$WorkQueue.topLevelExec(ForkJoinPool.java:1020)
	at java.base/java.util.concurrent.ForkJoinPool.scan(ForkJoinPool.java:1656)
	at java.base/java.util.concurrent.ForkJoinPool.runWorker(ForkJoinPool.java:1594)
	at java.base/java.util.concurrent.ForkJoinWorkerThread.run(ForkJoinWorkerThread.java:183)
Caused by: org.eclipse.lsp4j.jsonrpc.JsonRpcException: java.io.IOException: 파이프가 닫히는 중입니다
	at org.eclipse.lsp4j.jsonrpc.json.StreamMessageConsumer.consume(StreamMessageConsumer.java:72)
	at org.eclipse.lsp4e.LanguageServerWrapper.lambda$4(LanguageServerWrapper.java:260)
	at org.eclipse.lsp4j.jsonrpc.RemoteEndpoint.request(RemoteEndpoint.java:161)
	at org.eclipse.lsp4j.jsonrpc.services.EndpointProxy.invoke(EndpointProxy.java:91)
	at com.sun.proxy.$Proxy49.shutdown(Unknown Source)
	at org.eclipse.lsp4e.LanguageServerWrapper.lambda$13(LanguageServerWrapper.java:423)
	... 7 more
Caused by: java.io.IOException: 파이프가 닫히는 중입니다
	at java.base/java.io.FileOutputStream.writeBytes(Native Method)
	at java.base/java.io.FileOutputStream.write(FileOutputStream.java:354)
	at java.base/java.io.BufferedOutputStream.flushBuffer(BufferedOutputStream.java:81)
	at java.base/java.io.BufferedOutputStream.flush(BufferedOutputStream.java:142)
	at org.eclipse.lsp4j.jsonrpc.json.StreamMessageConsumer.consume(StreamMessageConsumer.java:69)
	... 12 more

!ENTRY org.springframework.tooling.ls.eclipse.commons 1 0 2025-06-25 19:08:00.614
!MESSAGE Entering DelegatingStreamConnectionProvider()

!ENTRY org.springframework.tooling.ls.eclipse.commons 1 0 2025-06-25 19:08:00.614
!MESSAGE DelegatingStreamConnectionProvider classloader = org.eclipse.osgi.internal.loader.EquinoxClassLoader@500e5b3f[org.springframework.tooling.boot.ls:1.28.0.202109130547(id=1001)]

!ENTRY org.springframework.tooling.ls.eclipse.commons 1 0 2025-06-25 19:08:00.615
!MESSAGE SpringBootLanguageServer exists!

!ENTRY org.eclipse.lsp4e 4 0 2025-06-25 19:08:00.616
!MESSAGE org.eclipse.lsp4j.jsonrpc.JsonRpcException: java.io.IOException: 파이프가 닫히는 중입니다
!STACK 0
java.util.concurrent.ExecutionException: org.eclipse.lsp4j.jsonrpc.JsonRpcException: java.io.IOException: 파이프가 닫히는 중입니다
	at java.base/java.util.concurrent.CompletableFuture.reportGet(CompletableFuture.java:395)
	at java.base/java.util.concurrent.CompletableFuture.get(CompletableFuture.java:2028)
	at org.eclipse.lsp4e.LanguageServerWrapper.lambda$13(LanguageServerWrapper.java:425)
	at java.base/java.util.concurrent.CompletableFuture$AsyncRun.run(CompletableFuture.java:1736)
	at java.base/java.util.concurrent.CompletableFuture$AsyncRun.exec(CompletableFuture.java:1728)
	at java.base/java.util.concurrent.ForkJoinTask.doExec(ForkJoinTask.java:290)
	at java.base/java.util.concurrent.ForkJoinPool$WorkQueue.topLevelExec(ForkJoinPool.java:1020)
	at java.base/java.util.concurrent.ForkJoinPool.scan(ForkJoinPool.java:1656)
	at java.base/java.util.concurrent.ForkJoinPool.runWorker(ForkJoinPool.java:1594)
	at java.base/java.util.concurrent.ForkJoinWorkerThread.run(ForkJoinWorkerThread.java:183)
Caused by: org.eclipse.lsp4j.jsonrpc.JsonRpcException: java.io.IOException: 파이프가 닫히는 중입니다
	at org.eclipse.lsp4j.jsonrpc.json.StreamMessageConsumer.consume(StreamMessageConsumer.java:72)
	at org.eclipse.lsp4e.LanguageServerWrapper.lambda$4(LanguageServerWrapper.java:260)
	at org.eclipse.lsp4j.jsonrpc.RemoteEndpoint.request(RemoteEndpoint.java:161)
	at org.eclipse.lsp4j.jsonrpc.services.EndpointProxy.invoke(EndpointProxy.java:91)
	at com.sun.proxy.$Proxy49.shutdown(Unknown Source)
	at org.eclipse.lsp4e.LanguageServerWrapper.lambda$13(LanguageServerWrapper.java:423)
	... 7 more
Caused by: java.io.IOException: 파이프가 닫히는 중입니다
	at java.base/java.io.FileOutputStream.writeBytes(Native Method)
	at java.base/java.io.FileOutputStream.write(FileOutputStream.java:354)
	at java.base/java.io.BufferedOutputStream.flushBuffer(BufferedOutputStream.java:81)
	at java.base/java.io.BufferedOutputStream.flush(BufferedOutputStream.java:142)
	at org.eclipse.lsp4j.jsonrpc.json.StreamMessageConsumer.consume(StreamMessageConsumer.java:69)
	... 12 more

!ENTRY org.springframework.tooling.ls.eclipse.commons 1 0 2025-06-25 19:08:00.617
!MESSAGE Entering DelegatingStreamConnectionProvider()

!ENTRY org.springframework.tooling.ls.eclipse.commons 1 0 2025-06-25 19:08:00.617
!MESSAGE DelegatingStreamConnectionProvider classloader = org.eclipse.osgi.internal.loader.EquinoxClassLoader@500e5b3f[org.springframework.tooling.boot.ls:1.28.0.202109130547(id=1001)]

!ENTRY org.springframework.tooling.ls.eclipse.commons 1 0 2025-06-25 19:08:00.617
!MESSAGE SpringBootLanguageServer exists!

!ENTRY org.eclipse.lsp4e 4 0 2025-06-25 19:08:00.619
!MESSAGE org.eclipse.lsp4j.jsonrpc.JsonRpcException: java.io.IOException: 파이프가 닫히는 중입니다
!STACK 0
java.util.concurrent.ExecutionException: org.eclipse.lsp4j.jsonrpc.JsonRpcException: java.io.IOException: 파이프가 닫히는 중입니다
	at java.base/java.util.concurrent.CompletableFuture.reportGet(CompletableFuture.java:395)
	at java.base/java.util.concurrent.CompletableFuture.get(CompletableFuture.java:2028)
	at org.eclipse.lsp4e.LanguageServerWrapper.lambda$13(LanguageServerWrapper.java:425)
	at java.base/java.util.concurrent.CompletableFuture$AsyncRun.run(CompletableFuture.java:1736)
	at java.base/java.util.concurrent.CompletableFuture$AsyncRun.exec(CompletableFuture.java:1728)
	at java.base/java.util.concurrent.ForkJoinTask.doExec(ForkJoinTask.java:290)
	at java.base/java.util.concurrent.ForkJoinPool$WorkQueue.topLevelExec(ForkJoinPool.java:1020)
	at java.base/java.util.concurrent.ForkJoinPool.scan(ForkJoinPool.java:1656)
	at java.base/java.util.concurrent.ForkJoinPool.runWorker(ForkJoinPool.java:1594)
	at java.base/java.util.concurrent.ForkJoinWorkerThread.run(ForkJoinWorkerThread.java:183)
Caused by: org.eclipse.lsp4j.jsonrpc.JsonRpcException: java.io.IOException: 파이프가 닫히는 중입니다
	at org.eclipse.lsp4j.jsonrpc.json.StreamMessageConsumer.consume(StreamMessageConsumer.java:72)
	at org.eclipse.lsp4e.LanguageServerWrapper.lambda$4(LanguageServerWrapper.java:260)
	at org.eclipse.lsp4j.jsonrpc.RemoteEndpoint.request(RemoteEndpoint.java:161)
	at org.eclipse.lsp4j.jsonrpc.services.EndpointProxy.invoke(EndpointProxy.java:91)
	at com.sun.proxy.$Proxy49.shutdown(Unknown Source)
	at org.eclipse.lsp4e.LanguageServerWrapper.lambda$13(LanguageServerWrapper.java:423)
	... 7 more
Caused by: java.io.IOException: 파이프가 닫히는 중입니다
	at java.base/java.io.FileOutputStream.writeBytes(Native Method)
	at java.base/java.io.FileOutputStream.write(FileOutputStream.java:354)
	at java.base/java.io.BufferedOutputStream.flushBuffer(BufferedOutputStream.java:81)
	at java.base/java.io.BufferedOutputStream.flush(BufferedOutputStream.java:142)
	at org.eclipse.lsp4j.jsonrpc.json.StreamMessageConsumer.consume(StreamMessageConsumer.java:69)
	... 12 more

!ENTRY org.springframework.tooling.ls.eclipse.commons 1 0 2025-06-25 19:08:00.620
!MESSAGE Entering DelegatingStreamConnectionProvider()

!ENTRY org.springframework.tooling.ls.eclipse.commons 1 0 2025-06-25 19:08:00.620
!MESSAGE DelegatingStreamConnectionProvider classloader = org.eclipse.osgi.internal.loader.EquinoxClassLoader@500e5b3f[org.springframework.tooling.boot.ls:1.28.0.202109130547(id=1001)]

!ENTRY org.springframework.tooling.ls.eclipse.commons 1 0 2025-06-25 19:08:00.620
!MESSAGE SpringBootLanguageServer exists!

!ENTRY org.eclipse.lsp4e 4 0 2025-06-25 19:08:00.621
!MESSAGE org.eclipse.lsp4j.jsonrpc.JsonRpcException: java.io.IOException: 파이프가 닫히는 중입니다
!STACK 0
java.util.concurrent.ExecutionException: org.eclipse.lsp4j.jsonrpc.JsonRpcException: java.io.IOException: 파이프가 닫히는 중입니다
	at java.base/java.util.concurrent.CompletableFuture.reportGet(CompletableFuture.java:395)
	at java.base/java.util.concurrent.CompletableFuture.get(CompletableFuture.java:2028)
	at org.eclipse.lsp4e.LanguageServerWrapper.lambda$13(LanguageServerWrapper.java:425)
	at java.base/java.util.concurrent.CompletableFuture$AsyncRun.run(CompletableFuture.java:1736)
	at java.base/java.util.concurrent.CompletableFuture$AsyncRun.exec(CompletableFuture.java:1728)
	at java.base/java.util.concurrent.ForkJoinTask.doExec(ForkJoinTask.java:290)
	at java.base/java.util.concurrent.ForkJoinPool$WorkQueue.topLevelExec(ForkJoinPool.java:1020)
	at java.base/java.util.concurrent.ForkJoinPool.scan(ForkJoinPool.java:1656)
	at java.base/java.util.concurrent.ForkJoinPool.runWorker(ForkJoinPool.java:1594)
	at java.base/java.util.concurrent.ForkJoinWorkerThread.run(ForkJoinWorkerThread.java:183)
Caused by: org.eclipse.lsp4j.jsonrpc.JsonRpcException: java.io.IOException: 파이프가 닫히는 중입니다
	at org.eclipse.lsp4j.jsonrpc.json.StreamMessageConsumer.consume(StreamMessageConsumer.java:72)
	at org.eclipse.lsp4e.LanguageServerWrapper.lambda$4(LanguageServerWrapper.java:260)
	at org.eclipse.lsp4j.jsonrpc.RemoteEndpoint.request(RemoteEndpoint.java:161)
	at org.eclipse.lsp4j.jsonrpc.services.EndpointProxy.invoke(EndpointProxy.java:91)
	at com.sun.proxy.$Proxy49.shutdown(Unknown Source)
	at org.eclipse.lsp4e.LanguageServerWrapper.lambda$13(LanguageServerWrapper.java:423)
	... 7 more
Caused by: java.io.IOException: 파이프가 닫히는 중입니다
	at java.base/java.io.FileOutputStream.writeBytes(Native Method)
	at java.base/java.io.FileOutputStream.write(FileOutputStream.java:354)
	at java.base/java.io.BufferedOutputStream.flushBuffer(BufferedOutputStream.java:81)
	at java.base/java.io.BufferedOutputStream.flush(BufferedOutputStream.java:142)
	at org.eclipse.lsp4j.jsonrpc.json.StreamMessageConsumer.consume(StreamMessageConsumer.java:69)
	... 12 more

!ENTRY org.springframework.tooling.ls.eclipse.commons 1 0 2025-06-25 19:08:00.622
!MESSAGE Entering DelegatingStreamConnectionProvider()

!ENTRY org.springframework.tooling.ls.eclipse.commons 1 0 2025-06-25 19:08:00.623
!MESSAGE DelegatingStreamConnectionProvider classloader = org.eclipse.osgi.internal.loader.EquinoxClassLoader@500e5b3f[org.springframework.tooling.boot.ls:1.28.0.202109130547(id=1001)]

!ENTRY org.springframework.tooling.ls.eclipse.commons 1 0 2025-06-25 19:08:00.623
!MESSAGE SpringBootLanguageServer exists!

!ENTRY org.eclipse.lsp4e 4 0 2025-06-25 19:08:00.624
!MESSAGE org.eclipse.lsp4j.jsonrpc.JsonRpcException: java.io.IOException: 파이프가 닫히는 중입니다
!STACK 0
java.util.concurrent.ExecutionException: org.eclipse.lsp4j.jsonrpc.JsonRpcException: java.io.IOException: 파이프가 닫히는 중입니다
	at java.base/java.util.concurrent.CompletableFuture.reportGet(CompletableFuture.java:395)
	at java.base/java.util.concurrent.CompletableFuture.get(CompletableFuture.java:2028)
	at org.eclipse.lsp4e.LanguageServerWrapper.lambda$13(LanguageServerWrapper.java:425)
	at java.base/java.util.concurrent.CompletableFuture$AsyncRun.run(CompletableFuture.java:1736)
	at java.base/java.util.concurrent.CompletableFuture$AsyncRun.exec(CompletableFuture.java:1728)
	at java.base/java.util.concurrent.ForkJoinTask.doExec(ForkJoinTask.java:290)
	at java.base/java.util.concurrent.ForkJoinPool$WorkQueue.topLevelExec(ForkJoinPool.java:1020)
	at java.base/java.util.concurrent.ForkJoinPool.scan(ForkJoinPool.java:1656)
	at java.base/java.util.concurrent.ForkJoinPool.runWorker(ForkJoinPool.java:1594)
	at java.base/java.util.concurrent.ForkJoinWorkerThread.run(ForkJoinWorkerThread.java:183)
Caused by: org.eclipse.lsp4j.jsonrpc.JsonRpcException: java.io.IOException: 파이프가 닫히는 중입니다
	at org.eclipse.lsp4j.jsonrpc.json.StreamMessageConsumer.consume(StreamMessageConsumer.java:72)
	at org.eclipse.lsp4e.LanguageServerWrapper.lambda$4(LanguageServerWrapper.java:260)
	at org.eclipse.lsp4j.jsonrpc.RemoteEndpoint.request(RemoteEndpoint.java:161)
	at org.eclipse.lsp4j.jsonrpc.services.EndpointProxy.invoke(EndpointProxy.java:91)
	at com.sun.proxy.$Proxy49.shutdown(Unknown Source)
	at org.eclipse.lsp4e.LanguageServerWrapper.lambda$13(LanguageServerWrapper.java:423)
	... 7 more
Caused by: java.io.IOException: 파이프가 닫히는 중입니다
	at java.base/java.io.FileOutputStream.writeBytes(Native Method)
	at java.base/java.io.FileOutputStream.write(FileOutputStream.java:354)
	at java.base/java.io.BufferedOutputStream.flushBuffer(BufferedOutputStream.java:81)
	at java.base/java.io.BufferedOutputStream.flush(BufferedOutputStream.java:142)
	at org.eclipse.lsp4j.jsonrpc.json.StreamMessageConsumer.consume(StreamMessageConsumer.java:69)
	... 12 more

!ENTRY org.springframework.tooling.ls.eclipse.commons 1 0 2025-06-25 19:08:00.624
!MESSAGE Entering DelegatingStreamConnectionProvider()

!ENTRY org.springframework.tooling.ls.eclipse.commons 1 0 2025-06-25 19:08:00.625
!MESSAGE DelegatingStreamConnectionProvider classloader = org.eclipse.osgi.internal.loader.EquinoxClassLoader@500e5b3f[org.springframework.tooling.boot.ls:1.28.0.202109130547(id=1001)]

!ENTRY org.springframework.tooling.ls.eclipse.commons 1 0 2025-06-25 19:08:00.625
!MESSAGE SpringBootLanguageServer exists!

!ENTRY org.eclipse.lsp4e 4 0 2025-06-25 19:08:00.628
!MESSAGE org.eclipse.lsp4j.jsonrpc.JsonRpcException: java.io.IOException: 파이프가 닫히는 중입니다
!STACK 0
java.util.concurrent.ExecutionException: org.eclipse.lsp4j.jsonrpc.JsonRpcException: java.io.IOException: 파이프가 닫히는 중입니다
	at java.base/java.util.concurrent.CompletableFuture.reportGet(CompletableFuture.java:395)
	at java.base/java.util.concurrent.CompletableFuture.get(CompletableFuture.java:2028)
	at org.eclipse.lsp4e.LanguageServerWrapper.lambda$13(LanguageServerWrapper.java:425)
	at java.base/java.util.concurrent.CompletableFuture$AsyncRun.run(CompletableFuture.java:1736)
	at java.base/java.util.concurrent.CompletableFuture$AsyncRun.exec(CompletableFuture.java:1728)
	at java.base/java.util.concurrent.ForkJoinTask.doExec(ForkJoinTask.java:290)
	at java.base/java.util.concurrent.ForkJoinPool$WorkQueue.topLevelExec(ForkJoinPool.java:1020)
	at java.base/java.util.concurrent.ForkJoinPool.scan(ForkJoinPool.java:1656)
	at java.base/java.util.concurrent.ForkJoinPool.runWorker(ForkJoinPool.java:1594)
	at java.base/java.util.concurrent.ForkJoinWorkerThread.run(ForkJoinWorkerThread.java:183)
Caused by: org.eclipse.lsp4j.jsonrpc.JsonRpcException: java.io.IOException: 파이프가 닫히는 중입니다
	at org.eclipse.lsp4j.jsonrpc.json.StreamMessageConsumer.consume(StreamMessageConsumer.java:72)
	at org.eclipse.lsp4e.LanguageServerWrapper.lambda$4(LanguageServerWrapper.java:260)
	at org.eclipse.lsp4j.jsonrpc.RemoteEndpoint.request(RemoteEndpoint.java:161)
	at org.eclipse.lsp4j.jsonrpc.services.EndpointProxy.invoke(EndpointProxy.java:91)
	at com.sun.proxy.$Proxy49.shutdown(Unknown Source)
	at org.eclipse.lsp4e.LanguageServerWrapper.lambda$13(LanguageServerWrapper.java:423)
	... 7 more
Caused by: java.io.IOException: 파이프가 닫히는 중입니다
	at java.base/java.io.FileOutputStream.writeBytes(Native Method)
	at java.base/java.io.FileOutputStream.write(FileOutputStream.java:354)
	at java.base/java.io.BufferedOutputStream.flushBuffer(BufferedOutputStream.java:81)
	at java.base/java.io.BufferedOutputStream.flush(BufferedOutputStream.java:142)
	at org.eclipse.lsp4j.jsonrpc.json.StreamMessageConsumer.consume(StreamMessageConsumer.java:69)
	... 12 more

!ENTRY org.springframework.tooling.ls.eclipse.commons 1 0 2025-06-25 19:08:00.629
!MESSAGE Entering DelegatingStreamConnectionProvider()

!ENTRY org.springframework.tooling.ls.eclipse.commons 1 0 2025-06-25 19:08:00.629
!MESSAGE DelegatingStreamConnectionProvider classloader = org.eclipse.osgi.internal.loader.EquinoxClassLoader@500e5b3f[org.springframework.tooling.boot.ls:1.28.0.202109130547(id=1001)]

!ENTRY org.springframework.tooling.ls.eclipse.commons 1 0 2025-06-25 19:08:00.630
!MESSAGE SpringBootLanguageServer exists!

!ENTRY org.eclipse.lsp4e 4 0 2025-06-25 19:08:00.630
!MESSAGE org.eclipse.lsp4j.jsonrpc.JsonRpcException: java.io.IOException: 파이프가 닫히는 중입니다
!STACK 0
java.util.concurrent.ExecutionException: org.eclipse.lsp4j.jsonrpc.JsonRpcException: java.io.IOException: 파이프가 닫히는 중입니다
	at java.base/java.util.concurrent.CompletableFuture.reportGet(CompletableFuture.java:395)
	at java.base/java.util.concurrent.CompletableFuture.get(CompletableFuture.java:2028)
	at org.eclipse.lsp4e.LanguageServerWrapper.lambda$13(LanguageServerWrapper.java:425)
	at java.base/java.util.concurrent.CompletableFuture$AsyncRun.run(CompletableFuture.java:1736)
	at java.base/java.util.concurrent.CompletableFuture$AsyncRun.exec(CompletableFuture.java:1728)
	at java.base/java.util.concurrent.ForkJoinTask.doExec(ForkJoinTask.java:290)
	at java.base/java.util.concurrent.ForkJoinPool$WorkQueue.topLevelExec(ForkJoinPool.java:1020)
	at java.base/java.util.concurrent.ForkJoinPool.scan(ForkJoinPool.java:1656)
	at java.base/java.util.concurrent.ForkJoinPool.runWorker(ForkJoinPool.java:1594)
	at java.base/java.util.concurrent.ForkJoinWorkerThread.run(ForkJoinWorkerThread.java:183)
Caused by: org.eclipse.lsp4j.jsonrpc.JsonRpcException: java.io.IOException: 파이프가 닫히는 중입니다
	at org.eclipse.lsp4j.jsonrpc.json.StreamMessageConsumer.consume(StreamMessageConsumer.java:72)
	at org.eclipse.lsp4e.LanguageServerWrapper.lambda$4(LanguageServerWrapper.java:260)
	at org.eclipse.lsp4j.jsonrpc.RemoteEndpoint.request(RemoteEndpoint.java:161)
	at org.eclipse.lsp4j.jsonrpc.services.EndpointProxy.invoke(EndpointProxy.java:91)
	at com.sun.proxy.$Proxy49.shutdown(Unknown Source)
	at org.eclipse.lsp4e.LanguageServerWrapper.lambda$13(LanguageServerWrapper.java:423)
	... 7 more
Caused by: java.io.IOException: 파이프가 닫히는 중입니다
	at java.base/java.io.FileOutputStream.writeBytes(Native Method)
	at java.base/java.io.FileOutputStream.write(FileOutputStream.java:354)
	at java.base/java.io.BufferedOutputStream.flushBuffer(BufferedOutputStream.java:81)
	at java.base/java.io.BufferedOutputStream.flush(BufferedOutputStream.java:142)
	at org.eclipse.lsp4j.jsonrpc.json.StreamMessageConsumer.consume(StreamMessageConsumer.java:69)
	... 12 more

!ENTRY org.springframework.tooling.ls.eclipse.commons 1 0 2025-06-25 19:08:00.631
!MESSAGE Entering DelegatingStreamConnectionProvider()

!ENTRY org.springframework.tooling.ls.eclipse.commons 1 0 2025-06-25 19:08:00.631
!MESSAGE DelegatingStreamConnectionProvider classloader = org.eclipse.osgi.internal.loader.EquinoxClassLoader@500e5b3f[org.springframework.tooling.boot.ls:1.28.0.202109130547(id=1001)]

!ENTRY org.springframework.tooling.ls.eclipse.commons 1 0 2025-06-25 19:08:00.631
!MESSAGE SpringBootLanguageServer exists!

!ENTRY org.eclipse.lsp4e 4 0 2025-06-25 19:08:00.632
!MESSAGE org.eclipse.lsp4j.jsonrpc.JsonRpcException: java.io.IOException: 파이프가 닫히는 중입니다
!STACK 0
java.util.concurrent.ExecutionException: org.eclipse.lsp4j.jsonrpc.JsonRpcException: java.io.IOException: 파이프가 닫히는 중입니다
	at java.base/java.util.concurrent.CompletableFuture.reportGet(CompletableFuture.java:395)
	at java.base/java.util.concurrent.CompletableFuture.get(CompletableFuture.java:2028)
	at org.eclipse.lsp4e.LanguageServerWrapper.lambda$13(LanguageServerWrapper.java:425)
	at java.base/java.util.concurrent.CompletableFuture$AsyncRun.run(CompletableFuture.java:1736)
	at java.base/java.util.concurrent.CompletableFuture$AsyncRun.exec(CompletableFuture.java:1728)
	at java.base/java.util.concurrent.ForkJoinTask.doExec(ForkJoinTask.java:290)
	at java.base/java.util.concurrent.ForkJoinPool$WorkQueue.topLevelExec(ForkJoinPool.java:1020)
	at java.base/java.util.concurrent.ForkJoinPool.scan(ForkJoinPool.java:1656)
	at java.base/java.util.concurrent.ForkJoinPool.runWorker(ForkJoinPool.java:1594)
	at java.base/java.util.concurrent.ForkJoinWorkerThread.run(ForkJoinWorkerThread.java:183)
Caused by: org.eclipse.lsp4j.jsonrpc.JsonRpcException: java.io.IOException: 파이프가 닫히는 중입니다
	at org.eclipse.lsp4j.jsonrpc.json.StreamMessageConsumer.consume(StreamMessageConsumer.java:72)
	at org.eclipse.lsp4e.LanguageServerWrapper.lambda$4(LanguageServerWrapper.java:260)
	at org.eclipse.lsp4j.jsonrpc.RemoteEndpoint.request(RemoteEndpoint.java:161)
	at org.eclipse.lsp4j.jsonrpc.services.EndpointProxy.invoke(EndpointProxy.java:91)
	at com.sun.proxy.$Proxy49.shutdown(Unknown Source)
	at org.eclipse.lsp4e.LanguageServerWrapper.lambda$13(LanguageServerWrapper.java:423)
	... 7 more
Caused by: java.io.IOException: 파이프가 닫히는 중입니다
	at java.base/java.io.FileOutputStream.writeBytes(Native Method)
	at java.base/java.io.FileOutputStream.write(FileOutputStream.java:354)
	at java.base/java.io.BufferedOutputStream.flushBuffer(BufferedOutputStream.java:81)
	at java.base/java.io.BufferedOutputStream.flush(BufferedOutputStream.java:142)
	at org.eclipse.lsp4j.jsonrpc.json.StreamMessageConsumer.consume(StreamMessageConsumer.java:69)
	... 12 more

!ENTRY org.springframework.tooling.ls.eclipse.commons 1 0 2025-06-25 19:08:00.632
!MESSAGE Entering DelegatingStreamConnectionProvider()

!ENTRY org.springframework.tooling.ls.eclipse.commons 1 0 2025-06-25 19:08:00.633
!MESSAGE DelegatingStreamConnectionProvider classloader = org.eclipse.osgi.internal.loader.EquinoxClassLoader@500e5b3f[org.springframework.tooling.boot.ls:1.28.0.202109130547(id=1001)]

!ENTRY org.springframework.tooling.ls.eclipse.commons 1 0 2025-06-25 19:08:00.633
!MESSAGE SpringBootLanguageServer exists!

!ENTRY org.eclipse.lsp4e 4 0 2025-06-25 19:08:00.633
!MESSAGE org.eclipse.lsp4j.jsonrpc.JsonRpcException: java.io.IOException: 파이프가 닫히는 중입니다
!STACK 0
java.util.concurrent.ExecutionException: org.eclipse.lsp4j.jsonrpc.JsonRpcException: java.io.IOException: 파이프가 닫히는 중입니다
	at java.base/java.util.concurrent.CompletableFuture.reportGet(CompletableFuture.java:395)
	at java.base/java.util.concurrent.CompletableFuture.get(CompletableFuture.java:2028)
	at org.eclipse.lsp4e.LanguageServerWrapper.lambda$13(LanguageServerWrapper.java:425)
	at java.base/java.util.concurrent.CompletableFuture$AsyncRun.run(CompletableFuture.java:1736)
	at java.base/java.util.concurrent.CompletableFuture$AsyncRun.exec(CompletableFuture.java:1728)
	at java.base/java.util.concurrent.ForkJoinTask.doExec(ForkJoinTask.java:290)
	at java.base/java.util.concurrent.ForkJoinPool$WorkQueue.topLevelExec(ForkJoinPool.java:1020)
	at java.base/java.util.concurrent.ForkJoinPool.scan(ForkJoinPool.java:1656)
	at java.base/java.util.concurrent.ForkJoinPool.runWorker(ForkJoinPool.java:1594)
	at java.base/java.util.concurrent.ForkJoinWorkerThread.run(ForkJoinWorkerThread.java:183)
Caused by: org.eclipse.lsp4j.jsonrpc.JsonRpcException: java.io.IOException: 파이프가 닫히는 중입니다
	at org.eclipse.lsp4j.jsonrpc.json.StreamMessageConsumer.consume(StreamMessageConsumer.java:72)
	at org.eclipse.lsp4e.LanguageServerWrapper.lambda$4(LanguageServerWrapper.java:260)
	at org.eclipse.lsp4j.jsonrpc.RemoteEndpoint.request(RemoteEndpoint.java:161)
	at org.eclipse.lsp4j.jsonrpc.services.EndpointProxy.invoke(EndpointProxy.java:91)
	at com.sun.proxy.$Proxy49.shutdown(Unknown Source)
	at org.eclipse.lsp4e.LanguageServerWrapper.lambda$13(LanguageServerWrapper.java:423)
	... 7 more
Caused by: java.io.IOException: 파이프가 닫히는 중입니다
	at java.base/java.io.FileOutputStream.writeBytes(Native Method)
	at java.base/java.io.FileOutputStream.write(FileOutputStream.java:354)
	at java.base/java.io.BufferedOutputStream.flushBuffer(BufferedOutputStream.java:81)
	at java.base/java.io.BufferedOutputStream.flush(BufferedOutputStream.java:142)
	at org.eclipse.lsp4j.jsonrpc.json.StreamMessageConsumer.consume(StreamMessageConsumer.java:69)
	... 12 more

!ENTRY org.springframework.tooling.ls.eclipse.commons 1 0 2025-06-25 19:08:00.635
!MESSAGE Entering DelegatingStreamConnectionProvider()

!ENTRY org.springframework.tooling.ls.eclipse.commons 1 0 2025-06-25 19:08:00.635
!MESSAGE DelegatingStreamConnectionProvider classloader = org.eclipse.osgi.internal.loader.EquinoxClassLoader@500e5b3f[org.springframework.tooling.boot.ls:1.28.0.202109130547(id=1001)]

!ENTRY org.springframework.tooling.ls.eclipse.commons 1 0 2025-06-25 19:08:00.635
!MESSAGE SpringBootLanguageServer exists!

!ENTRY org.eclipse.lsp4e 4 0 2025-06-25 19:08:00.637
!MESSAGE org.eclipse.lsp4j.jsonrpc.JsonRpcException: java.io.IOException: 파이프가 닫히는 중입니다
!STACK 0
java.util.concurrent.ExecutionException: org.eclipse.lsp4j.jsonrpc.JsonRpcException: java.io.IOException: 파이프가 닫히는 중입니다
	at java.base/java.util.concurrent.CompletableFuture.reportGet(CompletableFuture.java:395)
	at java.base/java.util.concurrent.CompletableFuture.get(CompletableFuture.java:2028)
	at org.eclipse.lsp4e.LanguageServerWrapper.lambda$13(LanguageServerWrapper.java:425)
	at java.base/java.util.concurrent.CompletableFuture$AsyncRun.run(CompletableFuture.java:1736)
	at java.base/java.util.concurrent.CompletableFuture$AsyncRun.exec(CompletableFuture.java:1728)
	at java.base/java.util.concurrent.ForkJoinTask.doExec(ForkJoinTask.java:290)
	at java.base/java.util.concurrent.ForkJoinPool$WorkQueue.topLevelExec(ForkJoinPool.java:1020)
	at java.base/java.util.concurrent.ForkJoinPool.scan(ForkJoinPool.java:1656)
	at java.base/java.util.concurrent.ForkJoinPool.runWorker(ForkJoinPool.java:1594)
	at java.base/java.util.concurrent.ForkJoinWorkerThread.run(ForkJoinWorkerThread.java:183)
Caused by: org.eclipse.lsp4j.jsonrpc.JsonRpcException: java.io.IOException: 파이프가 닫히는 중입니다
	at org.eclipse.lsp4j.jsonrpc.json.StreamMessageConsumer.consume(StreamMessageConsumer.java:72)
	at org.eclipse.lsp4e.LanguageServerWrapper.lambda$4(LanguageServerWrapper.java:260)
	at org.eclipse.lsp4j.jsonrpc.RemoteEndpoint.request(RemoteEndpoint.java:161)
	at org.eclipse.lsp4j.jsonrpc.services.EndpointProxy.invoke(EndpointProxy.java:91)
	at com.sun.proxy.$Proxy49.shutdown(Unknown Source)
	at org.eclipse.lsp4e.LanguageServerWrapper.lambda$13(LanguageServerWrapper.java:423)
	... 7 more
Caused by: java.io.IOException: 파이프가 닫히는 중입니다
	at java.base/java.io.FileOutputStream.writeBytes(Native Method)
	at java.base/java.io.FileOutputStream.write(FileOutputStream.java:354)
	at java.base/java.io.BufferedOutputStream.flushBuffer(BufferedOutputStream.java:81)
	at java.base/java.io.BufferedOutputStream.flush(BufferedOutputStream.java:142)
	at org.eclipse.lsp4j.jsonrpc.json.StreamMessageConsumer.consume(StreamMessageConsumer.java:69)
	... 12 more

!ENTRY org.springframework.tooling.ls.eclipse.commons 1 0 2025-06-25 19:08:00.637
!MESSAGE Entering DelegatingStreamConnectionProvider()

!ENTRY org.springframework.tooling.ls.eclipse.commons 1 0 2025-06-25 19:08:00.637
!MESSAGE DelegatingStreamConnectionProvider classloader = org.eclipse.osgi.internal.loader.EquinoxClassLoader@500e5b3f[org.springframework.tooling.boot.ls:1.28.0.202109130547(id=1001)]

!ENTRY org.springframework.tooling.ls.eclipse.commons 1 0 2025-06-25 19:08:00.637
!MESSAGE SpringBootLanguageServer exists!

!ENTRY org.eclipse.lsp4e 4 0 2025-06-25 19:08:00.659
!MESSAGE org.eclipse.lsp4j.jsonrpc.JsonRpcException: java.io.IOException: 파이프가 닫히는 중입니다
!STACK 0
java.util.concurrent.ExecutionException: org.eclipse.lsp4j.jsonrpc.JsonRpcException: java.io.IOException: 파이프가 닫히는 중입니다
	at java.base/java.util.concurrent.CompletableFuture.reportGet(CompletableFuture.java:395)
	at java.base/java.util.concurrent.CompletableFuture.get(CompletableFuture.java:2028)
	at org.eclipse.lsp4e.LanguageServerWrapper.getServerCapabilities(LanguageServerWrapper.java:699)
	at org.eclipse.lsp4e.LanguageServiceAccessor.lambda$15(LanguageServiceAccessor.java:590)
	at java.base/java.util.concurrent.CompletableFuture$UniCompose.tryFire(CompletableFuture.java:1072)
	at java.base/java.util.concurrent.CompletableFuture$Completion.exec(CompletableFuture.java:479)
	at java.base/java.util.concurrent.ForkJoinTask.doExec(ForkJoinTask.java:290)
	at java.base/java.util.concurrent.ForkJoinPool$WorkQueue.topLevelExec(ForkJoinPool.java:1020)
	at java.base/java.util.concurrent.ForkJoinPool.scan(ForkJoinPool.java:1656)
	at java.base/java.util.concurrent.ForkJoinPool.runWorker(ForkJoinPool.java:1594)
	at java.base/java.util.concurrent.ForkJoinWorkerThread.run(ForkJoinWorkerThread.java:183)
Caused by: org.eclipse.lsp4j.jsonrpc.JsonRpcException: java.io.IOException: 파이프가 닫히는 중입니다
	at org.eclipse.lsp4j.jsonrpc.json.StreamMessageConsumer.consume(StreamMessageConsumer.java:72)
	at org.eclipse.lsp4e.LanguageServerWrapper.lambda$4(LanguageServerWrapper.java:260)
	at org.eclipse.lsp4j.jsonrpc.RemoteEndpoint.request(RemoteEndpoint.java:161)
	at org.eclipse.lsp4j.jsonrpc.services.EndpointProxy.invoke(EndpointProxy.java:91)
	at com.sun.proxy.$Proxy49.initialize(Unknown Source)
	at org.eclipse.lsp4e.LanguageServerWrapper.lambda$8(LanguageServerWrapper.java:359)
	at java.base/java.util.concurrent.CompletableFuture$UniCompose.tryFire(CompletableFuture.java:1072)
	at java.base/java.util.concurrent.CompletableFuture.postComplete(CompletableFuture.java:506)
	at java.base/java.util.concurrent.CompletableFuture$AsyncSupply.run(CompletableFuture.java:1705)
	at java.base/java.util.concurrent.CompletableFuture$AsyncSupply.exec(CompletableFuture.java:1692)
	... 5 more
Caused by: java.io.IOException: 파이프가 닫히는 중입니다
	at java.base/java.io.FileOutputStream.writeBytes(Native Method)
	at java.base/java.io.FileOutputStream.write(FileOutputStream.java:354)
	at java.base/java.io.BufferedOutputStream.flushBuffer(BufferedOutputStream.java:81)
	at java.base/java.io.BufferedOutputStream.flush(BufferedOutputStream.java:142)
	at org.eclipse.lsp4j.jsonrpc.json.StreamMessageConsumer.consume(StreamMessageConsumer.java:69)
	... 14 more

!ENTRY org.springframework.tooling.ls.eclipse.commons 1 0 2025-06-25 19:08:01.765
!MESSAGE Boot LS startup time from start to initialized: 1175ms

!ENTRY org.springframework.tooling.ls.eclipse.commons 1 0 2025-06-25 19:08:01.819
!MESSAGE ClasspathListenerHandler addClasspathListener sts4.classpath.pmPyLYAGisBatched = true

!ENTRY org.springframework.tooling.ls.eclipse.commons 1 0 2025-06-25 19:08:01.819
!MESSAGE Setting up ClasspathListenerManager

!ENTRY org.springframework.tooling.ls.eclipse.commons 1 0 2025-06-25 19:08:01.820
!MESSAGE Scheduling initial event for all projects ...

!ENTRY org.springframework.tooling.ls.eclipse.commons 1 0 2025-06-25 19:08:01.820
!MESSAGE Scheduling initial event for all projects DONE

!ENTRY org.springframework.tooling.ls.eclipse.commons 1 0 2025-06-25 19:08:01.820
!MESSAGE exists = true open = true => deleted = false

!ENTRY org.springframework.tooling.ls.eclipse.commons 1 0 2025-06-25 19:08:01.820
!MESSAGE ClasspathListenerHandler addClasspathListener sts4.classpath.pmPyLYAG => OK

!ENTRY org.springframework.tooling.ls.eclipse.commons 1 0 2025-06-25 19:08:01.822
!MESSAGE classpath=79 entries

!ENTRY org.springframework.tooling.ls.eclipse.commons 1 0 2025-06-25 19:08:01.824
!MESSAGE buffering callback sts4.classpath.pmPyLYAG MapperExam false 79

!ENTRY org.springframework.tooling.ls.eclipse.commons 1 0 2025-06-25 19:08:01.824
!MESSAGE executing callback sts4.classpath.pmPyLYAG 1 batched events

!ENTRY org.springframework.tooling.ls.eclipse.commons 1 0 2025-06-25 19:08:02.064
!MESSAGE executing callback sts4.classpath.pmPyLYAG SUCCESS [done]

!ENTRY org.eclipse.lsp4e 4 0 2025-06-25 19:08:02.076
!MESSAGE org.eclipse.lsp4j.jsonrpc.JsonRpcException: java.io.IOException: 파이프가 닫히는 중입니다
!STACK 0
java.util.concurrent.ExecutionException: org.eclipse.lsp4j.jsonrpc.JsonRpcException: java.io.IOException: 파이프가 닫히는 중입니다
	at java.base/java.util.concurrent.CompletableFuture.reportGet(CompletableFuture.java:395)
	at java.base/java.util.concurrent.CompletableFuture.get(CompletableFuture.java:2028)
	at org.eclipse.lsp4e.LanguageServerWrapper.lambda$13(LanguageServerWrapper.java:425)
	at java.base/java.util.concurrent.CompletableFuture$AsyncRun.run(CompletableFuture.java:1736)
	at java.base/java.util.concurrent.CompletableFuture$AsyncRun.exec(CompletableFuture.java:1728)
	at java.base/java.util.concurrent.ForkJoinTask.doExec(ForkJoinTask.java:290)
	at java.base/java.util.concurrent.ForkJoinPool$WorkQueue.topLevelExec(ForkJoinPool.java:1020)
	at java.base/java.util.concurrent.ForkJoinPool.scan(ForkJoinPool.java:1656)
	at java.base/java.util.concurrent.ForkJoinPool.runWorker(ForkJoinPool.java:1594)
	at java.base/java.util.concurrent.ForkJoinWorkerThread.run(ForkJoinWorkerThread.java:183)
Caused by: org.eclipse.lsp4j.jsonrpc.JsonRpcException: java.io.IOException: 파이프가 닫히는 중입니다
	at org.eclipse.lsp4j.jsonrpc.json.StreamMessageConsumer.consume(StreamMessageConsumer.java:72)
	at org.eclipse.lsp4e.LanguageServerWrapper.lambda$4(LanguageServerWrapper.java:260)
	at org.eclipse.lsp4j.jsonrpc.RemoteEndpoint.request(RemoteEndpoint.java:161)
	at org.eclipse.lsp4j.jsonrpc.services.EndpointProxy.invoke(EndpointProxy.java:91)
	at com.sun.proxy.$Proxy49.shutdown(Unknown Source)
	at org.eclipse.lsp4e.LanguageServerWrapper.lambda$13(LanguageServerWrapper.java:423)
	... 7 more
Caused by: java.io.IOException: 파이프가 닫히는 중입니다
	at java.base/java.io.FileOutputStream.writeBytes(Native Method)
	at java.base/java.io.FileOutputStream.write(FileOutputStream.java:354)
	at java.base/java.io.BufferedOutputStream.flushBuffer(BufferedOutputStream.java:81)
	at java.base/java.io.BufferedOutputStream.flush(BufferedOutputStream.java:142)
	at org.eclipse.lsp4j.jsonrpc.json.StreamMessageConsumer.consume(StreamMessageConsumer.java:69)
	... 12 more

!ENTRY org.eclipse.lsp4e 4 0 2025-06-25 19:08:02.077
!MESSAGE org.eclipse.lsp4j.jsonrpc.JsonRpcException: java.io.IOException: 파이프가 닫히는 중입니다
!STACK 0
java.util.concurrent.ExecutionException: org.eclipse.lsp4j.jsonrpc.JsonRpcException: java.io.IOException: 파이프가 닫히는 중입니다
	at java.base/java.util.concurrent.CompletableFuture.reportGet(CompletableFuture.java:395)
	at java.base/java.util.concurrent.CompletableFuture.get(CompletableFuture.java:2028)
	at org.eclipse.lsp4e.LanguageServerWrapper.lambda$13(LanguageServerWrapper.java:425)
	at java.base/java.util.concurrent.CompletableFuture$AsyncRun.run(CompletableFuture.java:1736)
	at java.base/java.util.concurrent.CompletableFuture$AsyncRun.exec(CompletableFuture.java:1728)
	at java.base/java.util.concurrent.ForkJoinTask.doExec(ForkJoinTask.java:290)
	at java.base/java.util.concurrent.ForkJoinPool$WorkQueue.topLevelExec(ForkJoinPool.java:1020)
	at java.base/java.util.concurrent.ForkJoinPool.scan(ForkJoinPool.java:1656)
	at java.base/java.util.concurrent.ForkJoinPool.runWorker(ForkJoinPool.java:1594)
	at java.base/java.util.concurrent.ForkJoinWorkerThread.run(ForkJoinWorkerThread.java:183)
Caused by: org.eclipse.lsp4j.jsonrpc.JsonRpcException: java.io.IOException: 파이프가 닫히는 중입니다
	at org.eclipse.lsp4j.jsonrpc.json.StreamMessageConsumer.consume(StreamMessageConsumer.java:72)
	at org.eclipse.lsp4e.LanguageServerWrapper.lambda$4(LanguageServerWrapper.java:260)
	at org.eclipse.lsp4j.jsonrpc.RemoteEndpoint.request(RemoteEndpoint.java:161)
	at org.eclipse.lsp4j.jsonrpc.services.EndpointProxy.invoke(EndpointProxy.java:91)
	at com.sun.proxy.$Proxy49.shutdown(Unknown Source)
	at org.eclipse.lsp4e.LanguageServerWrapper.lambda$13(LanguageServerWrapper.java:423)
	... 7 more
Caused by: java.io.IOException: 파이프가 닫히는 중입니다
	at java.base/java.io.FileOutputStream.writeBytes(Native Method)
	at java.base/java.io.FileOutputStream.write(FileOutputStream.java:354)
	at java.base/java.io.BufferedOutputStream.flushBuffer(BufferedOutputStream.java:81)
	at java.base/java.io.BufferedOutputStream.flush(BufferedOutputStream.java:142)
	at org.eclipse.lsp4j.jsonrpc.json.StreamMessageConsumer.consume(StreamMessageConsumer.java:69)
	... 12 more

!ENTRY org.eclipse.lsp4e 4 0 2025-06-25 19:08:02.078
!MESSAGE org.eclipse.lsp4j.jsonrpc.JsonRpcException: java.io.IOException: 파이프가 닫히는 중입니다
!STACK 0
java.util.concurrent.ExecutionException: org.eclipse.lsp4j.jsonrpc.JsonRpcException: java.io.IOException: 파이프가 닫히는 중입니다
	at java.base/java.util.concurrent.CompletableFuture.reportGet(CompletableFuture.java:395)
	at java.base/java.util.concurrent.CompletableFuture.get(CompletableFuture.java:2028)
	at org.eclipse.lsp4e.LanguageServerWrapper.lambda$13(LanguageServerWrapper.java:425)
	at java.base/java.util.concurrent.CompletableFuture$AsyncRun.run(CompletableFuture.java:1736)
	at java.base/java.util.concurrent.CompletableFuture$AsyncRun.exec(CompletableFuture.java:1728)
	at java.base/java.util.concurrent.ForkJoinTask.doExec(ForkJoinTask.java:290)
	at java.base/java.util.concurrent.ForkJoinPool$WorkQueue.topLevelExec(ForkJoinPool.java:1020)
	at java.base/java.util.concurrent.ForkJoinPool.scan(ForkJoinPool.java:1656)
	at java.base/java.util.concurrent.ForkJoinPool.runWorker(ForkJoinPool.java:1594)
	at java.base/java.util.concurrent.ForkJoinWorkerThread.run(ForkJoinWorkerThread.java:183)
Caused by: org.eclipse.lsp4j.jsonrpc.JsonRpcException: java.io.IOException: 파이프가 닫히는 중입니다
	at org.eclipse.lsp4j.jsonrpc.json.StreamMessageConsumer.consume(StreamMessageConsumer.java:72)
	at org.eclipse.lsp4e.LanguageServerWrapper.lambda$4(LanguageServerWrapper.java:260)
	at org.eclipse.lsp4j.jsonrpc.RemoteEndpoint.request(RemoteEndpoint.java:161)
	at org.eclipse.lsp4j.jsonrpc.services.EndpointProxy.invoke(EndpointProxy.java:91)
	at com.sun.proxy.$Proxy49.shutdown(Unknown Source)
	at org.eclipse.lsp4e.LanguageServerWrapper.lambda$13(LanguageServerWrapper.java:423)
	... 7 more
Caused by: java.io.IOException: 파이프가 닫히는 중입니다
	at java.base/java.io.FileOutputStream.writeBytes(Native Method)
	at java.base/java.io.FileOutputStream.write(FileOutputStream.java:354)
	at java.base/java.io.BufferedOutputStream.flushBuffer(BufferedOutputStream.java:81)
	at java.base/java.io.BufferedOutputStream.flush(BufferedOutputStream.java:142)
	at org.eclipse.lsp4j.jsonrpc.json.StreamMessageConsumer.consume(StreamMessageConsumer.java:69)
	... 12 more

!ENTRY org.springframework.tooling.ls.eclipse.commons 1 0 2025-06-25 19:08:02.078
!MESSAGE Entering DelegatingStreamConnectionProvider()

!ENTRY org.springframework.tooling.ls.eclipse.commons 1 0 2025-06-25 19:08:02.078
!MESSAGE Entering DelegatingStreamConnectionProvider()

!ENTRY org.springframework.tooling.ls.eclipse.commons 1 0 2025-06-25 19:08:02.078
!MESSAGE DelegatingStreamConnectionProvider classloader = org.eclipse.osgi.internal.loader.EquinoxClassLoader@500e5b3f[org.springframework.tooling.boot.ls:1.28.0.202109130547(id=1001)]

!ENTRY org.eclipse.lsp4e 4 0 2025-06-25 19:08:02.079
!MESSAGE org.eclipse.lsp4j.jsonrpc.JsonRpcException: java.io.IOException: 파이프가 닫히는 중입니다
!STACK 0
java.util.concurrent.ExecutionException: org.eclipse.lsp4j.jsonrpc.JsonRpcException: java.io.IOException: 파이프가 닫히는 중입니다
	at java.base/java.util.concurrent.CompletableFuture.reportGet(CompletableFuture.java:395)
	at java.base/java.util.concurrent.CompletableFuture.get(CompletableFuture.java:2028)
	at org.eclipse.lsp4e.LanguageServerWrapper.lambda$13(LanguageServerWrapper.java:425)
	at java.base/java.util.concurrent.CompletableFuture$AsyncRun.run(CompletableFuture.java:1736)
	at java.base/java.util.concurrent.CompletableFuture$AsyncRun.exec(CompletableFuture.java:1728)
	at java.base/java.util.concurrent.ForkJoinTask.doExec(ForkJoinTask.java:290)
	at java.base/java.util.concurrent.ForkJoinPool$WorkQueue.topLevelExec(ForkJoinPool.java:1020)
	at java.base/java.util.concurrent.ForkJoinPool.scan(ForkJoinPool.java:1656)
	at java.base/java.util.concurrent.ForkJoinPool.runWorker(ForkJoinPool.java:1594)
	at java.base/java.util.concurrent.ForkJoinWorkerThread.run(ForkJoinWorkerThread.java:183)
Caused by: org.eclipse.lsp4j.jsonrpc.JsonRpcException: java.io.IOException: 파이프가 닫히는 중입니다
	at org.eclipse.lsp4j.jsonrpc.json.StreamMessageConsumer.consume(StreamMessageConsumer.java:72)
	at org.eclipse.lsp4e.LanguageServerWrapper.lambda$4(LanguageServerWrapper.java:260)
	at org.eclipse.lsp4j.jsonrpc.RemoteEndpoint.request(RemoteEndpoint.java:161)
	at org.eclipse.lsp4j.jsonrpc.services.EndpointProxy.invoke(EndpointProxy.java:91)
	at com.sun.proxy.$Proxy49.shutdown(Unknown Source)
	at org.eclipse.lsp4e.LanguageServerWrapper.lambda$13(LanguageServerWrapper.java:423)
	... 7 more
Caused by: java.io.IOException: 파이프가 닫히는 중입니다
	at java.base/java.io.FileOutputStream.writeBytes(Native Method)
	at java.base/java.io.FileOutputStream.write(FileOutputStream.java:354)
	at java.base/java.io.BufferedOutputStream.flushBuffer(BufferedOutputStream.java:81)
	at java.base/java.io.BufferedOutputStream.flush(BufferedOutputStream.java:142)
	at org.eclipse.lsp4j.jsonrpc.json.StreamMessageConsumer.consume(StreamMessageConsumer.java:69)
	... 12 more

!ENTRY org.eclipse.lsp4e 4 0 2025-06-25 19:08:02.079
!MESSAGE org.eclipse.lsp4j.jsonrpc.JsonRpcException: java.io.IOException: 파이프가 닫히는 중입니다
!STACK 0
java.util.concurrent.ExecutionException: org.eclipse.lsp4j.jsonrpc.JsonRpcException: java.io.IOException: 파이프가 닫히는 중입니다
	at java.base/java.util.concurrent.CompletableFuture.reportGet(CompletableFuture.java:395)
	at java.base/java.util.concurrent.CompletableFuture.get(CompletableFuture.java:2028)
	at org.eclipse.lsp4e.LanguageServerWrapper.lambda$13(LanguageServerWrapper.java:425)
	at java.base/java.util.concurrent.CompletableFuture$AsyncRun.run(CompletableFuture.java:1736)
	at java.base/java.util.concurrent.CompletableFuture$AsyncRun.exec(CompletableFuture.java:1728)
	at java.base/java.util.concurrent.ForkJoinTask.doExec(ForkJoinTask.java:290)
	at java.base/java.util.concurrent.ForkJoinPool$WorkQueue.topLevelExec(ForkJoinPool.java:1020)
	at java.base/java.util.concurrent.ForkJoinPool.scan(ForkJoinPool.java:1656)
	at java.base/java.util.concurrent.ForkJoinPool.runWorker(ForkJoinPool.java:1594)
	at java.base/java.util.concurrent.ForkJoinWorkerThread.run(ForkJoinWorkerThread.java:183)
Caused by: org.eclipse.lsp4j.jsonrpc.JsonRpcException: java.io.IOException: 파이프가 닫히는 중입니다
	at org.eclipse.lsp4j.jsonrpc.json.StreamMessageConsumer.consume(StreamMessageConsumer.java:72)
	at org.eclipse.lsp4e.LanguageServerWrapper.lambda$4(LanguageServerWrapper.java:260)
	at org.eclipse.lsp4j.jsonrpc.RemoteEndpoint.request(RemoteEndpoint.java:161)
	at org.eclipse.lsp4j.jsonrpc.services.EndpointProxy.invoke(EndpointProxy.java:91)
	at com.sun.proxy.$Proxy49.shutdown(Unknown Source)
	at org.eclipse.lsp4e.LanguageServerWrapper.lambda$13(LanguageServerWrapper.java:423)
	... 7 more
Caused by: java.io.IOException: 파이프가 닫히는 중입니다
	at java.base/java.io.FileOutputStream.writeBytes(Native Method)
	at java.base/java.io.FileOutputStream.write(FileOutputStream.java:354)
	at java.base/java.io.BufferedOutputStream.flushBuffer(BufferedOutputStream.java:81)
	at java.base/java.io.BufferedOutputStream.flush(BufferedOutputStream.java:142)
	at org.eclipse.lsp4j.jsonrpc.json.StreamMessageConsumer.consume(StreamMessageConsumer.java:69)
	... 12 more

!ENTRY org.springframework.tooling.ls.eclipse.commons 1 0 2025-06-25 19:08:02.079
!MESSAGE Entering DelegatingStreamConnectionProvider()

!ENTRY org.eclipse.lsp4e 4 0 2025-06-25 19:08:02.080
!MESSAGE org.eclipse.lsp4j.jsonrpc.JsonRpcException: java.io.IOException: 파이프가 닫히는 중입니다
!STACK 0
java.util.concurrent.ExecutionException: org.eclipse.lsp4j.jsonrpc.JsonRpcException: java.io.IOException: 파이프가 닫히는 중입니다
	at java.base/java.util.concurrent.CompletableFuture.reportGet(CompletableFuture.java:395)
	at java.base/java.util.concurrent.CompletableFuture.get(CompletableFuture.java:2028)
	at org.eclipse.lsp4e.LanguageServerWrapper.lambda$13(LanguageServerWrapper.java:425)
	at java.base/java.util.concurrent.CompletableFuture$AsyncRun.run(CompletableFuture.java:1736)
	at java.base/java.util.concurrent.CompletableFuture$AsyncRun.exec(CompletableFuture.java:1728)
	at java.base/java.util.concurrent.ForkJoinTask.doExec(ForkJoinTask.java:290)
	at java.base/java.util.concurrent.ForkJoinPool$WorkQueue.topLevelExec(ForkJoinPool.java:1020)
	at java.base/java.util.concurrent.ForkJoinPool.scan(ForkJoinPool.java:1656)
	at java.base/java.util.concurrent.ForkJoinPool.runWorker(ForkJoinPool.java:1594)
	at java.base/java.util.concurrent.ForkJoinWorkerThread.run(ForkJoinWorkerThread.java:183)
Caused by: org.eclipse.lsp4j.jsonrpc.JsonRpcException: java.io.IOException: 파이프가 닫히는 중입니다
	at org.eclipse.lsp4j.jsonrpc.json.StreamMessageConsumer.consume(StreamMessageConsumer.java:72)
	at org.eclipse.lsp4e.LanguageServerWrapper.lambda$4(LanguageServerWrapper.java:260)
	at org.eclipse.lsp4j.jsonrpc.RemoteEndpoint.request(RemoteEndpoint.java:161)
	at org.eclipse.lsp4j.jsonrpc.services.EndpointProxy.invoke(EndpointProxy.java:91)
	at com.sun.proxy.$Proxy49.shutdown(Unknown Source)
	at org.eclipse.lsp4e.LanguageServerWrapper.lambda$13(LanguageServerWrapper.java:423)
	... 7 more
Caused by: java.io.IOException: 파이프가 닫히는 중입니다
	at java.base/java.io.FileOutputStream.writeBytes(Native Method)
	at java.base/java.io.FileOutputStream.write(FileOutputStream.java:354)
	at java.base/java.io.BufferedOutputStream.flushBuffer(BufferedOutputStream.java:81)
	at java.base/java.io.BufferedOutputStream.flush(BufferedOutputStream.java:142)
	at org.eclipse.lsp4j.jsonrpc.json.StreamMessageConsumer.consume(StreamMessageConsumer.java:69)
	... 12 more

!ENTRY org.eclipse.lsp4e 4 0 2025-06-25 19:08:02.080
!MESSAGE org.eclipse.lsp4j.jsonrpc.JsonRpcException: java.io.IOException: 파이프가 닫히는 중입니다
!STACK 0
java.util.concurrent.ExecutionException: org.eclipse.lsp4j.jsonrpc.JsonRpcException: java.io.IOException: 파이프가 닫히는 중입니다
	at java.base/java.util.concurrent.CompletableFuture.reportGet(CompletableFuture.java:395)
	at java.base/java.util.concurrent.CompletableFuture.get(CompletableFuture.java:2028)
	at org.eclipse.lsp4e.LanguageServerWrapper.lambda$13(LanguageServerWrapper.java:425)
	at java.base/java.util.concurrent.CompletableFuture$AsyncRun.run(CompletableFuture.java:1736)
	at java.base/java.util.concurrent.CompletableFuture$AsyncRun.exec(CompletableFuture.java:1728)
	at java.base/java.util.concurrent.ForkJoinTask.doExec(ForkJoinTask.java:290)
	at java.base/java.util.concurrent.ForkJoinPool$WorkQueue.topLevelExec(ForkJoinPool.java:1020)
	at java.base/java.util.concurrent.ForkJoinPool.scan(ForkJoinPool.java:1656)
	at java.base/java.util.concurrent.ForkJoinPool.runWorker(ForkJoinPool.java:1594)
	at java.base/java.util.concurrent.ForkJoinWorkerThread.run(ForkJoinWorkerThread.java:183)
Caused by: org.eclipse.lsp4j.jsonrpc.JsonRpcException: java.io.IOException: 파이프가 닫히는 중입니다
	at org.eclipse.lsp4j.jsonrpc.json.StreamMessageConsumer.consume(StreamMessageConsumer.java:72)
	at org.eclipse.lsp4e.LanguageServerWrapper.lambda$4(LanguageServerWrapper.java:260)
	at org.eclipse.lsp4j.jsonrpc.RemoteEndpoint.request(RemoteEndpoint.java:161)
	at org.eclipse.lsp4j.jsonrpc.services.EndpointProxy.invoke(EndpointProxy.java:91)
	at com.sun.proxy.$Proxy49.shutdown(Unknown Source)
	at org.eclipse.lsp4e.LanguageServerWrapper.lambda$13(LanguageServerWrapper.java:423)
	... 7 more
Caused by: java.io.IOException: 파이프가 닫히는 중입니다
	at java.base/java.io.FileOutputStream.writeBytes(Native Method)
	at java.base/java.io.FileOutputStream.write(FileOutputStream.java:354)
	at java.base/java.io.BufferedOutputStream.flushBuffer(BufferedOutputStream.java:81)
	at java.base/java.io.BufferedOutputStream.flush(BufferedOutputStream.java:142)
	at org.eclipse.lsp4j.jsonrpc.json.StreamMessageConsumer.consume(StreamMessageConsumer.java:69)
	... 12 more

!ENTRY org.springframework.tooling.ls.eclipse.commons 1 0 2025-06-25 19:08:02.080
!MESSAGE Entering DelegatingStreamConnectionProvider()

!ENTRY org.springframework.tooling.ls.eclipse.commons 1 0 2025-06-25 19:08:02.082
!MESSAGE Entering DelegatingStreamConnectionProvider()

!ENTRY org.springframework.tooling.ls.eclipse.commons 1 0 2025-06-25 19:08:02.082
!MESSAGE Entering DelegatingStreamConnectionProvider()

!ENTRY org.springframework.tooling.ls.eclipse.commons 1 0 2025-06-25 19:08:02.082
!MESSAGE DelegatingStreamConnectionProvider classloader = org.eclipse.osgi.internal.loader.EquinoxClassLoader@500e5b3f[org.springframework.tooling.boot.ls:1.28.0.202109130547(id=1001)]

!ENTRY org.eclipse.lsp4e 4 0 2025-06-25 19:08:02.082
!MESSAGE org.eclipse.lsp4j.jsonrpc.JsonRpcException: java.io.IOException: 파이프가 닫히는 중입니다
!STACK 0
java.util.concurrent.ExecutionException: org.eclipse.lsp4j.jsonrpc.JsonRpcException: java.io.IOException: 파이프가 닫히는 중입니다
	at java.base/java.util.concurrent.CompletableFuture.reportGet(CompletableFuture.java:395)
	at java.base/java.util.concurrent.CompletableFuture.get(CompletableFuture.java:2028)
	at org.eclipse.lsp4e.LanguageServerWrapper.lambda$13(LanguageServerWrapper.java:425)
	at java.base/java.util.concurrent.CompletableFuture$AsyncRun.run(CompletableFuture.java:1736)
	at java.base/java.util.concurrent.CompletableFuture$AsyncRun.exec(CompletableFuture.java:1728)
	at java.base/java.util.concurrent.ForkJoinTask.doExec(ForkJoinTask.java:290)
	at java.base/java.util.concurrent.ForkJoinPool$WorkQueue.topLevelExec(ForkJoinPool.java:1020)
	at java.base/java.util.concurrent.ForkJoinPool.scan(ForkJoinPool.java:1656)
	at java.base/java.util.concurrent.ForkJoinPool.runWorker(ForkJoinPool.java:1594)
	at java.base/java.util.concurrent.ForkJoinWorkerThread.run(ForkJoinWorkerThread.java:183)
Caused by: org.eclipse.lsp4j.jsonrpc.JsonRpcException: java.io.IOException: 파이프가 닫히는 중입니다
	at org.eclipse.lsp4j.jsonrpc.json.StreamMessageConsumer.consume(StreamMessageConsumer.java:72)
	at org.eclipse.lsp4e.LanguageServerWrapper.lambda$4(LanguageServerWrapper.java:260)
	at org.eclipse.lsp4j.jsonrpc.RemoteEndpoint.request(RemoteEndpoint.java:161)
	at org.eclipse.lsp4j.jsonrpc.services.EndpointProxy.invoke(EndpointProxy.java:91)
	at com.sun.proxy.$Proxy49.shutdown(Unknown Source)
	at org.eclipse.lsp4e.LanguageServerWrapper.lambda$13(LanguageServerWrapper.java:423)
	... 7 more
Caused by: java.io.IOException: 파이프가 닫히는 중입니다
	at java.base/java.io.FileOutputStream.writeBytes(Native Method)
	at java.base/java.io.FileOutputStream.write(FileOutputStream.java:354)
	at java.base/java.io.BufferedOutputStream.flushBuffer(BufferedOutputStream.java:81)
	at java.base/java.io.BufferedOutputStream.flush(BufferedOutputStream.java:142)
	at org.eclipse.lsp4j.jsonrpc.json.StreamMessageConsumer.consume(StreamMessageConsumer.java:69)
	... 12 more

!ENTRY org.springframework.tooling.ls.eclipse.commons 1 0 2025-06-25 19:08:02.083
!MESSAGE Entering DelegatingStreamConnectionProvider()

!ENTRY org.springframework.tooling.ls.eclipse.commons 1 0 2025-06-25 19:08:02.083
!MESSAGE DelegatingStreamConnectionProvider classloader = org.eclipse.osgi.internal.loader.EquinoxClassLoader@500e5b3f[org.springframework.tooling.boot.ls:1.28.0.202109130547(id=1001)]

!ENTRY org.springframework.tooling.ls.eclipse.commons 1 0 2025-06-25 19:08:02.083
!MESSAGE SpringBootLanguageServer exists!

!ENTRY org.eclipse.lsp4e 4 0 2025-06-25 19:08:02.084
!MESSAGE java.util.concurrent.CancellationException
!STACK 0
java.util.concurrent.ExecutionException: java.util.concurrent.CancellationException
	at java.base/java.util.concurrent.CompletableFuture.reportGet(CompletableFuture.java:395)
	at java.base/java.util.concurrent.CompletableFuture.get(CompletableFuture.java:2028)
	at org.eclipse.lsp4e.LanguageServerWrapper.getServerCapabilities(LanguageServerWrapper.java:699)
	at org.eclipse.lsp4e.LanguageServiceAccessor.lambda$15(LanguageServiceAccessor.java:590)
	at java.base/java.util.concurrent.CompletableFuture$UniCompose.tryFire(CompletableFuture.java:1072)
	at java.base/java.util.concurrent.CompletableFuture$Completion.exec(CompletableFuture.java:479)
	at java.base/java.util.concurrent.ForkJoinTask.doExec(ForkJoinTask.java:290)
	at java.base/java.util.concurrent.ForkJoinPool$WorkQueue.topLevelExec(ForkJoinPool.java:1020)
	at java.base/java.util.concurrent.ForkJoinPool.scan(ForkJoinPool.java:1656)
	at java.base/java.util.concurrent.ForkJoinPool.runWorker(ForkJoinPool.java:1594)
	at java.base/java.util.concurrent.ForkJoinWorkerThread.run(ForkJoinWorkerThread.java:183)
Caused by: java.util.concurrent.CancellationException
	at java.base/java.util.concurrent.CompletableFuture.cancel(CompletableFuture.java:2402)
	at org.eclipse.lsp4e.LanguageServerWrapper.stop(LanguageServerWrapper.java:410)
	at org.eclipse.lsp4e.LanguageServerWrapper.start(LanguageServerWrapper.java:212)
	at org.eclipse.lsp4e.LanguageServerWrapper.getInitializedServer(LanguageServerWrapper.java:667)
	at org.eclipse.lsp4e.LanguageServiceAccessor.lambda$14(LanguageServiceAccessor.java:589)
	at java.base/java.util.stream.ReferencePipeline$3$1.accept(ReferencePipeline.java:195)
	at java.base/java.util.Iterator.forEachRemaining(Iterator.java:133)
	at java.base/java.util.Spliterators$IteratorSpliterator.forEachRemaining(Spliterators.java:1801)
	at java.base/java.util.stream.AbstractPipeline.copyInto(AbstractPipeline.java:484)
	at java.base/java.util.stream.AbstractPipeline.wrapAndCopyInto(AbstractPipeline.java:474)
	at java.base/java.util.stream.AbstractPipeline.evaluate(AbstractPipeline.java:550)
	at java.base/java.util.stream.AbstractPipeline.evaluateToArrayNode(AbstractPipeline.java:260)
	at java.base/java.util.stream.ReferencePipeline.toArray(ReferencePipeline.java:517)
	at org.eclipse.lsp4e.LanguageServiceAccessor.getLanguageServers(LanguageServiceAccessor.java:602)
	at org.eclipse.lsp4e.operations.codelens.CodeLensProvider.provideCodeMinings(CodeLensProvider.java:41)
	at org.eclipse.lsp4e.operations.codelens.CodeLensProvider.provideCodeMinings(CodeLensProvider.java:73)
	at org.eclipse.jface.internal.text.codemining.CodeMiningManager.lambda$2(CodeMiningManager.java:189)
	at java.base/java.util.stream.ReferencePipeline$3$1.accept(ReferencePipeline.java:195)
	at java.base/java.util.Spliterators$ArraySpliterator.forEachRemaining(Spliterators.java:948)
	at java.base/java.util.stream.AbstractPipeline.copyInto(AbstractPipeline.java:484)
	at java.base/java.util.stream.AbstractPipeline.wrapAndCopyInto(AbstractPipeline.java:474)
	at java.base/java.util.stream.ReduceOps$ReduceOp.evaluateSequential(ReduceOps.java:913)
	at java.base/java.util.stream.AbstractPipeline.evaluate(AbstractPipeline.java:234)
	at java.base/java.util.stream.ReferencePipeline.collect(ReferencePipeline.java:578)
	at org.eclipse.jface.internal.text.codemining.CodeMiningManager.getCodeMinings(CodeMiningManager.java:195)
	at org.eclipse.jface.internal.text.codemining.CodeMiningManager.updateCodeMinings(CodeMiningManager.java:140)
	at org.eclipse.jface.internal.text.codemining.CodeMiningManager.run(CodeMiningManager.java:129)
	at org.eclipse.jface.text.source.SourceViewer.updateCodeMinings(SourceViewer.java:1313)
	at org.springframework.tooling.ls.eclipse.commons.STS4LanguageClientImpl.lambda$9(STS4LanguageClientImpl.java:409)
	at org.springframework.tooling.jdt.ls.commons.classpath.ReusableClasspathListenerHandler$CallbackJob.lambda$0(ReusableClasspathListenerHandler.java:77)
	at java.base/java.lang.Iterable.forEach(Iterable.java:75)
	at org.springframework.tooling.jdt.ls.commons.classpath.ReusableClasspathListenerHandler$CallbackJob.run(ReusableClasspathListenerHandler.java:77)
	at org.eclipse.core.internal.jobs.Worker.run(Worker.java:63)

!ENTRY org.eclipse.lsp4e 4 0 2025-06-25 19:08:02.084
!MESSAGE org.eclipse.lsp4j.jsonrpc.JsonRpcException: java.io.IOException: 파이프가 닫히는 중입니다
!STACK 0
java.util.concurrent.ExecutionException: org.eclipse.lsp4j.jsonrpc.JsonRpcException: java.io.IOException: 파이프가 닫히는 중입니다
	at java.base/java.util.concurrent.CompletableFuture.reportGet(CompletableFuture.java:395)
	at java.base/java.util.concurrent.CompletableFuture.get(CompletableFuture.java:2028)
	at org.eclipse.lsp4e.LanguageServerWrapper.lambda$13(LanguageServerWrapper.java:425)
	at java.base/java.util.concurrent.CompletableFuture$AsyncRun.run(CompletableFuture.java:1736)
	at java.base/java.util.concurrent.CompletableFuture$AsyncRun.exec(CompletableFuture.java:1728)
	at java.base/java.util.concurrent.ForkJoinTask.doExec(ForkJoinTask.java:290)
	at java.base/java.util.concurrent.ForkJoinPool$WorkQueue.topLevelExec(ForkJoinPool.java:1020)
	at java.base/java.util.concurrent.ForkJoinPool.scan(ForkJoinPool.java:1656)
	at java.base/java.util.concurrent.ForkJoinPool.runWorker(ForkJoinPool.java:1594)
	at java.base/java.util.concurrent.ForkJoinWorkerThread.run(ForkJoinWorkerThread.java:183)
Caused by: org.eclipse.lsp4j.jsonrpc.JsonRpcException: java.io.IOException: 파이프가 닫히는 중입니다
	at org.eclipse.lsp4j.jsonrpc.json.StreamMessageConsumer.consume(StreamMessageConsumer.java:72)
	at org.eclipse.lsp4e.LanguageServerWrapper.lambda$4(LanguageServerWrapper.java:260)
	at org.eclipse.lsp4j.jsonrpc.RemoteEndpoint.request(RemoteEndpoint.java:161)
	at org.eclipse.lsp4j.jsonrpc.services.EndpointProxy.invoke(EndpointProxy.java:91)
	at com.sun.proxy.$Proxy49.shutdown(Unknown Source)
	at org.eclipse.lsp4e.LanguageServerWrapper.lambda$13(LanguageServerWrapper.java:423)
	... 7 more
Caused by: java.io.IOException: 파이프가 닫히는 중입니다
	at java.base/java.io.FileOutputStream.writeBytes(Native Method)
	at java.base/java.io.FileOutputStream.write(FileOutputStream.java:354)
	at java.base/java.io.BufferedOutputStream.flushBuffer(BufferedOutputStream.java:81)
	at java.base/java.io.BufferedOutputStream.flush(BufferedOutputStream.java:142)
	at org.eclipse.lsp4j.jsonrpc.json.StreamMessageConsumer.consume(StreamMessageConsumer.java:69)
	... 12 more

!ENTRY org.eclipse.lsp4e 4 0 2025-06-25 19:08:02.084
!MESSAGE org.eclipse.lsp4j.jsonrpc.JsonRpcException: java.io.IOException: 파이프가 닫히는 중입니다
!STACK 0
java.util.concurrent.ExecutionException: org.eclipse.lsp4j.jsonrpc.JsonRpcException: java.io.IOException: 파이프가 닫히는 중입니다
	at java.base/java.util.concurrent.CompletableFuture.reportGet(CompletableFuture.java:395)
	at java.base/java.util.concurrent.CompletableFuture.get(CompletableFuture.java:2028)
	at org.eclipse.lsp4e.LanguageServerWrapper.lambda$13(LanguageServerWrapper.java:425)
	at java.base/java.util.concurrent.CompletableFuture$AsyncRun.run(CompletableFuture.java:1736)
	at java.base/java.util.concurrent.CompletableFuture$AsyncRun.exec(CompletableFuture.java:1728)
	at java.base/java.util.concurrent.ForkJoinTask.doExec(ForkJoinTask.java:290)
	at java.base/java.util.concurrent.ForkJoinPool$WorkQueue.topLevelExec(ForkJoinPool.java:1020)
	at java.base/java.util.concurrent.ForkJoinPool.scan(ForkJoinPool.java:1656)
	at java.base/java.util.concurrent.ForkJoinPool.runWorker(ForkJoinPool.java:1594)
	at java.base/java.util.concurrent.ForkJoinWorkerThread.run(ForkJoinWorkerThread.java:183)
Caused by: org.eclipse.lsp4j.jsonrpc.JsonRpcException: java.io.IOException: 파이프가 닫히는 중입니다
	at org.eclipse.lsp4j.jsonrpc.json.StreamMessageConsumer.consume(StreamMessageConsumer.java:72)
	at org.eclipse.lsp4e.LanguageServerWrapper.lambda$4(LanguageServerWrapper.java:260)
	at org.eclipse.lsp4j.jsonrpc.RemoteEndpoint.request(RemoteEndpoint.java:161)
	at org.eclipse.lsp4j.jsonrpc.services.EndpointProxy.invoke(EndpointProxy.java:91)
	at com.sun.proxy.$Proxy49.shutdown(Unknown Source)
	at org.eclipse.lsp4e.LanguageServerWrapper.lambda$13(LanguageServerWrapper.java:423)
	... 7 more
Caused by: java.io.IOException: 파이프가 닫히는 중입니다
	at java.base/java.io.FileOutputStream.writeBytes(Native Method)
	at java.base/java.io.FileOutputStream.write(FileOutputStream.java:354)
	at java.base/java.io.BufferedOutputStream.flushBuffer(BufferedOutputStream.java:81)
	at java.base/java.io.BufferedOutputStream.flush(BufferedOutputStream.java:142)
	at org.eclipse.lsp4j.jsonrpc.json.StreamMessageConsumer.consume(StreamMessageConsumer.java:69)
	... 12 more

!ENTRY org.eclipse.lsp4e 4 0 2025-06-25 19:08:02.085
!MESSAGE org.eclipse.lsp4j.jsonrpc.JsonRpcException: java.io.IOException: 파이프가 닫히는 중입니다
!STACK 0
java.util.concurrent.ExecutionException: org.eclipse.lsp4j.jsonrpc.JsonRpcException: java.io.IOException: 파이프가 닫히는 중입니다
	at java.base/java.util.concurrent.CompletableFuture.reportGet(CompletableFuture.java:395)
	at java.base/java.util.concurrent.CompletableFuture.get(CompletableFuture.java:2028)
	at org.eclipse.lsp4e.LanguageServerWrapper.lambda$13(LanguageServerWrapper.java:425)
	at java.base/java.util.concurrent.CompletableFuture$AsyncRun.run(CompletableFuture.java:1736)
	at java.base/java.util.concurrent.CompletableFuture$AsyncRun.exec(CompletableFuture.java:1728)
	at java.base/java.util.concurrent.ForkJoinTask.doExec(ForkJoinTask.java:290)
	at java.base/java.util.concurrent.ForkJoinPool$WorkQueue.topLevelExec(ForkJoinPool.java:1020)
	at java.base/java.util.concurrent.ForkJoinPool.scan(ForkJoinPool.java:1656)
	at java.base/java.util.concurrent.ForkJoinPool.runWorker(ForkJoinPool.java:1594)
	at java.base/java.util.concurrent.ForkJoinWorkerThread.run(ForkJoinWorkerThread.java:183)
Caused by: org.eclipse.lsp4j.jsonrpc.JsonRpcException: java.io.IOException: 파이프가 닫히는 중입니다
	at org.eclipse.lsp4j.jsonrpc.json.StreamMessageConsumer.consume(StreamMessageConsumer.java:72)
	at org.eclipse.lsp4e.LanguageServerWrapper.lambda$4(LanguageServerWrapper.java:260)
	at org.eclipse.lsp4j.jsonrpc.RemoteEndpoint.request(RemoteEndpoint.java:161)
	at org.eclipse.lsp4j.jsonrpc.services.EndpointProxy.invoke(EndpointProxy.java:91)
	at com.sun.proxy.$Proxy49.shutdown(Unknown Source)
	at org.eclipse.lsp4e.LanguageServerWrapper.lambda$13(LanguageServerWrapper.java:423)
	... 7 more
Caused by: java.io.IOException: 파이프가 닫히는 중입니다
	at java.base/java.io.FileOutputStream.writeBytes(Native Method)
	at java.base/java.io.FileOutputStream.write(FileOutputStream.java:354)
	at java.base/java.io.BufferedOutputStream.flushBuffer(BufferedOutputStream.java:81)
	at java.base/java.io.BufferedOutputStream.flush(BufferedOutputStream.java:142)
	at org.eclipse.lsp4j.jsonrpc.json.StreamMessageConsumer.consume(StreamMessageConsumer.java:69)
	... 12 more

!ENTRY org.springframework.tooling.ls.eclipse.commons 1 0 2025-06-25 19:08:02.085
!MESSAGE Entering DelegatingStreamConnectionProvider()

!ENTRY org.springframework.tooling.ls.eclipse.commons 1 0 2025-06-25 19:08:02.086
!MESSAGE DelegatingStreamConnectionProvider classloader = org.eclipse.osgi.internal.loader.EquinoxClassLoader@500e5b3f[org.springframework.tooling.boot.ls:1.28.0.202109130547(id=1001)]

!ENTRY org.springframework.tooling.ls.eclipse.commons 1 0 2025-06-25 19:08:02.086
!MESSAGE Entering DelegatingStreamConnectionProvider()

!ENTRY org.springframework.tooling.ls.eclipse.commons 1 0 2025-06-25 19:08:02.086
!MESSAGE SpringBootLanguageServer exists!

!ENTRY org.springframework.tooling.ls.eclipse.commons 1 0 2025-06-25 19:08:02.087
!MESSAGE Entering DelegatingStreamConnectionProvider()

!ENTRY org.springframework.tooling.ls.eclipse.commons 1 0 2025-06-25 19:08:02.087
!MESSAGE DelegatingStreamConnectionProvider classloader = org.eclipse.osgi.internal.loader.EquinoxClassLoader@500e5b3f[org.springframework.tooling.boot.ls:1.28.0.202109130547(id=1001)]

!ENTRY org.springframework.tooling.ls.eclipse.commons 1 0 2025-06-25 19:08:02.087
!MESSAGE Entering DelegatingStreamConnectionProvider()

!ENTRY org.springframework.tooling.ls.eclipse.commons 1 0 2025-06-25 19:08:02.087
!MESSAGE Entering DelegatingStreamConnectionProvider()

!ENTRY org.springframework.tooling.ls.eclipse.commons 1 0 2025-06-25 19:08:02.089
!MESSAGE DelegatingStreamConnectionProvider classloader = org.eclipse.osgi.internal.loader.EquinoxClassLoader@500e5b3f[org.springframework.tooling.boot.ls:1.28.0.202109130547(id=1001)]

!ENTRY org.springframework.tooling.ls.eclipse.commons 1 0 2025-06-25 19:08:02.089
!MESSAGE SpringBootLanguageServer exists!

!ENTRY org.springframework.tooling.ls.eclipse.commons 1 0 2025-06-25 19:08:02.089
!MESSAGE SpringBootLanguageServer exists!

!ENTRY org.springframework.tooling.ls.eclipse.commons 1 0 2025-06-25 19:08:02.090
!MESSAGE DelegatingStreamConnectionProvider classloader = org.eclipse.osgi.internal.loader.EquinoxClassLoader@500e5b3f[org.springframework.tooling.boot.ls:1.28.0.202109130547(id=1001)]

!ENTRY org.springframework.tooling.ls.eclipse.commons 1 0 2025-06-25 19:08:02.090
!MESSAGE SpringBootLanguageServer exists!

!ENTRY org.springframework.tooling.ls.eclipse.commons 1 0 2025-06-25 19:08:02.090
!MESSAGE DelegatingStreamConnectionProvider classloader = org.eclipse.osgi.internal.loader.EquinoxClassLoader@500e5b3f[org.springframework.tooling.boot.ls:1.28.0.202109130547(id=1001)]

!ENTRY org.springframework.tooling.ls.eclipse.commons 1 0 2025-06-25 19:08:02.090
!MESSAGE SpringBootLanguageServer exists!

!ENTRY org.eclipse.lsp4e 4 0 2025-06-25 19:08:02.091
!MESSAGE org.eclipse.lsp4j.jsonrpc.JsonRpcException: java.io.IOException: 파이프가 닫히는 중입니다
!STACK 0
java.util.concurrent.ExecutionException: org.eclipse.lsp4j.jsonrpc.JsonRpcException: java.io.IOException: 파이프가 닫히는 중입니다
	at java.base/java.util.concurrent.CompletableFuture.reportGet(CompletableFuture.java:395)
	at java.base/java.util.concurrent.CompletableFuture.get(CompletableFuture.java:2028)
	at org.eclipse.lsp4e.LanguageServerWrapper.lambda$13(LanguageServerWrapper.java:425)
	at java.base/java.util.concurrent.CompletableFuture$AsyncRun.run(CompletableFuture.java:1736)
	at java.base/java.util.concurrent.CompletableFuture$AsyncRun.exec(CompletableFuture.java:1728)
	at java.base/java.util.concurrent.ForkJoinTask.doExec(ForkJoinTask.java:290)
	at java.base/java.util.concurrent.ForkJoinPool$WorkQueue.topLevelExec(ForkJoinPool.java:1020)
	at java.base/java.util.concurrent.ForkJoinPool.scan(ForkJoinPool.java:1656)
	at java.base/java.util.concurrent.ForkJoinPool.runWorker(ForkJoinPool.java:1594)
	at java.base/java.util.concurrent.ForkJoinWorkerThread.run(ForkJoinWorkerThread.java:183)
Caused by: org.eclipse.lsp4j.jsonrpc.JsonRpcException: java.io.IOException: 파이프가 닫히는 중입니다
	at org.eclipse.lsp4j.jsonrpc.json.StreamMessageConsumer.consume(StreamMessageConsumer.java:72)
	at org.eclipse.lsp4e.LanguageServerWrapper.lambda$4(LanguageServerWrapper.java:260)
	at org.eclipse.lsp4j.jsonrpc.RemoteEndpoint.request(RemoteEndpoint.java:161)
	at org.eclipse.lsp4j.jsonrpc.services.EndpointProxy.invoke(EndpointProxy.java:91)
	at com.sun.proxy.$Proxy49.shutdown(Unknown Source)
	at org.eclipse.lsp4e.LanguageServerWrapper.lambda$13(LanguageServerWrapper.java:423)
	... 7 more
Caused by: java.io.IOException: 파이프가 닫히는 중입니다
	at java.base/java.io.FileOutputStream.writeBytes(Native Method)
	at java.base/java.io.FileOutputStream.write(FileOutputStream.java:354)
	at java.base/java.io.BufferedOutputStream.flushBuffer(BufferedOutputStream.java:81)
	at java.base/java.io.BufferedOutputStream.flush(BufferedOutputStream.java:142)
	at org.eclipse.lsp4j.jsonrpc.json.StreamMessageConsumer.consume(StreamMessageConsumer.java:69)
	... 12 more

!ENTRY org.springframework.tooling.ls.eclipse.commons 1 0 2025-06-25 19:08:02.091
!MESSAGE Entering DelegatingStreamConnectionProvider()

!ENTRY org.springframework.tooling.ls.eclipse.commons 1 0 2025-06-25 19:08:02.091
!MESSAGE DelegatingStreamConnectionProvider classloader = org.eclipse.osgi.internal.loader.EquinoxClassLoader@500e5b3f[org.springframework.tooling.boot.ls:1.28.0.202109130547(id=1001)]

!ENTRY org.springframework.tooling.ls.eclipse.commons 1 0 2025-06-25 19:08:02.092
!MESSAGE DelegatingStreamConnectionProvider classloader = org.eclipse.osgi.internal.loader.EquinoxClassLoader@500e5b3f[org.springframework.tooling.boot.ls:1.28.0.202109130547(id=1001)]

!ENTRY org.eclipse.lsp4e 4 0 2025-06-25 19:08:02.092
!MESSAGE org.eclipse.lsp4j.jsonrpc.JsonRpcException: java.io.IOException: 파이프가 닫히는 중입니다
!STACK 0
java.util.concurrent.ExecutionException: org.eclipse.lsp4j.jsonrpc.JsonRpcException: java.io.IOException: 파이프가 닫히는 중입니다
	at java.base/java.util.concurrent.CompletableFuture.reportGet(CompletableFuture.java:395)
	at java.base/java.util.concurrent.CompletableFuture.get(CompletableFuture.java:2028)
	at org.eclipse.lsp4e.LanguageServerWrapper.lambda$13(LanguageServerWrapper.java:425)
	at java.base/java.util.concurrent.CompletableFuture$AsyncRun.run(CompletableFuture.java:1736)
	at java.base/java.util.concurrent.CompletableFuture$AsyncRun.exec(CompletableFuture.java:1728)
	at java.base/java.util.concurrent.ForkJoinTask.doExec(ForkJoinTask.java:290)
	at java.base/java.util.concurrent.ForkJoinPool$WorkQueue.topLevelExec(ForkJoinPool.java:1020)
	at java.base/java.util.concurrent.ForkJoinPool.scan(ForkJoinPool.java:1656)
	at java.base/java.util.concurrent.ForkJoinPool.runWorker(ForkJoinPool.java:1594)
	at java.base/java.util.concurrent.ForkJoinWorkerThread.run(ForkJoinWorkerThread.java:183)
Caused by: org.eclipse.lsp4j.jsonrpc.JsonRpcException: java.io.IOException: 파이프가 닫히는 중입니다
	at org.eclipse.lsp4j.jsonrpc.json.StreamMessageConsumer.consume(StreamMessageConsumer.java:72)
	at org.eclipse.lsp4e.LanguageServerWrapper.lambda$4(LanguageServerWrapper.java:260)
	at org.eclipse.lsp4j.jsonrpc.RemoteEndpoint.request(RemoteEndpoint.java:161)
	at org.eclipse.lsp4j.jsonrpc.services.EndpointProxy.invoke(EndpointProxy.java:91)
	at com.sun.proxy.$Proxy49.shutdown(Unknown Source)
	at org.eclipse.lsp4e.LanguageServerWrapper.lambda$13(LanguageServerWrapper.java:423)
	... 7 more
Caused by: java.io.IOException: 파이프가 닫히는 중입니다
	at java.base/java.io.FileOutputStream.writeBytes(Native Method)
	at java.base/java.io.FileOutputStream.write(FileOutputStream.java:354)
	at java.base/java.io.BufferedOutputStream.flushBuffer(BufferedOutputStream.java:81)
	at java.base/java.io.BufferedOutputStream.flush(BufferedOutputStream.java:142)
	at org.eclipse.lsp4j.jsonrpc.json.StreamMessageConsumer.consume(StreamMessageConsumer.java:69)
	... 12 more

!ENTRY org.springframework.tooling.ls.eclipse.commons 1 0 2025-06-25 19:08:02.092
!MESSAGE Entering DelegatingStreamConnectionProvider()

!ENTRY org.springframework.tooling.ls.eclipse.commons 1 0 2025-06-25 19:08:02.092
!MESSAGE SpringBootLanguageServer exists!

!ENTRY org.springframework.tooling.ls.eclipse.commons 1 0 2025-06-25 19:08:02.093
!MESSAGE DelegatingStreamConnectionProvider classloader = org.eclipse.osgi.internal.loader.EquinoxClassLoader@500e5b3f[org.springframework.tooling.boot.ls:1.28.0.202109130547(id=1001)]

!ENTRY org.eclipse.lsp4e 4 0 2025-06-25 19:08:02.093
!MESSAGE org.eclipse.lsp4j.jsonrpc.JsonRpcException: java.io.IOException: 파이프가 닫히는 중입니다
!STACK 0
java.util.concurrent.ExecutionException: org.eclipse.lsp4j.jsonrpc.JsonRpcException: java.io.IOException: 파이프가 닫히는 중입니다
	at java.base/java.util.concurrent.CompletableFuture.reportGet(CompletableFuture.java:395)
	at java.base/java.util.concurrent.CompletableFuture.get(CompletableFuture.java:2028)
	at org.eclipse.lsp4e.LanguageServerWrapper.lambda$13(LanguageServerWrapper.java:425)
	at java.base/java.util.concurrent.CompletableFuture$AsyncRun.run(CompletableFuture.java:1736)
	at java.base/java.util.concurrent.CompletableFuture$AsyncRun.exec(CompletableFuture.java:1728)
	at java.base/java.util.concurrent.ForkJoinTask.doExec(ForkJoinTask.java:290)
	at java.base/java.util.concurrent.ForkJoinPool$WorkQueue.topLevelExec(ForkJoinPool.java:1020)
	at java.base/java.util.concurrent.ForkJoinPool.scan(ForkJoinPool.java:1656)
	at java.base/java.util.concurrent.ForkJoinPool.runWorker(ForkJoinPool.java:1594)
	at java.base/java.util.concurrent.ForkJoinWorkerThread.run(ForkJoinWorkerThread.java:183)
Caused by: org.eclipse.lsp4j.jsonrpc.JsonRpcException: java.io.IOException: 파이프가 닫히는 중입니다
	at org.eclipse.lsp4j.jsonrpc.json.StreamMessageConsumer.consume(StreamMessageConsumer.java:72)
	at org.eclipse.lsp4e.LanguageServerWrapper.lambda$4(LanguageServerWrapper.java:260)
	at org.eclipse.lsp4j.jsonrpc.RemoteEndpoint.request(RemoteEndpoint.java:161)
	at org.eclipse.lsp4j.jsonrpc.services.EndpointProxy.invoke(EndpointProxy.java:91)
	at com.sun.proxy.$Proxy49.shutdown(Unknown Source)
	at org.eclipse.lsp4e.LanguageServerWrapper.lambda$13(LanguageServerWrapper.java:423)
	... 7 more
Caused by: java.io.IOException: 파이프가 닫히는 중입니다
	at java.base/java.io.FileOutputStream.writeBytes(Native Method)
	at java.base/java.io.FileOutputStream.write(FileOutputStream.java:354)
	at java.base/java.io.BufferedOutputStream.flushBuffer(BufferedOutputStream.java:81)
	at java.base/java.io.BufferedOutputStream.flush(BufferedOutputStream.java:142)
	at org.eclipse.lsp4j.jsonrpc.json.StreamMessageConsumer.consume(StreamMessageConsumer.java:69)
	... 12 more

!ENTRY org.springframework.tooling.ls.eclipse.commons 1 0 2025-06-25 19:08:02.093
!MESSAGE Entering DelegatingStreamConnectionProvider()

!ENTRY org.eclipse.lsp4e 4 0 2025-06-25 19:08:02.093
!MESSAGE org.eclipse.lsp4j.jsonrpc.JsonRpcException: java.io.IOException: 파이프가 닫히는 중입니다
!STACK 0
java.util.concurrent.ExecutionException: org.eclipse.lsp4j.jsonrpc.JsonRpcException: java.io.IOException: 파이프가 닫히는 중입니다
	at java.base/java.util.concurrent.CompletableFuture.reportGet(CompletableFuture.java:395)
	at java.base/java.util.concurrent.CompletableFuture.get(CompletableFuture.java:2028)
	at org.eclipse.lsp4e.LanguageServerWrapper.lambda$13(LanguageServerWrapper.java:425)
	at java.base/java.util.concurrent.CompletableFuture$AsyncRun.run(CompletableFuture.java:1736)
	at java.base/java.util.concurrent.CompletableFuture$AsyncRun.exec(CompletableFuture.java:1728)
	at java.base/java.util.concurrent.ForkJoinTask.doExec(ForkJoinTask.java:290)
	at java.base/java.util.concurrent.ForkJoinPool$WorkQueue.topLevelExec(ForkJoinPool.java:1020)
	at java.base/java.util.concurrent.ForkJoinPool.scan(ForkJoinPool.java:1656)
	at java.base/java.util.concurrent.ForkJoinPool.runWorker(ForkJoinPool.java:1594)
	at java.base/java.util.concurrent.ForkJoinWorkerThread.run(ForkJoinWorkerThread.java:183)
Caused by: org.eclipse.lsp4j.jsonrpc.JsonRpcException: java.io.IOException: 파이프가 닫히는 중입니다
	at org.eclipse.lsp4j.jsonrpc.json.StreamMessageConsumer.consume(StreamMessageConsumer.java:72)
	at org.eclipse.lsp4e.LanguageServerWrapper.lambda$4(LanguageServerWrapper.java:260)
	at org.eclipse.lsp4j.jsonrpc.RemoteEndpoint.request(RemoteEndpoint.java:161)
	at org.eclipse.lsp4j.jsonrpc.services.EndpointProxy.invoke(EndpointProxy.java:91)
	at com.sun.proxy.$Proxy49.shutdown(Unknown Source)
	at org.eclipse.lsp4e.LanguageServerWrapper.lambda$13(LanguageServerWrapper.java:423)
	... 7 more
Caused by: java.io.IOException: 파이프가 닫히는 중입니다
	at java.base/java.io.FileOutputStream.writeBytes(Native Method)
	at java.base/java.io.FileOutputStream.write(FileOutputStream.java:354)
	at java.base/java.io.BufferedOutputStream.flushBuffer(BufferedOutputStream.java:81)
	at java.base/java.io.BufferedOutputStream.flush(BufferedOutputStream.java:142)
	at org.eclipse.lsp4j.jsonrpc.json.StreamMessageConsumer.consume(StreamMessageConsumer.java:69)
	... 12 more

!ENTRY org.springframework.tooling.ls.eclipse.commons 1 0 2025-06-25 19:08:02.095
!MESSAGE Entering DelegatingStreamConnectionProvider()

!ENTRY org.springframework.tooling.ls.eclipse.commons 1 0 2025-06-25 19:08:02.095
!MESSAGE DelegatingStreamConnectionProvider classloader = org.eclipse.osgi.internal.loader.EquinoxClassLoader@500e5b3f[org.springframework.tooling.boot.ls:1.28.0.202109130547(id=1001)]

!ENTRY org.springframework.tooling.ls.eclipse.commons 1 0 2025-06-25 19:08:02.098
!MESSAGE SpringBootLanguageServer exists!

!ENTRY org.springframework.tooling.ls.eclipse.commons 1 0 2025-06-25 19:08:02.098
!MESSAGE DelegatingStreamConnectionProvider classloader = org.eclipse.osgi.internal.loader.EquinoxClassLoader@500e5b3f[org.springframework.tooling.boot.ls:1.28.0.202109130547(id=1001)]

!ENTRY org.springframework.tooling.ls.eclipse.commons 1 0 2025-06-25 19:08:02.098
!MESSAGE SpringBootLanguageServer exists!

!ENTRY org.eclipse.lsp4e 4 0 2025-06-25 19:08:02.099
!MESSAGE org.eclipse.lsp4j.jsonrpc.JsonRpcException: java.io.IOException: 파이프가 닫히는 중입니다
!STACK 0
java.util.concurrent.ExecutionException: org.eclipse.lsp4j.jsonrpc.JsonRpcException: java.io.IOException: 파이프가 닫히는 중입니다
	at java.base/java.util.concurrent.CompletableFuture.reportGet(CompletableFuture.java:395)
	at java.base/java.util.concurrent.CompletableFuture.get(CompletableFuture.java:2028)
	at org.eclipse.lsp4e.LanguageServerWrapper.lambda$13(LanguageServerWrapper.java:425)
	at java.base/java.util.concurrent.CompletableFuture$AsyncRun.run(CompletableFuture.java:1736)
	at java.base/java.util.concurrent.CompletableFuture$AsyncRun.exec(CompletableFuture.java:1728)
	at java.base/java.util.concurrent.ForkJoinTask.doExec(ForkJoinTask.java:290)
	at java.base/java.util.concurrent.ForkJoinPool$WorkQueue.topLevelExec(ForkJoinPool.java:1020)
	at java.base/java.util.concurrent.ForkJoinPool.scan(ForkJoinPool.java:1656)
	at java.base/java.util.concurrent.ForkJoinPool.runWorker(ForkJoinPool.java:1594)
	at java.base/java.util.concurrent.ForkJoinWorkerThread.run(ForkJoinWorkerThread.java:183)
Caused by: org.eclipse.lsp4j.jsonrpc.JsonRpcException: java.io.IOException: 파이프가 닫히는 중입니다
	at org.eclipse.lsp4j.jsonrpc.json.StreamMessageConsumer.consume(StreamMessageConsumer.java:72)
	at org.eclipse.lsp4e.LanguageServerWrapper.lambda$4(LanguageServerWrapper.java:260)
	at org.eclipse.lsp4j.jsonrpc.RemoteEndpoint.request(RemoteEndpoint.java:161)
	at org.eclipse.lsp4j.jsonrpc.services.EndpointProxy.invoke(EndpointProxy.java:91)
	at com.sun.proxy.$Proxy49.shutdown(Unknown Source)
	at org.eclipse.lsp4e.LanguageServerWrapper.lambda$13(LanguageServerWrapper.java:423)
	... 7 more
Caused by: java.io.IOException: 파이프가 닫히는 중입니다
	at java.base/java.io.FileOutputStream.writeBytes(Native Method)
	at java.base/java.io.FileOutputStream.write(FileOutputStream.java:354)
	at java.base/java.io.BufferedOutputStream.flushBuffer(BufferedOutputStream.java:81)
	at java.base/java.io.BufferedOutputStream.flush(BufferedOutputStream.java:142)
	at org.eclipse.lsp4j.jsonrpc.json.StreamMessageConsumer.consume(StreamMessageConsumer.java:69)
	... 12 more

!ENTRY org.eclipse.lsp4e 4 0 2025-06-25 19:08:02.109
!MESSAGE org.eclipse.lsp4j.jsonrpc.JsonRpcException: java.io.IOException: 파이프가 닫히는 중입니다
!STACK 0
java.util.concurrent.ExecutionException: org.eclipse.lsp4j.jsonrpc.JsonRpcException: java.io.IOException: 파이프가 닫히는 중입니다
	at java.base/java.util.concurrent.CompletableFuture.reportGet(CompletableFuture.java:395)
	at java.base/java.util.concurrent.CompletableFuture.get(CompletableFuture.java:2028)
	at org.eclipse.lsp4e.LanguageServerWrapper.lambda$13(LanguageServerWrapper.java:425)
	at java.base/java.util.concurrent.CompletableFuture$AsyncRun.run(CompletableFuture.java:1736)
	at java.base/java.util.concurrent.CompletableFuture$AsyncRun.exec(CompletableFuture.java:1728)
	at java.base/java.util.concurrent.ForkJoinTask.doExec(ForkJoinTask.java:290)
	at java.base/java.util.concurrent.ForkJoinPool$WorkQueue.topLevelExec(ForkJoinPool.java:1020)
	at java.base/java.util.concurrent.ForkJoinPool.scan(ForkJoinPool.java:1656)
	at java.base/java.util.concurrent.ForkJoinPool.runWorker(ForkJoinPool.java:1594)
	at java.base/java.util.concurrent.ForkJoinWorkerThread.run(ForkJoinWorkerThread.java:183)
Caused by: org.eclipse.lsp4j.jsonrpc.JsonRpcException: java.io.IOException: 파이프가 닫히는 중입니다
	at org.eclipse.lsp4j.jsonrpc.json.StreamMessageConsumer.consume(StreamMessageConsumer.java:72)
	at org.eclipse.lsp4e.LanguageServerWrapper.lambda$4(LanguageServerWrapper.java:260)
	at org.eclipse.lsp4j.jsonrpc.RemoteEndpoint.request(RemoteEndpoint.java:161)
	at org.eclipse.lsp4j.jsonrpc.services.EndpointProxy.invoke(EndpointProxy.java:91)
	at com.sun.proxy.$Proxy49.shutdown(Unknown Source)
	at org.eclipse.lsp4e.LanguageServerWrapper.lambda$13(LanguageServerWrapper.java:423)
	... 7 more
Caused by: java.io.IOException: 파이프가 닫히는 중입니다
	at java.base/java.io.FileOutputStream.writeBytes(Native Method)
	at java.base/java.io.FileOutputStream.write(FileOutputStream.java:354)
	at java.base/java.io.BufferedOutputStream.flushBuffer(BufferedOutputStream.java:81)
	at java.base/java.io.BufferedOutputStream.flush(BufferedOutputStream.java:142)
	at org.eclipse.lsp4j.jsonrpc.json.StreamMessageConsumer.consume(StreamMessageConsumer.java:69)
	... 12 more

!ENTRY org.springframework.tooling.ls.eclipse.commons 1 0 2025-06-25 19:08:02.110
!MESSAGE SpringBootLanguageServer exists!

!ENTRY org.eclipse.lsp4e 4 0 2025-06-25 19:08:02.110
!MESSAGE org.eclipse.lsp4j.jsonrpc.JsonRpcException: java.io.IOException: 파이프가 닫히는 중입니다
!STACK 0
java.util.concurrent.ExecutionException: org.eclipse.lsp4j.jsonrpc.JsonRpcException: java.io.IOException: 파이프가 닫히는 중입니다
	at java.base/java.util.concurrent.CompletableFuture.reportGet(CompletableFuture.java:395)
	at java.base/java.util.concurrent.CompletableFuture.get(CompletableFuture.java:2028)
	at org.eclipse.lsp4e.LanguageServerWrapper.lambda$13(LanguageServerWrapper.java:425)
	at java.base/java.util.concurrent.CompletableFuture$AsyncRun.run(CompletableFuture.java:1736)
	at java.base/java.util.concurrent.CompletableFuture$AsyncRun.exec(CompletableFuture.java:1728)
	at java.base/java.util.concurrent.ForkJoinTask.doExec(ForkJoinTask.java:290)
	at java.base/java.util.concurrent.ForkJoinPool$WorkQueue.topLevelExec(ForkJoinPool.java:1020)
	at java.base/java.util.concurrent.ForkJoinPool.scan(ForkJoinPool.java:1656)
	at java.base/java.util.concurrent.ForkJoinPool.runWorker(ForkJoinPool.java:1594)
	at java.base/java.util.concurrent.ForkJoinWorkerThread.run(ForkJoinWorkerThread.java:183)
Caused by: org.eclipse.lsp4j.jsonrpc.JsonRpcException: java.io.IOException: 파이프가 닫히는 중입니다
	at org.eclipse.lsp4j.jsonrpc.json.StreamMessageConsumer.consume(StreamMessageConsumer.java:72)
	at org.eclipse.lsp4e.LanguageServerWrapper.lambda$4(LanguageServerWrapper.java:260)
	at org.eclipse.lsp4j.jsonrpc.RemoteEndpoint.request(RemoteEndpoint.java:161)
	at org.eclipse.lsp4j.jsonrpc.services.EndpointProxy.invoke(EndpointProxy.java:91)
	at com.sun.proxy.$Proxy49.shutdown(Unknown Source)
	at org.eclipse.lsp4e.LanguageServerWrapper.lambda$13(LanguageServerWrapper.java:423)
	... 7 more
Caused by: java.io.IOException: 파이프가 닫히는 중입니다
	at java.base/java.io.FileOutputStream.writeBytes(Native Method)
	at java.base/java.io.FileOutputStream.write(FileOutputStream.java:354)
	at java.base/java.io.BufferedOutputStream.flushBuffer(BufferedOutputStream.java:81)
	at java.base/java.io.BufferedOutputStream.flush(BufferedOutputStream.java:142)
	at org.eclipse.lsp4j.jsonrpc.json.StreamMessageConsumer.consume(StreamMessageConsumer.java:69)
	... 12 more

!ENTRY org.springframework.tooling.ls.eclipse.commons 1 0 2025-06-25 19:08:02.111
!MESSAGE DelegatingStreamConnectionProvider classloader = org.eclipse.osgi.internal.loader.EquinoxClassLoader@500e5b3f[org.springframework.tooling.boot.ls:1.28.0.202109130547(id=1001)]

!ENTRY org.springframework.tooling.ls.eclipse.commons 1 0 2025-06-25 19:08:02.111
!MESSAGE Entering DelegatingStreamConnectionProvider()

!ENTRY org.springframework.tooling.ls.eclipse.commons 1 0 2025-06-25 19:08:02.114
!MESSAGE DelegatingStreamConnectionProvider classloader = org.eclipse.osgi.internal.loader.EquinoxClassLoader@500e5b3f[org.springframework.tooling.boot.ls:1.28.0.202109130547(id=1001)]

!ENTRY org.springframework.tooling.ls.eclipse.commons 1 0 2025-06-25 19:08:02.114
!MESSAGE SpringBootLanguageServer exists!

!ENTRY org.springframework.tooling.ls.eclipse.commons 1 0 2025-06-25 19:08:02.115
!MESSAGE SpringBootLanguageServer exists!

!ENTRY org.springframework.tooling.ls.eclipse.commons 1 0 2025-06-25 19:08:02.115
!MESSAGE SpringBootLanguageServer exists!

!ENTRY org.eclipse.lsp4e 4 0 2025-06-25 19:08:02.116
!MESSAGE org.eclipse.lsp4j.jsonrpc.JsonRpcException: java.io.IOException: 파이프가 닫히는 중입니다
!STACK 0
java.util.concurrent.ExecutionException: org.eclipse.lsp4j.jsonrpc.JsonRpcException: java.io.IOException: 파이프가 닫히는 중입니다
	at java.base/java.util.concurrent.CompletableFuture.reportGet(CompletableFuture.java:395)
	at java.base/java.util.concurrent.CompletableFuture.get(CompletableFuture.java:2028)
	at org.eclipse.lsp4e.LanguageServerWrapper.lambda$13(LanguageServerWrapper.java:425)
	at java.base/java.util.concurrent.CompletableFuture$AsyncRun.run(CompletableFuture.java:1736)
	at java.base/java.util.concurrent.CompletableFuture$AsyncRun.exec(CompletableFuture.java:1728)
	at java.base/java.util.concurrent.ForkJoinTask.doExec(ForkJoinTask.java:290)
	at java.base/java.util.concurrent.ForkJoinPool$WorkQueue.topLevelExec(ForkJoinPool.java:1020)
	at java.base/java.util.concurrent.ForkJoinPool.scan(ForkJoinPool.java:1656)
	at java.base/java.util.concurrent.ForkJoinPool.runWorker(ForkJoinPool.java:1594)
	at java.base/java.util.concurrent.ForkJoinWorkerThread.run(ForkJoinWorkerThread.java:183)
Caused by: org.eclipse.lsp4j.jsonrpc.JsonRpcException: java.io.IOException: 파이프가 닫히는 중입니다
	at org.eclipse.lsp4j.jsonrpc.json.StreamMessageConsumer.consume(StreamMessageConsumer.java:72)
	at org.eclipse.lsp4e.LanguageServerWrapper.lambda$4(LanguageServerWrapper.java:260)
	at org.eclipse.lsp4j.jsonrpc.RemoteEndpoint.request(RemoteEndpoint.java:161)
	at org.eclipse.lsp4j.jsonrpc.services.EndpointProxy.invoke(EndpointProxy.java:91)
	at com.sun.proxy.$Proxy49.shutdown(Unknown Source)
	at org.eclipse.lsp4e.LanguageServerWrapper.lambda$13(LanguageServerWrapper.java:423)
	... 7 more
Caused by: java.io.IOException: 파이프가 닫히는 중입니다
	at java.base/java.io.FileOutputStream.writeBytes(Native Method)
	at java.base/java.io.FileOutputStream.write(FileOutputStream.java:354)
	at java.base/java.io.BufferedOutputStream.flushBuffer(BufferedOutputStream.java:81)
	at java.base/java.io.BufferedOutputStream.flush(BufferedOutputStream.java:142)
	at org.eclipse.lsp4j.jsonrpc.json.StreamMessageConsumer.consume(StreamMessageConsumer.java:69)
	... 12 more

!ENTRY org.eclipse.lsp4e 4 0 2025-06-25 19:08:02.116
!MESSAGE org.eclipse.lsp4j.jsonrpc.JsonRpcException: java.io.IOException: 파이프가 닫히는 중입니다
!STACK 0
java.util.concurrent.ExecutionException: org.eclipse.lsp4j.jsonrpc.JsonRpcException: java.io.IOException: 파이프가 닫히는 중입니다
	at java.base/java.util.concurrent.CompletableFuture.reportGet(CompletableFuture.java:395)
	at java.base/java.util.concurrent.CompletableFuture.get(CompletableFuture.java:2028)
	at org.eclipse.lsp4e.LanguageServerWrapper.lambda$13(LanguageServerWrapper.java:425)
	at java.base/java.util.concurrent.CompletableFuture$AsyncRun.run(CompletableFuture.java:1736)
	at java.base/java.util.concurrent.CompletableFuture$AsyncRun.exec(CompletableFuture.java:1728)
	at java.base/java.util.concurrent.ForkJoinTask.doExec(ForkJoinTask.java:290)
	at java.base/java.util.concurrent.ForkJoinPool$WorkQueue.helpAsyncBlocker(ForkJoinPool.java:1144)
	at java.base/java.util.concurrent.ForkJoinPool.helpAsyncBlocker(ForkJoinPool.java:3151)
	at java.base/java.util.concurrent.CompletableFuture.timedGet(CompletableFuture.java:1865)
	at java.base/java.util.concurrent.CompletableFuture.get(CompletableFuture.java:2027)
	at org.eclipse.lsp4e.LanguageServerWrapper.getServerCapabilities(LanguageServerWrapper.java:699)
	at org.eclipse.lsp4e.LanguageServiceAccessor.lambda$15(LanguageServiceAccessor.java:590)
	at java.base/java.util.concurrent.CompletableFuture$UniCompose.tryFire(CompletableFuture.java:1072)
	at java.base/java.util.concurrent.CompletableFuture$Completion.exec(CompletableFuture.java:479)
	at java.base/java.util.concurrent.ForkJoinTask.doExec(ForkJoinTask.java:290)
	at java.base/java.util.concurrent.ForkJoinPool$WorkQueue.topLevelExec(ForkJoinPool.java:1020)
	at java.base/java.util.concurrent.ForkJoinPool.scan(ForkJoinPool.java:1656)
	at java.base/java.util.concurrent.ForkJoinPool.runWorker(ForkJoinPool.java:1594)
	at java.base/java.util.concurrent.ForkJoinWorkerThread.run(ForkJoinWorkerThread.java:183)
Caused by: org.eclipse.lsp4j.jsonrpc.JsonRpcException: java.io.IOException: 파이프가 닫히는 중입니다
	at org.eclipse.lsp4j.jsonrpc.json.StreamMessageConsumer.consume(StreamMessageConsumer.java:72)
	at org.eclipse.lsp4e.LanguageServerWrapper.lambda$4(LanguageServerWrapper.java:260)
	at org.eclipse.lsp4j.jsonrpc.RemoteEndpoint.request(RemoteEndpoint.java:161)
	at org.eclipse.lsp4j.jsonrpc.services.EndpointProxy.invoke(EndpointProxy.java:91)
	at com.sun.proxy.$Proxy49.shutdown(Unknown Source)
	at org.eclipse.lsp4e.LanguageServerWrapper.lambda$13(LanguageServerWrapper.java:423)
	... 16 more
Caused by: java.io.IOException: 파이프가 닫히는 중입니다
	at java.base/java.io.FileOutputStream.writeBytes(Native Method)
	at java.base/java.io.FileOutputStream.write(FileOutputStream.java:354)
	at java.base/java.io.BufferedOutputStream.flushBuffer(BufferedOutputStream.java:81)
	at java.base/java.io.BufferedOutputStream.flush(BufferedOutputStream.java:142)
	at org.eclipse.lsp4j.jsonrpc.json.StreamMessageConsumer.consume(StreamMessageConsumer.java:69)
	... 21 more

!ENTRY org.springframework.tooling.ls.eclipse.commons 1 0 2025-06-25 19:08:02.117
!MESSAGE DelegatingStreamConnectionProvider classloader = org.eclipse.osgi.internal.loader.EquinoxClassLoader@500e5b3f[org.springframework.tooling.boot.ls:1.28.0.202109130547(id=1001)]

!ENTRY org.springframework.tooling.ls.eclipse.commons 1 0 2025-06-25 19:08:02.117
!MESSAGE SpringBootLanguageServer exists!

!ENTRY org.springframework.tooling.ls.eclipse.commons 1 0 2025-06-25 19:08:02.118
!MESSAGE SpringBootLanguageServer exists!

!ENTRY org.springframework.tooling.ls.eclipse.commons 1 0 2025-06-25 19:08:02.118
!MESSAGE DelegatingStreamConnectionProvider classloader = org.eclipse.osgi.internal.loader.EquinoxClassLoader@500e5b3f[org.springframework.tooling.boot.ls:1.28.0.202109130547(id=1001)]

!ENTRY org.springframework.tooling.ls.eclipse.commons 1 0 2025-06-25 19:08:02.118
!MESSAGE SpringBootLanguageServer exists!

!ENTRY org.springframework.tooling.ls.eclipse.commons 1 0 2025-06-25 19:08:02.119
!MESSAGE Entering DelegatingStreamConnectionProvider()

!ENTRY org.springframework.tooling.ls.eclipse.commons 1 0 2025-06-25 19:08:02.123
!MESSAGE DelegatingStreamConnectionProvider classloader = org.eclipse.osgi.internal.loader.EquinoxClassLoader@500e5b3f[org.springframework.tooling.boot.ls:1.28.0.202109130547(id=1001)]

!ENTRY org.springframework.tooling.ls.eclipse.commons 1 0 2025-06-25 19:08:02.123
!MESSAGE Entering DelegatingStreamConnectionProvider()

!ENTRY org.springframework.tooling.ls.eclipse.commons 1 0 2025-06-25 19:08:02.123
!MESSAGE SpringBootLanguageServer exists!

!ENTRY org.springframework.tooling.ls.eclipse.commons 1 0 2025-06-25 19:08:02.124
!MESSAGE Entering DelegatingStreamConnectionProvider()

!ENTRY org.springframework.tooling.ls.eclipse.commons 1 0 2025-06-25 19:08:02.124
!MESSAGE DelegatingStreamConnectionProvider classloader = org.eclipse.osgi.internal.loader.EquinoxClassLoader@500e5b3f[org.springframework.tooling.boot.ls:1.28.0.202109130547(id=1001)]

!ENTRY org.springframework.tooling.ls.eclipse.commons 1 0 2025-06-25 19:08:02.124
!MESSAGE SpringBootLanguageServer exists!

!ENTRY org.eclipse.lsp4e 4 0 2025-06-25 19:08:02.125
!MESSAGE org.eclipse.lsp4j.jsonrpc.JsonRpcException: java.io.IOException: 파이프가 닫히는 중입니다
!STACK 0
java.util.concurrent.ExecutionException: org.eclipse.lsp4j.jsonrpc.JsonRpcException: java.io.IOException: 파이프가 닫히는 중입니다
	at java.base/java.util.concurrent.CompletableFuture.reportGet(CompletableFuture.java:395)
	at java.base/java.util.concurrent.CompletableFuture.get(CompletableFuture.java:2028)
	at org.eclipse.lsp4e.LanguageServerWrapper.lambda$13(LanguageServerWrapper.java:425)
	at java.base/java.util.concurrent.CompletableFuture$AsyncRun.run(CompletableFuture.java:1736)
	at java.base/java.util.concurrent.CompletableFuture$AsyncRun.exec(CompletableFuture.java:1728)
	at java.base/java.util.concurrent.ForkJoinTask.doExec(ForkJoinTask.java:290)
	at java.base/java.util.concurrent.ForkJoinPool$WorkQueue.topLevelExec(ForkJoinPool.java:1020)
	at java.base/java.util.concurrent.ForkJoinPool.scan(ForkJoinPool.java:1656)
	at java.base/java.util.concurrent.ForkJoinPool.runWorker(ForkJoinPool.java:1594)
	at java.base/java.util.concurrent.ForkJoinWorkerThread.run(ForkJoinWorkerThread.java:183)
Caused by: org.eclipse.lsp4j.jsonrpc.JsonRpcException: java.io.IOException: 파이프가 닫히는 중입니다
	at org.eclipse.lsp4j.jsonrpc.json.StreamMessageConsumer.consume(StreamMessageConsumer.java:72)
	at org.eclipse.lsp4e.LanguageServerWrapper.lambda$4(LanguageServerWrapper.java:260)
	at org.eclipse.lsp4j.jsonrpc.RemoteEndpoint.request(RemoteEndpoint.java:161)
	at org.eclipse.lsp4j.jsonrpc.services.EndpointProxy.invoke(EndpointProxy.java:91)
	at com.sun.proxy.$Proxy49.shutdown(Unknown Source)
	at org.eclipse.lsp4e.LanguageServerWrapper.lambda$13(LanguageServerWrapper.java:423)
	... 7 more
Caused by: java.io.IOException: 파이프가 닫히는 중입니다
	at java.base/java.io.FileOutputStream.writeBytes(Native Method)
	at java.base/java.io.FileOutputStream.write(FileOutputStream.java:354)
	at java.base/java.io.BufferedOutputStream.flushBuffer(BufferedOutputStream.java:81)
	at java.base/java.io.BufferedOutputStream.flush(BufferedOutputStream.java:142)
	at org.eclipse.lsp4j.jsonrpc.json.StreamMessageConsumer.consume(StreamMessageConsumer.java:69)
	... 12 more

!ENTRY org.springframework.tooling.ls.eclipse.commons 1 0 2025-06-25 19:08:02.125
!MESSAGE SpringBootLanguageServer exists!

!ENTRY org.springframework.tooling.ls.eclipse.commons 1 0 2025-06-25 19:08:02.125
!MESSAGE DelegatingStreamConnectionProvider classloader = org.eclipse.osgi.internal.loader.EquinoxClassLoader@500e5b3f[org.springframework.tooling.boot.ls:1.28.0.202109130547(id=1001)]

!ENTRY org.springframework.tooling.ls.eclipse.commons 1 0 2025-06-25 19:08:02.126
!MESSAGE SpringBootLanguageServer exists!

!ENTRY org.springframework.tooling.ls.eclipse.commons 1 0 2025-06-25 19:08:02.126
!MESSAGE Entering DelegatingStreamConnectionProvider()

!ENTRY org.springframework.tooling.ls.eclipse.commons 1 0 2025-06-25 19:08:02.126
!MESSAGE DelegatingStreamConnectionProvider classloader = org.eclipse.osgi.internal.loader.EquinoxClassLoader@500e5b3f[org.springframework.tooling.boot.ls:1.28.0.202109130547(id=1001)]

!ENTRY org.springframework.tooling.ls.eclipse.commons 1 0 2025-06-25 19:08:02.126
!MESSAGE SpringBootLanguageServer exists!

!ENTRY org.eclipse.lsp4e 4 0 2025-06-25 19:08:02.132
!MESSAGE org.eclipse.lsp4j.jsonrpc.JsonRpcException: java.io.IOException: 파이프가 닫히는 중입니다
!STACK 0
java.util.concurrent.ExecutionException: org.eclipse.lsp4j.jsonrpc.JsonRpcException: java.io.IOException: 파이프가 닫히는 중입니다
	at java.base/java.util.concurrent.CompletableFuture.reportGet(CompletableFuture.java:395)
	at java.base/java.util.concurrent.CompletableFuture.get(CompletableFuture.java:2028)
	at org.eclipse.lsp4e.LanguageServerWrapper.lambda$13(LanguageServerWrapper.java:425)
	at java.base/java.util.concurrent.CompletableFuture$AsyncRun.run(CompletableFuture.java:1736)
	at java.base/java.util.concurrent.CompletableFuture$AsyncRun.exec(CompletableFuture.java:1728)
	at java.base/java.util.concurrent.ForkJoinTask.doExec(ForkJoinTask.java:290)
	at java.base/java.util.concurrent.ForkJoinPool$WorkQueue.topLevelExec(ForkJoinPool.java:1020)
	at java.base/java.util.concurrent.ForkJoinPool.scan(ForkJoinPool.java:1656)
	at java.base/java.util.concurrent.ForkJoinPool.runWorker(ForkJoinPool.java:1594)
	at java.base/java.util.concurrent.ForkJoinWorkerThread.run(ForkJoinWorkerThread.java:183)
Caused by: org.eclipse.lsp4j.jsonrpc.JsonRpcException: java.io.IOException: 파이프가 닫히는 중입니다
	at org.eclipse.lsp4j.jsonrpc.json.StreamMessageConsumer.consume(StreamMessageConsumer.java:72)
	at org.eclipse.lsp4e.LanguageServerWrapper.lambda$4(LanguageServerWrapper.java:260)
	at org.eclipse.lsp4j.jsonrpc.RemoteEndpoint.request(RemoteEndpoint.java:161)
	at org.eclipse.lsp4j.jsonrpc.services.EndpointProxy.invoke(EndpointProxy.java:91)
	at com.sun.proxy.$Proxy49.shutdown(Unknown Source)
	at org.eclipse.lsp4e.LanguageServerWrapper.lambda$13(LanguageServerWrapper.java:423)
	... 7 more
Caused by: java.io.IOException: 파이프가 닫히는 중입니다
	at java.base/java.io.FileOutputStream.writeBytes(Native Method)
	at java.base/java.io.FileOutputStream.write(FileOutputStream.java:354)
	at java.base/java.io.BufferedOutputStream.flushBuffer(BufferedOutputStream.java:81)
	at java.base/java.io.BufferedOutputStream.flush(BufferedOutputStream.java:142)
	at org.eclipse.lsp4j.jsonrpc.json.StreamMessageConsumer.consume(StreamMessageConsumer.java:69)
	... 12 more

!ENTRY org.springframework.tooling.ls.eclipse.commons 1 0 2025-06-25 19:08:02.133
!MESSAGE Entering DelegatingStreamConnectionProvider()

!ENTRY org.springframework.tooling.ls.eclipse.commons 1 0 2025-06-25 19:08:02.133
!MESSAGE DelegatingStreamConnectionProvider classloader = org.eclipse.osgi.internal.loader.EquinoxClassLoader@500e5b3f[org.springframework.tooling.boot.ls:1.28.0.202109130547(id=1001)]

!ENTRY org.springframework.tooling.ls.eclipse.commons 1 0 2025-06-25 19:08:02.134
!MESSAGE SpringBootLanguageServer exists!

!ENTRY org.eclipse.lsp4e 4 0 2025-06-25 19:08:02.135
!MESSAGE org.eclipse.lsp4j.jsonrpc.JsonRpcException: java.io.IOException: 파이프가 닫히는 중입니다
!STACK 0
java.util.concurrent.ExecutionException: org.eclipse.lsp4j.jsonrpc.JsonRpcException: java.io.IOException: 파이프가 닫히는 중입니다
	at java.base/java.util.concurrent.CompletableFuture.reportGet(CompletableFuture.java:395)
	at java.base/java.util.concurrent.CompletableFuture.get(CompletableFuture.java:2028)
	at org.eclipse.lsp4e.LanguageServerWrapper.lambda$13(LanguageServerWrapper.java:425)
	at java.base/java.util.concurrent.CompletableFuture$AsyncRun.run(CompletableFuture.java:1736)
	at java.base/java.util.concurrent.CompletableFuture$AsyncRun.exec(CompletableFuture.java:1728)
	at java.base/java.util.concurrent.ForkJoinTask.doExec(ForkJoinTask.java:290)
	at java.base/java.util.concurrent.ForkJoinPool$WorkQueue.topLevelExec(ForkJoinPool.java:1020)
	at java.base/java.util.concurrent.ForkJoinPool.scan(ForkJoinPool.java:1656)
	at java.base/java.util.concurrent.ForkJoinPool.runWorker(ForkJoinPool.java:1594)
	at java.base/java.util.concurrent.ForkJoinWorkerThread.run(ForkJoinWorkerThread.java:183)
Caused by: org.eclipse.lsp4j.jsonrpc.JsonRpcException: java.io.IOException: 파이프가 닫히는 중입니다
	at org.eclipse.lsp4j.jsonrpc.json.StreamMessageConsumer.consume(StreamMessageConsumer.java:72)
	at org.eclipse.lsp4e.LanguageServerWrapper.lambda$4(LanguageServerWrapper.java:260)
	at org.eclipse.lsp4j.jsonrpc.RemoteEndpoint.request(RemoteEndpoint.java:161)
	at org.eclipse.lsp4j.jsonrpc.services.EndpointProxy.invoke(EndpointProxy.java:91)
	at com.sun.proxy.$Proxy49.shutdown(Unknown Source)
	at org.eclipse.lsp4e.LanguageServerWrapper.lambda$13(LanguageServerWrapper.java:423)
	... 7 more
Caused by: java.io.IOException: 파이프가 닫히는 중입니다
	at java.base/java.io.FileOutputStream.writeBytes(Native Method)
	at java.base/java.io.FileOutputStream.write(FileOutputStream.java:354)
	at java.base/java.io.BufferedOutputStream.flushBuffer(BufferedOutputStream.java:81)
	at java.base/java.io.BufferedOutputStream.flush(BufferedOutputStream.java:142)
	at org.eclipse.lsp4j.jsonrpc.json.StreamMessageConsumer.consume(StreamMessageConsumer.java:69)
	... 12 more

!ENTRY org.springframework.tooling.ls.eclipse.commons 1 0 2025-06-25 19:08:02.136
!MESSAGE Entering DelegatingStreamConnectionProvider()

!ENTRY org.eclipse.lsp4e 4 0 2025-06-25 19:08:02.136
!MESSAGE org.eclipse.lsp4j.jsonrpc.JsonRpcException: java.io.IOException: 파이프가 닫히는 중입니다
!STACK 0
java.util.concurrent.ExecutionException: org.eclipse.lsp4j.jsonrpc.JsonRpcException: java.io.IOException: 파이프가 닫히는 중입니다
	at java.base/java.util.concurrent.CompletableFuture.reportGet(CompletableFuture.java:395)
	at java.base/java.util.concurrent.CompletableFuture.get(CompletableFuture.java:2028)
	at org.eclipse.lsp4e.LanguageServerWrapper.lambda$13(LanguageServerWrapper.java:425)
	at java.base/java.util.concurrent.CompletableFuture$AsyncRun.run(CompletableFuture.java:1736)
	at java.base/java.util.concurrent.CompletableFuture$AsyncRun.exec(CompletableFuture.java:1728)
	at java.base/java.util.concurrent.ForkJoinTask.doExec(ForkJoinTask.java:290)
	at java.base/java.util.concurrent.ForkJoinPool$WorkQueue.topLevelExec(ForkJoinPool.java:1020)
	at java.base/java.util.concurrent.ForkJoinPool.scan(ForkJoinPool.java:1656)
	at java.base/java.util.concurrent.ForkJoinPool.runWorker(ForkJoinPool.java:1594)
	at java.base/java.util.concurrent.ForkJoinWorkerThread.run(ForkJoinWorkerThread.java:183)
Caused by: org.eclipse.lsp4j.jsonrpc.JsonRpcException: java.io.IOException: 파이프가 닫히는 중입니다
	at org.eclipse.lsp4j.jsonrpc.json.StreamMessageConsumer.consume(StreamMessageConsumer.java:72)
	at org.eclipse.lsp4e.LanguageServerWrapper.lambda$4(LanguageServerWrapper.java:260)
	at org.eclipse.lsp4j.jsonrpc.RemoteEndpoint.request(RemoteEndpoint.java:161)
	at org.eclipse.lsp4j.jsonrpc.services.EndpointProxy.invoke(EndpointProxy.java:91)
	at com.sun.proxy.$Proxy49.shutdown(Unknown Source)
	at org.eclipse.lsp4e.LanguageServerWrapper.lambda$13(LanguageServerWrapper.java:423)
	... 7 more
Caused by: java.io.IOException: 파이프가 닫히는 중입니다
	at java.base/java.io.FileOutputStream.writeBytes(Native Method)
	at java.base/java.io.FileOutputStream.write(FileOutputStream.java:354)
	at java.base/java.io.BufferedOutputStream.flushBuffer(BufferedOutputStream.java:81)
	at java.base/java.io.BufferedOutputStream.flush(BufferedOutputStream.java:142)
	at org.eclipse.lsp4j.jsonrpc.json.StreamMessageConsumer.consume(StreamMessageConsumer.java:69)
	... 12 more

!ENTRY org.springframework.tooling.ls.eclipse.commons 1 0 2025-06-25 19:08:02.136
!MESSAGE DelegatingStreamConnectionProvider classloader = org.eclipse.osgi.internal.loader.EquinoxClassLoader@500e5b3f[org.springframework.tooling.boot.ls:1.28.0.202109130547(id=1001)]
